video_id,title,channel,channel_id,duration_s,view_count,query,ceo,ceo_id,ticker,duration_min
vPvnzWoK24Q,From Ghaziabad to Silicon Valley: Nikhil Kamath x Nikesh Arora | People by WTF | Ep. 11,Nikhil Kamath,UCnC8SAZzQiBGYVSKZ_S3y4Q,4933.0,1022756.0,Nikesh Arora interview 2025,Nikesh Arora,arora,PANW,82.2
yco9JP0PyLM,Palo Alto Networks CEO Nikesh Arora on the Virtues of Being an Outsider,Sequoia Capital,UCWrF0oN6unbXrWsTN7RctTw,3879.0,350476.0,Nikesh Arora interview 2026,Nikesh Arora,arora,PANW,64.6
q7sSi9h6nYM,Nikesh Arora | All-In Summit 2024,All-In Podcast,UCESLZhusAkFfsNsApnjF_Cg,2016.0,217759.0,Nikesh Arora interview 2024,Nikesh Arora,arora,PANW,33.6
i__brXrfgVs,He Earns More Than Zuckerberg & Pichai!? | Google to SoftBank | Nikesh Arora X Karishma Mehta,Humans of Bombay,UCsJbtfpVKHM7TRblaE1ucOA,2735.0,125676.0,Nikesh Arora interview 2025,Nikesh Arora,arora,PANW,45.6
dXjXL410jh4,"Nikesh Arora Success Story: 1700 रु लेकर गए थे US, अब कमाई करोड़ों में | Palo Alto | NDTV NRI",NDTV India,UC9CYT9gSNLevX5ey2_6CK0Q,295.0,75495.0,Nikesh Arora interview 2025,Nikesh Arora,arora,PANW,4.9
v4GN1q7HX1Y,Nikesh Arora on the Frontier Model Problem: Breadth vs Depth | The Future of Token Costs,20VC with Harry Stebbings and Palo Alto Networks,,4598.0,71611.0,Nikesh Arora interview 2018,Nikesh Arora,arora,PANW,76.6
CwfbyFTx69E,Nikesh Arora: How to buy a cricket franchise? 💰 | Sky Sports Cricket Podcast,Sky Sports Cricket,UCkd4takjjF1EGD1TKIK2QiA,2638.0,68003.0,Nikesh Arora interview 2025,Nikesh Arora,arora,PANW,44.0
1SExW_Erpz0,Nikesh Arora: On romanticizing the past,INKtalks,UC5bQ6WD_2NLGbfeJYIwAIuA,365.0,60546.0,Nikesh Arora interview 2019,Nikesh Arora,arora,PANW,6.1
_v_ryYwmfM0,"Nikesh Arora: $300B, 40 Acquisitions, Still Paranoid",Sourcery with Molly O'Shea,UCryX1BS5mlkAT7rwwJ45jwA,3550.0,39008.0,Nikesh Arora interview 2026,Nikesh Arora,arora,PANW,59.2
YKaEn1_T6vA,2024 के पहले अरबपति Nikesh Arora की पूरी कहानी | Kharcha Pani Ep 748,The Lallantop,UCx8Z14PpntdaxCt2hakbQLQ,399.0,38152.0,Nikesh Arora interview 2024,Nikesh Arora,arora,PANW,6.6
aeyZQL4v-XA,Palo Alto Networks CEO Nikesh Arora sits down with Jim Cramer,CNBC Television,UCrp_UI8XtuYfpiqluWLD7Lw,587.0,27906.0,Nikesh Arora CNBC 2024,Nikesh Arora,arora,PANW,9.8
Tt0CuFKB18I,"Billings is a broken metric in this market, says Palo Alto Networks' CEO Nikesh Arora",CNBC Television,UCrp_UI8XtuYfpiqluWLD7Lw,581.0,24703.0,Nikesh Arora CNBC 2024,Nikesh Arora,arora,PANW,9.7
WXH5Zg7HAcI,Nikesh Arora - CEO of Palo Alto Networks | Podcast | In Good Company,Norges Bank Investment Management,UCRhQsN8AVIfZuBNeRV1A37w,3003.0,23314.0,Nikesh Arora interview 2025,Nikesh Arora,arora,PANW,50.0
pWTlzwUtzds,Palo Alto Networks CEO Nikesh Arora: We don't see the demand for cybersecurity slowing down,CNBC Television,UCrp_UI8XtuYfpiqluWLD7Lw,222.0,22914.0,Nikesh Arora interview 2023,Nikesh Arora,arora,PANW,3.7
oHTfoAP4Il0,Ignite '19 Keynote - Nikesh Arora,Palo Alto Networks Ignite,UCRlzq7-MheVgZ7Z7eWS0Bjg,2250.0,22214.0,Nikesh Arora interview 2018,Nikesh Arora,arora,PANW,37.5
V62W6cEBXMI,Nikesh Arora: Trends In Technology | Mad Money | CNBC,CNBC,UCvJJ_dzjViJCoLf5uKUTwoA,539.0,22083.0,Nikesh Arora CNBC 2019,Nikesh Arora,arora,PANW,9.0
jc-qgtf46bY,Palo Alto CEO Nikesh Arora goes one-on-one with Jim Cramer,CNBC Television,UCrp_UI8XtuYfpiqluWLD7Lw,556.0,21173.0,Nikesh Arora interview 2025,Nikesh Arora,arora,PANW,9.3
dl2ReZwcd9Y,Palo Alto Networks CEO Nikesh Arora on earnings and growth,CNBC Television,UCrp_UI8XtuYfpiqluWLD7Lw,500.0,19911.0,Nikesh Arora CNBC 2018,Nikesh Arora,arora,PANW,8.3
5jG7iVI08O0,"Grit Podcast - CEO and Chairman of Palo Alto Networks, Nikesh Arora",Kleiner Perkins,UCkNsANayKfsdXFXHpBm8LQg,4861.0,19817.0,Nikesh Arora interview 2021,Nikesh Arora,arora,PANW,81.0
fTCOCTigxwY,Nikesh Arora: Lessons from $102BN Market Cap & How to Create & Sustain Competitive Advantage | E1155,20VC with Harry Stebbings,UCf0PBRjhf0rF8fWBIxTuoWA,3272.0,18894.0,Nikesh Arora interview 2024,Nikesh Arora,arora,PANW,54.5
1JvI4giU7d8,"Nikesh Arora: Values, Vision, and Victory, a CEO's Insights on Navigating Careers and Business",National Football Foundation,UCnFr-pZIWMPJFVrXodclwug,2720.0,18452.0,Nikesh Arora interview 2024,Nikesh Arora,arora,PANW,45.3
MIPmmEncmos,"Keynote by Nikesh Arora, Chief Business Officer, Google Inc., Abu Dhabi Media Summit 2011",Abu Dhabi Media Summit (ADMS),UCtVkJJi9CBkP3RH5XdUSFzg,1852.0,17882.0,Nikesh Arora full interview 2021,Nikesh Arora,arora,PANW,30.9
U2Sz-S1C6QY,Palo Alto Networks CEO Nikesh Arora talks earnings with Jim Cramer,CNBC Television,UCrp_UI8XtuYfpiqluWLD7Lw,553.0,17086.0,Nikesh Arora CNBC 2024,Nikesh Arora,arora,PANW,9.2
L8lu4-KWp2Q,[Nepal] Mr Nikesh - Internship in Singapore,Global Internship,UCzaCcgMJ_EUqGBEOviyIA3Q,278.0,16904.0,Nikesh Arora interview 2024,Nikesh Arora,arora,PANW,4.6
Uo25GgdMAWs,Palo Alto Networks CEO Nikesh Arora goes one-on-one with Jim Cramer,CNBC Television,UCrp_UI8XtuYfpiqluWLD7Lw,539.0,16561.0,Nikesh Arora CNBC 2025,Nikesh Arora,arora,PANW,9.0
yFHFYFvZcvE,No Priors | With Palo Alto Networks CEO & Former Chief Business Officer of Google Nikesh Arora,"No Priors: AI, Machine Learning, Tech, & Startups",UCSI7h9hydQ40K5MJHnCrQvw,3502.0,16152.0,Nikesh Arora interview 2025,Nikesh Arora,arora,PANW,58.4
7BFjOV4sXqc,Palo Alto Networks CEO Nikesh Arora goes one-on-one with Jim Cramer,CNBC Television,UCrp_UI8XtuYfpiqluWLD7Lw,582.0,15476.0,Nikesh Arora interview 2026,Nikesh Arora,arora,PANW,9.7
mxBX7jiYnew,Palo Alto Networks CEO Nikesh Arora goes one-on-one with Jim Cramer,CNBC Television,UCrp_UI8XtuYfpiqluWLD7Lw,573.0,14905.0,Nikesh Arora interview 2025,Nikesh Arora,arora,PANW,9.6
H8gIqqMroQc,Palo Alto Networks CEO Nikesh Arora goes one-on-on with Jim Cramer,CNBC Television,UCrp_UI8XtuYfpiqluWLD7Lw,537.0,13582.0,Nikesh Arora interview 2026,Nikesh Arora,arora,PANW,9.0
TGSJKqDQU50,Palo Alto Networks' CEO Nikesh Arora: Agreement with IBM 'far-reaching',CNBC Television,UCrp_UI8XtuYfpiqluWLD7Lw,297.0,13547.0,Nikesh Arora CNBC 2024,Nikesh Arora,arora,PANW,5.0
_z5acveB6qs,Palo Alto Networks CEO Nikesh Arora talks Q1 results with Jim Cramer,CNBC Television,UCrp_UI8XtuYfpiqluWLD7Lw,550.0,12014.0,Nikesh Arora CNBC 2023,Nikesh Arora,arora,PANW,9.2
aykoBDLhsLQ,"2023 Annual Gala: Nikesh Arora Honored as ""Tech Visionary""",Asia Society,UC3iVde7DUj4hOQgnHbxVuew,590.0,7684.0,Nikesh Arora CNBC 2019,Nikesh Arora,arora,PANW,9.8
iNlYaDQ1oms,विदेशमा बसेर वित्तिय साक्षरता । Financial Literacy । Investmenttalk । Nikesh Khatri,Banking Samachar,UCmh9imtEk1MBRRWt9rXZUrw,2253.0,7225.0,Nikesh Arora full interview 2026,Nikesh Arora,arora,PANW,37.6
RZ3OpJTeXVQ,'India Should Not Be Just A Delivery Market': Nikesh Arora Of Palo Alto Networks | On The Record,CNBC-TV18,UCmRbHAgG2k2vDUvb3xsEunQ,1378.0,7203.0,Nikesh Arora interview 2019,Nikesh Arora,arora,PANW,23.0
Sfbf3qjm-QQ,Palo Alto Networks CEO Nikesh Arora goes one-on-one with Jim Cramer,CNBC Television,UCrp_UI8XtuYfpiqluWLD7Lw,679.0,7130.0,Nikesh Arora interview 2021,Nikesh Arora,arora,PANW,11.3
6vqdXobeTBY,Palo Alto CEO Nikesh Arora sits down one-on-one with Jim Cramer,CNBC Television,UCrp_UI8XtuYfpiqluWLD7Lw,570.0,7114.0,Nikesh Arora interview 2021,Nikesh Arora,arora,PANW,9.5
LOVS04ELjmU,"Nikesh Arora, Palo Alto Networks | Palo Alto Networks Ignite22",SiliconANGLE theCUBE,UCu3Ri8DI1RQLdVtU12uIp1Q,1181.0,5874.0,Nikesh Arora interview 2019,Nikesh Arora,arora,PANW,19.7
tWA1K_VT9t8,"Nikesh Arora,SVP & CBO,Google speaks to BW|Businessworld - Part I",Businessworld,UCvReiJnlX8zwxtiUCTJD7Gw,1075.0,5674.0,Nikesh Arora interview 2023,Nikesh Arora,arora,PANW,17.9
d7auJLd0HS4,Google Chat with Nikesh Arora,Tech Guru Awaaz,UCx1Ab4XTsaqu-cKEqTf_RLQ,1089.0,5510.0,Nikesh Arora interview 2019,Nikesh Arora,arora,PANW,18.2
uMTWPPeuSrY,Student-Alumnus Interview : Mr. Nikesh Arora (ECE'89),IIT BHU Foundation,UC-s5Jn7VlnDLeue0_59CW8A,766.0,4661.0,Nikesh Arora interview 2021,Nikesh Arora,arora,PANW,12.8
13unhClYrDY,"Keynote: Nikesh Arora, President & COO, Softbank Corp.",nasscom deeptech,UCfhu-JPy6N6UQoIIDW8jPSA,1591.0,4528.0,Nikesh Arora interview 2019,Nikesh Arora,arora,PANW,26.5
hs40x7FxwI0,"We are the premium platform with cloud security, says Palo Alto CEO Nikesh Arora",CNBC Television,UCrp_UI8XtuYfpiqluWLD7Lw,504.0,4183.0,Nikesh Arora CNBC 2024,Nikesh Arora,arora,PANW,8.4
mOX3o19QbdI,"The Harsh Reality of Family Businesses in India ft Nimish Arora, Director, Aarone Group",Nexxt In Line with Mohit Goel,UCmyktXUhs3UxYp6pCysTA_Q,3757.0,3943.0,Nikesh Arora full interview 2025,Nikesh Arora,arora,PANW,62.6
3-_aHArRIVk,"We are not seeing the macro impact in cyber security, says Palo Alto Networks CEO, Nikesh Arora",CNBC Television,UCrp_UI8XtuYfpiqluWLD7Lw,230.0,3864.0,Nikesh Arora CNBC 2020,Nikesh Arora,arora,PANW,3.8
C0du5HWKjPE,Palo Alto Networks’ Nikesh Arora with Sam Sabin,Axios,UCfU4-ArXuSX0tpyApyklMAg,1531.0,3850.0,Nikesh Arora interview 2025,Nikesh Arora,arora,PANW,25.5
y5OF-3tHxiI,India Today Conclave: Nikesh Arora Speaks On The World According To Google,India Today Conclave,UCrpEPrZCzOBIpz4XRMEaUAQ,1869.0,3797.0,Nikesh Arora interview 2019,Nikesh Arora,arora,PANW,31.2
J5AXHhRnN4A,I'm Not Too Worried About Al & Job Losses: Palo Alto Networks CEO Nikesh Arora,CNBC-TV18,UCmRbHAgG2k2vDUvb3xsEunQ,1007.0,3768.0,Nikesh Arora interview 2026,Nikesh Arora,arora,PANW,16.8
5OLtPnfR3E0,"MMF 2011: Opening Keynote - ""Worlds Collide"" Nikesh Arora/Google",monacomediaforum,UCa9BtA3bq7QWOHB4tUzPaPQ,1399.0,3321.0,Nikesh Arora CNBC 2021,Nikesh Arora,arora,PANW,23.3
mYgcHAS2A7g,"Indian Genius: How Satya, Chandrika, Nikesh & Deepak Changed the World | Meenakshi x Vida",Pitch Cafe Podcast and Motivational by Vida Patil,UCY49-uo4QdLTJb2CcqQSijw,1340.0,2827.0,Nikesh Arora interview 2025,Nikesh Arora,arora,PANW,22.3
ayxTihKjBXI,Samir Arora Interview (Exclusive) | CNBC-TV18 Market Masters (Part 1) | CNBC TV18,CNBC-TV18,UCmRbHAgG2k2vDUvb3xsEunQ,555.0,2796.0,Nikesh Arora Bloomberg interview 2018,Nikesh Arora,arora,PANW,9.2
CaMrqG-L2T4,"Future of Business (Nikesh Arora, CEO at SoftBank) | DLD12",DLD Conference,UCyJi3YHZPNkZGAYIix4FRLw,730.0,2790.0,Nikesh Arora interview 2019,Nikesh Arora,arora,PANW,12.2
95pSeEgLX2I,Nikesh Arora & Shailesh Rao - Grandkeynote | TiEcon2024,TiE Silicon Valley,UCLeYWqLI7beX1HCSl4ub9Qw,1828.0,2769.0,Nikesh Arora interview 2024,Nikesh Arora,arora,PANW,30.5
K_rdZ2KHlz8,"In Conversation With Nikesh Arora On Digital Adoption, Cyber Security Risks & More | On The Record",CNBC-TV18,UCmRbHAgG2k2vDUvb3xsEunQ,1656.0,2707.0,Nikesh Arora interview 2021,Nikesh Arora,arora,PANW,27.6
MCFhyfoHfS4,"Grand Keynote Conversation with Nikesh Arora, CEO of Palo Alto Networks and others I TiEcon 2021",TiE Silicon Valley,UCLeYWqLI7beX1HCSl4ub9Qw,1692.0,2647.0,Nikesh Arora interview 2018,Nikesh Arora,arora,PANW,28.2
G8QBhUaPKhA,Nikesh Arora Emphasises The Need To Tighten Cyber Security In A Digital World,Business Today,UCaPHWiExfUWaKsUtENLCv5w,1159.0,2583.0,Nikesh Arora interview 2021,Nikesh Arora,arora,PANW,19.3
Zohw1xdh5_w,NightVision Fireside Chat: Palo Alto Networks CEO Nikesh Arora,NightDragon,UCtwVreHe5GTVdfRseQU3Rlw,3081.0,2382.0,Nikesh Arora interview 2021,Nikesh Arora,arora,PANW,51.4
XTNcrW7eHw4,"CEO Hot Seat: Nikesh Arora on Cricket, Kids, and Calling Out Problems",Palo Alto Networks,UC2UPStk47kvhBn8P7Q5BaAg,290.0,1845.0,Nikesh Arora interview 2026,Nikesh Arora,arora,PANW,4.8
2QaPXGDd8ek,ETinterview-Nikesh Arora,ET Now,UCI_mwTKUhicNzFrhm33MzBQ,1503.0,1733.0,Nikesh Arora interview 2026,Nikesh Arora,arora,PANW,25.0
Iq_C_DTqLiM,DLD10 - Spotlight (Nikesh Arora),DLD Conference,UCyJi3YHZPNkZGAYIix4FRLw,2068.0,1715.0,Nikesh Arora interview 2019,Nikesh Arora,arora,PANW,34.5
_lX-8xjOtE4,Nikesh Arora - India Today Conclave 2010 - Part1,India Today Conclave,UCrpEPrZCzOBIpz4XRMEaUAQ,883.0,1687.0,Nikesh Arora interview 2019,Nikesh Arora,arora,PANW,14.7
dFXRYbUnYUc,What are you Going to do Differently? | Google SVP Nikesh Arora | Google Zeitgeist,Google Zeitgeist,UC522meTsOjFWjSdLLrEMMBA,254.0,1563.0,Nikesh Arora interview 2019,Nikesh Arora,arora,PANW,4.2
2BXGxTiaEIU,"exclusive interview with Nikhil Arora, MD GoDaddy, India | Top News Networks",TNN WORLD,UC3D4SmVrLNeLuhRzxhYyqQA,805.0,1459.0,Nikesh Arora interview 2018,Nikesh Arora,arora,PANW,13.4
j_96Xh1p6w4,"Palo Alto Networks' Nikesh Arora On Cyber Security Risks, Indian Startups Space & More | Davos 2023",CNBC-TV18,UCmRbHAgG2k2vDUvb3xsEunQ,726.0,1405.0,Nikesh Arora CNBC 2019,Nikesh Arora,arora,PANW,12.1
lPxK7WIp86I,J Chandpur Nikesh Arora dil se nikal Denge Amber Surat Bhojpuri song video HD,raj music series,UCwoTncI3ihWK0cK54196OdQ,231.0,1366.0,Nikesh Arora interview 2024,Nikesh Arora,arora,PANW,3.8
7-xGAjdjnb0,CSTSE 8: Nikesh Arora (PaloAlto Networks),Cyber Security Cluster Bonn,UCQe-bTTF4Xc8gIzON19nvAQ,1106.0,1339.0,Nikesh Arora interview 2019,Nikesh Arora,arora,PANW,18.4
9uspXLIXJIo,Palo Alto Network's Nikesh Arora Shares What's The Mood Like In Davos | Davos 2022 | CNBC-TV18,CNBC-TV18,UCmRbHAgG2k2vDUvb3xsEunQ,691.0,1281.0,Nikesh Arora interview 2021,Nikesh Arora,arora,PANW,11.5
TmjgPFlHMDk,"Nikesh Arora, Google @ AdAsia2011",exchange4media Group,UC13NIM-ePLUiKf37-ZhVMkw,423.0,1066.0,Nikesh Arora interview 2020,Nikesh Arora,arora,PANW,7.0
OAxybghJOO4,Indian Start-ups Have Global Ambitions Of Serving Global Markets Says Nikesh Arora At IEC 2022,ET Now,UCI_mwTKUhicNzFrhm33MzBQ,926.0,997.0,Nikesh Arora interview 2022,Nikesh Arora,arora,PANW,15.4
lSZ1QbsrtXw,Nikesh Arora Of Palo Alto Networks Talks About Need For Cyber Security | Davos 2023 | CNBC-TV18,CNBC-TV18,UCmRbHAgG2k2vDUvb3xsEunQ,636.0,945.0,Nikesh Arora interview 2023,Nikesh Arora,arora,PANW,10.6
ecU4iD2PQCU,Nikesh Arora,LaChaineHavas,UCDKHTqDtgXAJgKGIpmokE9Q,1548.0,911.0,Nikesh Arora interview 2021,Nikesh Arora,arora,PANW,25.8
ihcwz1ads1U,Arora Says Google `Constantly Taking Bets' on Products,Bloomberg Originals,UCUMZ7gohGI9HcU9VNsr2FJQ,656.0,886.0,Nikesh Arora CNBC 2019,Nikesh Arora,arora,PANW,10.9
G8E8hcppGU8,"Nikesh Arora on CNBC Awaaz - 28th November, 2012 - Part I",Avantika Asthana,UCB2WM0ZE-WECWL-OxkVebJQ,552.0,872.0,Nikesh Arora interview 2019,Nikesh Arora,arora,PANW,9.2
tZ_sqfubzp0,"Exclusive interview Nikesh Arora,SVP & CBO,Google to BW|Businessworld- Part II",Businessworld,UCvReiJnlX8zwxtiUCTJD7Gw,675.0,815.0,Nikesh Arora interview 2019,Nikesh Arora,arora,PANW,11.2
1cm_FifoRVI,"Nikesh Arora EXCLUSIVE On Digital Adoption, Cyber Security Risks, Rising Interest Rates & More",CNBC-TV18,UCmRbHAgG2k2vDUvb3xsEunQ,796.0,811.0,Nikesh Arora CNBC 2022,Nikesh Arora,arora,PANW,13.3
-dO-4KlCYhE,One on One with Nikesh Shukla,TRT World,UC7fWeaHhqgM4Ry-RMpM2YYw,1573.0,801.0,Nikesh Arora interview 2018,Nikesh Arora,arora,PANW,26.2
HSrUSTiKqLw,Market News Updates; Nikesh Arora EXCLUSIVE On Digital Adoption & Much More | India Business Hour,CNBC-TV18,UCmRbHAgG2k2vDUvb3xsEunQ,1367.0,737.0,Nikesh Arora interview 2022,Nikesh Arora,arora,PANW,22.8
t0a1N_z_7wI,Davos Direct With Shaili Chopra - Interview With Nikesh Arora of Google.flv,TheDavosdirect,UCNJdprjUxt6055TFXVKYwnA,910.0,643.0,Nikesh Arora interview 2020,Nikesh Arora,arora,PANW,15.2
G5E1tcpdunw,CNBC TV18 StoryBoard- Nikesh Arora- Google,2020mediateam,UCUydUQr8drxsXRJ18942ThQ,1347.0,639.0,Nikesh Arora full interview 2020,Nikesh Arora,arora,PANW,22.4
opRn3nZjPPE,Google's Nikesh Arora Part 1 Video Reuters,NCTV7,UCeweSaR5eG5pjD7XaOxZI0w,389.0,620.0,Nikesh Arora interview 2019,Nikesh Arora,arora,PANW,6.5
9gL6aMMqo5o,"CEO of Palo Alto & Chief Guest of 102 nd Convocation ( BHU)Nikesh Arora , Medal & Degree Distribute",Knowledgebeem Gyan,UCDtOIwUKFYYpPHToQXdK5_w,1428.0,562.0,Nikesh Arora interview 2020,Nikesh Arora,arora,PANW,23.8
uWJe87rwj7w,Nikhil Arora speaking at Super Angels - Part 1,Intuit Global,UCOHO8nhBigZto8eyTMLm8AQ,521.0,504.0,Nikesh Arora interview 2024,Nikesh Arora,arora,PANW,8.7
b3inK20gzb0,'Ransomware As A Service Is Now A Phrase' Says Nikesh Arora Of Palo Alto Networks | On The Record,CNBC-TV18,UCmRbHAgG2k2vDUvb3xsEunQ,591.0,496.0,Nikesh Arora interview 2021,Nikesh Arora,arora,PANW,9.8
4-MeciIP6ns,Palo Alto Networks CEO Nikesh Arora Talks Latest Acquisition | Bloomberg Talks,Bloomberg Podcasts,UChF5O40UBqAc82I7-i5ig6A,477.0,381.0,Nikesh Arora interview 2025,Nikesh Arora,arora,PANW,8.0
7qiXzJqmjQw,Nikesh Arora Talks About Digital Adoption And Road Ahead | On The Record | CNBC-TV18,CNBC-TV18,UCmRbHAgG2k2vDUvb3xsEunQ,796.0,343.0,Nikesh Arora interview 2021,Nikesh Arora,arora,PANW,13.3
Ipo9KAN909E,Nikesh Arora से जानिए देश में Start-up के लिए कितने बढ़े मौके? | IEC | Hindi News,Times Now Navbharat,UCMk9Tdc-d1BIcAFaSppiVkw,265.0,342.0,Nikesh Arora interview 2018,Nikesh Arora,arora,PANW,4.4
obXrSoLOD-k,"Leadership for Change with John Chambers, Nikesh Arora and Saket Modi - Recap",AkshayaPatraUSA,UCHOFiDsli8XOIGsGokTcCaw,4829.0,300.0,Nikesh Arora CNBC 2020,Nikesh Arora,arora,PANW,80.5
vHDz6VLgRUU,Nikesh Arora - India Today Conclave 2010 - Part3,India Today Conclave,UCrpEPrZCzOBIpz4XRMEaUAQ,874.0,294.0,Nikesh Arora interview 2018,Nikesh Arora,arora,PANW,14.6
6_-DPm2yjrE,IIT (BHU) Varanasi Alumni Interview - Nikesh Arora (ECE '89),IIT BHU Foundation,UCYKCDub9FE_QoWVuuOgy9Cg,766.0,277.0,Nikesh Arora interview 2024,Nikesh Arora,arora,PANW,12.8
GCmkcYSklB4,Nikesh Arora ఒక్కరోజు జీతం ఎంతో తెలుసా! |Do You Know  Nikesh Arora's Salary,JV Computers and Technical Educational Society,UCWjeQ9yFSpdVWdAgEf24LfQ,266.0,221.0,Nikesh Arora interview 2018,Nikesh Arora,arora,PANW,4.4
9viCTD_4baQ,"Nikesh Arora, SVP & Chief Business Officer, Google, talks to CNBC (Storyboard).mpg",2020mediateam,UCUydUQr8drxsXRJ18942ThQ,1347.0,176.0,Nikesh Arora interview 2018,Nikesh Arora,arora,PANW,22.4
U7h1h84kl1s,History Of Nikesh Arora,Dark Side Of History,UCbm7Sfov3-VbMY1Vkgqmbew,308.0,144.0,Nikesh Arora interview 2022,Nikesh Arora,arora,PANW,5.1
iaMhuJ6kxT4,"RSA Conference -  Nikesh Arora, Palo Alto Networks and Jayshree Ullal, Arista Networks,,  3 6 2019",French American TV,UCNG3eQbGb467G_prVwgcVZw,1330.0,105.0,Nikesh Arora interview 2018,Nikesh Arora,arora,PANW,22.2
-we2rcktS2A,Sadhguru Interview with Nikhil Arora GoDaddy,Jaggi Vasudev - The Sadhguru,UCiOzB0DSR_VGg4ydeO5_9wA,224.0,102.0,Nikesh Arora interview 2018,Nikesh Arora,arora,PANW,3.7
1XqiBjdLHbk,Nikesh Arora कौन हैं? कभी बर्गर बेचने वाले निकेश कैसे बने साल के पहले बिलेनियर,JBT Rajasthan,UCwtDFT1Qvcu2OSqiv23EP0w,230.0,102.0,Nikesh Arora interview 2024,Nikesh Arora,arora,PANW,3.8
4H5zSe-QtY0,Nikesh Arora | Scaling & Transforming Organizations | INFOCOM 2022,INFOCOM Connect,UCFAjqeY6cfRpUjgRf4hD4vw,1427.0,101.0,Nikesh Arora CNBC 2022,Nikesh Arora,arora,PANW,23.8
p5ghcLkgKqo,Why Nikesh Arora Is the Highest-Paid CEO You’ve Never Heard Of,That Finance ,UCfa_yijMYCW4xJa6eGGm6IA,787.0,95.0,Nikesh Arora CNBC 2018,Nikesh Arora,arora,PANW,13.1
jG3oIcsM0rM,Palo Alto Networks' PANW CEO Nikesh Arora on Q1 2021 Results,Daily Earnings Calls,UC2KSj189drlAWDWYiI8E2GA,4520.0,81.0,Nikesh Arora interview 2020,Nikesh Arora,arora,PANW,75.3
cYPMZE1pcBo,2 April 2009   Business officer Google (Global Expansion)@Nikesh Arora,Nikesh Arora,UC2MG7Sg3VfHQtQuh8FT_3NQ,1282.0,61.0,Nikesh Arora full interview 2022,Nikesh Arora,arora,PANW,21.4
Zk5WWDU-T1k,Nikesh Aroa  NDTV complete interview,2020mediateam,UCUydUQr8drxsXRJ18942ThQ,1196.0,51.0,Nikesh Arora interview 2020,Nikesh Arora,arora,PANW,19.9
YMtwPv8KSEA,'How to take challenges' learn from the life of NIKESH ARORA,Voice of Inspiring,UCwf7u7g4d0Zu7zkrv5AaquQ,363.0,34.0,Nikesh Arora interview 2021,Nikesh Arora,arora,PANW,6.0
YsPDHgU3D2M,Who Is Nikesh Arora? The Billionaire CEO Leading Palo Alto Networks | Faisal Ansari | FS Interviews,FS Interviews,UCNeJg4BmY210tGuoGg5L7Yg,600.0,27.0,Nikesh Arora interview 2025,Nikesh Arora,arora,PANW,10.0
ccIwFkRve-4,CEO Palo Alto Networks Mr Nikesh Arora on Cyber security 2022,Domnic Spring,UCr8cEdp9GXpQcFDQt8mSgmA,303.0,24.0,Nikesh Arora interview 2021,Nikesh Arora,arora,PANW,5.0
dRDinmJ1W-o,"Paramount Syntex Ltd | Management Interaction with Mr. Punit Arora, CMD | Aim Alpha Investing",Aim Alpha Investing,UCbIWV8LxhclR_7fRn_ZXtVg,2722.0,10.0,Nikesh Arora interview 2026,Nikesh Arora,arora,PANW,45.4
SP08wihsJkY,Moderna CEO Bancel: Future Covid vaccine booster will likely target omicron variant,CNBC Television,UCrp_UI8XtuYfpiqluWLD7Lw,180.0,210463.0,Stephane Bancel CNBC 2020,Stephane Bancel,bancel,MRNA,3.0
RsgYEUQpQEo,Moderna CEO Stephane Bancel on executive stock sales,CNBC Television,UCrp_UI8XtuYfpiqluWLD7Lw,313.0,27861.0,Stephane Bancel full interview 2018,Stephane Bancel,bancel,MRNA,5.2
kcg4IjxlKLk,Vaccin contre la COVID-19 : entrevue avec Stéphane Bancel,Radio-Canada Info,UClxaaAzHu1B5EoTtBYea7ig,630.0,26124.0,Stephane Bancel interview 2019,Stephane Bancel,bancel,MRNA,10.5
BwdpElhTmV4,Transforming Medicine | Stéphane Bancel | TEDxBeaconStreet,TEDx Talks,UCsT0YIqwnpJCM-mx7-gSA4Q,1005.0,20245.0,Stephane Bancel interview 2018,Stephane Bancel,bancel,MRNA,16.8
iS-HhepWt1I,Moderna CEO Stephane Bancel on the Race for a Covid-19 Vaccine,David Rubenstein,UCqsN9MYiu1mKSAsYoF6ppTg,1843.0,13293.0,Stephane Bancel interview 2020,Stephane Bancel,bancel,MRNA,30.7
OZaWVSS0JCQ,Moderna CEO Stéphane Bancel on promising new data for mRNA cancer vaccine,CNBC Television,UCrp_UI8XtuYfpiqluWLD7Lw,277.0,6950.0,Stephane Bancel CNBC 2022,Stephane Bancel,bancel,MRNA,4.6
T8rRVWRMnvM,Stéphane Bancel à CentraleSupélec,Symposium CentraleSupélec,UCmNjthczNSMEnqSCdz3Vdaw,5592.0,6902.0,Stephane Bancel interview 2020,Stephane Bancel,bancel,MRNA,93.2
wBzpxBd2me0,Moderna CEO Stéphane Bancel: We're likely moving into an endemic setting,CNBC Television,UCrp_UI8XtuYfpiqluWLD7Lw,221.0,6854.0,Stephane Bancel CNBC 2020,Stephane Bancel,bancel,MRNA,3.7
Bq_rXiFLK70,Moderna CEO Stephane Bancel on Q3 results,CNBC Television,UCrp_UI8XtuYfpiqluWLD7Lw,483.0,6013.0,Stephane Bancel CNBC 2020,Stephane Bancel,bancel,MRNA,8.0
1jrWjNEJiTA,"Moderna CEO Stéphane Bancel on surprise Q1 profit, post-Covid future",CNBC Television,UCrp_UI8XtuYfpiqluWLD7Lw,401.0,5795.0,Stephane Bancel CNBC 2020,Stephane Bancel,bancel,MRNA,6.7
8oVRYQe2bX8,Moderna CEO Stephane Bancel on melanoma treatment development: A big day for patients,CNBC Television,UCrp_UI8XtuYfpiqluWLD7Lw,378.0,4275.0,Stephane Bancel CNBC 2023,Stephane Bancel,bancel,MRNA,6.3
-P53wVGfvjw,Harvard i-lab | The Other Side Speaker Series w/ Stéphane Bancel,Harvard Innovation Labs,UCm_WkN0wg49-eG4SymAQ_4g,4180.0,4098.0,Stephane Bancel interview 2020,Stephane Bancel,bancel,MRNA,69.7
o_7XvBOkX8o,"Moderna CEO Stephane Bancel on Q2 results, slashing its full-year sales guidance",CNBC Television,UCrp_UI8XtuYfpiqluWLD7Lw,327.0,3933.0,Stephane Bancel CNBC 2024,Stephane Bancel,bancel,MRNA,5.4
cxnl0wXbiEQ,Moderna CEO Stephane Bancel on Q4 results: There is so much more to Moderna than Covid,CNBC Television,UCrp_UI8XtuYfpiqluWLD7Lw,488.0,3846.0,Stephane Bancel full interview 2018,Stephane Bancel,bancel,MRNA,8.1
EYR5wE0q06s,Moderna CEO Stéphane Bancel: Omicron and mRNA Tech,Morgan Stanley,UCz6RzD6KG_hH_oHb2kyW5jQ,895.0,3728.0,Stephane Bancel interview 2021,Stephane Bancel,bancel,MRNA,14.9
A2TqddTc-2A,Interview with Stéphane Bancel: French CEO of Moderna,L'info du vrai - CANAL+,UCpTJXVFYh-r3cSxeQhF7nzg,221.0,3496.0,Stephane Bancel full interview 2018,Stephane Bancel,bancel,MRNA,3.7
7wut3jRNZrA,Stéphane Bancel de ModeRNA ment devant le Sénat en affirmant que ses enfants sont vaccinés 4 fois,WhataBeautifulWorld Youtube Channel,UC2CiAQw-MS0pZcept0Q152g,318.0,3436.0,Stephane Bancel interview 2023,Stephane Bancel,bancel,MRNA,5.3
lOTqmlqsKd4,CEO Chat with Stéphane Bancel @ Flagship Studio,Moderna,UChCzhLMQnwF1w-_J8q1IpPA,940.0,3131.0,Stephane Bancel interview 2019,Stephane Bancel,bancel,MRNA,15.7
pSYT6pFdmVU,"Moderna CEO Stephane Bancel talks business, vaccine demand, and medical advances",Yahoo Finance,UCEAZeUIeJs0IjQiqTCdVSIg,912.0,3103.0,Stephane Bancel full interview 2018,Stephane Bancel,bancel,MRNA,15.2
e70gBOMfOuI,"2025 CEO Chat: Stéphane Bancel, CEO of Moderna",Flagship Pioneering,UCGOA1xxUVveThgHuOdUoPjQ,459.0,3087.0,Stephane Bancel interview 2019,Stephane Bancel,bancel,MRNA,7.6
uNWogEfflW8,Moderna CEO Stephane Bancel on earnings: We expect second half of 2022 to be stronger,CNBC Television,UCrp_UI8XtuYfpiqluWLD7Lw,255.0,2894.0,Stephane Bancel CNBC 2020,Stephane Bancel,bancel,MRNA,4.2
ZPR_ksxiXag,Moderna CEO Stéphane Bancel In Conversation With Newsweek CEO Dev Pragad,Newsweek,UC2a35q7eyzkfoIusBzdH4Hw,2326.0,2549.0,Stephane Bancel interview 2021,Stephane Bancel,bancel,MRNA,38.8
4qvz5dD88Fg,Moderna CEO Stephane Bancel on Q1 results: The vaccine platform is coming together very nicely,CNBC Television,UCrp_UI8XtuYfpiqluWLD7Lw,291.0,2360.0,Stephane Bancel CNBC 2024,Stephane Bancel,bancel,MRNA,4.8
XOejSKDKvbY,Moderna CEO Stéphane Bancel Is Interviewed by SandboxAQ CEOJack Hidary at #FII8,FII Institute,UCXEQ3MCLUTyUv_Hk_XLyC6g,937.0,2234.0,Stephane Bancel interview 2024,Stephane Bancel,bancel,MRNA,15.6
jARHx3xXU1E,Stéphane Bancel (Moderna) : Comment le groupe Moderna a préparé l'après Covid,BFM Business,UCUsBMOIUl_ad6JUOC16DpmQ,713.0,2090.0,Stephane Bancel interview 2019,Stephane Bancel,bancel,MRNA,11.9
r697fAwdHzM,"2026 CEO Chat: Stéphane Bancel, CEO of Moderna",Flagship Pioneering,UCGOA1xxUVveThgHuOdUoPjQ,804.0,1924.0,Stephane Bancel full interview 2018,Stephane Bancel,bancel,MRNA,13.4
Uw3nntS2wG8,"Discussion between Stéphane Bancel, CEO of Moderna & Yves Mirabaud, our Senior Managing Partner",Mirabaud Group,UCXpIOLenvoRyd11FT47d00g,2477.0,1892.0,Stephane Bancel interview 2021,Stephane Bancel,bancel,MRNA,41.3
TCMRz3Q9RMI,"Davos 2026 LIVE | In Conversation With Stephane Bancel, Chief Executive Officer Moderna",CNBC-TV18,UCmRbHAgG2k2vDUvb3xsEunQ,790.0,1218.0,Stephane Bancel interview 2026,Stephane Bancel,bancel,MRNA,13.2
JZZW1nuQj2Q,Stéphane Bancel on Moderna's growth into Asia,biopharmachannel,UCTDIfyrshGEcODL-mkAE4GQ,257.0,1143.0,Stephane Bancel interview 2020,Stephane Bancel,bancel,MRNA,4.3
v09IajzVPG0,"BC CEO Club: Stéphane Bancel, CEO of Moderna",Boston College Chief Executives Club,UCbcZ5thSZxQeVpnbUZU9aDw,2623.0,1140.0,Stephane Bancel interview 2021,Stephane Bancel,bancel,MRNA,43.7
QRpSn-UIiPo,"Reimagine Venture with Stéphane Bancel, CEO of Moderna and Jason Kelly, CEO of Ginkgo Bioworks.",MassChallenge,UCxZxvh2qXa8ty7Sy_aPSjbw,1446.0,927.0,Stephane Bancel full interview 2021,Stephane Bancel,bancel,MRNA,24.1
i6pEfWk4qfE,"2023 Flagship CEO Chat: Stéphane Bancel, CEO of Moderna",Flagship Pioneering,UCGOA1xxUVveThgHuOdUoPjQ,1016.0,886.0,Stephane Bancel CNBC 2022,Stephane Bancel,bancel,MRNA,16.9
LN2JqGQ-WTQ,Interview Stéphane BANCEL - Méditerranée du Futur Acte 4,Région Sud - Provence-Alpes-Côte d'Azur,UCkbYM6Y9heBMtJanycBF3Fw,469.0,876.0,Stephane Bancel interview 2019,Stephane Bancel,bancel,MRNA,7.8
Nk6i_5GJEk4,"General Session: Marc N. Casper, Stéphane Bancel and Mike Pellini, MD",HLTH,UCWYFTZKIwL9QJmHyORBooLg,2018.0,835.0,Stephane Bancel CNBC 2021,Stephane Bancel,bancel,MRNA,33.6
hyGeM2wXxAA,"Bioterrorism: ""It’s actually worrying!"" (Stéphane Bancel, CEO of Moderna)",BFM Business,UCUsBMOIUl_ad6JUOC16DpmQ,681.0,703.0,Stephane Bancel interview 2026,Stephane Bancel,bancel,MRNA,11.4
ESi9Yq4XniE,Comprehensive Public Health Initiative I Stéphane Bancel I Albion College #BritonBound #FutureBrits,Albion College,UCu8aj0PrKqBRxqvhjTLaSkg,3620.0,618.0,Stephane Bancel interview 2020,Stephane Bancel,bancel,MRNA,60.3
YmwdH3PDuI4,"What are Money-Magnet Moderna’s future plans? Stéphane Bancel,  CEO - 2015",Labiotech.eu,UCLOWmW12tA2dYsPLgdQvtqg,302.0,581.0,Stephane Bancel full interview 2022,Stephane Bancel,bancel,MRNA,5.0
sWVSigN1hns,"Stéphane BANCEL, CEO de Moderna sur le Bang à BIG 2024",Bpifrance,UCZ1adoWtdSQGI79Uq9zaGzQ,451.0,552.0,Stephane Bancel interview 2024,Stephane Bancel,bancel,MRNA,7.5
wLjdoOx3vTA,The Unlikeliest Household Name with Moderna CEO Stéphane Bancel at D50X Summit,CNBC Events,UCqwreS1wKG2l_K2ESOtIlyA,1192.0,494.0,Stephane Bancel full interview 2018,Stephane Bancel,bancel,MRNA,19.9
N5GHneXwJ10,Stéphane Bancel: The 5% Bet That Built Moderna,Positive Leadership - Jean-Philippe Courtois,UCUMDoaHf9ZyghtQAE2x9lYQ,5197.0,446.0,Stephane Bancel full interview 2018,Stephane Bancel,bancel,MRNA,86.6
yBmhQJFrur4,"2024 WMIF | Fireside Chat - Daniel Kuritzkes, Alec Stranahan, Stephane Bancel",World Medical Innovation Forum,UCauKpbsS_hUqQaPp8EVGYOg,1579.0,369.0,Stephane Bancel interview 2024,Stephane Bancel,bancel,MRNA,26.3
xPYLQyeswig,Moderna CEO Stephane Bancel Live,Digital Health New York ,UCYHvl0wa5FLk5ni-kwC7qSQ,3407.0,366.0,Stephane Bancel interview 2021,Stephane Bancel,bancel,MRNA,56.8
y0G5Q0Et1CU,"Digital Medicine: The Human Factor - Guest: Stéphane Bancel, CEO, Moderna",VMware CIO Exchange,UCJcjgUHRL_v5VtPl8v7iwUg,1443.0,362.0,Stephane Bancel full interview 2022,Stephane Bancel,bancel,MRNA,24.0
KKYZB3TKqfg,en direct avec Stéphane BANCEL - Développez votre leadership avec l’IA,Salime NASSUR,UCudZq02q4Q86EvGIMe_Zlyg,739.0,326.0,Stephane Bancel interview 2025,Stephane Bancel,bancel,MRNA,12.3
9eRY9KR3CHY,#SecretsSelfmadeBillionaire 0759 Stephane Bancel & Noubar Afeyan Coronavirus Vaccine Gold Rush Billi,#SecretsSelfmadeBillionaires by Paul Chan,UCBp9SM5icJ40sD9ovecI4Pw,284.0,271.0,Stephane Bancel interview 2018,Stephane Bancel,bancel,MRNA,4.7
LfjbLU9r0CQ,L'invité de la rédaction - Nicolas Bancel,RTS - Radio Télévision Suisse,UCQyyY2Izw8hin7c8T5YY4sg,824.0,268.0,Stephane Bancel interview 2018,Stephane Bancel,bancel,MRNA,13.7
0uhgYJwFbfk,Interview with Stéphane Bancel,Science History Institute,UCD8wjZhzeodnYJPprvs6u7w,2492.0,241.0,Stephane Bancel interview 2019,Stephane Bancel,bancel,MRNA,41.5
XNxK_JtQqgo,"Stéphane Bancel - CEO de Moderna, CentraleSupélec",Slaynn,UCX6xG1hfOt67_94CaavGh-w,5592.0,228.0,Stephane Bancel interview 2019,Stephane Bancel,bancel,MRNA,93.2
NLktSvjmTFc,Moderna CEO Stephane Bancel Talks Skin Cancer | Bloomberg Talks,Bloomberg Podcasts,UChF5O40UBqAc82I7-i5ig6A,464.0,204.0,Stephane Bancel interview 2023,Stephane Bancel,bancel,MRNA,7.7
sLAeuMlkYi8,#UniteToPrevent - Stéphane Bancel,The Cura Foundation,UCpa4yask8kbRckK4i9LDzCg,345.0,189.0,Stephane Bancel interview 2021,Stephane Bancel,bancel,MRNA,5.8
gAqn9iJ6V54,"Stéphane Bancel, PDG de Moderna",RADIO RCJ,UCuYN15i2J_gETGamUAjEIWA,3511.0,111.0,Stephane Bancel interview 2024,Stephane Bancel,bancel,MRNA,58.5
o1UHz7JZJ6U,Moderna Inc CEO Stephane Bancel Talks Costs | Bloomberg Talks,Bloomberg Podcasts,UChF5O40UBqAc82I7-i5ig6A,474.0,110.0,Stephane Bancel interview 2023,Stephane Bancel,bancel,MRNA,7.9
93A6wqALFWg,"Moderna CEO: Stephane Bancel, At The WEF (2023), In Davos: ""There's Going To Be A Pandemic.""",What Is Truth?,UC2JSZzHgQuPIp7jHOSdiQeA,212.0,88.0,Stephane Bancel interview 2023,Stephane Bancel,bancel,MRNA,3.5
qERSzwwC1nU,Moderna CEO Stephane Bancel Talks Fourth Quarter Results | Bloomberg Talks,Bloomberg Podcasts,UChF5O40UBqAc82I7-i5ig6A,320.0,83.0,Stephane Bancel interview 2024,Stephane Bancel,bancel,MRNA,5.3
LZY-Ayp9FWo,Delta's Ed Bastian: 'We never veered from the end game',Boston Consulting Group,UCTMsx_6gWKCjlceyb5rBLnA,536.0,527563.0,Ed Bastian interview 2025,Ed Bastian,bastian,DAL,8.9
ywyBkewwcP0,Delta Air Lines CEO Ed Bastian: Q3 results represent about 60% of overall industry profits,CNBC Television,UCrp_UI8XtuYfpiqluWLD7Lw,422.0,142022.0,Ed Bastian interview 2024,Ed Bastian,bastian,DAL,7.0
mHhvIZvLeC4,Delta Air Lines CEO Ed Bastian: We're acting as if we're going into a recession,CNBC Television,UCrp_UI8XtuYfpiqluWLD7Lw,304.0,102458.0,Ed Bastian CNBC 2025,Ed Bastian,bastian,DAL,5.1
1ZwrFuEobyw,One-on-one with Ed Bastian: Taking Delta into the future as airline celebrates 100 years,WSB-TV,UCPsSnSR7ymSE8on3wafNbqg,232.0,63966.0,Ed Bastian interview 2025,Ed Bastian,bastian,DAL,3.9
AZZ37Elujic,Ed Bastian (Delta CEO) on Leading When 95% of Revenue Vanished,Corporate Competitor Podcast,UCxxowZQspoe1OpMFyIP0i5A,3240.0,49296.0,Ed Bastian interview 2026,Ed Bastian,bastian,DAL,54.0
ihW-XSO6pqc,"Ed Bastian, Chief Executive Officer, Delta Air Lines","The Economic Club of Washington, D.C.",UCMxg9TQdOZSu21CHffziZlw,2997.0,45377.0,Ed Bastian interview 2019,Ed Bastian,bastian,DAL,50.0
YFL9DjJ_HBY,"Delta Air Lines CEO Ed Bastian on Q3 results, travel demand and SkyMiles backlash",CNBC Television,UCrp_UI8XtuYfpiqluWLD7Lw,360.0,43578.0,Ed Bastian CNBC 2023,Ed Bastian,bastian,DAL,6.0
OqqUxvgxIAc,"Delta Air Lines CEO Ed Bastian on state of travel, rising jet fuel costs and TSA staffing shortage",CNBC Television,UCrp_UI8XtuYfpiqluWLD7Lw,397.0,37880.0,Ed Bastian interview 2026,Ed Bastian,bastian,DAL,6.6
JH4VUGv6yzg,Delta CEO Ed Bastian on The David Rubenstein Show,David Rubenstein,UCqsN9MYiu1mKSAsYoF6ppTg,1446.0,35947.0,Ed Bastian interview 2019,Ed Bastian,bastian,DAL,24.1
CV8V6oqP4pw,"CES 2025 Keynote with CEO of Delta, Ed Bastian",CES,UCF1li8L8kClsAZd3r7zK7ZQ,5048.0,27138.0,Ed Bastian interview 2024,Ed Bastian,bastian,DAL,84.1
Rzaq_WUiAi8,Delta CEO  Ed Bastian on Boeing vs.Airbus,Yahoo Finance,UCEAZeUIeJs0IjQiqTCdVSIg,230.0,22184.0,Ed Bastian interview 2020,Ed Bastian,bastian,DAL,3.8
q8EetswPR6g,"Delta Air Lines CEO Ed Bastian on Q4 earnings beat, 2024 outlook",CNBC Television,UCrp_UI8XtuYfpiqluWLD7Lw,287.0,18698.0,Ed Bastian CNBC 2024,Ed Bastian,bastian,DAL,4.8
pa5wer0KKY4,Delta CEO Ed Bastian 1: I dont' know what accountable executive means,"Seham, Seham, Meltz & Petersen, LLP",UCESZC_BbK3N66z5rz7Cd0Dg,6792.0,16812.0,Ed Bastian interview 2018,Ed Bastian,bastian,DAL,113.2
Efa6O3BKnHA,Delta Air Lines CEO Ed Bastian on Q1 EPS beat: There's more opportunity ahead,CNBC Television,UCrp_UI8XtuYfpiqluWLD7Lw,355.0,14460.0,Ed Bastian CNBC 2024,Ed Bastian,bastian,DAL,5.9
FeFRmb08ep4,Delta CEO Ed Bastian | Full interview | Code 2019,On with Kara Swisher,UCMDxbhGcsE7EnknxPEzC_Iw,2281.0,14061.0,Ed Bastian interview 2016,Ed Bastian,bastian,DAL,38.0
ExVdhMYej-U,"Delta Air Lines CEO Ed Bastian on Amex partnership, business travel and 2024 outlook",CNBC Television,UCrp_UI8XtuYfpiqluWLD7Lw,399.0,13654.0,Ed Bastian interview 2024,Ed Bastian,bastian,DAL,6.6
DXPwWVHFzRQ,"Delta Air Lines CEO Ed Bastian on $1.4B profit sharing, travel demand outlook",CNBC Television,UCrp_UI8XtuYfpiqluWLD7Lw,362.0,12600.0,Ed Bastian interview 2022,Ed Bastian,bastian,DAL,6.0
p9IX0b85nfw,Complacency Kills: How CEO Ed Bastian Keeps Delta Air Lines at #1,How Leaders Lead with David Novak,UCa4HLorpafz21UwJem_OnGg,3423.0,12395.0,Ed Bastian interview 2025,Ed Bastian,bastian,DAL,57.0
oqKYgmmek8w,Ed Bastian: The Values That Redefined the Airline Industry | Grey Matter with Declan Kelly,Consello,UC4VFhD3zgNnZbWU6SceBBKQ,2291.0,11962.0,Ed Bastian interview 2025,Ed Bastian,bastian,DAL,38.2
vAZU5gg4-Rw,Delta Air Lines CEO Ed Bastian: Expect a 50% EPS increase in Q1 2026,CNBC Television,UCrp_UI8XtuYfpiqluWLD7Lw,306.0,11644.0,Ed Bastian interview 2025,Ed Bastian,bastian,DAL,5.1
nM3H8vs3WR8,Delta Air Lines CEO Ed Bastian: Second quarter will be the 'highest Q2 earnings in our history',CNBC Television,UCrp_UI8XtuYfpiqluWLD7Lw,376.0,11555.0,Ed Bastian CNBC 2021,Ed Bastian,bastian,DAL,6.3
M1KFg6edqro,Delta CEO Ed Bastian on Leading an Airline Through Two Years of Pandemic Disruptions,Harvard Business Review,UCWo4IA01TXzBeGJJKWHOG9g,2033.0,11291.0,Ed Bastian interview 2019,Ed Bastian,bastian,DAL,33.9
bv2pF_KrolI,Delta CEO Ed Bastian on lowering Q1 guidance: Corporate and consumer spending started to stall,CNBC Television,UCrp_UI8XtuYfpiqluWLD7Lw,260.0,10789.0,Ed Bastian CNBC 2025,Ed Bastian,bastian,DAL,4.3
cSlbLmnwn5k,Delta Air Lines CEO Ed Bastian on Q2 results: Stellar performance across the board,CNBC Television,UCrp_UI8XtuYfpiqluWLD7Lw,449.0,10702.0,Ed Bastian CNBC 2024,Ed Bastian,bastian,DAL,7.5
h4DuZmuH26A,CES 2020 Delta Air Lines Keynote • CEO Ed Bastian,AIRBOYD,UClyDDqcDsXp3KQ7J5gyIMuQ,4156.0,10658.0,Ed Bastian interview 2020,Ed Bastian,bastian,DAL,69.3
D0F9qlFPBsc,Delta Air Lines CEO Ed Bastian: Expect a 'temporary pause' in consumer activity around election,CNBC Television,UCrp_UI8XtuYfpiqluWLD7Lw,288.0,10500.0,Ed Bastian CNBC 2024,Ed Bastian,bastian,DAL,4.8
v1ynwNuu1Kg,"Come Fly with Me! Delta Air Lines, The World’s Biggest Airline - With CEO, Ed Bastian.",Money Maze Podcast,UCoDd5vw4qRx_BcRIqTqlmAA,2924.0,9656.0,Ed Bastian interview 2026,Ed Bastian,bastian,DAL,48.7
HHyCLKPKFgY,"Delta CEO Ed Bastian on new employee vaccine policy, next steps in Afghanistan evacuation",CBS Mornings,UC-SJ6nODDmufqBzPBwCvYvQ,412.0,8997.0,Ed Bastian interview 2021,Ed Bastian,bastian,DAL,6.9
r7RAr5zddMg,Delta Air Lines CEO Ed Bastian chats with airlineguys ™ Quick Turn,airlineguys,UC2qxU4ub4EF1WRLJjRm-zEA,728.0,8912.0,Ed Bastian interview 2016,Ed Bastian,bastian,DAL,12.1
agSCX45xu9Q,Delta CEO Ed Bastian on covid-19 pandemic and the airline industry (Full Stream 8/3),Washington Post,UCHd62-u_v4DvJ8TCFtpi4GA,1842.0,8424.0,Ed Bastian interview 2019,Ed Bastian,bastian,DAL,30.7
aaoP6frXxGo,"Ed Bastian, CEO, Delta Air Lines",Terry College of Business at the University of Georgia,UCGR2KURYQmncXefwOVJvqZA,4215.0,7067.0,Ed Bastian interview 2016,Ed Bastian,bastian,DAL,70.2
lU3L6HZPOXI,Delta Air Lines CEO Ed Bastian on record Q2 earnings: Momentum has continued to build,CNBC Television,UCrp_UI8XtuYfpiqluWLD7Lw,326.0,7021.0,Ed Bastian interview 2023,Ed Bastian,bastian,DAL,5.4
XJ5E5rB--Eg,Delta Air Lines CEO Edward H. Bastian at Skift Global Forum 2017,Skift,UCJXw0BFh90eeJlg3YMLYd2Q,1825.0,6181.0,Ed Bastian interview 2017,Ed Bastian,bastian,DAL,30.4
qyOJRpiJ550,Delta CEO Ed Bastian delivers commencement address at Georgia Tech — 5/8/21,CNBC Make It,UCH5_L3ytGbBziX0CLuYdQ1Q,1180.0,6166.0,Ed Bastian CNBC 2019,Ed Bastian,bastian,DAL,19.7
RG0--EkAOLg,"Travel demand is back and reliability is strong, says Delta Air Lines CEO Ed Bastian",CNBC Television,UCrp_UI8XtuYfpiqluWLD7Lw,280.0,6083.0,Ed Bastian CNBC 2018,Ed Bastian,bastian,DAL,4.7
pOgVDNv1IuI,Delta Air Lines CEO Ed Bastian on FY guidance: We're seeing demand continuing with great strength,CNBC Television,UCrp_UI8XtuYfpiqluWLD7Lw,473.0,5733.0,Ed Bastian CNBC 2021,Ed Bastian,bastian,DAL,7.9
smGWdMU_3AA,Delta Air Lines CEO Ed Bastian talks second quarter earnings beat,CNBC Television,UCrp_UI8XtuYfpiqluWLD7Lw,423.0,5420.0,Ed Bastian interview 2019,Ed Bastian,bastian,DAL,7.0
Au_r7QEPjb8,"Delta CEO Ed Bastian on airline's profitable quarter, international travel",CNBC Television,UCrp_UI8XtuYfpiqluWLD7Lw,244.0,5147.0,Ed Bastian interview 2020,Ed Bastian,bastian,DAL,4.1
kbPAYmo5uyM,"From “The Way Forward"" Conference: Ed Bastian, CEO, Delta Air Lines",Goldman Sachs,UCyz6-taovlaOkPsPtK4KNEg,1086.0,4922.0,Ed Bastian interview 2020,Ed Bastian,bastian,DAL,18.1
1yCAtBZ-6-0,"Delta Air Lines' CEO Ed Bastian on Digital, Delta Flight Products & More",APEX Association,UCMDsNMV3RF4DOPb33h8wqVw,528.0,4381.0,Ed Bastian interview 2017,Ed Bastian,bastian,DAL,8.8
o2UNTJoO0QI,"Ed Bastian, Chief Executive Officer of Delta Air Lines","The Economic Club of Washington, D.C.",UCMxg9TQdOZSu21CHffziZlw,2882.0,4145.0,Ed Bastian interview 2025,Ed Bastian,bastian,DAL,48.0
uR1LfFmBB7A,Delta Air Lines CEO Ed Bastian's Crisis Management Playbook | WSJ Leadership Institute,WSJ News,UCMliswJ7oukCeW35GSayhRA,1887.0,4136.0,Ed Bastian interview 2018,Ed Bastian,bastian,DAL,31.4
BJTcDULX5mc,Delta CEO Ed Bastian: We are well-staffed for the summer travel season,CNBC Television,UCrp_UI8XtuYfpiqluWLD7Lw,211.0,4061.0,Ed Bastian CNBC 2020,Ed Bastian,bastian,DAL,3.5
_i5cpYMZGTk,Watch CNBC's full interview with Delta CEO Ed Bastian,CNBC Television,UCrp_UI8XtuYfpiqluWLD7Lw,512.0,3803.0,Ed Bastian interview 2019,Ed Bastian,bastian,DAL,8.5
4SpvTAfgRq0,"Delta’s new Safety Video September 2017 with Instruction by the new CEO, Ed Bastian",Delta Airlines Flights and Stuff,UCQwJk8I1zBmz2dO_Q7FhJAQ,296.0,3542.0,Ed Bastian interview 2016,Ed Bastian,bastian,DAL,4.9
tSTUBCtwL2k,Delta Air Lines CEO Ed Bastian: We forecast strong continued travel demand,CNBC Television,UCrp_UI8XtuYfpiqluWLD7Lw,254.0,3300.0,Ed Bastian CNBC 2022,Ed Bastian,bastian,DAL,4.2
Gv9YL96uqbg,Watch CNBC's full interview with Delta Air Lines CEO Ed Bastian,CNBC Television,UCrp_UI8XtuYfpiqluWLD7Lw,437.0,3284.0,Ed Bastian interview 2017,Ed Bastian,bastian,DAL,7.3
PBdUWDKl-jY,"Delta Air Lines CEO Ed Bastian on earnings, Boeing CEO David Calhoun and more",CNBC Television,UCrp_UI8XtuYfpiqluWLD7Lw,303.0,3227.0,Ed Bastian interview 2018,Ed Bastian,bastian,DAL,5.0
Lb2r-PTadK0,Delta CEO Ed Bastian in conversation with Kai Ryssdal,Marketplace APM,UCORB0siyf3n_FS22MSLrjZA,299.0,3081.0,Ed Bastian interview 2016,Ed Bastian,bastian,DAL,5.0
XhLaKKxfCIc,Watch CNBC's full interview with Delta Airlines CEO Ed Bastian,CNBC Television,UCrp_UI8XtuYfpiqluWLD7Lw,644.0,3016.0,Ed Bastian interview 2017,Ed Bastian,bastian,DAL,10.7
7oDN26QYFok,Delta CEO Ed Bastian 2: I Have No Recall,"Seham, Seham, Meltz & Petersen, LLP",UCESZC_BbK3N66z5rz7Cd0Dg,601.0,2876.0,Ed Bastian full interview 2019,Ed Bastian,bastian,DAL,10.0
F8ybOFYVBQg,Delta Air Lines CEO Ed Bastian on Delta’s strategy for a busy summer season (Full Stream 4/18),Washington Post Live,UCt_SXDdK6qBv4FfJ8DybxKg,1954.0,2798.0,Ed Bastian interview 2022,Ed Bastian,bastian,DAL,32.6
VIN_k5PJtL4,Leading with Purpose: A Conversation with Delta Air Lines CEO Ed Bastian,Operation HOPE,UChFioyshjiBB5L0EBISomQA,1427.0,2711.0,Ed Bastian interview 2020,Ed Bastian,bastian,DAL,23.8
7DslH0SuwjQ,"People First, Always featuring Delta CEO Ed Bastian & José Andrés | SXSW 2024",SXSW,UC2YKXCQ8wt1RFpQEELwILCQ,3441.0,2565.0,Ed Bastian interview 2024,Ed Bastian,bastian,DAL,57.4
1WrAkAulX34,Visionary Executives Ed Bastian and Ken Frazier,UCLAAnderson,UCEDvfGcp-6xiuQpgh6zO3RA,1813.0,2472.0,Ed Bastian interview 2020,Ed Bastian,bastian,DAL,30.2
sp8NNZXFwuo,Delta Air Lines CEO Edward H. Bastian at Skift Global Forum 2018,Skift,UCJXw0BFh90eeJlg3YMLYd2Q,1505.0,2101.0,Ed Bastian interview 2016,Ed Bastian,bastian,DAL,25.1
-RsBK2-NxvU,"In Conversation: Ed Bastian, CEO, Delta Air Lines",Operation HOPE,UChFioyshjiBB5L0EBISomQA,1516.0,2094.0,Ed Bastian interview 2016,Ed Bastian,bastian,DAL,25.3
UteLxht2kQo,Delta CEO Ed Bastian on Q1 earnings: We're getting ready for a strong travel season,CNBC Television,UCrp_UI8XtuYfpiqluWLD7Lw,221.0,2052.0,Ed Bastian CNBC 2023,Ed Bastian,bastian,DAL,3.7
cGkMdSZ-2jw,Delta CEO Bastian Navigates Turbulent Outlook for Airlines,Bloomberg Television,UCIALMKvObZNtJ6AmdCLP7Lg,1976.0,2031.0,Ed Bastian interview 2019,Ed Bastian,bastian,DAL,32.9
udFIQs2OwZk,Delta CEO Ed Bastian discusses posting record revenue,Yahoo Finance,UCEAZeUIeJs0IjQiqTCdVSIg,490.0,1991.0,Ed Bastian interview 2018,Ed Bastian,bastian,DAL,8.2
irAnBUCRFCA,Business Breakfast | Ed Bastian & Clay Scroggins,Buckhead Church,UCkVa6hWVKsMhjX2fWS5kPFw,2828.0,1983.0,Ed Bastian interview 2017,Ed Bastian,bastian,DAL,47.1
Bx7BuKliXzA,Delta Announces Delta Sync and Free Wifi • CES 2023 Keynote Speech • Ed Bastian CEO Delta Air Lines,AIRBOYD,UClyDDqcDsXp3KQ7J5gyIMuQ,1401.0,1773.0,Ed Bastian interview 2023,Ed Bastian,bastian,DAL,23.4
XzdUb9Gads4,DELTA’S 11 MOST IMPORTANT BEHAVIORS via Ed Bastian,Dan Croitor,UCw0uQHve23oMWgQcTTpgQsQ,799.0,1698.0,Ed Bastian interview 2016,Ed Bastian,bastian,DAL,13.3
HdxAmCplqRw,Watch CNBC's full interview with Delta Air Lines CEO Ed Bastian,CNBC Television,UCrp_UI8XtuYfpiqluWLD7Lw,585.0,1643.0,Ed Bastian interview 2017,Ed Bastian,bastian,DAL,9.8
Yz3m_e9jIBk,"Ed Bastian talks about Delta's employees, 100 year anniversary and taking the company forward",WSB-TV,UCPsSnSR7ymSE8on3wafNbqg,440.0,1642.0,Ed Bastian interview 2025,Ed Bastian,bastian,DAL,7.3
7d1PgKX8LQs,"Delta CEO Bastian on Pandemic, Outlook, Business Travel",Bloomberg Television,UCIALMKvObZNtJ6AmdCLP7Lg,290.0,1542.0,Ed Bastian Bloomberg interview 2020,Ed Bastian,bastian,DAL,4.8
axfkebxpjPg,Delta CEO Ed Bastian: 'We need those offices to get reopened' for business travel to recover,Yahoo Finance,UCEAZeUIeJs0IjQiqTCdVSIg,320.0,1539.0,Ed Bastian interview 2021,Ed Bastian,bastian,DAL,5.3
Mr4cOT2FpvQ,"Center Stage: One-on-One with Delta Air Lines CEO, Ed Bastian",GBTATV,UCAq7yCPw3pDwQJSFH8HRF1g,1251.0,1474.0,Ed Bastian interview 2016,Ed Bastian,bastian,DAL,20.8
yCSRauvbVts,"In Partnership With Ed Bastian, Delta CEO | American Express",American Express,UCZ9dXmuPmcstcgjt25VmOrg,2598.0,1288.0,Ed Bastian interview 2026,Ed Bastian,bastian,DAL,43.3
jdzsGyzbW9g,"Edward Bastian - CEO, Delta Air Lines",Boston College Chief Executives Club,UCATRijYwVcyrHc6HpD0-GGg,2560.0,1284.0,Ed Bastian interview 2016,Ed Bastian,bastian,DAL,42.7
ofHAx1V2bnU,Delta CEO Ed Bastian discusses challenges amid COVID-19 and why he is optimistic about business,Yahoo Finance,UCEAZeUIeJs0IjQiqTCdVSIg,662.0,1253.0,Ed Bastian interview 2019,Ed Bastian,bastian,DAL,11.0
YKeiVBtFIlc,Delta Air Lines CEO Ed Bastian on raising 2020 earnings guidance,CNBC Television,UCrp_UI8XtuYfpiqluWLD7Lw,317.0,1251.0,Ed Bastian CNBC 2019,Ed Bastian,bastian,DAL,5.3
On2jtg9V3y0,Delta CEO Ed Bastian speaks at The National Press Club,National Press Club Live,UCvbN59rrm8KGGRdysGo4WIg,3699.0,1171.0,Ed Bastian interview 2017,Ed Bastian,bastian,DAL,61.6
awXtIIiKj1c,"Leadership Through Crisis: A Conversation with Ed Bastian, CEO of Delta Air Lines",Georgia Tech Scheller College of Business,UCsVf1FVnzhAvV_prU52La4g,3229.0,996.0,Ed Bastian interview 2016,Ed Bastian,bastian,DAL,53.8
k9Z0yU1utFg,"Delta Air Lines CEO Ed Bastian talks first quarter earnings, Boeing 737 Max grounding",CNBC Television,UCrp_UI8XtuYfpiqluWLD7Lw,180.0,965.0,Ed Bastian interview 2019,Ed Bastian,bastian,DAL,3.0
kaSbBxrkvco,Conversations With...Ed Bastian,LinkedIn News,UCAcRg1xLpyk_vzdIGu_FCbg,892.0,777.0,Ed Bastian interview 2018,Ed Bastian,bastian,DAL,14.9
0CXQvmzTJd0,"In Conversation: Ed Bastian, CEO, Delta Airlines and Andrew Ross Sorkin",Operation HOPE,UChFioyshjiBB5L0EBISomQA,1576.0,758.0,Ed Bastian interview 2017,Ed Bastian,bastian,DAL,26.3
kwPHzaPANzE,Conversations With...Ed Bastian,LinkedIn News,UCAcRg1xLpyk_vzdIGu_FCbg,892.0,647.0,Ed Bastian interview 2020,Ed Bastian,bastian,DAL,14.9
GAgMvbobspA,Yahoo Finance exclusive: Delta CEO Ed Bastian,Yahoo Finance,UCEAZeUIeJs0IjQiqTCdVSIg,468.0,640.0,Ed Bastian interview 2017,Ed Bastian,bastian,DAL,7.8
7lc3b-Hx8x4,Edward Bastian - June 2014 Luncheon,The Wings Club,UCLWxCjnyjXUYDCF8Q4JJ1RQ,1638.0,610.0,Ed Bastian full interview 2016,Ed Bastian,bastian,DAL,27.3
8ZmoWUetVgM,"NUTC 2022 Patterson Transportation Lecture – Edward Bastian, Delta Air Lines",Northwestern Engineering,UCX2Xg61G1tDeyzDkBDya7tw,4735.0,569.0,Ed Bastian CNBC 2016,Ed Bastian,bastian,DAL,78.9
vwr7qIWnhYY,Flights and Tights: Delta CEO Ed Bastian and a Look at Lululemon | Barron's Streetwise,Barron's,UCOfQuCs1g5_wjr3GPKKYSoA,1986.0,531.0,Ed Bastian interview 2026,Ed Bastian,bastian,DAL,33.1
bNVeNkymfnE,Delta CEO Ed Bastian addresses Q4 earnings report,CNBC Television,UCrp_UI8XtuYfpiqluWLD7Lw,199.0,519.0,Ed Bastian interview 2016,Ed Bastian,bastian,DAL,3.3
3diduPMYyIs,"In Conversation with Ed Bastian CEO, Delta Airlines",John Hope Bryant,UCCKNk9Sb3H5ueNK_X9V-3yA,2675.0,510.0,Ed Bastian interview 2016,Ed Bastian,bastian,DAL,44.6
k1Nq_3_6KY8,350 - Scott McCartney with Delta CEO Ed Bastian. Guest Co-Host Henry Harteveldt,Airlines Confidential Podcast,UC-hR1yadACjgOakNrsObjew,4706.0,478.0,Ed Bastian interview 2026,Ed Bastian,bastian,DAL,78.4
zOoXWsGDs60,"""How Resilient Leaders Thrive During Turbulent"" - Ed Bastian, CEO, Delta Air Lines",Operation HOPE,UChFioyshjiBB5L0EBISomQA,1690.0,448.0,Ed Bastian interview 2018,Ed Bastian,bastian,DAL,28.2
EIU4AEwq5cg,"Delta earnings beats expectation, CEO Ed Bastian talks boom in travel, consumer demand",Yahoo Finance,UCEAZeUIeJs0IjQiqTCdVSIg,196.0,412.0,Ed Bastian interview 2023,Ed Bastian,bastian,DAL,3.3
zb7MUDtf7OE,"Sixel Consulting Group's Interview with Ed Bastian, Delta Air Lines President",Sixel Consulting Group,UC1pJV_PbydaY5FaAx4uH03w,189.0,374.0,Ed Bastian interview 2017,Ed Bastian,bastian,DAL,3.2
WBDrEXlOFnA,"Delta CEO Ed Bastian Talks Airlines Industry, Jet Fuel Costs | Bloomberg Talks",Bloomberg Podcasts,UChF5O40UBqAc82I7-i5ig6A,655.0,349.0,Ed Bastian interview 2026,Ed Bastian,bastian,DAL,10.9
vE4YxpaJkZc,Delta CEO Ed Bastian on Leading Delta Through Personal & Global Crisis,How Leaders Lead with David Novak,UCa4HLorpafz21UwJem_OnGg,194.0,329.0,Ed Bastian interview 2025,Ed Bastian,bastian,DAL,3.2
iMGChlmo4gk,"Power of Purpose: featuring Ed Bastian, CEO, Delta Air Lines & Shai Weiss, CEO, Virgin Atlantic",BritishAmerican Business,UCDDgj-0KfS3Ny6Rwlrc6v6A,3468.0,312.0,Ed Bastian interview 2023,Ed Bastian,bastian,DAL,57.8
m-Ns9A37bEc,Ed Bastian and George Mattson Talks Delta-Wheels Up Collaboration | Bloomberg Talks,Bloomberg Podcasts,UChF5O40UBqAc82I7-i5ig6A,1037.0,307.0,Ed Bastian interview 2024,Ed Bastian,bastian,DAL,17.3
-yMXl48Mujg,Wayfarer TV: Delta CEO Ed Bastian opening keynote at CES 2020,WAYFARER: An Insider's Guide to Travel & Lifestyle,UCtZiP_yjbwFyOaZ7bReVahA,4505.0,294.0,Ed Bastian interview 2019,Ed Bastian,bastian,DAL,75.1
EHI24x309nA,"Straight Talk with Ed Bastian, CEO, Delta Air Lines",Operation HOPE,UChFioyshjiBB5L0EBISomQA,1713.0,277.0,Ed Bastian interview 2016,Ed Bastian,bastian,DAL,28.6
jERx_6RPTTc,"Delta CEO Ed Bastian Talks Travel Demand, Prices | Bloomberg Talks",Bloomberg Podcasts,UChF5O40UBqAc82I7-i5ig6A,523.0,272.0,Ed Bastian interview 2026,Ed Bastian,bastian,DAL,8.7
KPSHejdx4aE,Ed Bastian on THE DALAI LAMA’S GIFT & a Promise Fulfilled 40 Years Later | ILLUMINATE 2025,ILLUMINATE Film Festival,UCk_7WXvKnr4do2F8hnovZSg,265.0,230.0,Ed Bastian interview 2025,Ed Bastian,bastian,DAL,4.4
EOwoHRv1T5s,"Delta CEO, Ed Bastian: Y-SIM CEO Speaker Series",Yale Program on Stakeholder Innovation & Mgmt,UCAe_s5IQip58GDF6WGMzblg,3508.0,214.0,Ed Bastian interview 2025,Ed Bastian,bastian,DAL,58.5
v2hohDWMaW0,Delta Air Lines CEO Ed Bastian: Lessons learned leading through the darkest hour.,Corporate Competitor Podcast,UCxxowZQspoe1OpMFyIP0i5A,2797.0,213.0,Ed Bastian full interview 2018,Ed Bastian,bastian,DAL,46.6
Mg_1dhIzhjM,Delta Air Lines CEO Ed Bastian Joins The Morning X (INTERVIEW) Part 1 | The Morning X with...,Cumulus Podcasts,UCQZCzRQNOjB47WNcjQR4FYw,737.0,213.0,Ed Bastian interview 2023,Ed Bastian,bastian,DAL,12.3
19pvf01duRw,"FII9: The Debate - Tony Douglas – CEO, Riyadh Air & Ed Bastian – CEO, Delta",FII Institute,UCXEQ3MCLUTyUv_Hk_XLyC6g,556.0,210.0,Ed Bastian interview 2026,Ed Bastian,bastian,DAL,9.3
VsLQjI4u21o,2018 Georgia Trustee: Ed Bastian,GAHistoricalSociety,UCbKJuBEwqJr0YCg9VodxOiQ,254.0,203.0,Ed Bastian interview 2016,Ed Bastian,bastian,DAL,4.2
dpnf6243xbk,Delta CEO Ed Bastian Talks Premium Travel | Bloomberg Talks,Bloomberg Podcasts,UChF5O40UBqAc82I7-i5ig6A,481.0,194.0,Ed Bastian interview 2026,Ed Bastian,bastian,DAL,8.0
Toqd6ReTF7k,Flashpoint 5/29/2016: Delta CEO Ed Bastian,Click On Detroit | Local 4 | WDIV,UCqMdEOPBZbGPykVOhUqWqfA,654.0,190.0,Ed Bastian interview 2016,Ed Bastian,bastian,DAL,10.9
NZQruLyDtC4,"Larry Gulko interviews Ed Bastian, CEO Delta Airlines",Brand: New Day,UCqz9kuuPx1FCNJkbV2TdllQ,351.0,161.0,Ed Bastian interview 2018,Ed Bastian,bastian,DAL,5.8
xeOASIjE-ZY,Delta Air Lines CEO Ed Bastian Joins The Morning X (INTERVIEW) Part 2 | The Morning X with...,Cumulus Podcasts,UCQZCzRQNOjB47WNcjQR4FYw,600.0,160.0,Ed Bastian interview 2023,Ed Bastian,bastian,DAL,10.0
vE1YTuVxE2M,Delta Air Lines CEO Ed Bastian Talks Demand | Bloomberg Talks,Bloomberg Podcasts,UChF5O40UBqAc82I7-i5ig6A,559.0,149.0,Ed Bastian interview 2024,Ed Bastian,bastian,DAL,9.3
q7XrL5dP_UA,Gas South District Speaker Series with Delta Airlines CEO Ed Bastian,Gwinnett County Government,UCGgy5ivYaiYvxmK_XXr7qSQ,2355.0,132.0,Ed Bastian interview 2025,Ed Bastian,bastian,DAL,39.2
C_bkRCHq59Y,Ed Bastian - The May Luncheon 2017,The Wings Club,UCLWxCjnyjXUYDCF8Q4JJ1RQ,1898.0,123.0,Ed Bastian interview 2016,Ed Bastian,bastian,DAL,31.6
rkl-6uhSnJE,Delta CEO Ed Bastian Talks Travel Disruption | Bloomberg Talks,Bloomberg Podcasts,UChF5O40UBqAc82I7-i5ig6A,565.0,116.0,Ed Bastian interview 2025,Ed Bastian,bastian,DAL,9.4
mlqry2fYFhk,Delta Airlines Q&A with CEO Edward H. Bastian | Skift Global Forum New York 2017,Parkour3,UCkd--llEX1jUOdtAlCoxxRw,1311.0,113.0,Ed Bastian interview 2017,Ed Bastian,bastian,DAL,21.8
LSxBRtGwZNM,"Flashpoint 5/29/16: Delta Air Lines CEO Ed Bastian, Wayne County Exec Warren Evans, Mackinac Preview",Click On Detroit | Local 4 | WDIV,UCqMdEOPBZbGPykVOhUqWqfA,1415.0,85.0,Ed Bastian interview 2016,Ed Bastian,bastian,DAL,23.6
pWcms7RqFG4,Dr. Irvan Bastian Arief: Revamping the Travel Tech Space | The Enterprise World,The Enterprise World,UCNOUcXN-JjY6P2OwyTE_daQ,859.0,84.0,Ed Bastian interview 2024,Ed Bastian,bastian,DAL,14.3
tZxP-BSYgI4,2017 FPA Annual Dinner - Edward H. Bastian,Foreign Policy Association,UCfcIRCpBxK1f6RjWzLBXOHw,472.0,72.0,Ed Bastian interview 2016,Ed Bastian,bastian,DAL,7.9
xa0waIFwTqc,"Larry Gulko Interviews Ed Bastian, Summer 2020",Brand: New Day,UCqz9kuuPx1FCNJkbV2TdllQ,3844.0,33.0,Ed Bastian interview 2017,Ed Bastian,bastian,DAL,64.1
7g5ejgNtBh8,"Delta CEO Ed Bastian on new employee vaccine policy, next steps in Afghanistan evacuationNews today.",CBS News Morning,UCDCLw5ClPXgIcdC2oJK-QWQ,412.0,14.0,Ed Bastian interview 2018,Ed Bastian,bastian,DAL,6.9
nc8WYvVeFzQ,DAVID BASZUCKI DID IT..,KreekCraft,UCxsk7hqE_CwZWGEJEkGanbA,1042.0,1163551.0,David Baszucki full interview 2024,David Baszucki,baszucki,RBLX,17.4
seUHQOIHqws,David Baszucki Is In DANGER.. (Doxxed),Gwamgo,UCqW4mNcfy3IKQFW6mYmTtqQ,602.0,719522.0,David Baszucki full interview 2024,David Baszucki,baszucki,RBLX,10.0
Ottd6M_kHGA,David Baszucki Is In DANGER.. (Roblox Update),Gwamgo,UCqW4mNcfy3IKQFW6mYmTtqQ,587.0,665247.0,David Baszucki interview 2026,David Baszucki,baszucki,RBLX,9.8
emrUpsZgs-c,Something is WRONG with Roblox CEO David Baszucki… 🧓🏻❌,Thinknoodles,UChd1FPXykD4pust3ljzq6hQ,892.0,441812.0,David Baszucki full interview 2024,David Baszucki,baszucki,RBLX,14.9
Vw9j_bZYVbY,If David Baszucki Got FIRED From Roblox,Jie GamingStudio,UCfzL89b-Tz_fhfvm7eQZDDg,489.0,409827.0,David Baszucki interview 2026,David Baszucki,baszucki,RBLX,8.2
iXyJILMTAmw,Founder & CEO David Baszucki Keynote | RDC 2021,Roblox,UCjiPEaapiHbJMoAdi_L8fNA,2238.0,345015.0,David Baszucki interview 2021,David Baszucki,baszucki,RBLX,37.3
lX81y1wzxcw,Inside Roblox | What’s It Like to Work at Roblox? - David Baszucki,David Baszucki,UCx_zP4eqZVxINdyEozl-A4Q,197.0,335755.0,David Baszucki Bloomberg interview 2023,David Baszucki,baszucki,RBLX,3.3
mh3ExGzhnBE,david baszucki being passive agressive because of child safety,dared,UC0nPLeSIqTrynkW5JM0TlGA,269.0,295913.0,David Baszucki interview 2021,David Baszucki,baszucki,RBLX,4.5
k_zWuH6t0PA,David Baszucki Responds to the Roblox Community | Creators on the Blox,Creators on the Blox,UCituctaaYrmjwZR42M32SXw,2174.0,293760.0,David Baszucki interview 2021,David Baszucki,baszucki,RBLX,36.2
5cIyhIWxaGE,"David Baszucki's ""State of ROBLOXia"" 2013 (from BLOXcon NYC)",Roblox,UCjiPEaapiHbJMoAdi_L8fNA,845.0,243698.0,David Baszucki interview 2021,David Baszucki,baszucki,RBLX,14.1
p6Hi9lhE_cI,An interview with ROBLOX CEO David Baszucki,Roblox,UCjiPEaapiHbJMoAdi_L8fNA,415.0,99766.0,David Baszucki interview 2021,David Baszucki,baszucki,RBLX,6.9
-ltUt5-Zrro,Roblox CEO David Baszucki on Bloomberg Studio 1.0,Bloomberg Tech,UCrM7B7SL_g1edFOnmj-SDKg,1447.0,60170.0,David Baszucki interview 2021,David Baszucki,baszucki,RBLX,24.1
LYjtr3_yvtA,Is David Baszucki Crying Real? (Roblox),Beiged,UCHViv3NXm6VjgzgFv6MgNxQ,186.0,53860.0,David Baszucki full interview 2024,David Baszucki,baszucki,RBLX,3.1
A7EvJIn3uj4,Roblox CEO David Baszucki on the company's Wall Street debut,CNBC Television,UCrp_UI8XtuYfpiqluWLD7Lw,306.0,38782.0,David Baszucki interview 2021,David Baszucki,baszucki,RBLX,5.1
SF2P4yy94A8,David Baszucki Is Being HUNTED..,R3nn,UCanF9yV4DqgRpKIr0nLnMfg,382.0,35263.0,David Baszucki full interview 2026,David Baszucki,baszucki,RBLX,6.4
px9NW3UjX_k,What's next for Roblox? We spoke to Dave Baszucki,Beyond The Blox podcast and Last Level Studios,,2261.0,30902.0,David Baszucki full interview 2021,David Baszucki,baszucki,RBLX,37.7
Si6XXZJ6ESA,David Baszucki: We Made Him Cry..💔,FroggyIsBased,UC0tE2COlh626MpBhgpj6rCA,306.0,27335.0,David Baszucki full interview 2026,David Baszucki,baszucki,RBLX,5.1
DB9F-B24e5E,CEO David Baszucki’s mission to make Roblox a billion-player platform,The Verge,UCddiUEpeqJcYeBxX1IVBKvQ,1532.0,22325.0,David Baszucki Bloomberg interview 2021,David Baszucki,baszucki,RBLX,25.5
jsopTTR-kZo,David Baszucki is KILLING Roblox..,bobman,UCDZjlSix7lIGFxDJFSwh6hw,284.0,21987.0,David Baszucki full interview 2026,David Baszucki,baszucki,RBLX,4.7
nm1vf3AQhAM,"David Baszucki, Founder and CEO of Roblox: Trust Your Gut",Stanford Graduate School of Business,UCGwuxdEeCf0TIA2RbPOj-8g,2786.0,21202.0,David Baszucki full interview 2024,David Baszucki,baszucki,RBLX,46.4
osuOwvEhVfQ,Roblox’s David Baszucki Built the Biggest Playground on Earth,David Senra,UCy2FPslt0LLPsIV0iukvHpQ,5267.0,18138.0,David Baszucki interview 2021,David Baszucki,baszucki,RBLX,87.8
3Q68k1HR6zQ,Roblox CEO David Baszucki: 10% of global gaming content will run on Roblox someday,CNBC Television,UCrp_UI8XtuYfpiqluWLD7Lw,361.0,14637.0,David Baszucki interview 2025,David Baszucki,baszucki,RBLX,6.0
dqg31yD1IMg,"Roblox CEO Dave Baszucki on Q2 results: We're showing continuing, accelerating growth",CNBC Television,UCrp_UI8XtuYfpiqluWLD7Lw,399.0,8783.0,David Baszucki CNBC 2021,David Baszucki,baszucki,RBLX,6.6
FBfAq-uL-Rs,"David Baszucki, We Love You.. ❤️",FroggyIsBased,UC0tE2COlh626MpBhgpj6rCA,361.0,8653.0,David Baszucki full interview 2026,David Baszucki,baszucki,RBLX,6.0
fpOApB-utmM,Ernest Cline & David Baszucki Q&A (Ready Player Two Virtual Tour) | Roblox,Bloxy News,UCkYvJyYxuEdKapocfRFYB2w,1256.0,8618.0,David Baszucki interview 2021,David Baszucki,baszucki,RBLX,20.9
8gZ8JRRNPz4,"David Baszucki, Co-Founder of Roblox - Not Just a Game",Yellow Bees,UCB9m7QGwKOKQEGiYfWlu-Yg,271.0,7638.0,David Baszucki interview 2021,David Baszucki,baszucki,RBLX,4.5
nPvybVtdB3Q,David Marcus: From PayPal to Facebook/Meta to Building on Bitcoin and the Lightning Network,Natalie Brunell,UCru3nlhzHrbgK21x0MdB_eg,3471.0,7500.0,David Baszucki interview 2024,David Baszucki,baszucki,RBLX,57.8
TDSFQOSpPBQ,Outside the Office With Roblox CEO David Baszucki,Bloomberg Tech,UCrM7B7SL_g1edFOnmj-SDKg,271.0,7308.0,David Baszucki interview 2021,David Baszucki,baszucki,RBLX,4.5
uoFps-YflHY,Roblox CEO David Baszucki on better-than-expected Q4 results: We continue to grow users,CNBC Television,UCrp_UI8XtuYfpiqluWLD7Lw,368.0,7198.0,David Baszucki CNBC 2024,David Baszucki,baszucki,RBLX,6.1
rI3qkePyWp0,Roblox CEO David Baszucki goes one-on-one with Jim Cramer,CNBC Television,UCrp_UI8XtuYfpiqluWLD7Lw,494.0,6503.0,David Baszucki CNBC 2025,David Baszucki,baszucki,RBLX,8.2
rD3m8UdT5Hc,"John Shedletsky, Erik Cassel's wife (Rebecca) and David Baszucki take stage | RDC 2026",Angell,UCWwMvJxZykCeBbEvRN5Hqww,186.0,6382.0,David Baszucki interview 2026,David Baszucki,baszucki,RBLX,3.1
AFbvV4c9-x8,Roblox CEO David Baszucki on The Treatment That Saved His Son From Bipolar,Keto Bipolar and Metabolic Mind,,4980.0,6127.0,David Baszucki interview 2021,David Baszucki,baszucki,RBLX,83.0
IhT_wnz3DAs,Roblox CEO David Baszucki on new earning opportunities for creators,CNBC Television,UCrp_UI8XtuYfpiqluWLD7Lw,272.0,5071.0,David Baszucki CNBC 2024,David Baszucki,baszucki,RBLX,4.5
PDr5pc9pgy4,"Roblox CEO David Baszucki on Q3 results, strong user growth: Really hitting on all cylinders",CNBC Television,UCrp_UI8XtuYfpiqluWLD7Lw,452.0,4572.0,David Baszucki interview 2023,David Baszucki,baszucki,RBLX,7.5
li3PbPWlRZg,Roblox NO está en buenas manos | La polémica del CEO David Baszucki,TozinoBlox,UCRUM1Yr85djz3Ps3aD5_UDw,463.0,4449.0,David Baszucki full interview 2025,David Baszucki,baszucki,RBLX,7.7
--tih3VteIc,David Baszucki Just Responded About Roblox's NEW Moderation,R3nn,UCanF9yV4DqgRpKIr0nLnMfg,613.0,3531.0,David Baszucki interview 2025,David Baszucki,baszucki,RBLX,10.2
Xk9b2-CU7U8,Roblox Co-Founder & CEO David Baszucki: The Future of Everything | Literally! with Rob Lowe,Literally! with Rob Lowe,UCqarIl6oEwfgUfAUi5DZ_2w,3449.0,3476.0,David Baszucki interview 2021,David Baszucki,baszucki,RBLX,57.5
KL7WBjAuTMg,"Dave Baszucki on Roblox, Teen Entrepreneurs, and the Future of Play | Conversation with Tyler",Conversations with Tyler,UC_AnpBvnhXTcipgGEHLWoOg,3476.0,3136.0,David Baszucki full interview 2026,David Baszucki,baszucki,RBLX,57.9
RirqAH2m1HY,Leveling Up with Roblox's David Baszucki,a16z,UC9cn0TuPq4dnbTY-CBsm8XA,1392.0,2967.0,David Baszucki interview 2021,David Baszucki,baszucki,RBLX,23.2
s5V_6IWlMyA,david baszucki swore 😭😭😭(roblox news),Hyp3r47,UCD39poIhODA1r64AcZSugyw,217.0,2455.0,David Baszucki interview 2022,David Baszucki,baszucki,RBLX,3.6
umG0jBTRWh8,DA Davidson says buy Roblox here,CNBC Television,UCrp_UI8XtuYfpiqluWLD7Lw,200.0,1886.0,David Baszucki CNBC 2021,David Baszucki,baszucki,RBLX,3.3
kKmlPfKcprc,David baszucki dancing on RDC 22,samyplayz,UCd_iILBRlwDvSA3KglTSD_A,220.0,1366.0,David Baszucki Bloomberg interview 2022,David Baszucki,baszucki,RBLX,3.7
EzPzvTwqyfQ,Roblox Interview with CEO David Baszucki,Greg Viloria,UC5YTZiD-GUntlK6q7GwcF4A,180.0,1185.0,David Baszucki Bloomberg interview 2026,David Baszucki,baszucki,RBLX,3.0
ZA60prxO-5E,"David Baszucki, CEO of Roblox: Trusting Users to Guide Creative Process for Mobile, Console and VR",GameDaily Connect,UCVGEoDhiu9qvkWChClq_xzg,1605.0,1166.0,David Baszucki interview 2021,David Baszucki,baszucki,RBLX,26.8
9MxyI5D81Wo,There's No Way David Baszucki is a Real Person,DaVOID,UCBx9EvjaUoY51iMi-MlW2Ig,369.0,1052.0,David Baszucki interview 2025,David Baszucki,baszucki,RBLX,6.2
dA9nSUKqXko,Interview with David Baszucki 2014,ROBLOX,UCGvRY5pNc9C2C0lOpC1d4PQ,180.0,988.0,David Baszucki interview 2023,David Baszucki,baszucki,RBLX,3.0
fXxn8vv1W0Q,REAL ROBLOX DAVID BASZUCKI INTERVIEW 2026,Coopermcds,UCerSGsog5zhF2dHcb3rk4WQ,231.0,729.0,David Baszucki interview 2026,David Baszucki,baszucki,RBLX,3.8
ZYpv4wW2va4,KreekCraft making David Baszucki a funny thumbnail! (Roblox is down),We the gamers,UCBp5RkofWOriCr6RgMdsFsg,322.0,719.0,David Baszucki Bloomberg interview 2021,David Baszucki,baszucki,RBLX,5.4
YIHA16MqaBQ,How David Baszucki DESTROYED Roblox's Image Overnight,R3nn,UCanF9yV4DqgRpKIr0nLnMfg,607.0,714.0,David Baszucki full interview 2025,David Baszucki,baszucki,RBLX,10.1
jrsC-fu8I2w,Big Risks Outside the Box | David BASZUCKI,GameDaily Connect,UCVGEoDhiu9qvkWChClq_xzg,1167.0,599.0,David Baszucki interview 2021,David Baszucki,baszucki,RBLX,19.4
-_y2KuOUXps,Is David Baszucki Still Alive (Feb 2021) Find Out The Rumour ! Watch Now!  Scam Adviser Reports,Scam Adviser Reports,UCkUUkiEePN2HkKeSJqgQTjg,215.0,582.0,David Baszucki full interview 2022,David Baszucki,baszucki,RBLX,3.6
wFBKP9UXXk4,David Bazsucki Is Promoting Child Safety Issues.,LilBrison,UC49hN9uBS7gv0VfCrRSwb7w,220.0,556.0,David Baszucki full interview 2025,David Baszucki,baszucki,RBLX,3.7
o_WGzSIXmwk,Roblox CEO Dave Baszucki Talks Slashing Forecast & Stock Selloff | Bloomberg Talks,Bloomberg Podcasts,UChF5O40UBqAc82I7-i5ig6A,445.0,530.0,David Baszucki Bloomberg interview 2026,David Baszucki,baszucki,RBLX,7.4
_dlJy57Wldo,The Roblox CEO David Baszucki Is Breaking The Law...,Toolblox,UCNHHZ4RICxlJheqOhgTbMsw,192.0,491.0,David Baszucki full interview 2022,David Baszucki,baszucki,RBLX,3.2
riYYpfULLxM,David Baszucki interviews creator of RP2 + RP1!!,Crumblequake Gaming,UCdvT6AlRz59kLCxtO12Ql_A,1285.0,477.0,David Baszucki full interview 2021,David Baszucki,baszucki,RBLX,21.4
IWy35bAHiLA,David Baszucki on the history of Roblox (Roblox Rally 2011),SindexStuff,UCrxK76qLVj6_9-3EDnXxoHw,408.0,406.0,David Baszucki full interview 2021,David Baszucki,baszucki,RBLX,6.8
pHsZsp4QIp0,An Interview with Builderman. (David Baszucki),Bubereye,UCg4R0sxvlY90mbqWDrmtfDg,417.0,397.0,David Baszucki interview 2026,David Baszucki,baszucki,RBLX,7.0
4DEU5FNp33w,#SecretsSelfmadeBillionaires 1099 David Baszucki Creator of Roblox Serial Entrepreneur,#SecretsSelfmadeBillionaires by Paul Chan,UCBp9SM5icJ40sD9ovecI4Pw,257.0,374.0,David Baszucki full interview 2021,David Baszucki,baszucki,RBLX,4.3
xxtVkaZm-jA,The Biography of ceo roblox | David Baszuki,Legends Memoir,UCG511MgWp9Vr0qe2mx9K9Pw,282.0,343.0,David Baszucki interview 2024,David Baszucki,baszucki,RBLX,4.7
OWIgn6sxhmI,ROBLOX CEO David Baszucki Talks Earnings | Bloomberg Talks,Bloomberg Podcasts,UChF5O40UBqAc82I7-i5ig6A,350.0,339.0,David Baszucki Bloomberg interview 2025,David Baszucki,baszucki,RBLX,5.8
lw2p9WDL_Oo,DAVID BASZUCKI PODCAST? ROBUX LOST ON ROBLOX CHINA! RDC LEVEL UP!,The DevCast,UCjbnTL_ev4fw9Xn1BB0f49Q,1947.0,321.0,David Baszucki Bloomberg interview 2021,David Baszucki,baszucki,RBLX,32.4
x6RpzHTTowg,Roblox CEO David Baszucki Talks Growth | Bloomberg Talks,Bloomberg Podcasts,UChF5O40UBqAc82I7-i5ig6A,448.0,306.0,David Baszucki Bloomberg interview 2025,David Baszucki,baszucki,RBLX,7.5
rztuvNiM0r8,These David Baszucki Games Will Disturb YOU...,𝟖𝐁𝐢𝐭𝐆𝐚𝐦𝐞𝐬𝟓,UCo_iiZAQ3DcwNZYxR6v2BOA,705.0,280.0,David Baszucki interview 2026,David Baszucki,baszucki,RBLX,11.8
bgTiHR84W78,"Roblox CEO David Baszucki Talks Google Partnership, New Parental Controls | Bloomberg Talks",Bloomberg Podcasts,UChF5O40UBqAc82I7-i5ig6A,1105.0,276.0,David Baszucki Bloomberg interview 2025,David Baszucki,baszucki,RBLX,18.4
RBY_NY63Gtc,Roblox CEO David Baszucki Talks Age Verification | Bloomberg Talks,Bloomberg Podcasts,UChF5O40UBqAc82I7-i5ig6A,485.0,266.0,David Baszucki Bloomberg interview 2025,David Baszucki,baszucki,RBLX,8.1
Qi684FywV6o,1 Hour Of David Baszucki Spinning in RDC 2022,Talcility,UCOpe713FnhtobN6Th66fWJw,3837.0,218.0,David Baszucki Bloomberg interview 2021,David Baszucki,baszucki,RBLX,64.0
_iXw1XwH80Y,I was Adding David Baszucki#0001 on discord and HE TURNED OUT TO BE FAKE,#DHONI!,UCBifmihf3OAUXMVzNERkOJA,318.0,218.0,David Baszucki Bloomberg interview 2021,David Baszucki,baszucki,RBLX,5.3
fi2LRzYufpQ,Interview With Roblox David Baszuki LIVE Show!,Zanatone Games,UCStGzfO99Q6UwckGYl40znw,180.0,157.0,David Baszucki interview 2021,David Baszucki,baszucki,RBLX,3.0
erdYjOm2YQs,Roblox Chairman and CEO David Baszucki Talks Earnings | Bloomberg Talks,Bloomberg Podcasts,UChF5O40UBqAc82I7-i5ig6A,402.0,145.0,David Baszucki Bloomberg interview 2025,David Baszucki,baszucki,RBLX,6.7
naTena_hAiU,The David Baszucki Controversy Has Two Sides,DoodleBob,UCxZemo-hed6adPUSDDOIDDw,976.0,133.0,David Baszucki interview 2026,David Baszucki,baszucki,RBLX,16.3
1WdnVHhC1n4,Get ROBUX FREE! (Spam * ME * ON CHAT!) - David Baszucki,David Baszucki,UCvBjmprIuDEif1Pr35CrCtw,3525.0,90.0,David Baszucki full interview 2021,David Baszucki,baszucki,RBLX,58.8
ZVgVrLleXb4,A Teenager Getting Mad at David Baszucki for No Good Reason Because That's Content Nowadays,epicishrose,UCOjk9jKLulTNB_ySfd9GE_Q,417.0,53.0,David Baszucki interview 2022,David Baszucki,baszucki,RBLX,7.0
ld3VgwniFpM,David Baszuki is LEAVING ROBLOX!!! 😭😭😭😭😭,WhatsAnEpicGamer,UCNa2PrfGU0-q8kPs9G3iqTw,233.0,44.0,David Baszucki interview 2026,David Baszucki,baszucki,RBLX,3.9
jn62CYHTa58,ROBLOX CEO David Baszucki on Squawk Box 2/22/23,Stargazer46 “Stargazer46”,UC4TVyXrROjNeGUOYXWhstOQ,547.0,38.0,David Baszucki interview 2022,David Baszucki,baszucki,RBLX,9.1
HSZMq0Oocac,An Interview With David Baszucki | Roblox,Roblox Corp,UCtr77RxUrPjFznW73tERNlQ,214.0,38.0,David Baszucki interview 2026,David Baszucki,baszucki,RBLX,3.6
V6h_EDcj12k,"Brian Chesky, Co-Founder and CEO of Airbnb: Designing a 10-star Experience",Stanford Graduate School of Business,UCGwuxdEeCf0TIA2RbPOj-8g,3329.0,968242.0,Brian Chesky interview 2022,Brian Chesky,chesky,ABNB,55.5
XcG2oTrAAlg,What Brian Chesky of Airbnb learned from CONSTANT REJECTION,This Week in Startups Clips,UCS7tJlcUA6PzVHEMo-X7ddg,774.0,818473.0,Brian Chesky full interview 2023,Brian Chesky,chesky,ABNB,12.9
4ef0juAMqoE,Brian Chesky’s new playbook,Lenny's Podcast,UC6t1O76G0jYXOAoYCm153dA,4408.0,402434.0,Brian Chesky interview 2023,Brian Chesky,chesky,ABNB,73.5
g5GaBnavBrY,Airbnb Founder: The Number 1 Thing People Get Wrong About Happiness and Success | Brian Chesky,Jay Shetty Podcast,UCbk_QsfaFZG6PdQeCvaYXJQ,6047.0,380356.0,Brian Chesky interview 2022,Brian Chesky,chesky,ABNB,100.8
Dkfijg7s76o,Leading through uncertainty: A design-led company - Brian Chesky (Config 2023),Figma,UCQsVmhSa4X-G3lHlUtejzLA,1734.0,161646.0,Brian Chesky interview 2022,Brian Chesky,chesky,ABNB,28.9
zH0TjlhIpp4,Airbnb CEO Brian Chesky on new 'everything app': Today is just the beginning of a new chapter,CNBC Television,UCrp_UI8XtuYfpiqluWLD7Lw,429.0,146502.0,Brian Chesky interview 2025,Brian Chesky,chesky,ABNB,7.2
JDLlnztmavg,Airbnb CEO Brian Chesky Announces Major Donation to Help Ukraine,TheEllenShow,UCp0hYYBW6IMayGgR-WeoCvQ,370.0,113531.0,Brian Chesky interview 2022,Brian Chesky,chesky,ABNB,6.2
GP0f3M57uao,The David Rubenstein Show: Airbnb CEO Brian Chesky,David Rubenstein,UCqsN9MYiu1mKSAsYoF6ppTg,1446.0,92032.0,Brian Chesky interview 2022,Brian Chesky,chesky,ABNB,24.1
aFOGlNL39xs,Brian Chesky - Founder Mode & The Art of Hiring,The Art of Hiring,UCOpNQkexci6-Y7TVvYxmTPA,2782.0,83235.0,Brian Chesky interview 2024,Brian Chesky,chesky,ABNB,46.4
R2s3OAa86k8,Airbnb CEO Brian Chesky: We still plan to go public,CNN,UCupvZG-5ko_eiXAupbDfxWw,465.0,83225.0,Brian Chesky interview 2020,Brian Chesky,chesky,ABNB,7.8
ViqxJY_AG_w,"Founder Mode: Brian Chesky, Founder & CEO, Airbnb",The Social Radars Podcast,UCMifE9PU5FPV1M7wC61K5CQ,1277.0,79363.0,Brian Chesky interview 2025,Brian Chesky,chesky,ABNB,21.3
6_tRZMzb94Q,The Secret Art of Micromanagement with Airbnb CEO Brian Chesky | A Bit of Optimism Podcast,Simon Sinek,UCPmfPl-BsCd3wmE8i45LAoA,2806.0,77665.0,Brian Chesky interview 2025,Brian Chesky,chesky,ABNB,46.8
iNfOfBH_F08,"Brian Chesky, Co-founder and CEO, Airbnb, at Global Business Summit",The Times Group ET NOW Global Business Summit  ,UCi6ISSlek_Yhklwx9wsXCoA,1493.0,60627.0,Brian Chesky interview 2020,Brian Chesky,chesky,ABNB,24.9
QDdGZcBujow,How Airbnb Pivoted | Simon Sinek & Brian Chesky,Simon Sinek,UCPmfPl-BsCd3wmE8i45LAoA,239.0,56242.0,Brian Chesky Bloomberg interview 2022,Brian Chesky,chesky,ABNB,4.0
wbyZylCbACg,Airbnb Co-Founder Brian Chesky Talks Customer Safety and More | DealBook,New York Times Events,UCtZNqEGzfQ6jO4SXWz51bRw,1824.0,49548.0,Brian Chesky interview 2020,Brian Chesky,chesky,ABNB,30.4
_XA74fS8tGM,Airbnb's Brian Chesky: Do things that don’t scale,Masters of Scale,UCiemDAS1bXMBTx3jIIOukFg,1810.0,47135.0,Brian Chesky full interview 2023,Brian Chesky,chesky,ABNB,30.2
qZQM17Qa1RM,Airbnb CEO Brian Chesky on IPO ahead of the first trade,CNBC Television,UCrp_UI8XtuYfpiqluWLD7Lw,331.0,42300.0,Brian Chesky interview 2020,Brian Chesky,chesky,ABNB,5.5
lrFZr6Ih7cU,Airbnb CEO Brian Chesky on the future of travel and outlook,CNBC Television,UCrp_UI8XtuYfpiqluWLD7Lw,356.0,41049.0,Brian Chesky CNBC 2020,Brian Chesky,chesky,ABNB,5.9
IodbsQV8dFE,"Brian Chesky - Scaling Airbnb, Founder Mode, and What’s Next for Travel | Prof G Conversations",The Prof G Pod – Scott Galloway,UC1E1SVcVyU3ntWMSQEp38Yw,2408.0,37473.0,Brian Chesky interview 2024,Brian Chesky,chesky,ABNB,40.1
isP3eik9iDk,Airbnb CEO Brian Chesky on how he's using Artificial Intelligence,Bloomberg Tech,UCrM7B7SL_g1edFOnmj-SDKg,1182.0,36466.0,Brian Chesky Bloomberg interview 2021,Brian Chesky,chesky,ABNB,19.7
dPp9zc6SIHY,Reid Hoffman and Brian Chesky (11/2/11),Commonwealth Club World Affairs of California,UC78euTMh9KcVbql3UeWOqBw,3811.0,30560.0,Brian Chesky interview 2022,Brian Chesky,chesky,ABNB,63.5
TKz9Aohljvw,Brian Chesky on Airbnb's Ethos of People-First Capitalism,Greylock,UCZ7x7yDBbEFCGztD8BYvRhA,3191.0,28980.0,Brian Chesky interview 2021,Brian Chesky,chesky,ABNB,53.2
aVTasjlJKM0,Airbnb CEO Brian Chesky: 'New phase' of growth will see company launching new businesses each year,CNBC Television,UCrp_UI8XtuYfpiqluWLD7Lw,290.0,26396.0,Brian Chesky CNBC 2024,Brian Chesky,chesky,ABNB,4.8
5qu50lXHR7w,Airbnb founder Brian Chesky at Fortune Global Forum | Fortune,Fortune Magazine,UCP2gdh7HfjgCoi8lO50dA5w,1237.0,24761.0,Brian Chesky interview 2021,Brian Chesky,chesky,ABNB,20.6
vEcACMyz3Rc,The AirBNB Story No One Believed   by Brian Chesky,BIBHUTI BHUSAN,UCG-21_QRqvJ5yBAZrFKVbtA,542.0,23432.0,Brian Chesky full interview 2020,Brian Chesky,chesky,ABNB,9.0
oC2KMh8zvDw,From Ambition to “I’m Enough” | Brian Chesky,The Midlife Chrysalis Podcast,UCtPeioiOc09k41TkTcwgiQw,4102.0,22530.0,Brian Chesky interview 2026,Brian Chesky,chesky,ABNB,68.4
o3wo8Y1QVZk,Confessions of Airbnb’s CEO | Founder Brian Chesky,The Jordan Harbinger Show,UCGLcx_fFZ3GlLXO5anHSm9w,5112.0,22484.0,Brian Chesky interview 2020,Brian Chesky,chesky,ABNB,85.2
MPIgtYdolic,We put Airbnb CEO Brian Chesky through his toughest test yet,Condé Nast Traveller India,UC9m4ZNVYqwphE3SFlsULN7A,257.0,22455.0,Brian Chesky interview 2020,Brian Chesky,chesky,ABNB,4.3
ZHlnd7oClbQ,Airbnb CEO Brian Chesky: Hotel prices will 'probably rise' next year,CNBC Television,UCrp_UI8XtuYfpiqluWLD7Lw,254.0,20634.0,Brian Chesky CNBC 2022,Brian Chesky,chesky,ABNB,4.2
3fmulfbLdmA,"Six business lessons of 2025 (Brian Chesky, Marc Benioff, Dara Treseder, will.i.am) | Rapid Response",Rapid Response,UConIpXEtuRp9M7bpgIYZ2qw,1645.0,19945.0,Brian Chesky full interview 2024,Brian Chesky,chesky,ABNB,27.4
ntvueIsgQwc,Brian Chesky 11 Star Experience,Papi Digital,UCxzr0lY3n-skr_m0NRgVoMw,248.0,19324.0,Brian Chesky interview 2020,Brian Chesky,chesky,ABNB,4.1
FqKIq9Z6Njg,Airbnb CEO Brian Chesky on 'Bloomberg Studio 1.0',Bloomberg Tech,UCrM7B7SL_g1edFOnmj-SDKg,1445.0,18302.0,Brian Chesky Bloomberg interview 2020,Brian Chesky,chesky,ABNB,24.1
rB71Cg1dD48,Airbnb CEO Brian Chesky at Skift Global Forum 2021,Skift,UCJXw0BFh90eeJlg3YMLYd2Q,1749.0,17085.0,Brian Chesky interview 2021,Brian Chesky,chesky,ABNB,29.2
R5_ypwiRIyo,Brian Chesky's secret mentor who scaled Airbnb (after dying 9 times & building a hotel empire),Lenny's Podcast,UC6t1O76G0jYXOAoYCm153dA,4777.0,16790.0,Brian Chesky interview 2023,Brian Chesky,chesky,ABNB,79.6
2-qTBfq9wC8,Airbnb CEO Brian Chesky on going back to company roots with private room rentals,CNBC Television,UCrp_UI8XtuYfpiqluWLD7Lw,228.0,16686.0,Brian Chesky CNBC 2022,Brian Chesky,chesky,ABNB,3.8
_a9XfJDYKYc,Airbnb CEO Brian Chesky at Skift Global Forum 2022,Skift,UCJXw0BFh90eeJlg3YMLYd2Q,2056.0,16496.0,Brian Chesky interview 2022,Brian Chesky,chesky,ABNB,34.3
DabuIUaFS4o,The Future of Airbnb Revealed by Its Founder and CEO Brian Chesky,Matthieu Stefani - Génération Do It Yourself,UCQ1ffXBtmuSbSxmaM363-eA,6389.0,16030.0,Brian Chesky interview 2024,Brian Chesky,chesky,ABNB,106.5
nJMGDlG6nJo,Walk The Talk With Airbnb CEO Brian Chesky,NDTV,UCZFMm1mMw0F81Z37aaEzTUA,722.0,14950.0,Brian Chesky interview 2021,Brian Chesky,chesky,ABNB,12.0
znmcXLnwpbM,Airbnb CEO Brian Chesky On The Future Of Work,MS NOW,UCaXkIU1QidjPwiAYu6GcHjg,419.0,14905.0,Brian Chesky full interview 2023,Brian Chesky,chesky,ABNB,7.0
5szUkjOudmA,Airbnb CEO Brian Chesky at Skift Global Forum 2023,Skift,UCJXw0BFh90eeJlg3YMLYd2Q,2021.0,13919.0,Brian Chesky interview 2023,Brian Chesky,chesky,ABNB,33.7
_xLWz18Y7Zk,Airbnb CEO Brian Chesky on its traditional IPO and the path to profitability,CNBC Television,UCrp_UI8XtuYfpiqluWLD7Lw,234.0,13554.0,Brian Chesky interview 2020,Brian Chesky,chesky,ABNB,3.9
0iBxWzmZG-M,Airbnb CEO Reads Out A CRAZY Rejection Letter That An Investor Sent Him! | Brian Chesky,The Diary Of A CEO Clips,UCnjgxChqYYnyoqO4k_Q1d6Q,767.0,13461.0,Brian Chesky interview 2023,Brian Chesky,chesky,ABNB,12.8
s3IhbJDFs5E,Airbnb's Brian Chesky: The major lessons that fueled Airbnb to scale | Masters of Scale Summit 2022,Masters of Scale,UCiemDAS1bXMBTx3jIIOukFg,1423.0,12957.0,Brian Chesky interview 2024,Brian Chesky,chesky,ABNB,23.7
Vl-HKW4aE20,"The most important thing for an Airbnb guest is affordability, says CEO Brian Chesky",CNBC Television,UCrp_UI8XtuYfpiqluWLD7Lw,295.0,12640.0,Brian Chesky interview 2022,Brian Chesky,chesky,ABNB,4.9
PckaA8lkvPY,Airbnb CEO Brian Chesky on travel outlook,CNBC Television,UCrp_UI8XtuYfpiqluWLD7Lw,910.0,12547.0,Brian Chesky CNBC 2022,Brian Chesky,chesky,ABNB,15.2
D4T1k9SJFds,Brian Chesky Takes BOLD ACTION To Save Hosts,Sean Rakidzich,UCvwmrPfn8ff-rTlc9YoH7Bg,487.0,11656.0,Brian Chesky interview 2026,Brian Chesky,chesky,ABNB,8.1
TG7zfVfnzW4,"Airbnb CEO Brian Chesky on offering new services, World Cup demand and host success",CNBC Television,UCrp_UI8XtuYfpiqluWLD7Lw,410.0,11053.0,Brian Chesky interview 2026,Brian Chesky,chesky,ABNB,6.8
pkLNZ7Mbg6U,Airbnb CEO Brian Chesky on 2024 Olympics: This is the biggest event in Airbnb history,CNBC Television,UCrp_UI8XtuYfpiqluWLD7Lw,335.0,10831.0,Brian Chesky interview 2024,Brian Chesky,chesky,ABNB,5.6
zamp3pkbCDA,Brian Chesky On The Importance of Company Culture and AirBnb's Core Values,Coffee N' Culture,UC6vT1zfkVtXM6aFUY-M84OA,342.0,10747.0,Brian Chesky interview 2021,Brian Chesky,chesky,ABNB,5.7
sGSpCAtEwRo,Airbnb CEO Brian Chesky Thinks He Can Make Cities More Affordable,TIME,UC8Su5vZCXWRag13H53zWVwA,2162.0,10491.0,Brian Chesky interview 2026,Brian Chesky,chesky,ABNB,36.0
u4L7GDJFTrk,"Airbnb CEO Brian Chesky discusses price transparency, company changes to make hosting easier",CBS Mornings,UC-SJ6nODDmufqBzPBwCvYvQ,317.0,9849.0,Brian Chesky interview 2024,Brian Chesky,chesky,ABNB,5.3
8i8CB4do8xU,"Airbnb CEO Brian Chesky on company's big screen debut, future",CBS Mornings,UC-SJ6nODDmufqBzPBwCvYvQ,293.0,9667.0,Brian Chesky interview 2020,Brian Chesky,chesky,ABNB,4.9
SYXrS7gmNtc,"The Social Radars S2 Ep.1: Brian Chesky, Co-Founder & CEO, Airbnb w YC Co-Founder Jessica Livingston",The Social Radars Podcast,UCMifE9PU5FPV1M7wC61K5CQ,4402.0,9483.0,Brian Chesky interview 2024,Brian Chesky,chesky,ABNB,73.4
qxUIVCmUfKk,Brian Chesky Responds To Hosts Demands.,Sean Rakidzich,UCvwmrPfn8ff-rTlc9YoH7Bg,599.0,9471.0,Brian Chesky CNBC 2026,Brian Chesky,chesky,ABNB,10.0
jo4Ze2c_hAY,Airbnb's Brian Chesky on designing a more human future | Masters of Scale Summit 2025,Rapid Response and Masters of Scale,,1898.0,9285.0,Brian Chesky interview 2025,Brian Chesky,chesky,ABNB,31.6
5IyQIhnwjOU,Airbnb CEO Brian Chesky speaks at New York Times DealBook Conference – 11/6/2019,CNBC Television,UCrp_UI8XtuYfpiqluWLD7Lw,1828.0,9200.0,Brian Chesky interview 2020,Brian Chesky,chesky,ABNB,30.5
zXzOlPQofCQ,Brian Chesky: Rebuilding Airbnb from the ground up | Rapid Response,Rapid Response,UConIpXEtuRp9M7bpgIYZ2qw,2033.0,8884.0,Brian Chesky interview 2025,Brian Chesky,chesky,ABNB,33.9
5OXLs8wIZkY,"Station Featuring: Brian Chesky, Co-Founder & CEO of Airbnb",STATION F,UCJdVyJNEdvWrQrUBGq6moIw,1398.0,8577.0,Brian Chesky interview 2020,Brian Chesky,chesky,ABNB,23.3
RyV6LrgqghU,"ITW 2023, John Elkann and Brian Chesky: The complete ""fireside chat""",La Repubblica,UC9ePmjVRHLL8x8vq5fOKflg,3482.0,8547.0,Brian Chesky interview 2023,Brian Chesky,chesky,ABNB,58.0
n0RzXz6tteE,"Airbnb CEO Chesky on Travel Demand, Crypto",Bloomberg Television,UCIALMKvObZNtJ6AmdCLP7Lg,735.0,8468.0,Brian Chesky interview 2022,Brian Chesky,chesky,ABNB,12.2
N5BqowY7KYk,"How did Airbnb come to be? And many other questions we asked Brian Chesky, founder & CEO of Airbnb.",Will Media,UCZM5aON36Iw0o0ngTaQSWVA,3317.0,7674.0,Brian Chesky interview 2023,Brian Chesky,chesky,ABNB,55.3
pn55Y7xXP6Q,How Brian Armstrong built Coinbase,a16z crypto,UCTHq3W46BiAYjKUYZq2qm-Q,3816.0,7481.0,Brian Chesky Bloomberg interview 2025,Brian Chesky,chesky,ABNB,63.6
EDjUTzE8M1I,Airbnb ft Brian Chesky - Battling a Copycat Clone and Rebuilding User Trust to Revolutionize Travel,Sequoia Capital,UCWrF0oN6unbXrWsTN7RctTw,2362.0,6646.0,Brian Chesky interview 2022,Brian Chesky,chesky,ABNB,39.4
LAGkMcMzWUc,"Airbnb CEO Brian Chesky on rental surge, how the pandemic is changing the way people live and work",CBS Mornings,UC-SJ6nODDmufqBzPBwCvYvQ,292.0,6384.0,Brian Chesky interview 2020,Brian Chesky,chesky,ABNB,4.9
BCQ3PaHCz_A,Airbnb CEO Brian Chesky on building trust with cities,CNBC Television,UCrp_UI8XtuYfpiqluWLD7Lw,255.0,6378.0,Brian Chesky interview 2020,Brian Chesky,chesky,ABNB,4.2
ORNBkZ9UrJk,"Airbnb CEO Brian Chesky on new features, user safety and growing regulation",CBS Mornings,UC-SJ6nODDmufqBzPBwCvYvQ,326.0,6166.0,Brian Chesky interview 2023,Brian Chesky,chesky,ABNB,5.4
Q75-dDkegL8,"Airbnb is still trying to work with the city of Barcelona despite the ban, says CEO Brian Chesky",CNBC Television,UCrp_UI8XtuYfpiqluWLD7Lw,288.0,6042.0,Brian Chesky interview 2024,Brian Chesky,chesky,ABNB,4.8
XOPRXz-Vkog,Airbnb CEO Brian Chesky on the company's expansion beyond vacation rentals,NBC News,UCeY0bbntWzzVIaj2z3QigXg,519.0,5711.0,Brian Chesky interview 2025,Brian Chesky,chesky,ABNB,8.6
Yh4okQ7d3Qk,Airbnb CEO Chesky Feels ‘Lucky' as Company Goes Public,Bloomberg Television,UCIALMKvObZNtJ6AmdCLP7Lg,939.0,5610.0,Brian Chesky interview 2020,Brian Chesky,chesky,ABNB,15.6
QrygOfgZbGU,Visionary's advice to entrepreneurs | Airbnb founder Brian Chesky,Invest in Yourself,UClRLSxD_S5EwpoGVFrvtjpw,497.0,5245.0,Brian Chesky interview 2020,Brian Chesky,chesky,ABNB,8.3
3QEhUzF8Ka8,Airbnb CEO Brian Chesky on How Social Service Parents Inspired Him to Put People First,The Drew Barrymore Show,UCWIj8e2_-uK1m886ADSYO6g,472.0,5117.0,Brian Chesky interview 2025,Brian Chesky,chesky,ABNB,7.9
VuHYeKMBwVo,"LIVE:  Airbnb Launches ""ICONS---Extraordinary experiences"" | Airbnb's CEO Brian Chesky EXCL",CNBC-TV18,UCmRbHAgG2k2vDUvb3xsEunQ,1929.0,4892.0,Brian Chesky CNBC 2024,Brian Chesky,chesky,ABNB,32.2
evcjN-w95EY,Brian Chesky Live on TBPN,TBPN,UC-DRzaGnL_vtBUpCFH5M0tg,2385.0,4848.0,Brian Chesky interview 2025,Brian Chesky,chesky,ABNB,39.8
FZUg_3y8x24,Sam Altman & Brian Chesky Award Muon G-2 Collaborations: 2026 Breakthrough Prize Ceremony,Breakthrough,UC-I2cp3hAGPt7qD57CmioKA,299.0,4621.0,Brian Chesky interview 2026,Brian Chesky,chesky,ABNB,5.0
xpp2hawRbAc,Airbnb founder Brian Chesky on how to interview and reference check new hires,Startup Archive,UCQrZfl1FeCN9c71yjOzWVRw,219.0,4011.0,Brian Chesky interview 2024,Brian Chesky,chesky,ABNB,3.6
MeBYmLSLFRg,Airbnb CEO Chesky on Future of Travel,Bloomberg Live,UC7UFcUbAd8oyCBWCogVpJ6g,1292.0,3840.0,Brian Chesky interview 2021,Brian Chesky,chesky,ABNB,21.5
gMvM3g0_ebA,Airbnb founder Brian Chesky explains the concept of designing a 7-star product experience,Startup Archive,UCQrZfl1FeCN9c71yjOzWVRw,192.0,3273.0,Brian Chesky interview 2024,Brian Chesky,chesky,ABNB,3.2
s1t-kJQYR-8,Justin Kan & Brian Chesky: The Rejections That Built Twitch and Airbnb | E2344,This Week in Startups,UCkkhmBWfS7pILYIk0izkc3A,4639.0,3125.0,Brian Chesky interview 2023,Brian Chesky,chesky,ABNB,77.3
p-hy-TIK0cU,Airbnb CEO Brian Chesky: Still seeing consumers spend a lot of money despite concerns over economy,CNBC Television,UCrp_UI8XtuYfpiqluWLD7Lw,233.0,3087.0,Brian Chesky interview 2025,Brian Chesky,chesky,ABNB,3.9
lnjTTsan1cE,Airbnb CEO Brian Chesky Exclusive Interview | Global Dialogues | CNBC TV18,CNBC-TV18,UCmRbHAgG2k2vDUvb3xsEunQ,1672.0,3070.0,Brian Chesky interview 2025,Brian Chesky,chesky,ABNB,27.9
zYJ_oQNVqNw,My Take on Brian Chesky's Mad Money Interview (Airbnb's Future),Richard Fertig,UCXaGl7DGyzvVXDwyyBoE0Gw,425.0,2799.0,Brian Chesky CNBC 2024,Brian Chesky,chesky,ABNB,7.1
hBXGtv5C40U,Yahoo Finance Presents: Airbnb Co-Founder & CEO Brian Chesky,Yahoo Finance,UCEAZeUIeJs0IjQiqTCdVSIg,573.0,2785.0,Brian Chesky interview 2021,Brian Chesky,chesky,ABNB,9.6
bEo9V4fojes,Brian Chesky on the Future of Travel,The Atlantic,UCK0z0_5uL7mb9IjntOKi5XQ,850.0,2608.0,Brian Chesky interview 2020,Brian Chesky,chesky,ABNB,14.2
AbEDi2r-UCE,Keynote: Airbnb's Brian Chesky on-stage at company's 10th birthday bash,tnooz,UCOF1Qt_BJcLtEEwZHjwq5sw,2907.0,2597.0,Brian Chesky interview 2020,Brian Chesky,chesky,ABNB,48.4
zRxNOPJqnVw,In conversation with Airbnb co-founder and CEO Brian Chesky,Reuters,UChqUTb7kYRX8-EiaN3XFrSQ,3592.0,2445.0,Brian Chesky CNBC 2023,Brian Chesky,chesky,ABNB,59.9
4fE8UGmyqvk,"Brian Chesky, CEO de Airbnb: ""Me siento como si tuviera 42 años, pero a punto de cumplir 62""",Diario Financiero,UClsjSNCR-0KAFw0v5uVMCHQ,1204.0,2323.0,Brian Chesky full interview 2023,Brian Chesky,chesky,ABNB,20.1
KVNuHzxrWqI,Squawk Pod: The Olympics begin: Airbnb’s Brian Chesky & IAC’s Barry Diller - 07/26/24 | Audio Only,CNBC Television,UCrp_UI8XtuYfpiqluWLD7Lw,2016.0,1866.0,Brian Chesky CNBC 2024,Brian Chesky,chesky,ABNB,33.6
XtRj4bjBxIU,Brian Chesky addresses Airbnb hosts on April 28 2020,Heart Song,UCrzdKxihRtGZFIY64S6ZhPA,1380.0,1855.0,Brian Chesky full interview 2020,Brian Chesky,chesky,ABNB,23.0
zw32cZq7az4,"The Story of Launching Airbnb | CEO Brian Chesky, Joe Gebbia, & Nathan Blecharczyk (TIP503)",The Investor’s Podcast,UCBOkqyWxbp8jtcsvcHB7qog,3579.0,1779.0,Brian Chesky full interview 2022,Brian Chesky,chesky,ABNB,59.6
WS08GVnSHLI,Brian Chesky: Designing a 10 star Experience,Finance Intellect ,UC21-AZFBbZSUQpldNI72H4w,3329.0,1663.0,Brian Chesky full interview 2021,Brian Chesky,chesky,ABNB,55.5
JTNNLX8yECw,Unveiling the Airbnb Journey: How Brian Chesky Built a $100 Billion Empire,Journey to Success: Untold Stories,UC69RuANU3htT64sr0RNBg2w,514.0,1597.0,Brian Chesky full interview 2023,Brian Chesky,chesky,ABNB,8.6
ODvpZRQjzfA,"Airbnb CEO Brian Chesky Unveils ""Icons"": Extraordinary Experiences That Bring Magic to Life",CNBC-TV18,UCmRbHAgG2k2vDUvb3xsEunQ,835.0,1228.0,Brian Chesky CNBC 2024,Brian Chesky,chesky,ABNB,13.9
0AK_AZcCLdE,This is Working LIVE: Brian Chesky,LinkedIn News,UCAcRg1xLpyk_vzdIGu_FCbg,2009.0,1203.0,Brian Chesky interview 2020,Brian Chesky,chesky,ABNB,33.5
LwDyW7tTVs4,"India Has A Great Culture Of Hospitality, India Is Also Digitally Advanced: Airbnb CEO Brian Chesky",CNBC-TV18,UCmRbHAgG2k2vDUvb3xsEunQ,219.0,1148.0,Brian Chesky CNBC 2024,Brian Chesky,chesky,ABNB,3.6
ES2EldfdbiY,Brian Chesky On How AirBnb Got Its First Round Of Funding,Coffee N' Culture,UC6vT1zfkVtXM6aFUY-M84OA,215.0,1089.0,Brian Chesky interview 2021,Brian Chesky,chesky,ABNB,3.6
r1giQ9bDfSM,"Airbnb CEO Brian Chesky On Growth, Big Bet On Experiences, Al & More",CNBC-TV18,UCmRbHAgG2k2vDUvb3xsEunQ,819.0,996.0,Brian Chesky interview 2025,Brian Chesky,chesky,ABNB,13.6
zA1qDOOJhdQ,"Hotseat: The Traveller of the Future with Brian Chesky, Airbnb",World Travel & Tourism Council,UCBBRBNEdEuMkpcjgdl1Z77w,1091.0,988.0,Brian Chesky interview 2021,Brian Chesky,chesky,ABNB,18.2
qm4T8k5dJZY,Airbnb CEO Brian Chesky Shares His Optimism For A Boom In India | CNBC TV18,CNBC-TV18,UCmRbHAgG2k2vDUvb3xsEunQ,651.0,984.0,Brian Chesky CNBC 2024,Brian Chesky,chesky,ABNB,10.8
Eq3eN3kOnew,Rise of the Rest Tech Talent Tour Keynote with Steve Case and Brian Chesky,Revolution Venture Capital,UC9I0I9DlS9k5MNOuH-xsK_g,2189.0,957.0,Brian Chesky full interview 2023,Brian Chesky,chesky,ABNB,36.5
8WTwulRBiZ0,Brian Chesky on Recruiting,PodiumVC,UC0ri5ZFZovsOO6cZO87lZzw,219.0,928.0,Brian Chesky interview 2024,Brian Chesky,chesky,ABNB,3.6
Rro2c6wD2Ns,Brian Chesky addresses Airbnb Hosts March 30 2020,Heart Song,UCrzdKxihRtGZFIY64S6ZhPA,1002.0,827.0,Brian Chesky CNBC 2020,Brian Chesky,chesky,ABNB,16.7
p0XNPgrTc24,BRIAN CHESKY: I Have NO MONEY for Rent! | Unpacking The Airbnb Story,WealthWits HQ,UCFlq61XQ6gaqazpL1yaeTpw,533.0,741.0,Brian Chesky Bloomberg interview 2022,Brian Chesky,chesky,ABNB,8.9
TYJwROZtzu8,Success by Accident | Airbnb CEO Brian Chesky,Invest in Yourself,UClRLSxD_S5EwpoGVFrvtjpw,234.0,716.0,Brian Chesky Bloomberg interview 2020,Brian Chesky,chesky,ABNB,3.9
nydxm-58bLY,Startup lessons from Airbnb founder Brian Chesky,Startup Monk,UCkIE3enI9xE4ZbHLRVvSY0w,1053.0,690.0,Brian Chesky Bloomberg interview 2020,Brian Chesky,chesky,ABNB,17.6
s9eXgl1MrpA,Airbnb Launches Icons | Predict That Airbnb Will Boom In India: Airbnb CEO Brian Chesky | CNBC TV18,CNBC-TV18,UCmRbHAgG2k2vDUvb3xsEunQ,1483.0,670.0,Brian Chesky CNBC 2024,Brian Chesky,chesky,ABNB,24.7
cma72BpHY2M,Episode 129: Brian Chesky on The Value of Shared Experiences,Dan Schawbel,UCzZPYhfF7HoLTUJoXUHHHvA,920.0,661.0,Brian Chesky Bloomberg interview 2021,Brian Chesky,chesky,ABNB,15.3
328yz47YSDQ,"Leadership lessons for the new year (Airbnb's Brian Chesky, José Andrés, Meta's Clara Shih & more)",Rapid Response,UConIpXEtuRp9M7bpgIYZ2qw,1452.0,624.0,Brian Chesky interview 2025,Brian Chesky,chesky,ABNB,24.2
tu2izZjS-BE,"Interview With Brian Chesky, AirBnB Founder, at Economic Club of New York",Business and Future,UCiAwKlWNcio5WxfThxwiOpg,1232.0,561.0,Brian Chesky interview 2021,Brian Chesky,chesky,ABNB,20.5
aXTC2R28TFM,Brian Chesky,debbie millman,UCY9E1fD4XQ-KVX5R5LJ9UVg,4854.0,445.0,Brian Chesky interview 2026,Brian Chesky,chesky,ABNB,80.9
cf0Jlt8ruSA,Brian Chesky CEO of Airbnb talks with Jim Cramer,eCommodities Inc,UC17ZtoAyBZszcVX0-86FOQg,405.0,439.0,Brian Chesky CNBC 2020,Brian Chesky,chesky,ABNB,6.8
0BzSXbA2AZ4,"Brian Chesky, Airbnb CEO: ""Latin America will continue to grow rapidly""",Bloomberg Línea Brasil,UCBc9G2aqKQDaMZbeeqgNpSA,824.0,384.0,Brian Chesky Bloomberg interview 2022,Brian Chesky,chesky,ABNB,13.7
9cns_Mll_nE,"Brian Chesky, Co-Founder of Airbnb - The Disruptor of Travel Industry",Yellow Bees,UCB9m7QGwKOKQEGiYfWlu-Yg,343.0,377.0,Brian Chesky interview 2020,Brian Chesky,chesky,ABNB,5.7
Fjjxn_7JbS4,Lost Early Interview of Brian Chesky & Joe Gebbia on Airbnb’s Early Days (2010),Ahmet Dedeler 2,UCi9Gb5dmVlNky2CYL2qwOWw,3806.0,331.0,Brian Chesky interview 2026,Brian Chesky,chesky,ABNB,63.4
v6By8C2IDeA,Airbnb CEO and Cofounder Brian Chesky Talks App Redesign | Bloomberg Talks,Bloomberg Podcasts,UChF5O40UBqAc82I7-i5ig6A,544.0,319.0,Brian Chesky Bloomberg interview 2025,Brian Chesky,chesky,ABNB,9.1
kEvNyxl6aqs,“India will be one of Airbnb’s biggest markets”: CEO Brian Chesky,PTI News,UCJ5gGTLrAeXFyOmooAEH7zw,793.0,319.0,Brian Chesky interview 2026,Brian Chesky,chesky,ABNB,13.2
DMYybbDngYc,"ETGBS 2020: The travel industry is never going to be the same again, says Airbnb CEO Brian Chesky",The Economic Times,UCJFOER35ggIWwsXh2ZDnqyg,1487.0,263.0,Brian Chesky interview 2020,Brian Chesky,chesky,ABNB,24.8
1ZoiLdGXIDA,What is AirBnB Founder and CEO Brian Chesky air bnb Interview,czar yaff,UCueVMrAxcJFtFXKcogEH08Q,1477.0,244.0,Brian Chesky full interview 2021,Brian Chesky,chesky,ABNB,24.6
_ZYislpPQBI,【デザイナーからAirbnbを起業】コロナを越えて13年目のIPO | Brian Chesky Co-Founder & CEO,mobest kappa,UCLXZdWK_JN4QOsOOYMMGnfg,651.0,229.0,Brian Chesky full interview 2020,Brian Chesky,chesky,ABNB,10.8
GDUsnv8PLnA,"Airbnb CEO Brian Chesky Talks Car Rentals, Food, Hotels | Bloomberg Talks",Bloomberg Podcasts,UChF5O40UBqAc82I7-i5ig6A,357.0,217.0,Brian Chesky interview 2026,Brian Chesky,chesky,ABNB,6.0
oQVu1spWE1I,Airbnb CEO Brian Chesky discusses the Future of Travel - Q&A Analysis,Kwong Yue Yang,UCPhj_wKRH8Hx7C0WgkmIeRw,515.0,215.0,Brian Chesky Bloomberg interview 2020,Brian Chesky,chesky,ABNB,8.6
2tRLrvJJEvQ,Lessons from Airbnb's Success I Brian Chesky's Storytelling,The Story Co,UC8qwXSTYxXg6dp9WsUG969A,867.0,201.0,Brian Chesky Bloomberg interview 2022,Brian Chesky,chesky,ABNB,14.4
k8sqd2uCS5o,How Airbnb Started : Interview With Airbnb CEO Brian Chesky,Abdul Nafay,UCcDS8TDzWY3WPls-XlWOetA,238.0,185.0,Brian Chesky interview 2021,Brian Chesky,chesky,ABNB,4.0
jj140BkC34M,I found Brian Chesky's Airbnb Listing and tried to make a booking,The Boostly Podcast,UCj4GxNlzjWGASeQVC6hroiQ,2373.0,147.0,Brian Chesky full interview 2023,Brian Chesky,chesky,ABNB,39.6
-3iCND1DXxM,Interview With Airbnb CEO Brian Chesky   Fortune,Airbnb Open Global Conference Group,UCWfuz1_tOr3QwEPhTl50tSg,1232.0,137.0,Brian Chesky interview 2020,Brian Chesky,chesky,ABNB,20.5
0ozQkHu7zkU,"Lecture 10   Culture Brian Chesky, Alfred Lin",HIEP Tran Hoang,UCWAiTAA5_6o-AhEYrTddf2w,3026.0,133.0,Brian Chesky full interview 2020,Brian Chesky,chesky,ABNB,50.4
M_UUb6KA2s0,"Airbnb CEO, Co-Founder Brian Chesky Talks New App Features | Bloomberg Talks",Bloomberg Podcasts,UChF5O40UBqAc82I7-i5ig6A,486.0,127.0,Brian Chesky Bloomberg interview 2023,Brian Chesky,chesky,ABNB,8.1
yVQZhAJcjD4,Ep. 136: Airbnb CEO Brian Chesky [Rebroadcast],Clever,UCiJzM8Uc9CHYyiKLN5f-5WQ,4012.0,115.0,Brian Chesky full interview 2022,Brian Chesky,chesky,ABNB,66.9
JsfvIXMVAg0,Airbnb Founder Brian Chesky on Growth | 2011,Economic Archive,UCx0eIccEMEpa0qNEgTlXgqg,341.0,114.0,Brian Chesky Bloomberg interview 2024,Brian Chesky,chesky,ABNB,5.7
LXHWJnWNrcM,Airbnb CEO Brian Chesky Talks Olympics Affecting Demand | Bloomberg Talks,Bloomberg Podcasts,UChF5O40UBqAc82I7-i5ig6A,538.0,111.0,Brian Chesky Bloomberg interview 2024,Brian Chesky,chesky,ABNB,9.0
E_si38M2jW8,Fast Company Innovation Festival: A View on the World: One-on-One with Airbnb’s Brian Chesky,Alisa Krutovsky,UCekt3I8ta0TRqpAW9ux4XGA,929.0,109.0,Brian Chesky interview 2022,Brian Chesky,chesky,ABNB,15.5
lqOY6f3GPyE,'Playing the long game': Airbnb CEO Brian Chesky eyes India as one of firm's biggest global markets,PTI News,UCJ5gGTLrAeXFyOmooAEH7zw,795.0,101.0,Brian Chesky interview 2026,Brian Chesky,chesky,ABNB,13.2
UvWhvd96ysE,Undestanding Brian Chesky: Behind Airbnb's Latest Expansion,Skift,UCJXw0BFh90eeJlg3YMLYd2Q,278.0,94.0,Brian Chesky interview 2025,Brian Chesky,chesky,ABNB,4.6
OJxqtj-GaEM,A New Age of Mobility with Airbnb CEO Brian Chesky,Skift,UCJXw0BFh90eeJlg3YMLYd2Q,1761.0,81.0,Brian Chesky interview 2024,Brian Chesky,chesky,ABNB,29.4
vHfiFBuEmJQ,"Billionaire Brian Chesky : Creating Airbnb, Scaling Fast and Culture",Financial Freedom,UCc10M9V--vPF-rzU5rIA9Uw,5910.0,64.0,Brian Chesky interview 2020,Brian Chesky,chesky,ABNB,98.5
2Ij5_0Gsnwk,Airbnb founder Brian Chesky on how to interview and reference check new hires,Finance & Tech Career Advice,UCwwH1BgHBD3sKBQThQcfpYg,219.0,64.0,Brian Chesky interview 2025,Brian Chesky,chesky,ABNB,3.6
vgNSoKiloVw,Reacting To Brian Chesky's C E O Airbnb Sway Interview... 🚀,The Boostly Podcast,UCj4GxNlzjWGASeQVC6hroiQ,292.0,60.0,Brian Chesky interview 2021,Brian Chesky,chesky,ABNB,4.9
VmXf3cMiSgk,Airbnb CEO Brian Chesky Keynote Full   2012 Phocuswright Conference,Airbnb Open Global Conference Group,UCWfuz1_tOr3QwEPhTl50tSg,2005.0,50.0,Brian Chesky full interview 2022,Brian Chesky,chesky,ABNB,33.4
Y2r19E1ZHkc,Airbnb CEO Brian Chesky Full Session 2015 Code Conference Day 2,Airbnb Open Global Conference Group,UCWfuz1_tOr3QwEPhTl50tSg,1916.0,46.0,Brian Chesky Bloomberg interview 2023,Brian Chesky,chesky,ABNB,31.9
5_H_dKxnycI,Brian Chesky s Founder Mode Playbook,raydionext,UCVPKklQ1Eee2OKYk6OW2U2Q,500.0,43.0,Brian Chesky interview 2025,Brian Chesky,chesky,ABNB,8.3
y5c73Lf-KNI,Interview With Airbnb CEO Brian Chesky,Finance Intellect ,UC21-AZFBbZSUQpldNI72H4w,1232.0,38.0,Brian Chesky full interview 2022,Brian Chesky,chesky,ABNB,20.5
-ZXNgkTCpDg,"Lecture 10 Culture Brian Chesky, Alfred Lin - BookBajar.com",Book Bajar,UCs0kxr1sZ3MmSInYIJtKlRw,3026.0,37.0,Brian Chesky Bloomberg interview 2021,Brian Chesky,chesky,ABNB,50.4
58nYWj32gzg,BRIAN CHESKY – “HOME AWAY: BRIAN CHESKY & THE AIRBNB SHIFT” #airbnb,Twenty One Business,UCtuzmLX02rN-PF3ZnxAJy0A,1824.0,18.0,Brian Chesky full interview 2025,Brian Chesky,chesky,ABNB,30.4
x750j3IIric,Commentary on Brian Chesky Config 2023 Interview,Hugo Monteiro,UCE9e61rUj_cdaqWtTBCmkBw,2921.0,16.0,Brian Chesky interview 2023,Brian Chesky,chesky,ABNB,48.7
FGnQQJc-DJs,Bodies 'n Business: Positive Influencer Series - Brian Chesky,Fly Bodies,UC3CHVx31K9lwrEPB7Pr2auQ,1078.0,11.0,Brian Chesky interview 2026,Brian Chesky,chesky,ABNB,18.0
cLl3jvRRW6U,"CEO Diaries: Airbnb’s Founder Brian Chesky on Brutal Rejection, Great Leadership, and The Biggest...",Beyond The Mic,UCDGWDRQAXtJRX2syf4Lhslg,810.0,10.0,Brian Chesky interview 2026,Brian Chesky,chesky,ABNB,13.5
EJ1V-nFp5qI,"Founder Mode | AirBNB Founder, Brian Chesky + ""Founder Mode At Is About the Thing Principle...""",Thrivetime Show,UCz39xK0obbbV1BqmrApCY-A,4569.0,9.0,Brian Chesky interview 2025,Brian Chesky,chesky,ABNB,76.2
JKx63FZZAV8,Brian Chesky (Airbnb) | The First Three Guests | The 500 Millionaire Blueprint,The 500 Millionaire Blueprint,UCPDw3KsMkyx6rjq8k-o9GMA,809.0,9.0,Brian Chesky full interview 2025,Brian Chesky,chesky,ABNB,13.5
GHYo1Ekj0mg,Ep. 136 Brian Chesky [Rebroadcast],Clever,UCiJzM8Uc9CHYyiKLN5f-5WQ,3970.0,8.0,Brian Chesky full interview 2024,Brian Chesky,chesky,ABNB,66.2
M0tw_WZQlbk,Building Connections: Brian Chesky on Loneliness and Airbnb's Journey,Martin Vika,UC0kaRXUCaFiRZ2LFIpsCDZQ,840.0,7.0,Brian Chesky interview 2024,Brian Chesky,chesky,ABNB,14.0
RFvHF6RqK-0,"Brian Chesky, the co-founder and CEO at Airbnb, is one such storyteller.",Rahul Yadav,UCWWCWWDZ51k1mJZ2eUuiWJQ,209.0,5.0,Brian Chesky interview 2023,Brian Chesky,chesky,ABNB,3.5
msoJc3P0SNo,"#326: Reid Hoffman of LinkedIn, Brian Chesky of Airbnb, and How to Scale to 100M+ Users",BlackNova Productions,UCtpPRj2HyCFVkNslwIbNt7A,2306.0,3.0,Brian Chesky interview 2026,Brian Chesky,chesky,ABNB,38.4
TjOKRPubifA,Brian Chesky about hiring process,Jean-Marc PONCHET,UCtNSdImreSNiuLvcTlxD73w,219.0,2.0,Brian Chesky full interview 2025,Brian Chesky,chesky,ABNB,3.6
w3Td67CdWNI,What Happened To Dell?,CNBC,UCvJJ_dzjViJCoLf5uKUTwoA,746.0,2951476.0,Michael Dell CNBC 2019,Michael Dell,dell,DELL,12.4
ZWsRcDLHRV0,Debate: Trump buys Dell stock before a $9.7B Pentagon contract,CNN,UCupvZG-5ko_eiXAupbDfxWw,634.0,283029.0,Michael Dell interview 2026,Michael Dell,dell,DELL,10.6
_3C0LK3rG6c,"Dell Technologies Founder Michael Dell Success Story in Hindi | Biography | Investor, Philanthropist",Live Hindi,UCHs3bWyXIw_6J0ORvg97b2w,309.0,271612.0,Michael Dell Bloomberg interview 2021,Michael Dell,dell,DELL,5.2
tZ9hEbASODA,How Michael Dell Leveraged His Entire Fortune (& Won),Logically Answered,UCZRoNJu1OszFqABP8AuJIuw,877.0,250703.0,Michael Dell interview 2024,Michael Dell,dell,DELL,14.6
uaBvJlHevAQ,"Michael Dell, Founder, Chairman and CEO, Dell Inc.","The Economic Club of Washington, D.C.",UCMxg9TQdOZSu21CHffziZlw,2831.0,182517.0,Michael Dell Bloomberg interview 2021,Michael Dell,dell,DELL,47.2
9y7TTU1jIvk,"Two Legendary Founders: Travis Kalanick & Michael Dell Live from Austin, Texas",All-In Podcast,UCESLZhusAkFfsNsApnjF_Cg,4556.0,180326.0,Michael Dell interview 2022,Michael Dell,dell,DELL,75.9
qYyJVRRTLlk,"Michael Dell, Chairman and CEO of Dell Technologies",Goldman Sachs,UCyz6-taovlaOkPsPtK4KNEg,1332.0,140807.0,Michael Dell interview 2018,Michael Dell,dell,DELL,22.2
MxOMEckLpm0,Oligarch Michael Bloomberg's Ad Spending Is INSANE,Secular Talk,UCldfgbzNILYZA4dmDt4Cd6A,377.0,79975.0,Michael Dell Bloomberg interview 2020,Michael Dell,dell,DELL,6.3
L59wnuI7od4,"Michael Barr stepped down to protect the Fed, says Mohamed El-Erian",CNBC Television,UCrp_UI8XtuYfpiqluWLD7Lw,485.0,78688.0,Michael Dell CNBC 2025,Michael Dell,dell,DELL,8.1
SCiZPY70l1c,"Michael Dell, Dell Technologies | Dell Technologies World 2023",SiliconANGLE theCUBE,UCu3Ri8DI1RQLdVtU12uIp1Q,1298.0,64913.0,Michael Dell interview 2023,Michael Dell,dell,DELL,21.6
pmhyaoBAbJM,Michael Bloomberg Joins Presidential Race,The Young Turks,UC1yBKRuGpC1tSM73A0ZjYjQ,635.0,59795.0,Michael Dell Bloomberg interview 2020,Michael Dell,dell,DELL,10.6
9WSsLSq40Yw,"Michael Dell, Dell Technologies | David Senra",David Senra,UCy2FPslt0LLPsIV0iukvHpQ,5440.0,55062.0,Michael Dell interview 2022,Michael Dell,dell,DELL,90.7
iKu-MoTz7s8,2019 Class Day Distinguished Speaker Michael R. Bloomberg,Harvard Business School,UCk8n46m74K5XWfdeBzOXDfA,1312.0,54995.0,Michael Dell Bloomberg interview 2019,Michael Dell,dell,DELL,21.9
5CtAG0gcu90,"Michael Dell, Dell | Dell Technologies World 2024",SiliconANGLE theCUBE,UCu3Ri8DI1RQLdVtU12uIp1Q,837.0,52042.0,Michael Dell interview 2024,Michael Dell,dell,DELL,14.0
8llmJ-1YqUI,Michael Dell's Business Lessons For Entrepreneurs | Forbes,Forbes,UCmh7afBz-uWwOSSNTqUBAhg,323.0,45108.0,Michael Dell interview 2021,Michael Dell,dell,DELL,5.4
Hlc5_Usndks,The Dell Success Story-Michael Dell Speech,Corporate Valley,UC-uGYCmh9Eph7CO7uFpYRdA,465.0,40828.0,Michael Dell interview 2022,Michael Dell,dell,DELL,7.8
DikE9G91c_I,Stunning Video Of Clueless Michael Bloomberg Showing NO Knowledge Of Iran Situation,The Majority Report w/ Sam Seder,UC-3jIAlnQmbbVMV6gR7K8aQ,429.0,39163.0,Michael Dell Bloomberg interview 2020,Michael Dell,dell,DELL,7.2
DAuTl1jgvWY,"The Hon. Michael Bloomberg, Mayor of the City of New York, Founder, Bloomberg LP","The Economic Club of Washington, D.C.",UCMxg9TQdOZSu21CHffziZlw,2936.0,38247.0,Michael Dell Bloomberg interview 2019,Michael Dell,dell,DELL,48.9
JlyjChhBkbY,WATCH: Dell CEO Michael & Susan Dell FULL Speeches on ‘Trump Accounts’ | White House Event | AC15,DWS News,UCrrXvYmau-9oMA6XJKZS2fQ,1416.0,37945.0,Michael Dell interview 2022,Michael Dell,dell,DELL,23.6
uB1fEC3e0OI,"Jennifer ""JJ"" Davis, Dell Technologies | Dell Technologies World 2023",SiliconANGLE theCUBE,UCu3Ri8DI1RQLdVtU12uIp1Q,1048.0,36868.0,Michael Dell interview 2023,Michael Dell,dell,DELL,17.5
f_PRPpWA_Tg,"Michael and Susan Dell announce $6.25 billion donation to fund ""Trump accounts"" for millions of kids",CBS News,UC8p1vwvWtl6T73JiExfWs1g,307.0,36366.0,Michael Dell interview 2022,Michael Dell,dell,DELL,5.1
WPfzXXgkY2o,"Shannon Champion, Dell Technologies & Drew Schulke, Dell Technologies | Dell Technologies World 2023",SiliconANGLE theCUBE,UCu3Ri8DI1RQLdVtU12uIp1Q,1239.0,34407.0,Michael Dell interview 2023,Michael Dell,dell,DELL,20.6
69j-tgjjZ8M,The Life Story of Michael Dell,Founders Podcast,UCQ-rrUCsJLNjFdPtKq0YOfA,6277.0,33798.0,Michael Dell interview 2025,Michael Dell,dell,DELL,104.6
dG1WSP72mnY,Michael Dell | Podcast | In Good Company | Norges Bank Investment Management,Norges Bank Investment Management,UCRhQsN8AVIfZuBNeRV1A37w,2702.0,31833.0,Michael Dell interview 2022,Michael Dell,dell,DELL,45.0
PqLDohvyx8Y,A Conversation with Michael Dell,University of California Television (UCTV),UCh6KFtW4a4Ozr81GI1cxaBQ,3357.0,30800.0,Michael Dell interview 2018,Michael Dell,dell,DELL,56.0
ntDUEK2FeKw,"Ep. 221: We are Live! Talking HPE, Pure Storage, Apple, NVIDIA, Microsoft, Dell",Six Five Media,UC7-rtz96bYgd2m4AhKtZFQw,3038.0,30192.0,Michael Dell Bloomberg interview 2024,Michael Dell,dell,DELL,50.6
wFwrtcj7HHM,"Chuck Whitten, Dell Technologies | Dell Technologies World 2023",SiliconANGLE theCUBE,UCu3Ri8DI1RQLdVtU12uIp1Q,1249.0,29796.0,Michael Dell interview 2023,Michael Dell,dell,DELL,20.8
B7fu7eLIjeo,"Michael Dell, Founder of Dell — How to Play Nice But Win | The Tim Ferriss Show",Tim Ferriss,UCznv7Vf9nBdJYvBagFdAHWw,2986.0,29666.0,Michael Dell full interview 2018,Michael Dell,dell,DELL,49.8
fZqnIAWgb7g,"Google's game-changing ad policy + Michael Dell on ""Play Nice But Win""  | E1293",This Week in Startups,UCkkhmBWfS7pILYIk0izkc3A,4243.0,28952.0,Michael Dell full interview 2020,Michael Dell,dell,DELL,70.7
wGzaJP3KWrw,Michael Bloomberg 2020 - 5 Problems | QT Politics,Question Time,UCKzMG1dg9_U2GY2B5S35VJQ,1228.0,28582.0,Michael Dell Bloomberg interview 2020,Michael Dell,dell,DELL,20.5
DZolizt9ZXg,"Ep. 218: We are Live! Talking Dell, Microsoft, IBM, Special Guest, NVIDIA, Lenovo, Synopsys",Six Five Media,UC7-rtz96bYgd2m4AhKtZFQw,3402.0,27829.0,Michael Dell interview 2024,Michael Dell,dell,DELL,56.7
srijRBNL1uo,Dell CEO Michael Dell sits down with Jim Cramer at Nvidia GTC conference,CNBC Television,UCrp_UI8XtuYfpiqluWLD7Lw,508.0,27378.0,Michael Dell interview 2025,Michael Dell,dell,DELL,8.5
yjlQMsioRJM,"Yousef Khalidi, Microsoft & Dennis Hoffman, Dell Technologies | MWC Barcelona 2023",SiliconANGLE theCUBE,UCu3Ri8DI1RQLdVtU12uIp1Q,1149.0,27171.0,Michael Dell interview 2023,Michael Dell,dell,DELL,19.2
SppDoXm6tpg,Dell Tech World Show Close | Dell Technology World 2024,SiliconANGLE theCUBE,UCu3Ri8DI1RQLdVtU12uIp1Q,743.0,24284.0,Michael Dell interview 2024,Michael Dell,dell,DELL,12.4
VSpZIIS0wNI,AnalystANGLE Day 3 | Dell Technologies World 2024,SiliconANGLE theCUBE,UCu3Ri8DI1RQLdVtU12uIp1Q,1193.0,24103.0,Michael Dell interview 2024,Michael Dell,dell,DELL,19.9
8Sefrm9tLoE,"Ep. 218: We are Live! Talking Dell, Microsoft, IBM, Special Guest, NVIDIA, Lenovo, Synopsys",Moor Insights & Strategy,UC8fY_kIR5AqTmafpAzOjQ2g,3402.0,23885.0,Michael Dell full interview 2023,Michael Dell,dell,DELL,56.7
mjupuQPwLFA,"Ep 169: We are Live! Talking SAP, Dell, Microsoft, NVIDIA, Marvell, Lenovo",Six Five Media,UC7-rtz96bYgd2m4AhKtZFQw,3730.0,22920.0,Michael Dell interview 2024,Michael Dell,dell,DELL,62.2
3yzKQ4jRmkM,Dell Technologies and Brocade’s Unique Partnership — Six Five On The Road at Dell Technologies World,Six Five Media,UC7-rtz96bYgd2m4AhKtZFQw,900.0,22509.0,Michael Dell interview 2024,Michael Dell,dell,DELL,15.0
b5pLumXjM3s,"Ryan Tabrah, Intel Corporation | Dell Technologies World 2024",SiliconANGLE theCUBE,UCu3Ri8DI1RQLdVtU12uIp1Q,998.0,22332.0,Michael Dell interview 2024,Michael Dell,dell,DELL,16.6
lTHucH8Xej8,"Ed Ward, Dell | Dell Technologies World 2024",SiliconANGLE theCUBE,UCu3Ri8DI1RQLdVtU12uIp1Q,1113.0,21654.0,Michael Dell interview 2024,Michael Dell,dell,DELL,18.6
TI_T1v60Wzg,"Kevin Johnson & Rob Rollinger, Bud Ecosystem | Dell Technologies World 2026",SiliconANGLE theCUBE,UCu3Ri8DI1RQLdVtU12uIp1Q,1083.0,21545.0,Michael Dell interview 2026,Michael Dell,dell,DELL,18.0
gOr9ksIrpPQ,"Michael Dell, Dell Technologies | Dell Technologies World 2026",SiliconANGLE theCUBE,UCu3Ri8DI1RQLdVtU12uIp1Q,1106.0,20286.0,Michael Dell interview 2022,Michael Dell,dell,DELL,18.4
AqgPuXYxLGU,The Six Five On the Road at Dell Headquarters with Patrick Mooney,Moor Insights & Strategy,UC8fY_kIR5AqTmafpAzOjQ2g,1332.0,20227.0,Michael Dell interview 2022,Michael Dell,dell,DELL,22.2
bENxzw8NN_s,"Drew Schulke & Shannon Champion, Dell | Dell Technologies World 2024",SiliconANGLE theCUBE,UCu3Ri8DI1RQLdVtU12uIp1Q,1070.0,20212.0,Michael Dell interview 2024,Michael Dell,dell,DELL,17.8
NcGfnxA-eF4,Exclusive Interview with Michael S.Dell - Founder Dell Inc,Corporate Valley,UC-uGYCmh9Eph7CO7uFpYRdA,899.0,19834.0,Michael Dell full interview 2019,Michael Dell,dell,DELL,15.0
xDu7ea-Pk_E,"Michael Dell, Dell Technologies | Dell Technologies World 2022",SiliconANGLE theCUBE,UCu3Ri8DI1RQLdVtU12uIp1Q,1177.0,18369.0,Michael Dell CNBC 2022,Michael Dell,dell,DELL,19.6
H04MuaLu_Sk,Dell Technologies World 2023 - Episode 169 - Six Five Podcast,Six Five Media,UC7-rtz96bYgd2m4AhKtZFQw,551.0,18269.0,Michael Dell interview 2023,Michael Dell,dell,DELL,9.2
ECHvExPngGU,"Michael Dell, Dell Technologies | Dell Technologies World 2025",SiliconANGLE theCUBE,UCu3Ri8DI1RQLdVtU12uIp1Q,792.0,18236.0,Michael Dell interview 2025,Michael Dell,dell,DELL,13.2
HsUWP874bNU,Watch CNBC's full interview with Department of Defense Under Secretary Emil Michael,CNBC Television,UCrp_UI8XtuYfpiqluWLD7Lw,759.0,17790.0,Michael Dell CNBC 2026,Michael Dell,dell,DELL,12.6
CRrskzZf7L8,Dell Technologies CEO: Not Just a PC Company | Mad Money | CNBC,CNBC Television,UCrp_UI8XtuYfpiqluWLD7Lw,694.0,16435.0,Michael Dell interview 2018,Michael Dell,dell,DELL,11.6
Xve8tTUOI5s,Base Power CEO Zach Dell: We sell the most affordable and reliable power on the market to homeowners,CNBC Television,UCrp_UI8XtuYfpiqluWLD7Lw,384.0,16305.0,Michael Dell CNBC 2025,Michael Dell,dell,DELL,6.4
4f_C-ChB1Rg,Michael Dell ON: Dreaming Bigger Than Your Goals & How to Play Nice But Win,Jay Shetty Podcast,UCbk_QsfaFZG6PdQeCvaYXJQ,2336.0,16224.0,Michael Dell full interview 2020,Michael Dell,dell,DELL,38.9
JaID2co8KVg,"I wonder if we will say this is the era when Dell took over the computer space, says Jim Cramer",CNBC Television,UCrp_UI8XtuYfpiqluWLD7Lw,196.0,15957.0,Michael Dell CNBC 2026,Michael Dell,dell,DELL,3.3
4Mq7G_6nles,"Dell's financial acumen is 'really impressive', says Melius' Ben Reitzes",CNBC Television,UCrp_UI8XtuYfpiqluWLD7Lw,273.0,15767.0,Michael Dell CNBC 2024,Michael Dell,dell,DELL,4.6
76299Or-gOo,Michael Dell Discusses Dell Technologies And Providing Infrastructure For The Future | CNBC,CNBC,UCvJJ_dzjViJCoLf5uKUTwoA,3084.0,15181.0,Michael Dell interview 2018,Michael Dell,dell,DELL,51.4
czSKIEu31Jc,Michael Dell on the new (private) Dell | Fortune,Fortune Magazine,UCP2gdh7HfjgCoi8lO50dA5w,1538.0,14298.0,Michael Dell full interview 2020,Michael Dell,dell,DELL,25.6
fRcLXqhLVCg,Michael Dell: A.I. is about how we augment human capability & make all of humanity more successful,CNBC Television,UCrp_UI8XtuYfpiqluWLD7Lw,449.0,14275.0,Michael Dell interview 2020,Michael Dell,dell,DELL,7.5
yAcyYciZRfU,"Citigroup CEO Michael Corbat on Economy, Legacy",David Rubenstein,UCqsN9MYiu1mKSAsYoF6ppTg,2875.0,14123.0,Michael Dell Bloomberg interview 2021,Michael Dell,dell,DELL,47.9
3c-dW7xZLks,Watch CNBC's full interview with Dell founder and CEO Michael Dell,CNBC Television,UCrp_UI8XtuYfpiqluWLD7Lw,814.0,13403.0,Michael Dell interview 2018,Michael Dell,dell,DELL,13.6
x3PWqC9rfZM,"David Noy, Dell Technologies | SC25",SiliconANGLE theCUBE,UCu3Ri8DI1RQLdVtU12uIp1Q,1094.0,13326.0,Michael Dell interview 2025,Michael Dell,dell,DELL,18.2
ZgCtvZx40iE,"Geraldine (Gerri) Tunnell, Dell Technologies | Dell Technologies World 2026",SiliconANGLE theCUBE,UCu3Ri8DI1RQLdVtU12uIp1Q,665.0,12288.0,Michael Dell interview 2026,Michael Dell,dell,DELL,11.1
HIjeWyvR5so,Saturday Night Live Creator Lorne Michaels on The David Rubenstein Show,Bloomberg Television,UCIALMKvObZNtJ6AmdCLP7Lg,1446.0,12267.0,Michael Dell Bloomberg interview 2025,Michael Dell,dell,DELL,24.1
msPLYsaoNM8,"Michael Dell, Dell Technologies | Dell Technologies World 2020",SiliconANGLE theCUBE,UCu3Ri8DI1RQLdVtU12uIp1Q,1124.0,12105.0,Michael Dell interview 2020,Michael Dell,dell,DELL,18.7
byshsWWzW7o,"Big calls of the day: Dell Technologies, Kellogg, Chewy & more",CNBC Television,UCrp_UI8XtuYfpiqluWLD7Lw,243.0,11837.0,Michael Dell CNBC 2020,Michael Dell,dell,DELL,4.0
fwD8qabnL4Y,"Charlie Walker & Marc Hammons, Dell Technologies World 2026",SiliconANGLE theCUBE,UCu3Ri8DI1RQLdVtU12uIp1Q,1224.0,11213.0,Michael Dell interview 2026,Michael Dell,dell,DELL,20.4
M5F1_hRg3tA,"Rob Bruckner, Dell Technologies | Dell Technologies World 2026",SiliconANGLE theCUBE,UCu3Ri8DI1RQLdVtU12uIp1Q,1189.0,11111.0,Michael Dell interview 2026,Michael Dell,dell,DELL,19.8
zTYCfGHDCyA,"Rob Sonders, Dell Technologies & Bob Ward, Microsoft | Dell Technologies World 2026",SiliconANGLE theCUBE,UCu3Ri8DI1RQLdVtU12uIp1Q,1100.0,11098.0,Michael Dell interview 2026,Michael Dell,dell,DELL,18.3
fYj6hCyOIAU,"Suresh Andani, AMD & Melissa Crichton, Dell Technologies | Dell Technologies World 2026",SiliconANGLE theCUBE,UCu3Ri8DI1RQLdVtU12uIp1Q,1034.0,11085.0,Michael Dell interview 2026,Michael Dell,dell,DELL,17.2
N4DKC9bS1wE,"Michael Dell, Dell Technologies | Dell Technologies World 2018",SiliconANGLE theCUBE,UCu3Ri8DI1RQLdVtU12uIp1Q,1234.0,10998.0,Michael Dell interview 2018,Michael Dell,dell,DELL,20.6
973pl47-CLQ,Michael Dell Success Story In Telugu | Dell Company History | Vijeetha | YOYO TV Channel,YOYO TV Channel,UCJ97pLhPp-CU9Tj4-dp9B6g,284.0,10673.0,Michael Dell interview 2018,Michael Dell,dell,DELL,4.7
ouwjkjaLVWk,Michael Dell And Other Business Leaders Offer Advice For New Entrepreneurs | Forbes,Forbes,UCmh7afBz-uWwOSSNTqUBAhg,941.0,10244.0,Michael Dell interview 2022,Michael Dell,dell,DELL,15.7
eozcHd8qu1g,Michael Bloomberg | 2019 Washington University Commencement Speech,Washington University in St. Louis,UCZInJskrOiCsvw2fFnrpqXA,1286.0,10199.0,Michael Dell Bloomberg interview 2019,Michael Dell,dell,DELL,21.4
IKca_1yL-l8,"Jon Siegal, Dell Technologies | Dell CES 2026 Exclusive",SiliconANGLE theCUBE,UCu3Ri8DI1RQLdVtU12uIp1Q,1125.0,10175.0,Michael Dell interview 2026,Michael Dell,dell,DELL,18.8
35Ieo-M9XHg,"Michael Dell, Dell Technologies | Dell Technologies World 2021",SiliconANGLE theCUBE,UCu3Ri8DI1RQLdVtU12uIp1Q,1236.0,10131.0,Michael Dell interview 2020,Michael Dell,dell,DELL,20.6
r-tnOvBzobI,IREN CEO: Have Great Relationship With Dell and Nvidia,Bloomberg Tech,UCrM7B7SL_g1edFOnmj-SDKg,311.0,9598.0,Michael Dell CNBC 2026,Michael Dell,dell,DELL,5.2
Q3gBk6p1MTE,Michael Bloomberg on the Petrochemical Industry and His Succession Plans,New York Times Events,UCtZNqEGzfQ6jO4SXWz51bRw,1603.0,9079.0,Michael Dell Bloomberg interview 2020,Michael Dell,dell,DELL,26.7
f8lqxT2nx2Q,Computer pioneer Michael Dell looks to the future,CBS Mornings,UC-SJ6nODDmufqBzPBwCvYvQ,409.0,9075.0,Michael Dell interview 2019,Michael Dell,dell,DELL,6.8
vtYSSyJOO-0,Michael Dell's Startup Summit,Forbes,UCmh7afBz-uWwOSSNTqUBAhg,894.0,8873.0,Michael Dell interview 2018,Michael Dell,dell,DELL,14.9
q8r8E23saPg,"June 13 ZKast, Interview with Dell, Intel and World Wide Technology and Dell Tech World",Zeus Kerravala,UCXzm90rAf8T7xHP1zLL-ZJg,1247.0,8865.0,Michael Dell full interview 2023,Michael Dell,dell,DELL,20.8
d4LRtEj9Vh4,"Jason Schroedl, Nvidia, and Adam Glick, Dell Technologies | SC24",SiliconANGLE theCUBE,UCu3Ri8DI1RQLdVtU12uIp1Q,1652.0,8813.0,Michael Dell interview 2024,Michael Dell,dell,DELL,27.5
_V0397ZXvAw,WATCH: President Donald Trump Announces ‘Trump Accounts’ with Dell CEO Michael Dell | AC15,DWS News,UCrrXvYmau-9oMA6XJKZS2fQ,1981.0,8740.0,Michael Dell interview 2025,Michael Dell,dell,DELL,33.0
dBtjNPTQbjQ,Dell Technologies Co-Founder Michael Dell talks $6.25 billion donation to Invest America,CNBC Television,UCrp_UI8XtuYfpiqluWLD7Lw,250.0,8729.0,Michael Dell interview 2025,Michael Dell,dell,DELL,4.2
QZnUzmOGflY,"Jeff Clarke, Dell Technologies | Dell Technologies World 2022",SiliconANGLE theCUBE,UCu3Ri8DI1RQLdVtU12uIp1Q,1073.0,8507.0,Michael Dell interview 2022,Michael Dell,dell,DELL,17.9
-l4Ce9nXWUg,Dell CEO Michael Dell on the decision to go public,CNBC Television,UCrp_UI8XtuYfpiqluWLD7Lw,927.0,8399.0,Michael Dell interview 2018,Michael Dell,dell,DELL,15.4
_LCJl7KHvgc,Dell CEO Michael Dell on Apex offerings and VMware spinoff,CNBC Television,UCrp_UI8XtuYfpiqluWLD7Lw,252.0,8371.0,Michael Dell CNBC 2020,Michael Dell,dell,DELL,4.2
95aMuM0ZJa4,Michael Dell on dealing with Bill Gates and Steve Jobs in the early days | This Week in Startups,This Week in Startups Clips,UCS7tJlcUA6PzVHEMo-X7ddg,571.0,8251.0,Michael Dell interview 2021,Michael Dell,dell,DELL,9.5
axFKUZYZmd0,Options Action: What to expect from Dell next week,CNBC Television,UCrp_UI8XtuYfpiqluWLD7Lw,220.0,8091.0,Michael Dell CNBC 2024,Michael Dell,dell,DELL,3.7
QLKm8-s1cnY,Cramer's lightning round: Own Dell over VMware,CNBC Television,UCrp_UI8XtuYfpiqluWLD7Lw,206.0,8068.0,Michael Dell CNBC 2020,Michael Dell,dell,DELL,3.4
V_nQiPPtGfo,"Ihab Tarazi, Dell Technologies | MWC Barcelona 2024",SiliconANGLE theCUBE,UCu3Ri8DI1RQLdVtU12uIp1Q,1166.0,8009.0,Michael Dell interview 2024,Michael Dell,dell,DELL,19.4
AU-B8a-KVIM,"Ihab Tarazi, Dell Technologies & Jacob Yundt, CoreWeave | Scaling The Agentic Era",SiliconANGLE theCUBE,UCu3Ri8DI1RQLdVtU12uIp1Q,1656.0,7661.0,Michael Dell full interview 2026,Michael Dell,dell,DELL,27.6
xvidT8PHUKk,"Fed Sees Modest Wage Growth, Dell Gets Boost | Bloomberg Businessweek Daily 9/2/2026",Bloomberg Television,UCIALMKvObZNtJ6AmdCLP7Lg,2939.0,7219.0,Michael Dell CNBC 2026,Michael Dell,dell,DELL,49.0
dqaGIwAtWHU,Dell looks to phase out use of all China chips by 2024,CNBC Television,UCrp_UI8XtuYfpiqluWLD7Lw,203.0,6826.0,Michael Dell CNBC 2023,Michael Dell,dell,DELL,3.4
yxHHkOvDIqA,"Michael Dell, Dell Technologies | VMworld 2018",SiliconANGLE theCUBE,UCu3Ri8DI1RQLdVtU12uIp1Q,1339.0,6795.0,Michael Dell interview 2018,Michael Dell,dell,DELL,22.3
XQF4DWaKZuw,"Michael Dell, Dell Technologies | Dell Technologies World 2019",SiliconANGLE theCUBE,UCu3Ri8DI1RQLdVtU12uIp1Q,974.0,6649.0,Michael Dell interview 2019,Michael Dell,dell,DELL,16.2
X5_Ztm5HhcY,Michael Dell: New Era For Dell | Squawk Box | CNBC,CNBC,UCvJJ_dzjViJCoLf5uKUTwoA,204.0,6627.0,Michael Dell interview 2018,Michael Dell,dell,DELL,3.4
ZFjunaABUQI,Dell CEO Michael Dell on Q2 earnings results,CNBC Television,UCrp_UI8XtuYfpiqluWLD7Lw,293.0,6526.0,Michael Dell CNBC 2019,Michael Dell,dell,DELL,4.9
Cjd63vyaVPA,'Post-conflict of interest world'? Dell stocks soared after Trump endorsement,MS NOW,UCaXkIU1QidjPwiAYu6GcHjg,454.0,6269.0,Michael Dell CNBC 2026,Michael Dell,dell,DELL,7.6
vI4BHzhoeB0,Cramer: Dell's stock is 'ridiculously cheap' despite being shackled by China fears,CNBC Television,UCrp_UI8XtuYfpiqluWLD7Lw,654.0,5934.0,Michael Dell CNBC 2019,Michael Dell,dell,DELL,10.9
yRxZDlU48Gw,Michael Dell: I'm the ultimate long-term investor,CNBC Television,UCrp_UI8XtuYfpiqluWLD7Lw,509.0,5879.0,Michael Dell interview 2018,Michael Dell,dell,DELL,8.5
xURBvO0HSYY,"Steve Kearns, Elastic & Vrashank Jain, Dell Technologies | NVIDIA GTC 2026",SiliconANGLE theCUBE,UCu3Ri8DI1RQLdVtU12uIp1Q,990.0,5516.0,Michael Dell interview 2026,Michael Dell,dell,DELL,16.5
i4-GHo6KslA,Special Report: Dell is NOT selling VMware,SiliconANGLE theCUBE,UCu3Ri8DI1RQLdVtU12uIp1Q,1112.0,5493.0,Michael Dell interview 2020,Michael Dell,dell,DELL,18.5
gxLEeO3q_vk,Michael Dell’s journey to building billion-dollar tech company detailed in new book,CBS News,UC8p1vwvWtl6T73JiExfWs1g,705.0,5435.0,Michael Dell CNBC 2022,Michael Dell,dell,DELL,11.8
IHU9aCuzp2g,Michael Dell discusses PC demand amid Covid and supply chain issues,CNBC Television,UCrp_UI8XtuYfpiqluWLD7Lw,340.0,5304.0,Michael Dell interview 2020,Michael Dell,dell,DELL,5.7
-mbZ1YK5OcA,Chart of the Day: Dell,CNBC Television,UCrp_UI8XtuYfpiqluWLD7Lw,411.0,5280.0,Michael Dell CNBC 2021,Michael Dell,dell,DELL,6.8
ABFEG4os82g,"Bill Gates, Michael Dell, and Steve Ballmer talk about coronavirus, success, and life",Yahoo Finance,UCEAZeUIeJs0IjQiqTCdVSIg,5904.0,5230.0,Michael Dell interview 2020,Michael Dell,dell,DELL,98.4
lrwwrOlYej0,"Iran faces legitimacy issues following death of President Raisi, says AEI's Michael Rubin",CNBC Television,UCrp_UI8XtuYfpiqluWLD7Lw,315.0,4973.0,Michael Dell CNBC 2024,Michael Dell,dell,DELL,5.2
3qebsVNVg90,Dell EMC Networking Dell Tech World 2019,The CTO Advisor,UCn73v-dZndutgl4s46fJwWw,1343.0,4926.0,Michael Dell interview 2019,Michael Dell,dell,DELL,22.4
H2oonkOZkzY,"Pat Gelsinger, VMware | Dell Technologies World 2019",SiliconANGLE theCUBE,UCu3Ri8DI1RQLdVtU12uIp1Q,1342.0,4745.0,Michael Dell full interview 2019,Michael Dell,dell,DELL,22.4
joZ9GuJXBJw,NYT's columnist on Michael Milken pardon: Rule of law in U.S. appears under threat,CNBC Television,UCrp_UI8XtuYfpiqluWLD7Lw,374.0,4642.0,Michael Dell CNBC 2024,Michael Dell,dell,DELL,6.2
RYlFPWPYkYU,Dell: Q3 2022 expectations remain consistent with guidance,CNBC Television,UCrp_UI8XtuYfpiqluWLD7Lw,265.0,4585.0,Michael Dell CNBC 2020,Michael Dell,dell,DELL,4.4
jaaDki7pQWE,Building a Tech Empire - Michael Dell | Highlights | In Good Company,Norges Bank Investment Management,UCRhQsN8AVIfZuBNeRV1A37w,587.0,4427.0,Michael Dell interview 2022,Michael Dell,dell,DELL,9.8
WyTBtNo2wZA,NEWS: DNC CHANGES Its Rules to Allow Billionaire Michael Bloomberg in the Dem Debate,Status Coup News,UC0pCsHlEEmCfxllZSlRB2Og,632.0,4343.0,Michael Dell Bloomberg interview 2020,Michael Dell,dell,DELL,10.5
HXTSLlAwnj0,Dell Tech World 2024 - Episode 218 - Six Five Podcast,Six Five Media,UC7-rtz96bYgd2m4AhKtZFQw,509.0,4329.0,Michael Dell interview 2024,Michael Dell,dell,DELL,8.5
s1C8jL8KH00,Michael Dell Says He's Glad He Met With President Trump,Bloomberg Tech,UCrM7B7SL_g1edFOnmj-SDKg,289.0,4308.0,Michael Dell Bloomberg interview 2018,Michael Dell,dell,DELL,4.8
nNXMQpK6q-I,Dell: Public Companies Talk to Me About Going Private,Bloomberg Originals,UCUMZ7gohGI9HcU9VNsr2FJQ,190.0,4305.0,Michael Dell interview 2019,Michael Dell,dell,DELL,3.2
DyKk87C-C0U,Michael Dell interview - 7/23/1991,Sir Mix-A-Lot Rare Music,UCZCHdQ3MmEQJ-tzIiWG1ekQ,814.0,4247.0,Michael Dell interview 2022,Michael Dell,dell,DELL,13.6
qEsUVYC02gw,"Michael Dell, Dell Technologies | VMworld 2019",SiliconANGLE theCUBE,UCu3Ri8DI1RQLdVtU12uIp1Q,1273.0,4205.0,Michael Dell interview 2019,Michael Dell,dell,DELL,21.2
UR1WFAdCMuA,Carl Icahn says Dell tracking stock VMware is more valuable than Dell itself,CNBC Television,UCrp_UI8XtuYfpiqluWLD7Lw,299.0,4044.0,Michael Dell CNBC 2018,Michael Dell,dell,DELL,5.0
jLVFpi_sw88,"'We think Dell is going to outperform here,' says Citi's Jim Suva",CNBC Television,UCrp_UI8XtuYfpiqluWLD7Lw,262.0,3891.0,Michael Dell CNBC 2020,Michael Dell,dell,DELL,4.4
Yk8ZsLYjnFg,"WATCH: Trump Hosts Major White House Roundtable with Top CEOs — Dell, IBM & Business Leaders | AC15",DWS News,UCrrXvYmau-9oMA6XJKZS2fQ,3715.0,3853.0,Michael Dell interview 2025,Michael Dell,dell,DELL,61.9
qPA4taec1vQ,Remarks by Michael Bloomberg,Goldman Sachs,UCyz6-taovlaOkPsPtK4KNEg,651.0,3675.0,Michael Dell Bloomberg interview 2020,Michael Dell,dell,DELL,10.8
aGJvKyidPqQ,Dell Technologies Summit,SiliconANGLE theCUBE,UCu3Ri8DI1RQLdVtU12uIp1Q,3121.0,3121.0,Michael Dell full interview 2022,Michael Dell,dell,DELL,52.0
64lcqWQTIKo,"CEO Michael Arougheti on Ares Record Q4 '25 Earnings, Scale in Private Markets, Retaining Top Talent",Ares Management,UCAFDKaTTE_APSf04PnAYnSQ,784.0,2994.0,Michael Dell Bloomberg interview 2025,Michael Dell,dell,DELL,13.1
P_K3F9sOx6U,Dell Q2FY25 Earnings - Episode 230 - Six Five Podcast,Six Five Media,UC7-rtz96bYgd2m4AhKtZFQw,674.0,2953.0,Michael Dell CNBC 2024,Michael Dell,dell,DELL,11.2
eDR0ANTXamw,Michael Dell on how businesses can gain insight from their data,CNBC Television,UCrp_UI8XtuYfpiqluWLD7Lw,559.0,2915.0,Michael Dell interview 2019,Michael Dell,dell,DELL,9.3
uc2n9OtjtMA,I'd look to buy a library or studio if I ran Netflix: Michael Nathanson,CNBC Television,UCrp_UI8XtuYfpiqluWLD7Lw,233.0,2872.0,Michael Dell CNBC 2024,Michael Dell,dell,DELL,3.9
trGPc0bGA00,"Scott Bils, Dell Technologies | Nvidia GTC 2024",SiliconANGLE theCUBE,UCu3Ri8DI1RQLdVtU12uIp1Q,717.0,2856.0,Michael Dell interview 2024,Michael Dell,dell,DELL,12.0
bIQdVIBMa3k,The Cube at Dell Technologies World 2022 | Dell Technologies World 2022,SiliconANGLE theCUBE,UCu3Ri8DI1RQLdVtU12uIp1Q,1203.0,2791.0,Michael Dell interview 2022,Michael Dell,dell,DELL,20.0
-KDUezuO_Zo,Watch CNBC's full interview with Piper Sandler's Michael Kantrowitz,CNBC Television,UCrp_UI8XtuYfpiqluWLD7Lw,350.0,2757.0,Michael Dell CNBC 2020,Michael Dell,dell,DELL,5.8
GYO8yivJ0JA,Dell Technologies CEO Michael Dell shares stories from his new book (Full Stream 10/5),Washington Post Live,UCt_SXDdK6qBv4FfJ8DybxKg,1844.0,2705.0,Michael Dell interview 2019,Michael Dell,dell,DELL,30.7
dry3mBpiRJE,Michael Dell: How A 19 Year Old Founded Dell Technologies,Business Chronicles,UCBdgBP2KYZftBtQ7J_YMg1Q,701.0,2614.0,Michael Dell full interview 2019,Michael Dell,dell,DELL,11.7
gD7FoqN2fpQ,"John Roese, Dell Technologies | Dell Technologies World 2020",SiliconANGLE theCUBE,UCu3Ri8DI1RQLdVtU12uIp1Q,1823.0,2527.0,Michael Dell interview 2020,Michael Dell,dell,DELL,30.4
R9gcN_gm4po,First phase of Gaza peace deal should be celebrated as an important development: Michael Froman,CNBC Television,UCrp_UI8XtuYfpiqluWLD7Lw,449.0,2498.0,Michael Dell CNBC 2025,Michael Dell,dell,DELL,7.5
wkzmUnd19KU,"Grant Duke & Lisa Schaub, Microsoft | Dell Technologies World 2025",SiliconANGLE theCUBE,UCu3Ri8DI1RQLdVtU12uIp1Q,1168.0,2386.0,Michael Dell interview 2025,Michael Dell,dell,DELL,19.5
VHrCZ54F46Y,Dell Technologies CEO Michael Dell speaks at the Economic Club of New York – 11/21/2019,CNBC Television,UCrp_UI8XtuYfpiqluWLD7Lw,2135.0,2362.0,Michael Dell interview 2018,Michael Dell,dell,DELL,35.6
8y3A4d9UpOQ,"Dell EMC World 2017 - Michael Dell, Chairman and CEO",VMware,UCZTvfJMhQ5Oc5TFw465tcJQ,600.0,2301.0,Michael Dell CNBC 2018,Michael Dell,dell,DELL,10.0
voCBD6F73E4,"Jenn Saavedra, Dell Technology Summit",SiliconANGLE theCUBE,UCu3Ri8DI1RQLdVtU12uIp1Q,812.0,2299.0,Michael Dell interview 2022,Michael Dell,dell,DELL,13.5
vfG8oCe0Ye8,Beginnings: A Panel About Entrepreneurism with Michael Dell (Full Session) | Interactive 2014 | SXSW,SXSW,UC2YKXCQ8wt1RFpQEELwILCQ,3506.0,2241.0,Michael Dell full interview 2018,Michael Dell,dell,DELL,58.4
liaFTJC063s,Michael Dell Keynote Analysis | Dell Technologies World 2019,SiliconANGLE theCUBE,UCu3Ri8DI1RQLdVtU12uIp1Q,814.0,2193.0,Michael Dell CNBC 2019,Michael Dell,dell,DELL,13.6
sJMSt4rqvUk,Dell CFO Says May 'Adjust Prices Appropriately' Due to Tariffs,Bloomberg Television,UCIALMKvObZNtJ6AmdCLP7Lg,283.0,2153.0,Michael Dell Bloomberg interview 2019,Michael Dell,dell,DELL,4.7
mhjuib_a4wA,What to Expect at Dell Tech World 2022,SiliconANGLE theCUBE,UCu3Ri8DI1RQLdVtU12uIp1Q,454.0,2149.0,Michael Dell full interview 2022,Michael Dell,dell,DELL,7.6
fAYt8QpBKJM,Interview with Michael Dell and other Tech Leaders,rabiul islam,UCXMYw8rQTa7hB97n6yoeW_Q,184.0,2113.0,Michael Dell CNBC 2022,Michael Dell,dell,DELL,3.1
oTI_yHtGeTU,Dell interviews Ubuntu + Canonical founder Mark Shuttleworth,thesethingsmatter,UCxFpbcwX_2EW4Uo9B1r-6uA,599.0,2046.0,Michael Dell full interview 2023,Michael Dell,dell,DELL,10.0
Mj4ED0jjogU,The 7 leadership principles at Dell via Michael Dell,Dan Croitor,UCw0uQHve23oMWgQcTTpgQsQ,977.0,2033.0,Michael Dell full interview 2019,Michael Dell,dell,DELL,16.3
s--z7DxA9b8,Michael Dell's Billionaire Lifestyle || LUXURY LIFESTYLE,PRO LUXURY EXHIBITIONS,UCJSMP6RMWhw1Xa78ncFWQ8Q,515.0,1924.0,Michael Dell interview 2020,Michael Dell,dell,DELL,8.6
wl-hEDkt43Y,Michael Dell Says EMC Combination Is Paying Off,Bloomberg Tech,UCrM7B7SL_g1edFOnmj-SDKg,475.0,1907.0,Michael Dell CNBC 2018,Michael Dell,dell,DELL,7.9
5-vNmVor6Ug,"Michael Dell, Dell Technologies | Dell Boomi World 2018",SiliconANGLE theCUBE,UCu3Ri8DI1RQLdVtU12uIp1Q,1736.0,1849.0,Michael Dell interview 2018,Michael Dell,dell,DELL,28.9
77_dPXNo9Ao,Michael and Susan Dell on Unlocking Untapped Talent Around the World,TIME,UC8Su5vZCXWRag13H53zWVwA,345.0,1849.0,Michael Dell interview 2026,Michael Dell,dell,DELL,5.8
u1kUSUR1clM,Michael Dell: ‘Not enough’ progress on diversity in the tech industry,Yahoo Finance,UCEAZeUIeJs0IjQiqTCdVSIg,2000.0,1673.0,Michael Dell interview 2019,Michael Dell,dell,DELL,33.3
mqZwq0PUo4E,Michael Dell: Distributed computing will be even more distributed in the future,CNBC Television,UCrp_UI8XtuYfpiqluWLD7Lw,203.0,1632.0,Michael Dell CNBC 2020,Michael Dell,dell,DELL,3.4
SkG61vPUzx4,RSAC TV: Interview with Michael Dell,RSAC Cybersecurity,UCYzwGkfOqrevO-4TuTjPLwQ,747.0,1622.0,Michael Dell interview 2018,Michael Dell,dell,DELL,12.4
T-E-ruI2zxQ,"JJ Davis, Dell Technologies | Dell Technologies World 2022",SiliconANGLE theCUBE,UCu3Ri8DI1RQLdVtU12uIp1Q,996.0,1614.0,Michael Dell interview 2022,Michael Dell,dell,DELL,16.6
XeA8zxq1CjA,"Our Business In Asia Continues to Do Well, Says Dell Technologies’s Midha",Bloomberg Television,UCIALMKvObZNtJ6AmdCLP7Lg,412.0,1608.0,Michael Dell Bloomberg interview 2018,Michael Dell,dell,DELL,6.9
OZBGtWntAfg,"CEO Michael Arougheti Reflects on Ares’ Record Performance in 2024, Outlook for 2025",Ares Management,UCAFDKaTTE_APSf04PnAYnSQ,545.0,1585.0,Michael Dell Bloomberg interview 2024,Michael Dell,dell,DELL,9.1
DIcr_A1q8qg,Michael Dell on his $6.25B investment in American children,ABC News,UCBi2mrWuNuyYy4gbM6fU18Q,369.0,1578.0,Michael Dell interview 2026,Michael Dell,dell,DELL,6.2
JKZhrXjQFys,"Michael Dell, Academy Class of 1998, Full Interview",Academy of Achievement,UChe_87uh1H-NIMf3ndTjPFw,2863.0,1574.0,Michael Dell interview 2019,Michael Dell,dell,DELL,47.7
z-2h89T2hFA,Faber Report: Icahn challenges Dell deal,CNBC Television,UCrp_UI8XtuYfpiqluWLD7Lw,340.0,1568.0,Michael Dell CNBC 2018,Michael Dell,dell,DELL,5.7
-Qo1MC4Bx4Q,Michael Dell on Calculating Risk and Focusing on What You Control,Daily Stoic Podcast,UC6N2Vvwh5Pb9F530wDt_fjQ,3378.0,1450.0,Michael Dell interview 2022,Michael Dell,dell,DELL,56.3
HA0-8gxi5Ic,"WATCH: Kevin O'Leary, Brad Gerstner, and Michael Dell Speak on Trump Accounts - 01/28/26",Right Side Broadcasting Network,UCHqC-yWZ1kri4YzwRSt6RGQ,1555.0,1367.0,Michael Dell interview 2026,Michael Dell,dell,DELL,25.9
7VAkP4kYA6g,Michael Dell and Marc Benioff  Unscripted,Paul Mooney,UCHg8xAs4lugC9VGYuv2Qu_g,1221.0,1364.0,Michael Dell interview 2019,Michael Dell,dell,DELL,20.4
hi5yeuLnCLU,Episode 156: Michael Dell on Lessons From His Entrepreneurial Journey,Dan Schawbel,UCzZPYhfF7HoLTUJoXUHHHvA,452.0,1334.0,Michael Dell full interview 2020,Michael Dell,dell,DELL,7.5
uLlikSk5p3Q,Dell CEO Michael Dell on going public and VMware,CNBC Television,UCrp_UI8XtuYfpiqluWLD7Lw,295.0,1323.0,Michael Dell interview 2018,Michael Dell,dell,DELL,4.9
2AtbUWNtrxc,"CEO Michael Arougheti on Succession Planning, Business Growth and Industry Consolidation",Ares Management,UCAFDKaTTE_APSf04PnAYnSQ,549.0,1305.0,Michael Dell Bloomberg interview 2025,Michael Dell,dell,DELL,9.2
wsddXPC-jLQ,Michael Bilello Talks US-Canada Booze Ban | Bloomberg Talks,Bloomberg Podcasts,UChF5O40UBqAc82I7-i5ig6A,462.0,1278.0,Michael Dell Bloomberg interview 2026,Michael Dell,dell,DELL,7.7
ifXKESa4-0c,The Annual Manufacturing Report 2018 - an interview with Dell Technologies,The Manufacturer,UCJmYnhO28O-IMMBEZ3x1tVg,237.0,1274.0,Michael Dell interview 2018,Michael Dell,dell,DELL,4.0
DVeDyDONl3Y,Episode 03: Michael Bloomberg,Grubstakers,UCSKcGT3JHxhAMfJCot2PgWw,4207.0,1270.0,Michael Dell Bloomberg interview 2018,Michael Dell,dell,DELL,70.1
AM9w7vl4IjQ,Talking Heads: Michael Dell (Aired: March 2002),NDTV,UCZFMm1mMw0F81Z37aaEzTUA,470.0,1228.0,Michael Dell full interview 2018,Michael Dell,dell,DELL,7.8
AstlDd2lUkU,IT Distinguished Lecture : A conversation with Michael Dell,Brown University,UCjnWysJh9-r9wo82zlbMT3A,3855.0,1205.0,Michael Dell full interview 2018,Michael Dell,dell,DELL,64.2
0dnC4ipknqk,"FULL: Michael, Susan Dell pledge $6B for children's investment 'Trump Accounts'",FOX 5 New York,UCIjSUWHWp6KohfnR5OQTXnQ,2456.0,1125.0,Michael Dell interview 2025,Michael Dell,dell,DELL,40.9
7JbYrFvo3kw,Keynote Analysis: Michael Dell | Dell Technologies World 2018,SiliconANGLE theCUBE,UCu3Ri8DI1RQLdVtU12uIp1Q,802.0,1018.0,Michael Dell interview 2018,Michael Dell,dell,DELL,13.4
oDfp_mvZeKA,"Karen Quintos, Dell Technologies | Dell Technologies World 2019",SiliconANGLE theCUBE,UCu3Ri8DI1RQLdVtU12uIp1Q,1009.0,1003.0,Michael Dell interview 2019,Michael Dell,dell,DELL,16.8
8A64iKNOTbc,"WNBA announces first capital raise led by Nike, Michael Dell and more",CNBC Television,UCrp_UI8XtuYfpiqluWLD7Lw,263.0,990.0,Michael Dell CNBC 2020,Michael Dell,dell,DELL,4.4
dU9NK_r9VKI,"Doug Schmitt & Alex Barretto, Dell Technology | Dell Technologies World 2019",SiliconANGLE theCUBE,UCu3Ri8DI1RQLdVtU12uIp1Q,1191.0,945.0,Michael Dell interview 2019,Michael Dell,dell,DELL,19.8
Bg-uHJY6E-o,Jumpstarting Digital Transformation and Reducing Time to Value Are Key to Success—Michael Dell,VMware Tanzu,UCzd8R3vkpllD4CJn_5g5sKg,659.0,928.0,Michael Dell full interview 2018,Michael Dell,dell,DELL,11.0
l_NrBEGEbSY,"Dell 'Very Pleased' With Second-Quarter, CFO Sweet Says",Bloomberg Television,UCIALMKvObZNtJ6AmdCLP7Lg,314.0,907.0,Michael Dell Bloomberg interview 2018,Michael Dell,dell,DELL,5.2
HU8bpmP0VqA,TES Presents: Talking Startups with Michael Dell.avi,1SemesterStartup,UCIXBcIXATmQlA-k8vJonxdw,3226.0,892.0,Michael Dell full interview 2022,Michael Dell,dell,DELL,53.8
52O8YN6xEBA,Mark Thompson with Michael Dell-Building a Relationship with your Customers,Mark Thompson,UCSWvZJt-oL3Fm1ME5BRgtbA,278.0,855.0,Michael Dell interview 2019,Michael Dell,dell,DELL,4.6
BkFDmmWjToQ,The Dell Challengers Awards in Association with Moneycontrol and CNBC-TV18,CNBC-TV18,UCmRbHAgG2k2vDUvb3xsEunQ,7141.0,817.0,Michael Dell CNBC 2022,Michael Dell,dell,DELL,119.0
EHjlp6EmsqU,Michael Nemeroff: 2020 to lag 2019 in M&A,CNBC Television,UCrp_UI8XtuYfpiqluWLD7Lw,216.0,796.0,Michael Dell CNBC 2019,Michael Dell,dell,DELL,3.6
OlwHOtRf7E4,Faber Report: Dell offers $120 per share in cash for tracking stock,CNBC Television,UCrp_UI8XtuYfpiqluWLD7Lw,291.0,789.0,Michael Dell CNBC 2018,Michael Dell,dell,DELL,4.8
j_sZJaODDh4,"Michael Morton, Dell Boomi | Dell Technologies World 2019",SiliconANGLE theCUBE,UCu3Ri8DI1RQLdVtU12uIp1Q,969.0,772.0,Michael Dell interview 2019,Michael Dell,dell,DELL,16.2
aIykmASlbEM,The Dell Challengers Awards in association with Moneycontrol and CNBC-TV18,CNN-News18,UCef1-8eOpJgud7szVPlZQAQ,7156.0,769.0,Michael Dell CNBC 2022,Michael Dell,dell,DELL,119.3
NTkpwkhH3F8,Nasdaq to Hit All Time High By The Summer | Interview With Michael Lee,Achieving Alpha Podcast - Steven Budgen,UCPY5PqKkmxprVTRunTMLS4A,2204.0,762.0,Michael Dell Bloomberg interview 2025,Michael Dell,dell,DELL,36.7
8UUe6lyJfXo,Dell’s Burd Seeing a Lot of Interest in PCs and Technology,Bloomberg Television,UCIALMKvObZNtJ6AmdCLP7Lg,334.0,752.0,Michael Dell Bloomberg interview 2019,Michael Dell,dell,DELL,5.6
HZqqTGKXg2o,TIP250: Lessons From Billionaire Michael Bloomberg,The Intrinsic Value Podcast,UCPbMnGLeHscshhD7PAEnvbw,1738.0,728.0,Michael Dell Bloomberg interview 2022,Michael Dell,dell,DELL,29.0
--ZTgILm-eM,Mark Thompson with Michael Dell-The Early Entrepreneurial Years,Mark Thompson,UCSWvZJt-oL3Fm1ME5BRgtbA,465.0,715.0,Michael Dell interview 2019,Michael Dell,dell,DELL,7.8
orQxs0BSYbU,ETtech Point Blank with Michael Dell,ETTech,UCT5z4eiap7UvEdkmhptuUjA,615.0,710.0,Michael Dell full interview 2019,Michael Dell,dell,DELL,10.2
G46dVdyAfgI,Dell CEO on what to expect following the company's market re-entry - Davos 2019,CNBC Television,UCrp_UI8XtuYfpiqluWLD7Lw,376.0,698.0,Michael Dell CNBC 2018,Michael Dell,dell,DELL,6.3
QNoxvnynVWA,"Michael Dell, Clay Johnston | When Health Care Goes High-Tech | SXSW 2018",SXSW,UC2YKXCQ8wt1RFpQEELwILCQ,3694.0,635.0,Michael Dell interview 2018,Michael Dell,dell,DELL,61.6
voV6pCIiJz0,"Tom Sweet, Dell Technologies | Dell Technologies World 2019",SiliconANGLE theCUBE,UCu3Ri8DI1RQLdVtU12uIp1Q,1122.0,621.0,Michael Dell interview 2019,Michael Dell,dell,DELL,18.7
AHNoa3Zlct4,"Sam Burd, Dell Technologies | Dell Technologies World Digital Experience",SiliconANGLE theCUBE,UCu3Ri8DI1RQLdVtU12uIp1Q,2086.0,587.0,Michael Dell interview 2023,Michael Dell,dell,DELL,34.8
gsTCy0v5H80,Widespread shareholder opposition for Dell deal,CNBC Television,UCrp_UI8XtuYfpiqluWLD7Lw,380.0,583.0,Michael Dell CNBC 2018,Michael Dell,dell,DELL,6.3
Wv-YBHRovb0,CEO Michael Arougheti on CNBC’s Inside Alts with Leslie Picker,Ares Management,UCAFDKaTTE_APSf04PnAYnSQ,1632.0,574.0,Michael Dell CNBC 2025,Michael Dell,dell,DELL,27.2
JuTbXi7VLBA,Why did Dell go public? Experts debate,CNBC Television,UCrp_UI8XtuYfpiqluWLD7Lw,235.0,542.0,Michael Dell CNBC 2018,Michael Dell,dell,DELL,3.9
D25XtbnCAXQ,Trump Says Fox Corp's Murdochs May Join TikTok Deal | Oracle & Dell Also in Talks | N18G,CNBC-TV18,UCmRbHAgG2k2vDUvb3xsEunQ,196.0,531.0,Michael Dell CNBC 2025,Michael Dell,dell,DELL,3.3
Mr-WB6TLjDY,Dell Technologies World 2022 - Day 1 Keynote,Tech Doodles,UCBt9nINj3DmheFi3W9wTiuA,243.0,508.0,Michael Dell full interview 2022,Michael Dell,dell,DELL,4.0
6P-p1ObOuAU,"Erin Banks, Dell EMC | Dell Technologies World 2019",SiliconANGLE theCUBE,UCu3Ri8DI1RQLdVtU12uIp1Q,962.0,490.0,Michael Dell interview 2019,Michael Dell,dell,DELL,16.0
iabcq5SQ3u4,Dell CSO - The battle with threat actors,The Stack,UCvbgwJ2WGmoTFHdHWiKiTWw,800.0,487.0,Michael Dell full interview 2023,Michael Dell,dell,DELL,13.3
54DE8nzQVb4,Dell's Sweetened Bid: How Will Carl Icahn Respond?,Bloomberg Originals,UCUMZ7gohGI9HcU9VNsr2FJQ,239.0,486.0,Michael Dell Bloomberg interview 2018,Michael Dell,dell,DELL,4.0
bNGGdkn3J8c,Dell CEO Michael Dell On What The Future Looks Like As A Public Company,CRN,UCurcT7T1Eyz9VO6ntt-uZLw,203.0,481.0,Michael Dell interview 2018,Michael Dell,dell,DELL,3.4
x63bribbRYo,Is Mark Hurd the Man for Dell?,Bloomberg Originals,UCUMZ7gohGI9HcU9VNsr2FJQ,369.0,464.0,Michael Dell Bloomberg interview 2018,Michael Dell,dell,DELL,6.2
doUN1nbMYuo,Michael Dell vs. Wall Street: Dorm Room to Billion-Dollar Battles,James Altucher,UCRQlx2klE_aNrPhz2OyKRdg,3383.0,457.0,Michael Dell interview 2025,Michael Dell,dell,DELL,56.4
dTefqKyOHLk,Hardware Announcements at Dell Technologies World 2019,Kascade,UCMFV5DtMHYkvWa8RU_PDtIA,468.0,444.0,Michael Dell CNBC 2019,Michael Dell,dell,DELL,7.8
x4gTeB-FDCc,Eleanor Randolph - The Many Lives of Michael Bloomberg,Roosevelt House Public Policy Institute at Hunter College,UC5_hqq61srTFiKC0Wio8YEA,3973.0,433.0,Michael Dell Bloomberg interview 2020,Michael Dell,dell,DELL,66.2
oFmQ4XeJr1Y,Day 2 Kick Off | Dell Technologies World 2022,SiliconANGLE theCUBE,UCu3Ri8DI1RQLdVtU12uIp1Q,563.0,418.0,Michael Dell full interview 2022,Michael Dell,dell,DELL,9.4
1jdLXQZ-RO4,$1000 Startup: Michael Dell and the creation of Dell Technologies,Raking it in,UCEtNE9lYW4sjcVatDMfJA0A,281.0,414.0,Michael Dell interview 2021,Michael Dell,dell,DELL,4.7
h8cnfzo70yw,How Michael Dell Turned $1000 into a BILLION Dollar Empire!,The Rich Rabbit,UCN3P2nGx_DjBbHg0zwaNTgg,587.0,413.0,Michael Dell interview 2023,Michael Dell,dell,DELL,9.8
sRtn6OiebRs,Dell’s Debt Among Potential Reasons for Going Public Again,Bloomberg Law,UCJL_gIOVp2fjfsKH4kbeEwA,340.0,403.0,Michael Dell Bloomberg interview 2018,Michael Dell,dell,DELL,5.7
ElCZhYDLEf8,"Michael Dell, Chairman and Chief Executive Officer, Dell Technologies",Boston College Chief Executives Club,UCATRijYwVcyrHc6HpD0-GGg,2394.0,388.0,Michael Dell interview 2020,Michael Dell,dell,DELL,39.9
R2AZYvtboUU,Dell Technologies highlights technology trends to watch out for in 2022,CNBC Africa,UCsba91UGiQLFOb5DN3Z_AdQ,743.0,384.0,Michael Dell CNBC 2022,Michael Dell,dell,DELL,12.4
FJf-U5JQfdg,Michael Dell Says Data Is Driving More Businesses,Bloomberg Tech,UCrM7B7SL_g1edFOnmj-SDKg,257.0,381.0,Michael Dell interview 2018,Michael Dell,dell,DELL,4.3
ohzV9ltTzI8,Dell Projects Carl Icahn's Buyout Has $3.9B Funding Gap,Bloomberg Originals,UCUMZ7gohGI9HcU9VNsr2FJQ,206.0,372.0,Michael Dell interview 2023,Michael Dell,dell,DELL,3.4
hqv5DWnv2Lk,Dell Technology Forums – India 2020 | CNBC-TV18,CNBC-TV18,UCmRbHAgG2k2vDUvb3xsEunQ,1341.0,368.0,Michael Dell CNBC 2020,Michael Dell,dell,DELL,22.4
JiFZ78kd8Wo,Unplugged With Dell Technologies,CNBC-TV18,UCmRbHAgG2k2vDUvb3xsEunQ,1126.0,362.0,Michael Dell CNBC 2021,Michael Dell,dell,DELL,18.8
nPwfoz-bPts,FULL EVENT: U.S. President Donald Trump Unveils ‘Trump Accounts’ with CEO of Dell Michael | AC15,DWS News,UCrrXvYmau-9oMA6XJKZS2fQ,2461.0,350.0,Michael Dell interview 2025,Michael Dell,dell,DELL,41.0
9eLfQGHOL_g,Interview With Bandleader Michael Dell of The Michael Dell Orchestra,Ulster County Italian-American Foundation,UCj1B5C3UQOpMmj3M8NI1-tw,229.0,334.0,Michael Dell interview 2020,Michael Dell,dell,DELL,3.8
QpoC6SdD-5c,"Bask Iyer, Dell & VMware | Dell Technologies World 2018",SiliconANGLE theCUBE,UCu3Ri8DI1RQLdVtU12uIp1Q,1078.0,332.0,Michael Dell interview 2018,Michael Dell,dell,DELL,18.0
i4Pu6f6TQOo,Dell’s Look Forward to 2026,The TIA Channel,UCWhgQIALQN4D088iCugiW8g,604.0,329.0,Michael Dell interview 2026,Michael Dell,dell,DELL,10.1
S7nh4RCVRKw,Michael Saylor Full Interview CNBC Squawk Box: Bitcoin's Momentum in Digital Capital Markets,Vampyre Drakul,UCY2r4ax23Qm8ovgpuVKoEdg,452.0,302.0,Michael Dell CNBC 2025,Michael Dell,dell,DELL,7.5
A4pbowu7fvw,CoreWeave CEO Michael Intrator Talks Anthropic Deal | Bloomberg Talks,Bloomberg Podcasts,UChF5O40UBqAc82I7-i5ig6A,469.0,300.0,Michael Dell Bloomberg interview 2026,Michael Dell,dell,DELL,7.8
y4P4mVW2HsY,"CDITechSummitIII- A Conversation with Michael Dell, Chairman & CEO of Dell Technologies",CDI,UCx99j8mutlnYuhaP9Cw_dEQ,2662.0,292.0,Michael Dell full interview 2019,Michael Dell,dell,DELL,44.4
zJh4F33tKWY,Michael Dell | 7 Super Tips,equalman,UC6O8Xs6H5Jr-PkxybRjuo6Q,362.0,281.0,Michael Dell Bloomberg interview 2020,Michael Dell,dell,DELL,6.0
nikUqfsx-MY,Michael Dell In Conversation w/ Robert Safian,Mirth And Motivation,UCaKIL7ZNEqQfiUBt49m_jaA,346.0,279.0,Michael Dell full interview 2020,Michael Dell,dell,DELL,5.8
0t56pVLXKKQ,How Michael Dell (Dell Corporation & Technologies) Made Billions,Business Explained,UCYVpFvOAJZo5m6WwJk7XEPg,517.0,274.0,Michael Dell CNBC 2023,Michael Dell,dell,DELL,8.6
aiuj29v3DG0,Dell's Deal Can Be Tweaked Without Cash: McCracken,Bloomberg Originals,UCUMZ7gohGI9HcU9VNsr2FJQ,214.0,271.0,Michael Dell Bloomberg interview 2018,Michael Dell,dell,DELL,3.6
kEJj3-i6htA,Dell Technologies: Celebrating The Achievements Of Small Business | The Dell Challenges Awards,CNBC-TV18,UCmRbHAgG2k2vDUvb3xsEunQ,696.0,265.0,Michael Dell CNBC 2022,Michael Dell,dell,DELL,11.6
GS_mRX11tk8,Dell CEO Michael Dell Talks Donation To Fund 'Trump Accounts' For Kids | Bloomberg Talks,Bloomberg Podcasts,UChF5O40UBqAc82I7-i5ig6A,685.0,257.0,Michael Dell interview 2025,Michael Dell,dell,DELL,11.4
ra6WXzEog0c,Dell: Challenging Consumer Market,DynaLinkTel,UCCzAMVwNdRcpP7f5pvA_H4g,340.0,255.0,Michael Dell CNBC 2024,Michael Dell,dell,DELL,5.7
jTc6uOwAa8I,Pursuit Fireside Chat - Adam Dell,Pursuit,UCwJs2ERaeL0LhCfKeuLQgwA,2256.0,254.0,Michael Dell interview 2025,Michael Dell,dell,DELL,37.6
Dh6QB5Gy8Qc,Investing in the Next Generation with Michael Dell at CNBC Invest in America Forum,CNBC Events,UCqwreS1wKG2l_K2ESOtIlyA,319.0,248.0,Michael Dell interview 2026,Michael Dell,dell,DELL,5.3
aRTCjpw-VPM,Michael Dell Interview,cronaldo7akabest,UCvo0PcPDoByHPajfahIpGnw,231.0,240.0,Michael Dell interview 2021,Michael Dell,dell,DELL,3.8
w-ZEuHLXIAE,Dell and Rakuten Symphony on their collaboration,Rakuten Symphony,UCjzforDy8gMFS8mbRFgSrjQ,272.0,240.0,Michael Dell interview 2024,Michael Dell,dell,DELL,4.5
MbGtvph1GZY,Michael Dell at the opening of Dell's Silicon Valley Innovation Center,Vince Sprite,UCiHaZQ1JYlYsFgLqQnlh1yw,188.0,228.0,Michael Dell CNBC 2020,Michael Dell,dell,DELL,3.1
oCXn4d6Rhro,Michael's Angel Paws | Dell Technologies World 2019,SiliconANGLE theCUBE,UCu3Ri8DI1RQLdVtU12uIp1Q,539.0,216.0,Michael Dell interview 2019,Michael Dell,dell,DELL,9.0
QoLhZWgaJvY,T-Mobile & Pivotal at Dell Tech World 2019,VMware Tanzu,UCzd8R3vkpllD4CJn_5g5sKg,2928.0,214.0,Michael Dell full interview 2019,Michael Dell,dell,DELL,48.8
JANHOmQd5Rs,Michael Dell on ET Interview - Part 3,ET Now,UCI_mwTKUhicNzFrhm33MzBQ,579.0,209.0,Michael Dell interview 2020,Michael Dell,dell,DELL,9.6
ct4tWEjRos8,Live from GTC 2024 - Interview with Dell Technologies,VentureBeat,UCHFEou9pndBIAW5NA200TAQ,957.0,206.0,Michael Dell interview 2024,Michael Dell,dell,DELL,16.0
FWrtKGpLR3k,#SecretsSelfmadeBillionaires 1019 Michael Dell and the PC Revolution,#SecretsSelfmadeBillionaires by Paul Chan,UCBp9SM5icJ40sD9ovecI4Pw,294.0,198.0,Michael Dell interview 2019,Michael Dell,dell,DELL,4.9
0pgzQGhHpkI,Dell Technologies World 2022: The way forward (extended cut),Principled Technologies,UCO2o9P9ACDA6MNK1nHTINQA,995.0,182.0,Michael Dell interview 2022,Michael Dell,dell,DELL,16.6
gPlFOrKraJg,Season 12   Episode 220 - Our Audio Book Guru & Editor Michael Dell,Hollywood Godfather Podcast,UCBj3f8C4Zi2Oh6ip9aFyGBQ,3256.0,177.0,Michael Dell full interview 2023,Michael Dell,dell,DELL,54.3
hZK0tnEDuTk,Microsoft CEO Satya Nadella speaks at Dell World 2015,hnmk guyh,UCIDX1NPZdXBLe-X6GAHNMfA,2806.0,172.0,Michael Dell Bloomberg interview 2019,Michael Dell,dell,DELL,46.8
g5bO4Ra7M2I,"Interview with Jennifer ""JJ"" Davis, SVP North America Public & Policy Marketing at Dell Technologies",Merco,UCwA30Lpc_koaK88Q-0YGWwg,1302.0,159.0,Michael Dell full interview 2025,Michael Dell,dell,DELL,21.7
hxysog-YK1g,"Looking AHEAD Video Podcast: Episode 1, Featuring Michael Dell",AHEAD ,UCwEVIpqGErZJdU7D8L5nppw,1548.0,157.0,Michael Dell full interview 2019,Michael Dell,dell,DELL,25.8
LTVvEi2GdWQ,Bill Discussion with Michael Dell,BillGeorgeTrueNorth,UCnuQCQJevNJWgw5lWEMqR9Q,422.0,156.0,Michael Dell CNBC 2018,Michael Dell,dell,DELL,7.0
wVekg4xDX3s,Dell Inc MPEG Final,Herb Kelleher Entrepreneurship Center,UCM220zYLqcfxaVBfvByXFJg,2486.0,152.0,Michael Dell full interview 2019,Michael Dell,dell,DELL,41.4
H51FT-yv_tg,Dell's Felice Says Fourth-Quarter Revenue `Very Strong': Video,Bloomberg Originals,UCUMZ7gohGI9HcU9VNsr2FJQ,496.0,141.0,Michael Dell Bloomberg interview 2018,Michael Dell,dell,DELL,8.3
V743zOqOyV4,"Michael Apigian, Dell Technologies | Dell Technologies World 2019",SiliconANGLE theCUBE,UCu3Ri8DI1RQLdVtU12uIp1Q,959.0,134.0,Michael Dell interview 2019,Michael Dell,dell,DELL,16.0
Na6OHd_aS-U,"Michael Dell in conversation with David Rowan at Dublin's Web Summit, November 2015",David Rowan,UCM0ffP53cR1ylYO9SyFM0kg,1430.0,132.0,Michael Dell full interview 2019,Michael Dell,dell,DELL,23.8
QxuzscZHfFQ,Michael Dell says he is 'optimistic' about the world business economy,CNBC Television,UCrp_UI8XtuYfpiqluWLD7Lw,279.0,127.0,Michael Dell interview 2018,Michael Dell,dell,DELL,4.6
aHz3fNIQYYw,Dell's Co-COO On Chuck Whitten On Commitment To The Channel | CRN In Depth,CRN,UCurcT7T1Eyz9VO6ntt-uZLw,196.0,123.0,Michael Dell interview 2023,Michael Dell,dell,DELL,3.3
w97shJtusWQ,"Spotlight on Dell Tech Summit 2019 | Michael Dell, Chairman & CEO, Dell Technologies",Channel Drive,UCCVUljnpffzwojQzyAjVhYQ,874.0,121.0,Michael Dell interview 2019,Michael Dell,dell,DELL,14.6
C8PrxlHE5Ms,Dell Technologies’ Foulkes on IT Strategy for New Era of Work,Bloomberg Live,UC7UFcUbAd8oyCBWCogVpJ6g,1023.0,106.0,Michael Dell Bloomberg interview 2021,Michael Dell,dell,DELL,17.0
ByN-AekMsbw,#SecretsSelfmadeBillionaires 1020 Michael Dell from College Dropout to PC Billionaire 10 Lessons,#SecretsSelfmadeBillionaires by Paul Chan,UCBp9SM5icJ40sD9ovecI4Pw,284.0,104.0,Michael Dell interview 2020,Michael Dell,dell,DELL,4.7
bwrqaDzk450,Dell Sees `Healthy Signs' of Demand in Europe,Bloomberg Originals,UCUMZ7gohGI9HcU9VNsr2FJQ,229.0,102.0,Michael Dell Bloomberg interview 2023,Michael Dell,dell,DELL,3.8
Gr5tMGmmA00,10 success lessons from Michael Bloomberg - michael dell: lessons for entrepreneurial success,EASY IDEAS,UCBon0bvQ0UBwFFDV27S6W3g,367.0,101.0,Michael Dell Bloomberg interview 2023,Michael Dell,dell,DELL,6.1
8fJGVEBvFq0,Churchill Club | Dell Chariman and CEO Michael Dell,Computer History Museum,UCHDr4RtxwA1KqKGwxgdK4Vg,4647.0,99.0,Michael Dell interview 2021,Michael Dell,dell,DELL,77.4
MIoLI251G7U,👑Michael Dell's Billionaire Genius.💰,MegaRich Mindset,UCTsTw5wO4kEEjN-keq8xtMg,628.0,98.0,Michael Dell Bloomberg interview 2021,Michael Dell,dell,DELL,10.5
NozI6T-tWd4,Nalta Explores 3 - Dell Technologies World 2018,Nalta,UCey9Ym_d9Tk97INOsQVSqYw,266.0,97.0,Michael Dell interview 2018,Michael Dell,dell,DELL,4.4
DzUeuVwxuSw,The SHOCKING Story of How Michael Dell DOMINATED the PC Industry,SBT - Strategic Business Talks,UCTtiGEhmCjG8zuP6RQoRE-Q,926.0,94.0,Michael Dell interview 2025,Michael Dell,dell,DELL,15.4
batW34zacJ4,DELL Stock | Dell Technologies Inc Q1 2023 Earnings Call,AlphaStreet,UCi66DtiKDvmW5Nwd8E-THSQ,3757.0,91.0,Michael Dell interview 2023,Michael Dell,dell,DELL,62.6
9MGjsUNKHQY,Michael Dell in Dublin,Paul Mooney,UCHg8xAs4lugC9VGYuv2Qu_g,1409.0,79.0,Michael Dell full interview 2018,Michael Dell,dell,DELL,23.5
Wa7OgesdJAs,How Michael Dell became Billionaire | Secret of Michael Dell success,Do you know,UCM6a8ZVnQ3eRf7XWcS36bBQ,369.0,70.0,Michael Dell interview 2024,Michael Dell,dell,DELL,6.2
nRHLHvG_Ss0,Nalta Explores - Dell Technologies World 2025 - What happens in Vegas...,Nalta,UCey9Ym_d9Tk97INOsQVSqYw,598.0,65.0,Michael Dell interview 2025,Michael Dell,dell,DELL,10.0
8ww6wyif9Dg,Dell Technologies at The Business Show 2023,Star Media Services Ltd,UCccztX35OPFsyKBfPV-pB9Q,504.0,64.0,Michael Dell interview 2023,Michael Dell,dell,DELL,8.4
lfpuYfxjvJk,"Ep 187: We are Live! Talking Intel, IBM, Dell Technologies, HP, Google Pixel and Zoomtopia",Six Five Media,UC7-rtz96bYgd2m4AhKtZFQw,2827.0,63.0,Michael Dell interview 2023,Michael Dell,dell,DELL,47.1
dNGRMyMW198,Michael Dell Small Business Advice TV Interview | 2008,Economic Archive,UCx0eIccEMEpa0qNEgTlXgqg,816.0,60.0,Michael Dell interview 2023,Michael Dell,dell,DELL,13.6
EUmgg3OP0Ig,Episode 247 Oliver Campbell Dell  video,Sustainable Packaging Podcast ,UCHr_RDQ_ZcnPUD0LDk9LM0g,1828.0,57.0,Michael Dell full interview 2025,Michael Dell,dell,DELL,30.5
KZdtBQX9IOU,Michael Dell Interview,Kim W,UC_Pzt3cVHlqaPNyddki4-KA,602.0,54.0,Michael Dell CNBC 2018,Michael Dell,dell,DELL,10.0
Hm-godWk4iI,FiRe 2006: Centerpiece Conversation with Michael Dell,Future in Review,UCkNNR_YfGsdEPWVgkIubizg,3860.0,53.0,Michael Dell CNBC 2019,Michael Dell,dell,DELL,64.3
PMQG2A7ENzg,Michael Saul Dell | The Man Behind the Dell Legacy,World_Around_Us,UC2gw172EenNobxbz1UC8ByA,191.0,53.0,Michael Dell interview 2023,Michael Dell,dell,DELL,3.2
E2t7TtS9K-Q,Mobolaji Sokunbi of Dell Technology,Endeavor Miami,UCEFY9-ps3OtjwTQQ8ekiOvw,710.0,53.0,Michael Dell interview 2024,Michael Dell,dell,DELL,11.8
z0favGSTLdI,Michael Dell: Early Life and Business Adventures,Entrepreneur Index,UCKvnBJIIbWmpa_aIaHVjBmQ,2863.0,52.0,Michael Dell full interview 2018,Michael Dell,dell,DELL,47.7
lsaLdiYEfNs,GVA's Garrity Says Third Quarter May Be `Worst' for Dell: Video,Bloomberg Originals,UCUMZ7gohGI9HcU9VNsr2FJQ,263.0,49.0,Michael Dell Bloomberg interview 2018,Michael Dell,dell,DELL,4.4
IlaNRARVNM4,How Michael Dell turned $1000 into billions,TheMillion Tv,UCMSlL3QyccauLo_UjvaNssQ,241.0,42.0,Michael Dell Bloomberg interview 2018,Michael Dell,dell,DELL,4.0
xVUKtCo9Jw8,Interview with Dell at ITEXPO 2019,TMCnetVideos,UCiDBY1k3B8_LTTK0xf1NKjg,311.0,41.0,Michael Dell interview 2019,Michael Dell,dell,DELL,5.2
mQfEu3SmFWQ,Dell Technologies at the Canalys Forums EMEA 2021,Canalys,UCFsJvyKgXFJuscpUdxmDINw,1685.0,40.0,Michael Dell interview 2021,Michael Dell,dell,DELL,28.1
rALCT0fYp60,Michael Dell- Talking Business,Pumping Inspiration,UC-anUg9SdNeY5ekHAfcIEFA,609.0,38.0,Michael Dell interview 2020,Michael Dell,dell,DELL,10.2
p1g5pTtztb8,How Michael Dell Made Billions by Transforming the Computer Industry?,⚡Zapped,UCcOkWDReOdWk5to9-zHOjtw,395.0,35.0,Michael Dell full interview 2022,Michael Dell,dell,DELL,6.6
9cVTMklkxhM,How Michael Dell Built Tech Empire!,First Steps,UCFNXtIowzLczC-BWy2m0UXw,299.0,34.0,Michael Dell interview 2025,Michael Dell,dell,DELL,5.0
-cDDhzKnVPc,Michael Dell Says EMC Combination Is Paying Off,SCIENCE and TECHNOLOGY,UCQ97deOt2qmWC-Wpv8YkKQg,475.0,26.0,Michael Dell interview 2018,Michael Dell,dell,DELL,7.9
Clf35PC1CsY,Afternoon break in questioning of Mike Dell at #spycops inquiry  📱,Tom Fowler,UC-OGEqIn9_HxZCudJ2BTA3w,719.0,26.0,Michael Dell interview 2026,Michael Dell,dell,DELL,12.0
5GCakJ5HIjQ,Michael Dell Says He's 'Very Pleased' With EMC Merger,SCIENCE and TECHNOLOGY,UCQ97deOt2qmWC-Wpv8YkKQg,301.0,24.0,Michael Dell interview 2018,Michael Dell,dell,DELL,5.0
7-JGME5f3j0,Exclusive Interview with Michael S.Dell - Founder Dell Inc,القرية الإلكترونية - Electronic Village,UCeSNbvZ6QJOzGrOw1fqjgxw,899.0,24.0,Michael Dell interview 2018,Michael Dell,dell,DELL,15.0
6DMa15N-fp4,"Great Teachers Are Expensive, Which Means They Do Not Scale | Michael Ellison","Ian Khan ""The Futurist""",UCmdFOQhLHsnY-JFwEMC7nRQ,681.0,22.0,Michael Dell Bloomberg interview 2025,Michael Dell,dell,DELL,11.4
5woYNu3Ufis,Dell Technologies at the Canalys Forums APAC 2021,Canalys,UCFsJvyKgXFJuscpUdxmDINw,1679.0,19.0,Michael Dell full interview 2021,Michael Dell,dell,DELL,28.0
FA_T8yr47iE,Interview with Michael Dell   in San Francisco,worldjournalistforum,UCsVjVlEO_pra-LbIyAYux_w,747.0,17.0,Michael Dell interview 2020,Michael Dell,dell,DELL,12.4
rh6YuUGL-oc,Michael Dell: From Dorm Room to Tech Empire | CEO of Dell technologies world 2023 | Life journey,Creative Cabin,UCR3fr_7saZmzVq_-e0XEIjw,344.0,17.0,Michael Dell interview 2023,Michael Dell,dell,DELL,5.7
Jx85cK7mRi8,MICHAEL DELL: BUILDING AN EMPIRE FROM THE GROUND UP #dell #documentary,Twenty One Business,UCtuzmLX02rN-PF3ZnxAJy0A,1484.0,16.0,Michael Dell interview 2026,Michael Dell,dell,DELL,24.7
c6CAM4YWMhw,Afternoon break in questioning of Mike Dell at #spycops inquiry,Tom Fowler,UC-OGEqIn9_HxZCudJ2BTA3w,720.0,16.0,Michael Dell interview 2026,Michael Dell,dell,DELL,12.0
s0Sw6WxuB68,Michael Dell Says He's Glad He Met With President Trump,SCIENCE and TECHNOLOGY,UCQ97deOt2qmWC-Wpv8YkKQg,289.0,14.0,Michael Dell interview 2018,Michael Dell,dell,DELL,4.8
Dol76tKPEkk,Jeff Clarke   Dell Technologies   Dell Technologies World 20231080p,Technology Based tube,UCrHV8YZbpUREkUluIV6t3hg,1714.0,11.0,Michael Dell interview 2023,Michael Dell,dell,DELL,28.6
BjyoF7z64r8,Michael Dell,林季萱,UChGLu8xrqoliB1SajSpfKVw,194.0,10.0,Michael Dell CNBC 2020,Michael Dell,dell,DELL,3.2
EYOMU1J04us,Michael Dell  Lessons For Entrepreneurial Success,Business Success Stories,UCvpUSXad3SQWVLbD1Ac-YhA,256.0,8.0,Michael Dell interview 2023,Michael Dell,dell,DELL,4.3
QF53sDa51x4,The Warmth Of Jesus - Michael Dell ON  Dreaming Bigger Than Your Goals & How to... | Jay Shetty 2023,The Warmth Of Jesus,UCGxKnhU-Et4e_Y03DZEUmVA,2408.0,6.0,Michael Dell CNBC 2023,Michael Dell,dell,DELL,40.1
sLZHn653ZdI,"Hasan Siraj, Broadcom & Drew Schulke, Dell Technologies   Dell Technologies World 2023",Technology Trends by Danish Iqbal,UCTHpBLmjtFN2qLjI_8dTYIw,1055.0,6.0,Michael Dell full interview 2023,Michael Dell,dell,DELL,17.6
mJ7-u7kVuN8,Michael Dell Reveals Entrepreneurial Insights in Rare Interview | Throwback Interview,Nesan Pather,UC75SasRzv2AshEBVdRq_GOA,814.0,3.0,Michael Dell interview 2023,Michael Dell,dell,DELL,13.6
TnwNiriDtPc,Michael Dell: How To Turn Your Ruin Into Rare., Ruin to Rare,UCwKmLGugDI9sF883YbtHqMA,429.0,3.0,Michael Dell CNBC 2026,Michael Dell,dell,DELL,7.2
wuQtShD2P0U,Mike Dell’s World #116 – Mike Dell's World,Mike Dell,UC02I0cjn6-kswrbYFMjGdJQ,1594.0,0.0,Michael Dell full interview 2024,Michael Dell,dell,DELL,26.6
LBd2tG5aGs8,Michael O’Dell: Don’t Lie on Your Resume,Lauren Glass,UCiYs2QxcpjbQsWGOPdS8m0A,1874.0,0.0,Michael Dell interview 2025,Michael Dell,dell,DELL,31.2
2fDzCWNS3ig,The Weeknd - Out of Time,The Weeknd,UC0WP5P-ufpRfjbNrmOWwLBQ,234.0,165986631.0,Daniel Ek interview 2026,Daniel Ek,ek,SPOT,3.9
vCIu7Ja_TE0,Simon Sinek's Advice Will Leave You SPEECHLESS 2.0 (MUST WATCH),Alpha Mentors,UCvPialDBJK97omec_xreo-w,1107.0,11880846.0,Daniel Ek interview 2026,Daniel Ek,ek,SPOT,18.4
lmyZMtPVodo,Why good leaders make you feel safe | Simon Sinek | TED,TED,UCAuUUnT6oDeKwE6v1NGQxug,720.0,10995873.0,Daniel Ek CNBC 2025,Daniel Ek,ek,SPOT,12.0
_A04U9cwC2A,"""I'm very serious, I have secured the funds"" - Daniel Ek on his Arsenal takeover bid",Sky Sports News,UCcw05gGzjLIs5dnxGkQHMvw,552.0,556301.0,Daniel Ek interview 2020,Daniel Ek,ek,SPOT,9.2
jf1TXJ7zoJA,Thierry Henry discusses Daniel Ek's planned takeover of Arsenal | MNF,Sky Sports Premier League,UCNAf1k0yIjyGu3k9BwAg3lg,540.0,378742.0,Daniel Ek interview 2020,Daniel Ek,ek,SPOT,9.0
XtHA9VyjeaM,Arsenal takeover bid: How likely is it that Spotify's Daniel Ek will own the Gunners?,Sky Sports News,UCcw05gGzjLIs5dnxGkQHMvw,422.0,254072.0,Daniel Ek interview 2020,Daniel Ek,ek,SPOT,7.0
AVDzQ76vIuQ,Apple को पछाड़कर Spotify कैसे बना Streaming Giant? Daniel EK | Steve Jobs | Alif Laila EP186,Khabargaon,UClhHB0_iXbn8Cc0x5YzcvIg,1658.0,155566.0,Daniel Ek interview 2026,Daniel Ek,ek,SPOT,27.6
fLHzEYuvufk,How Spotify Was Founded | Daniel Ek (Spotify),This Week in Startups Clips,UCS7tJlcUA6PzVHEMo-X7ddg,490.0,87240.0,Daniel Ek interview 2018,Daniel Ek,ek,SPOT,8.2
MSz3YSmiJbs,Spotify CEO Daniel Ek addresses Joe Rogan podcast controversy,CNBC Television,UCrp_UI8XtuYfpiqluWLD7Lw,447.0,86297.0,Daniel Ek CNBC 2018,Daniel Ek,ek,SPOT,7.4
USxCtB-3F3U,"(Exclusive) ""He's A Winner!"" Author Of 'The Spotify Play' Talks Daniel Ek Potential Arsenal Takeover",AFTV,UCBTy8j2cPy6zw68godcE7MQ,1597.0,81996.0,Daniel Ek interview 2021,Daniel Ek,ek,SPOT,26.6
cdQ7mippAiU,Spotify CEO Daniel Ek | Full interview | Code 2018,On with Kara Swisher,UCMDxbhGcsE7EnknxPEzC_Iw,2043.0,76355.0,Daniel Ek interview 2018,Daniel Ek,ek,SPOT,34.0
2QkQSofGxTw,Daniel Ek Spotify CEO on their new redesign and video on Spotify!,iJustine,UCey_c7U86mJGz1VJWH5CYPA,1284.0,57982.0,Daniel Ek interview 2023,Daniel Ek,ek,SPOT,21.4
YCZOzRi8qOA,Stream On: Intro from Daniel Ek,Spotify,UCRMqQWxCWE0VMvtUElm-rEA,636.0,57781.0,Daniel Ek interview 2018,Daniel Ek,ek,SPOT,10.6
ZR0hIRS_6Tk,The Future of Spotify with CEO Daniel Ek and Shawn Parker,The Wall Street Journal,UCK7tptUDHh-RYDsdxO1-5QQ,617.0,52986.0,Daniel Ek interview 2018,Daniel Ek,ek,SPOT,10.3
e4E5cvG8C_c,Investor Day 2022: CEO Daniel Ek's Opening Remarks,Spotify,UCRMqQWxCWE0VMvtUElm-rEA,1530.0,46255.0,Daniel Ek interview 2021,Daniel Ek,ek,SPOT,25.5
k0C0EKh75ao,The Playlist Summary | Spotify History | Daniel Ek | Netflix Series,Tiohomy,UClc4kFaU9f4kN5zINe3MpQg,458.0,39583.0,Daniel Ek full interview 2023,Daniel Ek,ek,SPOT,7.6
OzPGGiEi-dY,"Clique x Daniel Ek, PDG de Spotify (version intégrale) - CANAL+",Clique TV,UCmHfCD8c8CmjlyWa8d4GObg,3518.0,38832.0,Daniel Ek interview 2023,Daniel Ek,ek,SPOT,58.6
5iLbbuEecJU,Spotify CEO Daniel Ek,Acquired,UCyFqFYfTW2VoIQKylJ04Rtw,5887.0,35464.0,Daniel Ek interview 2018,Daniel Ek,ek,SPOT,98.1
DICLqGAELMc,"Daniel Ek, CEO of Spotify — Habits, Systems and Mental Models for Performance | The Tim Ferriss Show",Tim Ferriss,UCznv7Vf9nBdJYvBagFdAHWw,5967.0,34050.0,Daniel Ek Bloomberg interview 2018,Daniel Ek,ek,SPOT,99.4
HetjBaCMpcY,Why Spotify Co-Founder Daniel Ek Has Embraced Jante Law,Bloomberg Originals,UCUMZ7gohGI9HcU9VNsr2FJQ,181.0,32444.0,Daniel Ek interview 2018,Daniel Ek,ek,SPOT,3.0
_0hKOXowDN8,"Spotify’s Daniel Ek on state of streaming, tenacity, transparency, competition, what's next",This Week in Startups,UCkkhmBWfS7pILYIk0izkc3A,3607.0,29572.0,Daniel Ek CNBC 2018,Daniel Ek,ek,SPOT,60.1
dxN0d1jrN4A,"Exclusive interview: Spotify CEO and founder Daniel Ek, extended cut",CBS Mornings,UC-SJ6nODDmufqBzPBwCvYvQ,2581.0,26992.0,Daniel Ek interview 2019,Daniel Ek,ek,SPOT,43.0
Nps7hHoWVn8,Daniel Ek: A Playlist for Entrepreneurs [Entire Talk],Stanford eCorner,UCctkeBNtFIOn7Yl_9TTj_4w,3556.0,24971.0,Daniel Ek interview 2018,Daniel Ek,ek,SPOT,59.3
T47-nj3puVA,Daniel Ek: The Most Important Man in Music,Forbes,UCmh7afBz-uWwOSSNTqUBAhg,219.0,23999.0,Daniel Ek interview 2018,Daniel Ek,ek,SPOT,3.6
u8PCb5TUeDg,Spotify CEO Daniel Ek discusses fourth-quarter earnings amid 18% stock slide,CNBC Television,UCrp_UI8XtuYfpiqluWLD7Lw,265.0,22600.0,Daniel Ek CNBC 2018,Daniel Ek,ek,SPOT,4.4
nsjLFrIzsAw,Daniel Ek Buys Arsenal | Football Manager 2021 Experiment,Elecspo,UCsIwxKQajD9zPQA4SufVXgg,1042.0,22517.0,Daniel Ek interview 2021,Daniel Ek,ek,SPOT,17.4
5dm1PZrjT1w,Arsenal takeover talk: Live Q&A - Who is Daniel Ek? Would Kroenke sell and what could be next?,Charles Watts: Inside Arsenal - News and transfers,UCSYW9MkomBzdzlEtcn8EcGQ,1745.0,21737.0,Daniel Ek Bloomberg interview 2021,Daniel Ek,ek,SPOT,29.1
ubLoa1Eq_bA,Spotify CEO Daniel Ek on Bloomberg Studio 1.0,Bloomberg Tech,UCrM7B7SL_g1edFOnmj-SDKg,1446.0,21256.0,Daniel Ek interview 2018,Daniel Ek,ek,SPOT,24.1
OYOsxYQjPf4,Spotify boss Daniel Ek joins forces with ARSENAL LEGENDS in £1.8bn bid to buy club off Stan Kroenke!,talkSPORT,UCWw6scNyopJ0yjMu1SyOEyw,424.0,20584.0,Daniel Ek interview 2021,Daniel Ek,ek,SPOT,7.1
21WaxCKksqw,"Daniel Ek, Niklas Zennström, Ilkka Paananen: How We Failed Our Way to Success",Slush,UCv2JYTjV80AuHODJO0R6EnQ,2409.0,19482.0,Daniel Ek Bloomberg interview 2018,Daniel Ek,ek,SPOT,40.2
Kx1lPyQ9B1g,"DANIEL EK TO LAUNCH ARSENAL TAKEOVER BID❓ | BACKED BY INVINCIBLES HENRY, BERGKAMP & VIEIRA ❤️",TurkishLDN,UCDbeC-XWSTgwJB_adp6fV-g,3727.0,16218.0,Daniel Ek Bloomberg interview 2021,Daniel Ek,ek,SPOT,62.1
AoYAEOr2R_s,Daniel Ek – CEO and Founder of Spotify | In Good Company | Norges Bank Investment Management,Norges Bank Investment Management,UCRhQsN8AVIfZuBNeRV1A37w,2685.0,12004.0,Daniel Ek interview 2022,Daniel Ek,ek,SPOT,44.8
OqH-bvrWwfc,SPOTIFY FOUNDER DANIEL EK IN TALKS TO BUY ARSENAL,Lee Gunner,UCV2ZxEWOhCb-xE56ddnNRHg,2216.0,11938.0,Daniel Ek Bloomberg interview 2018,Daniel Ek,ek,SPOT,36.9
-U5P-L4-rAQ,Why Spotify CEO Daniel Ek Is Stepping Down After Nearly Two Decades,Forbes,UCmh7afBz-uWwOSSNTqUBAhg,346.0,11249.0,Daniel Ek interview 2025,Daniel Ek,ek,SPOT,5.8
-DuekVrTPvk,"Thierry Henry, Patrick Vieira & Bergkamp TAKEOVER Bid For Arsenal! | Daniel EK Starts Talks!",Bhavss14,UCmd66c8UB_RRDREqcyiiiuA,659.0,11099.0,Daniel Ek Bloomberg interview 2021,Daniel Ek,ek,SPOT,11.0
Zubb2ICtzhA,"Insight Talk: Daniel Ek, CEO & Founder Spotify",Vlerick Business School,UC8LntyzxjXMIBcRL3RQBL4w,348.0,10742.0,Daniel Ek interview 2018,Daniel Ek,ek,SPOT,5.8
2AxsMIGE4A4,"Cramer: Spotify is at a 'problematic crossroads,' not sure if I want to bet on CEO Daniel Ek",CNBC Television,UCrp_UI8XtuYfpiqluWLD7Lw,220.0,10620.0,Daniel Ek CNBC 2020,Daniel Ek,ek,SPOT,3.7
fivxmOnn6Ng,"Spotify’s Daniel Ek, Tom Freston, and Irving Azoff on the Music Industry",Vanity Fair,UCIsbLox_y9dCIMLd8tdC6qg,1893.0,9658.0,Daniel Ek interview 2018,Daniel Ek,ek,SPOT,31.6
pG4IOCTcBjw,Daniel Ek Buys Arsenal PART 2 | Football Manager 2021 Experiment,Elecspo,UCsIwxKQajD9zPQA4SufVXgg,905.0,9410.0,Daniel Ek full interview 2026,Daniel Ek,ek,SPOT,15.1
er3A5RM28GM,SPOTIFY FOUNDER DANIEL EK TO BID £1.8BN TO KROENKE | WITH TOM KNELL,Lee Gunner,UCV2ZxEWOhCb-xE56ddnNRHg,2345.0,8750.0,Daniel Ek interview 2021,Daniel Ek,ek,SPOT,39.1
dz7UGXbXA28,The Strict Morning Routine of Spotify Founder & CEO Daniel Ek,Picking Nuggets,UC4lG2jQuTM1t80LDWuSv2Cg,296.0,8688.0,Daniel Ek interview 2022,Daniel Ek,ek,SPOT,4.9
gFsjRq4EiJQ,Spotify CEO Daniel Ek on Gimlet acquisition,CNBC Television,UCrp_UI8XtuYfpiqluWLD7Lw,1028.0,8414.0,Daniel Ek interview 2018,Daniel Ek,ek,SPOT,17.1
dri5ioyPzOk,A Message to Daniel Ek (Spotify's CEO) by Alex Serra,Alex Serra,UCe-niJbgOMhfknu5wZRhxlA,604.0,7869.0,Daniel Ek interview 2025,Daniel Ek,ek,SPOT,10.1
sXbxzkDJOzo,"Daniel Ek: The Big, Hairy, Audacious Goal of Spotify",Stanford eCorner,UCctkeBNtFIOn7Yl_9TTj_4w,199.0,7711.0,Daniel Ek interview 2018,Daniel Ek,ek,SPOT,3.3
eK-wIL2GmBg,"Cava is 'one of the companies I'm most excited' about, says Kind founder Daniel Lubetzky",CNBC Television,UCrp_UI8XtuYfpiqluWLD7Lw,286.0,7482.0,Daniel Ek CNBC 2023,Daniel Ek,ek,SPOT,4.8
Q8m8M86UpgU,Daniel Ek Arsenal take over talks | 3rd bid for Ramsdale | Xhaka new Arsenal contract,Deluded Gooner,UCUurTq1EpaaQSAiWyZTm7ww,6055.0,7218.0,Daniel Ek full interview 2021,Daniel Ek,ek,SPOT,100.9
iVGKZEy0_h4,Investor Day 2022: CEO Daniel Ek's Closing Remarks,Spotify,UCRMqQWxCWE0VMvtUElm-rEA,181.0,6661.0,Daniel Ek CNBC 2019,Daniel Ek,ek,SPOT,3.0
MN299PmzrEc,Spotify CEO Daniel Ek Says Release More Music [Controversy?],Andrew Southworth,UCajL-kaSv6A4-sNoX-U99Qw,437.0,6369.0,Daniel Ek Bloomberg interview 2018,Daniel Ek,ek,SPOT,7.3
0DT1SKEvoYs,MARK ZUCKERBERG - DANIEL EK - JOSH CONSTINE /SPOTIFY  CEOs CREATOR/APPLE - BITCOIN/CLUBHOUSE PODCAST,Clubhouse Deutschrap & Podcast,UCxdO0-IeHw5gkwcKkJziUxw,3986.0,6232.0,Daniel Ek interview 2019,Daniel Ek,ek,SPOT,66.4
0enxeYqcflI,Spotify CEO Daniel Ek discusses the music industry,CBS News,UC8p1vwvWtl6T73JiExfWs1g,312.0,5787.0,Daniel Ek interview 2018,Daniel Ek,ek,SPOT,5.2
VWGOsp0x_n8,Daniel Ek Biography | Animated Video | Billionaire CEO,Fame TV,UCOIiLpJAzpU7FGj06QEGDmA,459.0,5170.0,Daniel Ek Bloomberg interview 2018,Daniel Ek,ek,SPOT,7.6
fDL-InC8sKc,Daniel Ek från Spotify del1/4,WELOVEITG,UC3exT7l8OosuVDe5CsfZGuw,602.0,4954.0,Daniel Ek interview 2019,Daniel Ek,ek,SPOT,10.0
IoiSWRS7Q-c,Daniel Ek: Don't Say Yes to Everything,Stanford eCorner,UCctkeBNtFIOn7Yl_9TTj_4w,200.0,4893.0,Daniel Ek Bloomberg interview 2018,Daniel Ek,ek,SPOT,3.3
LSooqXGHvC4,The Playlist (Daniel Ek Spotify series) – Netflix interview,Filmtopp,UC3BI4CO8tTmpE6difrU9xGQ,481.0,4725.0,Daniel Ek interview 2022,Daniel Ek,ek,SPOT,8.0
MOVtnvj0Qmw,"""We were really working in our underwear"" - Spotify founder Daniel Ek (Eng sub) | Skavlan",Skavlan,UCHkapYFq5ev4PDAxZQ_PF9Q,738.0,4629.0,Daniel Ek interview 2026,Daniel Ek,ek,SPOT,12.3
P90gDsjZmks,Daniel Ek (Founder Spotify) - Talk - A Playlist for Entrepreneurs @ Stanford University,ORFGUY,UCTNzGYIE-hvhxKTbQNzZxZQ,3556.0,4494.0,Daniel Ek full interview 2018,Daniel Ek,ek,SPOT,59.3
wIXj0uYkt9M,Daniel Ek & His Proposed Takeover | BONUS Arsecast,Arseblog,UCHJeitAaU8idI9-hYlRLNng,1901.0,4401.0,Daniel Ek full interview 2021,Daniel Ek,ek,SPOT,31.7
scD6Gk4tkY0,Spotify CEO Daniel Ek: Europe Is Falling Behind - Here Is How to Fix It | MD MEETS #4,MDMEETS - Essential Talks with Mathias Döpfner and WELT,,3712.0,4298.0,Daniel Ek interview 2025,Daniel Ek,ek,SPOT,61.9
VuxFqJUODjc,"ARSENAL TAKEOVER BID CONFIRMED | THIERRY HENRY, VIEIRA & BERGKAMP JOIN DANIEL EK | LIVE ARSENAL NEWS",Egal Talks Football,UC4agyCkYEakJZcCfF-lC-iA,7050.0,4204.0,Daniel Ek Bloomberg interview 2021,Daniel Ek,ek,SPOT,117.5
NSAPBfQcx_M,"Bessent's Bond Buying ""Mistake"" | Bloomberg Businessweek Daily 8/25/2026",Bloomberg Television,UCIALMKvObZNtJ6AmdCLP7Lg,3443.0,4051.0,Daniel Ek Bloomberg interview 2026,Daniel Ek,ek,SPOT,57.4
VS77n4_FjCU,Sean Parker and Daniel Ek of Spotify discuss social music,VentureBeat,UCHFEou9pndBIAW5NA200TAQ,853.0,3881.0,Daniel Ek full interview 2018,Daniel Ek,ek,SPOT,14.2
ibFu4GUtji8,Daniel Ek (Spotify) on How He Made 5 Figures as a 14-Year-Old,This Week in Startups Clips,UCS7tJlcUA6PzVHEMo-X7ddg,205.0,3684.0,Daniel Ek full interview 2019,Daniel Ek,ek,SPOT,3.4
1abYzuqKBZ0,How Daniel Ek Plans to Save Arsenal,Inside Arsenal,UCHpv5479E3iqsb9tHNAym2Q,486.0,3517.0,Daniel Ek CNBC 2021,Daniel Ek,ek,SPOT,8.1
7WAKVPy3hA4,Spotify CEO Daniel Ek - Creating companies by accident,This Week in Startups,UCkkhmBWfS7pILYIk0izkc3A,181.0,3253.0,Daniel Ek interview 2018,Daniel Ek,ek,SPOT,3.0
P0on0cbOTh0,🔥 Spotify's New Longevity Startup: Bear v Bull Case (Neko Health),Dr Mustafa Sultan,UCEzluDRmBTVby0WsO37V-xg,2575.0,2939.0,Daniel Ek full interview 2023,Daniel Ek,ek,SPOT,42.9
YwReffazpT4,Interview with Spotify CEO Daniel Ek | POLITICO Playbook Live,POLITICO Europe,UCWMhlrCnmb14IkQBfiSXktA,3079.0,2471.0,Daniel Ek interview 2018,Daniel Ek,ek,SPOT,51.3
dIz9kZithxU,Meg Mad As CEO Daniel Ek Apologized Consumers As Spotify Regrets Working With Sussex: Deal Collapsed,Wow Sport Moments,UC6Z-SRHwTuMJGXyuPBW1pRA,217.0,2441.0,Daniel Ek interview 2023,Daniel Ek,ek,SPOT,3.6
EGBaglyHwXA,"SIME Stockholm 2012 - Day 2 - Nov 14 - Interview with Daniel Ek, Spotify.wmv",simeconference,UC-E-KdtLzpeahMfIbcKD7OA,1123.0,2091.0,Daniel Ek full interview 2019,Daniel Ek,ek,SPOT,18.7
iYJ6pl0vTMs,"435.  Ett samtal med Daniel Ek om Spotify och livet - igår, idag och imorgon #ensakidag",Studio Jardenberg,UCJISIDK0IuxMQH4ujs46RMw,2331.0,1916.0,Daniel Ek interview 2019,Daniel Ek,ek,SPOT,38.8
h-CkZ77d1d4,DANIEL AK INTERVIEW ON CNBC ABOUT THE POTENTIAL ARSENAL  TAKEOVER,Egal Talks Football,UC4agyCkYEakJZcCfF-lC-iA,1493.0,1789.0,Daniel Ek CNBC 2018,Daniel Ek,ek,SPOT,24.9
7He8FiM3gDM,Daniel ek,KevinZigi,UCKm4PiuKJZ5LsrOLUGw29KA,231.0,1730.0,Daniel Ek Bloomberg interview 2019,Daniel Ek,ek,SPOT,3.8
o2kPhV6OE1c,Spotify's Danielle Lee | Brandweek Keynote,ADWEEK,UCKhCJRTHHLuW2iW7XQtcfyQ,1110.0,1709.0,Daniel Ek Bloomberg interview 2022,Daniel Ek,ek,SPOT,18.5
XZbd7gPZ6F0,How Daniel Ek and Martin Lorentzon uploaded pirated music to Spotify,What's Up Entrepreneur,UCLxVWl0tW8eY4fPJvjuR-gQ,455.0,1681.0,Daniel Ek interview 2022,Daniel Ek,ek,SPOT,7.6
W0L_peh3hkc,Daniel Ek: Solving a World of Product Problems,Stanford eCorner,UCctkeBNtFIOn7Yl_9TTj_4w,410.0,1524.0,Daniel Ek interview 2022,Daniel Ek,ek,SPOT,6.8
l7Qf1lmNTrU,Daniel Ek is serious  about buying Arsenal & is prepared for a long journey with Stan Kroenke,Deluded Gooner,UCUurTq1EpaaQSAiWyZTm7ww,616.0,1519.0,Daniel Ek Bloomberg interview 2021,Daniel Ek,ek,SPOT,10.3
vcaty93Qhj4,Sofia Ek On 'Imperfect Success' | NBC News,NBC News,UCeY0bbntWzzVIaj2z3QigXg,211.0,1465.0,Daniel Ek Bloomberg interview 2019,Daniel Ek,ek,SPOT,3.5
c1N8bhWrhX4,The END of Spotify As We Know It? Daniel Ek Resigns as CEO,SMARTMUSICBUSINESS - Chris Greenwood,UC4FnVCyS0YyiqcyMjz4_Oew,561.0,1390.0,Daniel Ek interview 2025,Daniel Ek,ek,SPOT,9.4
3eksstKTVdM,Spotify's Daniel Ek on how to build trust fast,Masters of Scale,UCiemDAS1bXMBTx3jIIOukFg,2271.0,1297.0,Daniel Ek interview 2022,Daniel Ek,ek,SPOT,37.8
seFp4tff3Ss,U Can't Do That! Meg Trembles As Spotify CEO Daniel Ek Refuses To Air Archetypes 2 Due To $500M Loss,Royal Fans,UCoKebmWzlsHh9qIp1c6R9Mw,427.0,1293.0,Daniel Ek full interview 2023,Daniel Ek,ek,SPOT,7.1
-SNZ2uHzzFM,SPOTIFY Is Going Into The Movie Business! | CEO Daniel Ek Invests In Tesla Competitor | SPOT Stock,Couch Investor,UCrGLm-Drgv0vbbemwwHeXJw,422.0,1170.0,Daniel Ek Bloomberg interview 2018,Daniel Ek,ek,SPOT,7.0
I_7xfFVjLhY,Daniel Ek: Leading Distributed Teams,Stanford eCorner,UCctkeBNtFIOn7Yl_9TTj_4w,210.0,1115.0,Daniel Ek full interview 2020,Daniel Ek,ek,SPOT,3.5
NJ912gk4FAI,Daniel Ek Keynote Interview pt 2 | Interactive 2010 | SXSW,SXSW,UC2YKXCQ8wt1RFpQEELwILCQ,592.0,1054.0,Daniel Ek full interview 2018,Daniel Ek,ek,SPOT,9.9
pHiC36buTkE,"Daniel Ek, Spotify får Kompetensgalans Stora hederspris",TidningenChef,UC2rvXK6SRdC0T13CMG2qU9w,353.0,1045.0,Daniel Ek full interview 2019,Daniel Ek,ek,SPOT,5.9
yLjn6YFBt3o,"Daniel Ek Interview FT. ARSENAL Takeover,Spotify Shares",lucrativesports,UCN8Wv0F6_eDc_JbB1CeN13g,358.0,1010.0,Daniel Ek interview 2018,Daniel Ek,ek,SPOT,6.0
PzLdfyUs7zs,What was it like working with Spotify CEO Daniel Ek? | Former Spotify CFO Barry McCarthy,20VC with Harry Stebbings,UCf0PBRjhf0rF8fWBIxTuoWA,233.0,879.0,Daniel Ek interview 2021,Daniel Ek,ek,SPOT,3.9
GAgElRM8gm4,Daniel Ek ”Övernaturligt Naturligt” s2e14,Varför Kristen,UCxRGkWNy7WWgiGAoWKhUZtA,2388.0,841.0,Daniel Ek interview 2026,Daniel Ek,ek,SPOT,39.8
ym38wRgWkRA,Spotify founder Daniel Ek to the CEO of Uber: “Since when is life about happiness?”,Startup Archive,UCQrZfl1FeCN9c71yjOzWVRw,216.0,835.0,Daniel Ek interview 2025,Daniel Ek,ek,SPOT,3.6
BumH1RBpzZU,Daniel Ek CONFIRMS £2billion Arsenal TAKEOVER | Unai Emery VERDICT on Arteta | Arsenal News Today,Arsenal News TV,UCqoEwv9bUF3TeZ5qPPITrEQ,484.0,745.0,Daniel Ek CNBC 2019,Daniel Ek,ek,SPOT,8.1
pV99Fg6TjA4,"Daniel Ek, Spotify & Joe Levy, Rolling Stone on Taylor Swift, Streaming & Ads at IAB MIXX",IAB - Interactive Advertising Bureau,UCtwZRcM1fPKWmeaKWzD0bdA,484.0,736.0,Daniel Ek full interview 2019,Daniel Ek,ek,SPOT,8.1
sK493LlBt44,Making money in music - Daniel Ek (CEO of Spotify) vs. artists,Rauta,UC7eppQye3j5FP-DEsGWxcLg,632.0,664.0,Daniel Ek interview 2025,Daniel Ek,ek,SPOT,10.5
KJKLy-jt4gg,"Daniel Ek: Co-Founder of Spotify, The Largest Music Streaming Service",Business Chronicles,UCBdgBP2KYZftBtQ7J_YMg1Q,722.0,588.0,Daniel Ek full interview 2019,Daniel Ek,ek,SPOT,12.0
_kTji2U00RQ,Daniel Ek's interview on buying Arsenal & Kroenke not selling statement and the next steps,Egal Talks Football,UC4agyCkYEakJZcCfF-lC-iA,460.0,531.0,Daniel Ek interview 2019,Daniel Ek,ek,SPOT,7.7
loRro-MeMKo,2018 Breakthrough Prize Red Carpet Interviews: Daniel Ek,Breakthrough,UC-I2cp3hAGPt7qD57CmioKA,195.0,526.0,Daniel Ek interview 2018,Daniel Ek,ek,SPOT,3.2
Z0lz1VfK7OE,Spotify CEO Daniel Ek Keynote Interview & Demo at SXSW 2010,MiiA.com,UC7W7SZ9mJN0ziLy-eNyuOUg,190.0,520.0,Daniel Ek full interview 2019,Daniel Ek,ek,SPOT,3.2
HajdzoBe9eg,Daniel Ek - 10 Things You Didn't Know About The Spotify  Co-Founder,Zero Degree Entrepreneur,UCyijX9XfUrYiH4inKenataw,414.0,498.0,Daniel Ek interview 2018,Daniel Ek,ek,SPOT,6.9
GreU-4TVVQ0,Glasshouse | Fireside chat with Spotify CEO Daniel Ek - Part 7,Newspeppernews,UCiYH3MGzvex6nA-Q2HMvcDw,600.0,462.0,Daniel Ek interview 2019,Daniel Ek,ek,SPOT,10.0
MGZ2Ylu0Of4,How Daniel Ek Built Spotify,Raking it in,UCEtNE9lYW4sjcVatDMfJA0A,771.0,419.0,Daniel Ek interview 2019,Daniel Ek,ek,SPOT,12.8
v-1xMhEbmKA,Glasshouse | Fireside chat with Spotify CEO Daniel Ek - Part 5,Newspeppernews,UCiYH3MGzvex6nA-Q2HMvcDw,599.0,389.0,Daniel Ek Bloomberg interview 2018,Daniel Ek,ek,SPOT,10.0
aRGpEf2G-zs,Investors brace for big earnings week ahead,CNBC Television,UCrp_UI8XtuYfpiqluWLD7Lw,282.0,377.0,Daniel Ek CNBC 2023,Daniel Ek,ek,SPOT,4.7
2EzjbjIVyQw,Glasshouse | Fireside chat with Spotify CEO Daniel Ek - Part 6,Newspeppernews,UCiYH3MGzvex6nA-Q2HMvcDw,599.0,357.0,Daniel Ek Bloomberg interview 2022,Daniel Ek,ek,SPOT,10.0
yQkZevCwiqI,Goldman Sachs: Workers Back to Office; Spotify’s Daniel Ek Makes Bid to Buy Arsenal | NTD UK News,NTD UK News,UCZ6ijhXHJDwcdbr9Ck5D_Pg,665.0,356.0,Daniel Ek interview 2023,Daniel Ek,ek,SPOT,11.1
avljHMPFjSM,Spotify's Daniel Ek's Arsenal takeover proposal / Social Media Boycott // The Football Insomniac,A Celtic State of Mind,UCoGQkTfkRbwxzv70j4LTu_Q,3550.0,355.0,Daniel Ek interview 2021,Daniel Ek,ek,SPOT,59.2
weYuJXTjs8U,Daniel Ek: Product Innovations Can Reduce Piracy,Stanford eCorner,UCctkeBNtFIOn7Yl_9TTj_4w,200.0,352.0,Daniel Ek interview 2018,Daniel Ek,ek,SPOT,3.3
kkOI_Nxf2rw,Daniel Ek: How I Built a $100 Million Music Streaming Empire! - Part 1,SverigesPärlor,UCWc5NU7W3OYEKW4Xf9Pvtrg,624.0,303.0,Daniel Ek interview 2024,Daniel Ek,ek,SPOT,10.4
83UCMpLVjYM,How Much Daniel Ek Made From Spotify,Luxury Corner,UCMjvGDdnX4biI7tYvfJiJPA,339.0,281.0,Daniel Ek interview 2023,Daniel Ek,ek,SPOT,5.6
2qYIWbKbAkQ,In Conversation: Daniel Ek & Casey Rae-Hunter @ Summit09,Future of Music Coalition,UCyCrMxFueSv9zYoGbFQafrw,2539.0,280.0,Daniel Ek full interview 2022,Daniel Ek,ek,SPOT,42.3
isv6s0tFW1U,"SPOTIFY BOSS DANIEL EK, HENRY, VIERA & BERGKAMP TO BUY ARSENAL?#DANIELEK #HENRY #VIEIRA #BERGKAMP",Arsenal Alex,UCWAoDnvVomdbXCjhwsKw3kQ,200.0,269.0,Daniel Ek Bloomberg interview 2021,Daniel Ek,ek,SPOT,3.3
qrzC4C6t9Xw,Daniel Ek ”Övernaturligt Naturligt” s2e14,Beetenwi,UCaqTdm40kGfX0SWwpxaGdUg,2388.0,262.0,Daniel Ek full interview 2026,Daniel Ek,ek,SPOT,39.8
jALuRP19ZJQ,The Rise Of Spotify - How Daniel Ek Made Music More Accessible,Businessuccessful,UC6-dc7vk8Do-1NDpj7ictCQ,884.0,199.0,Daniel Ek interview 2018,Daniel Ek,ek,SPOT,14.7
lhGGNdc5rnw,DANIEL EK TO LAUNCH ARSENAL TAKEOVER BID!,FTB Sports,UCanda_4sCheEMA3PgfdLilg,1521.0,196.0,Daniel Ek CNBC 2021,Daniel Ek,ek,SPOT,25.4
8ORRhoNHhG4,Daniel Ek Arsenals Saviour? What's Next For Harry Kane And Spurs?,The Near Post Podcast,UCuLSs7UuMFMb1eQBSu2HeXQ,4433.0,173.0,Daniel Ek full interview 2021,Daniel Ek,ek,SPOT,73.9
nm_NP0DVLXY,Daniel Ek Forms A Legendary Consortium To Buy Arsenal,The Mr Arsenal Podcast,UCNOiP3alUFqzlEhB96_ztBQ,6168.0,136.0,Daniel Ek Bloomberg interview 2021,Daniel Ek,ek,SPOT,102.8
1SZzXYkEriM,Spotify CEO and founder Daniel Ek in fireside chat @ Glasshouse,Intruders TV,UCtYS0LUGkwuK7pOO_WVoHsA,2006.0,133.0,Daniel Ek interview 2018,Daniel Ek,ek,SPOT,33.4
64XN9Hg9eUo,The Launch of Spotify 20 years ago - the Daniel Ek interview,Spencer Kelly,UCQRLA6fK0mIkbOD_BIqLXag,180.0,128.0,Daniel Ek interview 2024,Daniel Ek,ek,SPOT,3.0
hfHFr_dt_2c,DANIEL EK TO TAKEOVER AT ARSENAL? ft. J14willOfficial,RobboZini,UCea9JMeffuQ58Nalc8lERlQ,1603.0,122.0,Daniel Ek interview 2021,Daniel Ek,ek,SPOT,26.7
px1SrMaARz8,"BALOGUN SIGNS TILL 2025, DANIEL EK BUYING ARSENAL AND UNAI EMERY!!#BALOGUN#DANIELEK#UNAIEMERY.",Arsenal Alex,UCWAoDnvVomdbXCjhwsKw3kQ,2144.0,115.0,Daniel Ek interview 2025,Daniel Ek,ek,SPOT,35.7
vTtxneFiqdM,Does Spotify Owner Daniel EK Have The Right Intentions For Arsenal?? | Villarreal Match Preview,Glen Kightley - Everything Arsenal,UC_ssTpV_DIcT9xjeY3THj8g,2812.0,111.0,Daniel Ek CNBC 2021,Daniel Ek,ek,SPOT,46.9
FNUg1Zjs7QQ,"Interview with Daniel Ek, CEO of Spotify*",Widget,UCbuZIptc5gB-u20dwWJkZRA,1331.0,110.0,Daniel Ek interview 2018,Daniel Ek,ek,SPOT,22.2
_IJiLhA5c0k,Media briefing by Architects of Sikkim who is hosting Gangtok urbanisation exhibition since a week.,Swatantra Aawaj,UCXRhMxYOEHmzBc3Q4qtfhOA,1065.0,110.0,Daniel Ek CNBC 2024,Daniel Ek,ek,SPOT,17.8
4Hg0jdIAVv8,#SecretSelfmadeBillionaires0373 Daniel Ek Spotify & Music Streaming King of World from Sweden,#SecretsSelfmadeBillionaires by Paul Chan,UCBp9SM5icJ40sD9ovecI4Pw,533.0,106.0,Daniel Ek interview 2018,Daniel Ek,ek,SPOT,8.9
-BNrDl6o8M4,BREAKING NEWS | Daniel Ek has secured the funds to buy Arsenal | Will the Kroenke's sell? | TOSTV,Tade Osho Sports,UCreWsm8wvn1J9UJQ4imgQ8w,384.0,104.0,Daniel Ek CNBC 2020,Daniel Ek,ek,SPOT,6.4
nChOt3iwLPc,BREAKING NEWS !!!! Daniel Ek Is Ready to go toe to toe with Silent Stan,The Mr Arsenal Podcast,UCNOiP3alUFqzlEhB96_ztBQ,4789.0,103.0,Daniel Ek CNBC 2021,Daniel Ek,ek,SPOT,79.8
08KrG0IiqLU,"Spotify founder Daniel Ek to step down as CEO, pivots to European tech ventures | ANC",ANC 24/7,UCvi6hEzLM-Z_unKPSuuzKvg,475.0,102.0,Daniel Ek interview 2025,Daniel Ek,ek,SPOT,7.9
Kq6NbBYY4E4,Daniel Ek: Why Entrepreneurs Should Never Copy Successful Founders | David Senra Podcast.,The Wired In Podcast,UCFNVJr74rGGehOHBEBSvbyA,692.0,94.0,Daniel Ek interview 2025,Daniel Ek,ek,SPOT,11.5
gOmTZws4OLQ,SPOTIFY - DANIEL EK AT 23 CHANGED THE WAY THE WORLD LISTENS TO MUSIC Cases and Career Legacy Farina,Casos e Carreira,UCZpEdZPX8KuSv99lsGevEAQ,414.0,86.0,Daniel Ek interview 2026,Daniel Ek,ek,SPOT,6.9
GapX3LIKk94,Spotify's Untold Story: Daniel Ek's Journey Through Rejection and Triumph,Road To Fame,UCQsX4HfP0xz_Inkgg7kmoSw,185.0,85.0,Daniel Ek interview 2024,Daniel Ek,ek,SPOT,3.1
sqkJVO-9qhM,City win Carabao Cup! Willock stuns Liverpool! Daniel Ek to buy Arsenal? Week 33 Roundup|RBT Live,Real Ball Talk,UCCIJ67ol79ZyXES6EUqdHVw,4099.0,72.0,Daniel Ek Bloomberg interview 2021,Daniel Ek,ek,SPOT,68.3
8NRcYR04At4,Daniel Ek WTF?,bigtimedrum ,UCV_zvojQdA4rJTo4bpbIAxg,573.0,47.0,Daniel Ek Bloomberg interview 2019,Daniel Ek,ek,SPOT,9.6
vzPVL7Am9Eo,Spotify Technology S A  SPOT CEO Daniel Ek on Q1 2020 Results,Daily Earnings Calls,UC2KSj189drlAWDWYiI8E2GA,3170.0,41.0,Daniel Ek CNBC 2019,Daniel Ek,ek,SPOT,52.8
PFDneO5VMg0,"Thoughts on Spotify Q1 2022 Earnings Call, Daniel Ek’s Comments",The John Johnston Lounge,UCmlgXjiwAUNHyIS30dnIHBg,694.0,39.0,Daniel Ek Bloomberg interview 2021,Daniel Ek,ek,SPOT,11.6
g9RH3xiUAwI,Daniel Ek: The Revolution from Napster to Spotify: How Music Changed Forever! - Part 3,SverigesPärlor,UCWc5NU7W3OYEKW4Xf9Pvtrg,782.0,35.0,Daniel Ek interview 2024,Daniel Ek,ek,SPOT,13.0
DSdk24Vi_ZQ,INTERVIEW with DANIEL EK,Rupert Common,UCHi4vK9_NGltJX0fwz2w2oQ,185.0,33.0,Daniel Ek interview 2026,Daniel Ek,ek,SPOT,3.1
xayHaCeFIdM,Daniel Ek's view of podcast ads; plus all the latest podcasting news,Podnews podcasting news,UC-FB5CRs-XUNMdDDphQUDEA,3849.0,32.0,Daniel Ek interview 2024,Daniel Ek,ek,SPOT,64.2
08BfSGoHQMk,The Spotify Play: How CEO and Founder Daniel Ek… by Sven Carlsson · Audiobook preview,Google Play Books,UChDyzr6fXuIIQAELYjVqh7Q,4321.0,32.0,Daniel Ek interview 2024,Daniel Ek,ek,SPOT,72.0
FiukqEu-aUs,Daniel Raj ek Aawaj Programme.  episode-5,Shashi Kumar Tuti Official ,UCIUYU20NfAintX2QFBvEyNg,3765.0,32.0,Daniel Ek full interview 2025,Daniel Ek,ek,SPOT,62.8
vaHbwnrOtww,"Clip: Daniel Ek, Spotify CEO, shares his original music",Widget,UCbuZIptc5gB-u20dwWJkZRA,180.0,28.0,Daniel Ek full interview 2020,Daniel Ek,ek,SPOT,3.0
JA8gHjU3IAM,"Spotify’s Daniel Ek just bet bigger on Helsing, Europe’s defense tech darling",SpokenLayer,UCOUa7w1EYqGXeYQxrHfvVxg,249.0,25.0,Daniel Ek interview 2025,Daniel Ek,ek,SPOT,4.2
uCa-t-xt2Vk,"Daniel Tachie| "" I Got A Job At E K Brand Through A Job Interview I Failed"" (PART 18)",SydeHassle TV,UCgR7UjYvJraS15R0bvNdPkg,510.0,25.0,Daniel Ek interview 2025,Daniel Ek,ek,SPOT,8.5
x0sWolwQ_Q0,Entrevista a Daniel Ek de Casey Rae sobre Spotify en sus inicios (2009) (Subtitulado),Diffusion Offline,UC-3hRAwjAbsrssseKu1j-Xw,2539.0,24.0,Daniel Ek interview 2019,Daniel Ek,ek,SPOT,42.3
6KeW706Nnko,"Clip: Daniel Ek, Spotify CEO, on Matador Records bands",Widget,UCbuZIptc5gB-u20dwWJkZRA,192.0,23.0,Daniel Ek interview 2020,Daniel Ek,ek,SPOT,3.2
3r02asZJpGQ,"Neko, the body-scanning startup co-founded by Spotify’s Daniel Ek, snaps up $260M at a $1.8B valu...",SpokenLayer,UCOUa7w1EYqGXeYQxrHfvVxg,398.0,23.0,Daniel Ek interview 2025,Daniel Ek,ek,SPOT,6.6
j9wHONwv9a8,what did daniel ek (spotify ceo) say?? • a:a music news,all:ambient,UCNLG2A6zHecZXAGd5JWU1ag,1699.0,22.0,Daniel Ek interview 2024,Daniel Ek,ek,SPOT,28.3
mcv1l_tc0dA,Daniel Ek is playing chess with Kroenke and the move is now in check,TK24 Sports,UC8guHKiL_RdV52zmKUG7tqw,460.0,21.0,Daniel Ek interview 2020,Daniel Ek,ek,SPOT,7.7
Um1qp7o8N1I,"Daniel Ek CEO Spotify, Bussinessman",Farikabn,UCV-b9oUSbggVPRuJy0BUV8w,580.0,21.0,Daniel Ek interview 2022,Daniel Ek,ek,SPOT,9.7
OL-78WJd7Vw,Spotify's Daniel Ek   Talking Tech,Jefferson Graham Interviews,UC0P6JfN03Fcx9GXP74JFeKQ,236.0,18.0,Daniel Ek interview 2022,Daniel Ek,ek,SPOT,3.9
R9WWSRfTNoQ,Daniel Ek takeover,"Wright place, Wright time. ",UCLi-o5NFis-Q91eGnzy3nqw,957.0,13.0,Daniel Ek interview 2021,Daniel Ek,ek,SPOT,16.0
QoPO1wLMhGY,"5 Reasons Behind the Success of Daniel Ek, Co-Founder and CEO of Spotify",Cored Education,UC6zxHdjJoWz0UNmoXC1XhxA,215.0,13.0,Daniel Ek interview 2024,Daniel Ek,ek,SPOT,3.6
-kuJcpUZ2fg,THE TRUTH About Daniel Ek's Spotify,Letters Of Inspiration,UC8Km6dbIa6nrRwMg7V4B61w,359.0,10.0,Daniel Ek interview 2024,Daniel Ek,ek,SPOT,6.0
4r30jCpHkZs,50. Daniel Ek,Leadership Power,UCRik0TN_RFmEIsDE-1jPj_g,1179.0,8.0,Daniel Ek interview 2024,Daniel Ek,ek,SPOT,19.6
pCNPENewwZQ,Meg ENRAGED After Spotify CEO Daniel EK Massively DECLINED' Partnership With Her New As Ever Brand,HarMeg Chaos ,UCUfu72afO5k5hsNhmNS3Puw,389.0,7.0,Daniel Ek interview 2025,Daniel Ek,ek,SPOT,6.5
YuTNl7cAG8I,[2026-05-11-global] Daniel Ek-backed defense tech Helsing to raise $1.2B at $18B valuation ·...,밸리브리핑,UCsiOHY5ivMSHApJQGVxcknA,202.0,6.0,Daniel Ek CNBC 2026,Daniel Ek,ek,SPOT,3.4
u9JN4srb2QQ,"Spotify's Billionaire CEO, Daniel Ek says he has 'secured funds' to buy Arsenal football club",Vital Trending News,UC3Cbc1_GOvV3fTeUATdpmqQ,246.0,4.0,Daniel Ek CNBC 2021,Daniel Ek,ek,SPOT,4.1
9YqsuhxZRbA,"Creator Executive Collaboration, Ek Steps Down, & More",Sounds Profitable,UCtOcH3DGsE4xo9Nkc8R8CCw,384.0,4.0,Daniel Ek interview 2025,Daniel Ek,ek,SPOT,6.4
VvtJUaoYXxc,Overtime 02: Daniel Ek & Petey O-Pee-Chee,Widget,UCbuZIptc5gB-u20dwWJkZRA,2188.0,3.0,Daniel Ek full interview 2020,Daniel Ek,ek,SPOT,36.5
Gnn6grbcC14,"Daniel Ek's Donuts, it's Rough On Rats, and Perspective is Everything.",Loudonfast,UC1VXCX-tQKt_WT_OQfpWbbg,401.0,3.0,Daniel Ek interview 2024,Daniel Ek,ek,SPOT,6.7
DU_5ECylaqY,EK Wise Interview-Preview #5 #books #booktube #bookish #bookrecs #writingtips #writing,The Fantasy and Sci-Fi Fanatic's Podcast,UCJDPXXpGpwsKNojyYByQnKg,244.0,2.0,Daniel Ek interview 2026,Daniel Ek,ek,SPOT,4.1
SDzPiOXSKkQ,From Shy Student to Spotify Billionaire: Daniel Ek's Journey,Martin Vika,UC0kaRXUCaFiRZ2LFIpsCDZQ,798.0,0.0,Daniel Ek interview 2024,Daniel Ek,ek,SPOT,13.3
ZO8XGmUA0bM,Larry Fink - The Most Powerful Man in Finance | A Documentary,FINAiUS,UCGBoWe1mzCvbbqDNncmxm8A,1494.0,2840868.0,Larry Fink full interview 2021,Larry Fink,fink,BLK,24.9
S0PDBjvFLrU,MEGA EXCLUSIVE: Mukesh Ambani & Larry Fink INTERVIEW | Investing For A New Era | JioBlackRock Event,CNBC-TV18,UCmRbHAgG2k2vDUvb3xsEunQ,2866.0,1122015.0,Larry Fink CNBC 2026,Larry Fink,fink,BLK,47.8
-LPit2bEWAo,BlackRock CEO Larry Fink: We're at the beginning of the tokenization of all assets,CNBC Television,UCrp_UI8XtuYfpiqluWLD7Lw,353.0,597876.0,Larry Fink interview 2023,Larry Fink,fink,BLK,5.9
NpozSuoNqYA,"HE Al Mubarak, Ray Dalio, Larry Fink, Stephen Schwarzman, David Solomon and More - #FII5",FII Institute,UCXEQ3MCLUTyUv_Hk_XLyC6g,4206.0,493515.0,Larry Fink full interview 2021,Larry Fink,fink,BLK,70.1
D4d1GzgnhkI,The U.S. Deficit Will 'Overwhelm This Country': BlackRock CEO Larry Fink,Forbes,UCmh7afBz-uWwOSSNTqUBAhg,2119.0,401040.0,Larry Fink interview 2023,Larry Fink,fink,BLK,35.3
xRCEXPXfeL4,Blackrock's Larry Fink: We are probably in a recession right now,CNBC Television,UCrp_UI8XtuYfpiqluWLD7Lw,547.0,362769.0,Larry Fink CNBC 2025,Larry Fink,fink,BLK,9.1
se1bcqMYg8g,BlackRock CEO Larry Fink: Bitcoin ETF approvals are 'stepping stones' towards tokenization,CNBC Television,UCrp_UI8XtuYfpiqluWLD7Lw,434.0,360550.0,Larry Fink interview 2024,Larry Fink,fink,BLK,7.2
HM-ILBFSviw,BlackRock CEO Larry Fink: Long term investors should be at least 80% in equities or hard assets,CNBC Television,UCrp_UI8XtuYfpiqluWLD7Lw,561.0,343375.0,Larry Fink CNBC 2023,Larry Fink,fink,BLK,9.4
tRZOrHDosWg,"BlackRock's Fink on Bonds, M&A, US Recession, Election: Full Interview",Bloomberg Television,UCIALMKvObZNtJ6AmdCLP7Lg,2146.0,326259.0,Larry Fink interview 2023,Larry Fink,fink,BLK,35.8
PSVpth7uqb4,BlackRock C.E.O. Larry Fink on ESG Investing,New York Times Events,UCtZNqEGzfQ6jO4SXWz51bRw,1457.0,318103.0,Larry Fink interview 2017,Larry Fink,fink,BLK,24.3
BnNbZmE3beA,"BlackRock CEO Larry Fink on Inflation, ESG Investing",Bloomberg Television,UCIALMKvObZNtJ6AmdCLP7Lg,1046.0,286422.0,Larry Fink interview 2022,Larry Fink,fink,BLK,17.4
HeFwIsrtgVQ,Brian Armstrong and Larry Fink Are Not Worried About Another Crypto Winter,New York Times Events and The New York Times,,2075.0,272129.0,Larry Fink interview 2025,Larry Fink,fink,BLK,34.6
BMHri_jZx64,BlackRock CEO Larry Fink: U.S. is very close to a recession and may be in one now,CNBC Television,UCrp_UI8XtuYfpiqluWLD7Lw,367.0,227092.0,Larry Fink interview 2025,Larry Fink,fink,BLK,6.1
2l2yrFHnQ1M,Larry Fink's Predictions For The Next Seven Years | Forbes,Forbes Clips,UC_cVV9JriKgIZrtu43lYQhw,227.0,221944.0,Larry Fink interview 2025,Larry Fink,fink,BLK,3.8
DcKiUpZxZJk,Larry Fink: Politicians must wake up to this,Fox Business,UCCXoCcu9Rp7NPbTzIvogpZg,471.0,217854.0,Larry Fink interview 2023,Larry Fink,fink,BLK,7.8
_CN1TcQgQwg,BlackRock CEO Larry Fink on economic outlook: I think our economy is going to accelerate,CNBC Television,UCrp_UI8XtuYfpiqluWLD7Lw,343.0,190750.0,Larry Fink CNBC 2023,Larry Fink,fink,BLK,5.7
f8FrvkJt4nk,BlackRock CEO Larry Fink: I'm very bullish on the markets over the next 12 months,CNBC Television,UCrp_UI8XtuYfpiqluWLD7Lw,497.0,170099.0,Larry Fink CNBC 2025,Larry Fink,fink,BLK,8.3
A2OszEjl_-8,BlackRock CEO Larry Fink: Infrastructure will be the largest growing sector in private capital,CNBC Television,UCrp_UI8XtuYfpiqluWLD7Lw,261.0,153898.0,Larry Fink interview 2024,Larry Fink,fink,BLK,4.4
q_j-jRttfV0,"Laurence D. Fink, Chairman and Chief Executive Officer, BlackRock, Inc.","The Economic Club of Washington, D.C.",UCMxg9TQdOZSu21CHffziZlw,2816.0,150534.0,Larry Fink interview 2017,Larry Fink,fink,BLK,46.9
Mi3q_upPjBM,BlackRock CEO Larry Fink: I want the SEC to rapidly approve the tokenization of bonds and stocks,CNBC Television,UCrp_UI8XtuYfpiqluWLD7Lw,217.0,147566.0,Larry Fink interview 2025,Larry Fink,fink,BLK,3.6
hOz19yUXWlE,BlackRock's Fink on How to Solve the Retirement Problem,Bloomberg Television,UCIALMKvObZNtJ6AmdCLP7Lg,852.0,147332.0,Larry Fink interview 2024,Larry Fink,fink,BLK,14.2
OXuOPEsTQ0k,BlackRock's Fink: Modern Monetary Theory Is 'Garbage',Bloomberg Television,UCIALMKvObZNtJ6AmdCLP7Lg,310.0,138108.0,Larry Fink interview 2016,Larry Fink,fink,BLK,5.2
NIyPwq83vG8,'WENT TOO FAR': BlackRock's Larry Fink makes MAJOR confession,Fox Business,UCCXoCcu9Rp7NPbTzIvogpZg,509.0,135271.0,Larry Fink interview 2023,Larry Fink,fink,BLK,8.5
4f_dXsroDyM,BlackRock CEO Larry Fink: Could see 10-year Treasury yield hit 5-5.5% and 'shock' the equity market,CNBC Television,UCrp_UI8XtuYfpiqluWLD7Lw,235.0,118414.0,Larry Fink interview 2024,Larry Fink,fink,BLK,3.9
cTT_FlYYNtU,BlackRock CEO Larry Fink on GIP deal: The future in private markets will be infrastructure,CNBC Television,UCrp_UI8XtuYfpiqluWLD7Lw,415.0,98634.0,Larry Fink interview 2024,Larry Fink,fink,BLK,6.9
HTveRlW7QPo,Fink Sees Tokenization of Financial Assets as Next Step,Bloomberg Television,UCIALMKvObZNtJ6AmdCLP7Lg,243.0,96548.0,Larry Fink interview 2024,Larry Fink,fink,BLK,4.0
cBNo3-AdbM4,Why Did the Bitcoin Price Dump? | Larry Fink on CNBC,Swan Bitcoin,UCl4takhOQtiyprismCPsa2Q,426.0,85957.0,Larry Fink CNBC 2024,Larry Fink,fink,BLK,7.1
NYXo79k3qqg,BlackRock's Larry Fink says he doesn't expect 'big recession' in the U.S.,CNBC Television,UCrp_UI8XtuYfpiqluWLD7Lw,393.0,81775.0,Larry Fink CNBC 2022,Larry Fink,fink,BLK,6.6
Ck0VOPZVnbU,BlackRock CEO Larry Fink on its recent port acquisitions on the Panama Canal,CNBC Television,UCrp_UI8XtuYfpiqluWLD7Lw,183.0,81373.0,Larry Fink CNBC 2025,Larry Fink,fink,BLK,3.0
NSkLseKnXkQ,BlackRock's Fink Says GIP Deal Is 'Perfect Partnership',Bloomberg Television,UCIALMKvObZNtJ6AmdCLP7Lg,484.0,73959.0,Larry Fink Bloomberg interview 2024,Larry Fink,fink,BLK,8.1
QaR2MQ__A1Y,BlackRock CEO Larry Fink: We're at the beginning of growing capital markets,CNBC Television,UCrp_UI8XtuYfpiqluWLD7Lw,266.0,68922.0,Larry Fink interview 2023,Larry Fink,fink,BLK,4.4
cX4FvW_Ph_s,We want to hear from the regulators: Larry Fink,Fox Business,UCCXoCcu9Rp7NPbTzIvogpZg,1127.0,68128.0,Larry Fink interview 2018,Larry Fink,fink,BLK,18.8
XWwotSf0sbE,BlackRock CEO Larry Fink SECRETLY Manipulating Bitcoin & Ethereum,Altcoin Daily,UCbLhGKVY-bJPcawebgtNfbw,739.0,60186.0,Larry Fink Bloomberg interview 2026,Larry Fink,fink,BLK,12.3
68xavt308Bo,BlackRock CEO Larry Fink: We're too focused on monetary policy and not enough on fiscal discipline,CNBC Television,UCrp_UI8XtuYfpiqluWLD7Lw,580.0,58517.0,Larry Fink interview 2023,Larry Fink,fink,BLK,9.7
Zt37lEKol_o,"Bill Gates, Larry Fink on Clean-Energy Push",Bloomberg Television,UCIALMKvObZNtJ6AmdCLP7Lg,1524.0,55734.0,Larry Fink interview 2021,Larry Fink,fink,BLK,25.4
N9pFWp35rKA,Larry Fink | The Investing Mindset That Built the World's Largest Asset Manager,Creative Planning,UCRoWRnXa4ZM85Fw9EN7xICA,2592.0,55235.0,Larry Fink interview 2024,Larry Fink,fink,BLK,43.2
fqBHcbkl_Zo,BlackRock CEO Larry Fink: Inflation will be sticky between 3% to 4%,CNBC Television,UCrp_UI8XtuYfpiqluWLD7Lw,399.0,53722.0,Larry Fink CNBC 2023,Larry Fink,fink,BLK,6.6
evUL4vA-9eo,FULL Highlights: Elon Musk Meets Larry Fink at Davos 2026 | WEF Talks Global Finance & Tech | AC14,DWS News,UCrrXvYmau-9oMA6XJKZS2fQ,1935.0,52709.0,Larry Fink interview 2026,Larry Fink,fink,BLK,32.2
3O4pnwq6ddY,Larry Fink: The world needs to get back its moral compass,Fox Business,UCCXoCcu9Rp7NPbTzIvogpZg,703.0,51642.0,Larry Fink interview 2023,Larry Fink,fink,BLK,11.7
YETCqbovL50,BlackRock CEO Larry Fink is optimistic about long-term investment opportunities in 2023,CNBC Television,UCrp_UI8XtuYfpiqluWLD7Lw,296.0,50648.0,Larry Fink CNBC 2022,Larry Fink,fink,BLK,4.9
Hskr-WPZKzQ,FULL DISCUSSION: BlackRock’s Larry Fink & Citadel’s Ken Griffin Discuss Global Markets | AQ1B,DRM News,UCrvG04V6wbOau6fVJI01OlQ,1971.0,48177.0,Larry Fink full interview 2025,Larry Fink,fink,BLK,32.8
ChmRWyye3nM,"Legends Live @Citi, featuring Larry Fink and Leon Kalvaria",Citi,UCrJYCCvJzI_eEn9HpaJRZOg,3635.0,46378.0,Larry Fink interview 2025,Larry Fink,fink,BLK,60.6
R-cLxFOo7xg,"BlackRock CEO and Chairman Larry Fink speaks at CERAWeek in Houston, Texas  — 3/7/2025",CNBC Television,UCrp_UI8XtuYfpiqluWLD7Lw,1866.0,44374.0,Larry Fink CNBC 2025,Larry Fink,fink,BLK,31.1
N5L2WZpjeV8,"This Is India’s Era for the Next 20–25 Years: Larry Fink, BlackRock | JioBlackRock Event | N18V",CNBC-TV18,UCmRbHAgG2k2vDUvb3xsEunQ,380.0,43517.0,Larry Fink CNBC 2026,Larry Fink,fink,BLK,6.3
NvmjtTChfZo,BlackRock CEO Larry Fink: Firm is positioned to take advantage of growing capital markets worldwide,CNBC Television,UCrp_UI8XtuYfpiqluWLD7Lw,273.0,43475.0,Larry Fink CNBC 2024,Larry Fink,fink,BLK,4.6
YH-026ctLis,"Inflation will be 'stickier for longer' and hit floor of 4%, says BlackRock's Larry Fink",CNBC Television,UCrp_UI8XtuYfpiqluWLD7Lw,323.0,43474.0,Larry Fink CNBC 2023,Larry Fink,fink,BLK,5.4
2taqmOs-eBg,The 19th Hole Beyond the Green: Larry Fink,iCapital,UCmjKiUIEcbRNv9ACEvYM6Jg,1849.0,40762.0,Larry Fink interview 2024,Larry Fink,fink,BLK,30.8
UaAH9_3MwXc,Conversation with BlackRock CEO Larry Fink & Brookfield Corp CEO Bruce Flatt | Global Conference '26,Milken Institute,UCIRzxohZ6SbwsPqHFQGMJ7A,2019.0,40241.0,Larry Fink interview 2025,Larry Fink,fink,BLK,33.6
xAsWTIE0XxA,"BlackRock's Fink on Optimism, China, Deficits, Inclusive Capitalism",Bloomberg Television,UCIALMKvObZNtJ6AmdCLP7Lg,1061.0,39736.0,Larry Fink Bloomberg interview 2019,Larry Fink,fink,BLK,17.7
AV5NDuGZ6No,BlackRock CEO Larry Fink: We need unfettered businesses & growth from the private sector,CNBC Television,UCrp_UI8XtuYfpiqluWLD7Lw,422.0,37155.0,Larry Fink CNBC 2024,Larry Fink,fink,BLK,7.0
icuKbYrJ2cE,"Infrastructure investing is at the beginning of a golden age, says BlackRock CEO Larry Fink",CNBC Television,UCrp_UI8XtuYfpiqluWLD7Lw,282.0,36354.0,Larry Fink interview 2025,Larry Fink,fink,BLK,4.7
kLDHoyNKX4o,BlackRock's Fink Says ESG Narrative Has Become Personal,Bloomberg Television,UCIALMKvObZNtJ6AmdCLP7Lg,247.0,36080.0,Larry Fink Bloomberg interview 2023,Larry Fink,fink,BLK,4.1
ulU_tw81dAk,BlackRock CEO Larry Fink on shifting investment strategy towards environmental sustainability,CNBC Television,UCrp_UI8XtuYfpiqluWLD7Lw,592.0,34166.0,Larry Fink interview 2018,Larry Fink,fink,BLK,9.9
VbNj5n3pcqc,BlackRock CEO Larry Fink says he's 'incredibly bullish' on markets,CNBC Television,UCrp_UI8XtuYfpiqluWLD7Lw,309.0,33919.0,Larry Fink CNBC 2020,Larry Fink,fink,BLK,5.2
0ACds3PkhiY,BlackRock CEO Larry Fink's market predictions for 2019,CNBC Television,UCrp_UI8XtuYfpiqluWLD7Lw,324.0,33400.0,Larry Fink interview 2019,Larry Fink,fink,BLK,5.4
pn2F-XkCLMg,"Laurence D. Fink, Founder, Chairman & CEO, BlackRock, 2/13/18",The Economic Club of Chicago,UClKjRE4Ts6RxZUWxAmmIY1g,3493.0,33143.0,Larry Fink interview 2017,Larry Fink,fink,BLK,58.2
WpGIp4gOrGI,BlackRock CEO Larry Fink ‘major believer’ there’s role for bitcoin in portfolios: CNBC Crypto World,CNBC Television,UCrp_UI8XtuYfpiqluWLD7Lw,665.0,32833.0,Larry Fink CNBC 2024,Larry Fink,fink,BLK,11.1
stWb_1S6_qo,"Full interview with BlackRock CEO Larry Fink on earnings, reopening the economy and more",CNBC Television,UCrp_UI8XtuYfpiqluWLD7Lw,1487.0,31397.0,Larry Fink interview 2020,Larry Fink,fink,BLK,24.8
j0hk6Vavaek,Watch CNBC's full interview with BlackRock CEO Larry Fink,CNBC Television,UCrp_UI8XtuYfpiqluWLD7Lw,1089.0,31384.0,Larry Fink interview 2019,Larry Fink,fink,BLK,18.2
4qhpva-Qj5Q,"Davos 2020: Larry Fink – ""Climate change will be a major change on how we all do business""",Deutsche Bank,UCPnyEf4lc5_RF4QY4bT2KRw,728.0,30904.0,Larry Fink interview 2020,Larry Fink,fink,BLK,12.1
z37e_CD986A,BlackRock Chairman And CEO Larry Fink One On One About The Company's Growth Strategy (Full) | CNBC,CNBC,UCvJJ_dzjViJCoLf5uKUTwoA,997.0,29840.0,Larry Fink interview 2017,Larry Fink,fink,BLK,16.6
Q8WmhWQ8MIM,BlackRock CEO Larry Fink: Profits With A Purpose Are Vital For Survivability & Profitability | CNBC,CNBC,UCvJJ_dzjViJCoLf5uKUTwoA,701.0,29777.0,Larry Fink interview 2018,Larry Fink,fink,BLK,11.7
5whx4NE1yto,"BlackRock CEO Larry Fink: Our job is to manage your money, your way",CNBC Television,UCrp_UI8XtuYfpiqluWLD7Lw,364.0,29501.0,Larry Fink interview 2025,Larry Fink,fink,BLK,6.1
dENVfz5F7N8,Jim Cramer: Tesla looks like the 'ultimate' stock for Larry Fink's new focus on sustainability,CNBC Television,UCrp_UI8XtuYfpiqluWLD7Lw,183.0,29288.0,Larry Fink CNBC 2019,Larry Fink,fink,BLK,3.0
pfVdM3W7r4E,BlackRock's Fink Says Trade Tensions May Sink Stocks,Bloomberg Television,UCIALMKvObZNtJ6AmdCLP7Lg,1793.0,28415.0,Larry Fink interview 2017,Larry Fink,fink,BLK,29.9
4zkSls5pBfM,BlackRock CEO Larry Fink releases annual letter to shareholders,CNBC Television,UCrp_UI8XtuYfpiqluWLD7Lw,211.0,27948.0,Larry Fink CNBC 2022,Larry Fink,fink,BLK,3.5
6NJIX-sJjaw,BlackRock CEO Larry Fink on climate change and ESG investing,CNBC Television,UCrp_UI8XtuYfpiqluWLD7Lw,451.0,27673.0,Larry Fink CNBC 2020,Larry Fink,fink,BLK,7.5
nvRaeY9sRBg,BlackRock CEO Larry Fink on active vs. passive investing,CNBC Television,UCrp_UI8XtuYfpiqluWLD7Lw,222.0,26740.0,Larry Fink CNBC 2017,Larry Fink,fink,BLK,3.7
yEgo08b19E8,BlackRock's Larry Fink: Institutional clients fascinated by crypto but not that interested,CNBC Television,UCrp_UI8XtuYfpiqluWLD7Lw,260.0,26465.0,Larry Fink CNBC 2020,Larry Fink,fink,BLK,4.3
ZGNgPLq2KHA,The Inspiring Story Of Larry Fink (Full Documentary),Stories Of Fortune,UCWZUh011WjR8aLPuVdNwesg,1379.0,26342.0,Larry Fink full interview 2022,Larry Fink,fink,BLK,23.0
7ujfkH9JTPQ,BlackRock's Fink Warns of Looming Retirement Crisis,Bloomberg Television,UCIALMKvObZNtJ6AmdCLP7Lg,210.0,26010.0,Larry Fink interview 2024,Larry Fink,fink,BLK,3.5
vg7Fhrh_bkk,"BlackRock CEO Larry Fink: Answer to U.S. deficit isn't cutting, it's to grow the economy",CNBC Television,UCrp_UI8XtuYfpiqluWLD7Lw,205.0,24926.0,Larry Fink interview 2025,Larry Fink,fink,BLK,3.4
4piOwG5sLyg,Yale's Jeff Sonnenfeld: BlackRock CEO Larry Fink 'is swinging like a pendulum' with Aramco news,CNBC Television,UCrp_UI8XtuYfpiqluWLD7Lw,465.0,23507.0,Larry Fink CNBC 2023,Larry Fink,fink,BLK,7.8
3-xn6J1hpy0,"Larry Fink on How the Covid-19 Crisis Impacts BlackRock, Markets",Bloomberg Television,UCIALMKvObZNtJ6AmdCLP7Lg,943.0,22418.0,Larry Fink interview 2020,Larry Fink,fink,BLK,15.7
4YlpMoRtXLk,Is BlackRock CEO Larry Fink The Most POWERFUL Man In The World?,The Hill,UCPWXiRWZ29zrxPFIQT7eHSA,549.0,21703.0,Larry Fink interview 2022,Larry Fink,fink,BLK,9.2
_iUYhEATYQE,BlackRock CEO Fink Discusses Sustainable Investing,Bloomberg Television,UCIALMKvObZNtJ6AmdCLP7Lg,1817.0,21187.0,Larry Fink Bloomberg interview 2017,Larry Fink,fink,BLK,30.3
GXjxY5sHEsg,BlackRock CEO Larry Fink on market outlook,CNBC Television,UCrp_UI8XtuYfpiqluWLD7Lw,1053.0,20599.0,Larry Fink CNBC 2018,Larry Fink,fink,BLK,17.6
ADjVZ-k4cwo,BlackRock's Larry Fink: There's a lot of cash ready to go to work in the stock market,CNBC Television,UCrp_UI8XtuYfpiqluWLD7Lw,249.0,20042.0,Larry Fink CNBC 2020,Larry Fink,fink,BLK,4.2
S1eC1YfuoZ0,BlackRock CEO Larry Fink: Stocks will rally in 2021 but not as much as last year,CNBC Television,UCrp_UI8XtuYfpiqluWLD7Lw,201.0,19226.0,Larry Fink CNBC 2020,Larry Fink,fink,BLK,3.4
pYtEukvKjLc,Financial risks of climate change are bigger than any other crisis: BlackRock CEO Larry Fink,CNBC Television,UCrp_UI8XtuYfpiqluWLD7Lw,808.0,18779.0,Larry Fink interview 2020,Larry Fink,fink,BLK,13.5
8zAOEwLzaUg,"BlackRock CEO Larry Fink: ""U.S. Is Planning a $37 Trillion Crypto Reset""",Library Of Wealth,UC6OOQMJYX09OyrSRPABNxhA,798.0,17948.0,Larry Fink interview 2025,Larry Fink,fink,BLK,13.3
mw9l6M_RdNM,"Blackrock CEO Larry Fink - ""What's Coming Is Bigger Than a Bull Run""",Library Of Wealth,UC6OOQMJYX09OyrSRPABNxhA,771.0,17411.0,Larry Fink interview 2025,Larry Fink,fink,BLK,12.8
LBoCO_mNbj8,"'Decade déjà vu': Highlights from WEF panel with Larry Fink, Ken Griffin and Christine Lagarde",CNBC Television,UCrp_UI8XtuYfpiqluWLD7Lw,315.0,17102.0,Larry Fink interview 2026,Larry Fink,fink,BLK,5.2
8VaMCA-Wo7c,An interview with Laurence Fink,Economist Enterprise – Events,UC_fce5bLypEINylATC-ehvA,2190.0,16853.0,Larry Fink full interview 2016,Larry Fink,fink,BLK,36.5
omv2JHiMLD4,Larry Fink Says He's Concerned Public Debt Will Crowd Out Private Capital,Bloomberg Television,UCIALMKvObZNtJ6AmdCLP7Lg,238.0,16595.0,Larry Fink interview 2024,Larry Fink,fink,BLK,4.0
YF3e2Jhse4Q,Adam Curtis on Larry Fink creating BlackRock.,Adam Curtis,UCRQYbhhSdhkf6oHQxulz3FQ,194.0,16411.0,Larry Fink interview 2016,Larry Fink,fink,BLK,3.2
NOh7-ieoFVo,Watch CNBC's full interview with BlackRock CEO Larry Fink,CNBC Television,UCrp_UI8XtuYfpiqluWLD7Lw,822.0,15845.0,Larry Fink interview 2019,Larry Fink,fink,BLK,13.7
1I7G8-VUxX8,"BlackRock's Larry Fink On Investing, Tariffs, And China | CNBC",CNBC,UCvJJ_dzjViJCoLf5uKUTwoA,957.0,15658.0,Larry Fink CNBC 2018,Larry Fink,fink,BLK,16.0
7A6Rus4dWHQ,BlackRock’s Fink on Capitalism and Sustainability,Bloomberg Live,UC7UFcUbAd8oyCBWCogVpJ6g,1137.0,13579.0,Larry Fink Bloomberg interview 2019,Larry Fink,fink,BLK,19.0
sRinurVbUeM,"Larry Fink, UCLA Anderson School of Management Distinguished Speaker Series",UCLA,UCPpw6jRIL1B9nU0k7-GujOQ,3086.0,13334.0,Larry Fink interview 2019,Larry Fink,fink,BLK,51.4
UojxXuNu2J0,Q&A AFTER LIVES STREAM: A LITTLE CRAZY. WHAT BLACKROCK CEO LARRY FINK SAID ON LIVE TV.,Digital Asset News,UCJgHxpqfhWEEjYH9cLXqhIQ,948.0,12001.0,Larry Fink CNBC 2023,Larry Fink,fink,BLK,15.8
YKbe6UqRVlU,"BlackRock CEO Larry Fink: We need to work with hydrocarbon companies, not against them",CNBC Television,UCrp_UI8XtuYfpiqluWLD7Lw,292.0,11871.0,Larry Fink CNBC 2022,Larry Fink,fink,BLK,4.9
hDng6NmvGk4,Larry Fink: We All Have to Be Worried About China's Debt,Bloomberg Originals,UCUMZ7gohGI9HcU9VNsr2FJQ,266.0,10829.0,Larry Fink Bloomberg interview 2016,Larry Fink,fink,BLK,4.4
i00ZPGy7K4k,"BlackRock's Larry Fink on earnings beat, banking crisis fallout and bond inflows",CNBC Television,UCrp_UI8XtuYfpiqluWLD7Lw,280.0,10503.0,Larry Fink interview 2022,Larry Fink,fink,BLK,4.7
euPgaxwT9_M,BlackRock CEO Larry Fink Talks Further Market Drops | Bloomberg Talks,Bloomberg Podcasts,UChF5O40UBqAc82I7-i5ig6A,2387.0,9938.0,Larry Fink Bloomberg interview 2025,Larry Fink,fink,BLK,39.8
Yq7ksqq7hsY,BlackRock's Larry Fink and PIMCO's Bill Gross Discuss the U.S. Economy,UCLAAnderson,UCEDvfGcp-6xiuQpgh6zO3RA,4281.0,9793.0,Larry Fink CNBC 2016,Larry Fink,fink,BLK,71.4
11O0xjTN4lg,Watch CNBC's full interview with BlackRock's Larry Fink,CNBC Television,UCrp_UI8XtuYfpiqluWLD7Lw,1466.0,9395.0,Larry Fink interview 2018,Larry Fink,fink,BLK,24.4
w9O-tl7zMK8,Blackrock CEO Larry Fink Update On The Market And The Economy,Savvy Finance,UClMW7w5LIPCr98Hw17GeiYQ,640.0,9060.0,Larry Fink interview 2022,Larry Fink,fink,BLK,10.7
OL2dubQ0_CQ,"BlackRock CEO Larry Fink on Global Economic Recovery, Climate Change",Bloomberg Live,UC7UFcUbAd8oyCBWCogVpJ6g,1750.0,9006.0,Larry Fink interview 2020,Larry Fink,fink,BLK,29.2
2vG5ZllHJtg,"BlackRock's Fink on Markets, Economy and Cryptocurrencies",Bloomberg Television,UCIALMKvObZNtJ6AmdCLP7Lg,1175.0,8773.0,Larry Fink interview 2017,Larry Fink,fink,BLK,19.6
lEt8_-abpX0,BlackRock CEO Larry Fink & Land O'Lakes CEO Beth Ford | BlackRock Retirement Summit,Semafor,UCtB4ylCuQW0ue8ACIsHmD1w,2744.0,8689.0,Larry Fink interview 2025,Larry Fink,fink,BLK,45.7
QNaDVfTMcpU,Carl Icahn: Larry Fink Protects Underperforming Executives,Bloomberg Originals,UCUMZ7gohGI9HcU9VNsr2FJQ,327.0,8608.0,Larry Fink interview 2016,Larry Fink,fink,BLK,5.4
kqaoaOoUCH0,"Infrastructure Will Be a Major Asset Class, Fink Says",Bloomberg Television,UCIALMKvObZNtJ6AmdCLP7Lg,224.0,8565.0,Larry Fink Bloomberg interview 2024,Larry Fink,fink,BLK,3.7
xonE-gNf76c,Investing for a new era | A conversation with Mukesh Ambani & Larry Fink | 4 Feb 2026,JioBlackRock,UCGfh7dy9SBvhYj8UoWklbKQ,5635.0,8060.0,Larry Fink interview 2026,Larry Fink,fink,BLK,93.9
PzfoghnWyA4,"BlackRock’s Fink, Temasek’s Pillay on Climate Investing",Bloomberg Television,UCIALMKvObZNtJ6AmdCLP7Lg,2299.0,7969.0,Larry Fink interview 2021,Larry Fink,fink,BLK,38.3
2L7_dnoQmBQ,BlackRock CEO Larry Fink on earnings results amid coronavirus crisis,CNBC Television,UCrp_UI8XtuYfpiqluWLD7Lw,385.0,7884.0,Larry Fink interview 2020,Larry Fink,fink,BLK,6.4
KxnX8CNLgN4,Carlos Torres Vila (BBVA) y Larry Fink (BlackRock) piden mayor inversión para la descarbonización,BBVA,UCx7HhFsmIlxx9fXnMpnERbQ,1988.0,7872.0,Larry Fink full interview 2022,Larry Fink,fink,BLK,33.1
0tR1YrZj_kg,🚨BLACKROCK CEO LARRY FINK BULLISH CRYPTO STATEMENTS! BITCOIN DIGITAL GOLD + COREUM,Thinking Crypto,UCjpkwsuHgYx9fBE0ojsJ_-w,624.0,7682.0,Larry Fink interview 2023,Larry Fink,fink,BLK,10.4
2WvGlns9Jx4,BlackRock CEO Larry Fink: Our penetration with clients worldwide gives us the differentiating model,CNBC Television,UCrp_UI8XtuYfpiqluWLD7Lw,271.0,7605.0,Larry Fink CNBC 2025,Larry Fink,fink,BLK,4.5
pSZBOVHczxI,Fink: We Need to Embrace Our Capitalism,Bloomberg Television,UCIALMKvObZNtJ6AmdCLP7Lg,510.0,7303.0,Larry Fink CNBC 2024,Larry Fink,fink,BLK,8.5
dyumUMOh4Zw,BlackRock CEO Larry Fink explains his decision to prioritize sustainability,CNBC Television,UCrp_UI8XtuYfpiqluWLD7Lw,348.0,7117.0,Larry Fink interview 2020,Larry Fink,fink,BLK,5.8
bG8fjs4wilI,Larry Fink: We saw these issues in the third quarter,Fox Business,UCCXoCcu9Rp7NPbTzIvogpZg,264.0,6927.0,Larry Fink Bloomberg interview 2025,Larry Fink,fink,BLK,4.4
QjLmhvjRS9Y,BlackRock CEO Larry Fink: Money will continue to move into the ESG space,CNBC Television,UCrp_UI8XtuYfpiqluWLD7Lw,297.0,6520.0,Larry Fink CNBC 2020,Larry Fink,fink,BLK,5.0
c76-7ezhr74,BREAKING: BlackRock’s CEO Larry Fink Just Said a Recession Is Coming! 😳,Ale's World of Stocks,UCXhrqxFZbG-k8l7v-XhX3ZQ,992.0,6478.0,Larry Fink full interview 2026,Larry Fink,fink,BLK,16.5
eqU_M3DWc98,BlackRock's Fink Says Global Growth Is 'Incredibly Synchronized',Bloomberg Television,UCIALMKvObZNtJ6AmdCLP7Lg,875.0,6471.0,Larry Fink Bloomberg interview 2017,Larry Fink,fink,BLK,14.6
FpDcJN0HBnA,BlackRock CEO Larry Fink Is Now a Billionaire,Bloomberg Television,UCIALMKvObZNtJ6AmdCLP7Lg,229.0,6330.0,Larry Fink interview 2018,Larry Fink,fink,BLK,3.8
1Y9mtzYTCEI,The Big Interview: Larry Fink,NDTV,UCZFMm1mMw0F81Z37aaEzTUA,283.0,6265.0,Larry Fink interview 2019,Larry Fink,fink,BLK,4.7
4G1elCk8KwA,CNBC moderates panel with Larry Fink and other business leaders at COP26,CNBC International Live,UCF8HUTbUwPKh2Q-KpGOCVGw,2411.0,5623.0,Larry Fink interview 2021,Larry Fink,fink,BLK,40.2
72fwlCXy1bw,BlackRock CEO Fink Sees Climate Change Becoming an Investment Risk,Bloomberg Television,UCIALMKvObZNtJ6AmdCLP7Lg,209.0,5526.0,Larry Fink Bloomberg interview 2020,Larry Fink,fink,BLK,3.5
JtHHnBUmc0g,BlackRock CEO Fink on the Importance of Tackling Climate Change,Bloomberg Live,UC7UFcUbAd8oyCBWCogVpJ6g,1495.0,5281.0,Larry Fink interview 2018,Larry Fink,fink,BLK,24.9
wTD1Sk9j_KI,JioBlackRock Event LIVE | Larry Fink & Mukesh Ambani | Investing For A New Era | Mukesh Ambani |N18L,CNBC-TV18,UCmRbHAgG2k2vDUvb3xsEunQ,2856.0,5218.0,Larry Fink CNBC 2026,Larry Fink,fink,BLK,47.6
9LNx4t6Kf5M,"LIVE: Mukesh Ambani & Larry Fink ""Investing for a New Era"" | JioBlackRock 2026 | News18",CNN-News18,UCef1-8eOpJgud7szVPlZQAQ,4197.0,5045.0,Larry Fink CNBC 2026,Larry Fink,fink,BLK,70.0
yopT7XOCiQ0,BlackRock CEO Larry Fink: Finance world now knows the importance of sustainability,CNBC Television,UCrp_UI8XtuYfpiqluWLD7Lw,227.0,5044.0,Larry Fink interview 2018,Larry Fink,fink,BLK,3.8
e-rQghwuXyw,"BlackRock CEO Fink on 2Q Results, ETFs, Trade Wars",Bloomberg Television,UCIALMKvObZNtJ6AmdCLP7Lg,899.0,4833.0,Larry Fink interview 2018,Larry Fink,fink,BLK,15.0
2UU21Wm2-Bc,"""BlackRock CEO Larry Fink Issues Warning For Every Investor In 2026",Library Of Wealth,UC6OOQMJYX09OyrSRPABNxhA,828.0,4685.0,Larry Fink interview 2026,Larry Fink,fink,BLK,13.8
7IV4Zu_rQ4g,BlackRock CEO Larry Fink on Q4 earnings beat,CNBC Television,UCrp_UI8XtuYfpiqluWLD7Lw,219.0,4300.0,Larry Fink CNBC 2020,Larry Fink,fink,BLK,3.6
TKkyGlCdC0Y,Larry Fink and Lubna Olayan on market timing – Future Investment Initiative 2019 – Day 1,FII Institute,UCXEQ3MCLUTyUv_Hk_XLyC6g,1289.0,4025.0,Larry Fink interview 2019,Larry Fink,fink,BLK,21.5
pI3kP27CIdg,Longevity Economics by H.E. Matteo Renzi & Joshua Fink - #FII7 Day 2,FII Institute,UCXEQ3MCLUTyUv_Hk_XLyC6g,898.0,3982.0,Larry Fink Bloomberg interview 2026,Larry Fink,fink,BLK,15.0
BLsKMTZEWn4,Larry Fink at BlackRock: Linking Purpose to Profit | Cold Call,Harvard Business Review,UCWo4IA01TXzBeGJJKWHOG9g,1800.0,3837.0,Larry Fink full interview 2022,Larry Fink,fink,BLK,30.0
nadP1qCo7MU,Fink & Ressler: A Candid Discussion With Two Preeminent Leaders in Finance,UCLAAnderson,UCEDvfGcp-6xiuQpgh6zO3RA,3232.0,3787.0,Larry Fink interview 2017,Larry Fink,fink,BLK,53.9
YosXoLI4Xm4,BlackRock's Fink Says Trump's Tax Plan Must Be Amended,Bloomberg Television,UCIALMKvObZNtJ6AmdCLP7Lg,247.0,3433.0,Larry Fink interview 2017,Larry Fink,fink,BLK,4.1
csnBnBFjWR8,Wearing masks will help economy avoid another shutdown: BlackRock CEO Larry Fink,CNBC Television,UCrp_UI8XtuYfpiqluWLD7Lw,186.0,3404.0,Larry Fink CNBC 2020,Larry Fink,fink,BLK,3.1
v9IEGbxl6fo,Watch CNBC's full interview with BlackRock CEO Larry Fink,CNBC Television,UCrp_UI8XtuYfpiqluWLD7Lw,1055.0,3365.0,Larry Fink CNBC 2018,Larry Fink,fink,BLK,17.6
QoZNeHjagt4,"Blackrock CEO, Larry Fink  -  Digital Currency",PlanXRP,UCgcqEikJI6pVKJ0qx7Bbh2w,2167.0,3314.0,Larry Fink interview 2022,Larry Fink,fink,BLK,36.1
f-d-qPmmEl0,A conversation with Larry Fink: A fundamental reshaping of finance,BlackRock,UC61MWzrpcsazp23LOxCsTcg,1831.0,3185.0,Larry Fink full interview 2020,Larry Fink,fink,BLK,30.5
ybjiMG8S9Gk,Larry Fink: We Are Not Substituting Machines For Humans | Squawk Box | CNBC,CNBC,UCvJJ_dzjViJCoLf5uKUTwoA,186.0,3177.0,Larry Fink interview 2016,Larry Fink,fink,BLK,3.1
D7Q8aoGIgl4,BlackRock CEO Larry Fink on sustainable investing,CNBC Television,UCrp_UI8XtuYfpiqluWLD7Lw,227.0,3165.0,Larry Fink interview 2018,Larry Fink,fink,BLK,3.8
jMgZJ2SROmM,"Larry Fink Talks Rate Cuts, Fed Policy and China | Bloomberg Talks",Bloomberg Podcasts,UChF5O40UBqAc82I7-i5ig6A,979.0,3111.0,Larry Fink Bloomberg interview 2024,Larry Fink,fink,BLK,16.3
u_fg5FdB7J4,BlackRock's Fink: Good if Greece leaves Eurozone,Fox Business,UCCXoCcu9Rp7NPbTzIvogpZg,509.0,2953.0,Larry Fink interview 2016,Larry Fink,fink,BLK,8.5
7gSt8bkw30w,BlackRock’s Fink Says Investors Shifting to ESG-Focused Firms,David Rubenstein,UCqsN9MYiu1mKSAsYoF6ppTg,231.0,2739.0,Larry Fink interview 2020,Larry Fink,fink,BLK,3.8
b_ahAvpYZAk,Squawk Pod: Squawk Pod Reports from Davos: BlackRock CEO Larry Fink - 01/23/25 | Audio Only,CNBC Television,UCrp_UI8XtuYfpiqluWLD7Lw,1150.0,2694.0,Larry Fink CNBC 2025,Larry Fink,fink,BLK,19.2
-vmsGZqshoY,"BlackRock CEO Larry Fink│Post COVID, World Economic Diagnosis by Wall Street Big Shot│WKF 2020",World Knowledge Forum,UC4Z6QzEeJCCz8BF8ghtvV6w,431.0,2676.0,Larry Fink interview 2020,Larry Fink,fink,BLK,7.2
GaqDqzLJ238,"BlackRock CEO Larry Fink on Fed, China, and Recession Risk",slithereen guard,UC_OsStuz8uzupPvSSDM-0Cw,1021.0,2658.0,Larry Fink full interview 2016,Larry Fink,fink,BLK,17.0
i--rj0ZfCdA,Larry Fink ('76) Talks Macroeconomics and Investments with Yahoo Finance,UCLAAnderson,UCEDvfGcp-6xiuQpgh6zO3RA,1236.0,2323.0,Larry Fink interview 2017,Larry Fink,fink,BLK,20.6
jDhZWecE5EA,Exclusive: Pirate Larry Interviews Revell Models’ Jim Keeler — Rare Ed Roth Stories ....,Rat Fink TV,UCRixDgQFVgb_fBgGZGa_zZA,2230.0,2218.0,Larry Fink interview 2026,Larry Fink,fink,BLK,37.2
Iu4kE2Hjjro,Watch BlackRock CEO Larry Fink break down the company's Q4 earnings,CNBC Television,UCrp_UI8XtuYfpiqluWLD7Lw,453.0,2215.0,Larry Fink interview 2019,Larry Fink,fink,BLK,7.6
_Lm2sVZPOAk,"Joe Biden Is the ‘Voice of Reason’ Markets Need, Says BlackRock's Larry Fink",David Rubenstein,UCqsN9MYiu1mKSAsYoF6ppTg,308.0,2189.0,Larry Fink interview 2019,Larry Fink,fink,BLK,5.1
efBDkENbm80,BlackRock’s Larry Fink on Fighting Climate Change,Bloomberg Television,UCIALMKvObZNtJ6AmdCLP7Lg,310.0,2188.0,Larry Fink Bloomberg interview 2020,Larry Fink,fink,BLK,5.2
o2jU3g0iIXM,BlackRock CEO Larry Fink: Most investors are underinvested,CNBC Television,UCrp_UI8XtuYfpiqluWLD7Lw,348.0,2041.0,Larry Fink interview 2018,Larry Fink,fink,BLK,5.8
YkbZxaWo8C4,BlackRock’s Larry Fink: Bitcoin Could “Revolutionize Finance” [ Crypto Espresso 7.6.23 ],CoinMarketCap,UCnhdZlwVd6ocXGhdSyV9Axg,370.0,2026.0,Larry Fink CNBC 2026,Larry Fink,fink,BLK,6.2
9f-NuLziGfU,"Larry Fink on Capitol Markets, BlackRock, and Private Sector Action on Climate Change",Paulson Institute,UCVKBbwQ71lUATO4gkNjpIhg,2639.0,1931.0,Larry Fink Bloomberg interview 2021,Larry Fink,fink,BLK,44.0
a1-Qr4pJfL4,BlackRock CEO Larry Fink is making a mistake: Point Bridge Capital CFA,CNBC Television,UCrp_UI8XtuYfpiqluWLD7Lw,446.0,1893.0,Larry Fink CNBC 2018,Larry Fink,fink,BLK,7.4
sBE7ah8mrg4,Tax Bill Should Have Totally Eliminated Carried Interest: BlackRock's Larry Fink | CNBC,CNBC,UCvJJ_dzjViJCoLf5uKUTwoA,359.0,1841.0,Larry Fink CNBC 2018,Larry Fink,fink,BLK,6.0
qbHOccfCV_4,Larry Fink 2018: 'Markets will be higher in ten years',Yahoo Finance,UCEAZeUIeJs0IjQiqTCdVSIg,1300.0,1769.0,Larry Fink CNBC 2018,Larry Fink,fink,BLK,21.7
EKiaa3YMons,on FOX Business 🔴LIVE Larry Fink discussed #Bitcoin ETF; & how much will #bitcoin be worth in 2024?,americantvnews,UCJLuikLPheAm2Q0q-GQyi6g,483.0,1720.0,Larry Fink interview 2024,Larry Fink,fink,BLK,8.0
azCLJCrjkjo,LIVE: Larry Fink & Mukesh Ambani Discuss Global Business,India Today Global,UCq6L7JFb3gqCNDD2tjWAhBw,2780.0,1714.0,Larry Fink full interview 2026,Larry Fink,fink,BLK,46.3
zeQcLEfp86o,BlackRock's Fink Sees Need for Business to Focus More on Inclusive Capitalism,Bloomberg Television,UCIALMKvObZNtJ6AmdCLP7Lg,282.0,1682.0,Larry Fink interview 2019,Larry Fink,fink,BLK,4.7
kgav63UgV3U,Larry Fink (CEO of BlackRock) LOVES Bitcoin?! (CNBC Interview Drama),BRITISH HODL,UCBGncGsI7pIDP64RYoM6rEg,2709.0,1672.0,Larry Fink CNBC 2023,Larry Fink,fink,BLK,45.2
Hi9zPXjTa9I,BlackRock CEO Larry Fink: We aren't going to 'run away' from Saudi,CNBC Television,UCrp_UI8XtuYfpiqluWLD7Lw,622.0,1649.0,Larry Fink CNBC 2018,Larry Fink,fink,BLK,10.4
xURZdN8wCkE,BlackRock's Larry Fink Gives a Laser-Eyed Bitcoin Interview,The Breakdown ,UCMKxYhVC2lJat7iB9Gec5kw,810.0,1618.0,Larry Fink interview 2023,Larry Fink,fink,BLK,13.5
rNHWrssczaw,BlackRock Chairman And CEO Laurence Fink: There's Very Little Tax Reform 'Baked In' Markets | CNBC,CNBC,UCvJJ_dzjViJCoLf5uKUTwoA,192.0,1553.0,Larry Fink interview 2017,Larry Fink,fink,BLK,3.2
K8ygODHrcFc,Insights from BlackRock CEO Larry Fink and former SEC Chair Mary Schapiro,Brookings Institution,UCi7jxgIOxcRaF4Q54U7lF3g,3603.0,1498.0,Larry Fink full interview 2019,Larry Fink,fink,BLK,60.0
N16wRk4vwsQ,Gary Cohn has been seen with BlackRock CEO Larry Fink: Gasparino,Fox Business,UCCXoCcu9Rp7NPbTzIvogpZg,221.0,1481.0,Larry Fink interview 2018,Larry Fink,fink,BLK,3.7
H0emAtvBD7Y,BlackRock's Fink Sees 'Goldilocks Moment' for U.S. Economy,Bloomberg Television,UCIALMKvObZNtJ6AmdCLP7Lg,194.0,1470.0,Larry Fink interview 2018,Larry Fink,fink,BLK,3.2
uLVbNPHVj5I,2017 Fink Investing Conference: A Conversation with Neel Kashkari,UCLAAnderson,UCEDvfGcp-6xiuQpgh6zO3RA,3469.0,1423.0,Larry Fink CNBC 2017,Larry Fink,fink,BLK,57.8
RLGj9l5z8Y0,"Mr. Laurence Fink, Chairman & CEO BlackRock-Part 1",DSPBRMF,UCYAL6E6l2dHept5g_cWZigQ,459.0,1396.0,Larry Fink interview 2016,Larry Fink,fink,BLK,7.6
Og86EEE9tGk,Fink: 'Capitalists Should Self-Regulate' on Climate Disclosure,Bloomberg Television,UCIALMKvObZNtJ6AmdCLP7Lg,215.0,1350.0,Larry Fink interview 2020,Larry Fink,fink,BLK,3.6
spWFFgRI6-g,Fink: Last thing anyone wants for US-China is a 'financial war',CNBC Television,UCrp_UI8XtuYfpiqluWLD7Lw,195.0,1291.0,Larry Fink CNBC 2018,Larry Fink,fink,BLK,3.2
ezIk9Z-wybg,BlackRock CEO Larry Fink: There's a need for more conscious capitalism,CNBC Television,UCrp_UI8XtuYfpiqluWLD7Lw,480.0,1277.0,Larry Fink interview 2019,Larry Fink,fink,BLK,8.0
RN-8OD63ag4,Session Two: A Conversation With Larry Fink,Council on Foreign Relations,UCL_A4jkwvKuMyToAPy3FQKQ,3608.0,1272.0,Larry Fink interview 2018,Larry Fink,fink,BLK,60.1
0tQ7vSgwDkU,"Laurence D. Fink, Founder, Chairman & CEO, BlackRock, 2/13/18 (Excerpt)",The Economic Club of Chicago,UClKjRE4Ts6RxZUWxAmmIY1g,677.0,1255.0,Larry Fink CNBC 2018,Larry Fink,fink,BLK,11.3
xSnlD8imOb8,BlackRock CEO Larry Fink: A reduction in regulations is necessary,Fox Business,UCCXoCcu9Rp7NPbTzIvogpZg,468.0,1216.0,Larry Fink interview 2016,Larry Fink,fink,BLK,7.8
btiazhR9TRU,Mukesh Ambani & Larry Fink On Investing For A New Era | MEGA EXCLUSIVE,CNBC-TV18,UCmRbHAgG2k2vDUvb3xsEunQ,2856.0,1188.0,Larry Fink CNBC 2026,Larry Fink,fink,BLK,47.6
E2HKVadE-co,Fink: BlackRock resilient despite significant headwinds,CNBC Television,UCrp_UI8XtuYfpiqluWLD7Lw,384.0,1132.0,Larry Fink interview 2018,Larry Fink,fink,BLK,6.4
MkWoN-SB9yw,APG meaningful conversation Larry Fink and Ronald Wuijster,APG,UC_MjAgORUxCamAWoHKvLwxw,1812.0,1125.0,Larry Fink full interview 2026,Larry Fink,fink,BLK,30.2
6Hi1C1pzGAU,"MKT Call: Larry Fink's Globalization Call, Options Trade on AMD, What to Expect Next Quarter",RiskReversal Media,UCRAOycPjsSgcEyQcuJD_ENA,1935.0,988.0,Larry Fink CNBC 2022,Larry Fink,fink,BLK,32.2
nhNaCcMDysc,BlackRock's Fink on Capitalism and Sustainability,Bloomberg Live,UC7UFcUbAd8oyCBWCogVpJ6g,1137.0,969.0,Larry Fink interview 2018,Larry Fink,fink,BLK,19.0
yJiCeZ_0E7A,Blackrock CEO - Larry Fink interview with Carl Quintañia & Jim Cramer (10/13/2023),R.A.M.S. O.T.C🏁,UCUyazuclHtd7SB20MtUaxOg,1121.0,888.0,Larry Fink interview 2021,Larry Fink,fink,BLK,18.7
EKLHMtwAuGs,BlackRock CEO Larry Fink breaks down the company's Q2 earnings,CNBC Television,UCrp_UI8XtuYfpiqluWLD7Lw,270.0,863.0,Larry Fink interview 2018,Larry Fink,fink,BLK,4.5
wUkV3jH6CJ4,Laurence Fink Talks investing and Blackrock Culture 2020,Financial Freedom,UCc10M9V--vPF-rzU5rIA9Uw,1893.0,827.0,Larry Fink full interview 2019,Larry Fink,fink,BLK,31.6
HEUP3Jh8YfY,BlackRock's Fink Sees MiFID II as a Net Positive,Bloomberg Television,UCIALMKvObZNtJ6AmdCLP7Lg,208.0,812.0,Larry Fink interview 2017,Larry Fink,fink,BLK,3.5
wVkeMXmboHg,BlackRock CEO Larry Fink Says Bitcoin Could 'Revolutionize' the Financial System,CoinDesk,UC7TghOL755nBk7HelHoi9LQ,454.0,795.0,Larry Fink interview 2023,Larry Fink,fink,BLK,7.6
Gy5VWzJLXyc,The Larry Fink Crypto Evolution (2017 - 2024),Crypto Hub,UCprIoxgUXQ0OwXUEBnstpkQ,288.0,785.0,Larry Fink CNBC 2024,Larry Fink,fink,BLK,4.8
Kw6O14m3OXw,"Larry Fink & Mukesh Ambani: Growth, Markets and the Power of Compounding | Mukesh Ambani",CNBC-TV18,UCmRbHAgG2k2vDUvb3xsEunQ,725.0,715.0,Larry Fink CNBC 2026,Larry Fink,fink,BLK,12.1
dAs1E6FzBi0,2017 Fink Investing Conference: The Rise of Populism,UCLAAnderson,UCEDvfGcp-6xiuQpgh6zO3RA,3396.0,702.0,Larry Fink interview 2017,Larry Fink,fink,BLK,56.6
yW6fSoUhJKw,Mr. Larry fink CNBC Business Hour,DSPBRMF,UCYAL6E6l2dHept5g_cWZigQ,198.0,647.0,Larry Fink CNBC 2017,Larry Fink,fink,BLK,3.3
4bhE6fThZgY,Fink: Financial literacy still a major issue,CNBC Television,UCrp_UI8XtuYfpiqluWLD7Lw,278.0,601.0,Larry Fink CNBC 2017,Larry Fink,fink,BLK,4.6
GLb0vpkM38A,PM Modi’s Digitisation Drive Makes India a Global Tech Leader: BlackRock's Larry Fink| Mukesh Ambani,CNBC-TV18,UCmRbHAgG2k2vDUvb3xsEunQ,256.0,596.0,Larry Fink CNBC 2026,Larry Fink,fink,BLK,4.3
6hKbAk9h4Js,BlackRock's Fink Says Europe Woes Go Way Beyond Greece,Bloomberg Originals,UCUMZ7gohGI9HcU9VNsr2FJQ,383.0,582.0,Larry Fink interview 2019,Larry Fink,fink,BLK,6.4
_1bi735_fdE,"BONUS: Dimon, Solomon, Fraser, Fink, and More | Bloomberg Talks",Bloomberg Podcasts,UChF5O40UBqAc82I7-i5ig6A,4272.0,572.0,Larry Fink Bloomberg interview 2023,Larry Fink,fink,BLK,71.2
USuwpZQVZ8I,BlackRock’s Fink on Climate Investing,Bloomberg Live,UC7UFcUbAd8oyCBWCogVpJ6g,1804.0,551.0,Larry Fink Bloomberg interview 2020,Larry Fink,fink,BLK,30.1
oNkKFNtAu78,Larry Fink Talks BlackRock Earnings and the Future of Investing | Bloomberg Talks,Bloomberg Podcasts,UChF5O40UBqAc82I7-i5ig6A,790.0,546.0,Larry Fink interview 2024,Larry Fink,fink,BLK,13.2
1eZtHOTU8zQ,Lary Fink on the Future of Clean Energy| CEO Of BlackRock| Lary Fink Speaks,Pakistan Solar Association and Solar&Storage,,180.0,499.0,Larry Fink full interview 2026,Larry Fink,fink,BLK,3.0
6pidd2AinJo,Larry Fink Talks Retirement Crisis | Bloomberg Talks,Bloomberg Podcasts,UChF5O40UBqAc82I7-i5ig6A,883.0,481.0,Larry Fink interview 2024,Larry Fink,fink,BLK,14.7
P650u4eINcw,Fink Builds Wall Street's Brain as BlackRock Rises,Bloomberg Originals,UCUMZ7gohGI9HcU9VNsr2FJQ,247.0,477.0,Larry Fink full interview 2022,Larry Fink,fink,BLK,4.1
EsAyr3WcrfE,"Larry Fink Talks Shutdown, Recession | Bloomberg Talks",Bloomberg Podcasts,UChF5O40UBqAc82I7-i5ig6A,2101.0,465.0,Larry Fink interview 2018,Larry Fink,fink,BLK,35.0
IFjSj7uxLSE,BlackRock CEO Larry Fink weighs in on the IPO market,CNBC Television,UCrp_UI8XtuYfpiqluWLD7Lw,220.0,465.0,Larry Fink interview 2019,Larry Fink,fink,BLK,3.7
NK92HhKKFto,Eric Fink goes one-on-one with Donald Trump,Colorado news and weather information from KRDO NewsChannel 13,UCgT2lqEtcqIQjs-z57eykLQ,274.0,448.0,Larry Fink interview 2016,Larry Fink,fink,BLK,4.6
8T2LR5AXH1g,"Larry Fink ""Boxing""",John M. White,UC5Rhsi_4Zy7fI1M9xqre8gQ,437.0,428.0,Larry Fink interview 2016,Larry Fink,fink,BLK,7.3
PvBhX9qAfBM,The Power of Capitalism - Blackrock - Larry Fink,Credulous Waves,UCQsDvySsmEmzuv0vlt-TA7g,1125.0,418.0,Larry Fink interview 2022,Larry Fink,fink,BLK,18.8
BkR_fn53Na4,SIFMA Annual Meeting 2013 - Laurence D. Fink,SIFMA,UCAarxoJ55_AdOoXy0ZK53kg,288.0,374.0,Larry Fink Bloomberg interview 2017,Larry Fink,fink,BLK,4.8
6qcCNM1vmjE,"Mr. Laurence Fink, Chairman & CEO BlackRock-Part 2",DSPBRMF,UCYAL6E6l2dHept5g_cWZigQ,792.0,373.0,Larry Fink interview 2016,Larry Fink,fink,BLK,13.2
9QVrm-ZqRL4,Planche(s) Contact #10 📸 / Rencontre avec Larry Fink,Ville de Deauville,UCLJQ9Ulzxam_tOxVM6T8xKQ,188.0,350.0,Larry Fink interview 2019,Larry Fink,fink,BLK,3.1
CuZb5UKoQVA,BlackRock's Fink Says Markets Are Fine Through This Year,Bloomberg Television,UCIALMKvObZNtJ6AmdCLP7Lg,203.0,346.0,Larry Fink interview 2017,Larry Fink,fink,BLK,3.4
-a050vEQizw,CNBC: BlackRock's Larry Fink is fascinated of crypto,SimplyBitcoin,UCXiPlxhGx038x4URSGz_9hQ,258.0,346.0,Larry Fink CNBC 2019,Larry Fink,fink,BLK,4.3
ApnYCRqCLiU,CEO's In Trouble: BlackRock CEO Larry Fink,Playing FTSE - Highlights,UCeHSHvHuHp6XRhCWgAMB2Tw,492.0,346.0,Larry Fink full interview 2022,Larry Fink,fink,BLK,8.2
wIxCnZ0b8ho,"Blackrock CEO Larry Fink's interview with Carl , Jim Cramer, & David Faber on Sqwak. (July 14, 2023)",R.A.M.S. O.T.C🏁,UCUyazuclHtd7SB20MtUaxOg,1295.0,289.0,Larry Fink interview 2022,Larry Fink,fink,BLK,21.6
6QXVCqcDmX4,Larry Fink’s Open Letter – Key Themes | ASB Investor Insights,ASB,UCbtM7ThWFMJtJMkvAdicz-w,291.0,257.0,Larry Fink CNBC 2022,Larry Fink,fink,BLK,4.8
MWI1HSDutrY,LARRY FINK - The Most Powerful Man ▶ in Finance | जीवन कथा | BlackRock God Of Stock Market,LOGIC EXPO,UCo_wsVkPXJs30K5Jw-kd8oA,484.0,223.0,Larry Fink full interview 2016,Larry Fink,fink,BLK,8.1
KvADAysgZzg,Larry Fink,The Global City,UCbH8P-TzpwyFjtsGMhsearQ,837.0,214.0,Larry Fink full interview 2017,Larry Fink,fink,BLK,14.0
fvqoiW7sA2Y,"UBS's Weber, BlackRock's Fink on liquidity crunch debate",Fox Business,UCCXoCcu9Rp7NPbTzIvogpZg,263.0,203.0,Larry Fink interview 2016,Larry Fink,fink,BLK,4.4
MB_QBr3mZrA,Full Interview - BlackRock CEO Larry Fink on Bitcoin,Epic Insights,UCfGb3_Ya0jwMk0x0UPkOEpQ,1118.0,201.0,Larry Fink interview 2017,Larry Fink,fink,BLK,18.6
IWKvkfWroEE,Now Is The Best Time to Buy Stocks | Larry Fink Interview,PioTech,UCCdF7mxLhU8xf3rk1ALvM_g,534.0,176.0,Larry Fink interview 2021,Larry Fink,fink,BLK,8.9
3VCkg5zDFh8,2017 Financial Services Dinner - Laurence Fink introduces Dominic Barton,Foreign Policy Association,UCfcIRCpBxK1f6RjWzLBXOHw,187.0,165.0,Larry Fink interview 2017,Larry Fink,fink,BLK,3.1
y4BDgtGxlNY,"Larry Fink warns CEOs to develop ""climate-compatible business plans backed by data""",Energi Media,UCHZA_aJuGa4jEoJs6KW-_pw,588.0,163.0,Larry Fink interview 2021,Larry Fink,fink,BLK,9.8
rzpyHV68aKQ,Larry Fink’s letter to CEOs (BlackRock boss on the pandemic existential crisis),Martin Bamford,UC43O4ZgouUQ7Z3_Xk6vd3jw,511.0,163.0,Larry Fink full interview 2022,Larry Fink,fink,BLK,8.5
sxMG3p088rc,Blackrock CEO Larry Fink: GOP Tax Law will do 'Wonderful Things || CNBC TV18,CNBC-TV18,UCmRbHAgG2k2vDUvb3xsEunQ,233.0,161.0,Larry Fink CNBC 2017,Larry Fink,fink,BLK,3.9
VjNXjG1Sayo,Davos 2020 Larry Fink – WEF - Climate Change,PlanXRP,UCgcqEikJI6pVKJ0qx7Bbh2w,728.0,140.0,Larry Fink interview 2023,Larry Fink,fink,BLK,12.1
YRQl4OWFGeM,Business Conversations with Charlie Rose - Larry Fink (2015),Finem Journal,UCzoX9J97kh4CyLd5FBr0FMA,3283.0,135.0,Larry Fink full interview 2024,Larry Fink,fink,BLK,54.7
QHjm-HPa21Y,2017 Financial Services Dinner - Laurence Fink introduces Carlo Messina,Foreign Policy Association,UCfcIRCpBxK1f6RjWzLBXOHw,229.0,130.0,Larry Fink interview 2017,Larry Fink,fink,BLK,3.8
MBnqI3OlpQY,BlackRock CEO Fink Sees Climate Change Becoming an Investment Risk,First City Markets,UCuBaqPcMKD3ugj54lTVqlMQ,209.0,108.0,Larry Fink interview 2020,Larry Fink,fink,BLK,3.5
BAfUc3HqxmE,"AIC 2013 Interview: Laurence D. Fink, CEO BlackRock - Trends in the World of Investing",puresnow0202,UCVfzmnkVTGAKfqVH0sNYFJQ,1264.0,106.0,Larry Fink interview 2016,Larry Fink,fink,BLK,21.1
4ffgZoU6_1s,"Larry Fink June 21st, 2016",Economic Club Florida,UCI6J5zyHr_DV_jmMP9g-LHA,3015.0,104.0,Larry Fink interview 2016,Larry Fink,fink,BLK,50.2
72EZpMqtVq8,The Untold Story : A Trillion Doller Empire's The Black Rock By Larry Fink,Financeit TV,UCqhWKYSQ-meQPBFW6JSdR5g,744.0,76.0,Larry Fink CNBC 2023,Larry Fink,fink,BLK,12.4
mw4DI28e1N8,"BlackRock, Inc  BLK CEO Larry Fink on Q2 2020 Results",Daily Earnings Calls,UC2KSj189drlAWDWYiI8E2GA,3975.0,72.0,Larry Fink interview 2020,Larry Fink,fink,BLK,66.2
kWGiZaIfhQw,Larry Fink's 2021 letter to CEOs focuses on Environmental and Social Issues,Alliance Advisors,UC0w8qNq0w37exnX2uTjlyDg,296.0,67.0,Larry Fink interview 2021,Larry Fink,fink,BLK,4.9
LxDv3oIkmbA,Podcast 011 - Larry Fink: Global Finance and the Future of Prosperity,The CEO’s Notebook,UCMTrTFWTxzJu7crnWxvOvUA,2485.0,67.0,Larry Fink full interview 2026,Larry Fink,fink,BLK,41.4
Btfy-duqfC4,Larry Fink - The Most Powerful Man in Finance | A Documentary,ISLAMIC CENTER,UCpuzanl9MdZYK-47bQDywhw,1494.0,58.0,Larry Fink interview 2022,Larry Fink,fink,BLK,24.9
oSxTGU139cM,BlackRock-Larry Fink,Robert O'Connor,UClsELYsUsDSmRwP2kmVLo_g,268.0,57.0,Larry Fink interview 2022,Larry Fink,fink,BLK,4.5
090vz4zc8_8,The #CEO of #BlackRock Mr Larry #Fink & The #Vanguard,PeepDaSlan9,UCr5l632XHR6bKmZBPzPTUFg,928.0,40.0,Larry Fink full interview 2016,Larry Fink,fink,BLK,15.5
gMXb6I3p_-4,Key Moments: Larry Fink Shocks CNBC,Samfelico Luxevision,UCxjUdJScyXbpY_TVoNWcW7A,648.0,40.0,Larry Fink CNBC 2024,Larry Fink,fink,BLK,10.8
74bRqiMC4sA,"BlackRock, Inc  BLK CEO Larry Fink on Q1 2020 Results",Daily Earnings Calls,UC2KSj189drlAWDWYiI8E2GA,5840.0,39.0,Larry Fink interview 2020,Larry Fink,fink,BLK,97.3
i-TSYC7CgQQ,2.2.2 - LARRY FINK INTRODUCTION,Humanistic Management,UCFakErgs5C4awzgBDBIDf5w,316.0,34.0,Larry Fink full interview 2019,Larry Fink,fink,BLK,5.3
Hp1OqXcBIAI,"WAKE UP Politicians, Larry Fink Has a Warning!",Finance Power Moves,UC2vxFOEwtw6FIGi68dFpkLQ,340.0,18.0,Larry Fink CNBC 2025,Larry Fink,fink,BLK,5.7
orMkXuLzHNE,Davos: Elon Musk-Larry Fink interview,HoraStaccatto,UCgvJBFCdVQ2oQSAGI4hGbOA,935.0,12.0,Larry Fink interview 2026,Larry Fink,fink,BLK,15.6
mz7NkVTJwm0,CRYPTO HODLERS CANT BELIEVE THIS IS HAPPENING ||  Larry Fink Interview || #crypto #interview,Million top 100,UC-u5jgwPaYbjpXE5-fI8c9g,532.0,10.0,Larry Fink interview 2022,Larry Fink,fink,BLK,8.9
-qRnjlubr0Q,"BLOC 2 BLOC Ep. 45: Blackrock's Larry Fink Stance on Bitcoin, NFT Royalty Payouts at a 2 Year Low",Timbucktoo,UC3awmxrsNZ0JyzolWbTtDkw,1973.0,7.0,Larry Fink full interview 2022,Larry Fink,fink,BLK,32.9
ctVALmMAld0,FULL CONVERSATION: Larry Fink interviews Elon Musk at WEF2026 | Davos,RawSpin,UCekZynXEui-fxjjdmR90Uhg,1921.0,6.0,Larry Fink full interview 2026,Larry Fink,fink,BLK,32.0
jt8sEB9HJsg,"[deep research] ""Larry Fink Advocates for Accelerated SEC Approval of Tokenization in Fina",A I    world,UC2Ehe4wUbYDDIYv_anDVJKA,1465.0,5.0,Larry Fink CNBC 2025,Larry Fink,fink,BLK,24.4
Vp3ZbtN_eOI,BlackRock's Larry Fink makes MAJOR confession,FinanceBro,UCdVmBSjGxmBWepO7SFrpsoA,251.0,3.0,Larry Fink CNBC 2026,Larry Fink,fink,BLK,4.2
W2msh0jut2Y,Spirit In The Sky - Norman Greenbaum (Official Lyric Video),Craft Recordings and Norman Greenbaum,,240.0,57233675.0,Jeff Green Bloomberg interview 2026,Jeff Green,green,TTD,4.0
Af2ygn68Pi4,"Polygamist Cult Founder’s Daughter, Rachel Jeffs, Gives Her First TV Interview | Megyn Kelly TODAY",TODAY,UChDKyKQ59fYz3JO2fl0Z6sg,914.0,12644345.0,Jeff Green interview 2025,Jeff Green,green,TTD,15.2
tfAhTtBlb2Q,Jeff Bezos Revealed: Building Amazon One Box at a Time,Bloomberg Originals,UCUMZ7gohGI9HcU9VNsr2FJQ,1504.0,1308988.0,Jeff Green Bloomberg interview 2016,Jeff Green,green,TTD,25.1
z3rpSoXGKHY,"Jeff Teague BEATS NBA Draft Combine Scores 17 Years Later | Still Got It, Ep. 2",Bleacher Report and Club 520 Podcast,,354.0,979897.0,Jeff Green interview 2026,Jeff Green,green,TTD,5.9
9_0KVBvEfW0,Jeff Bridges | This Past Weekend w/ Theo Von #665,Theo Von,UC5AQEUAwCh1sGDvkQtkDWUQ,6392.0,826113.0,Jeff Green interview 2026,Jeff Green,green,TTD,106.5
D7sSnfjvWKo,Inside Jeff Goldblum & Emilie Goldblum's Playful Guest House | Open Door | Architectural Digest,Architectural Digest,UC0k238zFx-Z8xFH0sxCrPJg,944.0,675135.0,Jeff Green interview 2026,Jeff Green,green,TTD,15.7
BtDSF1UDMOY,Jeffrey Epstein Explains Why Rockefeller Needed Him | DOJ Releases Final Interview | APT,APT,UCpLEtz3H0jSfEneSdf1YKnw,333.0,259178.0,Jeff Green full interview 2026,Jeff Green,green,TTD,5.6
h-COaT67g-s,NBA Star Jeff Green: The Heart Diagnosis That Changed Everything | PLAYERSTV,PlayersTV,UCevPE1TRNAeJTO2zHNk5Iow,1944.0,249235.0,Jeff Green interview 2025,Jeff Green,green,TTD,32.4
FypuO0L3Zdk,"Jeff Teague on Deion & Colorado, Trae Young’s future, Tyreek Hill vs. Noah Lyles | Club 520",Club 520 Podcast,UCoA3lm9UTWDWK8Z1kcoWQcA,4027.0,197331.0,Jeff Green interview 2024,Jeff Green,green,TTD,67.1
54Jt9NdGz1o,Jeff Currie Sees ‘Substantial’ Upside as Oil Market Rebalances,Bloomberg Television,UCIALMKvObZNtJ6AmdCLP7Lg,579.0,194710.0,Jeff Green Bloomberg interview 2026,Jeff Green,green,TTD,9.6
m59MdxUePIU,Jeff Green Gets Emotional over Kevin Garnett Saying He Could End Up Being the Best NBA Player Ever,Celtics Press Conferences on CLNS,UCVbz7gN6HGoBXXkhIWMd3Ww,210.0,170321.0,Jeff Green full interview 2016,Jeff Green,green,TTD,3.5
a9SpkKwJbkQ,"Jeff Stoutland on Leaving Philly, Evaluating Lineman & A Legendary Eagles Roundtable | Bonus EP",New Heights,UCVRm2Ho8cL3lvWDyp2ayuFw,4103.0,164730.0,Jeff Green interview 2025,Jeff Green,green,TTD,68.4
Y14fZQKXb9c,"Jeff Teague gets real about how he almost ""died"" in the NBA 🤯",Out The Mud Podcast,UCqwKvfByZqmdC2jaFcUPcvQ,396.0,106511.0,Jeff Green interview 2025,Jeff Green,green,TTD,6.6
48In79LWrio,Bloomberg Wealth: Greenlight Capital’s David Einhorn,David Rubenstein,UCqsN9MYiu1mKSAsYoF6ppTg,1447.0,104418.0,Jeff Green Bloomberg interview 2025,Jeff Green,green,TTD,24.1
T4OTLpFD9jw,Jeff Green's Most Athletic Plays At The Rim From the 2017-2018 NBA Season,NBA,UCWJ2lWNubArHWmf3FIHbfcQ,249.0,96490.0,Jeff Green CNBC 2016,Jeff Green,green,TTD,4.2
xD5jwSxj4Co,"""This is what you live for"" - Jeff Green After Winning The 2023 NBA Championship",NBA,UCWJ2lWNubArHWmf3FIHbfcQ,227.0,67660.0,Jeff Green interview 2022,Jeff Green,green,TTD,3.8
OC60YWGlzas,Kokai | Keynote featuring our CEO Jeff Green,The Trade Desk,UCepu1fEfXlB39NF13-yiqew,4426.0,67243.0,Jeff Green interview 2021,Jeff Green,green,TTD,73.8
tuCzwCMIDtc,The Future of Victoria with Jeff Kennett,GREENROCK®️,UCq3XF--zirFgwNOBrRO35Cw,3973.0,66917.0,Jeff Green full interview 2026,Jeff Green,green,TTD,66.2
NcAKXy4QYm4,Jeff Green - Back from the Brink (ESPN Story),lorileii90,UC8Pxq-_z5x7Ednk1qiVG1GQ,418.0,62086.0,Jeff Green interview 2016,Jeff Green,green,TTD,7.0
fN3lnkoBj68,The Big Short Michael Lewis Missed (w/ Raoul Pal and Jeff Greene),Real Vision Presents,UCBH5VZE_Y4F3CMcPIzPEB5A,3333.0,62047.0,Jeff Green full interview 2019,Jeff Green,green,TTD,55.6
hmBp1O8KvbU,"Jeffrey Osbourne @CityOfLights Festival lineup.  Las Vegas  2026  #R&B, #smoothjazz ",JazzthatCruise,UCARoud5_F9uStDSWzTah_aQ,4538.0,50303.0,Jeff Green full interview 2026,Jeff Green,green,TTD,75.6
SApqpkZKRZE,"Jeff Green: Racing For NASCAR Legends Like Earnhardt, Childress & Petty",Dale Earnhardt Jr.'s Dirty Mo Media,UCB2r6UX0EJn-i1cgMVqbirg,4685.0,47800.0,Jeff Green interview 2024,Jeff Green,green,TTD,78.1
RjMd6ibqxv0,Kobe Bryant and Jeff Stibel on the growth of their venture capital fund,CNBC Television,UCrp_UI8XtuYfpiqluWLD7Lw,667.0,45087.0,Jeff Green CNBC 2018,Jeff Green,green,TTD,11.1
O8fAWTMuROM,Amazon CEO Jeff Bezos addresses what it does to catch counterfeit products,CNBC Television,UCrp_UI8XtuYfpiqluWLD7Lw,283.0,44881.0,Jeff Green CNBC 2018,Jeff Green,green,TTD,4.7
k8OtcaUBzdQ,LaMelo Ball and Josh Green's FULL Timberwolves Introductory Press Conference,NBA,UCWJ2lWNubArHWmf3FIHbfcQ,1478.0,42861.0,Jeff Green full interview 2026,Jeff Green,green,TTD,24.6
ZeuT2WrVtFY,The Human Cost of Going Green | Bloomberg Investigates,Bloomberg Originals,UCUMZ7gohGI9HcU9VNsr2FJQ,1442.0,37366.0,Jeff Green Bloomberg interview 2023,Jeff Green,green,TTD,24.0
LFe-7BmXC3Y,Jeff Green explains why the future of digital advertising is brighter before | Programmatic I/O 2017,The Trade Desk,UCepu1fEfXlB39NF13-yiqew,1616.0,35780.0,Jeff Green interview 2017,Jeff Green,green,TTD,26.9
C5BQIUiSgeI,Jeff Bezos and the Invention of a Global Empire | Brad Stone Live Q&A,Bloomberg Originals,UCUMZ7gohGI9HcU9VNsr2FJQ,1720.0,30627.0,Jeff Green Bloomberg interview 2018,Jeff Green,green,TTD,28.7
-IKiBjrus7M,Jeff Green discusses Game 7 against the Celtics,HNBMEDIAtv,UCoh_z6QB0AGB1oxWufvbDUg,417.0,29894.0,Jeff Green interview 2017,Jeff Green,green,TTD,7.0
42YyZhLW1Fs,Jeff Green EXCLUSIVE: His open-heart surgery tell all | FAIR GAME,FAIR GAME,UCXUYbOZFvdxwlWsxwxVhtTQ,322.0,29512.0,Jeff Green interview 2018,Jeff Green,green,TTD,5.4
g6uAHhrd_5k,David Green | The Mindset That Changed Hobby Lobby,Lead to Win with Jeff Little,UC762FTH8TvsoD_JSoW1QfjQ,2762.0,27116.0,Jeff Green interview 2026,Jeff Green,green,TTD,46.0
b8aIjjOZ9ao,"Jeff Green on His Career, Playing With NBA Superstars, and the Nuggets’ Title Chances",Ryen Russillo,UChileQ5510GGzlgwvRqyiFA,1468.0,25560.0,Jeff Green interview 2022,Jeff Green,green,TTD,24.5
BYHDx5XqqGI,Is Trump’s Base Turning on the President Over His Humiliation of Attorney General Jeff Sessions?,Democracy Now!,UCzuqE7-t13O4NIDYJfakrhw,482.0,25043.0,Jeff Green Bloomberg interview 2016,Jeff Green,green,TTD,8.0
lFJ0dWp0L_c,"Tech stocks will be in the green in the second half, says Wedbush's Dan Ives",CNBC Television,UCrp_UI8XtuYfpiqluWLD7Lw,268.0,24749.0,Jeff Green CNBC 2020,Jeff Green,green,TTD,4.5
ZlibvAYlor8,"ESPN’s Jeff Passan Talks Skubal Trade, NL Cy Young Race & More with Rich Eisen | Full Interview",The Rich Eisen Show,UCqMtxjKnR7ySbEZSs2N-v0Q,1243.0,22313.0,Jeff Green full interview 2026,Jeff Green,green,TTD,20.7
CHQTdU-mYh4,JEFF GREEN Comedy Special FULL LENGTH 'Back from the Bewilderness',cheeky37monkey,UCsXePM9iCg2BO4-3EyE6TNw,4171.0,21874.0,Jeff Green full interview 2016,Jeff Green,green,TTD,69.5
9XYf9VAtSzE,SoftBank Invests $800M in Greensill,Bloomberg Television,UCIALMKvObZNtJ6AmdCLP7Lg,374.0,20073.0,Jeff Green Bloomberg interview 2019,Jeff Green,green,TTD,6.2
JHTgCwhOAYk,Jeff Green says Isaiah Thomas no longer second guessing his hip injury,Cleveland Cavaliers on cleveland.com,UCqtAJBbMzm3zY1n1TAQCvXQ,193.0,18586.0,Jeff Green interview 2018,Jeff Green,green,TTD,3.2
ck8vRWhMGP0,Jeff Green - Up West. Part 1 of 3.,OhIRememberThis,UCy5WVJbhSOeqU04ENTpCJRA,818.0,16937.0,Jeff Green full interview 2016,Jeff Green,green,TTD,13.6
ZlVz4x1Lf3c,Chevron CEO Wirth on rising oil prices and transition to green energy,CNBC Television,UCrp_UI8XtuYfpiqluWLD7Lw,377.0,16639.0,Jeff Green CNBC 2020,Jeff Green,green,TTD,6.3
hO939KoOWew,Apple 'green charging' setting sparks backlash,CNBC Television,UCrp_UI8XtuYfpiqluWLD7Lw,222.0,15876.0,Jeff Green CNBC 2023,Jeff Green,green,TTD,3.7
TNVWl4E65t4,"NBA Trade Deadline 2016 | Jeff Green To Clippers, Contenders? | Markieff Morris To Wizards",AFunkyDiabetic,UCkSSr9X-JFXOHwV_dNJkGcA,468.0,14517.0,Jeff Green interview 2016,Jeff Green,green,TTD,7.8
2z9GsYIlHNU,MC541: Jeff Green,Matt Barton,UCE98xefVUXmbvQfe-wNS8oA,5707.0,14177.0,Jeff Green interview 2024,Jeff Green,green,TTD,95.1
9OI1DD_798o,The Rise of Jeff Bezos,Bloomberg Television,UCIALMKvObZNtJ6AmdCLP7Lg,1724.0,14117.0,Jeff Green Bloomberg interview 2019,Jeff Green,green,TTD,28.7
xSB2tStuaVM,Jeff Green Postgame Interview | Cavaliers vs Celtics,NBA,UCWJ2lWNubArHWmf3FIHbfcQ,562.0,12780.0,Jeff Green interview 2017,Jeff Green,green,TTD,9.4
a3lOGdsLksw,Jeff Green on His Rise Through Dale Earnhardt Inc. and Winning at Las Vegas,The Scene Vault,UCMekJ7X3IIHe_x72OuOKNFg,1878.0,12583.0,Jeff Green interview 2016,Jeff Green,green,TTD,31.3
ONk9NfNCLco,How Jeff Green Fits With the Los Angeles Lakers! | Reunion With LeBron James to HELP Bench Scoring!,THETBALL,UCRGaiPcJNmdB0MbV0i94diA,220.0,11778.0,Jeff Green interview 2019,Jeff Green,green,TTD,3.7
FjOW7CkVAL4,The Trade Desk CEO Jeff Green on CNBC's Mad Money with Jim Cramer 7/7/21,The Trade Desk,UCepu1fEfXlB39NF13-yiqew,468.0,11026.0,Jeff Green CNBC 2017,Jeff Green,green,TTD,7.8
lJ6WP9K0Frk,Watch CNBC's full interview with NBCUniversal CEO Jeff Shell,CNBC Television,UCrp_UI8XtuYfpiqluWLD7Lw,844.0,10767.0,Jeff Green CNBC 2018,Jeff Green,green,TTD,14.1
VCbQ95z-xrM,Connected TV is the most effective advertising in the world right now: The Trade Desk CEO Jeff Green,CNBC Television,UCrp_UI8XtuYfpiqluWLD7Lw,350.0,10632.0,Jeff Green CNBC 2016,Jeff Green,green,TTD,5.8
4blYV55VQYk,The Trade Desk CEO Jeff Green: It's the best time ever to be in internet advertising,CNBC Television,UCrp_UI8XtuYfpiqluWLD7Lw,229.0,9969.0,Jeff Green CNBC 2016,Jeff Green,green,TTD,3.8
PaPaPdsB1_0,Terry Pluto is talking the Cleveland Cavaliers and Jeff Green,Cleveland Cavaliers on cleveland.com,UCqtAJBbMzm3zY1n1TAQCvXQ,307.0,8992.0,Jeff Green full interview 2016,Jeff Green,green,TTD,5.1
WFfNQe7gAKw,🚀 Jalen Green's Path to Stardom: EXCLUSIVE Interview with the Houston Rockets Phenom! 🌟,NBA Mentality,UCiIDl1fHZSpfAhMrb8Esz6Q,427.0,8770.0,Jeff Green interview 2024,Jeff Green,green,TTD,7.1
LaDPO_EIdew,Jeff Green Postgame Press Conference | Celtics vs Cavaliers ECF  May 27 2018,Basketball Spotlight,UC5RRVRVtRZc3BG72zRCTvmA,562.0,8596.0,Jeff Green full interview 2018,Jeff Green,green,TTD,9.4
rGAzC3HCUjA,Jeff Goldblum’s Unusual Last Job Before Fame | The Jonathan Ross Show,The Jonathan Ross Show,UCgurmV2nVq_1DUb2pvGOKmg,596.0,8447.0,Jeff Green full interview 2025,Jeff Green,green,TTD,9.9
pYIBiRFBlMw,Ed Davis & Jeff Green are introduced as Jazzmen,Utah Jazz,UCv9iSdeI9IzWfV8yTDsMYWA,756.0,8439.0,Jeff Green full interview 2016,Jeff Green,green,TTD,12.6
tZg3zJY2pSA,Jeff Green announces The Trade Desk’s new global programmatic offering in China,The Trade Desk,UCepu1fEfXlB39NF13-yiqew,4457.0,8357.0,Jeff Green CNBC 2017,Jeff Green,green,TTD,74.3
crJgKiGQw10,"Alan Greenspan, 'Wizard' Federal Reserve Chairman, Dies at 100",Bloomberg Podcasts,UChF5O40UBqAc82I7-i5ig6A,766.0,8082.0,Jeff Green Bloomberg interview 2025,Jeff Green,green,TTD,12.8
3GGb6jyyTvs,Jeff Green explains on life is different for him on Cavs with new teammates,Cleveland Cavaliers on cleveland.com,UCqtAJBbMzm3zY1n1TAQCvXQ,192.0,7998.0,Jeff Green full interview 2016,Jeff Green,green,TTD,3.2
YUbnImfcf0g,Energy stocks hold in the green as oil prices hit 7-year high,CNBC Television,UCrp_UI8XtuYfpiqluWLD7Lw,275.0,7976.0,Jeff Green CNBC 2022,Jeff Green,green,TTD,4.6
Hyr_IrqwQP0,Michael Green & Keith McCullough | Hedgeye Investing Summit Spring 2022,Hedgeye,UCkDxvN-bcxsKkvJ3yyiGSVQ,3039.0,7827.0,Jeff Green Bloomberg interview 2022,Jeff Green,green,TTD,50.6
OvRH66oU6g8,Jalen Green | Houston Rockets Media Day 2023-2024 NBA Season,Locked On Rockets,UCnizQkhQWv7GwQ1PY2EJGLw,468.0,7594.0,Jeff Green full interview 2024,Jeff Green,green,TTD,7.8
AEeCt8Mv6gA,"Know what you own and assemble your buy list, says Mariner's Jeff Krumpelman",CNBC Television,UCrp_UI8XtuYfpiqluWLD7Lw,259.0,7395.0,Jeff Green CNBC 2022,Jeff Green,green,TTD,4.3
0s7Ve0TlwMo,Jeff Green | Houston Rockets Media Day 2023-2024 NBA Season,Locked On Rockets,UCnizQkhQWv7GwQ1PY2EJGLw,950.0,7116.0,Jeff Green interview 2019,Jeff Green,green,TTD,15.8
5ifNoHHPCoA,"Jeff Green Talks Focusing On Game 2 | Pacers vs Cavaliers | April 16, 2018",Basketball Spotlight,UC5RRVRVtRZc3BG72zRCTvmA,298.0,7002.0,Jeff Green interview 2018,Jeff Green,green,TTD,5.0
0zVYa0NVd_g,Elon Musk Tops List of Green Billionaires,Bloomberg News,UChirEOpgFCupRAk5etXqPaA,215.0,6855.0,Jeff Green Bloomberg interview 2023,Jeff Green,green,TTD,3.6
UteiyX2td6Y,The Trade Desk CEO Jeff Green breaks down big picture outlook on ad tech,CNBC Television,UCrp_UI8XtuYfpiqluWLD7Lw,334.0,6707.0,Jeff Green CNBC 2016,Jeff Green,green,TTD,5.6
u9QFDMdQ2uU,Jeff Peterson Post Trade Deadline Media Availability | 2/5/2026,Charlotte Hornets,UCPhFI5lIFnSggz7HgY9UuuQ,938.0,6706.0,Jeff Green interview 2026,Jeff Green,green,TTD,15.6
IfcO6SVPenk,Bloomberg Green: The Sustainable Jobs Market,Bloomberg Television,UCIALMKvObZNtJ6AmdCLP7Lg,1446.0,6461.0,Jeff Green Bloomberg interview 2021,Jeff Green,green,TTD,24.1
p_0WDurz6p4,The Trade Desk CEO Jeff Green on ad-supported platforms and the future of digital advertising,CNBC Television,UCrp_UI8XtuYfpiqluWLD7Lw,352.0,6226.0,Jeff Green CNBC 2016,Jeff Green,green,TTD,5.9
vETHyXdK0b4,Larry Drew says Jeff Green is sick and explains how Cavaliers will divvy up minutes,Cleveland Cavaliers on cleveland.com,UCqtAJBbMzm3zY1n1TAQCvXQ,655.0,5932.0,Jeff Green full interview 2018,Jeff Green,green,TTD,10.9
iAvdjGl-Vfw,"Duplicate, Obfuscate, and Sometimes Lie (ft. Jeff Green, CEO of TTD)",Adtech Adtalk,UCFpOoOBp-p6l1rKdfg7g7Wg,3710.0,5839.0,Jeff Green interview 2025,Jeff Green,green,TTD,61.8
N3ovwDkEdC0,The Path Forward: In Conversation with Jeff Green | Forward ‘24: TV's Tipping Point,The Trade Desk,UCepu1fEfXlB39NF13-yiqew,2224.0,5481.0,Jeff Green interview 2024,Jeff Green,green,TTD,37.1
eBprqeCvqzM,"Jeff Green: The Future of Media (Keynote) | OMR Festival 2019 - Hamburg, Germany | #OMR19",OMR,UC2vPnUauXTOLZHpVXCm9m7Q,2467.0,5457.0,Jeff Green interview 2017,Jeff Green,green,TTD,41.1
66nKDooInp0,"Jeff Green Details Decision to Sign With Denver Nuggets, Playing With Nikola Jokic & NBA Longevity",Fanatics View Hoops,UChYA8XpBfYwSIDGp6p70Wag,740.0,5100.0,Jeff Green interview 2020,Jeff Green,green,TTD,12.3
vxo7FLIet8o,Green Thumb announces U.S. IPO,CNBC Television,UCrp_UI8XtuYfpiqluWLD7Lw,414.0,5004.0,Jeff Green CNBC 2020,Jeff Green,green,TTD,6.9
jCPi7eQSxUk,"Microsoft 'Exceeded Our Expectations,' Says LinkedIn CEO Jeff Weiner | CNBC",CNBC,UCvJJ_dzjViJCoLf5uKUTwoA,321.0,4946.0,Jeff Green CNBC 2018,Jeff Green,green,TTD,5.4
3E6koQLwUpY,Dr. Jeffrey Green,TwinTalk Politics,UCFiOwWclL1mm359Th4aJPrg,2477.0,4861.0,Jeff Green interview 2025,Jeff Green,green,TTD,41.3
SXG9KEOI9hU,"It looks like we still have a lot of clouds and a slowdown coming up, says G Squared's Greene",CNBC Television,UCrp_UI8XtuYfpiqluWLD7Lw,246.0,4662.0,Jeff Green CNBC 2023,Jeff Green,green,TTD,4.1
7RKybU9nrZc,Jeff Green: Busch Series Champion Mentality Meets Winston Cup Reality,The Scene Vault,UCMekJ7X3IIHe_x72OuOKNFg,2081.0,4603.0,Jeff Green interview 2022,Jeff Green,green,TTD,34.7
lRVHS_HgjtQ,Jeff Jordan Interviewed by Kara Nortman | Upfront Summit 2020,Upfront Ventures,UCNUaek2QR5g9VwdhtgvnQ5w,1727.0,4166.0,Jeff Green full interview 2020,Jeff Green,green,TTD,28.8
h-2w0NT46gA,Jeff Green says he won't back down to Jonas Valanciunas,Cleveland Cavaliers on cleveland.com,UCqtAJBbMzm3zY1n1TAQCvXQ,406.0,4156.0,Jeff Green interview 2017,Jeff Green,green,TTD,6.8
NqOLaGtGWRA,Exxon goes green? Stock rallies as Jeff Ubben gains board seat,CNBC Television,UCrp_UI8XtuYfpiqluWLD7Lw,195.0,4097.0,Jeff Green CNBC 2021,Jeff Green,green,TTD,3.2
Cs9bLF2AEL4,"Jeff Green NBA Finals Game 3 Media Availability | Cavaliers vs Warriors | June 5, 2018",Basketball Spotlight,UC5RRVRVtRZc3BG72zRCTvmA,286.0,4053.0,Jeff Green interview 2018,Jeff Green,green,TTD,4.8
k9f0ia4HH9g,"Back-to-office and travel categories are trending up, says Macy's CEO Jeff Gennette",CNBC Television,UCrp_UI8XtuYfpiqluWLD7Lw,233.0,4048.0,Jeff Green CNBC 2020,Jeff Green,green,TTD,3.9
baVZ6a6CBTE,Jeff Peterson Media Availability | 7/11/2026,Charlotte Hornets,UCPhFI5lIFnSggz7HgY9UuuQ,1593.0,3928.0,Jeff Green interview 2026,Jeff Green,green,TTD,26.6
flRoCP58sJc,The Trade Desk's Jeff Green on the Future of the Industry,ExchangeWireTV,UCC41Wkvj5FyelFirGe4Q8uA,416.0,3749.0,Jeff Green interview 2016,Jeff Green,green,TTD,6.9
mXYIy3yKuy0,Interview | Jeff Bruneau - Product Line Manager/Thought Jockey of Funk,U.B. Funkeys Community Wiki,UCXBJNCs1bfRNFzhQnuFPjWw,6069.0,3747.0,Jeff Green full interview 2019,Jeff Green,green,TTD,101.2
qaR59KQn3SE,Live With Kelly 11/30/2016  co-host Jeffrey Dean Morgan:Tim Daly ; Diego Luna,Aidan Logan,UCE1erFJhS0J8zfacSd8vc-g,2402.0,3605.0,Jeff Green full interview 2016,Jeff Green,green,TTD,40.0
LEUZ9i4x-XQ,Danny Ainge on the Jeff Green Trade & the Future of the Boston Celtics,Celtics Press Conferences on CLNS,UCVbz7gN6HGoBXXkhIWMd3Ww,479.0,3555.0,Jeff Green full interview 2016,Jeff Green,green,TTD,8.0
z4q5BDpP2P0,Lyft cofounders Green and Zimmer to step back from day-to-day operations,CNBC Television,UCrp_UI8XtuYfpiqluWLD7Lw,216.0,3542.0,Jeff Green CNBC 2023,Jeff Green,green,TTD,3.6
uMr7j-X1lko,"The Trade Desk CEO Jeff Green on CNBC's Closing Bell | Sept 14, 2020",The Trade Desk,UCepu1fEfXlB39NF13-yiqew,311.0,3512.0,Jeff Green CNBC 2017,Jeff Green,green,TTD,5.2
yCM3bDWx0NU,DMS BY LUMA 2025: The Trade Desk Fireside Chat W/ Jeff Green,LUMA,UC0AKEN49MbihQ6ZmdLJjPTw,1852.0,3391.0,Jeff Green interview 2025,Jeff Green,green,TTD,30.9
t6vbN1pBFrA,The Bank of England's Megan Greene on Monetary Policy in a World of Supply Side Shocks | Odd Lots,Bloomberg Podcasts,UChF5O40UBqAc82I7-i5ig6A,3304.0,3375.0,Jeff Green Bloomberg interview 2025,Jeff Green,green,TTD,55.1
ek2zHlPcJrA,Watch CNBC's full interview with Macy's CEO Jeff Gennette,CNBC Television,UCrp_UI8XtuYfpiqluWLD7Lw,757.0,3359.0,Jeff Green CNBC 2018,Jeff Green,green,TTD,12.6
MxXH-dYj-h8,Jeff Green on the win & reported news of a James Harden blockbuster deal,YESNetwork,UCJXltguGSVIZAcbIglaZ-mA,307.0,3324.0,Jeff Green interview 2019,Jeff Green,green,TTD,5.1
gkwTTvy2-TU,There's no need to be anxious about Lyft's prices: Lead Edge Capital's Mitchell Green,CNBC Television,UCrp_UI8XtuYfpiqluWLD7Lw,438.0,3247.0,Jeff Green CNBC 2019,Jeff Green,green,TTD,7.3
4iL0sg0kpD8,NBA Finals Media Availability: Jeff Green | 5-31-23,Denver Nuggets,UCl8hzdP5wVlhuzNG3WCJa1w,675.0,3212.0,Jeff Green full interview 2019,Jeff Green,green,TTD,11.2
QF9vOo8sDPY,Jeff Green leaned on Kyle Korver to change his 3-point fortunes,Cleveland Cavaliers on cleveland.com,UCqtAJBbMzm3zY1n1TAQCvXQ,267.0,3024.0,Jeff Green interview 2018,Jeff Green,green,TTD,4.4
bKGe4GwEtIw,UTSA Head Coach Jeff Traylor Postgame Interview 48-26 win over Tulane 10.30.25,InsideRunnerSports.com,UC2haeucGHjQpd8EsRxwhZCA,838.0,2871.0,Jeff Green interview 2025,Jeff Green,green,TTD,14.0
EoRF6vJYTtQ,Jeff Green | Houston Rockets Media Day 2025-2026 NBA Season,Locked On Rockets,UCnizQkhQWv7GwQ1PY2EJGLw,631.0,2843.0,Jeff Green interview 2025,Jeff Green,green,TTD,10.5
44Z1CFhkBBY,Jeff Green: ''My Job Is Just To Go Out There And Do Whatever It Takes To Help This Team Win.'',Basketball Spotlight,UC5RRVRVtRZc3BG72zRCTvmA,416.0,2806.0,Jeff Green interview 2017,Jeff Green,green,TTD,6.9
Q6Mk3FlUH28,"There's going to be an energy crunch, with prices staying higher for longer: Greene",CNBC Television,UCrp_UI8XtuYfpiqluWLD7Lw,262.0,2767.0,Jeff Green CNBC 2020,Jeff Green,green,TTD,4.4
fT0s9Gk1Pdc,'Bloomberg Green' Full Show (11/20/2020),Bloomberg Television,UCIALMKvObZNtJ6AmdCLP7Lg,1446.0,2691.0,Jeff Green Bloomberg interview 2020,Jeff Green,green,TTD,24.1
CkMSuYVzws0,Jeff Green on being traded & what he can bring to the Los Angeles Clippers. HoopJab,HoopJab,UC5v-3au0zu5l_2a6uckU2KA,328.0,2664.0,Jeff Green interview 2016,Jeff Green,green,TTD,5.5
Fpfn_GVEXDc,Houston Rockets Postgame: Ime Udoka talks Jalen Green and snapping streak,Rocket Fuel-A Houston Rockets show,UCG23mqkEPxxBb--kpmG5UIQ,402.0,2625.0,Jeff Green interview 2025,Jeff Green,green,TTD,6.7
mWSYFaSztZs,"Jeff Green, Cavaliers ignore criticism of being lesser teammates to LeBron James",Cleveland Cavaliers on cleveland.com,UCqtAJBbMzm3zY1n1TAQCvXQ,287.0,2600.0,Jeff Green interview 2017,Jeff Green,green,TTD,4.8
ewvGiVeUQqs,"Jeff Green: ""I think it's gonna be a great year.""",Brooklyn Nets,UCTenKHt0h3VjdMvRWP6Lbvw,720.0,2507.0,Jeff Green interview 2019,Jeff Green,green,TTD,12.0
K-EoT-AB8n8,Rockets All- Access: One-on-one with Jeff Green,Vanessa Richardson,UC9Fj4vFoB3lrlVq607DET3Q,480.0,2378.0,Jeff Green interview 2025,Jeff Green,green,TTD,8.0
Jl4bFMklZbw,Jeff Green - Up West (1998),Paul Desmond,UCiYcMl_BpAKbJsONcw4lrTQ,5063.0,2320.0,Jeff Green interview 2016,Jeff Green,green,TTD,84.4
QJcyWuVn2dc,Exxon considers nominating Jeff Ubben to the board: Sources tell CNBC,CNBC Television,UCrp_UI8XtuYfpiqluWLD7Lw,192.0,2191.0,Jeff Green CNBC 2019,Jeff Green,green,TTD,3.2
XpO2TCvF8F0,Nuggets 2023 Champions Parade: Jeff Green Speech | 6-15-23,Denver Nuggets,UCl8hzdP5wVlhuzNG3WCJa1w,180.0,2182.0,Jeff Green interview 2023,Jeff Green,green,TTD,3.0
d2a-Rqe-QXw,Bloomberg Green: Policy and the Planet (01/15/21),Bloomberg Television,UCIALMKvObZNtJ6AmdCLP7Lg,1446.0,2153.0,Jeff Green Bloomberg interview 2021,Jeff Green,green,TTD,24.1
eLcC-ZCpbio,Nuggets Postgame Availability: Jeff Green (11/08/2021),Denver Nuggets,UCl8hzdP5wVlhuzNG3WCJa1w,376.0,2098.0,Jeff Green interview 2021,Jeff Green,green,TTD,6.3
wnAp1gDRL4k,"Jeff Green: ""The definition of versatility in a team is us.""",Brooklyn Nets,UCTenKHt0h3VjdMvRWP6Lbvw,652.0,2057.0,Jeff Green interview 2019,Jeff Green,green,TTD,10.9
ezlIsHenWqs,Donald Trump Unveils Brand New 'Gold Card' Immigration Visas: 'Like a Green Card on Steroids!' |N18G,CNBC-TV18,UCmRbHAgG2k2vDUvb3xsEunQ,695.0,1886.0,Jeff Green CNBC 2025,Jeff Green,green,TTD,11.6
d7XivdyZpfw,Jeff Green - The 2013 Opening Night Comedy Allstars Supershow,TheMelbComedyFest,UCCHk0tqatZibFoCfx-1yxxw,257.0,1863.0,Jeff Green interview 2019,Jeff Green,green,TTD,4.3
OYZjPMDE_h8,Nuggets Postgame Media: Jeff Green | DEN vs. MIA NBA Finals Game 3 | 6-7-23,Denver Nuggets,UCl8hzdP5wVlhuzNG3WCJa1w,199.0,1793.0,Jeff Green interview 2023,Jeff Green,green,TTD,3.3
ikEuNZV7CeI,Jeff Vinik: It's a good time for stock picking,CNBC Television,UCrp_UI8XtuYfpiqluWLD7Lw,555.0,1789.0,Jeff Green CNBC 2019,Jeff Green,green,TTD,9.2
ZGDidSdKk00,"Outlook for profitability is good, says Frost Bank CEO Phil Green",CNBC Television,UCrp_UI8XtuYfpiqluWLD7Lw,318.0,1716.0,Jeff Green CNBC 2022,Jeff Green,green,TTD,5.3
HgIFLYps30U,One-on-One: Jeff Green,zach catanzareti,UC8T7kU-mcQDWIeqXoF4K1_Q,1741.0,1710.0,Jeff Green interview 2016,Jeff Green,green,TTD,29.0
jUXG3XdhaYU,"Will Rising Rates Sink The Stock Market? | Jeffrey Huge, CMT | Your Daily Five (02.23.23)",StockCharts TV,UC-W7dUPnSvZ4oTe_8vhk-qQ,954.0,1701.0,Jeff Green CNBC 2025,Jeff Green,green,TTD,15.9
SBTolg_5K3U,Jeff Green on his relationship with Kevin Durant,DNVR Sports,UC8aOXvlqQqMlTFvbbAarD-A,276.0,1694.0,Jeff Green interview 2021,Jeff Green,green,TTD,4.6
AC3He8DO9fY,Nuggets Postgame Media: Jeff Green | DEN vs. MIN Round 1 Game 2 | 4-19-23,Denver Nuggets,UCl8hzdP5wVlhuzNG3WCJa1w,216.0,1667.0,Jeff Green full interview 2021,Jeff Green,green,TTD,3.6
sdpBcTV7ouc,"Packers defensive coordinator Jeff Hafley on newest members to the defense, expectations for 2025",Milwaukee Journal Sentinel,UCx3OuVURpwh-UYamOrw-b4A,388.0,1638.0,Jeff Green interview 2025,Jeff Green,green,TTD,6.5
jOzorWgs2Mw,Protecting the Ocean: Fabien Cousteau on Leaders With Lacqua Goes Green,Bloomberg Television,UCIALMKvObZNtJ6AmdCLP7Lg,1447.0,1575.0,Jeff Green Bloomberg interview 2022,Jeff Green,green,TTD,24.1
UYCtALLHMkE,"Wizards' Jeff Green is Fashion Forward Back Home in Washington, D.C.",CloseUp360,UCpeLn0KdTcSgvqp20ayoBOw,687.0,1562.0,Jeff Green interview 2019,Jeff Green,green,TTD,11.4
hNJUB1W7GMg,Leaders With Lacqua Goes Green: Aicha Evans,Bloomberg Television,UCIALMKvObZNtJ6AmdCLP7Lg,1447.0,1527.0,Jeff Green Bloomberg interview 2019,Jeff Green,green,TTD,24.1
gEKcR34tp2Q,Nuggets Postgame Availability: Jeff Green (10/29/2021),Denver Nuggets,UCl8hzdP5wVlhuzNG3WCJa1w,545.0,1507.0,Jeff Green interview 2020,Jeff Green,green,TTD,9.1
47AxrCjsQ9Y,Nuggets Postgame Media: Jeff Green | DEN vs. MIA NBA Finals Game 4 | 6-9-23,Denver Nuggets,UCl8hzdP5wVlhuzNG3WCJa1w,202.0,1490.0,Jeff Green interview 2023,Jeff Green,green,TTD,3.4
Dc_nQsVlU14,Jeff Immelt: ‘Role of CEO More Complicated Than Ever Before’,Bloomberg Television,UCIALMKvObZNtJ6AmdCLP7Lg,201.0,1489.0,Jeff Green Bloomberg interview 2021,Jeff Green,green,TTD,3.4
QkZli4QHTJU,"ATS Singapore 2018: Fireside Chat with Jeff Green, CEO, The Trade Desk",ExchangeWireTV,UCC41Wkvj5FyelFirGe4Q8uA,2110.0,1479.0,Jeff Green full interview 2017,Jeff Green,green,TTD,35.2
dXEQVRW6Ke8,How He Turned $100k Into $9 Billion - Jeff Greene | #030,Yosef Manoucheri,UCbDngvdqhWjk-ENiEibkvdw,2765.0,1473.0,Jeff Green interview 2026,Jeff Green,green,TTD,46.1
wOaZjThdn08,[FULL] Jeff Green on Cavaliers' loss to Pacers: 'I chose the wrong game to miss shots' | NBA on ESPN,NBA on ESPN,UCVSSpcmZD2PwPBqb8yKQKBA,268.0,1470.0,Jeff Green full interview 2017,Jeff Green,green,TTD,4.5
qji7wtssyCo,"LUMA's Digital Marketing Summit '17: Jeff Green, The Trade Desk",LUMA,UC0AKEN49MbihQ6ZmdLJjPTw,1214.0,1455.0,Jeff Green CNBC 2016,Jeff Green,green,TTD,20.2
vpLujFvk9Hg,.@CNBC - Conversation with billionaire real estate investor Jeff Greene,The Self-Storage Report,UCAkO6RtQMWmHXWGee3Tm8Ww,2690.0,1450.0,Jeff Green CNBC 2024,Jeff Green,green,TTD,44.8
RNjYGnO41Yk,Jeff Green | Houston Rockets Media Day | 2024-2025 NBA Season,Locked On Rockets,UCnizQkhQWv7GwQ1PY2EJGLw,477.0,1443.0,Jeff Green interview 2024,Jeff Green,green,TTD,8.0
oBc2sXVhw-4,Jeff Green on the Kevin Durant situation,YESNetwork,UCJXltguGSVIZAcbIglaZ-mA,320.0,1430.0,Jeff Green interview 2021,Jeff Green,green,TTD,5.3
a6AELu-KRmg,Enel CEO Starace on $1.5 Billion Bond Linked to Its Green Targets,Bloomberg Television,UCIALMKvObZNtJ6AmdCLP7Lg,290.0,1398.0,Jeff Green Bloomberg interview 2016,Jeff Green,green,TTD,4.8
05yToRlbrv0,The Journey of Jeff Green | Role Players,IWontWin,UCkBn8grfSSrIkuK3C27w_wQ,344.0,1346.0,Jeff Green full interview 2017,Jeff Green,green,TTD,5.7
NH5F6Z9df5s,Earth's Treasury | Interview with Jeff Hapeman | Tucson 2019 | GIA,GIA (Gemological Institute of America),UCAf_v-BJ2i1QfoI8GAuBHTw,926.0,1342.0,Jeff Green full interview 2019,Jeff Green,green,TTD,15.4
RrPW8oXlQEc,Garage Door Repair In Green Bay | Owner Jeffrey Pinney Interview With Local 5 Live Green Bay 1/2025,Bestland Garage Door Service ,UCuPNRcJCU_tOEmvNSiAAtWQ,216.0,1308.0,Jeff Green interview 2025,Jeff Green,green,TTD,3.6
VA68GY1TpUA,Aaron Gordon & Jeff Green | 2023 NBA Finals Game 1 Pre Game Interviews,Conference City,UCAdxu47QxOsuqv9uZ_KxttQ,1267.0,1269.0,Jeff Green full interview 2022,Jeff Green,green,TTD,21.1
cP-1fsXmpEY,CelticsHub: Jeff Green Postgame Heat,CelticsHubTV,UC057H3mWs7D8BdHDqU-DgeQ,308.0,1222.0,Jeff Green interview 2016,Jeff Green,green,TTD,5.1
Cp-nTQPF-sI,Nuggets Postgame Availability: Jeff Green (12/13/2021),Denver Nuggets,UCl8hzdP5wVlhuzNG3WCJa1w,384.0,1195.0,Jeff Green interview 2021,Jeff Green,green,TTD,6.4
PYYMfbNBZug,Jeff Green & Paul Pierce: 'We're two lethal threats',Ben Rohrbach,UCDBLfxm1NCzodwyzNsAlKuw,197.0,1147.0,Jeff Green full interview 2021,Jeff Green,green,TTD,3.3
oNUeTHHHEpM,Jeff Green Talks Rockets Preseason and an Appearance from Steven Adams,Rocket Fuel-A Houston Rockets show,UCG23mqkEPxxBb--kpmG5UIQ,194.0,1129.0,Jeff Green interview 2024,Jeff Green,green,TTD,3.2
WyAm9CnTTA4,Google Cloud CEO Diane Green on International Women's Day,Bloomberg Tech,UCrM7B7SL_g1edFOnmj-SDKg,846.0,1106.0,Jeff Green Bloomberg interview 2016,Jeff Green,green,TTD,14.1
9I3_Jt5M1Dc,UTSA Head Coach Jeff Traylor 2026 Recruiting Class Media Zoom 12.3.25,InsideRunnerSports.com,UC2haeucGHjQpd8EsRxwhZCA,1224.0,1074.0,Jeff Green interview 2025,Jeff Green,green,TTD,20.4
3oRhkQh39-k,"Business Arabia CNBC Jeff Singer, CEO of NADAQ Dubai",Nicholas Ball,UCp544XoX2XZRzbaTsczEz8A,726.0,1026.0,Jeff Green CNBC 2018,Jeff Green,green,TTD,12.1
-oszxBUPNtU,Starboard's Jeff Smith announces new $7 billion stake in KAR Auction Services,CNBC Television,UCrp_UI8XtuYfpiqluWLD7Lw,217.0,984.0,Jeff Green CNBC 2018,Jeff Green,green,TTD,3.6
HyXFAXWqqkw,Nuggets Postgame Availability: Jeff Green,Denver Nuggets,UCl8hzdP5wVlhuzNG3WCJa1w,449.0,981.0,Jeff Green interview 2020,Jeff Green,green,TTD,7.5
6BGqrmBH_6k,Nuggets Postgame Availability: Jeff Green (01/07/2022),Denver Nuggets,UCl8hzdP5wVlhuzNG3WCJa1w,346.0,980.0,Jeff Green full interview 2021,Jeff Green,green,TTD,5.8
O49wSZ41f3o,Jeff Green on Phil Howard and Megalopolis,Aymeric Leroy,UCdfNOP6IGlqD9saPIUPxUMA,387.0,949.0,Jeff Green interview 2019,Jeff Green,green,TTD,6.4
baZ79IVwGZM,Nuggets Postgame Media: Jeff Green | DEN vs. MIA NBA Finals Game 2 | 6-4-23,Denver Nuggets,UCl8hzdP5wVlhuzNG3WCJa1w,206.0,942.0,Jeff Green interview 2022,Jeff Green,green,TTD,3.4
Bk5L9tHFX2Q,Nuggets Postgame Availability: Jeff Green (01/13/2022),Denver Nuggets,UCl8hzdP5wVlhuzNG3WCJa1w,361.0,872.0,Jeff Green interview 2022,Jeff Green,green,TTD,6.0
lVmMWD7TEQg,Amazon worldwide consumer CEO Jeff Wilke on antitrust,CNBC Television,UCrp_UI8XtuYfpiqluWLD7Lw,222.0,797.0,Jeff Green CNBC 2018,Jeff Green,green,TTD,3.7
UE2fFAtL9Uk,"Governor candidate Jeff Greene talks President Trump, Mike Tyson on 'The Weekly'",WKMG News 6 ClickOrlando,UCjpzEgbbDUg4YC6vpSrzsyg,1104.0,783.0,Jeff Green interview 2022,Jeff Green,green,TTD,18.4
y60-SUexn4w,Morning Joe talks to Bloomberg's Joshua Green about his Giustra interview,Government Accountability Institute,UChxJIY_QqTNWfJdQsJVG3jA,513.0,779.0,Jeff Green Bloomberg interview 2016,Jeff Green,green,TTD,8.6
JS-AXncDujo,Tommy Green: The Gospel in the Unlikeliest Places| Who Gave Jeff Allen a Podcast?,Who Gave Jeff Allen A Podcast?,UCb_mI80Revm1kBq8WG4dBLA,4748.0,691.0,Jeff Green interview 2026,Jeff Green,green,TTD,79.1
exi-UdCWELc,BROOKLYN NETS POST GAME INTERVIEW | JEFF GREEN | RAPTORS VS NETS | NBA SOUND | 02.05.2021,Jeff F,UCokx0g5zv4RsZOU1XSlWnTA,314.0,675.0,Jeff Green full interview 2020,Jeff Green,green,TTD,5.2
ZjO42g0aa_c,Nuggets Postgame Availability: Jeff Green,Denver Nuggets,UCl8hzdP5wVlhuzNG3WCJa1w,468.0,599.0,Jeff Green interview 2022,Jeff Green,green,TTD,7.8
iVNYvBN4a1Y,Jeff Green Media Day 2024 Press Conference l Houston Rockets,Houston Rockets,UCVD7l69MVGFq_wzQvbk9HbQ,472.0,599.0,Jeff Green interview 2024,Jeff Green,green,TTD,7.9
HDcYkOZUvmc,Jeff Green on what he plans on bringing to the Los Angeles Clippers. HoopJab,HoopJab,UC5v-3au0zu5l_2a6uckU2KA,266.0,590.0,Jeff Green interview 2016,Jeff Green,green,TTD,4.4
WboIgo6Lmoo,Building a Better Block: In Conversation With Jeff Jones,Bloomberg Live,UC7UFcUbAd8oyCBWCogVpJ6g,1244.0,585.0,Jeff Green Bloomberg interview 2020,Jeff Green,green,TTD,20.7
Qf-sAEntATk,"Andy Ellis, Green Party Candidate for Maryland Governor | Interview with Jeff Salkin",MarylandPublicTV,UCCl5GSpPj3WhqOofKSh4mhw,750.0,583.0,Jeff Green interview 2026,Jeff Green,green,TTD,12.5
oCkQM52qE0I,Houston Rockets Practice: Jeff Green talks veteran leadership,Rocket Fuel-A Houston Rockets show,UCG23mqkEPxxBb--kpmG5UIQ,320.0,571.0,Jeff Green interview 2025,Jeff Green,green,TTD,5.3
fjGa_eB_TdY,Practice Media: Jeff Green | 5-1-23,Denver Nuggets,UCl8hzdP5wVlhuzNG3WCJa1w,299.0,544.0,Jeff Green interview 2022,Jeff Green,green,TTD,5.0
Vv_NEZ-JTlg,Sound Bites: Jeff Green of Burnside Brewing Co. | SaltWire,SaltWire,UCJhH-xZC2yBLkWhfF5jLXhQ,802.0,540.0,Jeff Green interview 2023,Jeff Green,green,TTD,13.4
NIhWSQ9gMko,Celtics-Magic Postgame (11-11-13): Jeff Green Interview,Gethin Coolbaugh,UCIQXTzlbd0Eem9Qs1n6yE0g,319.0,533.0,Jeff Green interview 2016,Jeff Green,green,TTD,5.3
U91rwLKHD1U,Jeff Green on Game 5 against the Bucks,YESNetwork,UCJXltguGSVIZAcbIglaZ-mA,306.0,521.0,Jeff Green interview 2016,Jeff Green,green,TTD,5.1
G_heVqBlXjE,Jeff Green Exit Interview 2018-19,Washington Wizards,UChvzoBPvORuNGtHTMzjUsIQ,318.0,512.0,Jeff Green interview 2017,Jeff Green,green,TTD,5.3
KYrZU9jSU5E,Houston Rockets Jeff Green talks filling in for Jabari Smith,Rocket Fuel-A Houston Rockets show,UCG23mqkEPxxBb--kpmG5UIQ,181.0,511.0,Jeff Green interview 2025,Jeff Green,green,TTD,3.0
I-rPv2VOAn0,Wizards Media Day: Jeff Green,My Mind On Sports,UCila9oURjo36EF35DdYvv9A,352.0,497.0,Jeff Green interview 2018,Jeff Green,green,TTD,5.9
DiI2xPZPpTM,Nuggets Postgame Availability: Jeff Green (11/23/2021),Denver Nuggets,UCl8hzdP5wVlhuzNG3WCJa1w,208.0,497.0,Jeff Green interview 2021,Jeff Green,green,TTD,3.5
eL2ytVExSog,Jeff Green Talks Defending Jayson Tatum,Celtics on CLNS,UCTNMXdUDhy_ivZkhbsQ_7ZA,528.0,470.0,Jeff Green interview 2019,Jeff Green,green,TTD,8.8
z4YcWfZIc_Q,"Madison Alley Fireside Chat featuring Jeff Green, Founder & CEO, The Trade Desk",MadisonAlley TV,UCgpmWKo50_wL-xjNTrQQfCw,3668.0,465.0,Jeff Green CNBC 2019,Jeff Green,green,TTD,61.1
-EK_GHvOUps,Bloomberg Green @COP26 |  What to Watch Morning Briefing,Bloomberg Live,UC7UFcUbAd8oyCBWCogVpJ6g,6884.0,461.0,Jeff Green Bloomberg interview 2020,Jeff Green,green,TTD,114.7
LAycRuUI45c,Climate Clock | Unleashing New Ways Of Green Hydrogen Generation | CNBC TV18,CNBC-TV18,UCmRbHAgG2k2vDUvb3xsEunQ,616.0,436.0,Jeff Green CNBC 2023,Jeff Green,green,TTD,10.3
83b_ciSw3gg,Jeff Green Orlando Magic 2016 Media Day Interview,Adam Papageorgiou,UC_1_JAX8c29M2yTpQBd6INw,883.0,426.0,Jeff Green interview 2016,Jeff Green,green,TTD,14.7
z1xYwkL7dVE,Uncle Jeff | Full Interview with One of the Last SuperSonics in the League!,Truth + Media,UCtM-jhKyEsSgeI-j4iYlFRA,2685.0,387.0,Jeff Green interview 2023,Jeff Green,green,TTD,44.8
M41d26lwzO0,A Green New Deal is about Security for Everyone - Jill Stein Green Party Presidential Candidate,seecraig,UCqmLlI8zAPxELkh5mP814OQ,314.0,383.0,Jeff Green CNBC 2016,Jeff Green,green,TTD,5.2
-25BPCqa0_g,Jeff Green highlight interview Cleveland Cavs Seattle Sonics,bigcheaptrickfan,UCe9P5HTyP1U-P9EB8X9LqHA,224.0,354.0,Jeff Green interview 2016,Jeff Green,green,TTD,3.7
UmwxpvVbB_k,Jeff Green on another big scoring night vs Washington Wizards,Celtics Press Conferences on CLNS,UCVbz7gN6HGoBXXkhIWMd3Ww,213.0,354.0,Jeff Green interview 2016,Jeff Green,green,TTD,3.6
p_Rxcfoy-0M,Jeff Green on Cavs’ struggles after loss to Pacers,Marla Ridenour,UCrnMyZRX9eeqfBjo_6Zc5_g,234.0,319.0,Jeff Green interview 2017,Jeff Green,green,TTD,3.9
g0M6ogXZZtM,Los Angeles Clippers vs. Golden State Warriors: Jeff Green interview,Gary George,UCvTREKuqPo49pypoC9tqxRg,453.0,283.0,Jeff Green interview 2016,Jeff Green,green,TTD,7.6
HxaSZf7M8WE,The Jeff Green Interview - The Pit Crew Podcast EP008,DLBTV Racing League,UCopSG9Dekyhf8l6z2GKOTFQ,3406.0,283.0,Jeff Green interview 2024,Jeff Green,green,TTD,56.8
n6ojM-SDYgY,Third Industrial Green Revolution: China and EU vs US Fracking,Roger Dufur,UCs73Xiuno2h3rO4WnBxrHNw,3854.0,280.0,Jeff Green Bloomberg interview 2024,Jeff Green,green,TTD,64.2
brfX-W73U84,Jeff Green on meeting Elton... Dean or John ? Or both ?,Aymeric Leroy,UCdfNOP6IGlqD9saPIUPxUMA,253.0,278.0,Jeff Green interview 2019,Jeff Green,green,TTD,4.2
biAk1W7unA0,Nuggets Postgame Availability: Jeff Green (11/21/2021),Denver Nuggets,UCl8hzdP5wVlhuzNG3WCJa1w,287.0,262.0,Jeff Green interview 2021,Jeff Green,green,TTD,4.8
PyAS73xI1DA,Dawg Talk Season 1 Epsiode 2 Interview with Hoya Legend Jeff Green!,Dawg Talk Show,UCsUE7XVkLlEXuthe_MHc5ow,5515.0,237.0,Jeff Green interview 2020,Jeff Green,green,TTD,91.9
R_N6kNN0gBY,JEFF GREEN Details the Journey He's Taken + Filling in For Kevin Love in NBA FINALS,Celtics Press Conferences on CLNS,UCVbz7gN6HGoBXXkhIWMd3Ww,571.0,229.0,Jeff Green interview 2016,Jeff Green,green,TTD,9.5
vxf4DS-GA0g,Jeff Green's 31 + Jordan Crawford's Triple Double Too Much for Cavs,Celtics Press Conferences on CLNS,UCVbz7gN6HGoBXXkhIWMd3Ww,268.0,229.0,Jeff Green interview 2017,Jeff Green,green,TTD,4.5
zOw9FbMoIKI,The Glue Guys Interview with Jeff Green of the Brooklyn Nets,The Glue Guys: A Brooklyn Nets Podcast,UCfizEjUcTruU15ex9S08NtQ,1930.0,215.0,Jeff Green interview 2017,Jeff Green,green,TTD,32.2
Hfd11XdDVOQ,Faith Speaks Louder with Jeff Green,Faith Speaks Louder,UCHlT-L857IRV7L2918fcHhA,3450.0,201.0,Jeff Green interview 2026,Jeff Green,green,TTD,57.5
SXLLFbqKQd0,"Jeff Green talks Denver Nuggets vs. Miami Heat NBA Finals, Veteran Role & Career With Boston Celtics",Fanatics View,UCy31smm3GNCgbSgYm9hb41Q,704.0,197.0,Jeff Green interview 2016,Jeff Green,green,TTD,11.7
p5geYH8OYRU,Jeff Green Short Sale Segment,PMZ Real Estate,UCLSYcGTBNYgo5Qi_OeVeRWw,278.0,174.0,Jeff Green CNBC 2016,Jeff Green,green,TTD,4.6
DkavxmSpRbw,Ty Corbin on Jeff Green's Evolution as a scorer,Celtics Press Conferences on CLNS,UCVbz7gN6HGoBXXkhIWMd3Ww,233.0,172.0,Jeff Green full interview 2016,Jeff Green,green,TTD,3.9
39Fxf_vsUnI,"Jeff Green talks Nuggets Falling Under Radar, Nuggets Ceiling & His Role With Denver | Media Day",Fanatics View Hoops,UChYA8XpBfYwSIDGp6p70Wag,788.0,155.0,Jeff Green interview 2020,Jeff Green,green,TTD,13.1
ZwxF_hzOgjc,Athletics & Beyond Student Athlete Show - Denver Nugget Jeff Green,Athletics & Beyond,UCU8-y90DVnyES77CKJeydvg,2034.0,144.0,Jeff Green full interview 2022,Jeff Green,green,TTD,33.9
mw1KVGXaBGs,Jeffrey Green Oral History-Milwaukee Memory Project 2024,Milwaukee Memory Project,UC0tpmlgdS9rbqnfx6giSd7A,4083.0,138.0,Jeff Green full interview 2024,Jeff Green,green,TTD,68.0
IzqZDqJ6LEM,Jeff Teague CALLS OUT NBA Players ''NEW GENERATION IS SCARED TO COMPETE'',Getmoneysounds,UCY0ifgcqdlERSHwEOrrO_IA,250.0,130.0,Jeff Green interview 2026,Jeff Green,green,TTD,4.2
spUM--bSN88,Market Opens in Green Today | Bazaar Open Exchange (Part 02) | CNBC TV18,CNBC-TV18,UCmRbHAgG2k2vDUvb3xsEunQ,1377.0,123.0,Jeff Green CNBC 2018,Jeff Green,green,TTD,23.0
K6nSj1iJh_Y,Houston Rockets Media Day Biggest Takeaways From Jeff Green And Dillion Brooks Interviews!!,Houston Sports Talk ,UCU1ZuYNwMUtNGLpnNTnB-pQ,362.0,121.0,Jeff Green interview 2024,Jeff Green,green,TTD,6.0
ugEW7Yo7XKA,Nets Jeff Green Postgame Interview Brooklyn Win vs Knicks,Pump Fake Sports,UCo-eo4lm5OHn8iSsNKApPVA,329.0,119.0,Jeff Green interview 2017,Jeff Green,green,TTD,5.5
zeEZVuIgVaQ,Washington Wizards Media Day 18 - Jeff Green media day,FinestMagazine,UCc5H44z0cCUbY9pMebr7hYg,352.0,104.0,Jeff Green full interview 2019,Jeff Green,green,TTD,5.9
P8fuyL7jkLc,10/27/2025: Sam Herder and Jeff Kolpack,InForum,UCNg5L1cZD8k6tWxWVexQaGA,5393.0,97.0,Jeff Green full interview 2025,Jeff Green,green,TTD,89.9
vbN94HUz4cY,Jeff Green   Introductory Press Conference   Orlando Magic ¦ 2016 NBA Free Agency,Deep Hoops,UCAyZSFCiMD9zM_jt2b8pf9Q,590.0,91.0,Jeff Green interview 2016,Jeff Green,green,TTD,9.8
6POkh4loVXk,KC-based Jazz Guitarist Jeff Shirley on the 2025 Album “Trio Live at Green Lady Lounge”,Neon Jazz,UC21IvPcN6pzwJDEbSNe08ug,716.0,88.0,Jeff Green full interview 2025,Jeff Green,green,TTD,11.9
vtRx_cEQGnA,"43 Patents, One Breakthrough: Jeff Green’s Story | Real Talk Ep. 90",Real Talk with Mike Burke,UC7fNcwb74w4m8jWX6aLKvyQ,924.0,83.0,Jeff Green interview 2025,Jeff Green,green,TTD,15.4
knc_MSy-ISc,Nets Jeff Green POSTGAME interview after BIG win over Giannis and Bucks,Pump Fake Sports,UCo-eo4lm5OHn8iSsNKApPVA,239.0,80.0,Jeff Green interview 2020,Jeff Green,green,TTD,4.0
pvGMOZDsf48,Jeff Green Player Full High Lowlights vs HAWKS 16 10 2025 NBA PRESEASON Game,All-Court Highlights,UC510nf8ZGP3xVXEAnjaOt9A,271.0,77.0,Jeff Green interview 2025,Jeff Green,green,TTD,4.5
SVLd2c2Wvfg,"Jeff Green talks Georgetown Basketball all time players, nuggets ,Seattle SuperSonics & Jordan 37",SeeHendo,UCf1AXwc88GL8dIMTAOXMT0Q,337.0,76.0,Jeff Green interview 2022,Jeff Green,green,TTD,5.6
2t0PNxoNAw8,Nets Jeff Green Postgame Interview Talks Brooklyn loss vs Damian Lillard Blazers,Pump Fake Sports,UCo-eo4lm5OHn8iSsNKApPVA,395.0,72.0,Jeff Green interview 2020,Jeff Green,green,TTD,6.6
qroefE7eLc4,Annex and the Evolution of Secure Destruction | Industry Insights | Jeff Green & Dan Oyer Interview,O'Neil Software,UC36hPMpKgEErRLrHzdchxtQ,2404.0,72.0,Jeff Green interview 2026,Jeff Green,green,TTD,40.1
Jl1Qrd7lC2Y,"[NBA Interview] Denver Nuggets, Jeff Green, Postgame, 12/13/21 @Denver, VS Wizards",GooddaySports,UCOitEk-Lk46atTH8OK68fiQ,384.0,70.0,Jeff Green full interview 2021,Jeff Green,green,TTD,6.4
UMRg496L6wE,CNBC - Investing in Green Tech,Solar Energy Industries Association,UClZ4XuAWTroNGN6DuzsLYPw,338.0,68.0,Jeff Green CNBC 2017,Jeff Green,green,TTD,5.6
MsHXLqsiGh4,"[NBA Interview] Denver Nuggets, Jeff Green, 9-23-2021",GooddaySports,UCOitEk-Lk46atTH8OK68fiQ,761.0,62.0,Jeff Green interview 2021,Jeff Green,green,TTD,12.7
USIOhG1H26k,Episode 18...Enjoying Retirement with Jeff Green,Trading Sliders Podcast,UCR8m2kzXtrjohjYpYGvSo0Q,4883.0,54.0,Jeff Green interview 2025,Jeff Green,green,TTD,81.4
BEUiadNwswM,Jeff Mittle and Kansas State STARS on winning season OPENER against Green Bay | FULL POSTGAME,TJ Sports Queens,UCK20_Q4ozEKu9tKMWGOn_jQ,1072.0,52.0,Jeff Green interview 2024,Jeff Green,green,TTD,17.9
afDWUl8qElg,"9/8/2025: Sam Herder, Jeff Kolpack and Jake Schauer",InForum,UCNg5L1cZD8k6tWxWVexQaGA,5386.0,48.0,Jeff Green full interview 2025,Jeff Green,green,TTD,89.8
7Tx1TCw0joc,Hear Brooklyn Nets Jeff Green talk post game about their loss to the LA Lakers on 4/10/21,Voice of the Fans,UCVQgxcjTf9F6ssT551Muwyw,230.0,45.0,Jeff Green interview 2021,Jeff Green,green,TTD,3.8
e7ux_aKuqC4,"[NBA Interview] Denver Nuggets, Postgame, 1/13/22, Jeff Green @Ball Arena, vs Portland Trail Blazers",GooddaySports,UCOitEk-Lk46atTH8OK68fiQ,347.0,39.0,Jeff Green full interview 2020,Jeff Green,green,TTD,5.8
f-_cPqKKK5s,Humans of Armadale 2025  - Jeff Green,CityofArmadale,UCj97ywSxjtsSwWx9owKz96w,323.0,35.0,Jeff Green interview 2025,Jeff Green,green,TTD,5.4
ATBvDke63ec,"Full Interview with Jeff Clauson: Blanket Rezoning, Green Line, Jyoti Gondek, Water Crisis, and More",IV Times,UCUKoY4gBmYLCAjVotaeNatQ,1895.0,30.0,Jeff Green interview 2025,Jeff Green,green,TTD,31.6
BYJjTgmzg6U,GREEN FIRE PRODUCTION INTERVIEW ON CAST & CREW BY JEFF DAVID,GREEN FIRE PRODUCTION ,UCfy44_mmCOxz0NGYVfL9YHA,839.0,22.0,Jeff Green interview 2026,Jeff Green,green,TTD,14.0
HSgl4ssgZZE,Jeff Green - Inspire Speakers,Inspire Speakers,UCb_lL8RT461JKIxwshPRtzw,246.0,21.0,Jeff Green interview 2019,Jeff Green,green,TTD,4.1
dynRsrmEcPY,Nets Jeff Green Postgame Interview Brooklyn win vs Charlotte Hornets,Pump Fake Sports,UCo-eo4lm5OHn8iSsNKApPVA,264.0,20.0,Jeff Green interview 2020,Jeff Green,green,TTD,4.4
9uLPMHQDSxQ,"9/29/2025: Sam Herder, and Jeff Kolpack",InForum,UCNg5L1cZD8k6tWxWVexQaGA,5402.0,20.0,Jeff Green full interview 2025,Jeff Green,green,TTD,90.0
R31W1MSzEWE,Jeff Green,The MADE Oakland,UCs7LUYbjJbEkq-AqSCSzR_Q,2007.0,18.0,Jeff Green interview 2024,Jeff Green,green,TTD,33.4
ariEwtUMmao,GREEN FIRE PRODUCTION: BEHIND THE SCENES WITH JEFF DAVID AND ACTORS ,GREEN FIRE PRODUCTION ,UCfy44_mmCOxz0NGYVfL9YHA,705.0,17.0,Jeff Green interview 2026,Jeff Green,green,TTD,11.8
SR-_nKBy48w,"LeBron James, Dwyane Wade, Kevin Love, Ty Lue & Jeff Green on Win Over The Bulls",Sports Epicentre,UCs8xaQwfVbxpdXUCbcQlDzg,1112.0,14.0,Jeff Green full interview 2020,Jeff Green,green,TTD,18.5
tP_EcK_wmLA,Brandon Green Interview with Jeff Craig,McAlester Radio,UCZ5Q3ccVL6l93Oq3qPnnxBg,872.0,14.0,Jeff Green interview 2026,Jeff Green,green,TTD,14.5
2WJCMHKoSC4,"069: Jeff Green - Building a comedy career, twice",Auscast Network,UCaAgNkOmZoe943wGaQHF5Yg,2658.0,12.0,Jeff Green full interview 2024,Jeff Green,green,TTD,44.3
SpVdWRHEaH8,"[NBA Interview] Denver Nuggets, Jeff Green, Postgame, 11/23/2021 at  Portland",GooddaySports,UCOitEk-Lk46atTH8OK68fiQ,208.0,11.0,Jeff Green interview 2021,Jeff Green,green,TTD,3.5
FRr3JC4EckA,"Jeff Does have a life podcast Oct 25, 2025",jeffneverhadjobsecurity,UCPCRTabK_9zGzTg9tBhvZlQ,6346.0,11.0,Jeff Green interview 2025,Jeff Green,green,TTD,105.8
nlkyZ0K5vDc,"Ep. 26: Jeff Green, CIO at Strike, Handling Pressure, Leading Calm, and Building Trust",Next In Line Podcast,UCNFO26wW5UHxNZvwGt7VkQw,5148.0,10.0,Jeff Green interview 2026,Jeff Green,green,TTD,85.8
uzHamYE5b9k,The Jeffing Jeffrey Show: #51,The Jeffing Jeffrey Show,UC-1IcNHvAn8pqF5VmRw82Hg,5650.0,8.0,Jeff Green full interview 2025,Jeff Green,green,TTD,94.2
HhBBF48nzms,The Jeffing Jeffrey Show #54,The Jeffing Jeffrey Show,UC-1IcNHvAn8pqF5VmRw82Hg,5685.0,7.0,Jeff Green interview 2025,Jeff Green,green,TTD,94.8
mImTrtI0TA0,Jeff Green Interview After Winning The Larry O'Brien Trophy,Basketball,UCaxMnO5f4cfV-lJXXLkkFaw,228.0,6.0,Jeff Green interview 2023,Jeff Green,green,TTD,3.8
6LhIrwOd_Sc,Hear Jeff Green talk about their team coming together post-game after their win over the Hornets,Voice of the Fans,UCVQgxcjTf9F6ssT551Muwyw,265.0,5.0,Jeff Green interview 2019,Jeff Green,green,TTD,4.4
n9qBC_HQtrc,Hear Nets Jeff Green talk post game about their Game 7 loss to the Bucks,Voice of the Fans,UCVQgxcjTf9F6ssT551Muwyw,374.0,5.0,Jeff Green full interview 2019,Jeff Green,green,TTD,6.2
E-jpjBq97lo,"Jeffrey Green and Pamala Vinett You R History,  History is being recorded daily,",You R History: Ohio Black History 2024,UCYFjGuA_UhCMTAdjbtrGisA,3419.0,4.0,Jeff Green full interview 2024,Jeff Green,green,TTD,57.0
NUH5yg-QnTM,The Jeffing Jeffrey Show: #63,The Jeffing Jeffrey Show,UC-1IcNHvAn8pqF5VmRw82Hg,5581.0,3.0,Jeff Green interview 2025,Jeff Green,green,TTD,93.0
u8qkuj69jjY,"Jeff Green: ""Everything Went Well""",FcukNBA,UC_mnp47tTeYuJwoFbJPo2lA,188.0,2.0,Jeff Green interview 2017,Jeff Green,green,TTD,3.1
Bt3Og0434To,"The CISO’s Guide to Securing a Board Seat | George Kurtz, CrowdStrike | RSAC 2025",Cybercrime Magazine,UCRikWa5PGyQZw0yATk8iZWg,1319.0,2545906.0,George Kurtz interview 2025,George Kurtz,kurtz,CRWD,22.0
9aOpIoxDZM0,"George Kurtz CEO/Co-founder, CrowdStrike",Goldman Sachs,UCyz6-taovlaOkPsPtK4KNEg,1402.0,1384254.0,George Kurtz interview 2022,George Kurtz,kurtz,CRWD,23.4
xySnsTQLqB8,"Global IT outage: 'We're deeply sorry', CrowdStrike CEO George Kurtz says",Sky News,UCoMdktPbSTixAyNGwb-UYkQ,255.0,190656.0,George Kurtz interview 2024,George Kurtz,kurtz,CRWD,4.2
MtA4Zf2Pies,"Fireside Chat with George Kurtz, CrowdStrike",The Montgomery Summit,UCK3U_tXVE4wslgM6KDyUv8Q,2564.0,45457.0,George Kurtz interview 2019,George Kurtz,kurtz,CRWD,42.7
0RXgiGwqNzk,CrowdStrike’s George Kurtz | The Security Arms Race | S3E14 | Spotlight On | AccelVC,Accel,UCkgHtlqtoa73AUIueX5udaQ,1658.0,36885.0,George Kurtz interview 2025,George Kurtz,kurtz,CRWD,27.6
T0qiJMh94Sk,CrowdStrike’s George Kurtz | Building a Generational Company  | S2E5 | Spotlight On | AccelVC,Accel,UCkgHtlqtoa73AUIueX5udaQ,3815.0,31093.0,George Kurtz interview 2019,George Kurtz,kurtz,CRWD,63.6
SimnTGmj4DA,"George Kurtz, CrowdStrike | CrowdStrike 2026",SiliconANGLE theCUBE,UCu3Ri8DI1RQLdVtU12uIp1Q,1632.0,30628.0,George Kurtz interview 2026,George Kurtz,kurtz,CRWD,27.2
qjbHfYzoL9w,"A Formula For Success Ep 4: Lewis Hamilton, Mercedes-AMG F1 driver & George Kurtz, CrowdStrike CEO",CrowdStrike,UCsRdY9CtEVWTNO4ulwfzqVA,3980.0,30458.0,George Kurtz interview 2020,George Kurtz,kurtz,CRWD,66.3
uTEC061Meto,"'Agent states' are the new apex predators, says Crowdstrike CEO George Kurtz",CNBC Television,UCrp_UI8XtuYfpiqluWLD7Lw,410.0,17767.0,George Kurtz interview 2026,George Kurtz,kurtz,CRWD,6.8
wSqct-eP-fM,The Threat Landscape w/ CrowdStrike CEO George Kurtz,The Compound,UCBRpqrzuuqE8TZcWw75JSdw,1785.0,15809.0,George Kurtz full interview 2022,George Kurtz,kurtz,CRWD,29.8
EcOnv_iVwAs,CrowdStrike CEO George Kurtz goes one-on-one with Jim Cramer,CNBC Television,UCrp_UI8XtuYfpiqluWLD7Lw,501.0,14586.0,George Kurtz CNBC 2024,George Kurtz,kurtz,CRWD,8.4
BieKd0EgfRQ,CrowdStrike CEO George Kurtz goes one-on-one with Jim Cramer,CNBC Television,UCrp_UI8XtuYfpiqluWLD7Lw,583.0,13655.0,George Kurtz CNBC 2023,George Kurtz,kurtz,CRWD,9.7
PbmesheplxI,Watch Jim Cramer's full interview with CrowdStrike CEO George Kurtz,CNBC Television,UCrp_UI8XtuYfpiqluWLD7Lw,592.0,13614.0,George Kurtz interview 2025,George Kurtz,kurtz,CRWD,9.9
jTHyx9mkmX0,CrowdStrike CEO George Kurtz goes one-on-one with Jim Cramer,CNBC Television,UCrp_UI8XtuYfpiqluWLD7Lw,534.0,12573.0,George Kurtz CNBC 2024,George Kurtz,kurtz,CRWD,8.9
8hEQAXINXgQ,Esther George: My terminal Fed rate outlook is above 5% and staying there for some time,CNBC Television,UCrp_UI8XtuYfpiqluWLD7Lw,241.0,11654.0,George Kurtz CNBC 2024,George Kurtz,kurtz,CRWD,4.0
oRP95b1w_c0,The Future of Cybersecurity in the Agentic World | George Kurtz and Dan Ives,CrowdStrike,UCsRdY9CtEVWTNO4ulwfzqVA,1419.0,11362.0,George Kurtz interview 2021,George Kurtz,kurtz,CRWD,23.6
aiV5U_XThis,Crowdstrike CEO George Kurtz on Microsoft hack and what it means for cybersecurity landscape,CNBC Television,UCrp_UI8XtuYfpiqluWLD7Lw,517.0,11292.0,George Kurtz interview 2020,George Kurtz,kurtz,CRWD,8.6
bOQwNZYhTxQ,Crowdstrike CEO George Kurtz: New A.I. tool 'Charlotte' acts as a 'virtual security analyst',CNBC Television,UCrp_UI8XtuYfpiqluWLD7Lw,300.0,11156.0,George Kurtz interview 2022,George Kurtz,kurtz,CRWD,5.0
_rhG0X4QJDo,George Kurtz Keynote,CrowdStrike,UCsRdY9CtEVWTNO4ulwfzqVA,3167.0,11038.0,George Kurtz interview 2020,George Kurtz,kurtz,CRWD,52.8
g00vreBaPmk,"George Kurtz, CrowdStrike | Fal.Con 2023",SiliconANGLE theCUBE,UCu3Ri8DI1RQLdVtU12uIp1Q,1096.0,10639.0,George Kurtz full interview 2022,George Kurtz,kurtz,CRWD,18.3
_l8VDU9kcRA,"George Kurtz, Crowdstrike | Crowdstrike Fal.Con 2025",SiliconANGLE theCUBE,UCu3Ri8DI1RQLdVtU12uIp1Q,1253.0,10313.0,George Kurtz interview 2025,George Kurtz,kurtz,CRWD,20.9
qFyzbsRg3mY,CrowdStrike CEO George Kurtz goes one-on-one with Jim Cramer,CNBC Television,UCrp_UI8XtuYfpiqluWLD7Lw,512.0,9957.0,George Kurtz CNBC 2024,George Kurtz,kurtz,CRWD,8.5
I5lCk2gLcAk,CrowdStrike CEO George Kurtz goes one-on-one with Jim Cramer,CNBC Television,UCrp_UI8XtuYfpiqluWLD7Lw,581.0,9323.0,George Kurtz interview 2025,George Kurtz,kurtz,CRWD,9.7
Xo_ipCVQkyI,"George Kurtz, CrowdStrike | fal.con 2024",SiliconANGLE theCUBE,UCu3Ri8DI1RQLdVtU12uIp1Q,1291.0,9205.0,George Kurtz interview 2024,George Kurtz,kurtz,CRWD,21.5
bkkcgt22Co4,CrowdStrike CEO George Kurtz on cybersecurity in 2023,CNBC Television,UCrp_UI8XtuYfpiqluWLD7Lw,249.0,8816.0,George Kurtz interview 2022,George Kurtz,kurtz,CRWD,4.2
u0Nw6QugZOs,CrowdStrike CEO George Kurtz goes one-on-one with Jim Cramer,CNBC Television,UCrp_UI8XtuYfpiqluWLD7Lw,670.0,8095.0,George Kurtz interview 2026,George Kurtz,kurtz,CRWD,11.2
X4ZOqQHkbXU,CrowdStrike CEO George Kurtz goes one-on-one with Jim Cramer,CNBC Television,UCrp_UI8XtuYfpiqluWLD7Lw,566.0,7805.0,George Kurtz CNBC 2024,George Kurtz,kurtz,CRWD,9.4
JqIm9FLrpuM,CrowdStrike CEO George Kurtz goes one-on-one with Jim Cramer,CNBC Television,UCrp_UI8XtuYfpiqluWLD7Lw,626.0,7740.0,George Kurtz interview 2026,George Kurtz,kurtz,CRWD,10.4
v8NPUfs_80I,CrowdStrike CEO George Kurtz on the company's IPO,CNBC Television,UCrp_UI8XtuYfpiqluWLD7Lw,509.0,7219.0,George Kurtz interview 2019,George Kurtz,kurtz,CRWD,8.5
hrUP0nQSBQk,"George Kurtz, CrowdStrike | CrowdStrike Fal.Con 2022",SiliconANGLE theCUBE,UCu3Ri8DI1RQLdVtU12uIp1Q,1146.0,6654.0,George Kurtz interview 2022,George Kurtz,kurtz,CRWD,19.1
_u4j9_v8g8o,"George Kurtz, CrowdStrike | RSAC 2025",SiliconANGLE theCUBE,UCu3Ri8DI1RQLdVtU12uIp1Q,1279.0,6179.0,George Kurtz interview 2025,George Kurtz,kurtz,CRWD,21.3
yY7W6Osm-ps,Kurtz: The path from Trump to talking head,Fox News,UCXIJgqnII2ZOINSWNOGFThA,202.0,4437.0,George Kurtz full interview 2024,George Kurtz,kurtz,CRWD,3.4
H0uLnRCHEd8,"The China Mission: George Marshall’s Unfinished War, 1945–1947",Council on Foreign Relations,UCL_A4jkwvKuMyToAPy3FQKQ,2858.0,4205.0,George Kurtz CNBC 2025,George Kurtz,kurtz,CRWD,47.6
ykJxmUgbfUM,"Watch CNBC's full interview with George Kurtz, CrowdStrike CEO",CNBC Television,UCrp_UI8XtuYfpiqluWLD7Lw,337.0,3862.0,George Kurtz interview 2020,George Kurtz,kurtz,CRWD,5.6
VrjkQiYUjAc,"CrowdStrike CEO George Kurtz on F1 sponsorship, revenue generation",CNBC Television,UCrp_UI8XtuYfpiqluWLD7Lw,222.0,3562.0,George Kurtz CNBC 2023,George Kurtz,kurtz,CRWD,3.7
g2-gbzXrNBE,George Will’s case for conservatism and how the Republican Party became “part of the cult” of Trump,Salon,UC-JSIhoXcKetaEeYOpvwcIQ,1943.0,2601.0,George Kurtz Bloomberg interview 2019,George Kurtz,kurtz,CRWD,32.4
MJcvz47OpTA,Tech Meets the Track: George Kurtz & Toto Wolff on F1,CNBC Television,UCrp_UI8XtuYfpiqluWLD7Lw,537.0,2554.0,George Kurtz interview 2020,George Kurtz,kurtz,CRWD,9.0
gZh7hoTZVtw,Bernd Mayländer and CrowdStrike CEO George Kurtz take a closer look at the FIA Safety Car,CrowdStrike,UCsRdY9CtEVWTNO4ulwfzqVA,364.0,2470.0,George Kurtz interview 2019,George Kurtz,kurtz,CRWD,6.1
WeZR7gPBRd4,Friends In A Title Fight: Keating & Kurtz After LMP2 Gold At Petit Le Mans,IMSA Official,UC58em84jwiyM20qR-iqBDZw,463.0,1975.0,George Kurtz interview 2019,George Kurtz,kurtz,CRWD,7.7
J6uqduwPQkE,CrowdStrike Winter 2017 Release video blog from CEO and Co-founder George Kurtz,CrowdStrike,UCsRdY9CtEVWTNO4ulwfzqVA,265.0,1842.0,George Kurtz interview 2020,George Kurtz,kurtz,CRWD,4.4
BLZ_cbRB_xU,"YLV Academy: Virtual Fireside Chat With George Kurtz , President, CEO & Founder of CrowdStrike",YL Ventures,UC05ZIewkgAsnLv7SskdGmxQ,2578.0,1739.0,George Kurtz interview 2019,George Kurtz,kurtz,CRWD,43.0
2273owai2pE,"'Hacktivist' groups linked to Iran have been very active, says CrowdStrike CEO George Kurtz",CNBC Television,UCrp_UI8XtuYfpiqluWLD7Lw,271.0,1626.0,George Kurtz CNBC 2025,George Kurtz,kurtz,CRWD,4.5
MzY47K13V4I,RSA Conference 2011 Keynote - Driving Security Down the Stack - George Kurtz,RSAC Cybersecurity,UCYzwGkfOqrevO-4TuTjPLwQ,1875.0,1472.0,George Kurtz CNBC 2019,George Kurtz,kurtz,CRWD,31.2
7oi8khK9iqg,CrowdStrike’s George Kurtz | Building a Generational Company  | RSA Preview | Spotlight On | AccelVC,Accel,UCkgHtlqtoa73AUIueX5udaQ,3813.0,1404.0,George Kurtz interview 2019,George Kurtz,kurtz,CRWD,63.6
WtmX-a-cayQ,"Evolve 2017: George Kurtz, Author of Hacking Exposed",Evolve Conference,UCZAtjDIXJAaSUAOi4ZqkOGA,2329.0,803.0,George Kurtz interview 2019,George Kurtz,kurtz,CRWD,38.8
VfZt1XbDNng,"ICON's Cyber Day - Fireside Chat with George Kurtz, co-founder & CEO, CrowdStrike",ICON,UCyf5NuUfYlUFkDCK8Tjifbw,3259.0,676.0,George Kurtz full interview 2022,George Kurtz,kurtz,CRWD,54.3
D1IeiqiiTu8,"George Kurtz, CrowdStrike, at The Montgomery Summit 2015",The Montgomery Summit,UCK3U_tXVE4wslgM6KDyUv8Q,334.0,468.0,George Kurtz interview 2021,George Kurtz,kurtz,CRWD,5.6
YzxlGyl_X_w,"CrowdStrike CEO George Kurtz on Racing, Leadership, and Investing in Mercedes-AMG PETRONAS F1 team",Nasdaq,UCDhqADfY8S2N8BfrffZAc2w,816.0,352.0,George Kurtz interview 2026,George Kurtz,kurtz,CRWD,13.6
jRyhdYLt5LY,"George Kurtz, CrowdStrike | CrowdStrike Government Summit 2023",CyberScoop,UCDG2jjHiZ8r97MCVnsaAkXw,216.0,293.0,George Kurtz interview 2019,George Kurtz,kurtz,CRWD,3.6
FKYR-l3Mj60,Reverse speech of Interview with Crowdstrike CEO George Kurtz,oratio contraria,UC2NObtAcgQGZBEbEhYEUFWg,505.0,280.0,George Kurtz interview 2019,George Kurtz,kurtz,CRWD,8.4
RpLpTtyQWqA,"Star Wars Producer Gary Kurtz: Sep 21, 2014 Interview about making the original Star Wars trilogy",ashdoginc,UC8k3ZzBTVZZ8FMqVaDtvZ_Q,5677.0,213.0,George Kurtz interview 2025,George Kurtz,kurtz,CRWD,94.6
4R7FMowXxFw,CrowdStrike CEO George Kurtz Aiming Big With SMBs - CRN In Depth,CRN,UCurcT7T1Eyz9VO6ntt-uZLw,310.0,200.0,George Kurtz interview 2023,George Kurtz,kurtz,CRWD,5.2
_8enKSvUkHo,George Kurtz | Chief Executive Officer | CrowdStrike,VirtuPort,UCbS0KwAP94_WFi3zC-WQjsA,1059.0,151.0,George Kurtz CNBC 2021,George Kurtz,kurtz,CRWD,17.6
m25FeVEiY1w,"Security Talk with Jim Alkove, Trust Officer at Salesforce, & George Kurtz, President of CrowdStrike",IT Visionaries,UCuqDOYEMl3lVR_DIoQp6g3w,2383.0,116.0,George Kurtz interview 2019,George Kurtz,kurtz,CRWD,39.7
rljEBcJdo74,"Phoenix Housing Market, Scottsdale Quarter’s $645M Sale and George Kurtz’s Billion-Dollar Moves",Neighborhood Ventures,UCbglON5k8i-bRS6fSsSno_A,925.0,111.0,George Kurtz interview 2025,George Kurtz,kurtz,CRWD,15.4
infSVIQqC9w,George Kurtz Discusses Le Mans LMP2 Pro-Am Win & Splitting Time as a Driver and CEO of CrowdStrike,FrontstretchPlus,UCJhr9MQ3jng-t6o96Mq5L4Q,268.0,75.0,George Kurtz interview 2025,George Kurtz,kurtz,CRWD,4.5
SIu1QBv2YfM,Opening Day Excitement: George Kurtz's Best Bets & Picks,"SportsGrid: Sports Betting Data, Analysis & Picks",UCcFyRRhBfIEd3hZyUmdHkSw,555.0,29.0,George Kurtz interview 2026,George Kurtz,kurtz,CRWD,9.2
WCPkt-O7aQY,Logic vs Emotion in Marketing: Brian Kurtz Breaks it Down,George Torok,UC1Rd_TmBGP34Mvzg0lo1ZpA,2838.0,18.0,George Kurtz interview 2026,George Kurtz,kurtz,CRWD,47.3
r4LWluIjyf4,CS George2 0Doc Rough 4clean,Robert J Page,UCMLBVnbCXDew4DHYOkxsvaw,325.0,14.0,George Kurtz interview 2019,George Kurtz,kurtz,CRWD,5.4
bZq8DDJjH8E,Logic vs Emotion in Marketing: Brian Kurtz Breaks it Down,George Torok,UC1Rd_TmBGP34Mvzg0lo1ZpA,2838.0,9.0,George Kurtz interview 2026,George Kurtz,kurtz,CRWD,47.3
kNIB5BaSVU8,"24 Brian Kurtz, Serial Direct Marketer & Original Gangster",George Torok,UC1Rd_TmBGP34Mvzg0lo1ZpA,2838.0,3.0,George Kurtz interview 2024,George Kurtz,kurtz,CRWD,47.3
FPQVVssbl0M,Preacher Lawson | My Name Is Preacher (Full Comedy Special),800 Pound Gorilla Media,UCJ9hfZ2sU7jFT9isA2rN58Q,3676.0,333644.0,Jeff Lawson full interview 2024,Jeff Lawson,lawson,TWLO,61.3
Cy9MF4ISbcU,"Jeff Lawson, Co-founder and CEO of Twilio",Goldman Sachs,UCyz6-taovlaOkPsPtK4KNEg,1672.0,279394.0,Jeff Lawson full interview 2018,Jeff Lawson,lawson,TWLO,27.9
VCmlaeRVmdc,Jeff Bridges Has A Photo Of His Wife Turning Him Down | Where Everybody Knows Your Name,Team Coco,UCi7GJNg51C3jgmYTUwqoUXA,3948.0,198643.0,Jeff Lawson full interview 2024,Jeff Lawson,lawson,TWLO,65.8
ZOpKZJd3diY,David Brooks and Mark Shields with Jeff Greenfield,"The 92nd Street Y, New York",UC9xkc8dWgBsFfC7DOJfJLFg,4509.0,71662.0,Jeff Lawson full interview 2016,Jeff Lawson,lawson,TWLO,75.2
kthdH1CInWI,Chicago Holiday Vlog: Lawson’s First Christmas | Jeff and Jordan TV,Jeff and Jordan TV,UCXOmlgVh1FEp9GP6TsI492A,942.0,39167.0,Jeff Lawson full interview 2017,Jeff Lawson,lawson,TWLO,15.7
h6KtHq2-6F0,"Twilio: The Inside Story with Jeff Lawson, CEO/Co-Founder",SaaStr AI,UCwOILzAcxK5CM2M7oRBuWSg,2152.0,37174.0,Jeff Lawson interview 2016,Jeff Lawson,lawson,TWLO,35.9
0CKI8Jah-Po,Articulating Company Values & Living Them Authentically: Jeff Lawson,First Round Capital,UC_oji6l_-xwhmZqCxRGuAXw,1975.0,36564.0,Jeff Lawson CNBC 2018,Jeff Lawson,lawson,TWLO,32.9
2Q86UjKU4uI,"E967 Twilio CEO Jeff Lawson grew Twilio to $1Bn run rate, learning from Bezos, focus on customers",This Week in Startups,UCkkhmBWfS7pILYIk0izkc3A,3618.0,34354.0,Jeff Lawson CNBC 2017,Jeff Lawson,lawson,TWLO,60.3
7fTSViQ0K0U,"Twilio CEO Jeff Lawson: the next $60B, Engage, Segment acquisition + Who really uses Oculus? | E1308",This Week in Startups,UCkkhmBWfS7pILYIk0izkc3A,5928.0,31329.0,Jeff Lawson interview 2021,Jeff Lawson,lawson,TWLO,98.8
3gjhHBILda8,"Making Markets EP42: Twilio CEO Jeff Lawson on Customer Engagement, Macro Economy, & the Signal Conf",Making Markets Podcast,UCF4eNBxbb1BMPfxAipwrL7w,1084.0,23737.0,Jeff Lawson interview 2022,Jeff Lawson,lawson,TWLO,18.1
jOZSuH1kwOU,Jordan’s Testosterone Update Took a Wild Turn | Jeff and Jordan TV,Jeff and Jordan TV,UCXOmlgVh1FEp9GP6TsI492A,2393.0,17320.0,Jeff Lawson full interview 2023,Jeff Lawson,lawson,TWLO,39.9
oS5X_C7X5Pk,The Tooth Fairy Caused a Family Meltdown | Jeff and Jordan TV,Jeff and Jordan TV,UCXOmlgVh1FEp9GP6TsI492A,2716.0,15871.0,Jeff Lawson interview 2024,Jeff Lawson,lawson,TWLO,45.3
szXqJ2IIk8U,The biggest mistake I ever made - Jeff Lawson,Collision Conference,UC6MiQVyK_WaFlU5IvIT2b8A,1116.0,15849.0,Jeff Lawson interview 2016,Jeff Lawson,lawson,TWLO,18.6
xwXgMM_9tP4,"Lasers, Fishing Chaos & Gender Reveal Regrets | Jeff and Jordan TV",Jeff and Jordan TV,UCXOmlgVh1FEp9GP6TsI492A,2978.0,13736.0,Jeff Lawson interview 2024,Jeff Lawson,lawson,TWLO,49.6
oiHXqLxpOO4,Jeff Lawson - mixed martial arts,Henleys,UCYTNN5aZGixyZe-gJBBKsOg,181.0,13698.0,Jeff Lawson full interview 2019,Jeff Lawson,lawson,TWLO,3.0
N6_Bj5uCRs4,Full interview: Twilio CEO Jeff Lawson | Code Enterprise 2016,On with Kara Swisher,UCMDxbhGcsE7EnknxPEzC_Iw,1849.0,12622.0,Jeff Lawson interview 2016,Jeff Lawson,lawson,TWLO,30.8
BmS7uBZDO68,Twilio CEO Jeff Lawson sees direct correlation between economy and Twilio's performance,CNBC Television,UCrp_UI8XtuYfpiqluWLD7Lw,359.0,11364.0,Jeff Lawson CNBC 2023,Jeff Lawson,lawson,TWLO,6.0
HCwIhHO62Sk,Why Jeff Holland could be Auburn's next big pass rusher,Auburn Tigers on AL.com,UC2JSgw37hwXBA-4PVeVlwAg,221.0,11363.0,Jeff Lawson full interview 2016,Jeff Lawson,lawson,TWLO,3.7
fLSjai1Ng6k,Hemp & Medical Cannabis: Sky News w/ Gav Lawson (THTC) & Jeff Ditchfield,THTC Clothing Ltd,UCWwbyDClAJXxwTfoWmMEdMw,265.0,10979.0,Jeff Lawson interview 2018,Jeff Lawson,lawson,TWLO,4.4
GBsxl61qRB4,Good Things Are On The Way | Jeff and Jordan TV,Jeff and Jordan TV,UCXOmlgVh1FEp9GP6TsI492A,2326.0,9550.0,Jeff Lawson interview 2024,Jeff Lawson,lawson,TWLO,38.8
TtxxmZYdU9M,Jordan Got Chased Down at Target | Jeff and Jordan TV,Jeff and Jordan TV,UCXOmlgVh1FEp9GP6TsI492A,2052.0,8981.0,Jeff Lawson interview 2024,Jeff Lawson,lawson,TWLO,34.2
Szqz0lTI2eI,Don’t Listen To Us By Any Means | Jeff and Jordan TV,Jeff and Jordan TV,UCXOmlgVh1FEp9GP6TsI492A,2124.0,8342.0,Jeff Lawson interview 2024,Jeff Lawson,lawson,TWLO,35.4
U_eQK9UR8ao,The 7 Powers with Hamilton Helmer & Jeff Lawson,NFX,UC2ZCl6UC4FYlvsUEtK4ZaOg,2175.0,8196.0,Jeff Lawson interview 2018,Jeff Lawson,lawson,TWLO,36.2
F7ZV0aWdBMg,House Tour: Lawson and Claire Crouse,Utah Mammoth,UCT0uj5F-RnIAqkp0XLSMaqg,253.0,7737.0,Jeff Lawson full interview 2023,Jeff Lawson,lawson,TWLO,4.2
HJDeoKaSFpU,Training Camp Preview with DC Jeff Ulbrich | The Official Jets Podcast | The New York Jets | NFL,New York Jets,UCROj9vBjc4ZW3AL4cd_BjHg,2594.0,7203.0,Jeff Lawson full interview 2022,Jeff Lawson,lawson,TWLO,43.2
-Q0PmVN_o6g,Our Best Moments Before Episode 100 | Jeff and Jordan TV,Jeff and Jordan TV,UCXOmlgVh1FEp9GP6TsI492A,2193.0,6349.0,Jeff Lawson interview 2024,Jeff Lawson,lawson,TWLO,36.6
IEa5zSBLWuw,"Consumption is a big part, but not our entire business, says Twilio's Jeff Lawson",CNBC Television,UCrp_UI8XtuYfpiqluWLD7Lw,245.0,6043.0,Jeff Lawson CNBC 2022,Jeff Lawson,lawson,TWLO,4.1
bbZqt4Xhcvk,Interview: Paul Dano and Jeffrey Wright on playing Riddler and First Black Jim Gordon in The Batman,blackfilmandtv,UCKUqxpClWIlcPhh25CCGR0Q,284.0,5977.0,Jeff Lawson full interview 2022,Jeff Lawson,lawson,TWLO,4.7
qVQQFhj3F-Q,Twilio CEO Jeff Lawson: Connecting On The Cloud | Mad Money | CNBC,CNBC,UCvJJ_dzjViJCoLf5uKUTwoA,519.0,5732.0,Jeff Lawson interview 2016,Jeff Lawson,lawson,TWLO,8.6
r0ejZ_rFoGg,Jeff Lawson Talks About How AWS Powers Twilio,Amazon Web Services,UCd6MoB9NC6uYN2grvUNT-Zg,532.0,4969.0,Jeff Lawson interview 2016,Jeff Lawson,lawson,TWLO,8.9
-iXVBpw-y70,"Jeff Ashton, Lawson Lamar reflect on Casey Anthony case",Orlando Sentinel,UC-MCjIJ5Wo61YyzJjC7Mh7w,324.0,3959.0,Jeff Lawson interview 2018,Jeff Lawson,lawson,TWLO,5.4
jrOSbIVr38o,Enterprise Connect 2017 Keynote Twilio Jeff Lawson,Enterprise Connect,UC7ou-zv2lrVAc3dFUvdKErQ,1828.0,3640.0,Jeff Lawson interview 2016,Jeff Lawson,lawson,TWLO,30.5
K6RnvjJTbDc,Jeff Lawson pt1,Pete Holliday,UCm5BxvEAY_JICxipseq07gw,505.0,3503.0,Jeff Lawson interview 2016,Jeff Lawson,lawson,TWLO,8.4
41C3BE6Vi50,"How To Collaborate, Manage & Work With Developers With Jeff Lawson, CEO Twilio",SaaStr AI,UCwOILzAcxK5CM2M7oRBuWSg,3052.0,3175.0,Jeff Lawson interview 2016,Jeff Lawson,lawson,TWLO,50.9
hnd4PlypC_U,Life After IPO with Twilio's Jeff Lawson at Disrupt SF,TechCrunch,UCCjyq_K1Xwfg8Lndy7lKMpA,1363.0,3055.0,Jeff Lawson interview 2016,Jeff Lawson,lawson,TWLO,22.7
3aTTOg-W4t8,"Jeff Lawson on the Past, Present and Future of Programmable Communications",Tsahi Levent-Levi,UCaOjhiq53i5Y0QsfMuuKtEA,2266.0,2984.0,Jeff Lawson interview 2016,Jeff Lawson,lawson,TWLO,37.8
WMooyftmsJA,Amazon's Jeff Bezos Planning to SELL Washington Post to BUY Washington Commanders from Dan Snyder!,Black and White Sports,UC73b_bf7j4fgTnBNRTqKKTA,372.0,2943.0,Jeff Lawson Bloomberg interview 2023,Jeff Lawson,lawson,TWLO,6.2
RkOgvks35co,Deana Lawson and Tracy K. Smith: Artists On Writers | Writers On Artists,Artforum,UCNK2s6tK9WoFIoNizACVe0Q,3296.0,2755.0,Jeff Lawson full interview 2020,Jeff Lawson,lawson,TWLO,54.9
yPoPxSLqRsQ,#RollinWithRoland: One-On-One With Richard Lawson,Roland S. Martin,UCjXB7nX8bL2U2sje8d212Yw,4928.0,2437.0,Jeff Lawson full interview 2022,Jeff Lawson,lawson,TWLO,82.1
PGDBt5RTuUg,3 Tips for Devs from Ask Your Developer by Jeff Lawson,TwilioDevs,UCD3Gb1HmUfDUa11cLVIezkA,799.0,2431.0,Jeff Lawson interview 2021,Jeff Lawson,lawson,TWLO,13.3
vpICAfJqgrk,"JD SIMO TALKS GEAR, GUITARS with Jeff Lawson of Plastic Angels",PLASTIC ANGELS,UCX7K-WKlo3B-G_OqdmJ6G2w,474.0,2176.0,Jeff Lawson interview 2018,Jeff Lawson,lawson,TWLO,7.9
6OEmqCJ2wJk,Twilio's Jeff Lawson on Building Software with Superpowers,Greylock,UCZ7x7yDBbEFCGztD8BYvRhA,3597.0,2136.0,Jeff Lawson interview 2021,Jeff Lawson,lawson,TWLO,60.0
ZpkVdQ91ZFA,Rollin' With Roland Powered By Verizon: One-On-One With Richard Lawson,Roland S. Martin,UCjXB7nX8bL2U2sje8d212Yw,4938.0,1948.0,Jeff Lawson full interview 2022,Jeff Lawson,lawson,TWLO,82.3
c7-TDG9sqSI,Twilio CEO Jeff Lawson on social media companies policing content,CNBC Television,UCrp_UI8XtuYfpiqluWLD7Lw,196.0,1874.0,Jeff Lawson full interview 2018,Jeff Lawson,lawson,TWLO,3.3
FlsaF0xmoVg,Twilio CEO Lawson on Profit Growth and Connecting Voters,Bloomberg Tech,UCrM7B7SL_g1edFOnmj-SDKg,295.0,1859.0,Jeff Lawson interview 2017,Jeff Lawson,lawson,TWLO,4.9
eZbx0__-Now,The Batman: What Jayme Lawson Learned from Her Debut Film Farewell Amor,Collider Interviews,UC5KD40UCDRUbR-od7sp9cuA,1054.0,1848.0,Jeff Lawson full interview 2019,Jeff Lawson,lawson,TWLO,17.6
CKCrDYPLFUs,"""You Got To Get The QB Down"" | Carl Lawson Media Availability | The New York Jets | NFL",New York Jets,UCROj9vBjc4ZW3AL4cd_BjHg,233.0,1844.0,Jeff Lawson interview 2022,Jeff Lawson,lawson,TWLO,3.9
FFum7InalhE,Twilio Co-Founder Jeff Lawson on Leading Without a Net | Inc. Magazine,Inc.,UCC69dxCZQB9VURlHQ8wesPA,578.0,1766.0,Jeff Lawson interview 2016,Jeff Lawson,lawson,TWLO,9.6
ebGAw3gnyF4,"Twilio CEO Jeff Lawson on trade tensions, Uber's IPO and more",CNBC Television,UCrp_UI8XtuYfpiqluWLD7Lw,240.0,1384.0,Jeff Lawson full interview 2018,Jeff Lawson,lawson,TWLO,4.0
h0Z8RfEnMUE,"“From Seed to IPO” Jeff Lawson (CEO, Twilio)",Post Seed,UCL25miZzd6BDLPlfVa-CKMQ,3481.0,1265.0,Jeff Lawson interview 2016,Jeff Lawson,lawson,TWLO,58.0
7uoJjY5c-tU,"Engineering the Customer Experience - Jeff Lawson, Twilio",Traction,UCmifzReE4ECNjSW3wX4RZdg,1116.0,1249.0,Jeff Lawson interview 2016,Jeff Lawson,lawson,TWLO,18.6
lfyGeR48MUU,"Jeffrey Eugenides on ""Fresh Complaint"" at the 2017 Miami Book Fair",PBS Books,UCrDWWHCdTshVLNe6_xlArbA,856.0,1236.0,Jeff Lawson interview 2017,Jeff Lawson,lawson,TWLO,14.3
2h9GAnA4UoU,ross nicholls v jeff lawson uk premier bjj open bristol 2011,roger nicholls,UCyxFsSsWnlfPY7ArDQ-KhAA,461.0,1222.0,Jeff Lawson full interview 2016,Jeff Lawson,lawson,TWLO,7.7
ptDuWLMjD98,Twilio Investor Meeting with Jeff Lawson,Heller House,UC76uYRzmrqXI9OCdJh4rQPw,3652.0,1193.0,Jeff Lawson interview 2021,Jeff Lawson,lawson,TWLO,60.9
cACmA06obv0,"The Secrets of an Ultimate Fighter with MMA Fighter, Jeff Lawson #6",Off Script by Ty Temel,UCEz55N7fL2ccP0qWmiEMo5g,5882.0,1127.0,Jeff Lawson interview 2016,Jeff Lawson,lawson,TWLO,98.0
yYrkUsHyJWg,"Jeff Lawson on Ask Your Developer, with Pete Flint",NFX,UC2ZCl6UC4FYlvsUEtK4ZaOg,2871.0,1103.0,Jeff Lawson interview 2019,Jeff Lawson,lawson,TWLO,47.8
GRLXoK2Rmr8,"Jeff Lawson, Jeff Immelt, & Ben Stein on harnessing the power of software developers",Twilio,UCWh3G9LZmZ3q_xWOyPpn8ag,2293.0,974.0,Jeff Lawson interview 2017,Jeff Lawson,lawson,TWLO,38.2
pd0NWhCMDUc,Jeff Lawson - Solving Problems Instead Of Selling Solutions,Lightning Bugs: Conversations with Ben Folds,UC9ix6szTyjg3vmx1sIj-Vfw,3630.0,766.0,Jeff Lawson interview 2021,Jeff Lawson,lawson,TWLO,60.5
I1U-z30pj1Y,"Jeff Lawson wins ""Founder of the Year"" at the 10th Annual Crunchies",TechCrunch,UCCjyq_K1Xwfg8Lndy7lKMpA,454.0,720.0,Jeff Lawson interview 2016,Jeff Lawson,lawson,TWLO,7.6
lInTrM00dZw,Jeff Lawson - Co-Founder & CEO at Twilio - Part 1,web2Point0tv,UC7UmOGbgLawhVy6NaWmViJQ,504.0,639.0,Jeff Lawson interview 2019,Jeff Lawson,lawson,TWLO,8.4
wH9SVNgmsR4,Twilio's Jeff Lawson Looks Back,TechCrunch,UCCjyq_K1Xwfg8Lndy7lKMpA,1275.0,590.0,Jeff Lawson interview 2016,Jeff Lawson,lawson,TWLO,21.2
nh7abI5oMg4,"IPO secrets - Jeff Lawson, Sarah Friar & Miguel Helft at Web Summit 2016",Web Summit,UCJtkHqH4Qof97TSx7BzE5IQ,1219.0,493.0,Jeff Lawson interview 2016,Jeff Lawson,lawson,TWLO,20.3
ZAKn9qkYEwU,March 2021 NY Enterprise Tech Meetup with Jeff Lawson Co-Founder & CEO of Twilio,Work-Bench,UCj-Ihr72zeuQlKAUt7oo9SA,3145.0,464.0,Jeff Lawson interview 2016,Jeff Lawson,lawson,TWLO,52.4
kshxbc5jVXg,What I've learned from my career mistakes - Jeff Lawson,Web Summit,UCJtkHqH4Qof97TSx7BzE5IQ,1069.0,458.0,Jeff Lawson interview 2016,Jeff Lawson,lawson,TWLO,17.8
w5X-c1iq160,Episode 8 - Jeff Lawson @Mr_Ippon (Ippon Gym Bournemouth),Grappling with Physio Podcast,UCPxzyOfZCjbkmRbkjRC6qbQ,6357.0,452.0,Jeff Lawson interview 2018,Jeff Lawson,lawson,TWLO,106.0
3NkGZyjMCjw,Take the Lead: Jennifer Tejada & Jeff Lawson,PagerDuty Inc.,UCIL6fDywCheNp3rnf_v4R-g,298.0,440.0,Jeff Lawson interview 2020,Jeff Lawson,lawson,TWLO,5.0
94eOlBhy18Y,Jeff Lawson - Twilio,Ben Kepes,UCxNXAIl360J3xhTNmLRs0mA,254.0,428.0,Jeff Lawson interview 2017,Jeff Lawson,lawson,TWLO,4.2
2JANEYwOT14,Jeff Lawson (Twilio) + Byron Deeter (Bessemer) at Startup Grind Global 2021,Startup Grind,UCwB3HiWejAkml1UZ0Qo2bFg,2453.0,398.0,Jeff Lawson CNBC 2016,Jeff Lawson,lawson,TWLO,40.9
feUxU8P3OFc,[SV Startups 100] twilio Co-founder & CEO Jeff Lawson Interview,TECHBLITZ,UCP8piJe4HepJE9cCaSGYOmw,184.0,390.0,Jeff Lawson interview 2016,Jeff Lawson,lawson,TWLO,3.1
ZrzJDJztV40,"Data 2.0 Interview with Jeff Lawson, CEO of Twilio",startuplive,UCB3WdnO4esgc1ZVEcrLvsuQ,476.0,339.0,Jeff Lawson interview 2016,Jeff Lawson,lawson,TWLO,7.9
a3eX_T11xxc,Jeff Lawson of Twilio: The Ups and Downs of Being a Developer,Techco,UCS6b6F8he2wwUXZy8i5RwPA,258.0,338.0,Jeff Lawson interview 2017,Jeff Lawson,lawson,TWLO,4.3
PHsA9_wttWo,"#Twilio Digital acceleration moving from physical to digital, w/ Ashton Kutcher & Jeff Lawson $TWLO",Jeff M,UCWfuBZSi5orXlb1V_jfjy4g,2274.0,322.0,Jeff Lawson interview 2017,Jeff Lawson,lawson,TWLO,37.9
jxlDn4W3Mtw,How Jeff Lawson’s Communication Skills Fuel Twilio’s Success,Carmine Gallo TV,UCp3oIDNnlC53lIHTc7AK04Q,1803.0,317.0,Jeff Lawson interview 2021,Jeff Lawson,lawson,TWLO,30.0
uf7Gk8Mcrnw,On Location - Dr. Lawson,Armstrong Neighborhood Channel,UC9RYxQboNKlrlwbyDKFWe7Q,1656.0,261.0,Jeff Lawson interview 2024,Jeff Lawson,lawson,TWLO,27.6
SPLzGQDwPWI,"The magazine reimagined - Liam Casey, Jefferson Hack & Matt Garrahan",Web Summit,UCJtkHqH4Qof97TSx7BzE5IQ,1112.0,256.0,Jeff Lawson Bloomberg interview 2016,Jeff Lawson,lawson,TWLO,18.5
7hdqjmVNiRk,"My firstminute with Jeff Immelt (Former CEO & Chairman GE, Venture Partner NEA)",firstminute capital,UCCw3BmMox8EYU7arKPeI8fw,3187.0,187.0,Jeff Lawson Bloomberg interview 2017,Jeff Lawson,lawson,TWLO,53.1
Y-ghsCVkG6M,"Learn about leadership and managing stress with Jeff Lawson, CEO of Twilio",Fable: Books & TV,UCqI3TsDOJOa9wgz1XJ8sc-A,1211.0,176.0,Jeff Lawson interview 2017,Jeff Lawson,lawson,TWLO,20.2
wHC6JKkVAKQ,Jeff Lawson - Co-Founder & CEO at Twilio - Part 2,web2Point0tv,UC7UmOGbgLawhVy6NaWmViJQ,242.0,161.0,Jeff Lawson interview 2017,Jeff Lawson,lawson,TWLO,4.0
Fr1gN4JPO-I,Lawson Craddock Interview | 2022 Season,Pursuit of Performance,UCez2iwxQ5jQE7No34A-FAJw,2100.0,158.0,Jeff Lawson interview 2022,Jeff Lawson,lawson,TWLO,35.0
yzUG6Ta_8pg,07282011 Debt Ceiling Interview with Jeff Lawson,Congressman Palazzo,UCtPOy2vRbN2nD8dQPSOTXeA,207.0,147.0,Jeff Lawson interview 2017,Jeff Lawson,lawson,TWLO,3.4
vmA83d3T1v4,SIGNAL | Fireside Chat with Eric Ries & Jeff Lawson,Twilio,UCWh3G9LZmZ3q_xWOyPpn8ag,2119.0,134.0,Jeff Lawson interview 2016,Jeff Lawson,lawson,TWLO,35.3
p-M9VayfTI4,"Innovation Engines: Jeff Lawson, Twilio",VentureBeat,UCHFEou9pndBIAW5NA200TAQ,2372.0,123.0,Jeff Lawson interview 2019,Jeff Lawson,lawson,TWLO,39.5
bmLQjS5e3kk,"Digital Transformation, Diversity and Leadership Panel Discussion with Jeff Lawson, CEO of Twilio",Fable: Books & TV,UCqI3TsDOJOa9wgz1XJ8sc-A,3438.0,115.0,Jeff Lawson interview 2021,Jeff Lawson,lawson,TWLO,57.3
QQWgGTcidWs,Greg Lawson - Paranormal Detective,House of Mystery Radio Show on NBC!,UCeXBku5SWnkGDOXhHYWolqA,4448.0,89.0,Jeff Lawson interview 2022,Jeff Lawson,lawson,TWLO,74.1
2HXWVtcGjFw,"SAGE PARACON 2017 DEAD CREEPY INTERVIEW JEFF BELANGER, NIKKI FOLSOM, GREG LAWSON AND ROBERT MURCH",Claire Barrand,UCQHsoahvJdOx5LWImwTNVnQ,4888.0,78.0,Jeff Lawson interview 2017,Jeff Lawson,lawson,TWLO,81.5
2SZgruqLVGs,Jeff Lawson & Kevin Barenblat | Audacious Impact | Accelerate Good Global 2019,Fast Forward,UC11qFr1MZBJ4tzLV03Pznog,1642.0,75.0,Jeff Lawson interview 2016,Jeff Lawson,lawson,TWLO,27.4
eqOblnNBsj0,Equity and Anti-Racism - CEO Jeff Lawson Twilio x BRIDGEGOOD,BRIDGEGOOD,UCKldRUDNonJHOF-SWz_iK8A,707.0,73.0,Jeff Lawson full interview 2021,Jeff Lawson,lawson,TWLO,11.8
79HFvDAADqc,CEO Jeff Lawson on Starting Twilio & Getting to $1M in Revenue,This Week in Startups Clips,UCS7tJlcUA6PzVHEMo-X7ddg,235.0,70.0,Jeff Lawson interview 2016,Jeff Lawson,lawson,TWLO,3.9
gygBpGQNTYI,Collision 2015 - Enterprise Stage  - Jeff Lawson,Collision Conference,UC6MiQVyK_WaFlU5IvIT2b8A,1237.0,58.0,Jeff Lawson interview 2016,Jeff Lawson,lawson,TWLO,20.6
A3CayeyH9r4,Ask Your Developer: How to Harness the Power of… by Jeff Lawson · Audiobook preview,Google Play Books,UChDyzr6fXuIIQAELYjVqh7Q,1224.0,55.0,Jeff Lawson Bloomberg interview 2024,Jeff Lawson,lawson,TWLO,20.4
DDLCrHEx7ls,Jeff Lawson about software industry 1/2,Vantage Consulting Group,UCQlikc1hqwJ15Us6AzznRgw,682.0,54.0,Jeff Lawson interview 2016,Jeff Lawson,lawson,TWLO,11.4
nzcnN_HnEvA,Jeff Lawson slays sultans of swing,The Gorge Clothing Co,UC0-rLypUV0zTY2J4v-gdw6A,270.0,51.0,Jeff Lawson interview 2018,Jeff Lawson,lawson,TWLO,4.5
u1Su9PBAqvg,Twilio CEO Jeff Lawson on going fully REMOTE | This Week in Startups,This Week in Startups Clips,UCS7tJlcUA6PzVHEMo-X7ddg,410.0,46.0,Jeff Lawson interview 2021,Jeff Lawson,lawson,TWLO,6.8
jowo-2PVa_M,A conversation with Twilio’s Co-Founder & CEO | eToro webinar with Jeff Lawson,etoro US,UCDYq4n-irWp_nxMA9zE9dJA,2752.0,42.0,Jeff Lawson interview 2022,Jeff Lawson,lawson,TWLO,45.9
WummdFMGTHw,EHour | Jeff Schox | Full Talk,Center for Entrepreneurship,UCJ8GjIBM1m_6PYRuCSETz-g,2850.0,42.0,Jeff Lawson interview 2024,Jeff Lawson,lawson,TWLO,47.5
nP3uO4bGbnc,Twilio Inc  TWLO CEO Jeff Lawson on Q2 2020 Results,Daily Earnings Calls,UC2KSj189drlAWDWYiI8E2GA,4055.0,32.0,Jeff Lawson CNBC 2020,Jeff Lawson,lawson,TWLO,67.6
mD4aCT5m374,"Open Door with Vince Robinson - Jeff Lawson, Photographer",Vince Robinson,UCy31vECjJ-zdVpOZl4KAveQ,3610.0,27.0,Jeff Lawson interview 2023,Jeff Lawson,lawson,TWLO,60.2
hjN7EG9VhvY,Twilio Jeff Lawson's Cloudbased communication fuck Ryan and his one hold all mentally.,Eric Mandela Manga Neilson,UCjvdOUJUhy00UiVtuWzMOpg,568.0,26.0,Jeff Lawson interview 2016,Jeff Lawson,lawson,TWLO,9.5
hm8zTn_6d04,How to Talk to Customers & Get Good Feedback | Twilio CEO Jeff Lawson,This Week in Startups Clips,UCS7tJlcUA6PzVHEMo-X7ddg,395.0,23.0,Jeff Lawson CNBC 2020,Jeff Lawson,lawson,TWLO,6.6
OstisUT5MxY,Marc Benioff and Jeff Lawson have jumped into a fight over a rich San Francisco neighborhood's ef...,Jan van Beek,UCFRImmNWrs8spdZekt_TW0g,220.0,20.0,Jeff Lawson CNBC 2019,Jeff Lawson,lawson,TWLO,3.7
xQVpTGr4WYk,Laine Lawson Craft Interviews Jeff Davenport,Iron Stream Media,UCwthYIjFhnSJMkH2R9W3QBA,1464.0,10.0,Jeff Lawson full interview 2020,Jeff Lawson,lawson,TWLO,24.4
xdlyk6MSHws,The Hero Factor - Jeffrey Hayzett | Che Brown |Happy Entrepreneur Show,Che Brown,UCzGOThIy2z5KxPA2kI3hwVQ,3524.0,9.0,Jeff Lawson Bloomberg interview 2019,Jeff Lawson,lawson,TWLO,58.7
yQ6ZdCabofQ,Jeff Lawson of Twilio The Ups and Downs of Being a Developer536,Barbara Poplits,UCcu8MjD2eUDe1VYsPgh2qew,258.0,7.0,Jeff Lawson interview 2016,Jeff Lawson,lawson,TWLO,4.3
DNhlYc7nKPo,Real Insights: Conversation with Malcolm Lawson,Real Talk with Jeff Higgins,UCdsityVi2VnA3SvUYfu0EQg,2300.0,0.0,Jeff Lawson interview 2024,Jeff Lawson,lawson,TWLO,38.3
on40BNZHUr4,"Bill McDermott, CEO of SAP | The Brave Ones",CNBC International Live,UCF8HUTbUwPKh2Q-KpGOCVGw,1497.0,239777.0,Bill McDermott interview 2019,Bill McDermott,mcdermott,NOW,25.0
yr12KP1eDus,"Pat McAfee & Sean McDermott Talk The Bills 2020 Success, Josh Allen's Talent, & Bills Mafia",The Pat McAfee Show,UCxcTeAKWJca6XyJ37_ZoKIQ,1639.0,144288.0,Bill McDermott full interview 2020,Bill McDermott,mcdermott,NOW,27.3
1j_5UTKMDNg,Sean McDermott's favorite Josh Allen moment with the Bills & coaching future 🏈 | The Rich Eisen Show,ESPN,UCiWLfSweyRNmLpgEHekhoAg,908.0,124799.0,Bill McDermott full interview 2024,Bill McDermott,mcdermott,NOW,15.1
safrkd-jpJc,President Bill Clinton and Hillary Clinton on The David Rubenstein Show,David Rubenstein,UCqsN9MYiu1mKSAsYoF6ppTg,1446.0,93193.0,Bill McDermott Bloomberg interview 2023,Bill McDermott,mcdermott,NOW,24.1
Jkl033U2-OA,ACQ2: The Art of Selling Enterprise Software (with ServiceNow CEO Bill McDermott),Acquired,UCyFqFYfTW2VoIQKylJ04Rtw,3329.0,65931.0,Bill McDermott interview 2020,Bill McDermott,mcdermott,NOW,55.5
8ctR4dOUiUY,Sean McDermott on the Bills' head coach: I have all confidence in Joe Brady | The Rich Eisen Show,NFL on ESPN,UCiio0ydw439X13KyZgMIcHw,1357.0,59057.0,Bill McDermott full interview 2026,Bill McDermott,mcdermott,NOW,22.6
yztMEkLD-kU,ServiceNow CEO Bill McDermott goes one-on-one with Jim Cramer,CNBC Television,UCrp_UI8XtuYfpiqluWLD7Lw,600.0,55671.0,Bill McDermott interview 2026,Bill McDermott,mcdermott,NOW,10.0
VSQOElJEu-w,The David Rubenstein Show: Bill McDermott,David Rubenstein,UCqsN9MYiu1mKSAsYoF6ppTg,1447.0,51039.0,Bill McDermott Bloomberg interview 2020,Bill McDermott,mcdermott,NOW,24.1
PiZVZ5SJenw,SAP's Bill McDermott explains his decision to step down as CEO,CNBC Television,UCrp_UI8XtuYfpiqluWLD7Lw,360.0,42313.0,Bill McDermott interview 2019,Bill McDermott,mcdermott,NOW,6.0
oTx1aXS_KG4,Head Coach Sean McDermott Following 47-17 Win Over New England Patriots | Buffalo Bills,Buffalo Bills,UCcEvCxUe2Sm5W6MliEUv0vg,609.0,41682.0,Bill McDermott full interview 2022,Bill McDermott,mcdermott,NOW,10.2
G0FTeBb7l80,Zac Taylor reveals grim conversation with Sean McDermott after Damar Hamlin collapse |NY Post Sports,New York Post Sports,UCR7hOJFBzhEpgwBL_HJVteA,232.0,38594.0,Bill McDermott full interview 2023,Bill McDermott,mcdermott,NOW,3.9
2x_gx4xMROE,"Jerome Powell has done a pretty good job, says billionaire investor David Rubenstein",CNBC Television,UCrp_UI8XtuYfpiqluWLD7Lw,234.0,37913.0,Bill McDermott CNBC 2023,Bill McDermott,mcdermott,NOW,3.9
gJfzbTTBdVk,Making Markets EP37: ServiceNow CEO Bill McDermott—Tech is the way out of our economic challenges,Making Markets Podcast,UCF4eNBxbb1BMPfxAipwrL7w,1589.0,37696.0,Bill McDermott interview 2021,Bill McDermott,mcdermott,NOW,26.5
Iy0KaTmoz14,Jensen Huang and Bill McDermott at the ServiceNow Knowledge25 Keynote,NVIDIA,UCHuiy8bXnmK5nisYHUd1J5g,1154.0,34153.0,Bill McDermott interview 2025,Bill McDermott,mcdermott,NOW,19.2
gyMI0qgnBZg,From Salesman to CEO - Bill McDermott's Mindset for Winning,Gerhard Gschwandtner,UCA7C-unFy7m9XsTO4zEXhkw,287.0,28576.0,Bill McDermott interview 2019,Bill McDermott,mcdermott,NOW,4.8
szYB96QcO8s,From Selling to Managing with Bill McDermott CEO SAP,Gerhard Gschwandtner,UCA7C-unFy7m9XsTO4zEXhkw,318.0,26057.0,Bill McDermott interview 2020,Bill McDermott,mcdermott,NOW,5.3
BD-3DIUEVZM,Incoming ServiceNow CEO Bill McDermott on his plans for the company,CNBC Television,UCrp_UI8XtuYfpiqluWLD7Lw,588.0,24794.0,Bill McDermott interview 2019,Bill McDermott,mcdermott,NOW,9.8
CVEJtZqEzmU,ServiceNow CEO Bill McDermott goes one-on-one with Jim Cramer,CNBC Television,UCrp_UI8XtuYfpiqluWLD7Lw,604.0,22951.0,Bill McDermott interview 2025,Bill McDermott,mcdermott,NOW,10.1
zgbSTdoGvIY,Josh Allen and Sean McDermott's First Press Conference since Damar Hamlin's hit (Full),Conference City,UCAdxu47QxOsuqv9uZ_KxttQ,2224.0,22588.0,Bill McDermott full interview 2023,Bill McDermott,mcdermott,NOW,37.1
fbFEQeXlmLk,ServiceNow CEO Bill McDermott on buying cybersecurity startup Armis for $7.75 billion,CNBC Television,UCrp_UI8XtuYfpiqluWLD7Lw,211.0,20524.0,Bill McDermott interview 2025,Bill McDermott,mcdermott,NOW,3.5
C2UEIY8jTVE,"Distinguished Speakers Series - Bill McDermott, CEO, SAP",Duke University - The Fuqua School of Business,UCH5YH80cdUceo1gEeH0SgoA,3952.0,20097.0,Bill McDermott interview 2019,Bill McDermott,mcdermott,NOW,65.9
1jvWeR4YtNs,ServiceNow CEO Bill McDermott: 'Never Bet Against The United States of America' | Forbes,Forbes,UCmh7afBz-uWwOSSNTqUBAhg,874.0,18721.0,Bill McDermott interview 2020,Bill McDermott,mcdermott,NOW,14.6
bZUaFXo36FM,"Not a chance of a recession for IT spending this year, says ServiceNow's Bill McDermott",CNBC Television,UCrp_UI8XtuYfpiqluWLD7Lw,296.0,17069.0,Bill McDermott interview 2023,Bill McDermott,mcdermott,NOW,4.9
2Y_yfYGmxDE,"ServiceNow CEO Bill McDermott on A.I. integration, partnership with Nvidia and Accenture",CNBC Television,UCrp_UI8XtuYfpiqluWLD7Lw,410.0,16866.0,Bill McDermott CNBC 2020,Bill McDermott,mcdermott,NOW,6.8
JJ9qJSW9oGU,Bills' Sean McDermott confident in young core (FULL INTERVIEW) | Pro Football Talk | NBC Sports,NFL on NBC,UCXn8eue3paGXJyI5UDQIyWg,373.0,16602.0,Bill McDermott full interview 2020,Bill McDermott,mcdermott,NOW,6.2
Sp0C8xBoepM,ServiceNow CEO Bill McDermott: I'm expecting 2024 to be a big year for IT spend,CNBC Television,UCrp_UI8XtuYfpiqluWLD7Lw,194.0,16108.0,Bill McDermott interview 2023,Bill McDermott,mcdermott,NOW,3.2
X_mF1YFqn8s,ServiceNow CEO Bill McDermott on the coronavirus impact and emergency response apps,CNBC Television,UCrp_UI8XtuYfpiqluWLD7Lw,607.0,12036.0,Bill McDermott interview 2019,Bill McDermott,mcdermott,NOW,10.1
Ah0TEU6VCiQ,"Grit Podcast - Chairman & CEO ServiceNow, Bill McDermott",Kleiner Perkins,UCkNsANayKfsdXFXHpBm8LQg,4098.0,11403.0,Bill McDermott interview 2022,Bill McDermott,mcdermott,NOW,68.3
Nv1WjWasEU8,Sean McDermott: “Look Forward To The Challenge“ | Buffalo Bills,Buffalo Bills,UCcEvCxUe2Sm5W6MliEUv0vg,1042.0,11356.0,Bill McDermott full interview 2023,Bill McDermott,mcdermott,NOW,17.4
0wx2f1YcscI,"Sean McDermott Speaks On 2022 Rookie Mini Camp, Primetime Games & Jerry Hughes | Buffalo Bills",Buffalo Bills,UCcEvCxUe2Sm5W6MliEUv0vg,944.0,11174.0,Bill McDermott interview 2022,Bill McDermott,mcdermott,NOW,15.7
Ri0QwqK5uxw,ServiceNow CEO Bill McDermott says A.I. should be empowering people to do business,CNBC Television,UCrp_UI8XtuYfpiqluWLD7Lw,202.0,10503.0,Bill McDermott CNBC 2023,Bill McDermott,mcdermott,NOW,3.4
2oyVniLcaOo,"This is a once in a generation agreement, Bill McDermott says",Fox Business,UCCXoCcu9Rp7NPbTzIvogpZg,494.0,10177.0,Bill McDermott interview 2023,Bill McDermott,mcdermott,NOW,8.2
I4PwlMlLUbY,"Sean McDermott on 2022 Off-Season: ""Excitement Around The City"" | Buffalo Bills",Buffalo Bills,UCcEvCxUe2Sm5W6MliEUv0vg,1428.0,9668.0,Bill McDermott interview 2022,Bill McDermott,mcdermott,NOW,23.8
dCke680AEBc,Sean McDermott: “I Hope To Provide Better Clarity For All” | Buffalo Bills,Buffalo Bills,UCcEvCxUe2Sm5W6MliEUv0vg,535.0,9204.0,Bill McDermott full interview 2022,Bill McDermott,mcdermott,NOW,8.9
mLaWU84lQAc,ServiceNow CEO Bill McDermott on earnings and company outlook,CNBC Television,UCrp_UI8XtuYfpiqluWLD7Lw,237.0,9162.0,Bill McDermott CNBC 2020,Bill McDermott,mcdermott,NOW,4.0
POYGrih4aek,The ‘Rockstar CEO’ Who Won’t Quit | ServiceNow Chairman & CEO Bill McDermott,Kleiner Perkins,UCkNsANayKfsdXFXHpBm8LQg,4188.0,9069.0,Bill McDermott interview 2023,Bill McDermott,mcdermott,NOW,69.8
RYEXtyzkt38,ServiceNow CEO Bill McDermott on cloud computing outlook,CNBC Television,UCrp_UI8XtuYfpiqluWLD7Lw,301.0,9049.0,Bill McDermott interview 2020,Bill McDermott,mcdermott,NOW,5.0
9LMba6ke0fc,"Sean McDermott | ""This is an Exciting Time to be a Buffalo Bill.""",Buffalo Bills,UCcEvCxUe2Sm5W6MliEUv0vg,983.0,8977.0,Bill McDermott full interview 2020,Bill McDermott,mcdermott,NOW,16.4
eZCWfNQ790c,"Qualtrics Is Jewel in the Crown for SAP, CEO McDermott Says",Bloomberg Television,UCIALMKvObZNtJ6AmdCLP7Lg,418.0,8707.0,Bill McDermott Bloomberg interview 2019,Bill McDermott,mcdermott,NOW,7.0
tWQDRhcwR5E,Breaking Down The Draft Under Beane & McDermott | Bills by the Numbers Ep. 61 | Buffalo Bills,Buffalo Bills,UCcEvCxUe2Sm5W6MliEUv0vg,2642.0,8461.0,Bill McDermott full interview 2023,Bill McDermott,mcdermott,NOW,44.0
HhuqhTRS19A,"Sean McDermott: ""An Opportunity For Guys To Step Up"" | Buffalo Bills",Buffalo Bills,UCcEvCxUe2Sm5W6MliEUv0vg,751.0,8337.0,Bill McDermott interview 2022,Bill McDermott,mcdermott,NOW,12.5
lmoqA4bU4y0,Watch CNBC's full interview with ServiceNow CEO Bill McDermott,CNBC Television,UCrp_UI8XtuYfpiqluWLD7Lw,307.0,8100.0,Bill McDermott interview 2025,Bill McDermott,mcdermott,NOW,5.1
lCHc3AfF4Lg,Silicon Slopes Tech Summit 2019:SAP CEO Bill McDermott & Qualtrics CEO Ryan Smith,Silicon Slopes,UC8aEtQ1KJrWhJ3C2JnzXysw,2273.0,7512.0,Bill McDermott interview 2019,Bill McDermott,mcdermott,NOW,37.9
imZiUpBqXUI,The Inside View with Bill McDermott,protocol,UCVFv7chhp9o_YoEyeY1nHTA,1817.0,6429.0,Bill McDermott interview 2020,Bill McDermott,mcdermott,NOW,30.3
bJc9aFNcEaM,Keeping an Enterprise Behemoth on Course with Bill McDermott (SAP),TechCrunch,UCCjyq_K1Xwfg8Lndy7lKMpA,1427.0,6237.0,Bill McDermott interview 2019,Bill McDermott,mcdermott,NOW,23.8
LYudpr6eEAQ,There Will Be More Blood In The Oil Industry? McDermott International May File Bankruptcy This Week,WallStForMainSt,UC0iTb2U2nWkm5X3XRityENw,1592.0,6121.0,Bill McDermott Bloomberg interview 2019,Bill McDermott,mcdermott,NOW,26.5
fMufscZhaUs,Being a Leader People Talk About with Bill McDermott,HD in HD Podcast,UCMfS_4A_tGlAk5BVZXjUhFQ,4767.0,5967.0,Bill McDermott interview 2025,Bill McDermott,mcdermott,NOW,79.4
72SszJJtFzQ,Why ServiceNow Is Buying Cyber Startup Armis for $7.75 Billion,Bloomberg Television,UCIALMKvObZNtJ6AmdCLP7Lg,382.0,5878.0,Bill McDermott CNBC 2025,Bill McDermott,mcdermott,NOW,6.4
KIJdycH3d9o,Coupa CEO says there is a $50 billion addressable market in cloud expense management,CNBC Television,UCrp_UI8XtuYfpiqluWLD7Lw,413.0,5737.0,Bill McDermott CNBC 2019,Bill McDermott,mcdermott,NOW,6.9
vR0CLXcEVGs,"Executive Chat with Bill McDermott, CEO of SAP / LIVE",Bocconi University,UCdZISa8UNFbwhazbYy_uWvQ,1626.0,5631.0,Bill McDermott interview 2019,Bill McDermott,mcdermott,NOW,27.1
J1WC9ejC2IY,SAP CEO Bill McDermott discusses quarterly earnings results,CNBC Television,UCrp_UI8XtuYfpiqluWLD7Lw,471.0,5623.0,Bill McDermott CNBC 2019,Bill McDermott,mcdermott,NOW,7.8
WycsPv3qdsw,Bills Sean McDermott on CHANGES ahead for Buffalo and Josh Allen's season,Buffalo Plus,UCCS1NlZ4loA0HIAuvxLA8pQ,2792.0,5318.0,Bill McDermott full interview 2020,Bill McDermott,mcdermott,NOW,46.5
XDGrji099xs,A chat with SAP CEO Bill McDermott,British Columbia Institute of Technology,UCF9kBFLsaPgIOHbrnC8DnmA,3346.0,5141.0,Bill McDermott interview 2019,Bill McDermott,mcdermott,NOW,55.8
jn0VYIRdUE0,How Buffalo Bills Head Coach Sean McDermott Shares His Leadership Philosophies | The Roadmap,Buffalo Bills,UCcEvCxUe2Sm5W6MliEUv0vg,209.0,4939.0,Bill McDermott full interview 2023,Bill McDermott,mcdermott,NOW,3.5
MB_l3KB2wcs,ServiceNow CEO Bill McDermott talks earnings results and 2020 guidance,CNBC Television,UCrp_UI8XtuYfpiqluWLD7Lw,458.0,4930.0,Bill McDermott CNBC 2019,Bill McDermott,mcdermott,NOW,7.6
l8I0bZ4LWJk,Sean McDermott: “They Had Better Energy Than We Did Today” | Buffalo Bills,Buffalo Bills,UCcEvCxUe2Sm5W6MliEUv0vg,400.0,4907.0,Bill McDermott full interview 2023,Bill McDermott,mcdermott,NOW,6.7
ZQPTyiw8YJ4,Sean McDermott: “It’s All Part Of The Job” | Buffalo Bills,Buffalo Bills,UCcEvCxUe2Sm5W6MliEUv0vg,901.0,4901.0,Bill McDermott full interview 2023,Bill McDermott,mcdermott,NOW,15.0
UVyOSTavUs0,Bill McDermott's Lessons Learned as a Deli Owner,David Rubenstein,UCqsN9MYiu1mKSAsYoF6ppTg,254.0,3843.0,Bill McDermott interview 2023,Bill McDermott,mcdermott,NOW,4.2
GNeFiq5FDts,"Sean McDermott: ""It's About The Team"" | Buffalo Bills",Buffalo Bills,UCcEvCxUe2Sm5W6MliEUv0vg,737.0,3746.0,Bill McDermott full interview 2022,Bill McDermott,mcdermott,NOW,12.3
zcbRvTMasns,McDermott Plans to Stay Atop ServiceNow for Long-Term,David Rubenstein,UCqsN9MYiu1mKSAsYoF6ppTg,357.0,3725.0,Bill McDermott Bloomberg interview 2019,Bill McDermott,mcdermott,NOW,6.0
ddwNeu3PK_E,"Generative A.I. will improve productivity dramatically, says ServiceNow's Bill McDermott",CNBC International Live,UCF8HUTbUwPKh2Q-KpGOCVGw,194.0,3525.0,Bill McDermott interview 2023,Bill McDermott,mcdermott,NOW,3.2
aQqJPa-1D7w,"When you focus on fundamentals, the value creation happens, says Bill.com founder",CNBC Television,UCrp_UI8XtuYfpiqluWLD7Lw,335.0,3246.0,Bill McDermott CNBC 2022,Bill McDermott,mcdermott,NOW,5.6
6C9veieQ3HQ,Sean McDermott on Preparing for Patrick Mahomes and the Kansas City Chiefs | Buffalo Bills,Buffalo Bills,UCcEvCxUe2Sm5W6MliEUv0vg,769.0,3098.0,Bill McDermott full interview 2022,Bill McDermott,mcdermott,NOW,12.8
g1gpKgugII0,"Sean McDermott | ""Confident in Our Locker Room""",Buffalo Bills,UCcEvCxUe2Sm5W6MliEUv0vg,791.0,2993.0,Bill McDermott full interview 2019,Bill McDermott,mcdermott,NOW,13.2
pXJvKZQNgg8,"Bill McDermott, Co-CEO, SAP AG, at the TechAmerica Foundation Terman Awards",AeAVideos,UCBxVn2TbSpPvGXSmzu2xbeA,1047.0,2825.0,Bill McDermott Bloomberg interview 2019,Bill McDermott,mcdermott,NOW,17.4
sax0QG1E1M0,"China Is SAP's Second Home, CEO McDermott Says",Bloomberg Tech,UCrM7B7SL_g1edFOnmj-SDKg,402.0,2738.0,Bill McDermott Bloomberg interview 2019,Bill McDermott,mcdermott,NOW,6.7
BOghSlX_v0E,SIERRA CXO Summit: Blueprint for Enterprise Leadership with Bill McDermott of ServiceNow,SIERRA Ventures,UCiEfVOAEr2KpF7kGxFd0dYA,4255.0,2594.0,Bill McDermott interview 2026,Bill McDermott,mcdermott,NOW,70.9
Xd0dLxeDLE8,"SAP is in good shape, former CEO Bill McDermott says",CNBC International Live,UCF8HUTbUwPKh2Q-KpGOCVGw,355.0,2432.0,Bill McDermott interview 2019,Bill McDermott,mcdermott,NOW,5.9
st034zQcIeI,Buffalo Bills Head Coach Sean McDermott talks to the media following Sunday's win,WGRZ-TV,UCarpqAWmTDGkYyJj5syhAxA,1158.0,2409.0,Bill McDermott interview 2024,Bill McDermott,mcdermott,NOW,19.3
u5KPtU4DiJI,Exclusive Q&A with Bill McDermott: SAP and Qualtrics’ $1.6-Trillion Opportunity,Cloud Wars Media,UCjN6p-IdHaYoKJpGlbHbYQg,720.0,2110.0,Bill McDermott interview 2019,Bill McDermott,mcdermott,NOW,12.0
t-uCZI1bMEY,"Fireside Chat with Bill McDermott, ServiceNow and Carmine Di Sibio, EY",The Montgomery Summit,UCK3U_tXVE4wslgM6KDyUv8Q,1865.0,1911.0,Bill McDermott interview 2019,Bill McDermott,mcdermott,NOW,31.1
OySRal5PqTg,"CEO of SAP, Bill McDermott, delivers 32nd Annual Business 100 Keynote speech",Irish America,UCEqxkvEd8XC3NST_pm6FQLA,1530.0,1846.0,Bill McDermott interview 2019,Bill McDermott,mcdermott,NOW,25.5
H5C4dvDOPhY,SAP co-CEOs on taking over the reins from Bill McDermott,CNBC International Live,UCF8HUTbUwPKh2Q-KpGOCVGw,199.0,1683.0,Bill McDermott interview 2019,Bill McDermott,mcdermott,NOW,3.3
Q5-LsPm9DPg,CEO-to-CEO Fireside Chat with Okta’s Todd McKinnon and ServiceNow’s Bill McDermott,Okta,UC8uqguTIYs5qW9uaziSnZ0Q,1410.0,1538.0,Bill McDermott interview 2019,Bill McDermott,mcdermott,NOW,23.5
dcSuai62rto,"Bill McDermott, Co-CEO, Executive Board Member, SAP AG on Cloud Computing at Tuck",Center for Digital Strategies,UCjT-LshuBMr0-X3Kx-FhhnA,1304.0,1466.0,Bill McDermott interview 2019,Bill McDermott,mcdermott,NOW,21.7
Waf91FzQsas,How a Leader Creates Value: The Story of Bill McDermott,Gerhard Gschwandtner,UCA7C-unFy7m9XsTO4zEXhkw,343.0,1354.0,Bill McDermott interview 2019,Bill McDermott,mcdermott,NOW,5.7
o1B1fCz18Ys,Technology and Global Growth: A Conversation with Bill McDermott,Council on Foreign Relations,UCL_A4jkwvKuMyToAPy3FQKQ,3524.0,1349.0,Bill McDermott interview 2025,Bill McDermott,mcdermott,NOW,58.7
zER4a8ljyIk,NFL Buffalo Bills Coach Sean McDermott '98 | William & Mary Alumni,William & Mary,UCWowVAyo3Rll32I5S4Wf2YA,787.0,1323.0,Bill McDermott interview 2024,Bill McDermott,mcdermott,NOW,13.1
wPSeqKqFoqE,ServiceNow CEO Bill McDermott Talks Q1 Earnings | Bloomberg Talks,Bloomberg Podcasts,UChF5O40UBqAc82I7-i5ig6A,421.0,1190.0,Bill McDermott Bloomberg interview 2020,Bill McDermott,mcdermott,NOW,7.0
TumNn2w3mTU,Data: The Gene of Intelligent Governments - Bill McDermott - WGS 2018,World Governments Summit,UCW4lQ2ZZh9EaVNpVtA6hX1Q,957.0,1013.0,Bill McDermott interview 2019,Bill McDermott,mcdermott,NOW,16.0
JH-1oEOMWc8,"SAP: McDermott steps down, major integration challenges lie ahead",SiliconANGLE theCUBE,UCu3Ri8DI1RQLdVtU12uIp1Q,927.0,998.0,Bill McDermott interview 2021,Bill McDermott,mcdermott,NOW,15.4
LfJTAFpKY8k,Coupa CEO: $50 Billion Addressable Market | Mad Money | CNBC,CNBC Television,UCrp_UI8XtuYfpiqluWLD7Lw,384.0,770.0,Bill McDermott CNBC 2019,Bill McDermott,mcdermott,NOW,6.4
mo0mrdpnI4w,Episode 210: ServiceNow CEO Bill McDermott’s Mission to Make Work Work Better,New York Stock Exchange,UCG2B6emunc-8ACAChpHv0qQ,3561.0,757.0,Bill McDermott interview 2019,Bill McDermott,mcdermott,NOW,59.4
-9tX3CYzHco,Future Proof: @Work Livestream with ServiceNow's Bill McDermott,CNBC Events,UCqwreS1wKG2l_K2ESOtIlyA,1415.0,751.0,Bill McDermott interview 2019,Bill McDermott,mcdermott,NOW,23.6
4yelMKbDhY0,Bill's Head Coach Sean McDermott Addresses the Media,WGRZ-TV,UCarpqAWmTDGkYyJj5syhAxA,1443.0,729.0,Bill McDermott interview 2024,Bill McDermott,mcdermott,NOW,24.0
XSWBKWeZZAk,Part Two - Buffalo Bills Head Coaches from Marv to McDermott,Cover 1,UClL6eJS1s8xmRoYRQbYgxQQ,3385.0,707.0,Bill McDermott full interview 2023,Bill McDermott,mcdermott,NOW,56.4
K-HGEH8r6x8,"SAP's Snabe, McDermott Discuss Strategy, Innovation",Bloomberg Originals,UCUMZ7gohGI9HcU9VNsr2FJQ,542.0,673.0,Bill McDermott Bloomberg interview 2019,Bill McDermott,mcdermott,NOW,9.0
nNzhBFZb2qg,How Bill McDermott Runs SAP Americas,Selling Power,UCgMDZHnKV5psV66F_GokAvg,2077.0,660.0,Bill McDermott interview 2020,Bill McDermott,mcdermott,NOW,34.6
_1DLDh3GL3c,SAP's Co-CEO Bill McDermott Discusses Sybase Aquistion on Bloomberg,softwaresherpa,UC6BsL56kdxNny2xISYYAheg,475.0,500.0,Bill McDermott Bloomberg interview 2020,Bill McDermott,mcdermott,NOW,7.9
3oBm_IeIOE8,Fairfield University Dolan Lecture - Bill McDermott,Fairfield University,UCqfvg-IOd_G4tn1aUYtQL1g,4976.0,488.0,Bill McDermott interview 2021,Bill McDermott,mcdermott,NOW,82.9
lg--okCOEUs,"Interview with MAC Hermann winners, St. Louis SC HC Bradley Carnell, Bill McDermott & More | SOTU",Alexi Lalas' State of the Union Podcast,UCLXifjci8ShJnWMJXHCCwTQ,6404.0,454.0,Bill McDermott interview 2024,Bill McDermott,mcdermott,NOW,106.7
ANM6wWDsAC4,Bill McDermott Leadership Insights,Gerhard Gschwandtner,UCA7C-unFy7m9XsTO4zEXhkw,244.0,432.0,Bill McDermott interview 2020,Bill McDermott,mcdermott,NOW,4.1
EJakn_ex-vQ,"Sales 3.0 Fireside Chat with Bill McDermott, CEO, SAP",Sales 3.0 Conference,UCr_UnnaH-pOWCzYFiQ1CjSQ,540.0,373.0,Bill McDermott full interview 2019,Bill McDermott,mcdermott,NOW,9.0
wGPA8VI7cB4,KeenON: SAP's Bill McDermott Brings Startup Mentality to the Corner Office,Techonomy Media,UCVw9HEiXfQHev6sntJyJzyA,566.0,355.0,Bill McDermott interview 2019,Bill McDermott,mcdermott,NOW,9.4
WDYXBDSYM4o,Planning and Property Development with Town Planning Expert Co-Founder Jon McDermott,Mountbatten Estates -  Property Development UK,UCXXNWtWfs6T9c5kCMJX7WcA,2888.0,315.0,Bill McDermott Bloomberg interview 2022,Bill McDermott,mcdermott,NOW,48.1
mJk7eX9hjFE,Bill McDermott: Jefferson Gala 2016 Award of Merit,Jefferson Advancement,UCFNSPpyN_EFsrCuo_wWppFg,202.0,290.0,Bill McDermott Bloomberg interview 2021,Bill McDermott,mcdermott,NOW,3.4
vr9w0G_tCJk,The Neo Show: Special Edition #1 - Bill McDermott with Mark Fernandes,Norton Neo,UC9q6leNptSjtXpzD9xUMosA,3889.0,289.0,Bill McDermott interview 2025,Bill McDermott,mcdermott,NOW,64.8
MU0L2fLbVSo,Bills head coach Sean McDermott reflects on the 2020 season and looks ahead,"WKBW TV | Buffalo, NY",UCfbPQcdF5an7ui8bwwry1Cw,2805.0,286.0,Bill McDermott full interview 2020,Bill McDermott,mcdermott,NOW,46.8
fQz_REid2Rg,ServiceNow CEO Bill McDermott Talks Digital Workflows | Bloomberg Talks,Bloomberg Podcasts,UChF5O40UBqAc82I7-i5ig6A,1396.0,265.0,Bill McDermott interview 2023,Bill McDermott,mcdermott,NOW,23.3
kLmMsCfaZRU,From Cornerstore Deli to CEO of SAP: A Chat with Bill McDermott,eMerge Americas,UCZ7VIzcUGyWNiF3Y7ZCb1yg,2015.0,237.0,Bill McDermott full interview 2020,Bill McDermott,mcdermott,NOW,33.6
zH4NkXNOKZQ,McDermott Says SAP Has `Great' Position in Brazil,Bloomberg Originals,UCUMZ7gohGI9HcU9VNsr2FJQ,367.0,200.0,Bill McDermott interview 2023,Bill McDermott,mcdermott,NOW,6.1
slzvDKZWySE,Bill McDermott on what to expect from CITY SC this season,KSDK News,UCVHTypjbrXH-maZaIkwweJA,205.0,197.0,Bill McDermott interview 2025,Bill McDermott,mcdermott,NOW,3.4
K_jAI_c1zKc,SAP's McDermott Sees Growth From Hana Technology,Bloomberg Originals,UCUMZ7gohGI9HcU9VNsr2FJQ,274.0,185.0,Bill McDermott Bloomberg interview 2022,Bill McDermott,mcdermott,NOW,4.6
ZeG8Ed_wXiU,"Bill McDermott - Co chief Executive Officer, SAP",Boston College Chief Executives Club,UCATRijYwVcyrHc6HpD0-GGg,2772.0,162.0,Bill McDermott interview 2019,Bill McDermott,mcdermott,NOW,46.2
SdQpDQl4QbU,"Cloud Wars Minute: ServiceNow CEO Bill McDermott Playing Dangerous Game (August 16, 2021)",Cloud Wars Media,UCjN6p-IdHaYoKJpGlbHbYQg,199.0,161.0,Bill McDermott interview 2021,Bill McDermott,mcdermott,NOW,3.3
DyAsjbcEEWs,"ServiceNow, Inc  NOW CEO Bill McDermott on Q4 2019 Results",Daily Earnings Calls,UC2KSj189drlAWDWYiI8E2GA,6160.0,159.0,Bill McDermott CNBC 2019,Bill McDermott,mcdermott,NOW,102.7
UMSESl0pBU0,"Sapphire - Bill McDermott:  ""C4HANA market is bigger than ERP market""",Mehrab Ebadi,UCba7ehZ3ORiTaMrPLlvoOeg,275.0,142.0,Bill McDermott interview 2026,Bill McDermott,mcdermott,NOW,4.6
BrGm0RCKkz8,"[Global] ""WINNERS DREAM"" BILL McDERMOTT - from CEO of SAP to CEO of ServiceNow #844",よしかん,UCP_hsWBG6i6YFH32FSJQL4Q,1566.0,108.0,Bill McDermott interview 2025,Bill McDermott,mcdermott,NOW,26.1
dxQoz7OYh84,Interview: SAP CEO Bill McDermott and Qualtrics CEO Ryan Smith,Judy Khan Shaw,UCXhZlHSTa8fEFLOclNnZ1VA,190.0,107.0,Bill McDermott interview 2020,Bill McDermott,mcdermott,NOW,3.2
R4DjePhrzoo,Jensen Huang and Bill McDermott at the ServiceNow Knowledge25 Keynote,AI INSIGHT,UCheK1wWF-iWSrh0o4uOMq5Q,769.0,98.0,Bill McDermott interview 2024,Bill McDermott,mcdermott,NOW,12.8
1yY-0Cz41TM,"Cloud Wars Minute: Bill McDermott Bets on Hyperautomation for ServiceNow (Nov. 12, 2021)",Cloud Wars Media,UCjN6p-IdHaYoKJpGlbHbYQg,192.0,96.0,Bill McDermott full interview 2021,Bill McDermott,mcdermott,NOW,3.2
AkUtYsv1ZVQ,Bill McDermott prioritizes Black Lives Matter,Gerhard Gschwandtner,UCA7C-unFy7m9XsTO4zEXhkw,218.0,67.0,Bill McDermott interview 2020,Bill McDermott,mcdermott,NOW,3.6
yI0nn3HWYbQ,"McDermott ""BEST SHAPE EVER"" - ServiceNOW Down 43%? 🔥 The Setup Nobody Sees Coming | NOW Analysis",Oracle of AI,UCzSXdC-9XBsZ5eeoPDkpHjw,527.0,62.0,Bill McDermott interview 2022,Bill McDermott,mcdermott,NOW,8.8
LIqP9NwSUGg,McDermott Says Businesses Need Innovation Incentives,Bloomberg Originals,UCUMZ7gohGI9HcU9VNsr2FJQ,351.0,54.0,Bill McDermott interview 2019,Bill McDermott,mcdermott,NOW,5.8
DtD5H6aQADs,"[Global] ""WINNERS DREAM"" BILL McDERMOTT - from CEO of SAP to CEO of ServiceNow #848",よしかん,UCP_hsWBG6i6YFH32FSJQL4Q,1638.0,46.0,Bill McDermott interview 2025,Bill McDermott,mcdermott,NOW,27.3
hYud9EKO5t4,SLU in Six Interview with Bill McDermott,Jasmine Brown,UCxOsoxcuGIgE8F8yatHKqjA,347.0,44.0,Bill McDermott interview 2026,Bill McDermott,mcdermott,NOW,5.8
F3-fHMVUeq8,Bill McDermott and Career Paths Unedited,Career Paths,UCB3zJiu_Fc42rILz4wm_3lQ,1744.0,14.0,Bill McDermott interview 2021,Bill McDermott,mcdermott,NOW,29.1
Vo2N6yQyFYU,"How to Improve Earnings to Maximize Business Value, with Bill McDermott, The Profitability Coach",Defenders of Business Value Podcast,UC4BNHuUqBFhTWrZABsNmE9Q,3345.0,10.0,Bill McDermott interview 2023,Bill McDermott,mcdermott,NOW,55.8
UHsdTzh7rLE,"ProfitSense with Bill McDermott, Episode 13: Cory Lee, Martin Concrete Construction, Nathan Johns,",Business RadioX,UCUg9SkEqCSeUkFs64EQKwrg,2246.0,9.0,Bill McDermott CNBC 2020,Bill McDermott,mcdermott,NOW,37.4
U3nbc6A5kMA,The Financial Side of a Professional Services Firm: An Interview with Profitability Coach Bill McDe,Business RadioX,UCUg9SkEqCSeUkFs64EQKwrg,2560.0,6.0,Bill McDermott interview 2022,Bill McDermott,mcdermott,NOW,42.7
E9OIHdodp3c,"Decision Vision Episode 103: Should My Company Borrow Money? – An Interview with Bill McDermott, Th",Business RadioX,UCUg9SkEqCSeUkFs64EQKwrg,3019.0,4.0,Bill McDermott full interview 2021,Bill McDermott,mcdermott,NOW,50.3
-DwVOh02hms,"Bill McDermott, McDermott Financial Solutions",Business RadioX,UCUg9SkEqCSeUkFs64EQKwrg,1878.0,3.0,Bill McDermott full interview 2019,Bill McDermott,mcdermott,NOW,31.3
a9DzNEHfNWY,"Shantanu Maheshwari & Shruti Sinha's Campus Beats Success, Gangubai Talks & Aloo Tikki & Puchka Day!",Farah Khan,UChCYMXLO_SfiNwOc2rlNKCA,1512.0,1222673.0,Shantanu Narayen interview 2026,Shantanu Narayen,narayen,ADBE,25.2
bWuFe-pM13I,The Moment with Ryan Patel: Featuring Adobe CEO Shantanu Narayen | HP,HP,UCqcEzOKaA4nc0gISklN0Ryw,401.0,647604.0,Shantanu Narayen interview 2021,Shantanu Narayen,narayen,ADBE,6.7
cJz0cEdTv5E,"Shantanu Narayen, Chairman and CEO of Adobe: People, Technology, and Creative Inspiration",Stanford Graduate School of Business,UCGwuxdEeCf0TIA2RbPOj-8g,3137.0,136974.0,Shantanu Narayen interview 2023,Shantanu Narayen,narayen,ADBE,52.3
gS71Iqt8_5Y,How Shantanu Narayen Became The Most Approved CEO In The World,Logically Answered,UCZRoNJu1OszFqABP8AuJIuw,654.0,68880.0,Shantanu Narayen CNBC 2021,Shantanu Narayen,narayen,ADBE,10.9
5b6pZ4Ja6qk,"Fireside Chat: Adobe CEO Shantanu Narayen with Shri Nara Lokesh, IT Minister, AP",USISPF,UCxh57hZMuTzIH83ui3y-Jrg,1163.0,61093.0,Shantanu Narayen interview 2025,Shantanu Narayen,narayen,ADBE,19.4
8VueqAzXo1M,Adobe CEO Shantanu Narayen breaks down $20 billion Figma acquisition,CNBC Television,UCrp_UI8XtuYfpiqluWLD7Lw,239.0,28525.0,Shantanu Narayen CNBC 2022,Shantanu Narayen,narayen,ADBE,4.0
NVvYjtmPMqY,Adobe CEO Shantanu Narayen: The bears have it all wrong on software,CNBC Television,UCrp_UI8XtuYfpiqluWLD7Lw,279.0,28066.0,Shantanu Narayen interview 2025,Shantanu Narayen,narayen,ADBE,4.6
k8S7UCN4cBk,"Stock weakness more about software sector overhang, says Adobe CEO Shantanu Narayen",CNBC Television,UCrp_UI8XtuYfpiqluWLD7Lw,290.0,20817.0,Shantanu Narayen Bloomberg interview 2016,Shantanu Narayen,narayen,ADBE,4.8
GZlrlkXftJs,Adobe CEO Shantanu Narayen: Firefly adoption in Photoshop and Illustrator 'pretty good',CNBC Television,UCrp_UI8XtuYfpiqluWLD7Lw,325.0,19050.0,Shantanu Narayen interview 2024,Shantanu Narayen,narayen,ADBE,5.4
QbGk9C5GuDU,Adobe CEO Shantanu Narayen goes one-on-one with Jim Cramer,CNBC Television,UCrp_UI8XtuYfpiqluWLD7Lw,548.0,15834.0,Shantanu Narayen CNBC 2023,Shantanu Narayen,narayen,ADBE,9.1
ZYfHLwwlyP0,"Microsoft Ignite: Satya Nadella, Bill McDermott, And Shantanu Narayen",CNBC,UCvJJ_dzjViJCoLf5uKUTwoA,842.0,15685.0,Shantanu Narayen Bloomberg interview 2016,Shantanu Narayen,narayen,ADBE,14.0
Ey0q5CmIV1E,Shantanu Narayen - CEO of Adobe  | Podcast | In Good Company | Norges Bank Investment Management,Norges Bank Investment Management,UCRhQsN8AVIfZuBNeRV1A37w,3026.0,14853.0,Shantanu Narayen interview 2024,Shantanu Narayen,narayen,ADBE,50.4
AkV45Zhz4eo,KTR LIVE : TIE Global Summit 2022 Inauguration | Adobe Chairman and CEO Shantanu Narayen | V6,V6 News Telugu,UCDCMjD1XIAsCZsYHNMGVcog,6395.0,13973.0,Shantanu Narayen interview 2022,Shantanu Narayen,narayen,ADBE,106.6
Eudi3f9lEVQ,Shantanu Narayen CEO Adobe talked Satya Nadella  CEO Microsoft about building product I YEFORUM,Yeforum,UC3fyXGrA8IldsWDnVQKvR4w,253.0,12488.0,Shantanu Narayen interview 2019,Shantanu Narayen,narayen,ADBE,4.2
TA_Iy1YZi-U,"CNBC's full interview with Adobe CEO Shantanu Narayen on earnings, coronavirus",CNBC Television,UCrp_UI8XtuYfpiqluWLD7Lw,731.0,11702.0,Shantanu Narayen interview 2016,Shantanu Narayen,narayen,ADBE,12.2
Uh3pFteCNl0,Adobe CEO Shantanu Narayen: Breadth Of Portfolio And Innovation Led To Our Success | CNBC,CNBC,UCvJJ_dzjViJCoLf5uKUTwoA,538.0,11484.0,Shantanu Narayen interview 2017,Shantanu Narayen,narayen,ADBE,9.0
Bu4XDh5HFEw,Adobe CEO Shantanu Narayen on generative A.I. partnership with Google's Bard,CNBC Television,UCrp_UI8XtuYfpiqluWLD7Lw,390.0,11174.0,Shantanu Narayen CNBC 2018,Shantanu Narayen,narayen,ADBE,6.5
IVMPVvpyrts,"Narayen Departure Puts Adobe Investors in Limbo, Analyst Luria Says",Bloomberg Television,UCIALMKvObZNtJ6AmdCLP7Lg,290.0,9247.0,Shantanu Narayen Bloomberg interview 2016,Shantanu Narayen,narayen,ADBE,4.8
z091ANUH4Fw,Four simple truths (I learned the hard way): Shantanu Narayen at TEDxGunnHighSchool,TEDx Talks,UCsT0YIqwnpJCM-mx7-gSA4Q,806.0,8459.0,Shantanu Narayen interview 2019,Shantanu Narayen,narayen,ADBE,13.4
Jw6A6cQ4Y6g,"Shantanu Narayen, CEO of Adobe, Gives the Berkeley-Haas MBA Commencement Address",UC Berkeley Haas,UC4D2Z98caYHaSisrVog8aLA,736.0,7651.0,Shantanu Narayen interview 2016,Shantanu Narayen,narayen,ADBE,12.3
SEKxiiE88ss,"Watch CNBC's full interview with Microsoft's Nadella, Adobe's Narayen and SAP's McDermott",CNBC Television,UCrp_UI8XtuYfpiqluWLD7Lw,855.0,7545.0,Shantanu Narayen interview 2017,Shantanu Narayen,narayen,ADBE,14.2
t3K67YIXFEs,Adobe CEO Shantanu Narayen says Firefly A.I. is a 'creative co-pilot' for Photoshop users,CNBC Television,UCrp_UI8XtuYfpiqluWLD7Lw,307.0,7527.0,Shantanu Narayen CNBC 2021,Shantanu Narayen,narayen,ADBE,5.1
HZJQ49h2h-s,"How Adobe Reinvented Itself: Shantanu Narayen on Digital Transformation, Innovation, and Growth",Center for Digital Transformation | CDT,UCckoaFSSk-8wrOC9aPIC9Zw,1694.0,7366.0,Shantanu Narayen interview 2017,Shantanu Narayen,narayen,ADBE,28.2
DSicPPB3yrA,"2024 was a great year, strong close to Q4, says Adobe CEO Shantanu Narayen",CNBC Television,UCrp_UI8XtuYfpiqluWLD7Lw,252.0,6707.0,Shantanu Narayen CNBC 2024,Shantanu Narayen,narayen,ADBE,4.2
0vSmAYS1TPc,"In Conversation With Adobe's Shantanu Narayen On Digital, India Plans, Metaverse | Global Dialogues",CNBC-TV18,UCmRbHAgG2k2vDUvb3xsEunQ,2025.0,5665.0,Shantanu Narayen interview 2018,Shantanu Narayen,narayen,ADBE,33.8
tvZ6vKKGPRY,Adobe CEO Shantanu Narayen: We are a content company at our core,CNBC Television,UCrp_UI8XtuYfpiqluWLD7Lw,456.0,5633.0,Shantanu Narayen interview 2016,Shantanu Narayen,narayen,ADBE,7.6
85Hpl1j7Gzk,Adobe CEO Shantanu Narayen: 'We had a very strong Q3 across all aspects of the business',CNBC Television,UCrp_UI8XtuYfpiqluWLD7Lw,213.0,5187.0,Shantanu Narayen CNBC 2024,Shantanu Narayen,narayen,ADBE,3.6
XuRnrXNGpmk,Adobe CEO Shantanu Narayen To Step Down After 18 Years At The Helm | CNBC TV18,CNBC-TV18,UCmRbHAgG2k2vDUvb3xsEunQ,200.0,5065.0,Shantanu Narayen interview 2026,Shantanu Narayen,narayen,ADBE,3.3
TLubyaTbRbs,Adobe CEO Shantanu Narayen on online spending trends during the Covid-19 pandemic,CNBC Television,UCrp_UI8XtuYfpiqluWLD7Lw,340.0,4939.0,Shantanu Narayen CNBC 2019,Shantanu Narayen,narayen,ADBE,5.7
TCFv4-dUMkU,Watch Adobe’s CEO Shantanu Narayen Reveal Metaverse Vision! (Adobe Summit),CNET Highlights,UCmKtn_HvpfbTu3QV4lhJIMw,460.0,4873.0,Shantanu Narayen interview 2019,Shantanu Narayen,narayen,ADBE,7.7
k44TLLWOhqA,Adobe CEO Shantanu Narayen: We've seen resilience in both consumers and SMB continue through Q3,CNBC Television,UCrp_UI8XtuYfpiqluWLD7Lw,256.0,4636.0,Shantanu Narayen interview 2023,Shantanu Narayen,narayen,ADBE,4.3
C0BTYF6XVWw,"Web 2.0 Summit 09:  Shantanu Narayen and John Battelle, ""A C",O'Reilly,UC3BGlwmI-Vk6PWyMt15dKGw,1704.0,4577.0,Shantanu Narayen interview 2022,Shantanu Narayen,narayen,ADBE,28.4
KERNN8BBWWk,"Adobe Chairman Shantanu Narayen on his interaction with PM Modi in Washington, USA | PMO",PMO India,UCDS9hpqUEXsXUIcf0qDcBIA,209.0,4573.0,Shantanu Narayen interview 2020,Shantanu Narayen,narayen,ADBE,3.5
r2opk4QVV-w,Watch CNBC's full interview with Adobe CEO Shantanu Narayen,CNBC Television,UCrp_UI8XtuYfpiqluWLD7Lw,568.0,4500.0,Shantanu Narayen interview 2017,Shantanu Narayen,narayen,ADBE,9.5
onzpHRErKfQ,Adobe CEO Shantanu Narayen is the 'Global Indian of the Year' | ET Awards 2018,The Economic Times,UCJFOER35ggIWwsXh2ZDnqyg,272.0,4429.0,Shantanu Narayen interview 2018,Shantanu Narayen,narayen,ADBE,4.5
II6_mHkHBiM,CEO Shantanu Narayen On The Software Major's Road Ahead | The Adobe Exclusive | Young Turks,CNBC-TV18,UCmRbHAgG2k2vDUvb3xsEunQ,2219.0,3921.0,Shantanu Narayen CNBC 2024,Shantanu Narayen,narayen,ADBE,37.0
2fLW2Gaw2Fg,Adobe CEO Shantanu Narayen on FedEx partnership and data privacy,CNBC Television,UCrp_UI8XtuYfpiqluWLD7Lw,377.0,3751.0,Shantanu Narayen interview 2020,Shantanu Narayen,narayen,ADBE,6.3
otnu3xYiFQE,Shantanu Narayen Interview,Center for Digital Transformation | CDT,UCckoaFSSk-8wrOC9aPIC9Zw,288.0,3525.0,Shantanu Narayen interview 2018,Shantanu Narayen,narayen,ADBE,4.8
0-4w_VBenCs,"Adobe's Shantanu Narayen On The Rise Of Indian Origin CEOs, India As A Product Nation & More",CNBC-TV18,UCmRbHAgG2k2vDUvb3xsEunQ,531.0,3013.0,Shantanu Narayen interview 2021,Shantanu Narayen,narayen,ADBE,8.8
WCGbaaw_Wso,Adobe CEO Shantanu Narayen: We're looking to build this company for the long run,CNBC Television,UCrp_UI8XtuYfpiqluWLD7Lw,323.0,2927.0,Shantanu Narayen interview 2020,Shantanu Narayen,narayen,ADBE,5.4
wG3I0so96M4,"Dean's Speaker Series - Shantanu Narayen, Chairman, President & CEO, Adobe",UC Berkeley Haas,UC4D2Z98caYHaSisrVog8aLA,3164.0,2897.0,Shantanu Narayen interview 2018,Shantanu Narayen,narayen,ADBE,52.7
B3cV4SZhjDY,"Adobe CEO Shantanu Narayen On The Software Major's Stellar Q2, Road Ahead & More",CNBC-TV18,UCmRbHAgG2k2vDUvb3xsEunQ,2219.0,2774.0,Shantanu Narayen interview 2024,Shantanu Narayen,narayen,ADBE,37.0
WhWm9FW_mDo,🔥How Shantanu Narayen Save ADOBE with he's GENIUS BUSINESS STRATEGIES | Business Case Study on ADOBE,Rushikesh Thombare,UCqr6YemXcj3nzWpCn7gIOXg,692.0,2223.0,Shantanu Narayen interview 2022,Shantanu Narayen,narayen,ADBE,11.5
U23MHUMPeFg,Adobe CEO Shantanu Narayen says range of services is fueling software company's growth,CNBC Television,UCrp_UI8XtuYfpiqluWLD7Lw,466.0,2054.0,Shantanu Narayen CNBC 2018,Shantanu Narayen,narayen,ADBE,7.8
HuQTYsCpzFU,John Kosner (ESPN) & Shantanu Narayen (Adobe) Speak at Brainstorm Tech 2013 | Fortune,Fortune Magazine,UCP2gdh7HfjgCoi8lO50dA5w,1980.0,1945.0,Shantanu Narayen full interview 2018,Shantanu Narayen,narayen,ADBE,33.0
mgW3rstLNGE,Shantanu Narayen at Silicon Slopes Tech Summit 2018,Silicon Slopes,UC8aEtQ1KJrWhJ3C2JnzXysw,1622.0,1932.0,Shantanu Narayen interview 2017,Shantanu Narayen,narayen,ADBE,27.0
m43usQm_X44,Shantanu Narayen of Adobe Part-1,K B,UCg24IW2af8JjGE-DCbkPG0g,296.0,1930.0,Shantanu Narayen interview 2017,Shantanu Narayen,narayen,ADBE,4.9
N4xqDdi7nvU,Adobe CEO Shantanu Narayen speaks on a shifting digital landscape amid the coronavirus pandemic,Yahoo Finance,UCEAZeUIeJs0IjQiqTCdVSIg,1195.0,1715.0,Shantanu Narayen interview 2016,Shantanu Narayen,narayen,ADBE,19.9
ocYb-PHe1bs,Abode के CEO Shantanu Narayen से मिले PM Modi,TV9 Bharatvarsh,UCOutOIcn_oho8pyVN3Ng-Pg,245.0,1612.0,Shantanu Narayen interview 2025,Shantanu Narayen,narayen,ADBE,4.1
ZTUWtzVhNf4,What makes Adobe CEO an Inspiring Leader? Shantanu Narayen,Inspirational Ideas,UCAdNB3_kWkpGLs0aPnM0Yvw,444.0,1450.0,Shantanu Narayen interview 2016,Shantanu Narayen,narayen,ADBE,7.4
__SzxBg7Awc,Watch CNBC's exclusive interview with Adobe CEO Shantanu Narayen,CNBC Television,UCrp_UI8XtuYfpiqluWLD7Lw,380.0,1447.0,Shantanu Narayen interview 2018,Shantanu Narayen,narayen,ADBE,6.3
KyP5L9zmeaE,Henkel CEO Carsten Knobel meets Adobe CEO Shantanu Narayen,Henkel,UC0gj4mRVtPLkeDKZ-1olBfw,208.0,1387.0,Shantanu Narayen interview 2019,Shantanu Narayen,narayen,ADBE,3.5
RsSdvcPNCZM,A.I. Allows Creation Of Personalised Solutions For The Users: Adobe CEO Shantanu Narayen Exclusive,CNBC-TV18,UCmRbHAgG2k2vDUvb3xsEunQ,885.0,1274.0,Shantanu Narayen interview 2024,Shantanu Narayen,narayen,ADBE,14.8
hFfoYbF-4M0,India Road Show I.t. Cos - Part 1 - Shantanu Narayen Interview,CNBC-TV18,UCmRbHAgG2k2vDUvb3xsEunQ,974.0,1157.0,Shantanu Narayen interview 2017,Shantanu Narayen,narayen,ADBE,16.2
mGBKqvXxGW0,"Adobe CEO Shantanu Narayen Speaks On Digital, India Plans & Metaverse | Global Dialogues | EXCLUSIVE",CNBC-TV18,UCmRbHAgG2k2vDUvb3xsEunQ,1478.0,998.0,Shantanu Narayen interview 2018,Shantanu Narayen,narayen,ADBE,24.6
4eC9o51iQ3I,Bold decisions come with practice: Shantanu Narayen,Market Today,UC2ozzcjJsD0Q1DglEytSZrQ,194.0,980.0,Shantanu Narayen interview 2017,Shantanu Narayen,narayen,ADBE,3.2
K0i79KZE7GA,Presidential Lecture Series | Shantanu Narayen,Purdue University News,UCYJYWnU0VYbWjTpfIN6poxg,3615.0,966.0,Shantanu Narayen interview 2026,Shantanu Narayen,narayen,ADBE,60.2
da8xrGPNIik,"Interview with Shantanu Narayen, CEO of Adobe Systems",Liz Kim,UCAHboq2zDYcA7fYNtXI0VBg,483.0,933.0,Shantanu Narayen interview 2018,Shantanu Narayen,narayen,ADBE,8.0
Thqy0JcxGuA,"'DIGITAL MARKETING IS THE NEW GROWTH DRIVER', SAYS SHANTANU NARAYEN, CEO OF ADOBE SYSTEMS",CNBC-TV18,UCmRbHAgG2k2vDUvb3xsEunQ,494.0,869.0,Shantanu Narayen interview 2016,Shantanu Narayen,narayen,ADBE,8.2
MUHIe0Q34-c,"Microsoft Ignite '25 Keynote | Shantanu Narayen, CEO & Chairman, Adobe",Techusiness,UCVKMg00hQUIQcWix1MrelnQ,396.0,803.0,Shantanu Narayen interview 2025,Shantanu Narayen,narayen,ADBE,6.6
NuaO55fpiWg,Adobe CEO Shantanu Narayen on company's quarterly earnings beat,CNBC Television,UCrp_UI8XtuYfpiqluWLD7Lw,205.0,795.0,Shantanu Narayen CNBC 2018,Shantanu Narayen,narayen,ADBE,3.4
jfU3DCH2gT4,Shereen Bhan In Conversation With Chairman & CEO Of Adobe Shantanu Narayen | Global Dialogues,CNBC-TV18,UCmRbHAgG2k2vDUvb3xsEunQ,1459.0,769.0,Shantanu Narayen interview 2016,Shantanu Narayen,narayen,ADBE,24.3
x5hj3yiruDc,"Adobe CEO Shantanu Narayen Speaks On Digital, India Plans, Metaverse & More | Global Dialogues",CNBC-TV18,UCmRbHAgG2k2vDUvb3xsEunQ,1478.0,751.0,Shantanu Narayen interview 2020,Shantanu Narayen,narayen,ADBE,24.6
-CZQpqjDZqQ,Experts On Inflation; Shantanu Narayen Exclusive; CBI Raids Delhi DY CM Sisodia|India Business Hour,CNBC-TV18,UCmRbHAgG2k2vDUvb3xsEunQ,1459.0,713.0,Shantanu Narayen interview 2020,Shantanu Narayen,narayen,ADBE,24.3
F5mDoS6z4AM,LIVE | Adobe CEO Shantanu Narayen & Microsoft President Brad Smith at B20 Summit India EXCLUSIVE,CNBC-TV18,UCmRbHAgG2k2vDUvb3xsEunQ,1666.0,687.0,Shantanu Narayen interview 2023,Shantanu Narayen,narayen,ADBE,27.8
Y5uNSIN0OiU,"Too soon to rush into regulating Artificial Intelligence: Shantanu Narayen, CEO of Adobe Systems",The Economic Times,UCJFOER35ggIWwsXh2ZDnqyg,1048.0,664.0,Shantanu Narayen CNBC 2017,Shantanu Narayen,narayen,ADBE,17.5
R0bdSxJVKYE,Adobe CEO Shantanu Narayen  Praised Congress Schemes Free Bus And  Crop Loan Waiver | V6 News,V6 News Telugu,UCDCMjD1XIAsCZsYHNMGVcog,724.0,660.0,Shantanu Narayen interview 2025,Shantanu Narayen,narayen,ADBE,12.1
Qkt_2GQwl-I,"Shantanu Narayen, CEO Of Adobe On CNBC-TV18",CNBC-TV18,UCmRbHAgG2k2vDUvb3xsEunQ,645.0,617.0,Shantanu Narayen interview 2018,Shantanu Narayen,narayen,ADBE,10.8
bdGZ4Lk7De4,Shantanu Narayen: The Man Who Changed The Face Of Design,TRANSFIN.,UC4FbH2shCwodaNyOwB9OLlw,182.0,595.0,Shantanu Narayen interview 2017,Shantanu Narayen,narayen,ADBE,3.0
KWosp_dJfsY,Shantanu Narayen Q&A at Adobe Summit 2019,Babar Khan Javed,UCQLL4mMnocTpMXyCFssKlAg,2070.0,550.0,Shantanu Narayen interview 2016,Shantanu Narayen,narayen,ADBE,34.5
4lTY0hmMXv4,"Adobe's Shantanu Narayen On Market Uncertainty, India Plans, The Rise Of Indian CEOs & More",CNBC-TV18,UCmRbHAgG2k2vDUvb3xsEunQ,1475.0,542.0,Shantanu Narayen interview 2025,Shantanu Narayen,narayen,ADBE,24.6
WlN8Tdy5DVs,Excl: Adobe CEO Shantanu Narayen In Conversation With Shereen Bhan,CNBC-TV18,UCmRbHAgG2k2vDUvb3xsEunQ,238.0,539.0,Shantanu Narayen interview 2016,Shantanu Narayen,narayen,ADBE,4.0
bR4DJCy35E8,Deal Street Traffic Hits $4 BN; Adobe's Shantanu Narayen On Metaverse & More | India Business Hour,CNBC-TV18,UCmRbHAgG2k2vDUvb3xsEunQ,1241.0,525.0,Shantanu Narayen interview 2022,Shantanu Narayen,narayen,ADBE,20.7
vb46oIG6LVc,"SECNAV Guest Lecture - Shantanu Narayen, Chairman/CEO of Adobe (full)",Naval Postgraduate School,UCuqoJ4VErJjUq3ZlM5jiK2g,3100.0,523.0,Shantanu Narayen full interview 2017,Shantanu Narayen,narayen,ADBE,51.7
A-DbatkSixU,Trendspotting With Shantanu Narayen (Part 1),CNBC-TV18,UCmRbHAgG2k2vDUvb3xsEunQ,915.0,517.0,Shantanu Narayen interview 2017,Shantanu Narayen,narayen,ADBE,15.2
AoTwt6_1tR0,Adobe CEO Shantanu Narayen: 'India Is A Key Innovation Hub With A Strong Talent Base' | Business,ET Now,UCI_mwTKUhicNzFrhm33MzBQ,240.0,421.0,Shantanu Narayen interview 2025,Shantanu Narayen,narayen,ADBE,4.0
Bj7GKSwYc18,Pat Gelsinger and Shantanu Narayen at the 11th SIEPR Economic Summit,SIEPR (Old),UC7rLqsHs_f59wSaw7QxIoRw,3611.0,405.0,Shantanu Narayen interview 2017,Shantanu Narayen,narayen,ADBE,60.2
KT3kV7ZTO9I,"Adobe CEO Shantanu Narayen Speaks On Adobe's Tryst With India, Metaverse & More | EXCLUSIVE",CNBC-TV18,UCmRbHAgG2k2vDUvb3xsEunQ,926.0,404.0,Shantanu Narayen CNBC 2018,Shantanu Narayen,narayen,ADBE,15.4
0eUrN9U5vdU,Adobe Summit London May 2018 | EMEA | 3–4 MAY | Shantanu Narayen Intro to Event,josephgourvenec,UCBLFYcw3heZUK6rr87jAg-Q,718.0,376.0,Shantanu Narayen CNBC 2016,Shantanu Narayen,narayen,ADBE,12.0
4SDSRUee4zI,"Shantanu Narayen, Adobe CEO, gives Keynote Address at TiEcon 2016","Sanjay B Dalal, oGoing",UC62XyHSSDvqOXTH_O4VkkUg,302.0,367.0,Shantanu Narayen interview 2016,Shantanu Narayen,narayen,ADBE,5.0
OdgifsJnv5Y,Adobe Summit Shantanu Narayen and Brad Rencher,Michael Goldstein,UClxBMvJsuqIqPqnlblMn-jQ,210.0,358.0,Shantanu Narayen interview 2016,Shantanu Narayen,narayen,ADBE,3.5
84iL9_L6ljw,Grand Keynote  Shantanu Narayen,TiE Silicon Valley,UCLeYWqLI7beX1HCSl4ub9Qw,2481.0,358.0,Shantanu Narayen full interview 2016,Shantanu Narayen,narayen,ADBE,41.4
PvXSNQqHhRc,"Adobe - ""Shantanu & Jeremy"" (All Things Digital '11)",MEDIAWORKSVIDEOS,UCrYimVm6BRFmB7dNvrssNig,196.0,279.0,Shantanu Narayen interview 2016,Shantanu Narayen,narayen,ADBE,3.3
KLVtB0eEV2Q,"어도비 피그마 200억달러 인수합병, 어도비 CEO 인터뷰 [한영자막] | Adobe CEO Shantanu Narayen on $20 billion Figma M&A",필모티브 FILMotive,UC3yDIKp72QrLiiNbDaFjCJA,249.0,279.0,Shantanu Narayen interview 2022,Shantanu Narayen,narayen,ADBE,4.2
GmQCaL4r_gY,The Experience Business Era - Grand Keynote  Shantanu Narayen,TiE Silicon Valley,UCLeYWqLI7beX1HCSl4ub9Qw,2481.0,242.0,Shantanu Narayen interview 2016,Shantanu Narayen,narayen,ADBE,41.4
k9i_EdV5cQA,Meet The Most Liked CEO In The World | Shantanu Narayen,Logikal,UCWE3NDLWJ5n9Sn00ZuXZaLw,672.0,217.0,Shantanu Narayen interview 2022,Shantanu Narayen,narayen,ADBE,11.2
TuBgMe5ZopM,Adobe Systems CEO Shantanu Narayen Q&A | TiE Global Summit | N Business,NTV Business,UCmdqWGMx9sK6TjtHdaG193Q,1141.0,201.0,Shantanu Narayen full interview 2021,Shantanu Narayen,narayen,ADBE,19.0
O7tGC0XgsO0,"Interview with Shantanu Narayen, President & CEO, Adobe Systems Incorporated   YouTube",Barry Johnson,UCHntpucgd6wGLf6_V8DJ8tQ,324.0,159.0,Shantanu Narayen interview 2017,Shantanu Narayen,narayen,ADBE,5.4
8NdGFQYnRNU,Trendspotting With Shantanu Narayen (Part 2),CNBC-TV18,UCmRbHAgG2k2vDUvb3xsEunQ,519.0,137.0,Shantanu Narayen interview 2017,Shantanu Narayen,narayen,ADBE,8.6
AB7M2vi5b9M,How did an Indian become the CEO of Adobe ? | Success Story Of Shantanu Narayen,Tech Reviews,UCBLr3pC4jwWzTkpg2BFeTjA,312.0,51.0,Shantanu Narayen interview 2022,Shantanu Narayen,narayen,ADBE,5.2
1sDi5xvl0DI,"Shantanu Narayen, Chairman, President and CEO of Adobe said after meeting PM Modi | #modi",Times of Asia,UCz4aIlTFMvZUNzH7dQ4nzTQ,214.0,44.0,Shantanu Narayen interview 2020,Shantanu Narayen,narayen,ADBE,3.6
FRNQ7Rss4vI,PODCAST 🎙️ [Summary] 📊: Adobe CEO Shantanu Narayen | The Reinvention of Adobe?,Comprar Ações & Robôs de Investimento 📊🤖,UCefGkNcr-pxyfk--gYaS7DQ,377.0,23.0,Shantanu Narayen interview 2026,Shantanu Narayen,narayen,ADBE,6.3
ONl0BFN7Jo4,Adobe Inc  ADBE CEO Shantanu Narayen on Q3 2020 Results,Daily Earnings Calls,UC2KSj189drlAWDWYiI8E2GA,3965.0,21.0,Shantanu Narayen interview 2020,Shantanu Narayen,narayen,ADBE,66.1
xeWL1u9VzUk,"Why Starbucks Paid $100M For Chipotle’s CEO, Brian Niccol",Valuetainment,UCIHdDJ0tjn_3j-FS7s_X1kQ,456.0,114294.0,Brian Niccol interview 2024,Brian Niccol,niccol_cmg,CMG,7.6
PJRQZGmPjfE,"Brian Niccol, Chairman and CEO of Chipotle Mexican Grill",Goldman Sachs,UCyz6-taovlaOkPsPtK4KNEg,917.0,109434.0,Brian Niccol interview 2020,Brian Niccol,niccol_cmg,CMG,15.3
Um0UBfSOaU0,Starbucks replaces CEO Laxman Narasimhan with Chipotle CEO Brian Niccol,CNBC Television,UCrp_UI8XtuYfpiqluWLD7Lw,367.0,104295.0,Brian Niccol CNBC 2024,Brian Niccol,niccol_cmg,CMG,6.1
cDXNCuRJYnU,"'Back to Starbucks' Plan Is Working, Says CEO Niccol",Bloomberg Television,UCIALMKvObZNtJ6AmdCLP7Lg,716.0,79361.0,Brian Niccol Bloomberg interview 2018,Brian Niccol,niccol_cmg,CMG,11.9
4G2uBlsPAGA,Starbucks CEO Brian Niccol: Excited to get this turnaround going,CNBC Television,UCrp_UI8XtuYfpiqluWLD7Lw,320.0,51515.0,Brian Niccol Bloomberg interview 2018,Brian Niccol,niccol_cmg,CMG,5.3
Ua-pmaXM60Y,Starbucks New CEO Brian Niccol|ऑफिस जाने के लिए कौन रोज 1600Km की दूरी तय करेगें?,LokmatHindi,UCmqx3ukqhdbSJWJB_SdCbqA,259.0,36143.0,Brian Niccol interview 2023,Brian Niccol,niccol_cmg,CMG,4.3
PLki65is_3Q,Starbucks Chair Mellody Hobson on Chipotle CEO Niccol: He's a culture carrier and beloved leader,CNBC Television,UCrp_UI8XtuYfpiqluWLD7Lw,430.0,27378.0,Brian Niccol CNBC 2024,Brian Niccol,niccol_cmg,CMG,7.2
QBF0vYptckc,Chipotle's New CEO Brian Niccol On His Turnaround Plans And His Favorite Order | CNBC,CNBC,UCvJJ_dzjViJCoLf5uKUTwoA,654.0,22257.0,Brian Niccol interview 2018,Brian Niccol,niccol_cmg,CMG,10.9
Hx0Q3R8eLxU,Chipotle CEO Brian Niccol sits down with Jim Cramer,CNBC Television,UCrp_UI8XtuYfpiqluWLD7Lw,472.0,18977.0,Brian Niccol CNBC 2024,Brian Niccol,niccol_cmg,CMG,7.9
FwubSlGCcAk,Starbucks CEO Brian Niccol: We have a strong economic model despite challenges,CNBC Television,UCrp_UI8XtuYfpiqluWLD7Lw,232.0,15337.0,Brian Niccol interview 2024,Brian Niccol,niccol_cmg,CMG,3.9
0wpV7pl5z3U,Chipotle CEO Brian Niccol on what reopening will look like for the chain,ABC News,UCBi2mrWuNuyYy4gbM6fU18Q,272.0,10213.0,Brian Niccol interview 2020,Brian Niccol,niccol_cmg,CMG,4.5
akddi7tYIIs,Chipotle CEO Brian Niccol: Consumers continue to talk about tightening up,CNBC Television,UCrp_UI8XtuYfpiqluWLD7Lw,237.0,10013.0,Brian Niccol CNBC 2024,Brian Niccol,niccol_cmg,CMG,4.0
GAiBJIEt1x0,Starbucks CEO Brian Niccol: Most of the issues are very fixable and in our control,CNBC Television,UCrp_UI8XtuYfpiqluWLD7Lw,226.0,10006.0,Brian Niccol CNBC 2024,Brian Niccol,niccol_cmg,CMG,3.8
zA2dDbQy1UI,Starbucks names Brian Niccol new CEO: Here's what to expect,CNBC Television,UCrp_UI8XtuYfpiqluWLD7Lw,288.0,8249.0,Brian Niccol CNBC 2024,Brian Niccol,niccol_cmg,CMG,4.8
vHyKxOXJ0sQ,"Brian Niccol, '03, Chairman and CEO of Chipotle Mexican Grill - Distinguished Speaker Series",The University of Chicago Booth School of Business,UCtTl-3zAWIkEb-WmI9a8ITQ,3601.0,8014.0,Brian Niccol interview 2021,Brian Niccol,niccol_cmg,CMG,60.0
UAfcpmjyAFs,Chipotle CEO Brian Niccol goes one-on-one with Jim Cramer,CNBC Television,UCrp_UI8XtuYfpiqluWLD7Lw,504.0,6796.0,Brian Niccol interview 2024,Brian Niccol,niccol_cmg,CMG,8.4
3WW7DRpGc8A,"Starbucks' CEO Brian Niccol to Fly 1,600 Kilometres to Work Via Private Jet | Firstpost America",Firstpost,UCz8QaiQxApLq8sLNcszYyJw,489.0,6006.0,Brian Niccol interview 2024,Brian Niccol,niccol_cmg,CMG,8.2
zDruADxuIkQ,"Chipotle's Brian Niccol is 'the guy' to turn around Starbucks' premium brand, says Evercore's Palmer",CNBC Television,UCrp_UI8XtuYfpiqluWLD7Lw,231.0,5078.0,Brian Niccol CNBC 2024,Brian Niccol,niccol_cmg,CMG,3.8
7v3p9jHLtLs,Starbucks CEO Brian Niccol: We're evaluating strategic ways to grow in China,CNBC Television,UCrp_UI8XtuYfpiqluWLD7Lw,227.0,4651.0,Brian Niccol CNBC 2024,Brian Niccol,niccol_cmg,CMG,3.8
9kYRDJgCF_A,Jim Cramer: Brian Niccol As The New Chipotle CEO Is A Staggering Pick | CNBC,CNBC,UCvJJ_dzjViJCoLf5uKUTwoA,207.0,4460.0,Brian Niccol CNBC 2018,Brian Niccol,niccol_cmg,CMG,3.4
ejE4Sf2TdiU,"Chipotle's long lines are back, but CEO Brian Niccol says strong demand is causing hiring challenges",Yahoo Finance,UCEAZeUIeJs0IjQiqTCdVSIg,590.0,4161.0,Brian Niccol interview 2020,Brian Niccol,niccol_cmg,CMG,9.8
jFR9_JI2EJM,How Brian Niccol has Shaped Chipotle,Informa Connect Foodservice,UCziwCcETbqeVNUHitFzeCcw,441.0,4146.0,Brian Niccol interview 2018,Brian Niccol,niccol_cmg,CMG,7.4
tVdV6j2_rnA,Starbucks CEO Laxman Narasimhan Replaced With Chipotle CEO Brian Niccol,CNBC-TV18,UCmRbHAgG2k2vDUvb3xsEunQ,197.0,4099.0,Brian Niccol interview 2024,Brian Niccol,niccol_cmg,CMG,3.3
apYynm4VACs,Watch CNBC's full interview with Chipotle CEO Brian Niccol,CNBC Television,UCrp_UI8XtuYfpiqluWLD7Lw,624.0,4051.0,Brian Niccol interview 2018,Brian Niccol,niccol_cmg,CMG,10.4
_vhy0qT8nsQ,"Q3 growth was driven by transactions and execution, says Chipotle CEO Brian Niccol",CNBC Television,UCrp_UI8XtuYfpiqluWLD7Lw,345.0,3791.0,Brian Niccol CNBC 2023,Brian Niccol,niccol_cmg,CMG,5.8
_KdoS6UZVCk,Squawk Pod: Brian Niccol: a plan to “get back to Starbucks” - 10/31/24 | Audio Only,CNBC Television,UCrp_UI8XtuYfpiqluWLD7Lw,1582.0,3639.0,Brian Niccol interview 2024,Brian Niccol,niccol_cmg,CMG,26.4
QpLHNmNUM0o,Chipotle CEO Brian Niccol on the company's digital sales,CNBC Television,UCrp_UI8XtuYfpiqluWLD7Lw,289.0,2925.0,Brian Niccol CNBC 2020,Brian Niccol,niccol_cmg,CMG,4.8
d4n4zDrOq7Y,Starbucks CEO Brian Niccol's first 100 days: Headwinds and accomplishments,CNBC Television,UCrp_UI8XtuYfpiqluWLD7Lw,288.0,2919.0,Brian Niccol CNBC 2024,Brian Niccol,niccol_cmg,CMG,4.8
HuhSSz6pwSg,Chipotle CEO Brian Niccol discusses the path forward for restaurants (Full Stream 8/11),Washington Post Live,UCt_SXDdK6qBv4FfJ8DybxKg,1743.0,2762.0,Brian Niccol interview 2019,Brian Niccol,niccol_cmg,CMG,29.0
NW1FqAZzCps,Chipotle CEO Brian Niccol: We Are Set Up To Innovate | CNBC,CNBC,UCvJJ_dzjViJCoLf5uKUTwoA,422.0,2607.0,Brian Niccol interview 2018,Brian Niccol,niccol_cmg,CMG,7.0
siE2iDloR7Y,Chipotle's New CEO Brian Niccol 'A Home Run': Analyst R.J. Hottovy | CNBC,CNBC,UCvJJ_dzjViJCoLf5uKUTwoA,287.0,2301.0,Brian Niccol interview 2018,Brian Niccol,niccol_cmg,CMG,4.8
TDYC4_ft-EA,"Incoming CEO Niccol needs to focus on operations at Starbucks first, says Barclays' Bernstein",CNBC Television,UCrp_UI8XtuYfpiqluWLD7Lw,269.0,1979.0,Brian Niccol CNBC 2024,Brian Niccol,niccol_cmg,CMG,4.5
Bqx5sKwW-fM,Chipotle CEO Brian Niccol on the company's digital growth,CNBC Television,UCrp_UI8XtuYfpiqluWLD7Lw,339.0,1869.0,Brian Niccol interview 2019,Brian Niccol,niccol_cmg,CMG,5.6
GaFI-DsCfPs,Starbucks Replaces Laxman Narasimhan With Chipotle CEO Brian Niccol | N18G | CNBC TV18,CNBC-TV18,UCmRbHAgG2k2vDUvb3xsEunQ,195.0,1861.0,Brian Niccol interview 2024,Brian Niccol,niccol_cmg,CMG,3.2
XPu7Wptfbuk,9 Leadership Lessons from Chipotle Chairman & CEO Brian Niccol,Comparably,UCThDMQtlAixvEJmUP1uk7BQ,3252.0,1387.0,Brian Niccol interview 2019,Brian Niccol,niccol_cmg,CMG,54.2
504eSvCPFnc,"Brian Cornell, Chairman & CEO, Target Corporation, 4/27/21",The Economic Club of Chicago,UClKjRE4Ts6RxZUWxAmmIY1g,3479.0,1184.0,Brian Niccol interview 2021,Brian Niccol,niccol_cmg,CMG,58.0
_I3ERzyahyE,Chipotle CEO Brian Niccol’s Plan to Double the Business. Again. | Barron's Streetwise,Barron's,UCOfQuCs1g5_wjr3GPKKYSoA,807.0,1133.0,Brian Niccol interview 2021,Brian Niccol,niccol_cmg,CMG,13.4
9YQWkczL-ZM,Interview With Airbnb CEO Brian Chesky  | Fortune,BRIGHT IDEA,UCR5o06kY3aSpvB1Tdmv0D0g,1232.0,1050.0,Brian Niccol interview 2018,Brian Niccol,niccol_cmg,CMG,20.5
J5wJhA8OU1o,Fast Forward podcast - Chipotle CEO Brian Niccol,QSR magazine,UC45YA3zz05d8km2lf2vBntg,2147.0,590.0,Brian Niccol interview 2018,Brian Niccol,niccol_cmg,CMG,35.8
v7rVSlVWSgI,Starbucks Sacks Laxman Narasimhan | Chipotle’s Brian Niccol New CEO | Record Stock Surge,NEWS9 Live,UCRK4FDIkUyslEAUdyRDdCtQ,183.0,217.0,Brian Niccol interview 2018,Brian Niccol,niccol_cmg,CMG,3.0
5w3duw3edRA,"Transformation Begins at the Top (Roxanne Austin, Julie Hill & Brian Niccol)",Center for Digital Transformation | CDT,UCckoaFSSk-8wrOC9aPIC9Zw,2680.0,178.0,Brian Niccol interview 2020,Brian Niccol,niccol_cmg,CMG,44.7
84QtyrgJ2dk,Kamala Harris Wants a Tax & Brian Niccol Drives Up Starbucks STOCK Price | The Lat Chat Episode #15,Latitude Accountants,UC4RclrQRER-F5DjWFcPeoDw,3788.0,178.0,Brian Niccol interview 2024,Brian Niccol,niccol_cmg,CMG,63.1
hWCIpEI8cU4,"H.O.W. #9 with Brian Nichols, wg'04, a creator of Aura club, a CBD product that works",H.O.W. Humans of Wharton,UCro_dl-zgOlBRJMqJRJ-s6w,2933.0,161.0,Brian Niccol interview 2021,Brian Niccol,niccol_cmg,CMG,48.9
CoypdSAnCa0,Brian Niccol  -  Restaurant Leader of the Year 2020,Brian Siebrandt,UCZ8Jj_Xw20pWT0ESkIvw6Xg,441.0,153.0,Brian Niccol CNBC 2020,Brian Niccol,niccol_cmg,CMG,7.4
0j1Xgcx4CBg,Chipotle CEO Brian Niccol Talks Chicken Crisis | Bloomberg Talks,Bloomberg Podcasts,UChF5O40UBqAc82I7-i5ig6A,569.0,100.0,Brian Niccol interview 2024,Brian Niccol,niccol_cmg,CMG,9.5
ttok4nbEHBs,Chipotle CEO Brian Niccol Talks Year Ahead | Bloomberg Talks,Bloomberg Podcasts,UChF5O40UBqAc82I7-i5ig6A,584.0,95.0,Brian Niccol interview 2024,Brian Niccol,niccol_cmg,CMG,9.7
N3pyoYDufbE,Chipotle Picks Taco Bell CEO Brian Niccol to Be Its New Chief - Breaking News 24/7,BREAKING NEWS 24/7,UCtfy7f56oUQ3D61vsRZSM2Q,297.0,61.0,Brian Niccol CNBC 2018,Brian Niccol,niccol_cmg,CMG,5.0
Lt0TSEGnsds,"Chipotle Mexican Grill, Inc  CMG CEO Brian Niccol on Q1 2020 Results",Daily Earnings Calls,UC2KSj189drlAWDWYiI8E2GA,4270.0,47.0,Brian Niccol interview 2020,Brian Niccol,niccol_cmg,CMG,71.2
p7DdjABgCe8,"Chipotle Mexican Grill, Inc  CMG CEO Brian Niccol on Q2 2020 Results",Daily Earnings Calls,UC2KSj189drlAWDWYiI8E2GA,4035.0,27.0,Brian Niccol interview 2019,Brian Niccol,niccol_cmg,CMG,67.2
jSjlMXzPGso,Starbucks’ CEO is out. Chipotle’s Brian Niccol is taking over,Spotlight Feed,UCNsqBqYTXZpL4ILc0bjqH0Q,201.0,6.0,Brian Niccol interview 2018,Brian Niccol,niccol_cmg,CMG,3.4
XetnzQxDu6U,"As we continue to make progress, the stock will take care of itself, says Starbucks CEO Brain Niccol",CNBC Television,UCrp_UI8XtuYfpiqluWLD7Lw,780.0,107112.0,Brian Niccol interview 2025,Brian Niccol,niccol_sbux,SBUX,13.0
N8MajsPAEpk,Starbucks CEO Brian Niccol on Leading Through Turnarounds | The CEO Signal,Semafor,UCtB4ylCuQW0ue8ACIsHmD1w,2833.0,71329.0,Brian Niccol interview 2026,Brian Niccol,niccol_sbux,SBUX,47.2
zoUp3770jd8,Back to Starbucks: CEO Brian Niccol on his first year leading the company's reset,CNBC Television,UCrp_UI8XtuYfpiqluWLD7Lw,546.0,48520.0,Brian Niccol interview 2025,Brian Niccol,niccol_sbux,SBUX,9.1
hmUVbTq43js,How CEO Brian Niccol Plans to Restore the ‘Soul’ of Starbucks | WSJ Leadership Institute,WSJ Events,UCZh2cjNAEMVguN1Lg00IWNA,1564.0,38833.0,Brian Niccol interview 2025,Brian Niccol,niccol_sbux,SBUX,26.1
kJxONRGhEPs,"'The shine is back on Starbucks,' says CEO Brian Niccol",CNBC Television,UCrp_UI8XtuYfpiqluWLD7Lw,285.0,25663.0,Brian Niccol interview 2026,Brian Niccol,niccol_sbux,SBUX,4.8
borVasSx1ck,Starbucks CEO Brian Niccol: Starting to see progress in our turnaround plan,CNBC Television,UCrp_UI8XtuYfpiqluWLD7Lw,402.0,22944.0,Brian Niccol CNBC 2025,Brian Niccol,niccol_sbux,SBUX,6.7
tIbpLe4DGEU,Starbucks CEO Brian Niccol: Bringing the soul back to Starbucks | Rapid Response,Rapid Response,UConIpXEtuRp9M7bpgIYZ2qw,1587.0,21641.0,Brian Niccol interview 2025,Brian Niccol,niccol_sbux,SBUX,26.4
EWj7HykbYyg,Starbucks CEO Brian Niccol: We want to build back a better Starbucks,CNBC Television,UCrp_UI8XtuYfpiqluWLD7Lw,378.0,19334.0,Brian Niccol CNBC 2025,Brian Niccol,niccol_sbux,SBUX,6.3
3DkxWWKXWIQ,Leading Starbucks’ Next Chapter with CEO Brian Niccol | Sidekicks Conversations Ep. 21 | T-Mobile,T-Mobile,UCJWjiXxsH7Nb2354JHI4q0Q,995.0,18253.0,Brian Niccol interview 2025,Brian Niccol,niccol_sbux,SBUX,16.6
nDn9gWgvmpw,Starbucks CEO Brian Niccol: We’re definitely going to be a long-term player in China,CNBC Television,UCrp_UI8XtuYfpiqluWLD7Lw,402.0,12715.0,Brian Niccol CNBC 2025,Brian Niccol,niccol_sbux,SBUX,6.7
8yv7jcFSPK0,"Brian Niccol has his arms around what’s been going wrong at Starbucks, says Jim Cramer",CNBC Television,UCrp_UI8XtuYfpiqluWLD7Lw,270.0,9446.0,Brian Niccol CNBC 2025,Brian Niccol,niccol_sbux,SBUX,4.5
TWAV3XzprSU,Starbucks CEO Brian Niccol: Working to see how we can be sharper on cost side of things,CNBC Television,UCrp_UI8XtuYfpiqluWLD7Lw,249.0,8410.0,Brian Niccol interview 2026,Brian Niccol,niccol_sbux,SBUX,4.2
1NXY_AMItEU,Starbucks CEO is accelerating the rollout of its new operating model: Morgan Stanley's Brian Harbour,CNBC Television,UCrp_UI8XtuYfpiqluWLD7Lw,197.0,4288.0,Brian Niccol interview 2025,Brian Niccol,niccol_sbux,SBUX,3.3
nLSvBJLXKcE,Starbucks CEO Brian Niccol on Q3 earnings,CNBC Television,UCrp_UI8XtuYfpiqluWLD7Lw,180.0,4059.0,Brian Niccol interview 2026,Brian Niccol,niccol_sbux,SBUX,3.0
ugIS3qcngx0,Starbucks CEO Brian Niccol on Nashville corporate expansion,KING 5 Seattle,UCp1KrVaZDZ7BOI_QBuTWWmg,285.0,2225.0,Brian Niccol interview 2026,Brian Niccol,niccol_sbux,SBUX,4.8
12DjrCJ6M1E,There are 'signs of progress' in Starbucks CEO Brian Niccol's turnaround plan: Citi's Jon Tower,CNBC Television,UCrp_UI8XtuYfpiqluWLD7Lw,317.0,2139.0,Brian Niccol CNBC 2025,Brian Niccol,niccol_sbux,SBUX,5.3
kgrcpTxTIb0,"Starbucks CEO Brian Niccol Talks Strong Sales, Earnings | Bloomberg Talks",Bloomberg Podcasts,UChF5O40UBqAc82I7-i5ig6A,659.0,508.0,Brian Niccol interview 2026,Brian Niccol,niccol_sbux,SBUX,11.0
w4s-EK4DINg,Starbucks Chairman & CEO Brian Niccol Talks Turnaround Plan | Bloomberg Talks,Bloomberg Podcasts,UChF5O40UBqAc82I7-i5ig6A,724.0,493.0,Brian Niccol interview 2025,Brian Niccol,niccol_sbux,SBUX,12.1
5NKgIKpwQoA,"Starbucks to cut 1,100 corporate roles in CEO Niccol's turnaround push | ANC",ANC 24/7,UCvi6hEzLM-Z_unKPSuuzKvg,328.0,472.0,Brian Niccol interview 2025,Brian Niccol,niccol_sbux,SBUX,5.5
V2EMBVlYTAE,"Starbucks Chairman & CEO Brian Niccol Talks Company Turnaround, Growth Outlook | Bloomberg Talks",Bloomberg Podcasts,UChF5O40UBqAc82I7-i5ig6A,1195.0,396.0,Brian Niccol interview 2026,Brian Niccol,niccol_sbux,SBUX,19.9
daRfE6AzmYY,"Starbucks CEO Brian Niccol Talks Earnings, Growth, Unions | Bloomberg Talks",Bloomberg Podcasts,UChF5O40UBqAc82I7-i5ig6A,1202.0,267.0,Brian Niccol interview 2026,Brian Niccol,niccol_sbux,SBUX,20.0
eADCPGvYOm8,The shine is back on Starbucks says CEO Brian Niccol,WillowVC,UCW8ZYBxFJj6aWTQBcPYNsag,285.0,21.0,Brian Niccol interview 2026,Brian Niccol,niccol_sbux,SBUX,4.8
EcR8aze9Eog,Back to Starbucks  CEO Brian Niccol on his first year leading the company's reset 0 260,Ana Cristina Solorzano Sol�s,UCeWpxzyJrIovOJESHl1U3LQ,261.0,12.0,Brian Niccol interview 2026,Brian Niccol,niccol_sbux,SBUX,4.4
-njJ0nzNIXw,Cramer’s Take with Brian Niccol: Why Starbucks Might Be Back in the Game,FinTech Forinter,UC41GqkzJDF5xIAgPvLC68vw,488.0,7.0,Brian Niccol CNBC 2025,Brian Niccol,niccol_sbux,SBUX,8.1
IuUDRU9-HRk,"Chris Cornell  - ""Nothing Compares 2 U"" (Prince Cover) [Live @ SiriusXM] | Lithium",SiriusXM,UC49ta0RHXJUiID5KWRkcySw,316.0,197160209.0,Matthew Prince full interview 2021,Matthew Prince,prince,NET,5.3
luZyMQjPTkM,Ashnikko - Slumber Party (feat. Princess Nokia) [Official Music Video],Ashnikko,UCprhwr86ckrMC2q9jX8qMnw,202.0,39300490.0,Matthew Prince Bloomberg interview 2026,Matthew Prince,prince,NET,3.4
ulOLYnOthIw,Prince - Batdance (Official Music Video),Prince,UCv3mNSNjuWldihk1DUdnGtw,411.0,17992878.0,Matthew Prince interview 2026,Matthew Prince,prince,NET,6.8
1NarDEEhOsM,"Prince - Nothing Compares 2 U (Live At Paisley Park, 1999)",Prince,UCv3mNSNjuWldihk1DUdnGtw,228.0,16440694.0,Matthew Prince interview 2019,Matthew Prince,prince,NET,3.8
YMa8cDRSfnM,Matty Juniosa turns Prince's 'Purple Rain' GOLDEN! | Auditions | BGT 2026,Britain's Got Talent,UCUtZaxDF3hD5VK4xRYFBePQ,473.0,12121710.0,Matthew Prince full interview 2024,Matthew Prince,prince,NET,7.9
xh7AYrl944Y,"Mattyeux, Princess Chelsea - Sometimes (Official Music Video)",Mattyeux and Princess Chelsea,,208.0,6095648.0,Matthew Prince full interview 2022,Matthew Prince,prince,NET,3.5
qptmCjvsE28,The True Story Behind Prince's Legendary 'While My Guitar Gently Weeps' Solo,VRP Rocks,UCS-4G1mJnTSbeitBMJo8KiA,448.0,1775955.0,Matthew Prince interview 2024,Matthew Prince,prince,NET,7.5
h-vqdeI9qFw,"""Don't Let Anyone Tell You How To Play Your Guitar, Jack"" - Prince's Advice For Jack White",The Late Show with Stephen Colbert,UCMtFAi84ehTSYSE9XoHefig,473.0,1185018.0,Matthew Prince interview 2026,Matthew Prince,prince,NET,7.9
cWIa-hoYZjA,"Matthew Perry details battle with addiction, fame, and life today in new memoir l GMA",Good Morning America,UCH1oRy1dINbMVp3UFWrKP0w,596.0,1140476.0,Matthew Prince full interview 2022,Matthew Prince,prince,NET,9.9
_OXbrsuhl8I,"Joseph Prince: TBN in Caesarea, Israel | 2013",TBN,UCq1BLq3MpYj0-77WKQPu5Cg,7181.0,1004990.0,Matthew Prince full interview 2023,Matthew Prince,prince,NET,119.7
j5osaBtgVuk,Matt Smith Says Prince Harry Called Him ‘Grandad’ After ‘Crown’ Role,TODAY,UChDKyKQ59fYz3JO2fl0Z6sg,412.0,874088.0,Matthew Prince full interview 2022,Matthew Prince,prince,NET,6.9
VZDNpoi1MCk,Why Did Prince FIRE The Revolution? - Dr. Fink on The Roundtable with Drew,The Roundtable with Drew ,UCxAx1LOAy9YhvRdVfMq6pOw,426.0,601994.0,Matthew Prince interview 2023,Matthew Prince,prince,NET,7.1
d_VCrQAwxtI,Michael Jackson vs. Prince Was Ridiculous,Music Vibe,UCQ0mxTNoEhr9-GRP51mwOdQ,1110.0,353189.0,Matthew Prince interview 2022,Matthew Prince,prince,NET,18.5
I7od5qvwOH8,Joseph Prince: Trusting God to Provide for You! | Praise on TBN,Praise on TBN,UC7Dc-pvEsF29O_alrZVtSNw,2166.0,329932.0,Matthew Prince full interview 2024,Matthew Prince,prince,NET,36.1
lYLH5AXzxv0,"Matt Bellamy on Prince, 'Full Metal Jacket,' RATM & Muse's Biggest Influences | SiriusXM",SiriusXM,UC49ta0RHXJUiID5KWRkcySw,587.0,305458.0,Matthew Prince interview 2021,Matthew Prince,prince,NET,9.8
SgS8PcDciZI,Prince Andrew Jeffrey Epstein BBC Highlights,BrutalCanadianPolice,UC6kllLje7Y8yub8IhFIMhFA,600.0,303358.0,Matthew Prince interview 2019,Matthew Prince,prince,NET,10.0
kDd3he-O0mU,"""My 12 Years With Prince"" - Dr. Fink  on The Roundtable with Drew",The Roundtable with Drew ,UCxAx1LOAy9YhvRdVfMq6pOw,4401.0,278293.0,Matthew Prince interview 2023,Matthew Prince,prince,NET,73.4
aGA6mAZVpLo,Hilariously Uncomfortable Moment From Prince Harry's Book,Matt Walsh,UCO01ytfzgXYy4glnPJm4PPQ,415.0,255868.0,Matthew Prince interview 2023,Matthew Prince,prince,NET,6.9
h1JPPxV3r28,"COVID Truth Suppression and Prince Andrew's Perilous Future, with Sen. Marco Rubio & Dan Wootton",Megyn Kelly,UCzJXNzqz6VMHSNInQt_7q6w,6419.0,240174.0,Matthew Prince full interview 2022,Matthew Prince,prince,NET,107.0
PFkCly450s0,SHOW-STOPPING Prince Cover Wins Simon Cowell's Golden Buzzer on Britain's Got Talent 2026!,Got Talent Global,UCe_Fx4EZAgKjDz0aQ_Y7hSA,2525.0,224887.0,Matthew Prince interview 2026,Matthew Prince,prince,NET,42.1
R7eAsA-SiMk,Joseph Prince: THIS Is Why You Can Trust God in Difficult Times | TBN,TBN,UCq1BLq3MpYj0-77WKQPu5Cg,2586.0,214964.0,Matthew Prince full interview 2024,Matthew Prince,prince,NET,43.1
BvMPy9iv9Q8,How Prince Harry Became A Broken Shell Of A Man | Ep. 1092,Matt Walsh,UCO01ytfzgXYy4glnPJm4PPQ,3961.0,191039.0,Matthew Prince interview 2022,Matthew Prince,prince,NET,66.0
7stXsZqjP28,LIVE: Prince Harry's PR Stunt | Piers Morgan Uncensored | 23-May-23,Piers Morgan Uncensored,UCatt7TBjfBkiJWx8khav_Gg,3535.0,189311.0,Matthew Prince full interview 2023,Matthew Prince,prince,NET,58.9
amMYnDr3EzI,The Royal Family’s Newest NIGHTMARE: Prince Harry & Charles Spencer,Kinsey Schofield Unfiltered and Royal Exclusive,,1857.0,188067.0,Matthew Prince interview 2026,Matthew Prince,prince,NET,31.0
0qq4xv4cnwc,Prince Harry confided HUGE secrets to me in private chat about quitting Royals & meeting Meghan,Royal Exclusive,UCN0ie1TZA8DHLgWThFCEl9Q,1512.0,167494.0,Matthew Prince interview 2024,Matthew Prince,prince,NET,25.2
_uicgho4TME,"Don't Be Afraid, God Is in Control! | Joseph Prince Sermon",Praise on TBN,UC7Dc-pvEsF29O_alrZVtSNw,4797.0,117462.0,Matthew Prince full interview 2026,Matthew Prince,prince,NET,80.0
5JH60GGQlgM,"""Prince.. I Quit""  - Dr. Fink on The Roundtable with Drew",The Roundtable with Drew ,UCxAx1LOAy9YhvRdVfMq6pOw,342.0,87123.0,Matthew Prince interview 2024,Matthew Prince,prince,NET,5.7
hzceFdsQlNs,"Mac Miller talks Prince, recording, life and more",HiZeke,UCgPWo797w1JdsPQRmyJW6xw,1298.0,77979.0,Matthew Prince full interview 2019,Matthew Prince,prince,NET,21.6
oJ_pH9w6KKk,License To Live Holy Versus License To Sin (Full Sermon) | Joseph Prince,Joseph Prince,UCJRSBsjLPipnu8y03qa2_Iw,5180.0,66124.0,Matthew Prince interview 2026,Matthew Prince,prince,NET,86.3
WSfigNZW7_M,A Conversation with Prince Reza Pahlavi | 2026 Concordia Annual Summit,Concordia,UCJLTifh7eOh1IOhIL7lF2HQ,929.0,62220.0,Matthew Prince interview 2026,Matthew Prince,prince,NET,15.5
6pAb934lDpM,Are You Still Trying to Earn God's Favor? Here's How to REST in His Grace | Joseph Prince Sermon,Praise on TBN,UC7Dc-pvEsF29O_alrZVtSNw,2171.0,55139.0,Matthew Prince full interview 2026,Matthew Prince,prince,NET,36.2
ZyL07ua04Oo,Matthew McConaughey joins White House press briefing to discuss gun control,CNBC Television,UCrp_UI8XtuYfpiqluWLD7Lw,319.0,38857.0,Matthew Prince CNBC 2019,Matthew Prince,prince,NET,5.3
3Vuk2lbpkFc,Prince's 'Purple Rain' Sang Matty Juniosa | Auditions | BGT 2026,Top World Talent HD,UCLKcN0HvTwCpOPryf9VyXRA,270.0,38697.0,Matthew Prince full interview 2024,Matthew Prince,prince,NET,4.5
bd8C2e3GVX8,"Matthew Wright | Prince Andrew, Crime & Fake News",TalkTV,UCm0yTweyAa0PwEIp0l3N_gA,1482.0,32645.0,Matthew Prince interview 2019,Matthew Prince,prince,NET,24.7
2ZvqNB0Qp08,"Matt Sweeney & Bonnie ""Prince"" Billy (Superwolves) on Office Hours Live (Ep 155 4/29/21)",Tim Heidecker,UCIA8TCSZ-BaBX-aJv92tpRQ,5479.0,32624.0,Matthew Prince full interview 2021,Matthew Prince,prince,NET,91.3
uWLp9YHfWCQ,"Prince Harry, The Duke of Sussex and Rising Phoenix Stars Talk The Power of Sport | FULL LENGTH",Netflix,UCWOA1ZGywLbqmigxE4Qlvuw,1027.0,31989.0,Matthew Prince full interview 2020,Matthew Prince,prince,NET,17.1
3SoVLYHtnpQ,Dr Fink talks about working with Prince (Nov 2024),Elgar,UCb1hTYPkJvol8w147U0uYpw,1260.0,30470.0,Matthew Prince interview 2024,Matthew Prince,prince,NET,21.0
lsnnM0ATI5M,Prince Pronto - Rough Touch (Official Animated Video) | 2021 Release,JulianspromosTV | Soca Music,UChrjz9yiHO-GlQ2QFSsNx2w,211.0,28840.0,Matthew Prince interview 2021,Matthew Prince,prince,NET,3.5
RPJMFN74VS4,Joseph Prince: Walk in His Provision Promises | Praise on TBN,Praise on TBN,UC7Dc-pvEsF29O_alrZVtSNw,435.0,22078.0,Matthew Prince full interview 2020,Matthew Prince,prince,NET,7.2
H5C9EL3C82Y,Axios’ Sara Fischer in conversation with Cloudflare’s Matthew Prince,Axios and Axios Live,,1033.0,21902.0,Matthew Prince interview 2025,Matthew Prince,prince,NET,17.2
QLAmz7L1YFk,The Complete Mercenary: Matthew Cole on Erik Prince’s Improbable Comeback Under Trump,Democracy Now!,UCzuqE7-t13O4NIDYJfakrhw,1091.0,19695.0,Matthew Prince full interview 2019,Matthew Prince,prince,NET,18.2
oTLKoq0feqY,Will Prince Harry and the King reconcile?,Sky News,UCoMdktPbSTixAyNGwb-UYkQ,883.0,18812.0,Matthew Prince interview 2025,Matthew Prince,prince,NET,14.7
usGHTGWIzy8,"""TRUTH IN RHYTHM"" - Matt Fink (Prince), Part 1 of 2",FUNKNSTUFF,UCIbhLDNQkNSBuVpKeg3ZQCg,2925.0,18573.0,Matthew Prince interview 2021,Matthew Prince,prince,NET,48.8
3z_rC8Xq5ZI,Meghan's complaints about royal life are tasteless - Prince William shines a light on real problems,Royal Exclusive and The Sun,,482.0,16413.0,Matthew Prince Bloomberg interview 2024,Matthew Prince,prince,NET,8.0
XWZQhN0JprU,Was Prince Always A Home Town Hero?,Prince Podcast,UCBwtAtwMT0xcG09AqOWoo8Q,986.0,15609.0,Matthew Prince interview 2019,Matthew Prince,prince,NET,16.4
6dMtMTAllu0,Prince William jokes about 'unpredictable kids' with David Attenborough,The Royal Family Channel,UCCvgLV2Ixb8KCemj-UtXZ-g,515.0,15106.0,Matthew Prince full interview 2019,Matthew Prince,prince,NET,8.6
CdJKFhlmPFg,"""It's EVEN Worse To Say Nothing!"" - Journalist On Prince Andrew Silence Over Jeffrey Epstein",TalkTV,UCm0yTweyAa0PwEIp0l3N_gA,431.0,14353.0,Matthew Prince interview 2024,Matthew Prince,prince,NET,7.2
pqryD9EwxD0,Dr. Matt Fink | Stories From 12 Years With Prince & The Revolution - Say What? #12,Say What,UCzOSX1ZO_ZeEX_BhZZMKpVQ,4309.0,12664.0,Matthew Prince interview 2021,Matthew Prince,prince,NET,71.8
3km2UI-TrKY,In Conversation With Legendary Keyboardist Dr. Fink | Prince and the Revolution,thepropstore,UCbWouy_vTHLUlCe-DbsoEVA,328.0,12161.0,Matthew Prince interview 2024,Matthew Prince,prince,NET,5.5
jMyYv2OdfE8,Prince William Tells Cate Blanchett He's A 'Stubborn Optimist' About Climate Change,Access Hollywood,UCiKGMZZmZXK-RpbKJGXgH3Q,235.0,11671.0,Matthew Prince Bloomberg interview 2021,Matthew Prince,prince,NET,3.9
AvlxkyzCY44,"Praise - Prince Ermias Sahle-Selassie - October 18, 2021 TBN",His Eminence Liqa Wambar Petar Vukotic,UCXQvXtSKgI8i3uxGyjC-lKg,3234.0,11495.0,Matthew Prince full interview 2021,Matthew Prince,prince,NET,53.9
l58rp7JoVYQ,Michelle Zatlyn and Matthew Prince at Startup School SV 2014,Y Combinator,UCcefcZRL2oaA_uBNeo5UOWg,1686.0,10418.0,Matthew Prince interview 2022,Matthew Prince,prince,NET,28.1
eXq_IRcykao,Matthew Prince: The Two Biggest Mistakes Every Founder Makes | E1072,20VC with Harry Stebbings,UCf0PBRjhf0rF8fWBIxTuoWA,4033.0,8179.0,Matthew Prince interview 2023,Matthew Prince,prince,NET,67.2
Uyq9jBYnAG8,Lady Victoria Hervey Talks Meghan and Prince Harry!!,Matt Haycox,UC0IFoR54k1EFL4otIyp3JnQ,312.0,7791.0,Matthew Prince interview 2024,Matthew Prince,prince,NET,5.2
3ZXZ3NV59oU,12 Days of Prince Daddy 3 - Shoelaces (Matt and Kim),Counter Intuitive Records,UCK7LYobdHqI4wubw6918SQQ,183.0,7350.0,Matthew Prince interview 2022,Matthew Prince,prince,NET,3.0
I5m27tO78Ek,Cloudflare Turns 15: The Origin Story with Michelle Zatlyn & Matthew Prince,Cloudflare,UCgv3xMy6kECn0boYP9d2o-g,2974.0,7347.0,Matthew Prince interview 2025,Matthew Prince,prince,NET,49.6
D_3RC6FrnSI,"Dr. Fink Reveals Prince, Purple Rain & The Revolution’s Wildest Moments",Musicians Reveal with Joe Kelley,UCRPa_pkZYcGEQyd5fYjTw_g,3854.0,7299.0,Matthew Prince interview 2024,Matthew Prince,prince,NET,64.2
0ZbOoangGz8,Cloudflare CEO Matthew Prince on the company's earnings and outlook,CNBC Television,UCrp_UI8XtuYfpiqluWLD7Lw,245.0,6684.0,Matthew Prince CNBC 2020,Matthew Prince,prince,NET,4.1
T9WZJfdRXqc,"A.I. is a trend that will stick with us for quite some time, says CloudFlare CEO Matthew Prince",CNBC Television,UCrp_UI8XtuYfpiqluWLD7Lw,306.0,5866.0,Matthew Prince CNBC 2022,Matthew Prince,prince,NET,5.1
m1wio7sDDBA,"Web Summit 2014, Day 3. Matthew Prince, Mike Janke, Eugene Kaspersky, Hannah Kulcher",Web Summit,UCJtkHqH4Qof97TSx7BzE5IQ,1255.0,5710.0,Matthew Prince interview 2021,Matthew Prince,prince,NET,20.9
ZVWxDPqaMi4,Cloudflare CEO Matthew Prince talks earnings and impact of Trump presidency on cyber security,CNBC Television,UCrp_UI8XtuYfpiqluWLD7Lw,323.0,4956.0,Matthew Prince interview 2024,Matthew Prince,prince,NET,5.4
lozF4v7qF3c,Cloudflare CEO Prince on Security and Internet Future,Bloomberg Live,UC7UFcUbAd8oyCBWCogVpJ6g,866.0,4600.0,Matthew Prince Bloomberg interview 2020,Matthew Prince,prince,NET,14.4
ydA6t3OZfxk,Cloudflare CEO Matthew Prince on the rising risk of cyber attacks,CNBC Television,UCrp_UI8XtuYfpiqluWLD7Lw,319.0,4380.0,Matthew Prince interview 2020,Matthew Prince,prince,NET,5.3
XMhKLK6FsWM,"The Andy McKee Interview: Playing tips, his influences and the tune that got him the Prince gig",Guitar World,UCqHkFMEmOPFO3ahcrrBAj4w,1222.0,3861.0,Matthew Prince interview 2026,Matthew Prince,prince,NET,20.4
NEIYrP0tOFY,"""TRUTH IN RHYTHM"" Quick Takes - Matt Fink on Prince's Talent",FUNKNSTUFF,UCIbhLDNQkNSBuVpKeg3ZQCg,397.0,3373.0,Matthew Prince interview 2019,Matthew Prince,prince,NET,6.6
x52YmZrELh0,The Prince of Egypt | 2021 curtain call speech,WhatsOnStage,UCy-JqztAgkHhtvjBAd2Cwjw,674.0,3333.0,Matthew Prince interview 2021,Matthew Prince,prince,NET,11.2
jIezWS5vB0A,From Startup Battlefield to IPO with Matthew Prince (Cloudflare),TechCrunch,UCCjyq_K1Xwfg8Lndy7lKMpA,1265.0,3276.0,Matthew Prince interview 2019,Matthew Prince,prince,NET,21.1
EECax8f3kPI,"""TRUTH IN RHYTHM"" Quick Takes - Matt Fink on Prince Vs. Rick James Feud",FUNKNSTUFF,UCIbhLDNQkNSBuVpKeg3ZQCg,328.0,3208.0,Matthew Prince interview 2023,Matthew Prince,prince,NET,5.5
By4IWzdeiRM,Cloudflare CEO Matthew Prince: Congress should watch A.I. carefully but move slowly on regulation,CNBC Television,UCrp_UI8XtuYfpiqluWLD7Lw,339.0,3159.0,Matthew Prince interview 2023,Matthew Prince,prince,NET,5.6
ANkmktYsKBM,PTC'21 — Fireside Chat with Cloudflare CEO Matthew Prince,PTC,UCRQptM5FjV0Zj8mQCmYYuDg,2139.0,3038.0,Matthew Prince interview 2021,Matthew Prince,prince,NET,35.6
e99v_LbI6Dw,"Annual plans allow Cloudflare to have more free cash flow up-front, says CEO Matthew Prince",CNBC Television,UCrp_UI8XtuYfpiqluWLD7Lw,333.0,3012.0,Matthew Prince CNBC 2021,Matthew Prince,prince,NET,5.6
2mHDmc05iN8,"We're not out of the woods yet from potential cyber attacks, says Cloudflare's Prince",CNBC Television,UCrp_UI8XtuYfpiqluWLD7Lw,303.0,2607.0,Matthew Prince CNBC 2020,Matthew Prince,prince,NET,5.0
N13-7Et9qeA,"""TRUTH IN RHYTHM"" - Pepe Willie (Prince), Part 2 of 3",FUNKNSTUFF,UCIbhLDNQkNSBuVpKeg3ZQCg,2835.0,2376.0,Matthew Prince interview 2022,Matthew Prince,prince,NET,47.2
8vEdN-RfIMc,Cloudflare’s Matthew Prince: The internet is breaking. So what’s next? | Rapid Response,Rapid Response and 2 more,,1939.0,2185.0,Matthew Prince interview 2026,Matthew Prince,prince,NET,32.3
qRH5K484hJ8,A Train AKA Prince Albert AKA Tensai Matt Bloom Shoot Interview - Wrestling Epicenter 222,Wrestling Epicenter,UCEXhQJhmrCZHykooD7s8BHw,1911.0,1586.0,Matthew Prince interview 2021,Matthew Prince,prince,NET,31.8
foLaxdLTGQA,"""TRUTH IN RHYTHM"" - GSHARP (Prince, Mazarati), Part 1 of 2",FUNKNSTUFF,UCIbhLDNQkNSBuVpKeg3ZQCg,3199.0,1090.0,Matthew Prince interview 2021,Matthew Prince,prince,NET,53.3
bhO-3nftzDU,Royal biographer Matthew Dennison on Queen Elizabeth,Dan Murphy,UCzQeyukbvdLBtFxn1X-0_yw,382.0,1089.0,Matthew Prince CNBC 2022,Matthew Prince,prince,NET,6.4
fJC5A8HQdzU,How We Turned a Side Project Into a $20B Company -- Cloudflare CEO Matthew Prince,20VC with Harry Stebbings,UCf0PBRjhf0rF8fWBIxTuoWA,242.0,1036.0,Matthew Prince interview 2023,Matthew Prince,prince,NET,4.0
30QNAMBdkbc,Interview: Matthew Prince with Eric Goldman,Knight Foundation,UCiRvZwpfXSoRH3lyo9P3ILw,3419.0,1017.0,Matthew Prince interview 2019,Matthew Prince,prince,NET,57.0
Jei0oEaGO8c,Max Heise Off To SCORCHING Start With Prince Albert | Overager Discusses His 2025 NHL Draft,Locked On Sharks,UCcEuDcICvWTCMwN_Isuh_ZA,1600.0,887.0,Matthew Prince full interview 2025,Matthew Prince,prince,NET,26.7
OLm5IP6UyYs,Matthew Prince (Co-founder & CEO of Cloudflare),The Slow Hunch,UCBqLNYVORcqD6MxA1Pd-MOQ,4496.0,876.0,Matthew Prince interview 2025,Matthew Prince,prince,NET,74.9
57hbBGnaxqw,Tony Prince Interview (2018),UDJ Radio,UCaLYowZ14324la94UtXPYuQ,830.0,750.0,Matthew Prince interview 2019,Matthew Prince,prince,NET,13.8
phms28R9eXw,Illini 45 EIU 0 with Matt Stevens & Kedric Prince #391,IlliniGuys,UCY6_fGgLUq-iCxZTMKhecqg,3090.0,740.0,Matthew Prince interview 2024,Matthew Prince,prince,NET,51.5
mNnIqUIRfPo,Prince William discusses mental health stigma - Davos 2019,CNBC Television,UCrp_UI8XtuYfpiqluWLD7Lw,183.0,735.0,Matthew Prince interview 2019,Matthew Prince,prince,NET,3.0
8v14qMDxeGo,Collision 2015 - Matthew Prince of Cloudflare with Diane Brady of DBMedia,Collision Conference,UC6MiQVyK_WaFlU5IvIT2b8A,1265.0,733.0,Matthew Prince interview 2019,Matthew Prince,prince,NET,21.1
63IjxNgxqw0,Zero to IPO in a Downturn with Matthew Prince,Pear VC,UCbhBzbP8F-ckPnFB3VW3TjQ,3626.0,695.0,Matthew Prince interview 2019,Matthew Prince,prince,NET,60.4
wVASQuaXqUY,Security Shouldn’t be Boxed - Matthew Prince CEO of CloudFlare,Cloudflare,UCgv3xMy6kECn0boYP9d2o-g,3394.0,661.0,Matthew Prince interview 2021,Matthew Prince,prince,NET,56.6
wIfRA28CRio,#1 Mistake To Avoid When Picking Your Co-Founder -- Cloudflare CEO Matthew Prince,20VC with Harry Stebbings,UCf0PBRjhf0rF8fWBIxTuoWA,564.0,628.0,Matthew Prince interview 2023,Matthew Prince,prince,NET,9.4
31nMAS77_bo,Matt Fink (Dr. Fink) Interview - Prince - Dirty Mind Live @RogerRamirez-RRstudio 2020,R&R Studio - Official,UC_l-Bp-haHn9IODyDnpDQBQ,1529.0,605.0,Matthew Prince full interview 2020,Matthew Prince,prince,NET,25.5
hQbn2UUy680,Matt “Dr.” Fink Reflects on Prince & The Revolution,Musicians Reveal with Joe Kelley,UCRPa_pkZYcGEQyd5fYjTw_g,2062.0,581.0,Matthew Prince interview 2024,Matthew Prince,prince,NET,34.4
AzZBSXEsdOY,Matt “Atlanta Bliss” Blistan on Prince & Funk,Musicians Reveal with Joe Kelley,UCRPa_pkZYcGEQyd5fYjTw_g,266.0,554.0,Matthew Prince interview 2025,Matthew Prince,prince,NET,4.4
jlVJotsgUOY,"Mathew Prince talks Vail Resorts, Park City",KPCW,UCWWiYVbal_U_sAWc0PaceBw,589.0,538.0,Matthew Prince interview 2026,Matthew Prince,prince,NET,9.8
62JRLrd_Ng4,#1 Mistake to Avoid When Picking Your Co-Founder -- Cloudflare CEO Matthew Prince,20VC with Harry Stebbings,UCf0PBRjhf0rF8fWBIxTuoWA,244.0,531.0,Matthew Prince interview 2022,Matthew Prince,prince,NET,4.1
NnaTroXMHro,This isn't a concept album...Kory (Prince Daddy & The Hyena) talks Hotwire Trip Switch,OurSpace Media,UCbM09PQKEl2FrNR6dPCAfBw,2265.0,511.0,Matthew Prince interview 2026,Matthew Prince,prince,NET,37.8
NMnJ4uF00v0,TUSK TV August 2021 - Matt Sweeney & Bonnie Prince Billy,TUSK TV,UCbP27M-E72EFnFZuXV2GphQ,1034.0,466.0,Matthew Prince full interview 2021,Matthew Prince,prince,NET,17.2
ByD15V_FN9Y,Travis Prince Round Table at the AFA Winter Members’ Exhibition (December 2019),ECTV,UCpiDWRUzDpoefdvPjSiQ58w,2095.0,456.0,Matthew Prince interview 2019,Matthew Prince,prince,NET,34.9
QlqM_nCVciQ,Fireside chat: Matthew Prince and Joyce Hakmeh,Access Now,UC1WRUFROqjer720gqXiF91w,3834.0,420.0,Matthew Prince interview 2019,Matthew Prince,prince,NET,63.9
SP_Scfxpk3U,IMPACT | Fortifying your two-factor authentication - Matthew Prince (CloudFlare),Twilio,UCWh3G9LZmZ3q_xWOyPpn8ag,1898.0,366.0,Matthew Prince interview 2025,Matthew Prince,prince,NET,31.6
hxQqOkOzAMw,"Hacking the Afterlife with Jennifer Shaffer, Prince, Matthew Perry, Linda and Jim Medlyn and ""Five""",Hacking The Afterlife Podcast ,UCWhpYMjfbFfC0STNdWw_udw,2387.0,359.0,Matthew Prince interview 2024,Matthew Prince,prince,NET,39.8
LGxexm-Mzsc,Cloudflare's CEO Matthew Prince speaks with Edie Lush at Hub Davos,Hub Culture,UCPjFwhHaKUOWlhMRmDu-79Q,254.0,357.0,Matthew Prince interview 2025,Matthew Prince,prince,NET,4.2
QlvylnQZOpc,My dream is to become Nigeria’s first super agent- Prince Mathew Atiyo,OmaSportsTV,UCidRwIYj64iuOzuTwkQ7TZA,373.0,337.0,Matthew Prince interview 2025,Matthew Prince,prince,NET,6.2
c-h6P5YDr3o,Vampire Wednesdays: Prince of the City Interviews,Renegade Game Studios,UCKwDYsOyitZAQFS76KBj1vQ,4935.0,295.0,Matthew Prince interview 2022,Matthew Prince,prince,NET,82.2
W8IE-knB-uE,CloudFlare CEO Matthew Prince,thecloudistdotcom,UCGmv_XreUoMMGlOZ92DhBhQ,605.0,283.0,Matthew Prince interview 2022,Matthew Prince,prince,NET,10.1
pWoWEICLXaQ,"International judge, Prince Judge Matthew discusses with Kerry Cassidy of Project Camelot the intern",Southern Cross Templar,UCXvv1DOCihQoBtH_ZCV3d_w,272.0,279.0,Matthew Prince interview 2023,Matthew Prince,prince,NET,4.5
4_UpXRxm2Y8,Vampire Wednesdays: Interview with The Prince of Indianapolis,Renegade Game Studios,UCKwDYsOyitZAQFS76KBj1vQ,1983.0,276.0,Matthew Prince interview 2021,Matthew Prince,prince,NET,33.0
ED2yH3SvHPs,Chat With Matt - Tom Prince Interview,Toledo Mud Hens,UCM_Ulgm3y5uCWNIShduEJcw,1140.0,265.0,Matthew Prince interview 2020,Matthew Prince,prince,NET,19.0
LThljRvNkno,Prince of Peace Catholic School_2026.04.22,Marigold Photo & Video,UCsFhRVr79lmG_QlXKotXUhw,5956.0,237.0,Matthew Prince full interview 2026,Matthew Prince,prince,NET,99.3
4yWVQMFmZuQ,Taco Bell Weddings and Brand Love: A conversation with Matt Prince,Market of Influence,UCqKXJ6zl7K26UGb-OZi6xlg,1593.0,198.0,Matthew Prince interview 2025,Matthew Prince,prince,NET,26.6
hS2_aIq8vZs,Episode 147 - The Prince Of Staten Island Returns (feat. Matt Provenzano) | 1st Class 2nd Place,Jason Enrique,UC1HO3ftPRxtHV6OlB1SAU9w,3292.0,187.0,Matthew Prince interview 2024,Matthew Prince,prince,NET,54.9
8fAeeDoi3JY,Episode 13 | Matt Talks Back with Roy Stewart – Prince George Mayoral Candidate,Matt Talks Back With Matt Porteous,UCVs3CssFSra19JUi3oZSnDQ,5278.0,172.0,Matthew Prince interview 2026,Matthew Prince,prince,NET,88.0
HsUdp1uhVI8,"Prince Interview | The Today Show on March 15, 2004",The Prince Files,UCRImG5w7uA-5rSOM9QBUBgw,422.0,167.0,Matthew Prince interview 2025,Matthew Prince,prince,NET,7.0
xgMFcUKSIzg,"Prince Interview | The Today Show on NBC on April 20, 2004",The Prince Files,UCRImG5w7uA-5rSOM9QBUBgw,388.0,161.0,Matthew Prince interview 2025,Matthew Prince,prince,NET,6.5
5W6fP_OKgWA,Matthew Prince at TechCrunch Italy 2013,TechCrunch Italy,UCfMfJNDF1cBz-Iv-rUZmZIg,1001.0,160.0,Matthew Prince interview 2022,Matthew Prince,prince,NET,16.7
LP4_8YbF7S0,From Bihar to a Billion-Dollar Company | The S.I.S Story by Prince Mathews Thomas,LifeAndMorePlus,UCCqK9pCTEuGENdrCaYAbnug,3176.0,147.0,Matthew Prince interview 2025,Matthew Prince,prince,NET,52.9
Zyho_0jjT7I,"Matthew Prince, CloudFlare, at The Montgomery Summit 2015",The Montgomery Summit,UCK3U_tXVE4wslgM6KDyUv8Q,289.0,129.0,Matthew Prince interview 2019,Matthew Prince,prince,NET,4.8
U4X0yqPSdDc,BreakLine Speaker Series: Matthew Prince,BreakLine Education,UCGCY7cvCmD6dWoG8SGSSIgg,3333.0,128.0,Matthew Prince interview 2021,Matthew Prince,prince,NET,55.6
P2D8D0oSpUw,Talking The #Revolution With #Prince's Dr Fink - Full Interview...,Musicians-Mentor,UC2wWCa87l_nOSJ6EZpAlaeQ,4636.0,125.0,Matthew Prince full interview 2026,Matthew Prince,prince,NET,77.3
KybKGWuJYHg,Visting Prince in Heaven,Matthew Robert Payne,UCsq4UAH0MKuqhKZh6rBHTvA,1875.0,112.0,Matthew Prince interview 2022,Matthew Prince,prince,NET,31.2
tj4khLjuJ30,"Coffee Break with Matt Prince, senior PR manager, Taco Bell",PRWeekUS,UCBKq5ChkVaXz6Il1MrK1JOQ,911.0,108.0,Matthew Prince interview 2022,Matthew Prince,prince,NET,15.2
FLTDFxVTHUU,Cloudflare Inc  NET CEO Matthew Prince on Q1 2020 Results,Daily Earnings Calls,UC2KSj189drlAWDWYiI8E2GA,4305.0,99.0,Matthew Prince interview 2019,Matthew Prince,prince,NET,71.8
0UpjhadkaYA,"Matt Cronk interview on CNTS, injury, rehabilitation, Prince and Thoughts & Prayers | Episode 17",Whatever Comes Next,UCQjGQ1Got9cmUjy6hpBua8Q,4148.0,99.0,Matthew Prince interview 2024,Matthew Prince,prince,NET,69.1
xa9xnfUEoDE,THE INTERVIEW ON NTA CHANNEL 5 ABUJA | Star Times Channel 103 | Prince Victor Matthew,Hope Expression Hub ,UCHVnmdtvTtgPrYEnBOIPMSg,642.0,97.0,Matthew Prince interview 2021,Matthew Prince,prince,NET,10.7
4B_c2gNn03Q,"You're a Mean One, Matthew Prince (Boobsmas #2)",Kelly Reynolds,UCVqmRJ_yFg5_yHweDOe_1LQ,3475.0,94.0,Matthew Prince full interview 2022,Matthew Prince,prince,NET,57.9
aaRKQevTk0M,The Rogue Prince of Persia Gamescom Interview with Matthew Houghton and Dylan Eurlings,Cerealkillerz,UCzDWw2UxGRzB9kTeYRSfwkQ,379.0,90.0,Matthew Prince interview 2025,Matthew Prince,prince,NET,6.3
anZ0oAMRBcc,Copenhagen Democracy Summit - Democracy and Responsible Business with Matthew Prince,Alliance Of Democracies,UCXgxcPyNUHaHFLj76UA3acA,1129.0,78.0,Matthew Prince interview 2020,Matthew Prince,prince,NET,18.8
FoY-T5b34sk,BUILD YOUR GLUTES - the HEALTH TRINITY - MATT PRINCE - Secret MENS Business - SMB TV.,Secret MENS Business - Mental health support,UC-KV7THv40py--5GRHfkZnQ,812.0,52.0,Matthew Prince interview 2020,Matthew Prince,prince,NET,13.5
IhrYDIdpi98,#RecruiterTakeover - Matthew Krentz,Trustaff,UCCyFgFRD6-ChqBpcmHfB0Zw,606.0,48.0,Matthew Prince interview 2019,Matthew Prince,prince,NET,10.1
SThMq-yt1_8,"Tacos, Tech, and Gen Z: How Matt Prince and Taco Bell Reinvent Brand Fandom",The Digital PR Explained Podcast,UCH3Traf1k4pvJHkk_s3RkRg,1149.0,45.0,Matthew Prince interview 2025,Matthew Prince,prince,NET,19.2
59d0TNGgeDw,Cloudflare Inc  NET CEO Matthew Prince on Q4 2019 Results,Daily Earnings Calls,UC2KSj189drlAWDWYiI8E2GA,4180.0,30.0,Matthew Prince interview 2019,Matthew Prince,prince,NET,69.7
ToOZdw-WAz0,"6IX9INE'S AN IDIOT, KIRK ALBUM REVIEW ft. Prince Izzyyy - TCP Ep. 2",The Capeesh Podcast,UC8vqhxN72f3ZmDHM8X_ulkA,2406.0,24.0,Matthew Prince interview 2019,Matthew Prince,prince,NET,40.1
8_4xHAjgp1w,"Host to Host: Adam-Michael James Discusses ""isletunes"" on CBC Radio Prince Edward Island",isletunes,UC0oU7mKDW4C-uCD7gPebPKQ,586.0,19.0,Matthew Prince interview 2024,Matthew Prince,prince,NET,9.8
VoJLYFIQSfE,"Media Ignores Researching Kamala, Arlington Karen Steals Trump Signs, Matthew Hurtt, Prince...",Cumulus News Talk,UCNABxfNke2du3B4iKOwoXjQ,1590.0,18.0,Matthew Prince interview 2024,Matthew Prince,prince,NET,26.5
ZZ0lGQU5LLs,For You Path: Matt Prince's Mission to Mentor the Next Generation,The Digital PR Explained Podcast,UCH3Traf1k4pvJHkk_s3RkRg,1020.0,15.0,Matthew Prince interview 2025,Matthew Prince,prince,NET,17.0
ddbJlgOZ5no,"R.I.P. PRINCE, KFOG MATT PINFIELD full interview  04-21-2016",Jacob Unger,UCI-vCE6YkGyoHCbLHlfQm6w,363.0,13.0,Matthew Prince interview 2022,Matthew Prince,prince,NET,6.0
bfw78y4l5wk,Biographer on the Prince doco we won’t see | Music 101 Interviews,RNZ Podcasts,UChDJ27ZLcqjcCS1XH3LmivQ,1202.0,12.0,Matthew Prince interview 2024,Matthew Prince,prince,NET,20.0
sZTZD6vp8A8,A special Father's Day interview with REV PRINCE MATTHEW and Pastor Nicholas  Mensah.,Flourishing Nana Achiaa Bissah,UCK3NZX0HnprLOTzZWoT_eVg,477.0,10.0,Matthew Prince interview 2025,Matthew Prince,prince,NET,8.0
NsM9JXTNd_w,Selassie  I Son .Prince MATTHEW. 🇧🇴🇯🇲,Raymond Powell,UCKlMQnax9FBWbsOXw52Oqyg,391.0,4.0,Matthew Prince interview 2019,Matthew Prince,prince,NET,6.5
Oro3TD1QJ9A,We'll Do It LIVE! ft. Matt Prince (Ep. 27),Give Us the Launch Codes,UCtMvtPeCj24UW0pNiV1hNWw,3915.0,3.0,Matthew Prince interview 2025,Matthew Prince,prince,NET,65.2
FxL8ig5k-hU,Smoking Hot Coffee Live with Matthew Prince,Jeff Amul (SmokingHotCoffee),UCyP1PTT7QQplkbNhkTDveIw,4065.0,,Matthew Prince interview 2019,Matthew Prince,prince,NET,67.8
U9vCvP-k75Y,"Mentalist Oz Pearlman blows the minds of Chuck, Kenny, Ernie & Clark 🤯 | 2025 March Madness",CBS Sports,UCja8sZ2T4ylIqjggA1Zuukg,341.0,522498.0,Chuck Robbins CNBC 2025,Chuck Robbins,robbins,CSCO,5.7
xP8aIANSm6k,Chuck Palahniuk’s ADVICE for Life and CRAZY Stories Will Leave You In Awe | Impact Theory,Tom Bilyeu,UCnYMOamNKLGVlJgRUbamveA,5711.0,126676.0,Chuck Robbins full interview 2024,Chuck Robbins,robbins,CSCO,95.2
X0QyREoybbY,Cisco CEO Chuck Robbins and Nvidia CEO Jensen Huang sit down with Jim Cramer,CNBC Television,UCrp_UI8XtuYfpiqluWLD7Lw,654.0,108101.0,Chuck Robbins interview 2025,Chuck Robbins,robbins,CSCO,10.9
VoT_4PEh15w,The View from Davos with Cisco's Chuck Robbins,Six Five Media,UC7-rtz96bYgd2m4AhKtZFQw,478.0,68381.0,Chuck Robbins interview 2025,Chuck Robbins,robbins,CSCO,8.0
iSzmKhhZbrQ,Cisco CEO Chuck Robbins: There's a networking supercycle that we're entering right now,CNBC Television,UCrp_UI8XtuYfpiqluWLD7Lw,524.0,20754.0,Chuck Robbins interview 2026,Chuck Robbins,robbins,CSCO,8.7
KDYKGE6f8Pw,Cisco CEO Chuck Robbins on Splunk acquisition: Deal will add $4 billion in annual recurring revenue,CNBC Television,UCrp_UI8XtuYfpiqluWLD7Lw,441.0,20634.0,Chuck Robbins interview 2022,Chuck Robbins,robbins,CSCO,7.4
v8v3TRgNtgM,Cisco CEO Chuck Robbins: $28 billion Splunk deal will be a significant financial growth driver,CNBC Television,UCrp_UI8XtuYfpiqluWLD7Lw,507.0,19643.0,Chuck Robbins CNBC 2024,Chuck Robbins,robbins,CSCO,8.4
7xcStnd38Jw,Cisco CEO Chuck Robbins on outlook: We are well-positioned for the next A.I. phase,CNBC Television,UCrp_UI8XtuYfpiqluWLD7Lw,407.0,14173.0,Chuck Robbins interview 2021,Chuck Robbins,robbins,CSCO,6.8
VbNc8LBYtJw,Cisco CEO Chuck Robbins talks quarterly results with Jim Cramer,CNBC Television,UCrp_UI8XtuYfpiqluWLD7Lw,462.0,13060.0,Chuck Robbins interview 2023,Chuck Robbins,robbins,CSCO,7.7
hMr00er41F8,Cisco CEO Chuck Robbins on Q4 results: All areas of our business have tailwinds right now,CNBC Television,UCrp_UI8XtuYfpiqluWLD7Lw,488.0,12474.0,Chuck Robbins interview 2025,Chuck Robbins,robbins,CSCO,8.1
gJAldnoNcpw,"Cisco CEO Chuck Robbins on earnings, China trade, buybacks and more",CNBC Television,UCrp_UI8XtuYfpiqluWLD7Lw,662.0,12133.0,Chuck Robbins interview 2019,Chuck Robbins,robbins,CSCO,11.0
bcJf3xbdYyo,"Cisco CEO Chuck Robbins breaks down weak revenue outlook, China shortages",CNBC Television,UCrp_UI8XtuYfpiqluWLD7Lw,251.0,11144.0,Chuck Robbins interview 2020,Chuck Robbins,robbins,CSCO,4.2
YaG8KMSXqUs,"Closing Remarks hosted by Jon Fortt, Anchor, CNBC | Chuck Robbins & Jeetu Patel, Cisco",Cisco,UCEWiIE6Htd8mvlOR6YQez1g,946.0,11047.0,Chuck Robbins interview 2026,Chuck Robbins,robbins,CSCO,15.8
xbKF3pHT3MA,"Cisco CEO Chuck Robbins on earnings, China trade, 5G and more",CNBC Television,UCrp_UI8XtuYfpiqluWLD7Lw,635.0,8826.0,Chuck Robbins CNBC 2019,Chuck Robbins,robbins,CSCO,10.6
l2G_hc14eY0,CEO Chat With Cisco's Chuck Robbins,Light Reading Video,UC-EUxnUAeugfGElS_8DA_HQ,699.0,8479.0,Chuck Robbins interview 2016,Chuck Robbins,robbins,CSCO,11.6
nxW9VK5AacI,Full Keynote: Sprint Marcelo Claure and Cisco Chuck Robbins at #SuperMobility,CTIA Everything Wireless,UCk3hNVTBczxYN2VV55Xdsig,1533.0,8409.0,Chuck Robbins interview 2016,Chuck Robbins,robbins,CSCO,25.6
Sca6pervFaU,Cisco CEO Chuck Robbins wants data centers in space | Decoder,Decoder with Nilay Patel and The Verge,,3083.0,8001.0,Chuck Robbins interview 2026,Chuck Robbins,robbins,CSCO,51.4
sVb2XTR8qxg,"Welcome from Cisco CEO, Chuck Robbins, AppDynamics CEO David Wadhwani, and an Intro to AppDynamics",Cisco AppDynamics,UCTL2V4fqMMERSWQa1kT4EMw,816.0,7056.0,Chuck Robbins interview 2018,Chuck Robbins,robbins,CSCO,13.6
iwN3NQafSmg,Cisco CEO Chuck Robbins: We are now at a point where 44% of our revenue is recurring,CNBC Television,UCrp_UI8XtuYfpiqluWLD7Lw,304.0,6099.0,Chuck Robbins CNBC 2016,Chuck Robbins,robbins,CSCO,5.1
I1v5m1rUOTM,Cisco CEO Chuck Robbins: There are a lot of great transitions that are in our favor now,CNBC Television,UCrp_UI8XtuYfpiqluWLD7Lw,195.0,5953.0,Chuck Robbins interview 2020,Chuck Robbins,robbins,CSCO,3.2
VJkhOhyqC1g,Cisco CEO Robbins on global chip shortage: We have a ways to go,CNBC Television,UCrp_UI8XtuYfpiqluWLD7Lw,267.0,5927.0,Chuck Robbins interview 2020,Chuck Robbins,robbins,CSCO,4.4
qPkLVjPVJXI,Cisco Systems CEO Chuck Robbins: Transforming Growth | Mad Money | CNBC,CNBC,UCvJJ_dzjViJCoLf5uKUTwoA,619.0,5706.0,Chuck Robbins interview 2016,Chuck Robbins,robbins,CSCO,10.3
hvBwYPhUMPA,Watch CNBC's full interview with Cisco CEO Chuck Robbins,CNBC Television,UCrp_UI8XtuYfpiqluWLD7Lw,846.0,5577.0,Chuck Robbins interview 2019,Chuck Robbins,robbins,CSCO,14.1
MQIQgqhiAy8,Cisco CEO Chuck Robbins on Keeping Employees Engaged Right Now,Harvard Business Review,UCWo4IA01TXzBeGJJKWHOG9g,2691.0,4323.0,Chuck Robbins CNBC 2020,Chuck Robbins,robbins,CSCO,44.8
Q-6Q40bliwI,"Cisco CEO Chuck Robbins on Q1 earnings, remote work, outlook and more",CNBC Television,UCrp_UI8XtuYfpiqluWLD7Lw,268.0,4317.0,Chuck Robbins interview 2020,Chuck Robbins,robbins,CSCO,4.5
EJVpTPiOVLg,Behind The Scenes At Cisco With CEO Chuck Robbins And His Team,CRN,UCurcT7T1Eyz9VO6ntt-uZLw,205.0,4079.0,Chuck Robbins interview 2017,Chuck Robbins,robbins,CSCO,3.4
wNDPs3xQKAE,Cisco CEO Chuck Robbins on operating a tech company during a pandemic,CNBC Television,UCrp_UI8XtuYfpiqluWLD7Lw,364.0,3962.0,Chuck Robbins interview 2019,Chuck Robbins,robbins,CSCO,6.1
9sv2iAAiK7Y,Cisco Systems CEO Chuck Robbins: A Cybersecurity Focus | Mad Money | CNBC,CNBC,UCvJJ_dzjViJCoLf5uKUTwoA,520.0,3874.0,Chuck Robbins Bloomberg interview 2026,Chuck Robbins,robbins,CSCO,8.7
4mZJKJ4haFY,Cisco's John Chambers: I'll Be 'Wing-Man' for New CEO Chuck Robbins,Bloomberg Originals,UCUMZ7gohGI9HcU9VNsr2FJQ,401.0,3468.0,Chuck Robbins interview 2016,Chuck Robbins,robbins,CSCO,6.7
cIPFo9cYhRI,Cisco Targets $1 Bn Revenue From Its Chennai Mfg Plant | Cisco CEO Chuck Robbins Exclusive,CNBC-TV18,UCmRbHAgG2k2vDUvb3xsEunQ,314.0,3434.0,Chuck Robbins interview 2022,Chuck Robbins,robbins,CSCO,5.2
kq0h0vFCq_E,Cisco CEO Robbins on Strategic Partnerships,Bloomberg Originals,UCUMZ7gohGI9HcU9VNsr2FJQ,339.0,2862.0,Chuck Robbins interview 2016,Chuck Robbins,robbins,CSCO,5.6
Dm83K_a7iGk,Watch CNBC's full interview with Cisco CEO Chuck Robbins at Davos,CNBC Television,UCrp_UI8XtuYfpiqluWLD7Lw,586.0,2729.0,Chuck Robbins interview 2019,Chuck Robbins,robbins,CSCO,9.8
9cPtneAFJM0,Cisco CEO Chuck Robbins: Predictability is returning now that supply chains are stabilizing,CNBC Television,UCrp_UI8XtuYfpiqluWLD7Lw,220.0,2531.0,Chuck Robbins interview 2020,Chuck Robbins,robbins,CSCO,3.7
mLUPv_yscLA,Cisco CEO Robbins on What's Ahead for Tech Under Biden,Bloomberg Tech,UCrM7B7SL_g1edFOnmj-SDKg,470.0,2409.0,Chuck Robbins interview 2020,Chuck Robbins,robbins,CSCO,7.8
hVLtPE02egY,How Chuck Robbins Is Changing Cisco | Fortune,Fortune Magazine,UCP2gdh7HfjgCoi8lO50dA5w,220.0,2398.0,Chuck Robbins interview 2016,Chuck Robbins,robbins,CSCO,3.7
O2TArZL51BE,"Cisco CEO Chuck Robbins on state of the economy, impact of regulations and U.S. trade policies",CNBC Television,UCrp_UI8XtuYfpiqluWLD7Lw,414.0,2343.0,Chuck Robbins interview 2024,Chuck Robbins,robbins,CSCO,6.9
shew4Grlqj8,"Cisco CEO Chuck Robbins on Q2 results, 5G, China trade and much more",CNBC Television,UCrp_UI8XtuYfpiqluWLD7Lw,550.0,1994.0,Chuck Robbins interview 2018,Chuck Robbins,robbins,CSCO,9.2
R9Ngwv76LVU,Cisco CEO Chuck Robbins discusses new deal with Acacia Communications,Yahoo Finance,UCEAZeUIeJs0IjQiqTCdVSIg,689.0,1893.0,Chuck Robbins interview 2017,Chuck Robbins,robbins,CSCO,11.5
zCR515Y1Q8Y,How Cisco CEO Chuck Robbins' Leadership Style Shook up the Company,Juan Herrera Mena,UCWy16QCyglQRMrG17hxIz-w,242.0,1719.0,Chuck Robbins interview 2016,Chuck Robbins,robbins,CSCO,4.0
dgySEYuTH9M,July 24: CEO Conversation with Cisco's Chuck Robbins & Francine Katsoudas,Great Place To Work,UCMOUpgfFleighuT2oEHJVzA,3466.0,1532.0,Chuck Robbins interview 2019,Chuck Robbins,robbins,CSCO,57.8
Xl9RWLnVJrc,Principals Live with Cisco Chair and CEO Chuck Robbins | Semafor,Semafor Events,UCYYtxhYD5jMCGqqWPT0RNLw,2566.0,1510.0,Chuck Robbins interview 2020,Chuck Robbins,robbins,CSCO,42.8
QlgKm8XSXzk,Cisco CEO Chuck Robbins on U.S.-China trade affects,CNBC Television,UCrp_UI8XtuYfpiqluWLD7Lw,631.0,1506.0,Chuck Robbins CNBC 2017,Chuck Robbins,robbins,CSCO,10.5
MV7QOqBNjBs,"Cisco CEO Chuck Robbins Praises India's Telecom Boom & 5G Leadership, Highlights 6G Ambitions",CNBC-TV18,UCmRbHAgG2k2vDUvb3xsEunQ,1100.0,1306.0,Chuck Robbins interview 2024,Chuck Robbins,robbins,CSCO,18.3
tV4T3ZwrI9k,Pharrell Williams interview with Cisco CEO Chuck Robbins Entrepreneur,Toni Toni Kitchen,UCplJNPXrv-4mfZ2t2iqajMw,891.0,1300.0,Chuck Robbins interview 2016,Chuck Robbins,robbins,CSCO,14.8
zEPUf0OxpMA,"India, Natural Place For Cisco To Invest Next Few Years: Cisco Chuck Robbins Exclusive | CNBC-TV18",CNBC-TV18,UCmRbHAgG2k2vDUvb3xsEunQ,721.0,1210.0,Chuck Robbins interview 2016,Chuck Robbins,robbins,CSCO,12.0
zIfWcSdpH5w,LIVE: More Excited About India Than Ever Before: CISCO CEO Chuck Robbins | Global Dialogues,CNBC-TV18,UCmRbHAgG2k2vDUvb3xsEunQ,1096.0,1125.0,Chuck Robbins full interview 2024,Chuck Robbins,robbins,CSCO,18.3
RUUoaO2W6KI,POWER TALK | CISCO Chairman Chuck Robbins Exclusive Interview | CNBC TV18,CNBC-TV18,UCmRbHAgG2k2vDUvb3xsEunQ,1515.0,1105.0,Chuck Robbins interview 2016,Chuck Robbins,robbins,CSCO,25.2
Syn2lkQyG4w,Cisco CEO Robbins Sees Resilient Global Economy,Bloomberg Television,UCIALMKvObZNtJ6AmdCLP7Lg,298.0,1070.0,Chuck Robbins interview 2018,Chuck Robbins,robbins,CSCO,5.0
yKU7zkldMUw,CNBC-TV18 LIVE | Shereen Bhan In Conversation With Cisco'sChuck Robbins | Global Dialogues,CNBC-TV18,UCmRbHAgG2k2vDUvb3xsEunQ,1481.0,1050.0,Chuck Robbins interview 2022,Chuck Robbins,robbins,CSCO,24.7
5mHupwmRiY4,"Cisco CEO Robbins on Future of Workplaces, Next-Gen Tech",Bloomberg Live,UC7UFcUbAd8oyCBWCogVpJ6g,1083.0,933.0,Chuck Robbins interview 2018,Chuck Robbins,robbins,CSCO,18.0
Gafj_eOMlo4,Cisco Systems CEO Chuck Robbins: Managing Globally | Mad Money | CNBC,CNBC,UCvJJ_dzjViJCoLf5uKUTwoA,495.0,906.0,Chuck Robbins interview 2016,Chuck Robbins,robbins,CSCO,8.2
Vi8ntg2GTxw,Cisco CEO Robbins on Year Ahead in Tech,Bloomberg Live,UC7UFcUbAd8oyCBWCogVpJ6g,1209.0,894.0,Chuck Robbins interview 2021,Chuck Robbins,robbins,CSCO,20.2
TV3njg8HzAQ,Cisco Global CEO Chuck Robbins Speaks On Tech & The Geopolitical Landscape | CNBC-TV18,CNBC-TV18,UCmRbHAgG2k2vDUvb3xsEunQ,706.0,889.0,Chuck Robbins interview 2023,Chuck Robbins,robbins,CSCO,11.8
NXeEyOKAOkc,MARKLEY/ ROBBINS on REVIVAL TOWN PODCAST,Revival Town Podcast,UCMN8aWWyA5t6RM9yGeEaEdQ,3108.0,878.0,Chuck Robbins interview 2025,Chuck Robbins,robbins,CSCO,51.8
d6Jk8o-mWvQ,CEO Chuck Robbins breaks down Cisco's exposure to the trade war,CNBC Television,UCrp_UI8XtuYfpiqluWLD7Lw,185.0,849.0,Chuck Robbins CNBC 2019,Chuck Robbins,robbins,CSCO,3.1
i24Cg1MjQpM,"Cisco CEO Robbins on $25B Buyback, Tax Reform",Bloomberg Tech,UCrM7B7SL_g1edFOnmj-SDKg,374.0,820.0,Chuck Robbins interview 2018,Chuck Robbins,robbins,CSCO,6.2
0Hdc6CFx0D0,Cisco CEO Chuck Robbins: Software Strategy,Joe Panettieri,UCpGI6Ubdcqql3EQs22oz5bw,202.0,788.0,Chuck Robbins interview 2016,Chuck Robbins,robbins,CSCO,3.4
sZR1z8D3W90,"Ursula von der Leyen, Hugh Evans, and Chuck Robbins Discuss the Urgency of NOW | Global Citizen NOW",Global Citizen,UCg3_C7BwcV0kBlJbBFHTPJQ,2234.0,786.0,Chuck Robbins interview 2022,Chuck Robbins,robbins,CSCO,37.2
MteDt7u52uQ,The Path Forward: Cisco Chair & CEO Chuck Robbins on America's digital infrastructure (Full Stream),Washington Post Live,UCt_SXDdK6qBv4FfJ8DybxKg,1936.0,782.0,Chuck Robbins interview 2021,Chuck Robbins,robbins,CSCO,32.3
sjxc6NXZEn4,Cisco Chairman and CEO Mr Chuck Robbins exclusive interview to PTI,PTI News,UCJ5gGTLrAeXFyOmooAEH7zw,861.0,756.0,Chuck Robbins interview 2023,Chuck Robbins,robbins,CSCO,14.4
B3O1olUdTLI,Organizational Resilience - Cisco's Chuck Robbins & Francine Katsoudas at CNBC @Work Summit,CNBC Events,UCqwreS1wKG2l_K2ESOtIlyA,1385.0,736.0,Chuck Robbins interview 2020,Chuck Robbins,robbins,CSCO,23.1
Jz9jT-TLsOs,Cisco CEO Chuck Robbins on Brexit,CNBC Television,UCrp_UI8XtuYfpiqluWLD7Lw,306.0,651.0,Chuck Robbins interview 2019,Chuck Robbins,robbins,CSCO,5.1
ZG0mlsoffDY,"Cisco Saw a 'Shallow Pause' From China, Brexit Tensions: CEO Robbins",Bloomberg Television,UCIALMKvObZNtJ6AmdCLP7Lg,453.0,632.0,Chuck Robbins interview 2018,Chuck Robbins,robbins,CSCO,7.6
HEbhTaTBNy8,Cisco CEO Chuck Robbins addresses Morgan Stanley downgrade,CNBC Television,UCrp_UI8XtuYfpiqluWLD7Lw,218.0,545.0,Chuck Robbins CNBC 2016,Chuck Robbins,robbins,CSCO,3.6
F-BkXybCAvg,Cisco Live US 2016 Keynote Chuck Robbins,Jason Aarons,UC7xI4X040ER78U0o9oUQ1uQ,1997.0,496.0,Chuck Robbins CNBC 2016,Chuck Robbins,robbins,CSCO,33.3
cHIxVoKOZCY,Chuck Robbins Keynote Speech - CyberTech Tel Aviv 2017,Cybertech Events,UCjDme2DkD9lmwHg9FxAmHdQ,1488.0,442.0,Chuck Robbins interview 2016,Chuck Robbins,robbins,CSCO,24.8
UGiv4vcs3nM,Tamron Hall Fireside Chat with Cisco CEO Chuck Robbins at the NPower 2017 Gala,NPower,UCvU90MbRz-Xf-FtAqgcCzIg,735.0,442.0,Chuck Robbins interview 2017,Chuck Robbins,robbins,CSCO,12.2
9LUDotbUS6I,Cisco SDN Strategy: CEO Chuck Robbins,Joe Panettieri,UCpGI6Ubdcqql3EQs22oz5bw,270.0,378.0,Chuck Robbins interview 2016,Chuck Robbins,robbins,CSCO,4.5
TpyIeJZcjGQ,"Public-private partnership, ft. Jennifer Loving, Chuck Robbins, and Rebecca Cokley",Ford Foundation,UCn67K92W09TII6YqXTKnB_w,317.0,378.0,Chuck Robbins interview 2017,Chuck Robbins,robbins,CSCO,5.3
xngY4dWC6-Q,Cisco Global CEO Chuck Robbins Speaks On Growth & Investment Opportunities In India | CNBC-TV18,CNBC-TV18,UCmRbHAgG2k2vDUvb3xsEunQ,1421.0,334.0,Chuck Robbins interview 2023,Chuck Robbins,robbins,CSCO,23.7
YKMSpINd4hg,Cisco CEO Robbins on Mental Health in the Workplace,Bloomberg Live,UC7UFcUbAd8oyCBWCogVpJ6g,1220.0,331.0,Chuck Robbins Bloomberg interview 2016,Chuck Robbins,robbins,CSCO,20.3
KAcumkRjbBo,Cisco CEO Chuck Robbins: 25% tariffs can significantly impact our business,CNBC Television,UCrp_UI8XtuYfpiqluWLD7Lw,220.0,322.0,Chuck Robbins interview 2019,Chuck Robbins,robbins,CSCO,3.7
5y6IY1Bh9PI,"Why Gary Vaynerchuk, Tony Robbins and Robert Kiyosaki are wrong about 2017 Stock Market Crash",Stock Watchlist,UC4APCZca-cLibfZODjCGdRg,571.0,311.0,Chuck Robbins Bloomberg interview 2017,Chuck Robbins,robbins,CSCO,9.5
1vHG-0InZYU,Cisco CEO Chuck Robbins at Ciscolive! 2017,InsightaaS,UCjXNKT8hStN0OHg8-YANKNQ,343.0,309.0,Chuck Robbins interview 2016,Chuck Robbins,robbins,CSCO,5.7
CnTnSNuunX4,John Chambers and Chuck Robbins at CiscoLive! 2015,InsightaaS,UCjXNKT8hStN0OHg8-YANKNQ,640.0,285.0,Chuck Robbins interview 2016,Chuck Robbins,robbins,CSCO,10.7
XHaLC8wquSI,Tony Robbins 2017: How To Overcome Depression And Change Your Life | Pt. 1,Charles A. Williams,UCnwW2LhrsQx86XZVRnx8gFA,4960.0,272.0,Chuck Robbins full interview 2017,Chuck Robbins,robbins,CSCO,82.7
eOep_RSveLg,Exclusive: Video Interview With Cisco CEO Chuck Robbins,Light Reading Video,UC-EUxnUAeugfGElS_8DA_HQ,1253.0,252.0,Chuck Robbins interview 2016,Chuck Robbins,robbins,CSCO,20.9
Ntlfi_vHDvM,"Cisco CEO Chuck Robbins, Former Splunk CEO Gary Steele Talk Cisco/Splunk Deal | Bloomberg Talks",Bloomberg Podcasts,UChF5O40UBqAc82I7-i5ig6A,548.0,243.0,Chuck Robbins interview 2024,Chuck Robbins,robbins,CSCO,9.1
AcZnK4lPGwg,CABO22 - Jairek Robbins,Brent Gove,UC6n10lIxfuZpoD8T3Fi58jA,1335.0,217.0,Chuck Robbins full interview 2022,Chuck Robbins,robbins,CSCO,22.2
dD9AZDBMFC4,"Cisco CEO, Chuck Robbins, on leadership in the era of digital shift to CNBCTV18",Cisco India,UCxO2O5rtizfSahW-2LH2uAg,1397.0,196.0,Chuck Robbins interview 2019,Chuck Robbins,robbins,CSCO,23.3
JjxfeX9CXVE,Cisco CEO Chuck Robbins at Semafor World Economy,Semafor Events,UCYYtxhYD5jMCGqqWPT0RNLw,969.0,183.0,Chuck Robbins interview 2026,Chuck Robbins,robbins,CSCO,16.2
c0CUimxx52M,Jim Miller - Chuck Robbins: First Interview July 2026,Wakefield NH Lakes ,UCACG7tyLwPZG8kQVJZ2noig,2320.0,169.0,Chuck Robbins interview 2026,Chuck Robbins,robbins,CSCO,38.7
_eGYhg1r6Fw,"Cisco CEO Chuck Robbins On Security, Privacy And Success",CRN,UCurcT7T1Eyz9VO6ntt-uZLw,185.0,159.0,Chuck Robbins interview 2019,Chuck Robbins,robbins,CSCO,3.1
lJo6aehKwM0,A Celebration of Chuck Robbins,VisualSOLUTIONS Media,UCN65IiSBO5S6Ki_PO84aLgA,443.0,156.0,Chuck Robbins interview 2016,Chuck Robbins,robbins,CSCO,7.4
ddS-fqOU-kg,Cisco CEO Chuck Robins on CNBC-Talks About The Cisco Strategy for 5G and Work From home software.,Bitlionaire Mindset,UCUPJ7-H0q_uLlOKQF-ujxhA,610.0,149.0,Chuck Robbins interview 2021,Chuck Robbins,robbins,CSCO,10.2
nHffum-gync,Cisco CEO Chuck Robbins Talks Earnings | Bloomberg Talks,Bloomberg Podcasts,UChF5O40UBqAc82I7-i5ig6A,465.0,132.0,Chuck Robbins interview 2025,Chuck Robbins,robbins,CSCO,7.8
WysbVPMQ91U,"Chuck Robbins, Chair and CEO, Cisco I I Addressing Media at New Delhi",Techbiz TV,UC82eZGxqg3eWHAUuflSkuZg,414.0,129.0,Chuck Robbins interview 2022,Chuck Robbins,robbins,CSCO,6.9
M0tExyotqIU,"OSB 762 Peter Robbins ""The voice of Charlie Brown in ""A Charlie Brown Christmas""",On Screen And Beyond Podcast,UC09p4YYP3J-Usa3GWBmfkHA,2691.0,112.0,Chuck Robbins interview 2025,Chuck Robbins,robbins,CSCO,44.8
_mPlN12OViw,Focus on What Matters: Keys to a Fulfilled and Happy Life with Mike Robbins & Charles Good | #145,Institute for Management Studies,UCAW3CWeGh06w1n3G65yCHCg,1802.0,99.0,Chuck Robbins interview 2024,Chuck Robbins,robbins,CSCO,30.0
09GRcaIBTdc,"Looking AHEAD Video Podcast: Episode 2, Featuring Cisco CEO Chuck Robbins",AHEAD ,UCwEVIpqGErZJdU7D8L5nppw,1573.0,98.0,Chuck Robbins interview 2020,Chuck Robbins,robbins,CSCO,26.2
W_8zOKLe4Yw,Chuck Robbins à Vivatech 2018 : Fueling Possibilities - Technology's Global Impact,CiscoFrance,UC_e79gkbdJKwGdhPiPeZ_uQ,1210.0,90.0,Chuck Robbins interview 2018,Chuck Robbins,robbins,CSCO,20.2
CZFHwzN3dIQ,Cisco CEO Chuck Robbins Talks Earnings | Bloomberg Talks,Bloomberg Podcasts,UChF5O40UBqAc82I7-i5ig6A,581.0,88.0,Chuck Robbins interview 2025,Chuck Robbins,robbins,CSCO,9.7
dE1NPtDwnNQ,Cisco SDN Strategy: Cisco CEO Chuck Robbins Explains,ChannelE2E - A CRA Resource,UC92x6BTsFnsqYAVB6XV9jeg,270.0,85.0,Chuck Robbins interview 2021,Chuck Robbins,robbins,CSCO,4.5
sbpHe5mDXj4,How Chuck Robbins is turning Cisco around,Agustin Cervello,UCEokpYGmUf-Yqh8MogwrL3A,496.0,72.0,Chuck Robbins interview 2017,Chuck Robbins,robbins,CSCO,8.3
QUhguR8f_vA,Leading with Compassion & Building Stronger Connections with Mike Robbins & Charles Good | TGLP #167,Institute for Management Studies,UCAW3CWeGh06w1n3G65yCHCg,1811.0,71.0,Chuck Robbins interview 2024,Chuck Robbins,robbins,CSCO,30.2
y75g86DaovM,"Cisco Systems, Inc  CSCO CEO Chuck Robbins on Q2 2020 Results",Daily Earnings Calls,UC2KSj189drlAWDWYiI8E2GA,3035.0,51.0,Chuck Robbins interview 2020,Chuck Robbins,robbins,CSCO,50.6
-oRR5jQ0d3w,Cisco Systems' Software Strategy: Cisco CEO Chuch Robbins Explains At Partner Summit,ChannelE2E - A CRA Resource,UC92x6BTsFnsqYAVB6XV9jeg,202.0,50.0,Chuck Robbins interview 2021,Chuck Robbins,robbins,CSCO,3.4
YgH9Vx8hGYw,Open Mic'ers Ep. 214 - Chuck Staton,JayFunktastic,UCqp6nFwyLkq6Hiv6I8Ls26Q,3872.0,22.0,Chuck Robbins interview 2024,Chuck Robbins,robbins,CSCO,64.5
-cKI13D2LQE,Authentic Leadership That Drives Results with Mike Robbins & Charles Good | TGLP #14,Charles Good,UCPeSstwVKiRhjBJ98tgN7ew,2576.0,22.0,Chuck Robbins interview 2025,Chuck Robbins,robbins,CSCO,42.9
yw2exRL9W3M,You Can Overcome Anything: Ep 316 - Dealing With The Passing of a Love One – Chuck Barnard,Cesar R Espino,UCEeiT_IUI-GCqzvIq4ENbyQ,2582.0,21.0,Chuck Robbins full interview 2025,Chuck Robbins,robbins,CSCO,43.0
MppXGvSi2-Y,"#015 Thriving during uncertainty and building self improvement in challenging times, with Chuck H...",Personal Development Mastery podcast,UCTgOvVFfvzK2kRmThhuOs7w,2806.0,0.0,Chuck Robbins interview 2024,Chuck Robbins,robbins,CSCO,46.8
Zc83U54i27E,Social Activism at Work with Dan Schulman Ep1 | The Inflection Point | Salesforce,Salesforce,UCUpquzY878NEaZm5bc7m2sQ,1465.0,1088953.0,Dan Schulman interview 2020,Dan Schulman,schulman,PYPL,24.4
4q_jVu5T80g,Talks at GS – Dan Schulman: The Democratization of Finance,Goldman Sachs,UCyz6-taovlaOkPsPtK4KNEg,1153.0,176901.0,Dan Schulman interview 2017,Dan Schulman,schulman,PYPL,19.2
ll3eS9G6DZw,How to protect the rights of exiles from Russia: Ekaterina Schulmann and Gennady Gudkov in PACE,Екатерина Шульман,UCL1rJ0ROIw9V1qFeIN0ZTZQ,232.0,54337.0,Dan Schulman Bloomberg interview 2023,Dan Schulman,schulman,PYPL,3.9
29BYxvvF1iM,"John Schulman on dead ends, scaling RL, and building research institutions",Cursor,UC6YYHJzM6PhZ2Yey9BQiUaw,3086.0,46098.0,Dan Schulman full interview 2023,Dan Schulman,schulman,PYPL,51.4
JO6dMPYhtPE,CNBC's full interview with billionaire Paul Tudor Jones and PayPal CEO Dan Schulman,CNBC Television,UCrp_UI8XtuYfpiqluWLD7Lw,1470.0,40908.0,Dan Schulman interview 2016,Dan Schulman,schulman,PYPL,24.5
Q06HWJmPpZA,The Future of Payments Ft. Dan Schulman and Brad Garlinghouse,Bank Policy Institute,UCdKTUhAHfnwXQORaEbdK5UQ,1930.0,25396.0,Dan Schulman CNBC 2019,Dan Schulman,schulman,PYPL,32.2
KDsqwf7PEwM,Sons of Wichita: Q&A with Daniel Schulman About the Koch Brothers,ReasonTV,UC0uVZd8N7FfIZnPu0y7o95A,887.0,11541.0,Dan Schulman interview 2016,Dan Schulman,schulman,PYPL,14.8
9bXSKs6aXFo,Former PayPal CEO Dan Schulman discusses the key to successful leadership,Yahoo Finance,UCEAZeUIeJs0IjQiqTCdVSIg,844.0,9008.0,Dan Schulman interview 2023,Dan Schulman,schulman,PYPL,14.1
GEZWmkQ9BEc,Dan Schulman: Financial inclusion,PopTech,UCOzfWnT6veqbYZqdGiuBe8w,1263.0,7583.0,Dan Schulman interview 2017,Dan Schulman,schulman,PYPL,21.0
nAM9uKJpDxM,Watch CNBC's full interview with PayPal CEO Dan Schulman at Davos,CNBC Television,UCrp_UI8XtuYfpiqluWLD7Lw,309.0,6667.0,Dan Schulman interview 2018,Dan Schulman,schulman,PYPL,5.2
fsQm7n3kwqc,PayPal CEO Dan Schulman: Digitizing Money | Mad Money | CNBC,CNBC,UCvJJ_dzjViJCoLf5uKUTwoA,545.0,6441.0,Dan Schulman interview 2017,Dan Schulman,schulman,PYPL,9.1
6ZnsUZzaIwQ,"Cava CEO Brett Schulman on IPO offering, road to profitability",CNBC Television,UCrp_UI8XtuYfpiqluWLD7Lw,381.0,6076.0,Dan Schulman CNBC 2023,Dan Schulman,schulman,PYPL,6.4
9natDeXD-E0,"Dan Schulman, CEO of PayPal, and the Future of the Digital Economy: CEO Speaker Series",Council on Foreign Relations,UCL_A4jkwvKuMyToAPy3FQKQ,3541.0,5192.0,Dan Schulman interview 2022,Dan Schulman,schulman,PYPL,59.0
vsBcDjhjo-o,"Mark Schulman his favorite drummers - incl. Jeff Porcaro, Vinnie Colaiuta and Buddy Rich",drummerszone,UCwovNC9HzsrzlYdSdBCGQvg,200.0,5094.0,Dan Schulman interview 2018,Dan Schulman,schulman,PYPL,3.3
60VHkUoViGo,PayPal CEO Dan Schulman On Closing The Pay Gap,CNBC Make It,UCH5_L3ytGbBziX0CLuYdQ1Q,206.0,4546.0,Dan Schulman interview 2018,Dan Schulman,schulman,PYPL,3.4
IhJ48UxsONg,Verizon Names Dan Schulman CEO Replacing Hans Vestberg,Bloomberg Podcasts,UChF5O40UBqAc82I7-i5ig6A,271.0,4498.0,Dan Schulman interview 2018,Dan Schulman,schulman,PYPL,4.5
riq9DzV2veY,Paypal CEO Dan Schulman: Playing The Payment Space | Mad Money | CNBC,CNBC,UCvJJ_dzjViJCoLf5uKUTwoA,460.0,3803.0,Dan Schulman CNBC 2016,Dan Schulman,schulman,PYPL,7.7
HM9QCBiFyL8,Investing in Biotech is a Long Game: Schulman,Bloomberg Television,UCIALMKvObZNtJ6AmdCLP7Lg,306.0,3761.0,Dan Schulman Bloomberg interview 2020,Dan Schulman,schulman,PYPL,5.1
GZqREmD4SkA,PayPal CEO Dan Schulman on supporting small businesses on its platform,CNBC Television,UCrp_UI8XtuYfpiqluWLD7Lw,629.0,3689.0,Dan Schulman interview 2018,Dan Schulman,schulman,PYPL,10.5
wTwy0LHXE1U,Paypal CEO Dan Schulman: Digital Revolution Sweet Spot | Mad Money | CNBC,CNBC,UCvJJ_dzjViJCoLf5uKUTwoA,653.0,3360.0,Dan Schulman interview 2016,Dan Schulman,schulman,PYPL,10.9
nTIuqoBRaX4,PayPal CEO Dan Schulman: We're Seeing A Massive Move Towards Mobile Payments | CNBC,CNBC,UCvJJ_dzjViJCoLf5uKUTwoA,294.0,3229.0,Dan Schulman interview 2018,Dan Schulman,schulman,PYPL,4.9
u0sy9G4sxHs,PayPal President and CEO Dan Schulman Addresses the Rutgers University Class of 2018,Rutgers Today,UCnPJvBCN2nq9cqDR_XFku8A,1280.0,2749.0,Dan Schulman interview 2017,Dan Schulman,schulman,PYPL,21.3
tRB6cnG5gPA,A Conversation with PayPal CEO Dan Schulman,Operation HOPE,UChFioyshjiBB5L0EBISomQA,1143.0,2680.0,Dan Schulman interview 2018,Dan Schulman,schulman,PYPL,19.0
v1_sTe_h7HU,"Ideas for Tomorrow | Dan Schulman, President and CEO of PayPal",Cleveland Clinic,UCxyiSz4m161Z6frOsFxJpgw,3717.0,2547.0,Dan Schulman interview 2017,Dan Schulman,schulman,PYPL,62.0
YKWtZkzjApc,"Dean's Speaker Series | Dan Schulman, President & CEO, PayPal",UC Berkeley Haas,UC4D2Z98caYHaSisrVog8aLA,3442.0,2277.0,Dan Schulman interview 2021,Dan Schulman,schulman,PYPL,57.4
HPt03GU-mvU,"Keynote: Dan Schulman, Group President, Enterprise Growth, American Express",Money20/20.tv,UCip4CIpmM13NOAH-j9GiAzg,1250.0,2248.0,Dan Schulman interview 2020,Dan Schulman,schulman,PYPL,20.8
-w5n1YOjliQ,PayPal CEO Dan Schulman: The Spirit Of Giving | Mad Money | CNBC,CNBC,UCvJJ_dzjViJCoLf5uKUTwoA,533.0,2037.0,Dan Schulman CNBC 2016,Dan Schulman,schulman,PYPL,8.9
8089MkXjAf4,"[EN] BSV 2021 | Superapps and the future of payments, with Dan Schulman (CEO at Paypal)",Brazil at Silicon Valley,UCAdejwDLMUlKjOwYyHzMvAA,3595.0,1860.0,Dan Schulman CNBC 2020,Dan Schulman,schulman,PYPL,59.9
L8qqE5JgnZc,PayPal CEO Dan Schulman on How Impact Employers Support Their People,Jobs for the Future,UC1AiC8eqYcUkt_OKyfAAr2g,1358.0,1537.0,Dan Schulman interview 2018,Dan Schulman,schulman,PYPL,22.6
zhy4LViIf5U,"Dan Schulman (MBA ’86), President and CEO, PayPal | NYU Stern MBA and PhD Convocation, Class of 2023",NYU Stern,UCod8o80imMaMr5TwcOK7iqw,1159.0,1503.0,Dan Schulman interview 2016,Dan Schulman,schulman,PYPL,19.3
SlbHgig5oso,CEO Interview: The future of finance with Dan Schulman,Economist Enterprise – Events,UC_fce5bLypEINylATC-ehvA,1302.0,1229.0,Dan Schulman interview 2016,Dan Schulman,schulman,PYPL,21.7
suCfnosqomY,How we can Actually Pay People Enough—with Paypal CEO Dan Schulman | TED Business,TED Podcasts,UCy9b8cNJQmxX8Y2bdE6mQNw,1243.0,1047.0,Dan Schulman interview 2021,Dan Schulman,schulman,PYPL,20.7
iqv18iuz3V0,"Dan Schulman, PayPal CEO Keynote Address",Rutgers Business School - Newark & New Brunswick,UCmeyrzT-MOShwBLe7w4AxZQ,1792.0,1030.0,Dan Schulman interview 2018,Dan Schulman,schulman,PYPL,29.9
SMJkbgOqvYc,"Langone Speaker Series: Dan Schulman, CEO & President of PayPal",NYU Stern,UCod8o80imMaMr5TwcOK7iqw,5705.0,946.0,Dan Schulman interview 2016,Dan Schulman,schulman,PYPL,95.1
N_ZDmwuFNQo,Taking A Stand: Paypal CEO Dan Schulman at NEXUS Global,NEXUS Global,UCS6vIGzkbKXzVTXTUNhZSTA,825.0,934.0,Dan Schulman interview 2018,Dan Schulman,schulman,PYPL,13.8
xLIkw-WA2po,A Conversation With Dan Schulman,Council on Foreign Relations,UCL_A4jkwvKuMyToAPy3FQKQ,3449.0,879.0,Dan Schulman interview 2016,Dan Schulman,schulman,PYPL,57.5
HTXbrpXbT_M,The Fantasy and Necessity of Solidarity: An Evening with Sarah Schulman,Charis Circle,UC29jlnpoIoNO1LOqmwQlYOQ,3927.0,797.0,Dan Schulman interview 2023,Dan Schulman,schulman,PYPL,65.4
z8XmmGqAGv0,PayPal President and CEO Dan Schulman Remarks at UN General Assembly Event,UNSGSA,UCbIwJgwzWlsZdAqT9NpgZpg,362.0,782.0,Dan Schulman interview 2018,Dan Schulman,schulman,PYPL,6.0
P4ic0davRmY,Verizon CEO Dan Schulman Talks Using Tech to Transform Telecom | Bloomberg Talks,Bloomberg Podcasts,UChF5O40UBqAc82I7-i5ig6A,1294.0,640.0,Dan Schulman Bloomberg interview 2017,Dan Schulman,schulman,PYPL,21.6
wSCRxhRPMsA,CLAGS presents: COMMUNISTS IN CLOSETS: BETTINA APTHEKER IN DIALOGUE WITH SARAH SCHULMAN,CLAGS: The Center for LGBTQ Studies,UCjvCcDCYNYupG1tQ8epzgRw,3289.0,612.0,Dan Schulman interview 2023,Dan Schulman,schulman,PYPL,54.8
j7xxrz-TmvQ,Dan Schulman's NYCBBB Documentary,New York City Buffalo Bills Backers,UCVA7x4dZzsBlK5UiKekXftQ,303.0,555.0,Dan Schulman CNBC 2018,Dan Schulman,schulman,PYPL,5.0
KWiH3LmN9VQ,"Leadership in Challenging Times: A Conversation with Dan Schulman, President & CEO, PayPal",The Conference Board,UCjhoRw-WfKsKRWIb_Noy7fg,1534.0,491.0,Dan Schulman interview 2020,Dan Schulman,schulman,PYPL,25.6
PRUCDOio8Ro,The Future of Payments Ft. Dan Schulman and Brad Garlinghouse,BULLISH NETWORK,UC87SNEOtsX6_6DJ5b9QQYUg,1909.0,450.0,Dan Schulman interview 2019,Dan Schulman,schulman,PYPL,31.8
iC6huMNjmsM,Talking Leadership with Dan Schulman and Jennifer Tescher,Financial Health Network,UClBG1PaS7GKmq7ZnRjFLs3w,2025.0,366.0,Dan Schulman interview 2017,Dan Schulman,schulman,PYPL,33.8
kecHoW_AjGc,JURY DUTY PRESENTS producers Anthony King and Todd Schulman break down the Company Retreat season ,Cherry the Geek TV,UC99pEFn3v-hlR3V_lZc9ygw,781.0,300.0,Dan Schulman interview 2023,Dan Schulman,schulman,PYPL,13.0
nNaOii_8l9s,Chris Brummer Interviews Paypal CEO Daniel Schulman,Chris Brummer,UC6rBS7gc-PlbKf8rVoxzKIQ,2072.0,286.0,Dan Schulman interview 2017,Dan Schulman,schulman,PYPL,34.5
AclRUfUD9ms,"In Conversation with Dan Schulman, CEO, PayPal",Operation HOPE,UChFioyshjiBB5L0EBISomQA,1308.0,281.0,Dan Schulman interview 2017,Dan Schulman,schulman,PYPL,21.8
scCcdgeqGOU,Dan Schulman accepts Alliance Private Sector Award,National Alliance to End Homelessness,UCN53idxWoDulLwZsVr272xg,396.0,261.0,Dan Schulman interview 2023,Dan Schulman,schulman,PYPL,6.6
KmPNKKGzWiQ,Why a company’s future depends on putting its employees first with Dan Schulman | The TED Interview,TED Podcasts,UCy9b8cNJQmxX8Y2bdE6mQNw,2450.0,250.0,Dan Schulman interview 2020,Dan Schulman,schulman,PYPL,40.8
F2CRpFyTT3k,"⭐ Where we are now in the digital payment system? [Dan Schulman, CEO PayPal]",MileiNials,UCz5qP6UsSNwmOBh-Wx9Dn7Q,284.0,168.0,Dan Schulman interview 2016,Dan Schulman,schulman,PYPL,4.7
71k5naZbk5k,"Dan Schulman, PayPal CEO delivers keynote at Rutgers Business Education Conference",Rutgers Business School - Newark & New Brunswick,UCmeyrzT-MOShwBLe7w4AxZQ,1792.0,139.0,Dan Schulman interview 2017,Dan Schulman,schulman,PYPL,29.9
ElyeCfyQ8_M,2022 CED Distinguished Leadership Awards: Dan Schulman,Committee for Economic Development,UCp9-Nl5BxUkSwJnW8fAz3DQ,487.0,126.0,Dan Schulman interview 2021,Dan Schulman,schulman,PYPL,8.1
E2Llh_L2BIM,PayPal CEO Dan Schulman on (CNBC)This is Breaking Bitcoin News,BitcoinTrapper,UCg_4K4XJwyCYtJ4HlrCLwFg,382.0,108.0,Dan Schulman interview 2020,Dan Schulman,schulman,PYPL,6.4
EFCM4Oe-vPw,Dan Schulman’s 2020 Ripple of Hope Remarks,Robert & Ethel Kennedy Human Rights Center,UCbOhYzRaR06nxcs0KJk2tHg,393.0,89.0,Dan Schulman interview 2020,Dan Schulman,schulman,PYPL,6.6
_3wx9E8em_c,"Capitalism Needs an Upgrade: A Conversation with Dan Schulman, CEO of PayPal",Brown Advisory,UCNGLuhyg0t_aL1bIpQ37nGQ,3094.0,81.0,Dan Schulman interview 2021,Dan Schulman,schulman,PYPL,51.6
syfOOVkwCyw,Dan Schulman Bought a New House for $20 Million. Jim Cramer Invited to the Party. Americans Pay Now,Alex Vieira,UCreF6ptKRBCX5jg81vgUr3g,252.0,70.0,Dan Schulman interview 2022,Dan Schulman,schulman,PYPL,4.2
R9K1UIM-MJs,Dan Schulman: Data Bank,PopTech,UCOzfWnT6veqbYZqdGiuBe8w,1264.0,66.0,Dan Schulman interview 2018,Dan Schulman,schulman,PYPL,21.1
mhXBDwRlW9g,"Jason Schulman, Lumen | ITModTalks 2022",FedScoop,UCn-oLYSX__uAaix8m1DBq3w,330.0,57.0,Dan Schulman full interview 2022,Dan Schulman,schulman,PYPL,5.5
pR1lBZiHM18,6 6 14 The Story of the Koch Brothers -  Part 1 - Daniel Schulman,PoBDN,UCywgbHv7dpiBG2Qswr_ceEQ,689.0,42.0,Dan Schulman interview 2016,Dan Schulman,schulman,PYPL,11.5
18HrYdL0wEQ,SchuldenLabNL - Financiële gezondheid werknemers Interview HKM Máxima en Dan Schulman - 23 juni 2022,SchuldenlabNL,UC_w5HZtV6W2NsuMJ3ov8Zbg,1019.0,23.0,Dan Schulman interview 2022,Dan Schulman,schulman,PYPL,17.0
jxTB1BjNgro,Alex Vieira Exposes PayPal Dan Schulman's Darkest Secrets Shocking Bill Gates Haters,Alex Vieira,UCreF6ptKRBCX5jg81vgUr3g,217.0,21.0,Dan Schulman interview 2022,Dan Schulman,schulman,PYPL,3.6
xaX9grTsr8I,"Bitcoin FOMO, PayPal, ceo Daniel Schulman,",BitcoinTrapper,UCg_4K4XJwyCYtJ4HlrCLwFg,382.0,20.0,Dan Schulman interview 2020,Dan Schulman,schulman,PYPL,6.4
JWgaBRuW5gg,Why a company’s future depends on putting its employees first with Dan Schulman,Musica Jazz Blues Soul,UCmeZ3bswrr58Yh6Z1nhSSHQ,2490.0,3.0,Dan Schulman full interview 2021,Dan Schulman,schulman,PYPL,41.5
Ho8Q_ebYgZc,Miranda Kerr on Having a Baby with Snapchat's Evan Spiegel,Jimmy Kimmel Live,UCa6vGFO9ty8v5KZJXQxdhaw,378.0,1573981.0,Evan Spiegel interview 2018,Evan Spiegel,spiegel,SNAP,6.3
ZwGT4kF54N8,Why Snap CEO Evan Spiegel Is Betting on Smart Glasses | The Circuit,Bloomberg Originals,UCUMZ7gohGI9HcU9VNsr2FJQ,1442.0,637713.0,Evan Spiegel Bloomberg interview 2020,Evan Spiegel,spiegel,SNAP,24.0
dwLATNZ8E40,Miranda Kerr Shares Photos From Her Wedding To Snapchat CEO Evan Spiegel | TODAY,TODAY,UChDKyKQ59fYz3JO2fl0Z6sg,229.0,300801.0,Evan Spiegel interview 2026,Evan Spiegel,spiegel,SNAP,3.8
AqPHordzhdw,"Snapchat's three-part business model with CEO Evan Spiegel (2015 Code Conference, Day 1)",On with Kara Swisher,UCMDxbhGcsE7EnknxPEzC_Iw,3188.0,227751.0,Evan Spiegel interview 2017,Evan Spiegel,spiegel,SNAP,53.1
wtDvZkSBC_c,Mirand Kerr And Snapchat Billionaire Evan Spiegel On Romantic Getaway,X17onlineVideo,UC4GfN7q1C1m0z6cf2NkMg2w,327.0,165503.0,Evan Spiegel interview 2026,Evan Spiegel,spiegel,SNAP,5.4
GmY7GmMuwmc,"""Want to know why I chose disappearing messages?"" - Evan Spiegel 134",The Mo Show | Presented by BSF,UCofnlPs99wvEYPA5q0wL8Ug,2216.0,159248.0,Evan Spiegel interview 2025,Evan Spiegel,spiegel,SNAP,36.9
SQYBLeV6sbM,Snap CEO Evan Spiegel | Full interview | 2018 Code Conference,On with Kara Swisher,UCMDxbhGcsE7EnknxPEzC_Iw,2395.0,138741.0,Evan Spiegel interview 2017,Evan Spiegel,spiegel,SNAP,39.9
0IYBJXS-1t8,He Turned Down $3B at 23. How Evan Spiegel Thinks Now.,Tiger Sisters,UCuNKFuZorp13-gyE66QFLRw,4387.0,136774.0,Evan Spiegel interview 2026,Evan Spiegel,spiegel,SNAP,73.1
RUTzOZd_wLU,Can Technology Deepen Human Connection? Evan Spiegel — FII9,FII Institute,UCXEQ3MCLUTyUv_Hk_XLyC6g,696.0,111671.0,Evan Spiegel interview 2025,Evan Spiegel,spiegel,SNAP,11.6
PQiKv-GCQ-w,"Evan Spiegel, Co-Founder and CEO of Snap Inc.",Goldman Sachs,UCyz6-taovlaOkPsPtK4KNEg,1403.0,103067.0,Evan Spiegel interview 2018,Evan Spiegel,spiegel,SNAP,23.4
t5XvDe6CFDI,"Michael Bloomberg and Snapchat’s Evan Spiegel on Innovation, Sexting, and Critics",Vanity Fair,UCIsbLox_y9dCIMLd8tdC6qg,3422.0,91530.0,Evan Spiegel interview 2018,Evan Spiegel,spiegel,SNAP,57.0
-7Yol5vX5xw,How to win when software is not a moat | Evan Spiegel (Snapchat CEO),Lenny's Podcast,UC6t1O76G0jYXOAoYCm153dA,4225.0,87542.0,Evan Spiegel interview 2026,Evan Spiegel,spiegel,SNAP,70.4
ZZUjym-Q6cI,Evan Spiegel says the one thing Instagram can't copy is Snapchat's philosophy | Code 2018,On with Kara Swisher,UCMDxbhGcsE7EnknxPEzC_Iw,192.0,81323.0,Evan Spiegel interview 2017,Evan Spiegel,spiegel,SNAP,3.2
t4ypjcmO0Ck,Snap CEO Evan Spiegel from Cannes,CNBC,UCvJJ_dzjViJCoLf5uKUTwoA,716.0,59305.0,Evan Spiegel interview 2017,Evan Spiegel,spiegel,SNAP,11.9
CVjv2Yqbg_A,"Snapchat CEO Evan Spiegel apologies to families at US Senate hearing, says 'he’s ‘so sorry...’",The Economic Times,UCJFOER35ggIWwsXh2ZDnqyg,610.0,54980.0,Evan Spiegel interview 2024,Evan Spiegel,spiegel,SNAP,10.2
Z9CQuPcop7c,Snap Inc. Co-founder and CEO Evan Spiegel | Full Interview | Code 2022,On with Kara Swisher,UCMDxbhGcsE7EnknxPEzC_Iw,2019.0,48117.0,Evan Spiegel Bloomberg interview 2018,Evan Spiegel,spiegel,SNAP,33.6
rKpH5iFGsoA,Snapchat CEO Evan Spiegel's Only Chat In India,ET Now,UCI_mwTKUhicNzFrhm33MzBQ,382.0,47991.0,Evan Spiegel interview 2017,Evan Spiegel,spiegel,SNAP,6.4
BrilzVUk5xM,Snap CEO Evan Spiegel’s Long Game on Augmented Reality | WSJ Tech Live 2022,The Wall Street Journal,UCK7tptUDHh-RYDsdxO1-5QQ,1703.0,36668.0,Evan Spiegel full interview 2018,Evan Spiegel,spiegel,SNAP,28.4
Sr6n-9mzYnk,"Evan Spiegel, Snapchat: Building a Multi-Billion Dollar Company",David Senra,UCy2FPslt0LLPsIV0iukvHpQ,7106.0,33913.0,Evan Spiegel interview 2017,Evan Spiegel,spiegel,SNAP,118.4
kfa99s656V0,Evan Spiegel & Miranda Kerr Pay Off Graduates' Student Loans,NowThis Impact,UCn4sPeUomNGIr26bElVdDYg,200.0,33614.0,Evan Spiegel interview 2022,Evan Spiegel,spiegel,SNAP,3.3
qYgps-hnHik,Snapchat CEO Evan Spiegel: What Is His Endgame?,Bloomberg Originals,UCUMZ7gohGI9HcU9VNsr2FJQ,358.0,31441.0,Evan Spiegel Bloomberg interview 2018,Evan Spiegel,spiegel,SNAP,6.0
h9OzwbeQ_6g,Snap CEO Evan Spiegel on new AR Specs: New opportunity to bring computing to the world around you,CNBC Television,UCrp_UI8XtuYfpiqluWLD7Lw,255.0,29674.0,Evan Spiegel Bloomberg interview 2021,Evan Spiegel,spiegel,SNAP,4.2
t_cJrmAJa84,Watch CNBC's full interview with Snap CEO Evan Spiegel after reporting first-quarter earnings,CNBC Television,UCrp_UI8XtuYfpiqluWLD7Lw,957.0,27996.0,Evan Spiegel CNBC 2017,Evan Spiegel,spiegel,SNAP,16.0
UY8ZQKG998o,"Snap CEO Evan Spiegel on augmented reality, new drone and company’s future",CBS Mornings,UC-SJ6nODDmufqBzPBwCvYvQ,432.0,24906.0,Evan Spiegel interview 2020,Evan Spiegel,spiegel,SNAP,7.2
8lbQST3DdMQ,"Snapchat Co-Founder Evan Spiegel Responds To Privacy, Security Concerns | TODAY",TODAY,UChDKyKQ59fYz3JO2fl0Z6sg,220.0,24753.0,Evan Spiegel interview 2018,Evan Spiegel,spiegel,SNAP,3.7
tAAv8ecj408,6 Months of Spectacles with Evan Spiegel & AR Developer Aidan Wolf,SPECS for Devs,UC9YFcJXrGv2QaWbXLq6VN3g,514.0,22943.0,Evan Spiegel interview 2025,Evan Spiegel,spiegel,SNAP,8.6
8fZNK-M-77I,"What comes after smartphones, with Evan Spiegel of Snap",Stripe and Cheeky Pint,,3832.0,22880.0,Evan Spiegel interview 2026,Evan Spiegel,spiegel,SNAP,63.9
Azoymy7J7-A,Snap Stays Sticky with Evan Spiegel (Snap),TechCrunch,UCCjyq_K1Xwfg8Lndy7lKMpA,1572.0,21950.0,Evan Spiegel interview 2017,Evan Spiegel,spiegel,SNAP,26.2
D9aTjMCZftw,Snap CEO Evan Spiegel on the purchase of AR hardware company WaveOptics,CNBC Television,UCrp_UI8XtuYfpiqluWLD7Lw,226.0,20720.0,Evan Spiegel interview 2018,Evan Spiegel,spiegel,SNAP,3.8
jUi6Xp8v790,Snap CEO Evan Spiegel: We're on pace for record annual revenue this year,CNBC Television,UCrp_UI8XtuYfpiqluWLD7Lw,200.0,18075.0,Evan Spiegel CNBC 2024,Evan Spiegel,spiegel,SNAP,3.3
U5CqUXb4vi4,Watch CNBC's full exclusive interview with Snap CEO Evan Spiegel,CNBC Television,UCrp_UI8XtuYfpiqluWLD7Lw,771.0,16677.0,Evan Spiegel interview 2018,Evan Spiegel,spiegel,SNAP,12.8
7S7vN0l_ROE,"Evan Spiegel - Episode 18 - As It Lays, Season 2",Asitlays,UCL-ZolAIU3J4Gx8KNjuLyLw,435.0,14134.0,Evan Spiegel interview 2018,Evan Spiegel,spiegel,SNAP,7.2
_b-AxXPuUc0,"People open Snapchat 40 times a day to talk with friends and family, says SNAP CEO Evan Spiegel",CNBC Television,UCrp_UI8XtuYfpiqluWLD7Lw,259.0,13974.0,Evan Spiegel CNBC 2018,Evan Spiegel,spiegel,SNAP,4.3
lBKpupV_L4M,"Snap CEO Evan Spiegel: ""Why AR Glasses Are The Future""",Sammi Tannor Cohen,UC0hrm5kvway0F36GnvkMtGg,3116.0,13212.0,Evan Spiegel interview 2026,Evan Spiegel,spiegel,SNAP,51.9
C0f0TM2yut8,Miranda Kerr and Evan Spiegel Love Story 2019 ( Celebrity News & Pictures ),Celebrity News & Pictures,UC2UMyk_GV39odT02KaVxkDA,291.0,13133.0,Evan Spiegel interview 2019,Evan Spiegel,spiegel,SNAP,4.8
v1vbs0DO52M,The Spiegel Family Fund Donation | Otis College of Art and Design,Otis College of Art and Design,UCqQMwEbiFFl1R__4LQZgnDA,372.0,12599.0,Evan Spiegel interview 2021,Evan Spiegel,spiegel,SNAP,6.2
5dfhIHCxXZk,"Evan Spiegel, Snapchat #DISRUPT2013",SVTV,UC8XCCcn8buem49I6cm7tEUA,1174.0,11494.0,Evan Spiegel full interview 2017,Evan Spiegel,spiegel,SNAP,19.6
I8-cwI2AZYI,Evan Spiegel Has Been BEGGING Miranda Kerr For Another BABY..,Film Savvy,UC5h7639tIINKGAdlUKxZDow,482.0,10370.0,Evan Spiegel interview 2023,Evan Spiegel,spiegel,SNAP,8.0
VqsHEYlcahw,"I don't believe Snap's Evan Spiegel would sell the company, says LightShed's Greenfield",CNBC Television,UCrp_UI8XtuYfpiqluWLD7Lw,383.0,10036.0,Evan Spiegel CNBC 2025,Evan Spiegel,spiegel,SNAP,6.4
Xkc5XOpbAq8,How Snap Plans to Win the AR Race | Evan Spiegel on Spectacles,Kleiner Perkins,UCkNsANayKfsdXFXHpBm8LQg,4263.0,9126.0,Evan Spiegel interview 2025,Evan Spiegel,spiegel,SNAP,71.0
rW8mDQYrOnw,"Arts & Tech (Spiegel, Israel, Obrist) | DLD Munich 20",DLD Conference,UCyJi3YHZPNkZGAYIix4FRLw,2180.0,8799.0,Evan Spiegel interview 2017,Evan Spiegel,spiegel,SNAP,36.3
MMTcDg8pjBY,"Snap CEO Evan Spiegel on Q4 earnings results, privacy",CNBC Television,UCrp_UI8XtuYfpiqluWLD7Lw,252.0,8452.0,Evan Spiegel interview 2018,Evan Spiegel,spiegel,SNAP,4.2
ZR31vp0ir2o,Exclusive Interview With Snapchat CEO Evan Spiegel,Business Today,UCaPHWiExfUWaKsUtENLCv5w,927.0,8249.0,Evan Spiegel interview 2023,Evan Spiegel,spiegel,SNAP,15.4
_uWmiVRDLoE,SNAP CEO EVAN SPIEGEL: How I Took a College Idea & Became the World's Youngest Billionaire,Great Company with Jamie Laing,UCvbAs-6r0SPAlhOHp3QLgzw,3101.0,8004.0,Evan Spiegel interview 2026,Evan Spiegel,spiegel,SNAP,51.7
N_GV9BWdBmY,Why Caroline Spiegel Built an Audio Erotica App | First Time Founders with Ed Elson,Prof G Markets,UCp4CBeq4nzeg9smAvdjPrig,2561.0,7755.0,Evan Spiegel interview 2024,Evan Spiegel,spiegel,SNAP,42.7
wBTMw6PNsL0,Inside Snap CEO Evan Spiegel's Secretive Leadership,Bloomberg Tech,UCrM7B7SL_g1edFOnmj-SDKg,322.0,7588.0,Evan Spiegel interview 2017,Evan Spiegel,spiegel,SNAP,5.4
zSV5oYM86UI,Is Snapchat still relevant?,Bryce Joseph-Nelson,UCpGajuDQbvKjQGlJ9SXNEOA,935.0,7484.0,Evan Spiegel Bloomberg interview 2017,Evan Spiegel,spiegel,SNAP,15.6
WYT2TjoF0Q8,1 Smart Business Story: Snap CEO Evan Spiegel Has to Go | Inc.,Inc.,UCC69dxCZQB9VURlHQ8wesPA,1751.0,6629.0,Evan Spiegel interview 2026,Evan Spiegel,spiegel,SNAP,29.2
QGC3cKONu5Q,Watch Snap CEO Evan Spiegel Opening Remarks (Partner Summit 2020),CNET Highlights,UCmKtn_HvpfbTu3QV4lhJIMw,510.0,5553.0,Evan Spiegel interview 2018,Evan Spiegel,spiegel,SNAP,8.5
6gRMUKfyIJo,Augmented reality is important to the growth of our business: SNAP CEO Evan Spiegel,CNBC Television,UCrp_UI8XtuYfpiqluWLD7Lw,296.0,5256.0,Evan Spiegel CNBC 2018,Evan Spiegel,spiegel,SNAP,4.9
gFg7Z-gRDHo,"Snapchat+, a subscription-based revenue stream, has hit 4M subscribers, says CEO Evan Spiegel",CNBC Television,UCrp_UI8XtuYfpiqluWLD7Lw,338.0,4963.0,Evan Spiegel interview 2022,Evan Spiegel,spiegel,SNAP,5.6
d8e2qV3Kt2k,Snap CEO Evan Spiegel: We offer social connection without social comparison,CNBC Television,UCrp_UI8XtuYfpiqluWLD7Lw,232.0,4498.0,Evan Spiegel interview 2024,Evan Spiegel,spiegel,SNAP,3.9
0oHkugtdHnY,U.S. Surgeon General Vivek Murthy Interview with Evan Spiegel | Club Unity Summit,Snapchat,UCFlFU7Px-ez8S69KvOwzUvg,1964.0,4260.0,Evan Spiegel interview 2021,Evan Spiegel,spiegel,SNAP,32.7
70rsQ9NE_Ek,A Conversation with Snapchat CEO Evan Spiegel,Council on Foreign Relations,UCL_A4jkwvKuMyToAPy3FQKQ,3186.0,3464.0,Evan Spiegel interview 2025,Evan Spiegel,spiegel,SNAP,53.1
-I6-jd5ESqw,Snap's VP of Product Jack Brody: The Future of AR; Snap Glasses; Evan Spiegel's Product Mind | E1006,20VC with Harry Stebbings,UCf0PBRjhf0rF8fWBIxTuoWA,3737.0,3105.0,Evan Spiegel interview 2023,Evan Spiegel,spiegel,SNAP,62.3
yW_HtFkQwQU,#ClassWithJeb: Lessons in Entrepreneurship with Evan Spiegel,ExcelinEd,UCOm_ObvB2cJ11-l_uVCb1Tg,1264.0,2895.0,Evan Spiegel interview 2020,Evan Spiegel,spiegel,SNAP,21.1
eYSHiWS9w8A,Building Snap Inc: Evan Spiegel’s Journey from Startup to Global Tech Leader,LMU Entrepreneurship,UCv4m0smNNeoFt8n0vLVb-vg,3006.0,2592.0,Evan Spiegel interview 2025,Evan Spiegel,spiegel,SNAP,50.1
TpMdmjT0AA0,Watch CNBC's full exclusive interview with Snap CEO Evan Spiegel,CNBC Television,UCrp_UI8XtuYfpiqluWLD7Lw,728.0,2495.0,Evan Spiegel interview 2018,Evan Spiegel,spiegel,SNAP,12.1
Q49rfO_Gvqw,Snap CEO Evan Spiegel on Spectacles and the Future of Real Life | The Futurology Podcast,Berggruen Institute and 2 more,,4319.0,2493.0,Evan Spiegel interview 2026,Evan Spiegel,spiegel,SNAP,72.0
FspTxi9onjk,Our 1st Q&A: All About Evan Spiegel,English Project SMAPDA,UCZ0MFp-pSqa9zesAvZvbEYg,836.0,2461.0,Evan Spiegel full interview 2019,Evan Spiegel,spiegel,SNAP,13.9
heg9D6Rx7Eg,Snapchat CEO Evan Spiegel gives seminar at Cannes Lions - Daily Mail,Daily Mail World,UCw3fku0sH3qA3c3pZeJwdAw,365.0,2150.0,Evan Spiegel interview 2018,Evan Spiegel,spiegel,SNAP,6.1
MQ-H5CHgKWM,Snapchat Founder Evan Spiegel on Entrepreneurship & Investing,Jack Chapple,UCsdJxGA27BSz7IiPMn9VV1g,815.0,1978.0,Evan Spiegel interview 2017,Evan Spiegel,spiegel,SNAP,13.6
n_lC6O6uM5s,Snap CEO Evan Spiegel on update backlash,CNBC Television,UCrp_UI8XtuYfpiqluWLD7Lw,223.0,1957.0,Evan Spiegel interview 2018,Evan Spiegel,spiegel,SNAP,3.7
l2iHUQePRyo,A Conversation with Evan Williams & Walter Isaacson,The Aspen Institute,UCoiTVuiMdqBRMSBGMEcmxCw,3496.0,1906.0,Evan Spiegel Bloomberg interview 2021,Evan Spiegel,spiegel,SNAP,58.3
pW3dGXrqgJg,Snap’s Evan Spiegel & Axios’ Sara Fischer,Axios,UCfU4-ArXuSX0tpyApyklMAg,879.0,1728.0,Evan Spiegel interview 2025,Evan Spiegel,spiegel,SNAP,14.6
ObTcc8YqR5I,Evan Spiegel - Sus 10 Reglas del Éxito (Subtitulado),Reglas del Exito,UCYo9jby8O6dFgfSOwg6EdaA,460.0,1554.0,Evan Spiegel full interview 2017,Evan Spiegel,spiegel,SNAP,7.7
2CSn5yUDRmI,Evan Spiegel Biography - Inspirational Story of the Youngest Billionaire,The Lives of Famous People,UC38c96iKgOxn-VjR9JvcUbA,662.0,1547.0,Evan Spiegel interview 2021,Evan Spiegel,spiegel,SNAP,11.0
0VfcxxSo49c,Snap CEO Evan Spiegel on competing with Facebook,CNBC Television,UCrp_UI8XtuYfpiqluWLD7Lw,185.0,1526.0,Evan Spiegel interview 2017,Evan Spiegel,spiegel,SNAP,3.1
y3K6x523Xto,Evan Spiegel explains why he didn’t sell Snapchat to Mark Zuckerberg for $3 billion,Startup Archive,UCQrZfl1FeCN9c71yjOzWVRw,233.0,1509.0,Evan Spiegel interview 2025,Evan Spiegel,spiegel,SNAP,3.9
ItVfydAb8dM,Communicating in the Social Media Era with Evan Spiegel,Tony Blair Institute for Global Change,UCVDZOIgzxat3HNXd7h1NhqQ,1226.0,1386.0,Evan Spiegel full interview 2022,Evan Spiegel,spiegel,SNAP,20.4
P1vBCDjx-OY,"Evan Spiegel, CEO of Snapchat Took a Top Secret Trip to Israel- Episode 18a",Hillel Fuld,UCHyKw2eTvVOwnIGTCApFkKg,561.0,1227.0,Evan Spiegel interview 2017,Evan Spiegel,spiegel,SNAP,9.4
cuz67AbFdCA,Evan Spiegel Honorary Doctorate Speech | Otis College of Art and Design,Otis College of Art and Design,UCqQMwEbiFFl1R__4LQZgnDA,288.0,1221.0,Evan Spiegel interview 2022,Evan Spiegel,spiegel,SNAP,4.8
KlbhOfMgnJU,LAHacks 2014 Keynote Speech: Evan Spiegel,Matt Newbill,UCTcUvWdhQS0YWxAuD_S16Qg,689.0,1162.0,Evan Spiegel full interview 2023,Evan Spiegel,spiegel,SNAP,11.5
aBMMehJjtpU,"Evan Spiegel, Co-Founder & CEO, Snap, Inc., Presenter",New York Women in Communications,UC5h0wH6hQjbRGXwPl0f7IyQ,379.0,1132.0,Evan Spiegel interview 2017,Evan Spiegel,spiegel,SNAP,6.3
4Zp9mDWXJMo,Evan Spiegel SLAMS Zuckerberg’s $15 Billion Metaverse..,Unlimited Sports,UCa2ig0ENd6FcOYs-oVHnHCg,763.0,1105.0,Evan Spiegel interview 2021,Evan Spiegel,spiegel,SNAP,12.7
eDIloGMan3I,"Snap CEO Evan Spiegel on AR, Mental Health, and Post-Trump USA Vision | CNBC TV18",CNBC-TV18,UCmRbHAgG2k2vDUvb3xsEunQ,1545.0,1082.0,Evan Spiegel interview 2024,Evan Spiegel,spiegel,SNAP,25.8
70jBoxGqJx8,Digital Dominance: The Quest to Capture a New Era of Fans with Snap CEO Evan Spiegel,CNBC Events,UCqwreS1wKG2l_K2ESOtIlyA,292.0,1040.0,Evan Spiegel CNBC 2024,Evan Spiegel,spiegel,SNAP,4.9
8aWoh6nEGDs,"Evan Spiegel, Co-Founder of Snapchat - Innovating through Camera",Yellow Bees,UCB9m7QGwKOKQEGiYfWlu-Yg,367.0,944.0,Evan Spiegel interview 2017,Evan Spiegel,spiegel,SNAP,6.1
wmT3Et0FMv8,"Evan Spiegel: Co-Founder of Snap Inc, Once The Youngest Billionaire",Business Chronicles,UCBdgBP2KYZftBtQ7J_YMg1Q,775.0,934.0,Evan Spiegel full interview 2023,Evan Spiegel,spiegel,SNAP,12.9
8_CkUe6c-aw,Squawk Pod: Social Media at the Olympics: Evan Spiegel & Alexis Ohanian - 07/31/24 | Audio Only,CNBC Television,UCrp_UI8XtuYfpiqluWLD7Lw,1454.0,651.0,Evan Spiegel CNBC 2024,Evan Spiegel,spiegel,SNAP,24.2
rgLhGKwVRbw,"In Conversation: Michael Govan, Evan Spiegel, Elizabeth Alexander and Mayor Eric Garcetti",Los Angeles County Museum of Art,UCBrtMtJE5tqHLpCCqoPw-lg,3445.0,629.0,Evan Spiegel full interview 2019,Evan Spiegel,spiegel,SNAP,57.4
DhPKAj1H23E,"Quinn CEO Caroline Spiegel: Building A Sexy, Authentic Brand With Modern UX & Marketing Strategy",Brand & Marketing Talks,UCV2pz7GU54JSwQ1qYdg9DLg,2132.0,593.0,Evan Spiegel Bloomberg interview 2020,Evan Spiegel,spiegel,SNAP,35.5
9N0O_SQuf0Y,Evan Spiegel is a Genius | EP 452,Group Chat News,UCj0Zw9qAg8IUdT-URir8zrA,4290.0,592.0,Evan Spiegel full interview 2018,Evan Spiegel,spiegel,SNAP,71.5
v6mdGNY_0lA,Snap CEO Evan Spiegel is Betting on Smart Glasses | The Circuit with Emily Chang,Bloomberg Podcasts,UChF5O40UBqAc82I7-i5ig6A,3181.0,576.0,Evan Spiegel interview 2025,Evan Spiegel,spiegel,SNAP,53.0
UQVp-yG08SI,Signal 2020  - John Battelle Evan Spiegel Jeremi Gorman,Signal360,UCmI91XokgClwok4kruG9fZQ,1684.0,483.0,Evan Spiegel interview 2020,Evan Spiegel,spiegel,SNAP,28.1
maHHN2wjuGg,Gildenhorn Book Talk with Evan Osnos and Margaret Brennan,The Aspen Institute,UCoiTVuiMdqBRMSBGMEcmxCw,2987.0,475.0,Evan Spiegel Bloomberg interview 2023,Evan Spiegel,spiegel,SNAP,49.8
tyj0SftZ9ro,Snap CEO Evan Spiegel: We’re definitely a tech company,CNBC Television,UCrp_UI8XtuYfpiqluWLD7Lw,303.0,461.0,Evan Spiegel interview 2017,Evan Spiegel,spiegel,SNAP,5.0
8RRpO9umlpA,Snapchat CEO Evan Spiegel REVEALS Why He Said No to $3 Billion & More! -  SUMMARY DOAC podcast,Podcast Digest,UC4WQtUrmQiCkEUbzJKkFIrg,592.0,457.0,Evan Spiegel interview 2025,Evan Spiegel,spiegel,SNAP,9.9
KG3g5xrvA2k,"Signal360 Archives: Evan Spiegel speaks at Signal conference, 2015",Signal360,UCmI91XokgClwok4kruG9fZQ,1149.0,424.0,Evan Spiegel interview 2022,Evan Spiegel,spiegel,SNAP,19.2
f6vAV9GCKgg,Snap CEO Evan Spiegel explains why he doesn’t get upset when Facebook copies their features,Startup Archive,UCQrZfl1FeCN9c71yjOzWVRw,217.0,415.0,Evan Spiegel interview 2025,Evan Spiegel,spiegel,SNAP,3.6
STohXQIq_lg,Poor India Snapchat CEO Evan Spiegel to the F.Country of Sundar pichai,RayApp TV,UCeDElgaXujyJNqaPQ8aJj8g,253.0,376.0,Evan Spiegel full interview 2022,Evan Spiegel,spiegel,SNAP,4.2
rg8wzNgFy1k,Evan Spiegel Net Worth 2019 | CEO Snapchat,NetworthoHub Official,UCwSoneBzbsqloNjGCpHKxRw,329.0,334.0,Evan Spiegel full interview 2017,Evan Spiegel,spiegel,SNAP,5.5
9YcPCNIpLdo,Evans Spiegel Biography | Animated Video | CEO of Snap Inc.,Fame TV,UCOIiLpJAzpU7FGj06QEGDmA,390.0,332.0,Evan Spiegel interview 2020,Evan Spiegel,spiegel,SNAP,6.5
Gfk7KbjQLOA,Snap's Team In India Has Doubled Over The Last Year: Snap CEO Evan Spiegel | CNBC TV18,CNBC-TV18,UCmRbHAgG2k2vDUvb3xsEunQ,766.0,323.0,Evan Spiegel interview 2024,Evan Spiegel,spiegel,SNAP,12.8
qqQvwK_UQVk,Snap CEO Evan Spiegel Specs represent an opportunity to bring computing into the world,WillowVC,UCW8ZYBxFJj6aWTQBcPYNsag,457.0,309.0,Evan Spiegel interview 2026,Evan Spiegel,spiegel,SNAP,7.6
hFsw2gmsWZc,Evan Spiegel (CoFounder & CEO of Snapchat) | BILLIONAIRE BIOGRAPHY,HUSTLE HUB,UCniDoBtk1L-dUJzn2z5aG4A,218.0,174.0,Evan Spiegel CNBC 2023,Evan Spiegel,spiegel,SNAP,3.6
k-kIU0vzdpg,Club Internet #2 | La vie secrète d’Evan Spiegel,Numerama,UCAz-755tH3m8_BwaluzdJwQ,5063.0,167.0,Evan Spiegel interview 2022,Evan Spiegel,spiegel,SNAP,84.4
LUvaQ6orpoA,Highlights of Evan Spiegel on The Diary Of A CEO,what's trending,UCpSU9JdljgsH02unPQdDdpw,1183.0,147.0,Evan Spiegel interview 2025,Evan Spiegel,spiegel,SNAP,19.7
MLRkLAg_QRc,30 Minutes With Snapchat CEO Evan Spiegal,Fortune Fastlane,UCbpTa3LTmTWjnpi5QgPLqdA,1838.0,113.0,Evan Spiegel Bloomberg interview 2019,Evan Spiegel,spiegel,SNAP,30.6
5yCM6fzEXc4,10 Things You Didn’t Know About Snapchat's CEO Evan Spiegel,Business Hub,UCg-wKxdNKxknT0e0evWMs6A,437.0,109.0,Evan Spiegel interview 2020,Evan Spiegel,spiegel,SNAP,7.3
mbyN_9d3pnc,How Snapchat (Evan Spiegel) altered our Brain Cells?,Peoples College,UCgeGmh9vcBv97lKSdQx6g9A,378.0,94.0,Evan Spiegel interview 2021,Evan Spiegel,spiegel,SNAP,6.3
MUWdQmPEHqQ,Snap Inc  SNAP CEO Evan Spiegel on Q3 2020 Results,Daily Earnings Calls,UC2KSj189drlAWDWYiI8E2GA,4260.0,90.0,Evan Spiegel CNBC 2020,Evan Spiegel,spiegel,SNAP,71.0
LhMj3Yh054c,Snap Inc  SNAP CEO Evan Spiegel on Q4 2019 Results,Daily Earnings Calls,UC2KSj189drlAWDWYiI8E2GA,4025.0,88.0,Evan Spiegel interview 2019,Evan Spiegel,spiegel,SNAP,67.1
QGhtL_UAMv0,Interview with Snapchat CEO | Evan Spaghetti,crumply paperbag,UCI5Bs12ofC66QvXuxxtIsfw,261.0,78.0,Evan Spiegel interview 2017,Evan Spiegel,spiegel,SNAP,4.4
K-HBS1iavtQ,"Snapchapt CEO Evan Spiegel says, India is 'too poor' for Snapchat",ZOHAIB AZAM,UCEiW_2tqtmwwLNvWK2aPqNw,298.0,67.0,Evan Spiegel Bloomberg interview 2020,Evan Spiegel,spiegel,SNAP,5.0
gx3hs_O8bZs,Evan Spiegel: The Story Behind the Richest Man in Silicon Valley,BILLIONAIRES STORIES,UCFjPGk2IH-yODnK4bajJcLQ,273.0,65.0,Evan Spiegel CNBC 2023,Evan Spiegel,spiegel,SNAP,4.6
POVKOYQWZS4,snapchat ceo evan spiegel  india exposed!!,Finsec Rising,UC0DK793yNAq4aBeHXavID0g,1187.0,64.0,Evan Spiegel CNBC 2023,Evan Spiegel,spiegel,SNAP,19.8
Xfof-dXgF24,Evan Spiegel y el futuro de las redes sociales,Tribuna Networks,UCRBDyQP_WXArXGftJB5MOgA,343.0,63.0,Evan Spiegel CNBC 2025,Evan Spiegel,spiegel,SNAP,5.7
7A8zkWbd4d0,Snap Inc  SNAP CEO Evan Spiegel on Q1 2020 Results,Daily Earnings Calls,UC2KSj189drlAWDWYiI8E2GA,4340.0,42.0,Evan Spiegel interview 2020,Evan Spiegel,spiegel,SNAP,72.3
AZtT44qgv8s,"Evan Spiegel, CEO, Snap The Importance of Privacy in Communication","Snowpal, Inc.",UCCNhPiD526Ek_RNKe5Vp_GA,387.0,35.0,Evan Spiegel interview 2025,Evan Spiegel,spiegel,SNAP,6.4
2ud4W5urmks,Want to build the next big app? Learn from Evan Spiegel's blueprint for success,WealthVigilante,UC5oZ2Y7GR4E3HUAkk2p60Ag,261.0,33.0,Evan Spiegel interview 2024,Evan Spiegel,spiegel,SNAP,4.4
DGlsw1EiF_o,Evan Spiegel Exclusive Interview,Eugene,UC2j3qop2aWHjg6YI78nedeg,716.0,29.0,Evan Spiegel interview 2020,Evan Spiegel,spiegel,SNAP,11.9
TT1Lf6VoUWI,Evan Spiegel Childhood Story Plus Untold Biography Facts- Evan Spiegel then and now 2021,Then and Now,UC9KL7r3j3a-rUjzVQydfHPA,938.0,27.0,Evan Spiegel full interview 2021,Evan Spiegel,spiegel,SNAP,15.6
eurhZtzNCzw,#24 - Snapchat CEO/Founder Evan Spiegel on Dairy of a CEO with Steven Bartlett,The Follow Up,UC4gN5NsZnemtc7WnoqctYEQ,5633.0,23.0,Evan Spiegel interview 2025,Evan Spiegel,spiegel,SNAP,93.9
cU_8wvHx-3w,Snapchat boss evan spiegel on the app that made him one of the world's youngest billionaires,eric tran,UCYPmEoKgeSr3_EbvENb9icA,781.0,19.0,Evan Spiegel interview 2017,Evan Spiegel,spiegel,SNAP,13.0
qN939uh98iM,Inside Snap CEO Evan Spiegel's Secretive Leadership,SCIENCE and TECHNOLOGY,UCQ97deOt2qmWC-Wpv8YkKQg,322.0,16.0,Evan Spiegel CNBC 2017,Evan Spiegel,spiegel,SNAP,5.4
rtdRu_EHDHI,Evan Spiegel: The Architect of Snapchat,pplpod,UCeSTOg6v5l-nLhGPCsjPzyA,1704.0,14.0,Evan Spiegel interview 2026,Evan Spiegel,spiegel,SNAP,28.4
jC3wh4aOg-g,EVAN SPIEGEL – “THE VANISHING BILLIONAIRE: EVAN SPIEGEL & SNAPCHAT” #snapchat,Twenty One Business,UCtuzmLX02rN-PF3ZnxAJy0A,1541.0,8.0,Evan Spiegel interview 2025,Evan Spiegel,spiegel,SNAP,25.7
Vpy1i6zn5d4,Software is NOT a Moat! Evan Spiegel’s Warning: Why your App is easily COPIED.,LittleCodeHero,UCb7XiDqApY30HykoDk0snfA,444.0,8.0,Evan Spiegel interview 2026,Evan Spiegel,spiegel,SNAP,7.4
z5Uz9K0GtHQ,Augmented reality is important to the growth of our business ||  SNAP CEO Evan Spiege,Luxury Lifestyle ,UCFmFE7LQfbredUyDYLSAheQ,537.0,7.0,Evan Spiegel interview 2023,Evan Spiegel,spiegel,SNAP,9.0
pS7uDgrP6EE,Miranda Kerr Reveals Evan Spiegel’s Shocking No Screen Rule for Their Four Kids,FlagPoint News,UCMv1pKHCFq5rtbeso5h086g,430.0,1.0,Evan Spiegel interview 2025,Evan Spiegel,spiegel,SNAP,7.2
6fs_lyGn4YA,Robinhood CEO Vlad Tenev speaks to Cuomo after GameStop stock chaos,CNN,UCupvZG-5ko_eiXAupbDfxWw,351.0,1120158.0,Vlad Tenev interview 2021,Vlad Tenev,tenev,HOOD,5.8
cuCcchMOsKE,Robinhood CEO Vlad Tenev speaks out on decision to restrict trading on GameStop and other stocks,CNBC Television,UCrp_UI8XtuYfpiqluWLD7Lw,272.0,661503.0,Vlad Tenev interview 2021,Vlad Tenev,tenev,HOOD,4.5
LqoJApzkaPU,Dave Portnoy vs Robinhood CEO Vlad LIVE,Barstool Sports,UCifWD4FBa4eaKK7HLF0PlTA,2309.0,391700.0,Vlad Tenev interview 2021,Vlad Tenev,tenev,HOOD,38.5
F6n7b_MkZwI,The Wartime CEO: Vlad Tenev of Robinhood,Sequoia Capital,UCWrF0oN6unbXrWsTN7RctTw,2605.0,247866.0,Vlad Tenev interview 2026,Vlad Tenev,tenev,HOOD,43.4
5AQpkz-YhkQ,"Robinhood CEO Vlad Tenev on tokenizing stocks, expanding access to private shares, fintech's future",All-In Podcast,UCESLZhusAkFfsNsApnjF_Cg,1569.0,178595.0,Vlad Tenev interview 2025,Vlad Tenev,tenev,HOOD,26.2
TOugX8Y-bC4,"How Jason Met Robinhood CEO, Vlad Tenev",This Week in Startups Clips,UCS7tJlcUA6PzVHEMo-X7ddg,418.0,176284.0,Vlad Tenev interview 2026,Vlad Tenev,tenev,HOOD,7.0
muio0sMXT4Q,Barstool Sports' Dave Portnoy grills Robinhood CEO Vlad Tenev on GameStop saga,CNBC Television,UCrp_UI8XtuYfpiqluWLD7Lw,391.0,157284.0,Vlad Tenev interview 2021,Vlad Tenev,tenev,HOOD,6.5
SYYccbE0zC8,Robinhood CEO Vlad Tenev: Tokenization will take over the entire financial system,CNBC Television,UCrp_UI8XtuYfpiqluWLD7Lw,423.0,115502.0,Vlad Tenev interview 2026,Vlad Tenev,tenev,HOOD,7.0
HopEdff0RCU,E22: Robinhood CEO Vlad Tenev breaks down the GameStop situation,All-In Podcast,UCESLZhusAkFfsNsApnjF_Cg,2978.0,113839.0,Vlad Tenev interview 2021,Vlad Tenev,tenev,HOOD,49.6
R7Ukyc1Nd3U,"Robinhood CEO Vlad Tenev on state of retail investing, crypto bill and prediction markets",CNBC Television,UCrp_UI8XtuYfpiqluWLD7Lw,538.0,75506.0,Vlad Tenev interview 2025,Vlad Tenev,tenev,HOOD,9.0
-3dNJAwxI0U,Inside Robinhood Ventures Fund I: Bill Ackman in Conversation with Vlad Tenev,Robinhood,UCY55VHsy1umgvR35gl5bmUw,904.0,71474.0,Vlad Tenev interview 2026,Vlad Tenev,tenev,HOOD,15.1
HCHHkRlPjB0,Jim Cramer weighs in on Portnoy grilling Robinhood CEO Vlad Tenev,CNBC Television,UCrp_UI8XtuYfpiqluWLD7Lw,282.0,70580.0,Vlad Tenev CNBC 2021,Vlad Tenev,tenev,HOOD,4.7
_F8SfqaYeq4,A Cheeky Pint with Robinhood CEO Vlad Tenev,Stripe and Cheeky Pint,,3987.0,60825.0,Vlad Tenev interview 2025,Vlad Tenev,tenev,HOOD,66.4
MP7KAuOiRqA,Robinhood CEO Vlad Tenev goes one-on-one with Jim Cramer,CNBC Television,UCrp_UI8XtuYfpiqluWLD7Lw,762.0,59405.0,Vlad Tenev interview 2026,Vlad Tenev,tenev,HOOD,12.7
yXPyh9V5J_M,Robinhood CEO: THIS Will Change the Future of Finance ft. Vlad Tenev,Raoul Pal The Journey Man,UCVFSzL3VuZKP3cN9IXdLOtw,4394.0,54341.0,Vlad Tenev interview 2025,Vlad Tenev,tenev,HOOD,73.2
QtMetki094U,Bloomberg Wealth: Robinhood CEO Vlad Tenev,David Rubenstein,UCqsN9MYiu1mKSAsYoF6ppTg,1447.0,50337.0,Vlad Tenev interview 2025,Vlad Tenev,tenev,HOOD,24.1
A0pl4vuKLDE,Robinhood CEO Vlad Tenev: Strategic Bitcoin Reserve is a 'sensible approach' by the administration,CNBC Television,UCrp_UI8XtuYfpiqluWLD7Lw,393.0,48500.0,Vlad Tenev CNBC 2025,Vlad Tenev,tenev,HOOD,6.6
lIgMkTkjdDM,"ROBINHOOD'S CEO VLAD TENEV ON GAMESTOP CONTROVERSY, WALLSTREET, & CHANGING FINANCE",Earn Your Leisure,UCRVsqvXIdgyPVS-a6fGa1lA,4854.0,47649.0,Vlad Tenev interview 2021,Vlad Tenev,tenev,HOOD,80.9
SSL487Dp2CA,Robinhood Goes ALL-IN on Bitcoin & Crypto | Vlad Tenev,Anthony Pompliano,UCevXpeL8cNyAnww-NqJ4m2w,2950.0,46353.0,Vlad Tenev interview 2024,Vlad Tenev,tenev,HOOD,49.2
xQFIG3ai8sA,"""Everything is an Investment!"" - Robinhood CEO Reveals His Philosophy on Money | Vlad Tenev",The Iced Coffee Hour Clips,UCeBQ24VfikOriqSdKtomh0w,482.0,43318.0,Vlad Tenev interview 2025,Vlad Tenev,tenev,HOOD,8.0
YmGI5be0NUo,Robinhood CEO Vlad Tenev: Bitcoin's gone from largely being ridiculed to being taken very seriously,CNBC Television,UCrp_UI8XtuYfpiqluWLD7Lw,349.0,41021.0,Vlad Tenev CNBC 2024,Vlad Tenev,tenev,HOOD,5.8
hDLX1ShOKxc,Robinhood CEO Vlad Tenev on the free-trading app going public,CNBC Television,UCrp_UI8XtuYfpiqluWLD7Lw,343.0,34181.0,Vlad Tenev interview 2021,Vlad Tenev,tenev,HOOD,5.7
MpoKCzJVrU0,Robinhood CEO Vlad Tenev on platform's new fleet of financial services,CNBC Television,UCrp_UI8XtuYfpiqluWLD7Lw,1739.0,31400.0,Vlad Tenev CNBC 2025,Vlad Tenev,tenev,HOOD,29.0
7ULpNj-wzYE,Robinhood CEO Vlad Tenev on bitcoin rally: Market is reacting to the 'Trump pump',CNBC Television,UCrp_UI8XtuYfpiqluWLD7Lw,413.0,30206.0,Vlad Tenev interview 2024,Vlad Tenev,tenev,HOOD,6.9
ArXE97SUY1Q,Robinhood CEO Vlad Tenev Is Building A Financial Super App | Basis Points Episode 3,Basis Points ,UCbLnGi1DOeB9TLZ-MoheK2Q,3948.0,29982.0,Vlad Tenev interview 2026,Vlad Tenev,tenev,HOOD,65.8
3uwewm8IIl4,Inside Robinhood Ventures Fund I: Brad Gerstner in Conversation with Vlad Tenev and Shiv Verma,Robinhood,UCY55VHsy1umgvR35gl5bmUw,1304.0,26961.0,Vlad Tenev interview 2026,Vlad Tenev,tenev,HOOD,21.7
jReZeeWwKnA,Robinhood CEO Just Messaged Me ⚠️ Dogecoin VS Vlad Tenev PT 2 ⚠️,Final Stand,UCXqaGIjJysa810FJKvYvcJQ,341.0,26817.0,Vlad Tenev interview 2023,Vlad Tenev,tenev,HOOD,5.7
mVylNQ0p97w,Vlad Tenev’s Vision for the Future of Robinhood,Future Investing,UCvWx0-NX-9qVLCSW9yjdX-g,2283.0,25518.0,Vlad Tenev interview 2026,Vlad Tenev,tenev,HOOD,38.0
LrEzknmEzaE,Sitting Down With the CEO & CoFounder of Robinhood: Vlad Tenev,Amit Kukreja,UCjZnbgPb08NFg7MHyPQRZ3Q,3510.0,24025.0,Vlad Tenev full interview 2021,Vlad Tenev,tenev,HOOD,58.5
LlVa6SAFJzI,"Fireside Chat with Vlad Tenev, Robinhood CEO",Robinhood,UCY55VHsy1umgvR35gl5bmUw,1409.0,24011.0,Vlad Tenev full interview 2021,Vlad Tenev,tenev,HOOD,23.5
HXS3bikeGe4,CEO Vlad Tenev at GameStop hearing: Two percent of Robinhood customers borrow at margin,CNBC Television,UCrp_UI8XtuYfpiqluWLD7Lw,316.0,22806.0,Vlad Tenev CNBC 2021,Vlad Tenev,tenev,HOOD,5.3
Jwu6F4TMYCo,Robinhood CEO Tenev Talks Crypto Rules and Prediction Markets,Bloomberg Television,UCIALMKvObZNtJ6AmdCLP7Lg,847.0,22324.0,Vlad Tenev interview 2026,Vlad Tenev,tenev,HOOD,14.1
CAi6HoyGaB8,"Robinhood Founder & CEO, Vlad Tenev: Robinhood’s $85BN Resurgence & Tokenizing SpaceX & OpenAI",20VC with Harry Stebbings,UCf0PBRjhf0rF8fWBIxTuoWA,3736.0,22257.0,Vlad Tenev interview 2022,Vlad Tenev,tenev,HOOD,62.3
Em25dLAxqDE,Robinhood CEO Just Followed Me! Vlad Tenev Dogecoin EXPOSED? ⚠️,Final Stand,UCXqaGIjJysa810FJKvYvcJQ,255.0,21991.0,Vlad Tenev interview 2022,Vlad Tenev,tenev,HOOD,4.2
IGv1zNOj86c,Alexandria Ocasio-Cortez spars with Robinhood CEO Vlad Tenev during Gamestop hearing,The Hill,UCPWXiRWZ29zrxPFIQT7eHSA,318.0,21424.0,Vlad Tenev interview 2021,Vlad Tenev,tenev,HOOD,5.3
3DG6vkiRk_Q,Robinhood CEO Vlad Tenev on prediction markets: It's a great source of information,CNBC Television,UCrp_UI8XtuYfpiqluWLD7Lw,495.0,20784.0,Vlad Tenev interview 2026,Vlad Tenev,tenev,HOOD,8.2
MgOj1AQ9JqE,Robinhood CEO Vlad Tenev goes one-on-one with Jim Cramer,CNBC Television,UCrp_UI8XtuYfpiqluWLD7Lw,674.0,19823.0,Vlad Tenev interview 2025,Vlad Tenev,tenev,HOOD,11.2
gQTMFV0c9ZE,"Whenever people think crypto is over, people build new products: Robinhood CEO Vlad Tenev",CNBC Television,UCrp_UI8XtuYfpiqluWLD7Lw,229.0,18695.0,Vlad Tenev interview 2022,Vlad Tenev,tenev,HOOD,3.8
aPm8wj5J2UE,Vlad Tenev and Tudor Achim on mathematical superintelligence and the end of buggy software,Summation with Auren Hoffman,UC6Snzg5AdYIxwPrkxwt9aBw,2935.0,18269.0,Vlad Tenev interview 2026,Vlad Tenev,tenev,HOOD,48.9
Cvi7sJseB5Q,Robinhood CEO Vlad Tenev on tariffs: I'm a fan of free trade,CNBC Television,UCrp_UI8XtuYfpiqluWLD7Lw,443.0,16045.0,Vlad Tenev interview 2025,Vlad Tenev,tenev,HOOD,7.4
-DvM1mogbjY,"The U.S. is ready to take the lead in digital assets, says Robinhood CEO Vlad Tenev",CNBC Television,UCrp_UI8XtuYfpiqluWLD7Lw,190.0,15862.0,Vlad Tenev interview 2025,Vlad Tenev,tenev,HOOD,3.2
4fCBwwBPHNc,Robinhood CEO Vlad Tenev on launching retirement accounts with a 1% match,CNBC Television,UCrp_UI8XtuYfpiqluWLD7Lw,259.0,15748.0,Vlad Tenev CNBC 2022,Vlad Tenev,tenev,HOOD,4.3
BZwsXCyIdgs,Maxine Waters GRILLS Robinhood CEO Vlad Tenev in RAPID-FIRE questioning on Gamestop,Forbes Breaking News,UCg40OxZ1GYh3u3jBntB6DLg,303.0,15085.0,Vlad Tenev interview 2021,Vlad Tenev,tenev,HOOD,5.0
OlRSu5uXQmY,The Stock Market Is About to Change FOREVER | Vlad Tenev,The Iced Coffee Hour Clips,UCeBQ24VfikOriqSdKtomh0w,565.0,14782.0,Vlad Tenev interview 2026,Vlad Tenev,tenev,HOOD,9.4
7cvVgxJYb-I,"CEO Vlad Tenev on Robinhood's Record Year (+200%, ~$100B Market Cap)",Sourcery with Molly O'Shea,UCryX1BS5mlkAT7rwwJ45jwA,3376.0,14625.0,Vlad Tenev full interview 2021,Vlad Tenev,tenev,HOOD,56.3
Q_zA8DXfq7A,"Robinhood CEO Vlad Tenev on UK Launch, Market Opportunities",Bloomberg Television,UCIALMKvObZNtJ6AmdCLP7Lg,815.0,14143.0,Vlad Tenev interview 2023,Vlad Tenev,tenev,HOOD,13.6
WI2J4cv1Cy8,Vlad Tenev's Vision For Robinhood Leaves Investor STUNNED,Future Investing,UCvWx0-NX-9qVLCSW9yjdX-g,1974.0,13130.0,Vlad Tenev full interview 2024,Vlad Tenev,tenev,HOOD,32.9
0jbbinhLAlw,A Conversation with Robinhood co-founder and CEO Vlad Tenev,The Knowledge Project Podcast,UCLtTf_uKt0Itd0NG7txrwXA,6579.0,13063.0,Vlad Tenev interview 2022,Vlad Tenev,tenev,HOOD,109.6
752hmk3IdcY,Robinhood CEO Vlad Tenev breaks down how Trump Accounts work,CBS News,UC8p1vwvWtl6T73JiExfWs1g,397.0,13017.0,Vlad Tenev interview 2026,Vlad Tenev,tenev,HOOD,6.6
_grMSbaHLrY,Robinhood CEO Vlad Tenev on Bitstamp acquisition: Accelerates our plans for international expansion,CNBC Television,UCrp_UI8XtuYfpiqluWLD7Lw,412.0,12939.0,Vlad Tenev CNBC 2024,Vlad Tenev,tenev,HOOD,6.9
6HCkgjJFguo,AOC (D-NY) grills Robinhood CEO Vlad Tenev at GameStop hearing,Yahoo Finance,UCEAZeUIeJs0IjQiqTCdVSIg,350.0,12766.0,Vlad Tenev interview 2021,Vlad Tenev,tenev,HOOD,5.8
Ovp3N-102LQ,"Robinhood Announces Tokenized Stocks! LIVE with CEO Vlad Tenev, Johann Kerbrat, and AJ Warner",Bankless,UCAl9Ld79qaZxp9JzEOwd3aA,3457.0,11724.0,Vlad Tenev full interview 2025,Vlad Tenev,tenev,HOOD,57.6
rgrBz314ucg,"CNBC & Vlad Tenev Today On GameStop, Roaring Kitty, GME Stock - GME Update",FinVid,UCTPm4y283GIygUCq4a_T96Q,790.0,11503.0,Vlad Tenev CNBC 2024,Vlad Tenev,tenev,HOOD,13.2
msOF9zIv2Oc,Robinhood CEO Vlad Tenev: Prediction markets are the future,CNBC Television,UCrp_UI8XtuYfpiqluWLD7Lw,387.0,10869.0,Vlad Tenev interview 2025,Vlad Tenev,tenev,HOOD,6.4
P9FsbGqj4sY,Robinhood CEO Vlad Tenev: Our experience is 'quite good' for small and larger accounts,CNBC Television,UCrp_UI8XtuYfpiqluWLD7Lw,237.0,10366.0,Vlad Tenev interview 2023,Vlad Tenev,tenev,HOOD,4.0
n0ZPBNFAvA0,Robinhood CEO Vlad Tenev on Q1 earnings results,CNBC Television,UCrp_UI8XtuYfpiqluWLD7Lw,373.0,10226.0,Vlad Tenev interview 2023,Vlad Tenev,tenev,HOOD,6.2
6UYUQfxtjFo,Watch CNBC's full interview with Robinhood CEO Vlad Tenev from Bitcoin 2025,CNBC Television,UCrp_UI8XtuYfpiqluWLD7Lw,881.0,10145.0,Vlad Tenev interview 2025,Vlad Tenev,tenev,HOOD,14.7
pxolJ9ijVVc,"Robinhood's Crypto Pivot with Vlad Tenev, Co-Founder, CEO",Bankless,UCAl9Ld79qaZxp9JzEOwd3aA,2220.0,9735.0,Vlad Tenev interview 2022,Vlad Tenev,tenev,HOOD,37.0
MKw850489GA,Robinhood’s Big Crypto & Stablecoin Plans | Vlad Tenev Interview,Thinking Crypto,UCjpkwsuHgYx9fBE0ojsJ_-w,3164.0,9213.0,Vlad Tenev full interview 2025,Vlad Tenev,tenev,HOOD,52.7
UKUCkwr3Ip8,From Startup to Legend: Vlad Tenev & Howard Lindzon Recount Robinhood’s Rise,Stocktwits,UC-jIhZaxorxp2_TXJaWKZcQ,1732.0,8967.0,Vlad Tenev full interview 2025,Vlad Tenev,tenev,HOOD,28.9
i8hJ9LwGvqU,"Rep. Michael San Nicolas Warns RobinHood CEO Vlad Tenev, Defends GameStop Investors",Equals Four Media,UCj7Bh-21XzthQRjA8NNPr0g,270.0,8876.0,Vlad Tenev interview 2023,Vlad Tenev,tenev,HOOD,4.5
hpRPYVVO4uU,"Vlad Tenev, Robinhood's co-founder | Candid with Index | In conversation with Jan Hammer",Index Ventures,UCFMxDWNYefVV3XmCdCBCFjQ,1130.0,8549.0,Vlad Tenev interview 2024,Vlad Tenev,tenev,HOOD,18.8
Q0LlDbpbHr8,Inside the Growth of Robinhood with Vlad Tenev,HD in HD Podcast,UCMfS_4A_tGlAk5BVZXjUhFQ,6983.0,8095.0,Vlad Tenev interview 2024,Vlad Tenev,tenev,HOOD,116.4
iwlBGAfavO4,AOC grills Robinhood CEO Vlad Tenev at Gamestop hearing,Forbes Breaking News,UCg40OxZ1GYh3u3jBntB6DLg,294.0,7821.0,Vlad Tenev interview 2021,Vlad Tenev,tenev,HOOD,4.9
_AnmddVaLEo,"Robinhood CEO Vlad Tenev calls Trump Accounts 'amazing', recaps CEO roundtable with the president",CNBC Television,UCrp_UI8XtuYfpiqluWLD7Lw,346.0,7562.0,Vlad Tenev interview 2025,Vlad Tenev,tenev,HOOD,5.8
1p4-12k_EbE,How Robinhood became a $68B company w/ Vlad Tenev,This Week in Startups,UCkkhmBWfS7pILYIk0izkc3A,2944.0,7028.0,Vlad Tenev interview 2026,Vlad Tenev,tenev,HOOD,49.1
J2pL0dLO_cg,Robinhood CEO Vlad Tenev: Payment for order flow has helped establish free trading,CNBC Television,UCrp_UI8XtuYfpiqluWLD7Lw,327.0,6997.0,Vlad Tenev CNBC 2022,Vlad Tenev,tenev,HOOD,5.4
P_N4xtd8EyM,"Vlad Tenev on Robinhood’s Massive Q1, Tokenization & the Future of Finance",Stocktwits,UC-jIhZaxorxp2_TXJaWKZcQ,1840.0,6878.0,Vlad Tenev full interview 2025,Vlad Tenev,tenev,HOOD,30.7
LTjs7s6tHHY,I asked Vlad about the Future of Robinhood Banking [Exclusive Interview],Tevis,UChvd7RCRJS50RWlwbfcwr3A,2383.0,6701.0,Vlad Tenev full interview 2025,Vlad Tenev,tenev,HOOD,39.7
gXkA8VJPohE,Fireside Chat with Robinhood CEO Vlad Tenev and Crypto COO Christine Brown,Robinhood,UCY55VHsy1umgvR35gl5bmUw,2599.0,6661.0,Vlad Tenev interview 2022,Vlad Tenev,tenev,HOOD,43.3
UWs3Vg7atvw,"Robinhood CEO Vlad Tenev on Crypto, Growth, and 'Dumb Money' | At Barron's",Barron's,UCOfQuCs1g5_wjr3GPKKYSoA,1339.0,6450.0,Vlad Tenev interview 2024,Vlad Tenev,tenev,HOOD,22.3
GTGrD14cT1A,"Most of our deposits come from existing customers, says Robinhood CEO Vlad Tenev",CNBC Television,UCrp_UI8XtuYfpiqluWLD7Lw,337.0,5938.0,Vlad Tenev CNBC 2024,Vlad Tenev,tenev,HOOD,5.6
WMGvmbO9l_s,Vlad Tenev: How Tokenization Is Setting Up The Greatest Finance Boom Ever (Access For All),The Rollup,UCC2UPtfjtdAgofzuxUPZJ6g,345.0,5769.0,Vlad Tenev CNBC 2026,Vlad Tenev,tenev,HOOD,5.8
UH7HtR20AF8,"Humphrey Talks IPOs with Robinhood CEO, Vlad Tenev!",Humphrey Yang,UCFBpVaKCC0ajGps1vf0AgBg,743.0,5589.0,Vlad Tenev interview 2022,Vlad Tenev,tenev,HOOD,12.4
DmpRLICIwfg,Robinhood CEO Vlad Tenev tries to explain why they shut down trading,Turncoat Don,UCTWr4RLNSl-dByYZE2mf71g,573.0,5538.0,Vlad Tenev interview 2021,Vlad Tenev,tenev,HOOD,9.6
aSYPc8xsLbU,"ETL Speaker Series: Vlad Tenev, Robinhood",Stanford eCorner,UCctkeBNtFIOn7Yl_9TTj_4w,3001.0,5214.0,Vlad Tenev Bloomberg interview 2021,Vlad Tenev,tenev,HOOD,50.0
1ZT21aiGZ_g,"Robinhood CEO Vlad Tenev on ""Bloomberg Studio 1.0""",Bloomberg Tech,UCrM7B7SL_g1edFOnmj-SDKg,1447.0,5168.0,Vlad Tenev interview 2021,Vlad Tenev,tenev,HOOD,24.1
ljI_O210W3U,Robinhood CEO Vlad Tenev on Tokenization and Prediction Markets for Everything | Odd Lots,Bloomberg Podcasts,UChF5O40UBqAc82I7-i5ig6A,3264.0,4757.0,Vlad Tenev interview 2026,Vlad Tenev,tenev,HOOD,54.4
uAATDJdupx4,Vlad Tenev Pt. 1,Tetragrammaton with Rick Rubin,UC5Gat6FdyiG5ydUUHqPTAEQ,5948.0,4665.0,Vlad Tenev full interview 2021,Vlad Tenev,tenev,HOOD,99.1
JycsRIvYRDY,"""This is Just the Beginning for Robinhood’s Expansion"" | Feat. Vlad Tenev",Future Investing,UCvWx0-NX-9qVLCSW9yjdX-g,1368.0,4399.0,Vlad Tenev full interview 2024,Vlad Tenev,tenev,HOOD,22.8
UDz3FVuRURQ,Elon Musk VS Robinhood CEO Vlad - FULL CLUBHOUSE INTERVIEW,Elon Musk Addict,UCCh4AtUCAhIbmOZbAbB-AhA,1143.0,3621.0,Vlad Tenev interview 2021,Vlad Tenev,tenev,HOOD,19.0
XcJaW_XBulE,INTERVIEWING ROBINHOOD CEO VLAD TENEV - HAIKHUU 2021,HaiKhuu Trading,UCz6OVvj6ROf-s3-QGnIrebg,1930.0,3271.0,Vlad Tenev interview 2021,Vlad Tenev,tenev,HOOD,32.2
udJo1mnHMk0,A Conversation with Robinhood Founder Vlad Tenev - TOKEN2049 Singapore 2025,TOKEN2049,UC7DhZfhfKKPdTwWwd3dTEgA,1310.0,3122.0,Vlad Tenev interview 2025,Vlad Tenev,tenev,HOOD,21.8
xO4DfwwkZNw,Robinhood CEO Tenev on ‘Humbling’ Moment of IPO,Bloomberg Television,UCIALMKvObZNtJ6AmdCLP7Lg,497.0,2954.0,Vlad Tenev CNBC 2021,Vlad Tenev,tenev,HOOD,8.3
6FzsO0MMdog,"Robinhood Just at Beginnings of Prediction Markets, CEO Tenev Says",Bloomberg Television,UCIALMKvObZNtJ6AmdCLP7Lg,558.0,2750.0,Vlad Tenev interview 2026,Vlad Tenev,tenev,HOOD,9.3
acQwymTcCvM,Vlad Tenev Pt. 2,Tetragrammaton with Rick Rubin,UC5Gat6FdyiG5ydUUHqPTAEQ,5120.0,2073.0,Vlad Tenev full interview 2026,Vlad Tenev,tenev,HOOD,85.3
7fKgOSxhTPw,Robinhood CEO Vlad Tenev and Paxos CEO Charles Cascarilla on How to Avoid Another GameStop - Ep.236,Unchained,UCWiiMnsnw5Isc2PP1to9nNw,3011.0,2043.0,Vlad Tenev full interview 2021,Vlad Tenev,tenev,HOOD,50.2
ZvT3YCfKP5g,Vlad Tenev is DESTROYING America's Youth - Robinhood IRA Match INSIDIOUS Master Plan,Strong Man Personal Finance,UCYSWfPVcSFIIhKrnp7cAiXw,1389.0,1568.0,Vlad Tenev interview 2023,Vlad Tenev,tenev,HOOD,23.2
-PGfmOqkkxw,Elon Musk Interviews Robinhood CEO Vlad Tenev on Clubhouse,Origin Cloth,UCqt3Ft19CnPCbIn1GoQH57g,1021.0,1490.0,Vlad Tenev interview 2021,Vlad Tenev,tenev,HOOD,17.0
OSySnYaXkEM,THE FUTURE OF ROBINHOOD: Interview with Robinhood CEO Vlad Tenev,StockMKTNewz,UCECkLB29f-aZ6E-Ftg1qC2Q,1875.0,1400.0,Vlad Tenev interview 2024,Vlad Tenev,tenev,HOOD,31.2
wDq8JZnJzFc,ROBINHOOD CEO VLADIMIR TENEV ON GAMESTOP DRAMA,FULL SEND Podcast Clips,UCOgGwJ2o1mxeS4eVb9_UQaw,302.0,1368.0,Vlad Tenev interview 2026,Vlad Tenev,tenev,HOOD,5.0
hb4q15CLzro,Robinhood’s Next Chapter With Co-founder and CEO Vlad Tenev | TechCrunch Disrupt 2023,TechCrunch,UCCjyq_K1Xwfg8Lndy7lKMpA,1618.0,1162.0,Vlad Tenev interview 2023,Vlad Tenev,tenev,HOOD,27.0
q88Kxf4-uqg,Robinhood CEO Vlad Tenev talks crypto and revolutionizing finance,The Tech and Tea Show,UCIgG2JVwMxLpGpmnyHIe7gg,2246.0,913.0,Vlad Tenev full interview 2025,Vlad Tenev,tenev,HOOD,37.4
FrdU7QwhqJ8,Robinhood CEO Vlad Tenev Talks Prediction Markets Growth | Bloomberg Talks,Bloomberg Podcasts,UChF5O40UBqAc82I7-i5ig6A,404.0,775.0,Vlad Tenev interview 2026,Vlad Tenev,tenev,HOOD,6.7
bgJBujBNEEU,"Watch CNBC's 2021 D50 Summit Interview with Robinhood CEO Vlad Tenev ""2021's Top Disruptor""",CNBC Events,UCqwreS1wKG2l_K2ESOtIlyA,2097.0,753.0,Vlad Tenev CNBC 2021,Vlad Tenev,tenev,HOOD,35.0
Em1fmXArjEY,"The Future of Investing: A Conversation with Vlad Tenev, Co-Founder and CEO of Robinhood",Operation HOPE,UChFioyshjiBB5L0EBISomQA,1205.0,738.0,Vlad Tenev Bloomberg interview 2021,Vlad Tenev,tenev,HOOD,20.1
YixQEsev3F4,ROBINHOOD'S VLAD TENEV INTERVIEW  THE FUTURE Part 2,Ian Dunlap,UClHKQWrHtcSWw3SWKGRJdZQ,820.0,637.0,Vlad Tenev interview 2024,Vlad Tenev,tenev,HOOD,13.7
vLCCv8qaN7c,HOOD Stock - Robinhood GREAT NEWS - Vlad Tenev Interview!  INVESTING - Martyn Lucas Investor,Martyn Lucas INVESTOR,UCylw1op1xq5NfVRXI3JxDsA,1041.0,614.0,Vlad Tenev interview 2024,Vlad Tenev,tenev,HOOD,17.4
Au4zRasHF3g,Congressman Gonzalez Questions Robinhood CEO Vladimir Tenev on Recent GameStop Stock Surge,Rep. Anthony Gonzalez,UC1GnxY58Cx2F47ULByqT0oA,312.0,596.0,Vlad Tenev interview 2022,Vlad Tenev,tenev,HOOD,5.2
kql5cG0pXZw,Robinhood CEO Vlad Tenev Talks Prediction Markets | Bloomberg Talks,Bloomberg Podcasts,UChF5O40UBqAc82I7-i5ig6A,873.0,533.0,Vlad Tenev Bloomberg interview 2026,Vlad Tenev,tenev,HOOD,14.6
zPlADObeAYA,Robinhood CEO Vlad Tenev Talks Need for Clarity on Stablecoin Policy | Bloomberg Talks,Bloomberg Podcasts,UChF5O40UBqAc82I7-i5ig6A,746.0,521.0,Vlad Tenev Bloomberg interview 2025,Vlad Tenev,tenev,HOOD,12.4
Gr1AhNYUNuc,Robinhood Markets Chairman & CEO Vladimir Tenev Talks Regulation | Bloomberg Talks,Bloomberg Podcasts,UChF5O40UBqAc82I7-i5ig6A,928.0,500.0,Vlad Tenev Bloomberg interview 2025,Vlad Tenev,tenev,HOOD,15.5
T4z9Ee26QHo,"Robinhood CEO Vlad Tenev Talks 3Q Earnings, Prediction Markets | Bloomberg Talks",Bloomberg Podcasts,UChF5O40UBqAc82I7-i5ig6A,535.0,432.0,Vlad Tenev Bloomberg interview 2025,Vlad Tenev,tenev,HOOD,8.9
T_vogqTQSzA,"RPA ROBINHOOD'S VLAD TENEV INTERVIEW  THE FUTURE, NEW FEATURES & TRADING ON PRESIDENTIAL ELECTIONS",Ian Dunlap,UClHKQWrHtcSWw3SWKGRJdZQ,1097.0,395.0,Vlad Tenev interview 2024,Vlad Tenev,tenev,HOOD,18.3
Jv5l_j8b9mM,Robinhood CEO Vlad Tenev Talks Prediction Markets | Bloomberg Talks,Bloomberg Podcasts,UChF5O40UBqAc82I7-i5ig6A,1066.0,335.0,Vlad Tenev Bloomberg interview 2025,Vlad Tenev,tenev,HOOD,17.8
v03mwcWszr4,Robinhood Markets CEO Vlad Tenev Talks Market & Hood Summit | Bloomberg Talks,Bloomberg Podcasts,UChF5O40UBqAc82I7-i5ig6A,520.0,324.0,Vlad Tenev interview 2024,Vlad Tenev,tenev,HOOD,8.7
3qTu_X8cpxg,Robinhood CEO Vlad Tenev Talks European Expansion | Bloomberg Talks,Bloomberg Podcasts,UChF5O40UBqAc82I7-i5ig6A,446.0,316.0,Vlad Tenev interview 2025,Vlad Tenev,tenev,HOOD,7.4
beXS4gPkH7o,AOC Grills Vlad Tenev Robinhood CEO During Hearing,Devon Horace,UCyiELeHCZ4xBMpQ_y4gww4g,344.0,296.0,Vlad Tenev full interview 2021,Vlad Tenev,tenev,HOOD,5.7
BCa52f_XtP4,"Vlad Tenev on Robinhood Wealth Transfer, Prediction Markets, Agentic Trading | 🟡🔴🔵 MTS Live",MTS ,UClWkDGXEzsh77GAhs90wpXw,1969.0,296.0,Vlad Tenev interview 2026,Vlad Tenev,tenev,HOOD,32.8
MpHTQZ0gIus,Robinhood CEO Vlad Tenev Talks Retail Trading | Bloomberg Talks,Bloomberg Podcasts,UChF5O40UBqAc82I7-i5ig6A,744.0,287.0,Vlad Tenev interview 2024,Vlad Tenev,tenev,HOOD,12.4
3S-2mf07JSE,Robinhood CEO Vlad Tenev Talks Blockbuster Quarter | Bloomberg Talks,Bloomberg Podcasts,UChF5O40UBqAc82I7-i5ig6A,715.0,280.0,Vlad Tenev Bloomberg interview 2025,Vlad Tenev,tenev,HOOD,11.9
2I8j1JtMaKE,Elon Musk questions Vlad Tenev about Robinhood limits in buying shares [FULL VERSION],Adrian Gonzalez,UCAGXzoDRd-hOjG3hCv1w_WA,1003.0,266.0,Vlad Tenev interview 2022,Vlad Tenev,tenev,HOOD,16.7
5TxNu9Gab7Y,Robinhood CEO Vlad Tenev Talks Trump Accounts | Bloomberg Talks,Bloomberg Podcasts,UChF5O40UBqAc82I7-i5ig6A,505.0,259.0,Vlad Tenev Bloomberg interview 2026,Vlad Tenev,tenev,HOOD,8.4
5ua0RIRNMGg,Elon Musk - Full Interview Exclusive on Clubhouse + Vlad Tenev of Robinhood,CLUB21,UCYw5AjrnRxXPnU99oSAMiTQ,5820.0,240.0,Vlad Tenev interview 2021,Vlad Tenev,tenev,HOOD,97.0
utXe-j2NrWk,Full Clubhouse Interview with Elon Musk and Robinhood CEO Vlad Tenev,APES ON THE MOON,UCQMXzsoTw3HstRbDUwSfWuA,5812.0,178.0,Vlad Tenev full interview 2021,Vlad Tenev,tenev,HOOD,96.9
0Rx3i6WuICc,Vlad Tenev of Robinhood talks to Elon Musk on Clubhouse [Full Interview],CLUB21,UCYw5AjrnRxXPnU99oSAMiTQ,1025.0,171.0,Vlad Tenev interview 2021,Vlad Tenev,tenev,HOOD,17.1
HAVzOqLfl7I,Vlad Tenev Robin Hood CEO Congress Testimony,Stonkberg,UCCQFlLwGe6Puo5wpYfLxNHg,339.0,171.0,Vlad Tenev interview 2021,Vlad Tenev,tenev,HOOD,5.6
aXkAd-6dPqw,Robinhood CEO Vlad Tenev on Tokenization,PodiumVC,UC0ri5ZFZovsOO6cZO87lZzw,222.0,171.0,Vlad Tenev interview 2026,Vlad Tenev,tenev,HOOD,3.7
vUJophBO36g,Robinhood CEO Vlad Tenev Talks Prediction Markets | Bloomberg Talks,Bloomberg Podcasts,UChF5O40UBqAc82I7-i5ig6A,600.0,164.0,Vlad Tenev interview 2026,Vlad Tenev,tenev,HOOD,10.0
CVKftN0Y1tg,Robinhood CEO Vladimir Tenev Talks UK Launch | Bloomberg Talks,Bloomberg Podcasts,UChF5O40UBqAc82I7-i5ig6A,815.0,157.0,Vlad Tenev interview 2023,Vlad Tenev,tenev,HOOD,13.6
uI8tVtcagx0,Charlie Munger vs  Robinhood (Sorry About This Vlad!),CMQ Investing,UChfghKjWOX5f9mOtF7G4NaA,498.0,137.0,Vlad Tenev Bloomberg interview 2022,Vlad Tenev,tenev,HOOD,8.3
RN2mic27Z-s,Robinhood Markets CEO Vlad Tenev Talks Earnings & Growth | Bloomberg Talks,Bloomberg Podcasts,UChF5O40UBqAc82I7-i5ig6A,453.0,128.0,Vlad Tenev interview 2025,Vlad Tenev,tenev,HOOD,7.6
Z16CYdo11HU,Interview: Vlad Tenev,Bull and Bear Stock Report,UCkUMcUSk53vkqbtZfTsuGSg,377.0,125.0,Vlad Tenev interview 2022,Vlad Tenev,tenev,HOOD,6.3
2qz_QlZBUHQ,Robinhood CEO Vlad Tenev tries to spin the media after BLOCKING the buy button in Jan 2021.,ShortsDid NotClose,UCSu9-WzXM2K5I8wLUgExtqg,351.0,123.0,Vlad Tenev interview 2022,Vlad Tenev,tenev,HOOD,5.8
p_Pc2o8VXGY,Robinhood CEO Vlad Tenev sits for an interview with CNBC,Nomad Investors,UCqHCuIGbkNuQmkflBa-NBtw,229.0,118.0,Vlad Tenev interview 2022,Vlad Tenev,tenev,HOOD,3.8
-MF7H7MUl5w,INTERVIEWING THE CEO OF ROBINHOOD VLAD TENEV,AmitClips,UCdzZu5MdipN8yimifobDKJA,590.0,114.0,Vlad Tenev interview 2025,Vlad Tenev,tenev,HOOD,9.8
k5tPQBfz8Cc,Baiju Bhatt and Vlad Tenev: Revolutionizing Finance and Democratizing Investing,MysteryDecodedHQ,UCaLvFlQSYbzpSqr4i6j4xCQ,302.0,84.0,Vlad Tenev CNBC 2023,Vlad Tenev,tenev,HOOD,5.0
XF9a18vxLdw,"The CEOs Are in the Replies: Armstrong, Tenev & Sethi After Clarity |  Onchain Radio 007",Onchain Radio,UCVtExzHr1QEWjxEMFDDt8IA,1777.0,77.0,Vlad Tenev CNBC 2026,Vlad Tenev,tenev,HOOD,29.6
2PMieMhsvss,ELON MUSK FULL CLUBHOUSE INTERVIEW + VLAD TENEV,UTDE Media,UCNr2Z1etuWUCs1G-mEQZmfQ,5791.0,67.0,Vlad Tenev full interview 2021,Vlad Tenev,tenev,HOOD,96.5
3k2YxxE1kBM,Vlad Tenev Shares Insights on Robinhood's Innovations and 2024 Forecasts,Earn Your Leisure Clips,UCyft0vtZLA1I_l8MyTINTXA,465.0,62.0,Vlad Tenev interview 2024,Vlad Tenev,tenev,HOOD,7.8
W1X9KsSo0bA,"Elon Musk Interview’s CEO Of Robinhood, Vlad Tenev On Club House",Jason Estroff,UCRQyOlgn5Ga872PtP9ZDM5A,578.0,61.0,Vlad Tenev interview 2021,Vlad Tenev,tenev,HOOD,9.6
VRScyT9UdHo,Robinhood CEO Vlad Tenev crumbles under tough questions from CNN's Chris Cuomo!.  #DiligentWealth,Diligent Wealth,UCVgyOyik-P0-YTYz7W00cOA,356.0,58.0,Vlad Tenev interview 2021,Vlad Tenev,tenev,HOOD,5.9
gNexyjibR9M,Robinhood CEO Vlad Tenev on Clubhouse talking Reddit & Fintech | Felicia's Virtual Dinner Party,Austin Finance,UC_AnochdKLWAFZ7PYWgVVFw,5793.0,50.0,Vlad Tenev full interview 2021,Vlad Tenev,tenev,HOOD,96.6
WkQO_cL5gg4,Elon Musk vs. Robinhood CEO Vlad Tenev on Clubhouse interview (GameStop & Trading Halt),The Musk Effect,UCRrDxCgjmVq8_Cj7KaCpguw,854.0,38.0,Vlad Tenev interview 2021,Vlad Tenev,tenev,HOOD,14.2
WWAtDta0Drk,Robinhood CEO Vlad Tenev speaks out on decision to restrict trading on GameStop and other stocks,Inadequate Lizard,UC0w7upLG5TkIUTago_h5E4w,286.0,38.0,Vlad Tenev CNBC 2021,Vlad Tenev,tenev,HOOD,4.8
_dTqLa8fov0,Robinhood CEO Vlad Tenev evades questions about restricting trading on GameStop & other stocks,Diligent Wealth,UCVgyOyik-P0-YTYz7W00cOA,271.0,26.0,Vlad Tenev interview 2021,Vlad Tenev,tenev,HOOD,4.5
wrGy9HV_qqQ,Vlad Tenev on Bloomberg Crypto $HOOD Retail Show,Retail Invests,UCodnfZuGygoTlfPwHZbvnQg,1542.0,21.0,Vlad Tenev Bloomberg interview 2025,Vlad Tenev,tenev,HOOD,25.7
kzR3TcMBr0c,Vlad Tenev on CNBC - US squawk box on the street,Jim Team,UCNYpv0dGQdMTIyFK9UzM4pA,461.0,17.0,Vlad Tenev CNBC 2026,Vlad Tenev,tenev,HOOD,7.7
7Ek4IClo-5k,E22: Reflecting on the Robinhood situation with Bestie Guestie Vlad Tenev,Zenvora Productions,UCdF191WViIs5VDj49WbQZKg,2978.0,4.0,Vlad Tenev CNBC 2026,Vlad Tenev,tenev,HOOD,49.6
tDcNftMKqQM,Sun Xun: One of China's Most Ambitious Young Artists | Brilliant Ideas Ep. 46,Bloomberg Originals,UCUMZ7gohGI9HcU9VNsr2FJQ,1454.0,887541.0,Tony Xu Bloomberg interview 2024,Tony Xu,xu,DASH,24.2
hcFpZCw2vYY,We Interviewed The Most Viral Man From China (LC Sign Tony),Asian Boss,UC2-_WWPT_124iN6jiym4fOw,2227.0,165408.0,Tony Xu interview 2025,Tony Xu,xu,DASH,37.1
a5BOqbypw3w,How DoorDash CEO Tony Xu Went From Unemployed College Grad to Global CEO and Entrepreneur,The Carlos Watson Podcast,UCyF0994XbriKL_Vss0fTUMw,1175.0,109486.0,Tony Xu interview 2021,Tony Xu,xu,DASH,19.6
5TidMV_ux_4,"Tony Xu, MBA ’13, Cofounder and CEO, DoorDash",Stanford Graduate School of Business,UCGwuxdEeCf0TIA2RbPOj-8g,2803.0,62015.0,Tony Xu interview 2020,Tony Xu,xu,DASH,46.7
akABpZUgNU8,DoorDash CEO Tony Xu on new hourly pay offering: We're giving delivery drivers flexibility,CNBC Television,UCrp_UI8XtuYfpiqluWLD7Lw,336.0,54462.0,Tony Xu interview 2023,Tony Xu,xu,DASH,5.6
a8LWEMD9VJA,"Tony Xu of DoorDash: Surviving 1,000 Days of Startup Hell",David Senra,UCy2FPslt0LLPsIV0iukvHpQ,6565.0,53723.0,Tony Xu interview 2020,Tony Xu,xu,DASH,109.4
SYiT76vQw34,Tony Seba Speaker | Why Conventional Energy & Transport will be Obsolete by 2030 | Contact Agent,Champions Speakers,UCBiLmpWk-iKUJQDROUfFZ2Q,3867.0,48275.0,Tony Xu Bloomberg interview 2024,Tony Xu,xu,DASH,64.4
APi2uRMtSEs,Meet Tony Xu | Shark Tank US | Shark Tank Global,Shark Tank Global,UCREgA-BmOocJ9Is_bZV6aJQ,192.0,46294.0,Tony Xu interview 2023,Tony Xu,xu,DASH,3.2
bPnAEy1smZ8,Shark Tank in 5: Tony Xu Trusts His Gut In the Beverage Industry,CNBC Ambition,UCFUWcce_D9zTeRx6L0rasvw,351.0,34651.0,Tony Xu CNBC 2023,Tony Xu,xu,DASH,5.8
UY2CuC1FjUA,A dramatic dollar decline won't hurt the market recovery: Tony Dwyer,CNBC Television,UCrp_UI8XtuYfpiqluWLD7Lw,390.0,30833.0,Tony Xu CNBC 2020,Tony Xu,xu,DASH,6.5
VwvrZphtg2I,"The economics and trends of the restaurant industry, with Tony Xu of DoorDash",Stripe and 2 more,,5234.0,23253.0,Tony Xu interview 2026,Tony Xu,xu,DASH,87.2
-O-rH9aePh8,DoorDash CEO Tony Xu: Deliveroo & SevenRooms deals make us a multi-product company on a global scale,CNBC Television,UCrp_UI8XtuYfpiqluWLD7Lw,428.0,19147.0,Tony Xu Bloomberg interview 2024,Tony Xu,xu,DASH,7.1
-70xtYBgLG8,Tony Xu - CEO of DoorDash | In Good Company | Podcast | Norges Bank Investment Management,Norges Bank Investment Management,UCRhQsN8AVIfZuBNeRV1A37w,3029.0,18867.0,Tony Xu interview 2024,Tony Xu,xu,DASH,50.5
Is6umaN3ClM,Shark Tank in 5: Barbara Corcoran & Tony Xu Make A Blood Sucking Offer,CNBC Ambition,UCFUWcce_D9zTeRx6L0rasvw,351.0,17898.0,Tony Xu CNBC 2023,Tony Xu,xu,DASH,5.8
62tqRB2bHOg,"Tony Xu, CEO of Doordash - Building the Last Mile For Commerce | CEO Interviews | Business Rockstars",Business Rockstars,UCXUzK_iUVnfpx4uAzwM0law,403.0,12407.0,Tony Xu interview 2020,Tony Xu,xu,DASH,6.7
UcKS84zpOoo,CEO De #doordash Tony Xu - Análisis De Entrevista,DELIVERY TV,UCJLCgVi1u525OAaFTicv1Nw,655.0,11102.0,Tony Xu interview 2022,Tony Xu,xu,DASH,10.9
KAfjq267r68,How Tony Xu Built DoorDash and Changed the Future of Delivery,speedrun,UCp-aroxb6hOKPQGyGp0c3Dw,1080.0,9095.0,Tony Xu interview 2025,Tony Xu,xu,DASH,18.0
TimNeLRcKho,"Interview With DoorDash CEO, Tony Xu On Dasher Product Updates",The Rideshare Guy,UCCwyU2RqlalzpKIrUhYWHfw,2329.0,8939.0,Tony Xu interview 2023,Tony Xu,xu,DASH,38.8
SBDB377koyE,DoorDash CEO Tony Xu on new delivery meal solutions for workers,CNBC Television,UCrp_UI8XtuYfpiqluWLD7Lw,301.0,8623.0,Tony Xu interview 2020,Tony Xu,xu,DASH,5.0
x9U_Q0OdXvU,Startup Grind Silicon Valley Hosts Tony Xu (DoorDash),Startup Grind,UCwB3HiWejAkml1UZ0Qo2bFg,2248.0,8619.0,Tony Xu interview 2021,Tony Xu,xu,DASH,37.5
QmL_qxx_k4k,DoorDash CEO Tony Xu discusses the company's overall business strategy,CNBC Television,UCrp_UI8XtuYfpiqluWLD7Lw,228.0,8616.0,Tony Xu interview 2020,Tony Xu,xu,DASH,3.8
ZvlkI6wcTek,DoorDash CEO Tony Xu: Our advertising business has grown very quickly,CNBC Television,UCrp_UI8XtuYfpiqluWLD7Lw,356.0,8079.0,Tony Xu interview 2022,Tony Xu,xu,DASH,5.9
Ty8dxqQB6BA,Hard Fought Success | Tony Xu & Keith Rabois,Khosla Ventures,UCF92qR15QflJFGO7c_PeT-g,2220.0,7799.0,Tony Xu interview 2024,Tony Xu,xu,DASH,37.0
9XLY56Pm8Sw,DoorDash ft. Tony Xu – The “Wrong” Moves That Built a Giant,Sequoia Capital,UCWrF0oN6unbXrWsTN7RctTw,3160.0,7599.0,Tony Xu interview 2024,Tony Xu,xu,DASH,52.7
C8WqC2jnMTI,"DoorDash CEO Tony Xu: We continue to see record growth, more restaurant selection",CNBC Television,UCrp_UI8XtuYfpiqluWLD7Lw,257.0,7563.0,Tony Xu interview 2020,Tony Xu,xu,DASH,4.3
Q9irSqkLPRI,DoorDash CEO Tony Xu discusses earnings beat as shares surge as much as 20%,CNBC Television,UCrp_UI8XtuYfpiqluWLD7Lw,308.0,7241.0,Tony Xu interview 2021,Tony Xu,xu,DASH,5.1
qeblnjeOYtI,Tony Xu Talks Protecting DoorDash Workers with Guy Raz | How I Built This | NPR,NPR,UCJnS2EsPfv46u1JR8cnD0NA,1951.0,6869.0,Tony Xu interview 2020,Tony Xu,xu,DASH,32.5
VjluKd2Ld4g,"Tony Xu’s message to Doordash Employees. The man is a thief, plain and simple.",Rideshare Professor,UCJBF1a25kUzTdcxbXs0j-XQ,698.0,6415.0,Tony Xu interview 2022,Tony Xu,xu,DASH,11.6
VhrYyciCn0k,Outside the Office with DoorDash CEO Tony Xu,Bloomberg Tech,UCrM7B7SL_g1edFOnmj-SDKg,271.0,5910.0,Tony Xu interview 2022,Tony Xu,xu,DASH,4.5
I6AtMohp3Is,Bloomberg Studio 1.0 - DoorDash CEO & Co-founder Tony Xu,Bloomberg Tech,UCrM7B7SL_g1edFOnmj-SDKg,1446.0,5786.0,Tony Xu interview 2022,Tony Xu,xu,DASH,24.1
zP7DMcrZn9w,"Christian McCaffrey, Solomon Thomas and Tony Xu on DoorDash | The Crossover with Noah Lichtenstein",ESPN,UCiWLfSweyRNmLpgEHekhoAg,1064.0,5719.0,Tony Xu interview 2020,Tony Xu,xu,DASH,17.7
K_70yQTXIds,Tony Xu (DoorDash) & Miki Kuusi (Wolt): Meeting the Demand for on Demand | Slush 2021,Slush,UCv2JYTjV80AuHODJO0R6EnQ,1545.0,5284.0,Tony Xu interview 2021,Tony Xu,xu,DASH,25.8
L2ACZqmAiF4,Vail Resorts CEO: We are growing our share of the luxury European ski market,CNBC Television,UCrp_UI8XtuYfpiqluWLD7Lw,360.0,4296.0,Tony Xu CNBC 2024,Tony Xu,xu,DASH,6.0
YkTdihD-Oy4,I Need Your Help Meeting @DoorDash CEO Tony Xu. Interview in 2025,Pedro “Mr.BetonYou” Santiago,UCkUyqJRiYcUAqMHr1KK4WrA,751.0,4003.0,Tony Xu interview 2025,Tony Xu,xu,DASH,12.5
vdnJxTtENcA,"Big dynamics in markets are still favorable for risk, says Goldman's Tony Pasquariello",CNBC Television,UCrp_UI8XtuYfpiqluWLD7Lw,240.0,3988.0,Tony Xu CNBC 2026,Tony Xu,xu,DASH,4.0
VNfipjK3Gro,Newton Distinguished Innovator Lecture Series - Tony Xu,UC Berkeley Events,UCFkid-1EIBbauJLbMFDp2Cg,3958.0,3636.0,Tony Xu interview 2021,Tony Xu,xu,DASH,66.0
xrx94ghgUQI,DoorDash CEO Tony Xu on earnings beat: We are seeing resilient delivery demand,CNBC Television,UCrp_UI8XtuYfpiqluWLD7Lw,198.0,2753.0,Tony Xu CNBC 2022,Tony Xu,xu,DASH,3.3
DEaXobic7CU,Deliverance with DoorDash’s Tony Xu,TechCrunch,UCCjyq_K1Xwfg8Lndy7lKMpA,1339.0,2223.0,Tony Xu interview 2021,Tony Xu,xu,DASH,22.3
cwmg2h0oirk,"How DoorDash Won: Tony Xu on Culture, Resilience & Making the Right Play",Glue Guys Podcast,UC3VWsu1cuomXoooLRPZ9Yww,3248.0,2191.0,Tony Xu interview 2025,Tony Xu,xu,DASH,54.1
Cy986meqbL8,"Keynote: Tony Xu, Co-Founder & CEO, DoorDash",Groceryshop,UCZxFGu7t7-6P4KQlBwELKWw,1227.0,2169.0,Tony Xu interview 2020,Tony Xu,xu,DASH,20.4
7GDPkTfsWQ8,DoorDash CEO Tony Xu Loves Me So Much He Mailed Me A Care Package,Detroits Darling,UC1pjSOPKY8r3z3kcTSEwS3Q,208.0,2018.0,Tony Xu interview 2020,Tony Xu,xu,DASH,3.5
S_d-seW9bfI,Secretary of State Antony Blinken Talks Conflict with Iran | Bloomberg Talks,Bloomberg Podcasts,UChF5O40UBqAc82I7-i5ig6A,2618.0,1980.0,Tony Xu Bloomberg interview 2026,Tony Xu,xu,DASH,43.6
IaqhimqC1_I,THE TRUTH COMES OUT FROM DOORDASH CEO TONY XU! Don’t believe me? Find out now!,Paid to Drive!,UCH3LDAvMvI8-3weyTT2Iw1Q,1169.0,1906.0,Tony Xu interview 2020,Tony Xu,xu,DASH,19.5
vGkOMGd0uSw,DASHERS PROTEST OUTSIDE DOORDASH CEO TONY XU'S HOUSE - Gig News - Delivery Business Money Tips,Tanner Markley,UCw2Bu3UGivHGUYjEMeTyEhA,989.0,1710.0,Tony Xu interview 2021,Tony Xu,xu,DASH,16.5
lTu81TwMiIw,Listen very carefully about what DoorDash Ceo Tony Xu has to say about the Gig Economy!,Paid to Drive!,UCH3LDAvMvI8-3weyTT2Iw1Q,925.0,1631.0,Tony Xu interview 2020,Tony Xu,xu,DASH,15.4
qhEKx6LbW_A,Tony Xu's favorite work is a Top Dasher,Sin City Deliveries,UCF996f05f6FRc22e8Pz1hQA,504.0,1450.0,Tony Xu full interview 2020,Tony Xu,xu,DASH,8.4
FJOCVC-Kb3M,Uber CLO Tony West Takes Leave To Help Kamala Harris's Campaign,The Rideshare Guy,UCCwyU2RqlalzpKIrUhYWHfw,344.0,1446.0,Tony Xu CNBC 2024,Tony Xu,xu,DASH,5.7
Hiy7VmJnuTM,"Tony Xu, Founder & CEO of DoorDash Reflects On Pear VC",Pear VC,UCbhBzbP8F-ckPnFB3VW3TjQ,205.0,1398.0,Tony Xu full interview 2020,Tony Xu,xu,DASH,3.4
7oUhaHtN_5I,Tony Xu on Going Public in the Pandemic & Dashers,Bloomberg Tech,UCrM7B7SL_g1edFOnmj-SDKg,307.0,1331.0,Tony Xu interview 2022,Tony Xu,xu,DASH,5.1
I8e3ZuxQwaU,DOORDASH CEO TONY XU DOES NOT WANT YOU TO KNOW THIS! You Have Been WARNED! (DoorDash Driver),Paid to Drive!,UCH3LDAvMvI8-3weyTT2Iw1Q,670.0,1279.0,Tony Xu interview 2020,Tony Xu,xu,DASH,11.2
Zj389-Sh0i4,Party of Two with Tony Xu and Andy Husbands of The Smoke Shop BBQ,DoorDash,UCXQ7Gzszfuw84cEWGpKlFiQ,1346.0,1260.0,Tony Xu interview 2021,Tony Xu,xu,DASH,22.4
45-C1IbrpBQ,My Thoughts on Doordash CEO Tony Xu and Declinenow Mindset   DailyDash   Money Tips Grubhub Ubereats,Tanner Markley,UCw2Bu3UGivHGUYjEMeTyEhA,843.0,1252.0,Tony Xu interview 2021,Tony Xu,xu,DASH,14.0
e_7jPy4S09M,"Tony Xu, CEO, DoorDash & Jon Fortt, Co-Anchor, TechCheck, CNBC",Groceryshop,UCZxFGu7t7-6P4KQlBwELKWw,1269.0,1064.0,Tony Xu interview 2022,Tony Xu,xu,DASH,21.2
poLL-3AwI3Q,"Fireside Chat with Tony Xu, CEO and Co-Founder of Doordash | CEO Prize Next Generation 2025",Singleton Foundation,UCcFSSucVys_KH0wo7P02NXg,2979.0,1034.0,Tony Xu interview 2025,Tony Xu,xu,DASH,49.6
cvwMrO5EoHs,"CNBC Interview on Q3 Earnings: Tony Han, Founder and CEO of WeRide",WeRide,UCE5dpHV6khQbtZ6kv_dNT6w,913.0,990.0,Tony Xu interview 2025,Tony Xu,xu,DASH,15.2
cJjqOJuHcMs,IS TONY XU FROM DOORDASH REALLY GETTING FIRED? THIS IS ALL WE KNOW... *,Paid to Drive!,UCH3LDAvMvI8-3weyTT2Iw1Q,588.0,862.0,Tony Xu interview 2021,Tony Xu,xu,DASH,9.8
Gco9vUY3G4s,The Tony Xu Doordash CEO Protest WAS FAKE!! California Unions At Work - Delivery Business Money Tips,Tanner Markley,UCw2Bu3UGivHGUYjEMeTyEhA,508.0,802.0,Tony Xu interview 2021,Tony Xu,xu,DASH,8.5
xjFaugnVCdA,The Truth About Doordash CEO Tony Xu Some of You Won't Want to Hear - Leadership Talk - Money Tips,Tanner Markley,UCw2Bu3UGivHGUYjEMeTyEhA,996.0,798.0,Tony Xu interview 2020,Tony Xu,xu,DASH,16.6
QouWgaQXyDc,DOORCRASH NOTHING NEW TONY XU FIX YOUR F#@CKIN SYSTEM DASHERS ARE SICK AND TIRED OF THIS CRASHING!!!,BEEZEE,UC3Oh0AM65VktRaiDZ6-H93g,216.0,692.0,Tony Xu interview 2020,Tony Xu,xu,DASH,3.6
EqQ7QWAYc3M,Tony Xu NO LONGER with DoorDash? (PTD Vlogs Day 1307),PTD Reacts,UC9NXZ2sOD-IxGnB5Y3YVXnw,502.0,631.0,Tony Xu interview 2021,Tony Xu,xu,DASH,8.4
-cCBJyzECtQ,Doordash Teams Up With Facebook   Tony Xu Now On Meta Board   Ubereats & Grubhub Future - Money Tips,Tanner Markley,UCw2Bu3UGivHGUYjEMeTyEhA,378.0,630.0,Tony Xu interview 2022,Tony Xu,xu,DASH,6.3
atTAD7t8N44,The Crossover Ep6 Christian McCaffrey + Solomon Thomas (NFL) and Tony Xu (DoorDash Founder + CEO),Crossover VC,UC0EFt1B_8kvtoO6x3cnX-3A,1084.0,472.0,Tony Xu interview 2020,Tony Xu,xu,DASH,18.1
Jj0DMw-G6vY,Delivering DoorDash Orders For Tony Xu,MooshiMoo,UCR32IWYIImtc28mO8MS6m5g,338.0,452.0,Tony Xu full interview 2021,Tony Xu,xu,DASH,5.6
CqBY3y2cXUw,NPHS Valedictorian Speech - Tony Xu,NPTV,UC7njuMax67kiVZ340BdaWAw,222.0,357.0,Tony Xu interview 2020,Tony Xu,xu,DASH,3.7
8dWc1k2B_qM,Doordash Founder Tony Xu - Instant BILLIONAIRE after IPO goes live!,The Delivery Driver Pitstop!,UCgmBV2_FtIitTkp16TZm8yw,434.0,279.0,Tony Xu interview 2020,Tony Xu,xu,DASH,7.2
UoNDKMoeT84,DoorDash Dashers protest outside home of Tony Xu || Content Creators attacking others,Gig Lebowski,UCmFzP3J28ukhibg2ci77Fqg,308.0,278.0,Tony Xu interview 2021,Tony Xu,xu,DASH,5.1
7A6lqb_P_0E,Tony Xu: From Dishwasher to Billion-Dollar Company CEO,Business Chronicles,UCBdgBP2KYZftBtQ7J_YMg1Q,435.0,271.0,Tony Xu interview 2021,Tony Xu,xu,DASH,7.2
gXzqgF_R568,doordash dear tony xu ceo &  Ryan sokol it took 2 hours for this order from papa johns miramar,showgirls around the world a dancer family,UC3IwX3UI-epHPST_zGvj-4w,640.0,212.0,Tony Xu interview 2020,Tony Xu,xu,DASH,10.7
y_59Xc-MOoo,#SecretsSelfmadeBillionaires 1013 Tony Xu from Washing Dish at age 9 to Food Delivery Billionaire,#SecretsSelfmadeBillionaires by Paul Chan,UCBp9SM5icJ40sD9ovecI4Pw,258.0,159.0,Tony Xu interview 2020,Tony Xu,xu,DASH,4.3
8mnt2Srf8QE,Tony Xu Recruited to the Metaverse - the End of Doordash is Closing in?,Driven Wyld,UCgNyqX4XrQdVRc0qQ9xEySQ,604.0,130.0,Tony Xu interview 2022,Tony Xu,xu,DASH,10.1
7GxY5-wj8XE,Tony Xu sends all DASHER a massage... Proposition 22 PASSES IN CALIFORNIA now whats next?,Alexander Vega,UCX0yl_9d4svCYkCR3ctSa-g,282.0,90.0,Tony Xu interview 2020,Tony Xu,xu,DASH,4.7
WBsp3fBqfgI,DoorDash's Tony Xu Going To Meta's Board And Instacart's Fidji Simo Going To Shopify's Board,Omni Talk Retail,UCFJkRZXZvTEbOecm_iJ5L1Q,227.0,59.0,Tony Xu interview 2020,Tony Xu,xu,DASH,3.8
60-IP64Kxz0,Someone Call 911!!! Door Dash and Tony Xu is a Thief!!!!,Rock Chip Repair Guy,UC4fS_KdYaP589t8Q59hYw5Q,344.0,56.0,Tony Xu interview 2021,Tony Xu,xu,DASH,5.7
mkdbzj0KG5w,Every Day I’m Hustling But Tony Xu Keeps Fu*&@ng Me 😡DoorDash Really is Trash!!!!,Rock Chip Repair Guy,UC4fS_KdYaP589t8Q59hYw5Q,268.0,50.0,Tony Xu interview 2021,Tony Xu,xu,DASH,4.5
pBkZjIhpIFY,Tony xu & Doordarsh are leveling up.  Have you heard? Here it is! #doordash  #tonyxu #new,Tip Trips,UCdPWdHhMywH0UQsrSn6yQAQ,257.0,26.0,Tony Xu interview 2022,Tony Xu,xu,DASH,4.3
h8t3wyZo2MI,Interview with Mr. Xu CEO of Singpoli Group,The Life Dream,UCov18sfol9XW63OQLcPXszg,1732.0,14.0,Tony Xu full interview 2023,Tony Xu,xu,DASH,28.9
rR7T0RjNYmc,Tony Xu Live Stream,Tony Xu,UCjkPchf8ZUaLGWCGAoeyafA,346.0,10.0,Tony Xu interview 2020,Tony Xu,xu,DASH,5.8
kJ9kKC68JcE,tony xu-doordash,Adam edwin,UCUZ7MazEfqDFSYgbUZkuO7A,291.0,9.0,Tony Xu interview 2022,Tony Xu,xu,DASH,4.8
g_6fcXiTg-U,DoorDash CEO Tony Xu is taking on the role of industry consolidator in food delivery,L&d's World News,UCdrrclFK495h-IqnmMrUloA,204.0,8.0,Tony Xu interview 2025,Tony Xu,xu,DASH,3.4
EAojLqSxP8E,모두가 실패한 배달앱시장에서 DoorDash가 살아남은 전략 (DoorDash CEO Tony Xu),HHCLUB (생존에 대하여),UCRIqzAnEvqs1zgqk93TMbMA,595.0,7.0,Tony Xu interview 2026,Tony Xu,xu,DASH,9.9
5iwzJtga_0s,"Tony Xu, CEO and Co-founder of DoorDash | DoorDash From 1 to Billion?",Comprar Ações & Robôs de Investimento 📊🤖,UCefGkNcr-pxyfk--gYaS7DQ,394.0,1.0,Tony Xu interview 2026,Tony Xu,xu,DASH,6.6
