video_id,keep,content_type,reupload_suspected,wrong_tenure_or_role,confidence,reason
KgUlxorY0Vc,True,podcast_interview,False,False,0.95,Hoover Uncommon Knowledge long-form interview
Id7cNqwqt1I,True,podcast_interview,False,False,0.9,All-In podcast with Armstrong as guest
HeFwIsrtgVQ,True,fireside_or_conference_qa,False,False,0.9,NYT DealBook onstage conversation
VL5V16HAjYA,True,fireside_or_conference_qa,False,False,0.9,TechCrunch onstage interview
UpbGbKQsTjc,True,fireside_or_conference_qa,False,False,0.85,Garry Tan long-form conversation
kagVCXIPIlQ,True,podcast_interview,False,False,0.9,All-In podcast guest interview
dl9ruFvPlsw,True,tv_interview,False,False,0.95,CNBC TV interview
TB0yceuXmrI,True,podcast_interview,False,False,0.95,Diary of a CEO long-form podcast
isd2y37j8v4,True,podcast_interview,False,False,0.8,Diamandis podcast with Armstrong as guest
BjVGaq0h8vA,False,about_the_ceo_not_by,False,False,0.95,Documentary about CEO
VHGVaKVTqzU,True,tv_interview,False,False,0.95,CNBC TV interview
yHi7g_Tq3DU,True,fireside_or_conference_qa,False,False,0.9,All-In Summit onstage conversation
Vq_7hZW5jc4,True,tv_interview,False,False,0.95,CNBC TV interview
YRURzpw2a8Q,True,podcast_interview,False,False,0.9,Money Rehab podcast interview
Q3lrvkTTMxM,True,tv_interview,False,False,0.9,CNBC Crypto World interview
ZkYISplbK-E,True,tv_interview,False,False,0.95,CNBC TV interview
GcGoGS7pIGI,True,podcast_interview,False,False,0.9,Honestly podcast interview
aQ_JNI3m394,False,compilation_or_reupload,True,False,0.85,Altcoin Daily commentary with clipped footage
l8FC-D3Jimw,True,tv_interview,False,False,0.95,CNBC full interview
NK9kBiZTRqw,True,podcast_interview,False,False,0.9,Long-form podcast interview
2CvLKMBbgsc,False,compilation_or_reupload,True,False,0.8,"Quote-titled clip channel, likely reupload"
JeVny5KHj4g,True,podcast_interview,False,False,0.95,Stripe Cheeky Pint interview
O1l2eFW4L0A,True,podcast_interview,False,False,0.9,Bankless long-form interview
dueFaHFulVA,True,tv_interview,False,False,0.95,David Rubenstein Show interview
XLfNlShdATI,True,podcast_interview,False,False,0.9,Sourcery podcast interview
ZwG1roO70co,True,podcast_interview,False,False,0.9,Kevin Rose Foundation interview
SM-SBnjXqhE,False,compilation_or_reupload,True,False,0.85,"Lex Clips excerpt, not original publisher"
VJHULTrpqow,False,compilation_or_reupload,True,False,0.7,"Small channel short, likely clips of others"
m_xMSPc7vww,True,fireside_or_conference_qa,False,False,0.9,POLITICO original interview
GUhDXUA4mfQ,True,fireside_or_conference_qa,False,False,0.85,"Coinbase discussion with Vitalik, Q&A format"
C0Byaj-Mszk,True,tv_interview,False,False,0.95,Yahoo Finance interview
SXWD2U-623g,True,podcast_interview,False,False,0.9,Sourcery interview
B7NxK1Z2IW0,False,product_launch_or_promo,False,False,0.9,Scripted IR intro presentation
kd2suQdv-04,True,tv_interview,False,False,0.95,CNBC TV interview
q-TDop3lkD8,False,compilation_or_reupload,False,False,0.9,"News commentary channel, not an interview"
l8HswTaMx1o,False,compilation_or_reupload,False,False,0.85,"Crypto news show, CEO clip only"
4YaCm5QF6HM,False,compilation_or_reupload,True,False,0.85,Savvy Finance reupload with sensational quote title
txFrxKo-8xY,True,podcast_interview,False,False,0.9,Katie Miller Pod original interview
WcrPOElyjiI,True,podcast_interview,False,False,0.85,David Senra long-form interview
b-mzIeSoyfo,False,compilation_or_reupload,True,False,0.85,Savvy Finance reupload
OUdYVkPLpt0,False,compilation_or_reupload,True,False,0.85,Savvy Finance reupload
W1ExRq7ctUg,True,podcast_interview,False,False,0.95,Bloomberg Odd Lots interview
RG_rvYbNrYU,True,fireside_or_conference_qa,False,False,0.9,Goldman Sachs fireside interview
AIC62BkY4Co,True,podcast_interview,False,False,0.9,TWiST interview
sbZqQlavnEU,False,product_launch_or_promo,False,False,0.9,Company promo presentation
Rp_6xbp7NQU,True,fireside_or_conference_qa,False,False,0.8,TechCrunch interview on Coinbase
HSWVJ7HM29o,False,compilation_or_reupload,True,False,0.85,Lex Clips excerpt
--MNL1w3ADk,True,podcast_interview,False,False,0.85,The Free Press original interview
jmdf35zSdA8,True,podcast_interview,False,False,0.9,"NBIM podcast interview, original publisher"
bzYQWBBX7wU,True,podcast_interview,False,False,0.8,Relentless long-form interview
grNU_svKs3o,True,podcast_interview,False,False,0.8,Siraj Raval podcast interview
mSToBYLSSew,True,podcast_interview,False,False,0.95,Uncapped podcast interview
Qqaf2hxce_4,True,tv_interview,False,False,0.95,CNBC TV interview
EDTKalbrBfo,True,fireside_or_conference_qa,False,False,0.85,Coinbase fireside with Fred Wilson
23P1UO3hPuk,False,compilation_or_reupload,False,False,0.7,"Short clip, 3.8 minutes"
U4wLr6vMlSo,True,podcast_interview,False,False,0.95,Peter McCormack Show full interview
wTG4q8SZYjY,False,compilation_or_reupload,True,False,0.7,"Obscure channel, likely reupload"
Bx78aNxwA1E,True,fireside_or_conference_qa,False,False,0.9,Conversation with Chris Dixon
jOMHI-1D12I,True,tv_interview,False,False,0.95,CNBC TV interview
Iiny6KBekSc,True,podcast_interview,False,False,0.95,Conversations with Tyler interview
uLDK4l_-gUE,True,podcast_interview,False,False,0.95,No Priors podcast interview
gViZVohbVV0,True,podcast_interview,False,False,0.85,Good Time Show full episode
NG3bBGKi1RU,True,fireside_or_conference_qa,False,False,0.9,Official live AMA Q&A
pn55Y7xXP6Q,True,podcast_interview,False,False,0.85,a16z crypto interview
tknKfhjoFvo,True,tv_interview,False,False,0.95,CNBC TV interview
Rc4_j0LxyzI,False,compilation_or_reupload,True,False,0.85,Lex Clips excerpt
F7Vu5qvtnno,False,compilation_or_reupload,False,False,0.8,Short podcast clip
uj7N6f1kk64,False,compilation_or_reupload,True,False,0.85,Crypto commentary channel clip
hIai6BUBrMo,True,fireside_or_conference_qa,False,False,0.9,Official live AMA Q&A
1fxImOlHhBs,False,compilation_or_reupload,False,False,0.75,Short podcast clip
4XfMtx1FHlk,True,podcast_interview,False,False,0.75,Superteam podcast interview
1FmhHLPrUIU,True,podcast_interview,False,False,0.85,Science show long-form interview
RJQWpc06QQ8,True,fireside_or_conference_qa,False,False,0.9,Official live AMA Q&A
zv4icJOfB-w,False,earnings_call,False,False,0.6,"Earnings AMA, mostly submitted questions; not analyst Q&A"
NsTyZIaam_c,True,fireside_or_conference_qa,False,False,0.75,Token Summit conference session
tn1nCdTRgE4,False,compilation_or_reupload,True,False,0.85,Lex Clips excerpt
wnsISRjd96I,True,podcast_interview,False,False,0.85,Around The Block conversation with Selkis
AUAmPDKBvDg,True,fireside_or_conference_qa,False,False,0.9,Official live AMA Q&A
1SJ0WlhYuWU,False,compilation_or_reupload,True,False,0.8,Crypto channel short clip
8ko-oR8kp6o,True,podcast_interview,False,False,0.85,TWiST original interview throwback
llMtjb6Rht4,True,fireside_or_conference_qa,False,False,0.7,Official Coinbase conversation
YGA_zQPJeFM,True,tv_interview,False,False,0.95,CNBC TV interview
y0EcrO5QnQM,True,podcast_interview,False,False,0.85,Bloomberg Odd Lots duplicate upload by Bloomberg
O9NuKEUZlBo,False,compilation_or_reupload,True,False,0.85,Crypto Wisdom clip channel
HEk69X969kI,True,podcast_interview,False,False,0.95,20VC podcast interview
ocb4BaEQLXY,True,fireside_or_conference_qa,False,False,0.85,Coinbase Q&A with Fortune editor
VqU3HB57980,False,compilation_or_reupload,True,False,0.85,Crypto clip channel sensational title
Rd0ERmXnCkI,True,podcast_interview,False,False,0.9,Money Movement podcast interview
DrlcmkX3RxQ,False,other,False,False,0.85,"Prank/comedy channel, not genuine Q&A"
nU-wjDo-TUE,True,fireside_or_conference_qa,False,False,0.7,"Coinscrum meetup Q&A, early era"
sFQgKFN0xpU,False,other,False,False,0.95,"Different Brian Armstrong, professor"
_Li43_E0APg,True,podcast_interview,False,False,0.9,Podcast interview with Scott Phoenix
Xz7lUV3nnj4,True,fireside_or_conference_qa,False,False,0.9,Bloomberg Live onstage interview
LwdQ1zUxNQo,False,compilation_or_reupload,True,False,0.8,"Clubhouse audio reupload, no on-camera video"
h3cEgf1_7-I,False,compilation_or_reupload,True,False,0.8,"Clubhouse audio reupload, no on-camera video"
g-Vyp4mtwV4,True,podcast_interview,False,False,0.8,Unchained podcast interview
mhovxoOftzg,False,compilation_or_reupload,True,False,0.8,CoinDCX short clip of another interview
N0Pf5vyE5jg,False,compilation_or_reupload,True,False,0.8,"Clubhouse audio reupload, no on-camera video"
x6UmUe-Gl8I,False,podcast_interview,False,False,0.6,"Short topical segment, 2017 era, pre-existing full interview"
QOpPPcb-LMw,False,podcast_interview,False,False,0.6,Short segment of longer interview
L0Jn65vBijU,False,podcast_interview,False,False,0.6,Short segment of longer interview
V8mQF0Cwnc0,False,about_the_ceo_not_by,False,False,0.95,Explainer about CEO
jawwoyE5grA,False,compilation_or_reupload,True,False,0.85,Clubhouse podcast clip
OZ6P0pHjgjc,False,podcast_interview,False,False,0.6,Short segment of longer interview
Guxq4hbxeNQ,False,about_the_ceo_not_by,False,False,0.9,Weekly recap by commentator
anU8CrqANZU,False,compilation_or_reupload,True,False,0.8,"Clubhouse audio reupload, no on-camera video"
w2TGOAWl1mY,False,compilation_or_reupload,True,False,0.9,Startup Archive clip of another interview
Clye_4iJlLk,False,compilation_or_reupload,True,False,0.8,Crypto channel clip reupload
RHrtsDRKiBg,False,compilation_or_reupload,True,False,0.85,Crypto IQ clip with quote title
9AwJbZEJJ_E,False,compilation_or_reupload,False,False,0.75,Short 20VC clip
sgHvpXk0FmI,False,panel,False,False,0.6,"Multi-guest Semafor session, CEO share unclear"
r1IhjpYxu6g,True,tv_interview,False,False,0.85,Bloomberg Talks interview
v_eLFbLzRgA,True,fireside_or_conference_qa,False,False,0.7,"Accelerator talk with Q&A, early era"
BKTF0m67eEk,False,compilation_or_reupload,True,False,0.85,Crypto Wisdom clip channel
9hVivC7ztFY,True,fireside_or_conference_qa,False,False,0.9,Messari fireside chat
B-IjUEYx1ps,False,other,False,False,0.99,"Football coach, different person"
TS2g6Udebu8,False,podcast_interview,False,False,0.6,Short segment of longer interview
aoX1pmTtgyg,False,about_the_ceo_not_by,False,False,0.9,News show commentary
DBc0cK5_8dM,False,other,False,False,0.99,"Football coach, different person"
Gel1GLJd3Ec,False,compilation_or_reupload,True,False,0.8,Small crypto channel clip
WG1g2v2Nf0c,True,podcast_interview,False,False,0.6,Long-form interview on Bullpen about founding Coinbase
o8P0Aj1cDq4,False,compilation_or_reupload,True,False,0.7,"Short clip on a clips channel, not original"
057sbZy5QkQ,False,other,False,False,0.99,"Different person, football coordinator"
dUV4sS9FEYg,True,fireside_or_conference_qa,False,False,0.9,"Messari Mainnet conversation, original organizer"
6upGi7YnDnk,False,other,False,False,0.95,"Different person, Housecall Pro podcast"
INMU7fZfVDc,False,compilation_or_reupload,True,False,0.85,Bloomberg interview re-uploaded by CoinPilot
qSpNKzoLjlc,False,other,False,False,0.99,"Different person, football coach"
WtqhXoppUEA,False,other,False,False,0.99,"Different person, football coach"
jkRsJdKhx_Y,False,other,False,False,0.99,"Different person, Nevada football"
pGGGTSNq2h0,False,compilation_or_reupload,True,False,0.75,Crypto IQ aggregator channel clip
TVQox9rAfGI,False,compilation_or_reupload,True,False,0.8,"Best Of Clubhouse re-upload, audio-only app"
kLmX8xckAVo,False,compilation_or_reupload,True,False,0.85,Podcast Digest highlights of Shawn Ryan show
bZOlVkoT0pE,False,keynote_or_presentation,False,False,0.9,"Closing keynote, scripted talk"
RK-aLZTEGIw,True,podcast_interview,False,False,0.85,a16z crypto original podcast with Armstrong
4_3UxeIHcd4,False,about_the_ceo_not_by,False,False,0.95,"Hosts discussing his letter, not him"
lNf3jgOdFRc,False,compilation_or_reupload,True,False,0.9,Highlights by Dotaholics fan channel
pUdgIsZESvk,False,compilation_or_reupload,True,False,0.85,Clubhouse clips channel re-upload
O88JnB2eljw,False,other,False,False,0.99,Different person at BioMerieux
jACFLqQ7Ibw,True,podcast_interview,False,False,0.7,20VC original channel interview clip
dTYLKozp--M,False,compilation_or_reupload,True,False,0.8,Short quote clip from aggregator channel
V7L0_enmvSo,False,compilation_or_reupload,True,False,0.85,Clubhouse re-upload by aggregator
QPECuEYUGr8,True,fireside_or_conference_qa,False,False,0.9,"CoinDesk conference conversation, original outlet"
78Zd86VPk74,False,compilation_or_reupload,True,False,0.7,Short clip by small channel
y2OcV6cpNDw,False,about_the_ceo_not_by,False,False,0.9,Commentary breaking down interview
c4H7zZODAIo,False,compilation_or_reupload,True,False,0.85,Aggregator channel short clip
sVGE5QIbf6I,False,compilation_or_reupload,True,False,0.8,Crypto News aggregator re-upload
Mfao9Uos4_E,False,other,False,False,0.99,"Different person, cinematographer"
Cgcwki3U23I,False,ai_or_fake_suspected,True,False,0.8,"Economic Archive 2013 title implausible, aggregator"
Z3DFMboMJ54,True,podcast_interview,False,False,0.9,Bloomberg Podcasts original interview
rpxHNrRZUGg,False,other,False,False,0.99,"Different person, Wits Business School"
zp4vIXBN27Y,False,about_the_ceo_not_by,False,False,0.95,Lessons commentary video about him
wAGCJRNZ6VI,False,compilation_or_reupload,True,False,0.85,Keyword-stuffed aggregator clip
QaEi-3jkznY,False,podcast_interview,False,False,0.6,"Short 3 min clip, limited Q&A"
U69vivCZfL0,False,compilation_or_reupload,True,False,0.9,"Fan promo channel, shady title"
k6qWFAsI9zo,False,other,False,False,0.99,"Different person, Greatsoft"
-2o983NaL2M,False,about_the_ceo_not_by,False,False,0.95,Biography story by commentary channel
YiTOgEZMeVo,False,compilation_or_reupload,True,False,0.85,Bloomberg clip re-uploaded by aggregator
5wonS_3SM4c,False,other,False,False,0.9,"Likely different person, 2020 generic"
lQ08Nr30hk4,False,other,False,False,0.99,"Different person, gun violence topic"
-jItOOgKiNw,False,compilation_or_reupload,True,False,0.8,Fan channel re-upload of old panel
M_Kxi4LS1AU,False,ai_or_fake_suspected,True,False,0.85,Clickbait price prediction aggregator
uHTPtBBOOYc,False,other,False,False,0.99,"Different person, gun violence topic"
9-eak2VtFdM,False,other,False,False,0.99,"Different person, gun violence topic"
7e_zYWKIf9w,False,other,False,False,0.99,"Different person, Progress Capital Group"
z6eNM0hFBAA,False,other,False,False,0.99,"Different person, gun violence topic"
cDEMto79zM8,False,about_the_ceo_not_by,False,False,0.8,Mamamia explainer about how he built Coinbase
2Ml4K4s3SxM,False,compilation_or_reupload,True,False,0.85,Fox News 247 unofficial re-upload
CftIOJBo58g,False,compilation_or_reupload,True,False,0.85,Crypto World Daily aggregator of Bloomberg
Oaq9X7jLLQ8,True,fireside_or_conference_qa,False,False,0.85,"Hoover Only in America interview, long-form Q&A"
AeWWmARalVQ,True,tv_interview,False,False,0.85,Bloomberg Circuit interview with Emily Chang
eszrbvODpXs,True,fireside_or_conference_qa,False,False,0.8,Goldman Sachs official fireside conversation
1_qAM1e0E9k,True,tv_interview,False,False,0.7,CBS Sunday Morning interview segment
MN1K0_I2Q88,True,tv_interview,False,False,0.85,MS NOW TV interview
-XGGlQPvT1s,True,fireside_or_conference_qa,False,False,0.9,DealBook onstage interview
a0FHsJzeNZs,True,fireside_or_conference_qa,False,False,0.75,Fortune official interview
scek4oBwZMI,True,tv_interview,False,False,0.9,CNBC interview
qu7dN_FRZUg,True,fireside_or_conference_qa,False,False,0.85,Stanford GSB conversation with Q&A
njwPfcGtq8o,True,tv_interview,False,False,0.9,CNBC interview on UAW strike
TxMPo_omNYM,True,tv_interview,False,False,0.9,CNBC interview
YdHP_VlyOZQ,True,tv_interview,False,False,0.85,TODAY show interview
RSZSGa9if8k,True,fireside_or_conference_qa,False,False,0.85,Fortune Titans and Disruptors interview
f8HXi-lZbEc,True,tv_interview,False,False,0.85,Rubenstein Show interview
_PUTAL5E2EQ,True,tv_interview,False,False,0.9,CNBC full interview
NLXrFrhhncg,True,fireside_or_conference_qa,False,False,0.85,Economic Club of Washington Q&A
YxnSb44n6I4,True,tv_interview,False,False,0.9,CNBC interview
KWQ1BsmVWVc,True,fireside_or_conference_qa,False,False,0.85,Economic Club of Washington Q&A
MVBwTJTfWAw,True,tv_interview,False,False,0.9,CBS Mornings interview
uaaoz1EEqf4,True,tv_interview,False,False,0.9,CBS extended interview
mBFMeztyg00,False,compilation_or_reupload,True,False,0.8,Fan channel re-post of another outlet's interview
wV_l4_E6uAM,False,about_the_ceo_not_by,False,False,0.9,Cramer commentary about Barra
tMuOv6JXtLQ,True,tv_interview,False,False,0.9,CNBC interview
Ot4QAAPLlt4,True,tv_interview,False,False,0.9,Yahoo Finance interview
Ht3vxrUUpJE,True,tv_interview,False,False,0.9,CNBC interview
OrbuuBGUXTs,True,tv_interview,False,False,0.85,Rubenstein Leadership Live interview
YaSt89Zy8AA,True,podcast_interview,False,False,0.7,"Bloomberg interview, possibly audio-only podcast"
VpIUM9MdTWg,True,fireside_or_conference_qa,False,False,0.9,Aspen Ideas onstage interview
AI9exq-stjI,True,tv_interview,False,False,0.9,Bloomberg TV interview
tyoq1Tz7cSc,True,fireside_or_conference_qa,False,False,0.85,Fuqua speaker series Q&A
1sdVccHGxHU,True,fireside_or_conference_qa,False,False,0.85,NBC posting of Aspen Ideas interview
uycAeqZS1w8,False,compilation_or_reupload,True,False,0.85,"Fan channel Twitter Spaces re-upload, audio"
Qf-pgjxkOrk,True,tv_interview,False,False,0.9,CNN Business in-depth interview
yvwzm3GSTPU,True,tv_interview,False,False,0.9,GMA interview
Rdeiq-CXtos,True,fireside_or_conference_qa,False,False,0.8,Morgan Stanley official conversation
ENW4ygOhCnY,True,tv_interview,False,False,0.75,CNET auto show interview
612LzxcyJrk,True,tv_interview,False,False,0.9,Yahoo Finance interview
ldzdz9UvLjI,True,tv_interview,False,False,0.9,CNBC interview
1CB_748wcyk,True,podcast_interview,False,False,0.6,Blogger interview with Barra directly
ywoqE6qdfYM,True,tv_interview,False,False,0.8,NBC Business in America interview
Lq_mbmKBEmQ,True,fireside_or_conference_qa,False,False,0.85,Ross Sanger dialogue Q&A
EjNw2Z-nJjc,True,tv_interview,False,False,0.85,CNBC joint interview
VNaMxT8rGtA,True,tv_interview,False,False,0.9,CNBC interview
go6ets9wjAg,True,tv_interview,False,False,0.9,CBS Mornings interview
dHTSzwfqsMU,True,tv_interview,False,False,0.9,Yahoo Finance interview
k7DN5KjX3hI,False,about_the_ceo_not_by,False,False,0.9,Cramer commentary on earnings
ipZKJtFQK7E,True,fireside_or_conference_qa,False,False,0.9,Washington Post Live interview
eos35rsoH18,True,tv_interview,False,False,0.9,CNBC interview
wD6RqmTchRc,False,other,True,False,0.7,"Press conference re-upload by dealer channel, not interview"
X_F3xdIMKxs,True,podcast_interview,False,False,0.7,HBR IdeaCast interview
Zbe-jhyQviE,True,fireside_or_conference_qa,False,False,0.8,"Sanger Leadership Center dialogue, original host"
QN-s2CHWABc,False,podcast_interview,False,False,0.8,"Audio only, no CEO on camera"
SwiI2CUtwMg,True,tv_interview,False,False,0.85,TechCrunch interview
LO_A9j8Pv44,True,fireside_or_conference_qa,False,False,0.85,NBC Aspen Ideas interview
H836bvcJbx4,False,compilation_or_reupload,True,False,0.8,Torque News commentary on segment
tFCm395wgdo,False,about_the_ceo_not_by,False,False,0.95,Clickbait commentary about Barra
dwAQ_c3TQB4,True,fireside_or_conference_qa,False,False,0.9,"Code Conference session, original host"
wcQCaWqnoew,True,podcast_interview,False,False,0.8,Delta Gaining Altitude interview series
rzAVCeLZ7ww,False,panel,False,False,0.9,"Analyst discussion about Barra, not by her"
myFPJt0NmpM,True,fireside_or_conference_qa,False,False,0.85,WEF Davos session
bBOPClrIFiU,True,tv_interview,False,False,0.8,Bloomberg interview
D0OmKufbzU8,True,tv_interview,False,False,0.9,CNBC interview
Ut5U9DggUyo,True,tv_interview,False,False,0.8,CNBC face to face interview
OGJ0lwC7MkM,True,fireside_or_conference_qa,False,False,0.8,Stanford GSB official conversation
AbCb8PS97g0,True,tv_interview,False,False,0.9,Fox Business interview
RK7gGfMWxYE,True,tv_interview,False,False,0.9,Fox Business interview
_Dm9bIoD89o,True,podcast_interview,False,False,0.7,David Novak interview series
EaKSngAxsq4,True,fireside_or_conference_qa,False,False,0.6,"NADA closing session, likely onstage conversation"
HiYmvD5COwY,True,tv_interview,False,False,0.85,Yahoo Finance Influencers interview
iUzU-wJMf2I,False,about_the_ceo_not_by,False,False,0.95,Autoline commentary about Barra
2U0AFo0Yy6E,True,fireside_or_conference_qa,False,False,0.85,Fuqua speaker series Q&A
VR50AkLzWP8,False,about_the_ceo_not_by,False,False,0.95,Clickbait commentary channel
t6_fTeOXNeE,False,about_the_ceo_not_by,False,False,0.75,Spanish podcast profile about Barra
fFE_nIJgSyE,False,about_the_ceo_not_by,False,False,0.95,Autoline commentary about Barra
j7QxprRD1kw,True,tv_interview,False,False,0.85,Bloomberg interview
7zJOBhm1EBM,True,tv_interview,False,False,0.9,Bloomberg TV interview
nNF6V-KLj_o,True,tv_interview,False,False,0.8,Bloomberg interview
GhCPWQ0kq94,False,other,False,False,0.8,"Senate hearing clip, not interview"
wS0SDHBK_0k,False,about_the_ceo_not_by,False,False,0.9,News commentary channel
VX341LsJbBg,False,other,False,False,0.8,"Local news package, brief CEO appearance"
avk9ijZftgY,False,about_the_ceo_not_by,False,False,0.9,Third-party commentary on behaviors
rd43svmATi4,True,tv_interview,False,False,0.9,CNBC Squawk Box interview
MgWp9N5iGVQ,True,panel,False,False,0.75,"WaPo Live mentorship panel, Barra speaks substantially"
RIT7zaipmtA,False,compilation_or_reupload,True,False,0.85,Fan channel Twitter Spaces re-upload
_xTCZ3Bqhk8,True,tv_interview,False,False,0.8,Bloomberg interview
HKQqBl7PnQI,False,about_the_ceo_not_by,False,False,0.85,Analysts discussing her testimony
lSPaSo48Yg8,True,fireside_or_conference_qa,False,False,0.8,Fortune MPW interview
QrLKeztyQtk,True,fireside_or_conference_qa,False,False,0.85,MIT Solve president interviews Barra
ifmjWZtv0j4,True,tv_interview,False,False,0.6,"Topping Show interview with Barra, mostly her answers"
xPAtLXdbFTA,False,compilation_or_reupload,True,False,0.8,Aggregator re-post of Automotive News event
gnCVPgPWGeQ,True,tv_interview,False,False,0.8,CBS Detroit interview
luOMnofCt-E,False,product_launch_or_promo,False,False,0.8,Short promo leadership lessons clip
aBEBVCo5V1I,False,other,False,False,0.85,Local news package of meeting
7RikjlrtcV0,True,fireside_or_conference_qa,False,False,0.85,Michigan Chronicle conversation event
sXJkfKR7P1g,False,about_the_ceo_not_by,False,False,0.9,Leadership lessons commentary about Barra
kwyRTK6Ov0E,False,about_the_ceo_not_by,False,False,0.95,Auto news commentary
DpjV6pYOQww,True,fireside_or_conference_qa,False,False,0.9,Axios Mike Allen interview
ER38NhoD7qo,True,panel,False,False,0.7,CNBC Councils two-CEO conversation
B9nmtNeDUKM,True,tv_interview,False,False,0.9,CNBC Squawk Box interview
8zCdraNuz28,False,speech_or_lecture,False,False,0.75,"Annual meeting remarks, mostly scripted"
oIGkMfMqqss,True,tv_interview,False,False,0.6,Topping Show interview with Barra
vdYnG_PBpxM,True,fireside_or_conference_qa,False,False,0.9,Semafor onstage interview
RAEGzYBkz4M,False,compilation_or_reupload,False,False,0.9,Tips compilation channel
X-MRsv02qjQ,False,compilation_or_reupload,True,False,0.85,Small channel re-upload
vRcfiw5YrN0,True,fireside_or_conference_qa,False,False,0.9,Automotive News original interview
ZrRbhH_evQk,False,speech_or_lecture,False,False,0.85,"Award presentation, not Q&A"
HJL-VYbpY34,True,podcast_interview,False,False,0.75,Bloomberg Talks interview
No91BxGQxKw,True,fireside_or_conference_qa,False,False,0.85,LinkedIn News live interview
NfVTjjUIGlA,False,compilation_or_reupload,False,False,0.9,Tips compilation channel
nZN9Un8w9ic,False,about_the_ceo_not_by,False,False,0.95,Clickbait commentary channel
k6DKnFoPmEc,True,tv_interview,False,False,0.8,Cheddar interview
ODFjJ00ksWw,True,fireside_or_conference_qa,False,False,0.7,Signal360 conference conversation
RRWPwZHPmlI,True,fireside_or_conference_qa,False,False,0.9,Automotive News original interview part 2
dWoH3EvTtC0,True,podcast_interview,False,False,0.75,Bloomberg Talks interview
J6fLQWa3qkc,True,podcast_interview,False,False,0.85,Long-form one-on-one interview
peyxNLOWrsw,True,fireside_or_conference_qa,False,False,0.85,Economic Club of Chicago Q&A
cJ5vUZqbnoQ,False,about_the_ceo_not_by,False,False,0.85,Automotive News news show about Barra
Z3wHbXs9x44,False,speech_or_lecture,False,False,0.9,Award honoring ceremony
5NKu2h9dQxs,True,podcast_interview,False,False,0.7,Bloomberg Surveillance interview
MYkCsG_NOO0,False,product_launch_or_promo,True,False,0.9,Product reveal keynote re-upload
litQiHL8O_8,True,tv_interview,False,False,0.85,"Bloomberg interview with Barra, original outlet"
Pjb9aZPpoD8,True,fireside_or_conference_qa,False,False,0.7,Long-form interview with Barra by Archer
Op-Cx6s1aLs,False,other,False,False,0.6,"Surveillance show episode, Barra segment likely partial"
Jdt2cND3tzs,False,about_the_ceo_not_by,True,False,0.9,"Author David Welch discusses Barra, not Barra"
hHZjWKr7XxU,False,about_the_ceo_not_by,False,False,0.7,"Leaders Podcast episode about Barra, likely narrated"
4iborpfpR-Y,False,about_the_ceo_not_by,False,False,0.9,"Discussion with author about Barra, not by her"
-lEK_EvLyqo,True,fireside_or_conference_qa,True,False,0.6,Stanford-style talk with Barra; uploader channel unofficial
bgwBAsolrDg,False,about_the_ceo_not_by,True,False,0.9,Author interview re-uploaded on another channel
2_kxeqMWH2o,False,compilation_or_reupload,True,False,0.9,"Short quotes channel, likely compilation"
_Cs-xTQeGfo,False,keynote_or_presentation,False,False,0.97,Dreamforce scripted keynote
vwgmBsMSwmo,False,product_launch_or_promo,False,False,0.95,Agentforce product launch
HkbnS1dpp5k,False,compilation_or_reupload,True,False,0.8,"Fan channel re-post, original unknown"
HTVrlPoQjM8,True,tv_interview,False,False,0.95,CNBC interview
TtNrCJCwwlc,True,fireside_or_conference_qa,False,False,0.9,All-In Summit onstage Q&A
wnpWljT5cQo,True,fireside_or_conference_qa,False,False,0.85,Goldman Sachs conversation
Bh5bJrrJ6xs,True,fireside_or_conference_qa,False,False,0.6,Dreamforce conversation with Altman
ohZP0zJxnG0,True,fireside_or_conference_qa,False,False,0.92,Economic Club Q&A
t1VuziHp0yY,True,fireside_or_conference_qa,False,False,0.8,Conversation with All-In hosts
y_ZJvkGweDs,True,tv_interview,False,False,0.93,Bloomberg Tech interview
GX_g0435tss,False,about_the_ceo_not_by,False,False,0.9,Commentator video about Benioff
VPV0idcPJ0s,True,tv_interview,False,False,0.92,Rubenstein Show interview
tOGK1nlHdFo,True,podcast_interview,False,False,0.93,Lenny's Podcast long-form
yzv3GixZL6g,True,fireside_or_conference_qa,False,False,0.6,Dreamforce conversation with Sacks
4rO_Vs4M29k,True,fireside_or_conference_qa,False,False,0.85,TechCrunch Disrupt onstage interview
1JAEBiA8bd0,True,tv_interview,False,False,0.92,MS NOW TV interview
wUOjTR1511M,True,fireside_or_conference_qa,False,False,0.6,Dreamforce conversation with Amodei
NqANxJphRXo,True,fireside_or_conference_qa,False,False,0.95,Code 2021 full interview
LGhjIIMzWyo,False,compilation_or_reupload,True,False,0.85,Fan channel clip
5LuGyJzZxeI,True,tv_interview,False,False,0.93,CNBC Cramer interview
nF5Goj-bZQI,True,tv_interview,False,False,0.7,KTVU local TV interview
N2Zekittusw,False,compilation_or_reupload,True,False,0.85,"Aggregator channel, Jensen co-feature"
NnAO1YLAk6k,False,fireside_or_conference_qa,False,False,0.6,"Benioff hosts guest, guest answers"
2nC0TX_GCIM,False,fireside_or_conference_qa,False,False,0.55,Internal chat with Parker Harris
g7FaL4OaViQ,True,tv_interview,False,False,0.93,CNBC interview
ZdzbBFf7i28,False,compilation_or_reupload,True,False,0.85,"Aggregator full-event upload, multi-CEO"
GdByUYvwXp8,True,tv_interview,False,False,0.93,CNBC Cramer interview
L3HWcXMUwpA,True,fireside_or_conference_qa,False,False,0.9,TechCrunch fireside chat
Kw07DyTIap0,False,about_the_ceo_not_by,False,False,0.9,Explainer channel about company
yTOr_rBKMiw,False,fireside_or_conference_qa,True,False,0.6,Benioff hosts; unofficial-looking channel
voyMrmBGLkA,False,fireside_or_conference_qa,False,False,0.6,"Benioff hosts guest, guest answers"
TaYs4tI_ybg,True,tv_interview,False,False,0.93,Bloomberg interview
Bncf1IDIQH8,True,podcast_interview,False,False,0.92,Logan Bartlett Show interview
TCFmJKR6qA0,True,tv_interview,False,False,0.93,CNBC Cramer interview
6ky5POiQs5M,True,podcast_interview,False,False,0.85,20VC podcast
3fmulfbLdmA,False,compilation_or_reupload,False,False,0.9,Multi-guest year-end compilation
Ho1gnEeVryA,False,fireside_or_conference_qa,False,False,0.6,Benioff hosts guest CEO
jWTDBhSvUTY,False,other,False,False,0.7,News package on apology
Xb6smlRvQBk,True,fireside_or_conference_qa,False,False,0.85,WEF conversation
DQDSknOpI5w,True,tv_interview,False,False,0.93,Mad Money interview
Av8YBalaFkw,True,tv_interview,False,False,0.93,Mad Money interview
lxyLwglsd8o,True,tv_interview,False,False,0.93,CNBC Cramer interview
aF9oMKpWftw,True,tv_interview,False,False,0.9,theCUBE interview
BnTL0dzLiwc,True,fireside_or_conference_qa,False,False,0.9,Kara Swisher onstage interview
QMzKTeiKGnQ,True,fireside_or_conference_qa,False,False,0.7,Google session conversation
RC7aXsTUPzE,True,tv_interview,False,False,0.92,CNBC interview
zBacegvXVPw,True,tv_interview,False,False,0.93,CNBC Cramer interview
woebgt0s3v4,True,tv_interview,False,False,0.92,CNBC interview
VwYdCgspMzQ,True,tv_interview,False,False,0.93,Mad Money interview
yim23l1HQlI,True,podcast_interview,False,False,0.75,"Exclusive interview, long-form"
A9gNaRUW9Nw,True,fireside_or_conference_qa,False,False,0.93,Code Enterprise interview
KXRpBCgqf_Q,False,product_launch_or_promo,False,False,0.8,Customer story promo
wwmoboQRRIQ,True,podcast_interview,False,False,0.92,20VC podcast
srixQXpWg-s,True,fireside_or_conference_qa,False,False,0.9,Disrupt SF onstage interview
BbdLpIi4sdQ,True,fireside_or_conference_qa,False,False,0.85,WSJ interview
GlynmpqBZ-U,True,tv_interview,False,False,0.88,Bloomberg interview
jQj0SojEX0M,False,keynote_or_presentation,True,False,0.8,Dreamforce keynote re-upload
eJmR8nPYO5A,False,fireside_or_conference_qa,False,False,0.55,"Short Dreamforce chat, Benioff hosting"
ug_fkLFPhMw,True,tv_interview,False,False,0.92,CNBC interview
sHkIxokdq2U,True,tv_interview,False,False,0.93,Yahoo Finance interview
X1ibK-g6k2E,True,tv_interview,False,False,0.92,CBS Mornings interview
mJeXyiLBkFU,True,tv_interview,False,False,0.92,CNBC interview
MN7-OADUkPw,True,tv_interview,False,False,0.9,Bloomberg interview
xVAIqjrPO5g,True,tv_interview,False,False,0.9,Bloomberg interview
kkx3pFln5Pc,True,tv_interview,False,False,0.92,Yahoo Finance interview
x_ZpYYVTmek,True,tv_interview,False,False,0.92,CNBC interview
bzB1gj_ve0M,False,fireside_or_conference_qa,False,False,0.6,Benioff interviews Lars Ulrich
QPY2U33ww6M,True,tv_interview,False,False,0.92,Yahoo Finance interview
LL3xHUbEyhI,True,tv_interview,False,False,0.93,Amanpour interview
TMbGHKcuxPk,True,podcast_interview,False,False,0.65,One-on-one long-form interview
5HU0vrZNxnM,True,podcast_interview,False,False,0.9,Diamandis podcast
Vq7SWNsMUiA,True,fireside_or_conference_qa,False,False,0.85,Fortune interview
XDmgNQE5aq8,True,tv_interview,False,False,0.92,CNBC interview
1_4rHKGHlmU,False,about_the_ceo_not_by,False,False,0.85,Third-party summary of values
vLx2QEnS0xI,False,product_launch_or_promo,False,False,0.8,Product promo guest cameo
_4VHE53HIag,True,podcast_interview,False,False,0.9,This Week in Startups interview
2XZdREjg4WI,True,tv_interview,False,False,0.8,"Rubenstein interview clip, original channel"
-XYBNT-gcyY,True,tv_interview,False,False,0.92,Bloomberg interview
RCbOqfCk6UY,True,tv_interview,False,False,0.9,Bloomberg interview
P55b04eSNrM,True,tv_interview,False,False,0.92,CNBC interview
NKRH0zwLd5M,False,about_the_ceo_not_by,False,False,0.9,"Interview with Bret Taylor, not Benioff"
2iUzBKFh2QY,True,fireside_or_conference_qa,False,False,0.9,NYT event interview
rBTFDccvTNE,True,fireside_or_conference_qa,False,False,0.5,Gartner short Q&A clip
pPbecoMjAKE,True,tv_interview,False,False,0.92,CNBC interview
mAaxPcBJfsU,True,fireside_or_conference_qa,False,False,0.88,WEF Davos conversation
F-_ZJxQZ-xQ,True,podcast_interview,False,False,0.88,Julia La Roche interview
G0fD1dcc_l8,True,tv_interview,False,False,0.92,CNBC interview
2QLvlRlWhRc,True,tv_interview,False,False,0.92,CNBC interview
IY2BRGe6q50,True,tv_interview,False,False,0.9,CNN Business interview
8OgROKGh13I,True,tv_interview,False,False,0.92,CNBC interview
SE1yart2_Ec,True,tv_interview,False,False,0.85,NBC News interview
7WaBSYyryvg,False,compilation_or_reupload,True,False,0.9,"Clips channel, spliced topic clip"
aHST3-Kx8Mg,True,tv_interview,False,False,0.9,Yahoo Finance interview
Hr0PEsSCTtM,True,podcast_interview,False,False,0.6,PayPal interview series episode
kHTeJaypp-k,True,tv_interview,False,False,0.92,CNBC Davos interview
puZL-x_MaA,True,tv_interview,False,False,0.92,CNBC interview
WlJs61FJcT0,False,panel,False,False,0.9,"theCUBE news show, not interview"
TlSdTkch3F0,True,tv_interview,False,False,0.9,Bloomberg interview
U6O_3B8qDyE,True,tv_interview,False,False,0.92,Mad Money interview
fpx6WpDFRdU,True,tv_interview,False,False,0.9,Bloomberg interview
FV9NY-LmrkY,True,tv_interview,False,False,0.92,CBS Mornings interview
qsoIfMxnMQc,True,tv_interview,False,False,0.93,Mad Money interview
V59jNsuk_jM,True,fireside_or_conference_qa,False,False,0.9,Axios conversation
7MAe-BnuWqc,False,product_launch_or_promo,False,False,0.85,Honoree tribute video
b1PvgB3zN04,True,tv_interview,False,False,0.88,Amanpour web extra interview
t1RugBZTHow,True,fireside_or_conference_qa,False,False,0.9,Disrupt SF onstage interview
liwcJ94n1NM,True,tv_interview,False,False,0.92,CNBC full interview
UJHXKSvuyLc,False,tv_interview,False,False,0.85,"Audio only, no face"
B96tCq3_6Ns,False,compilation_or_reupload,True,False,0.85,Commentary breakdown of All-In clip
E7fQm1dl1c0,False,speech_or_lecture,False,False,0.65,2007 conference talk excerpt
pKuGflbZXZg,False,product_launch_or_promo,False,False,0.6,Short promo-style feature
KHAEL1LXSG8,True,fireside_or_conference_qa,False,False,0.9,Economic Club Q&A on CNBC
RPA9xaDxMbQ,False,about_the_ceo_not_by,False,False,0.9,"Attorney interviewed, not Benioff"
WpocDIgk-6I,True,tv_interview,False,False,0.93,Mad Money interview
sngIWtVF170,True,fireside_or_conference_qa,False,False,0.88,Commonwealth Club Q&A
6bj6K21xXYE,False,compilation_or_reupload,True,False,0.85,Individual's clip of Davos talk
7VAkP4kYA6g,False,compilation_or_reupload,True,False,0.8,"Unknown channel, shared chat re-upload"
6BVoduvpZEs,True,tv_interview,False,False,0.92,Yahoo Finance interview
FCipmczVLLA,True,tv_interview,False,False,0.92,CNBC interview
-SCnjIywD3c,True,tv_interview,False,False,0.9,Bloomberg interview
72Cbnelmoi4,True,tv_interview,False,False,0.85,Bloomberg interview with Benioff
Sb4e5uNTu4c,True,tv_interview,False,False,0.9,Yahoo Finance interview on activist battle
_3WvbAccWLY,False,compilation_or_reupload,True,False,0.7,Dreamforce session on aggregator channel; CEO is host
bORwyXuIga8,True,fireside_or_conference_qa,False,False,0.85,"TechCrunch Disrupt onstage interview, Yahoo Finance"
483_uUCpS7U,True,tv_interview,False,False,0.9,Bloomberg TV interview
u1yc6WcTg18,True,fireside_or_conference_qa,False,False,0.9,"Barron's interview, original outlet"
LMpVL2NSIPQ,False,podcast_interview,False,False,0.8,"Podcast about Benioff lessons, not with him"
aq5_86VqgHM,False,about_the_ceo_not_by,False,False,0.95,"Bret Taylor clip, Benioff not speaker"
l8iDebiXJqw,False,other,False,False,0.7,"Sales trainer clip, not Q&A"
ZrrtKM78iN8,True,fireside_or_conference_qa,False,False,0.85,IDB conversation with Benioff
4u5rgBakGnA,True,fireside_or_conference_qa,False,False,0.9,Julia Boorstin onstage interview
Nagd2XGzbDw,True,tv_interview,False,False,0.85,Bloomberg interview
unKHDT06wBk,True,podcast_interview,False,False,0.9,Emily Chang Bloomberg interview
xqlKed-V_L8,True,tv_interview,False,False,0.85,Bloomberg interview
tqBDPOKE2FE,False,about_the_ceo_not_by,False,False,0.95,"Former CMO podcast, not Benioff"
Q9M8hNsfZEc,True,fireside_or_conference_qa,False,False,0.8,"TIME conversation, official channel"
sbgVuEdHs98,False,compilation_or_reupload,True,False,0.7,Third-party channel re-posting Robbins interview
Y-BS54_IYng,False,about_the_ceo_not_by,False,False,0.95,Kara Swisher commenting on Benioff
-0m0OL2m0-A,False,about_the_ceo_not_by,False,False,0.95,Commentary video about Benioff
MwBuxQgkYzc,False,speech_or_lecture,False,False,0.8,"Titled talk, likely lecture"
CIZN_KCVdy4,False,compilation_or_reupload,True,False,0.85,Short clip on fan channel
2cGmfzwxWQM,False,panel,False,False,0.6,"Multi-person COP26 panel, Benioff share limited"
HMTXxp4CJ4I,False,ai_or_fake_suspected,False,False,0.8,"Spammy title, 'co-ceo', suspicious channel"
lcfKvdsyD6Y,False,speech_or_lecture,False,False,0.7,Hall of Fame award ceremony
nJZttcqkcRg,False,speech_or_lecture,False,False,0.6,"Award event, likely speech"
hA1mxhZcKbE,False,speech_or_lecture,False,False,0.8,Medal award acceptance 2011
DG3-DIk5nDk,False,compilation_or_reupload,True,False,0.85,"Clips channel, versus compilation"
cBUpbDDszEY,True,fireside_or_conference_qa,False,False,0.65,"Two-person conversation, Benioff substantial"
aLlNGBzHDaE,True,fireside_or_conference_qa,False,False,0.7,"NYT New Work Summit session, original outlet"
lsNRKB-7rGU,True,tv_interview,False,False,0.8,Bloomberg interview duplicate
Q6PqCZhEHZI,False,compilation_or_reupload,True,False,0.8,Commentator re-post of Cramer segment
_JzOqyh2z88,False,compilation_or_reupload,True,False,0.85,Clip channel with editorial title
PEmBVAc67Nw,False,about_the_ceo_not_by,False,False,0.9,Commentary show about Benioff
DYV8B6p3t7A,False,keynote_or_presentation,True,False,0.9,Dreamforce keynote re-upload
LsNF3rWlH7I,False,podcast_interview,True,False,0.6,Archive channel re-upload of podcast
Zr-h5LGv7qI,False,about_the_ceo_not_by,False,False,0.9,"Podcast discussing Benioff, not with him"
gXwkS1loQyI,False,about_the_ceo_not_by,False,False,0.95,Guest anecdote about meeting Benioff
LxUjVrSUMaY,False,about_the_ceo_not_by,False,False,0.9,Podcast about Benioff's story
FTtqBLagYTA,False,about_the_ceo_not_by,False,False,0.95,Explainer about Benioff
FLkwsxdTuwY,False,earnings_call,True,False,0.9,Audio earnings call re-post
o0shbheu18Y,False,earnings_call,True,False,0.9,Audio earnings call re-post
VgR_x5-lthI,False,compilation_or_reupload,True,False,0.9,Shorts-style tips channel with hashtags
sZvMV4hFtTk,False,about_the_ceo_not_by,False,False,0.95,"Salesforce employee story, not Benioff"
jOLQm03RNZg,False,ai_or_fake_suspected,False,False,0.85,"Motivational channel, 'by Marc Benioff'"
Pec-m1NXnr0,False,about_the_ceo_not_by,False,False,0.9,Third-party day-in-life explainer
38XMIMrIg_g,False,about_the_ceo_not_by,False,False,0.95,Documentary by commentary channel
74qPQt_5DdM,False,product_launch_or_promo,False,False,0.8,"Prototype feature, not CEO Q&A"
GpJhBB7Gv0c,False,about_the_ceo_not_by,False,False,0.95,Untold story commentary video
OaLxTz1Yw7M,False,speech_or_lecture,False,False,0.6,Likely scripted privacy talk by Apple
2ZfGBGmEpRQ,True,tv_interview,False,False,0.95,Rubenstein sit-down interview
m4RVTK7iU1c,True,tv_interview,False,False,0.8,WSJ Job Interview Q&A
JXQYO8poXC8,True,podcast_interview,False,False,0.9,Dua Lipa podcast interview
IR5rTZMsdIE,False,about_the_ceo_not_by,False,False,0.95,Documentary about Cook era
Df_2BBTvJ2o,True,tv_interview,False,False,0.95,GMA TV interview
DCemIF_bMoA,False,about_the_ceo_not_by,False,False,0.95,LTT commentary on legacy
UU6MtPwT_5c,True,podcast_interview,False,False,0.9,iJustine interview with Cook
Zi07_fWFBVk,False,about_the_ceo_not_by,False,False,0.95,"Podcast about Cook, he is absent"
xtgj8CCa0O4,False,speech_or_lecture,False,False,0.85,"Oval Office announcement, not Q&A"
VD1cP8SK3Q0,True,tv_interview,False,False,0.95,VICE News interview
f5iyULLIPg0,False,compilation_or_reupload,False,False,0.75,Short packaged clip story
8xo4uG7YpJI,False,about_the_ceo_not_by,False,False,0.95,Commentary on departure
l1b7u7ujFm0,False,compilation_or_reupload,True,False,0.65,"Fan channel, original unclear"
sdvzYtgmIjs,True,fireside_or_conference_qa,False,False,0.95,Code 2022 onstage interview
yuab1ypDhIo,False,other,False,False,0.7,"Ellen kid-guest segment, Cook minor"
wev1QD94WHM,True,podcast_interview,False,False,0.8,Exclusive creator interview with Cook
2TMufqZ_y5s,False,about_the_ceo_not_by,False,False,0.9,Third-party day-in-life
HM9r6Q_jFCE,True,fireside_or_conference_qa,False,False,0.95,DealBook onstage interview
zz1GCpqd-0A,False,compilation_or_reupload,True,False,0.85,Individual re-upload of NBC interview
KDBvTQUW6Ds,True,tv_interview,False,False,0.8,"Fallon talk-show conversation, official channel"
xLqUXIwPGUo,True,tv_interview,False,False,0.95,CBS extended interview
2zVd9g8XBi0,False,product_launch_or_promo,False,False,0.7,"Produced GQ feature, not Q&A"
B_vQ7P60wxA,True,tv_interview,False,False,0.9,Bloomberg interview
wjTGbS4JqXk,False,speech_or_lecture,True,False,0.9,Speech re-upload by aggregator
Kf-67zxoUlw,False,about_the_ceo_not_by,False,False,0.95,Podcast discussing Cook
eUAPHgiEniQ,False,compilation_or_reupload,True,False,0.9,Fan re-upload of D10 interview
4IQStrUnUKM,True,tv_interview,False,False,0.95,CNN exclusive interview
fYckMPbpTns,True,tv_interview,False,False,0.95,CBS Mornings interview
mOBVL2Jr_Lw,False,about_the_ceo_not_by,False,False,0.95,Documentary by explainer channel
2C2VJwGBRRw,False,speech_or_lecture,False,False,0.95,Commencement speech
qvR3PEPqX9A,True,tv_interview,False,False,0.95,CNBC full interview
yVqATkWEzU4,False,compilation_or_reupload,True,False,0.8,"Spanish channel, likely dubbed/reupload"
fl5xurWyV2o,True,tv_interview,False,False,0.9,CNN interview
kFdUa_WeTcQ,True,tv_interview,False,False,0.95,Mad Money interview
tGqLTFv7v7c,True,tv_interview,False,False,0.95,ABC Muir extended interview
uksE9lJHH7I,False,compilation_or_reupload,False,False,0.7,Short packaged clip
W5X0x9zq5U0,True,podcast_interview,False,False,0.9,iJustine WWDC interview
3NXjUpo-1q8,False,speech_or_lecture,False,False,0.95,Commencement speech
nPKZp3MDlLw,True,tv_interview,False,False,0.95,CBS extended interview
qb5LxjwkAgY,True,tv_interview,False,False,0.95,CBS interview
lHUz63xFyyw,True,tv_interview,False,False,0.95,CNBC interview
M-FBYmIhRoo,True,tv_interview,False,False,0.9,CBS Sunday Morning interview
BeHs9eGzsB8,False,compilation_or_reupload,True,False,0.85,Fan channel clip
BZmeZyDGkQ0,True,tv_interview,False,False,0.85,WSJ interview
CMLiMsjwBWI,True,tv_interview,False,False,0.85,WIRED interview
yoH4uH1Wv8E,False,other,False,False,0.5,"Store event coverage, brief"
9X0x0pEWx0E,False,other,False,False,0.95,Buffett speaking about Cook
E7bpYaxgC5o,False,speech_or_lecture,True,False,0.9,Speech re-upload by aggregator
Jr4LC1q1N_g,False,speech_or_lecture,False,False,0.95,Commencement speech
INFcn63gVBA,True,tv_interview,False,False,0.9,NDTV exclusive interview
y6I1-8r5pO0,True,tv_interview,False,False,0.95,CNBC interview
6r4fNksNk-0,False,about_the_ceo_not_by,False,False,0.9,News analysis about succession
rBm3CwmRKkw,False,compilation_or_reupload,True,False,0.85,Third-party clip channel
_ng8xQ-SNGc,True,fireside_or_conference_qa,False,False,0.85,Fortune conference conversation
VWEv33KwlN0,True,tv_interview,False,False,0.8,Clique TV full interview
ckjkz8zuMMs,False,speech_or_lecture,False,False,0.95,Commencement address
49rHhtCaWLI,False,speech_or_lecture,False,False,0.8,"Essay announcement, not Q&A"
XHxRJFXhxB4,False,about_the_ceo_not_by,False,False,0.95,Commentary video
AwvLymAA2CM,True,tv_interview,False,False,0.9,CBS Evening News interview
yK2zzcjp2As,True,tv_interview,False,False,0.95,Bloomberg studio interview
k36_CsV_uxc,False,about_the_ceo_not_by,False,False,0.95,Commentary on Trump remarks
Vq4JDmQ3eN4,True,podcast_interview,False,False,0.75,iGyaan interview with Cook
xqztfkkmN2s,True,tv_interview,False,False,0.9,CNBC Cramer interview
2IwMM_VStsU,True,tv_interview,False,False,0.9,CBS Sunday Morning interview
MU-SXaFpSts,True,fireside_or_conference_qa,False,False,0.95,TIME 100 Summit interview
cWSCpukJSu4,False,compilation_or_reupload,True,False,0.8,"Highlight clip, not original outlet"
haqWog_aOH4,False,compilation_or_reupload,True,False,0.85,Fan channel clip
kBm_DDAsYjw,True,tv_interview,False,False,0.9,ABC News interview
ueOCRxZQ8xY,False,compilation_or_reupload,True,False,0.8,"Dubious creator claim, likely clips"
LS-tDwZRveM,True,tv_interview,False,False,0.85,CBS Mornings interview
u9Sy3qwthCw,False,ai_or_fake_suspected,False,False,0.9,"Fake Charlie Rose channel, AI-style"
AT1NKVkPD5A,False,about_the_ceo_not_by,False,False,0.85,News package on last day
6MyDUkh8O-U,True,tv_interview,False,False,0.85,WSJ News interview
xcxR0-ZgO5o,True,tv_interview,False,False,0.95,Mad Money interview
Xl1XJo0z9_A,True,tv_interview,False,False,0.9,CNBC interview
OGuKhvDJWes,False,speech_or_lecture,False,False,0.95,Commencement address
PjehoUu48rY,True,tv_interview,False,False,0.9,GMA interview
WL6bBkkXjFw,False,about_the_ceo_not_by,False,False,0.95,Podcast debating Cook
kVhOLkIs20A,False,keynote_or_presentation,False,False,0.95,Scripted keynote
D3WZx2um2iI,True,fireside_or_conference_qa,False,False,0.95,WSJD Live onstage interview
kXy8KcONTSs,False,compilation_or_reupload,True,False,0.8,Individual re-upload
Lx6YINOfjaQ,False,other,False,False,0.8,"Senate testimony, not interview"
AaHuf6FmACg,False,about_the_ceo_not_by,False,False,0.95,Commentary channel
629XzLgO6ac,True,fireside_or_conference_qa,False,False,0.9,Fortune conference conversation
7iYXTPDKDTk,False,about_the_ceo_not_by,False,False,0.95,Livestream commentary
mnLghjskSbw,False,compilation_or_reupload,True,False,0.85,Fan channel clip
osGvoS130J8,True,fireside_or_conference_qa,False,False,0.85,Bloomberg-hosted conversation
xV1V4k3Sn5s,True,tv_interview,False,False,0.9,CNBC interview
wmo8bmzAyyU,False,compilation_or_reupload,True,False,0.85,Value compilation by small channel
t6_iOVSavdE,True,podcast_interview,False,False,0.75,YouTuber interview with Cook
Qs4zD6nNbFI,False,about_the_ceo_not_by,False,False,0.95,Vergecast commentary
dFATM2u2Exw,False,compilation_or_reupload,True,False,0.85,Aggregator channel
GZQo85RhSUE,True,tv_interview,False,False,0.8,Bloomberg TV interview
juV2cY-BiGg,True,tv_interview,False,False,0.85,CNBC Cramer interview
Fc_xlNodaWc,False,about_the_ceo_not_by,False,False,0.95,Vergecast commentary
dSbYlGbJwKc,False,compilation_or_reupload,True,False,0.9,Fan re-upload of D11 interview
taLzKBs-Yu4,False,speech_or_lecture,False,False,0.95,Commencement speech
v4iWTwjG9JE,True,tv_interview,False,False,0.9,CNBC interview
HIBq3dnzr58,True,tv_interview,False,False,0.9,CBS News interview
RKgRerfCkCc,False,compilation_or_reupload,True,False,0.9,Fan re-upload of D11
KAlC-aLAQNI,False,about_the_ceo_not_by,False,False,0.95,Analyst commentary on Cook
TTOR_of39do,True,tv_interview,False,False,0.95,Mad Money interview
Yyzf8W1zQ6c,False,other,False,False,0.85,Short TIME100 tribute
PFY6sb6kL-g,True,tv_interview,False,False,0.95,Mad Money interview
loQn76jiJPY,True,tv_interview,False,False,0.95,CNBC Cramer one-on-one
PHr0QBmeB2g,False,speech_or_lecture,False,False,0.95,Commencement speech
sUDf4tPKnis,False,about_the_ceo_not_by,False,False,0.9,News analysis of succession
VdCLVlF-2Oc,False,about_the_ceo_not_by,False,False,0.95,Commentary show
ns9N_AgSSH8,False,about_the_ceo_not_by,False,False,0.95,Comedy commentary
6RK0HdfjmO8,True,fireside_or_conference_qa,False,False,0.8,Brut VivaTech interview
OHCyMyQ2TAo,True,fireside_or_conference_qa,False,False,0.85,RTL Z Startup Fest interview
_sKCa1UeKzQ,True,tv_interview,False,False,0.85,Bloomberg Tech interview
9--Lik0Fsqg,False,about_the_ceo_not_by,False,False,0.9,Commentary clip channel
TVix3yp2Nc4,True,tv_interview,False,False,0.85,CNBC interview
6DNqZyqhkHE,False,about_the_ceo_not_by,False,False,0.9,Investor commentary on Apple
8cquLg4Ipzs,False,other,False,False,0.7,"CNBC analyst segment about Cook, not Cook"
GBQaFz0563Q,False,compilation_or_reupload,True,False,0.85,Fan channel clip about Jobs interview
X_k0cVkVUY4,False,keynote_or_presentation,True,False,0.95,iOS 7 keynote segment
iRXrNQQuSYA,False,compilation_or_reupload,True,False,0.9,Motivational clip channel
FfXef52EWc4,False,other,False,False,0.8,Bloomberg news package about Apple transformation
hWUWZ2K8p3Y,True,fireside_or_conference_qa,False,False,0.6,Live VivaTech conversation with Cook
WG0fCQqvtLg,True,tv_interview,False,False,0.75,Bloomberg interview on AR
9ZOazLPcI2M,False,speech_or_lecture,False,False,0.9,"Speech by KTR, not Cook Q&A"
GeS57u3fAvk,True,tv_interview,False,False,0.6,CBS extended interviews incl. Cook
u1WRj1hKSQc,False,compilation_or_reupload,True,False,0.7,Re-upload by aggregator channel
_AAM1P-kqFs,False,tv_interview,False,False,0.85,"Icahn interview, not Cook"
58ZZFUDIM0g,False,other,False,False,0.8,"Not genuine Cook interview, likely other person"
oIstQKrytpM,True,tv_interview,False,False,0.7,ABC News interview with Cook
ZKMD80U8dRM,False,other,False,False,0.9,Earnings preview commentary
_H3EGRV1cRY,False,other,False,False,0.95,News discussion of succession
844TNyLdymI,False,about_the_ceo_not_by,False,False,0.95,Podcast commentary about Cook
H3hNHTW2DHY,False,about_the_ceo_not_by,False,False,0.95,Galloway commentary
jbWwM6vfeYo,True,tv_interview,False,False,0.8,"Charlie Rose interview, original channel"
SifrQtbTVxw,False,about_the_ceo_not_by,False,False,0.95,Commentary about Cook
1170X6rhk60,False,speech_or_lecture,False,False,0.95,Graduation speech
6UgMwVoq8E4,False,about_the_ceo_not_by,False,False,0.95,Thai explainer about Cook
lANVCuHRGck,False,about_the_ceo_not_by,False,False,0.95,Commentary ranking products
L-1n_1yuVoQ,True,tv_interview,False,False,0.75,Bloomberg Tech interview
qym5y4rTg3o,True,podcast_interview,False,False,0.5,"One-on-one interview with Cook, creator channel"
B3hEg3R1hOQ,True,tv_interview,False,False,0.95,CNBC interview
R94X3njinYY,False,about_the_ceo_not_by,False,False,0.95,Commentary on succession
P6dLSNE4_OA,False,product_launch_or_promo,False,False,0.6,"Short promo-style charity segment, multiple guests"
Yx2mwPBKoAw,True,tv_interview,False,False,0.8,India Today interview
HevFY45INGI,True,tv_interview,False,False,0.9,CNBC Mad Money interview
4GGIIOckamA,True,tv_interview,False,False,0.95,CNBC interview
uXOLfijQzQc,False,about_the_ceo_not_by,False,False,0.95,Commentary on Cook stepping down
h3eUhHuQz4M,True,tv_interview,False,False,0.9,Bloomberg TV interview
vSXuJuIt8yc,False,about_the_ceo_not_by,False,False,0.95,Podcast discussing successor
7fAuEP9b7Yk,True,tv_interview,False,False,0.75,Business Today exclusive interview
aHRmfoyoK2A,True,fireside_or_conference_qa,False,False,0.75,Fireside chat at Silicon Slopes
c-mgqd2O7to,False,compilation_or_reupload,True,False,0.85,Sensational clip by podcast channel
66SJTqGZNhI,True,tv_interview,False,False,0.9,CBS Evening News interview
_0u3JxyOAug,False,about_the_ceo_not_by,False,False,0.95,Podcast about Cook exit
W6kcA8weV90,True,fireside_or_conference_qa,False,False,0.8,Forum conversation with Cook
RYV2ckDm6uI,False,about_the_ceo_not_by,False,False,0.95,Commentary channel
ngJNmS-QCCg,False,tv_interview,False,False,0.9,"Sculley interview, not Cook"
SAEeLVUGoVU,True,fireside_or_conference_qa,False,False,0.9,"VivaTech fireside chat, official channel"
MZ_cnyc-irw,False,other,False,False,0.9,News segment about Cook stepping down
dklqQCYgoqY,False,compilation_or_reupload,True,False,0.85,Re-upload of Charlie Rose interview
iQ7Fue3qXSI,False,keynote_or_presentation,True,False,0.95,Product launch keynote
P4Nzlfd7zdU,True,tv_interview,False,False,0.6,"TIME interview, original publisher"
s-ibnjB-7Pc,True,tv_interview,False,False,0.95,CNBC interview
AgQqKDHk4Lw,False,speech_or_lecture,False,False,0.95,Commencement speech
kOnMRmWXEmw,False,compilation_or_reupload,False,False,0.95,Graduation speech highlights
lJu5x--DW7o,False,other,False,False,0.95,"Different Tim Cook, an actor"
sj_Oi3bnG58,False,about_the_ceo_not_by,False,False,0.9,Explainer about leadership style
_2T61cZKYsM,False,ai_or_fake_suspected,True,False,0.9,Motivational channel speech
QPQ8qQP4zdk,False,compilation_or_reupload,True,False,0.65,"Aggregator channel upload, unknown original"
1wNs8uM_SkI,True,tv_interview,False,False,0.95,CNBC interview
ixS5yyDZEbg,False,about_the_ceo_not_by,False,False,0.95,Author interview about Apple
c2iH-5G8kIo,False,panel,False,False,0.85,CNBC anchors discussing Cook
dwzWH_PtLW4,True,tv_interview,False,False,0.5,Bloomberg Tech interview clip likely
byVv1FyaFwM,False,speech_or_lecture,True,False,0.8,Conference speech re-uploaded by blogger
PERloVm6m1M,True,tv_interview,False,False,0.95,CNBC interview
74JG6hb4Q7s,False,compilation_or_reupload,True,False,0.85,Aggregator re-upload
Qzbn7d1NhTo,True,tv_interview,False,False,0.95,CNBC interview
D1AQZ-Litu8,False,about_the_ceo_not_by,False,False,0.95,Explainer channel
0J-OeefagXg,True,tv_interview,False,False,0.85,Bloomberg interview
4eVH9FYombY,True,fireside_or_conference_qa,False,False,0.85,TIME100 Talks conversation
AtI958ow8RQ,False,about_the_ceo_not_by,False,False,0.95,Tech podcast commentary
vFJZ-jwCqFI,False,compilation_or_reupload,True,False,0.9,Self-help clip channel
W8wXnTsCnX0,False,about_the_ceo_not_by,False,False,0.95,Galloway commentary
sVwh2MANHZY,False,about_the_ceo_not_by,False,False,0.9,News package about Cook
bjePLXg64n0,False,about_the_ceo_not_by,False,False,0.95,Podcast commentary
j6lAZ_MIStE,False,about_the_ceo_not_by,False,False,0.95,Podcast about Apple news
aBOvSQ6jqt8,False,about_the_ceo_not_by,False,False,0.95,Podcast about Apple news
1LVv7tih2vE,False,speech_or_lecture,True,False,0.95,Commencement speech
VAt-1OUNaN0,True,tv_interview,False,False,0.85,Bloomberg interview
7r-6SHgW9Fk,False,about_the_ceo_not_by,False,False,0.95,Podcast about Cook era
EGdR4g_6spQ,True,tv_interview,False,False,0.95,CNBC interview
1su9ioNw7kM,False,compilation_or_reupload,True,False,0.7,Blog channel re-post of media interview
WrZXtvi6cas,False,about_the_ceo_not_by,False,False,0.95,Net worth clickbait
02OMwjck4es,True,tv_interview,False,False,0.95,CNBC interview
lEiptNelREI,False,speech_or_lecture,True,False,0.95,Subtitled graduation speech
kvTUiR_P8p8,True,tv_interview,False,False,0.7,Business Today exclusive interview
NOLrSNfQ_Ok,False,about_the_ceo_not_by,False,False,0.85,Show about Apple at 10
_B80g1hHbN8,False,other,False,False,0.98,"Different Tim Cook, language teacher"
MZ61x3xFHBw,False,about_the_ceo_not_by,False,False,0.95,Podcast about Cook legacy
jd0QvvEOSK8,False,compilation_or_reupload,True,False,0.95,English-learning clip
SpAzhsROjsw,False,compilation_or_reupload,True,False,0.5,"Short clip, likely from another outlet"
fUiTZ9krfjQ,False,about_the_ceo_not_by,True,False,0.9,Gossip channel clip
IflspdOcHg0,False,keynote_or_presentation,True,False,0.9,Keynote clip
2tKkzEwhIOs,False,other,False,False,0.98,"Different Tim Cook, XFL player"
oK_mW6xyWiY,False,compilation_or_reupload,False,False,0.9,Highlights montage
l0Rst72xaqo,False,other,False,False,0.95,"Different Tim Cook, actor"
WPOxIWeA_ts,False,compilation_or_reupload,True,False,0.9,Reaction/clip channel
1b3X5b2bbHk,False,compilation_or_reupload,True,False,0.85,Reporter personal channel re-upload
51RlWnv4LBk,False,compilation_or_reupload,True,False,0.95,Commencement speech clip
sSnf6c8nSR8,False,compilation_or_reupload,True,False,0.85,Fan channel re-upload
5v3rDzWKJzY,False,ai_or_fake_suspected,False,False,0.6,"Obscure channel, dubious long Cook interview"
3VAVXIRuYic,False,other,False,False,0.7,Likely a local different Tim Cook
hg3iqFcP-5I,False,compilation_or_reupload,True,False,0.85,Aggregator re-upload
qouFMJCbiLU,False,compilation_or_reupload,True,False,0.85,Re-upload of ABC interview
LAeQK4H_nig,False,compilation_or_reupload,True,False,0.85,Reporter personal channel re-upload
Y11Ij4YkEbQ,False,earnings_call,True,False,0.9,Audio earnings call opening statement
BP-fL8M3KKQ,False,other,True,False,0.8,Commentary podcast excerpt
xsceWLy7Ge8,False,about_the_ceo_not_by,False,False,0.95,Commentary on succession
kBj6pAw08yk,False,about_the_ceo_not_by,False,False,0.9,News-style commentary
YPTAInxLMkM,False,about_the_ceo_not_by,False,False,0.95,Biographer interview
Lq1EkqltUDU,False,other,False,False,0.95,"Local museum, different Tim Cook"
HL_dOAMkG2k,False,ai_or_fake_suspected,False,False,0.9,"Impersonator channel, fake exclusive"
JOLbdXbVVVU,False,compilation_or_reupload,True,False,0.9,Fan re-upload
SILt934Jj1Q,False,compilation_or_reupload,True,False,0.85,Aggregator re-upload
vwKSjHBwYVQ,False,about_the_ceo_not_by,False,False,0.9,News commentary channel
Ljsg0FADfp8,False,other,False,False,0.9,Unrelated show
tsb6wZUtLEg,False,other,False,False,0.9,"Different Tim Cook, campus podcast"
ihRbgvTj-xQ,False,other,False,False,0.95,"Different Tim Cook, board candidate"
wlho2DzfcbE,False,other,True,False,0.8,Obscure personal channel clip
PPNMhg0CWGM,False,ai_or_fake_suspected,False,False,0.85,"AI-themed channel, short story"
yqJf_vl6Jhg,False,other,False,False,0.9,"Store opening footage, not Q&A"
9Kl-wO_j5GM,False,other,False,False,0.6,"Produced profile package, not pure Q&A"
AkHbB9GuCkE,False,about_the_ceo_not_by,False,False,0.95,Documentary about CEO
IyEadGANbgM,True,fireside_or_conference_qa,False,False,0.9,Stanford GSB onstage conversation
kK9_3sXFuYw,False,about_the_ceo_not_by,False,False,0.9,WSJ explainer about CEO
PvkZuCFa8ng,True,panel,False,False,0.5,"Multi-person FII panel, Dimon participates"
137j8KxHApc,False,compilation_or_reupload,True,False,0.9,Valuetainment reupload of CNBC interview
gWLbLv54hbU,False,other,False,False,0.8,Short edited career advice clip
-nUs_ppctB4,True,fireside_or_conference_qa,False,False,0.95,DealBook onstage interview
nB6avolnVOE,False,about_the_ceo_not_by,False,False,0.95,Commentator career story
yKtw4of-j0E,True,tv_interview,False,False,0.95,WSJ full interview
vMqe6kj2OYY,True,tv_interview,False,False,0.9,Fox Business interview
QE3QwTA5ujE,False,compilation_or_reupload,False,False,0.55,Likely stitched clips on 2008 crisis
BgYQj4gVkWQ,True,podcast_interview,False,False,0.95,Rubenstein Show interview
mwnAGlNX9sk,True,tv_interview,False,False,0.9,WSJ interview
Xh6l39k3ngE,True,podcast_interview,False,False,0.9,Long-form podcast
pgTBJ8olCGY,True,fireside_or_conference_qa,False,False,0.9,FT conversation
eneB3s9bCdI,True,tv_interview,False,False,0.9,CNBC interview
2FCKISGoxV4,True,tv_interview,False,False,0.85,Economist interview
IhsTWd7U9Dg,True,tv_interview,False,False,0.95,Face the Nation interview
ii08sxvgo-g,True,tv_interview,False,False,0.9,CNBC interview
_On8XMCzy0E,True,tv_interview,False,False,0.9,CNBC interview
KmYJbGi2S7c,True,tv_interview,False,False,0.8,CBS Sunday Morning interview
VsvrJENks2s,True,fireside_or_conference_qa,False,False,0.6,Official channel conversation format
MLyCdxc-wfA,True,tv_interview,False,False,0.85,"CNBC joint interview, Dimon speaks substantially"
2REdbQasKX4,True,tv_interview,False,False,0.95,CBS extended interview
AFFNWoJ2LOM,True,fireside_or_conference_qa,False,False,0.95,Economic Club Q&A
SDkEwjyset4,False,compilation_or_reupload,True,False,0.8,"Aggregator channel, original publisher unknown"
6FPojwM03pM,True,fireside_or_conference_qa,False,False,0.55,Short Reagan Foundation interview
AR_1IPhzAtU,True,podcast_interview,False,False,0.95,Acquired long-form interview
lVVM47UjKps,True,tv_interview,False,False,0.85,CNBC interview
1ZHoOgS7Xyc,True,tv_interview,False,False,0.9,CNBC-TV18 exclusive interview
DJs3ZoEFGDU,True,podcast_interview,False,False,0.7,Podcast segment on original channel
cR2beIK0IAo,True,tv_interview,False,False,0.9,Fox Business interview
Y5nYO1ZA-nE,True,tv_interview,False,False,0.85,Local TV exclusive interview
Pr1ZtIAZ40w,False,other,False,False,0.9,Leaked audio news package
Wan7sLrKCk8,True,podcast_interview,False,False,0.95,Axios Show interview
-gnQJZW0CyQ,True,tv_interview,False,False,0.9,CNBC interview
fuVy852nqmM,True,tv_interview,False,False,0.95,Bloomberg live Rubenstein interview
x8-eUse5hg8,True,tv_interview,False,False,0.95,Bloomberg TV interview
CxJXO352x-g,True,fireside_or_conference_qa,False,False,0.95,Aspen conversation
bdFSZEHjxlY,True,tv_interview,False,False,0.95,Bloomberg TV interview
GyPG_jfoSGU,True,tv_interview,False,False,0.95,CNBC Davos full interview
OwV9scyr35o,True,tv_interview,False,False,0.95,Face the Nation full interview
ndwSflR-t4s,True,tv_interview,False,False,0.9,NPR Newsmakers interview
16ETuu-3EHw,True,tv_interview,False,False,0.95,Bloomberg full interview
OJBdWUBqd_I,False,compilation_or_reupload,True,False,0.85,Valuetainment commentary reupload
h7Y9w-zK-tQ,True,podcast_interview,False,False,0.7,Bloomberg interview clip
m5THZW1HR5s,True,podcast_interview,False,False,0.95,Live podcast with Dimon
FekQrBGyTis,True,tv_interview,False,False,0.8,Fox Business interview
_eVv4007Re0,True,tv_interview,False,False,0.65,Fox Business interview likely
NrkFAb3E7qE,True,fireside_or_conference_qa,False,False,0.9,ULI conversation
hgxjvETDTrA,True,tv_interview,False,False,0.85,Fox Business interview
40Md3SQ6ZGs,True,tv_interview,False,False,0.9,CNBC interview
ZDKNxdzK3m4,True,tv_interview,False,False,0.95,Bloomberg full interview
TEhy1JtzxIc,True,fireside_or_conference_qa,False,False,0.95,WEF conversation
iYLySbrmLWo,True,tv_interview,False,False,0.9,CNBC interview
Wyl3GvgR45s,False,compilation_or_reupload,True,False,0.85,Valuetainment commentary reupload
EupW6AXdju0,True,tv_interview,False,False,0.9,CNBC interview
wPEXNbKW8Lk,False,compilation_or_reupload,True,False,0.7,"Small channel, likely re-post of others"
R8mArqLz7_4,True,tv_interview,False,False,0.95,CNN Business interview
1NHLha3jG2g,True,fireside_or_conference_qa,False,False,0.95,Reagan fireside chat
UoPVwTU9qYU,True,tv_interview,False,False,0.9,Bloomberg exclusive interview
vpUhkXOY0EI,True,tv_interview,False,False,0.95,PBS Firing Line interview
ktiYBUpK604,True,tv_interview,False,False,0.9,CNBC interview
GqNCc-4sASE,True,tv_interview,False,False,0.95,CNBC full interview
AUs0JFY57Wc,True,fireside_or_conference_qa,False,False,0.9,CHCI CEO conversation
3qWA2GI9qV4,False,panel,False,False,0.95,"Podcasters discussing Dimon, not him"
uGnp6O5F4Nw,True,fireside_or_conference_qa,False,False,0.85,Fortune long conversation
oCml9QKYzqU,False,compilation_or_reupload,True,False,0.85,Valuetainment commentary reupload
NXILqIchYD4,True,tv_interview,False,False,0.95,CNBC interview
nYZOgX4DYVk,True,fireside_or_conference_qa,False,False,0.95,Detroit Economic Club conversation
3zfckiyxA74,True,podcast_interview,False,False,0.95,Rubenstein Show interview
Hw6IXuBEUAg,True,tv_interview,False,False,0.85,Fox Business long interview
kH57TEXfjPY,True,tv_interview,False,False,0.9,CNN interview
X085h4JV4AE,True,panel,False,False,0.8,"Two-CEO panel, Dimon speaks substantially"
3etDFJjYQ3I,True,podcast_interview,False,False,0.7,Podcast clip on original channel
ShZ3Kr6j_dE,True,tv_interview,False,False,0.95,Yahoo Finance interview
dl8GFX6F0xU,True,tv_interview,False,False,0.9,CNN interview
FVqog_YyKoU,False,compilation_or_reupload,True,False,0.85,Valuetainment commentary reupload
7hSgXzq3zMU,True,tv_interview,False,False,0.95,CNBC interview
xHTiV7Fiz8A,True,tv_interview,False,False,0.9,CNBC interview
eY1zFDX0CSg,True,tv_interview,False,False,0.95,CNBC full interview
h2JthukaRiE,True,tv_interview,False,False,0.95,Bloomberg full interview
BNY0syGEoyY,True,tv_interview,False,False,0.95,CNBC Davos full interview
IPMZuC2FktI,True,fireside_or_conference_qa,False,False,0.8,Reagan forum onstage conversation
CD58agCdh6M,True,tv_interview,False,False,0.8,LinkedIn News conversation
CZOXJ4tyLdI,True,fireside_or_conference_qa,False,False,0.95,CFR conversation
jtLKXQ9i6oY,False,other,False,False,0.9,News segment on shareholder letter
wQWn6zf3Ty0,True,fireside_or_conference_qa,False,False,0.95,CFR speaker series Q&A
Jx9a00pFtlk,True,podcast_interview,False,False,0.65,"Short podcast clip, original channel"
qWMz9dyzGN4,True,tv_interview,False,False,0.95,Bloomberg full interview
xA8unjqXBxw,True,tv_interview,False,False,0.9,CBS Mornings interview
vukYD1g_10U,False,compilation_or_reupload,True,False,0.9,Valuetainment commentary clip
_en2Mmcnsm0,True,tv_interview,False,False,0.95,NBC full interview
4-PXch3ZR0Y,True,tv_interview,False,False,0.9,CNBC interview
FHJr4sd7czg,True,tv_interview,False,False,0.9,MSNBC interview
vXY4gWNQa7M,True,tv_interview,False,False,0.85,Local Fox interview
tNRx71CHJdo,True,tv_interview,False,False,0.9,CNBC interview
CZBptlEjNh0,True,fireside_or_conference_qa,False,False,0.95,BC CEO Club Q&A
mmKt-8URNhk,False,about_the_ceo_not_by,False,False,0.9,Bloomberg analysis about Dimon
NIcX_mW4Bqw,True,tv_interview,False,False,0.85,Bloomberg interview
Sh31FZyg6Ts,True,tv_interview,False,False,0.9,CNBC interview
AE_fUM84O90,True,fireside_or_conference_qa,False,False,0.95,AEI live conversation
zo0-tMEvN48,True,tv_interview,False,False,0.9,CNBC interview
rBxTIK-llOA,True,tv_interview,False,False,0.95,Bloomberg exclusive conversation
Fy4QHN1eBAw,True,fireside_or_conference_qa,False,False,0.95,Milken conversation
-vw-RjXYA_w,True,tv_interview,False,False,0.9,Al Arabiya exclusive interview
OW2wYkJRu-c,True,tv_interview,False,False,0.9,CNNMoney interview
Nq8jCzjkMHQ,True,tv_interview,False,False,0.9,CNBC interview
3TYVkdY3fyQ,True,tv_interview,False,False,0.8,CNBC joint interview
bweAyK71cdI,False,other,False,False,0.9,News report on leaked audio
aAbcP0SjhUY,True,tv_interview,False,False,0.9,Fox 11 The Issue Is interview
3vqhvEtrvoI,False,other,False,False,0.7,Short edited advice clip
jsGhyaYdVmI,False,compilation_or_reupload,True,False,0.85,Valuetainment commentary clip
K3ZwnUSAVrM,True,fireside_or_conference_qa,False,False,0.95,Economic Club of Chicago Q&A
1rBBqlh1eh0,True,tv_interview,False,False,0.9,CNN Business interview
qc6LFeRe4xI,True,fireside_or_conference_qa,False,False,0.6,"WEF session, likely conversation"
y3IagZ8JUOI,True,fireside_or_conference_qa,False,False,0.9,Full Q&A at Reagan forum
QGJwcn_PcYQ,False,speech_or_lecture,False,False,0.95,"Commencement speech, no Q&A"
yGdTcep3hMY,True,tv_interview,False,False,0.9,CNBC-TV18 exclusive interview
GywDTMts2ZQ,True,tv_interview,False,False,0.95,CNBC original interview
vbph5MHuNm8,True,tv_interview,False,False,0.9,CNBC interview
Bf5O1pZz_D4,True,tv_interview,False,False,0.9,Bloomberg TV interview
hMqJrgB8b5s,False,compilation_or_reupload,True,False,0.8,Old 2006 interview on aggregator channel
yeWNeT8FS9g,True,tv_interview,False,False,0.85,Bloomberg interview
rWsfAOxvOwI,True,tv_interview,False,False,0.7,CNBC interview preview clip
eXlyhkr1BXs,True,tv_interview,False,False,0.95,CNBC full interview
np4pVweXa2g,True,tv_interview,False,False,0.85,Local TV one-on-one interview
P7VVZ1KHdhk,True,tv_interview,False,False,0.9,Fox Business exclusive interview
zzbCGOiIg-w,True,tv_interview,False,False,0.6,"One-on-one, likely original journalist"
_6WOj8Phc2Q,True,tv_interview,False,False,0.85,CBS local interview
8iU_HvAial4,True,tv_interview,False,False,0.9,CNBC interview
YdtYAWQMcdY,True,tv_interview,False,False,0.85,Bloomberg TV interview
lDLo0NbYC3s,True,fireside_or_conference_qa,False,False,0.9,Fortune full interview
I9f1Mqjcqkk,True,panel,False,False,0.8,IIF bank CEO onstage conversation
-DC9RMJmT6Y,True,tv_interview,False,False,0.9,Bloomberg interview
Lvv5stNy4rQ,True,tv_interview,False,False,0.9,CBS News interview
StJTCkiJfK4,True,tv_interview,False,False,0.85,CNBC interview
inTXIwdocqE,True,tv_interview,False,False,0.9,CNBC interview
2rvaBDK5jig,True,tv_interview,False,False,0.8,Reuters interview
eZQLi3AwQW0,True,fireside_or_conference_qa,False,False,0.9,Economic Club NY fireside
xAiBUgn9YQg,True,tv_interview,False,False,0.85,CNBC interview
7kTD5jdV4ck,True,tv_interview,False,False,0.8,Moneycontrol interview
MaI5dRjqEac,True,tv_interview,False,False,0.9,Fox Business interview
VEeY9k_VHzE,True,tv_interview,False,False,0.85,CNBC interview
joKhD1_eTsk,False,other,False,False,0.8,Multi-CEO hearing news package
hN12jKRbky4,False,other,False,False,0.75,News report on return to work
8ttE05KRxHs,True,tv_interview,False,False,0.9,TODAY show interview
ykfJ20OkRzg,True,tv_interview,False,False,0.9,Bloomberg Talks interview
Fy9YJCGvbXw,False,other,False,False,0.85,News about heart surgery
fdWsUXmkl64,False,other,False,False,0.85,News segment about pay raise
BsA5RPcW1t4,True,fireside_or_conference_qa,False,False,0.9,Economic Club of Washington Q&A
U2L-F3C_nL4,True,fireside_or_conference_qa,False,False,0.85,IESE interview
hlslD8M4gAc,True,tv_interview,False,False,0.85,Bloomberg Talks interview
j_tRIzmhz0I,True,tv_interview,False,False,0.9,CBS Mornings interview
-qYNPTsMG6U,True,tv_interview,False,False,0.9,Yahoo Finance interview
R0vTYBYCVvU,True,podcast_interview,False,False,0.8,Novak podcast interview clip
6pbVPA3xPOQ,True,fireside_or_conference_qa,False,False,0.85,Forum onstage conversation
JQOt4ErvGOo,True,tv_interview,False,False,0.85,CNBC interview
mKDd5K2Ozcs,False,other,False,False,0.7,News report on apology
aXYPToSve3A,True,fireside_or_conference_qa,False,False,0.9,Silicon Flatirons long Q&A
26LhPsKRNgw,True,tv_interview,False,False,0.9,Bloomberg TV interview
mVUL87wGgAw,True,tv_interview,False,False,0.85,Bloomberg interview
TxPJjJFaR_w,False,product_launch_or_promo,False,False,0.85,"Company earnings highlights, scripted"
Qdr_oyFZ2SQ,True,tv_interview,False,False,0.85,"Wilfred Frost interview, original"
_-qkt6lV524,True,podcast_interview,False,False,0.8,Novak podcast interview
d42BwcmysAg,False,earnings_call,True,False,0.85,"Earnings call reupload, not video Q&A"
hXueeXKnixU,True,tv_interview,False,False,0.85,Bloomberg interview
U0qimcClGOI,True,tv_interview,False,False,0.85,Yahoo Finance long interview
tJ4bN5Bxgig,False,compilation_or_reupload,True,False,0.8,Individual channel reupload
G42xm4yfgBU,True,tv_interview,False,False,0.9,Mad Money CNBC interview
pD-ppJ2PMw4,True,tv_interview,False,False,0.85,CNBC-TV18 exclusive
6Gz4XUM41DE,False,compilation_or_reupload,True,False,0.8,Aggregator channel reupload
fNFDOoTMr3M,True,tv_interview,False,False,0.9,CNBC interview
DiuxctSnxbI,False,other,False,False,0.85,"Commentary about Dimon, not Q&A"
nXWS2svL1vQ,False,product_launch_or_promo,False,False,0.85,"Company earnings highlights, scripted"
i3hQG-UjOuU,True,tv_interview,False,False,0.85,Bloomberg exclusive interview in show
lG0pOnTWJEY,True,tv_interview,False,False,0.6,Local station airing interview
V4biLqYtnxw,True,tv_interview,False,False,0.85,Bloomberg interview
MpVYMuOowRE,False,other,False,False,0.8,"Senate hearing questioning, not interview"
O5EZhHKCYqU,True,fireside_or_conference_qa,False,False,0.55,"Davos live session, long"
Hc-UjRRkwH8,True,tv_interview,False,False,0.9,Fox Business interview
BwzaIO6Qdpk,True,tv_interview,False,False,0.9,Yahoo Finance interview
SSuKC2Txlgc,True,podcast_interview,False,False,0.85,Economic Club podcast conversation
qswGOUEg4YQ,True,tv_interview,False,False,0.75,Outlet interview
YGfH4tlBOI4,True,tv_interview,False,False,0.9,CNBC Davos interview
lV6x0b3Y20I,True,tv_interview,False,False,0.9,Fox Business interview
_H8YVO4v6r4,False,other,False,False,0.8,News segment about bonus
hXIs4VGceIY,False,about_the_ceo_not_by,False,False,0.85,Principles summary by third party
h8w6GPMJf6A,True,tv_interview,False,False,0.75,SCMP original interview
u2TgrcjaJFw,True,tv_interview,False,False,0.9,CNBC Davos interview
jF0GkwFgIhs,True,fireside_or_conference_qa,False,False,0.8,USHCC onstage conversation
WqBX2Zxn35Q,True,tv_interview,False,False,0.9,Yahoo Finance interview
EmWhzVJCmP4,True,tv_interview,False,False,0.85,CBS Boston interview
nssOsOKXrss,False,other,False,False,0.8,Audio-only multi-guest podcast
y-GKZH5TBes,False,compilation_or_reupload,True,False,0.85,Fan channel reupload of CNBC
9f4pjuNQU7Q,True,podcast_interview,False,False,0.85,PIX11 podcast episode
NzUKyso40AM,True,tv_interview,False,False,0.85,CNBC-TV18 interview
kNYnjt7XlCY,True,tv_interview,False,False,0.9,Fox Business interview
AnDf6T_nKN0,False,other,False,False,0.85,"News roundup podcast, not interview"
FWEIo-G4a7M,True,tv_interview,False,False,0.8,WSJ interview
gQhJH3oNDdU,True,tv_interview,False,False,0.9,Yahoo Finance interview
vwo7cVlTHV0,True,tv_interview,False,False,0.85,Bloomberg TV interview
EUx7xVm4AUU,True,tv_interview,False,False,0.9,CNBC Davos interview
n9bGm6ry2mc,True,tv_interview,False,False,0.8,Crain full interview
fcKOCFxnqrI,False,other,False,False,0.85,News show with multiple topics
h600bacqYRM,True,tv_interview,False,False,0.85,Bloomberg Talks interview
6hvVwv0qdbM,False,other,False,False,0.85,News show with multiple topics
7IQ4p6qPUSc,False,ai_or_fake_suspected,True,False,0.8,"Dubious channel, clickbait title"
LTTKRu24lxE,True,tv_interview,False,False,0.85,Bloomberg Talks interview
XobKN9tn18U,True,tv_interview,False,False,0.85,Bloomberg Talks interview
kq5kO7Le9y4,True,tv_interview,False,False,0.85,Bloomberg Talks interview
A73hdaJe6Wk,True,tv_interview,False,False,0.85,Bloomberg Talks interview
Qzn3p7PvAdI,True,tv_interview,False,False,0.85,NewsNation interview
khrZOuWYu_Y,True,tv_interview,False,False,0.85,CNBC-TV18 exclusive
2XdhH0ss-HE,False,other,False,False,0.85,Commentary about Dimon's duties
2BpEIHbBLss,False,other,False,False,0.85,News show with multiple topics
5yRVGBAekOg,True,fireside_or_conference_qa,False,False,0.65,Forum onstage conversation
7hC7wjVuI08,False,compilation_or_reupload,True,False,0.85,Individual reupload of Face the Nation
LVVMW1J08e4,False,compilation_or_reupload,True,False,0.85,"Aggregator reupload, includes Buffett"
xQp7sIvcJms,False,compilation_or_reupload,True,False,0.7,Individual reupload of long governors meeting
8qp64yIIoBM,True,tv_interview,False,False,0.8,Bloomberg interview
RZdQ16NxgZA,True,fireside_or_conference_qa,False,False,0.55,Two-person conversation on Covid
b5eXhCR3BEo,False,about_the_ceo_not_by,False,False,0.9,"Podcast about Dimon, not by him"
55hV4fM5DS8,False,compilation_or_reupload,True,False,0.8,Individual channel reupload
_YJyFceWXsw,False,compilation_or_reupload,True,False,0.9,Fan reupload of CNBC with Buffett
eAXXdv50JZs,False,compilation_or_reupload,True,False,0.8,Individual channel reupload clip
yd23850h9zc,True,tv_interview,False,False,0.95,"CNBC interview, original outlet"
Ob7PonWBWvE,False,product_launch_or_promo,False,False,0.9,Go-kart promo segment on talk show
PGx7AyD9okg,True,podcast_interview,False,False,0.7,"Fully Charged long-form interview, likely original"
s6eq8ABvyYQ,True,tv_interview,False,False,0.85,NBC News long interview
U2rVbqI-gus,True,podcast_interview,False,False,0.8,Munro Live long-form interview with Farley
7h6A4xfwjCU,True,tv_interview,False,False,0.95,Bloomberg TV interview
hU29tVlM_iI,True,fireside_or_conference_qa,False,False,0.85,Salesforce official channel interview series
8IhSWsQlaG8,True,podcast_interview,False,False,0.9,Fully Charged podcast interview
l94U2aQ5cPg,True,fireside_or_conference_qa,False,False,0.85,University office hours interview
QPmX5ChiJzc,False,compilation_or_reupload,True,False,0.8,Commentary channel clip of others' interview
wpb0M1c8_7s,False,about_the_ceo_not_by,False,False,0.7,Munro commentary mixing clips
EBBh5AlITIk,False,compilation_or_reupload,True,False,0.8,Electric Viking clip re-upload
MHB9VucEVBM,True,tv_interview,False,False,0.95,Bloomberg TV interview
PGiCc48olnk,True,podcast_interview,False,False,0.95,Decoder long-form interview
D9L1pwSqQeg,True,tv_interview,False,False,0.95,CNBC interview
0znGSLZT4us,False,product_launch_or_promo,False,False,0.9,Ford Performance promo test drive
MwgvOSHXP0k,False,about_the_ceo_not_by,False,False,0.7,Munro commentary on Farley clips
Pa2p7D5SXaA,True,tv_interview,False,False,0.9,Bloomberg TV interview
iqL8IsC_Pus,False,about_the_ceo_not_by,False,False,0.8,"Munro commentary video, mixed topics"
rsrs4a212g0,False,compilation_or_reupload,True,False,0.75,"Twitter Space re-upload by fan channel, Musk-led"
y92nS0Do2KA,False,about_the_ceo_not_by,True,False,0.8,Commentary channel
H-xkbabx-v4,False,about_the_ceo_not_by,False,False,0.85,Commentary channel reaction
C1A14Y4YpLk,True,tv_interview,False,False,0.85,CBS Sunday Morning interview
5KwvTDnyD9A,False,about_the_ceo_not_by,False,False,0.9,Commentary about Farley
cD83PXULf_M,False,about_the_ceo_not_by,False,False,0.85,Autoline news summary
ZZaZpFJByjU,False,compilation_or_reupload,True,False,0.75,Electric Viking re-upload of clip
wVkZ_IaOq9c,False,about_the_ceo_not_by,False,False,0.95,Mechanic channel rant
Ge6azNYu9Ps,False,about_the_ceo_not_by,False,False,0.95,Clickbait commentary
sWTjgPmmRr0,False,about_the_ceo_not_by,False,False,0.95,Commentary rant
du3yFRNCk2M,False,compilation_or_reupload,False,False,0.7,"Highlights package, not full Q&A"
ApzRMSu-8o0,True,tv_interview,False,False,0.75,Autoline interview with Farley
XjLwISusSmM,False,about_the_ceo_not_by,False,False,0.95,Technician commentary
k545okPNPxY,True,podcast_interview,False,False,0.85,Spike's Car Radio long interview
mkiiqRiCJ_Y,True,podcast_interview,False,False,0.9,Spike's Car Radio long interview
CDTVYWFfFJ8,False,other,False,False,0.6,"Casual hangout vlog, not Q&A"
4VQGbN7pQ5w,True,podcast_interview,False,False,0.8,State of Charge interview
iTdkz6O_yZ0,False,product_launch_or_promo,False,False,0.9,Own channel promo vlog
9wbiBWE-TXY,True,tv_interview,False,False,0.85,LA Times Studios interview
2O3boF8ibDg,True,podcast_interview,False,False,0.85,Racers Unchained interview
qpf0d8IblIA,True,podcast_interview,False,False,0.9,Bloomberg interview
uuNdT0v0ZmA,False,about_the_ceo_not_by,False,False,0.8,Farzad commentary
28X_pszpfUM,False,compilation_or_reupload,True,False,0.8,Electric Viking clip commentary
IkSzfiE8sUc,False,about_the_ceo_not_by,True,False,0.7,Commentary channel clip
h8Q6Qv7gA70,True,tv_interview,False,False,0.95,CNBC interview
PrzSZXlFtBs,True,fireside_or_conference_qa,False,False,0.85,Salesforce official interview
ZBs3LRmVXB8,True,fireside_or_conference_qa,False,False,0.85,"Summit conversation, original host"
kZNZHMkjvpA,True,tv_interview,False,False,0.95,Bloomberg TV interview
NjMDuQgfPf4,False,compilation_or_reupload,True,False,0.8,Electric Viking re-upload
ChsTWj4h_80,True,tv_interview,False,False,0.95,CNBC full interview
fjSHj81SS0w,True,podcast_interview,False,False,0.85,MotorTrend long interview
ACKF0duAvo8,False,compilation_or_reupload,True,False,0.8,"Random channel, clickbait re-upload"
u-2mlNZxhws,False,about_the_ceo_not_by,False,False,0.8,"News roundup podcast, not CEO interview"
p0C9x77gpgA,True,tv_interview,False,False,0.9,CBS News interview
5FrnP4NU7zM,True,tv_interview,False,False,0.95,CNBC interview
bkLYsnwNIDI,False,about_the_ceo_not_by,False,False,0.85,Commentary channel
eNZk9mk1a-A,False,tv_interview,False,True,0.85,Farley was COO at the time
RdWTePTh9fs,False,about_the_ceo_not_by,True,False,0.75,Commentary channel re-post
uXhNmT2QqR4,False,compilation_or_reupload,True,False,0.8,Electric Viking clip
8wH7LEfaEJE,False,product_launch_or_promo,False,False,0.9,Own channel promo drive
A8xKqgWIzQ4,False,about_the_ceo_not_by,True,False,0.75,Commentary channel re-post
SaLgOnZqilU,False,about_the_ceo_not_by,False,False,0.9,News site commentary
L3cYteU2JRA,True,tv_interview,False,False,0.9,Yahoo Finance interview
El4fFkOclGY,False,about_the_ceo_not_by,False,False,0.85,Commentary on announcement
PNWtVxXvC5w,True,tv_interview,False,False,0.9,Bloomberg Talks interview
H5JCVx1iaUU,False,product_launch_or_promo,False,False,0.9,Sales training promo clip
N6bxERDoYtk,True,tv_interview,False,False,0.9,Yahoo Finance interview
2Q0xouDgnYI,False,about_the_ceo_not_by,False,False,0.9,Commentator channel
aXUcJPsHPXg,True,tv_interview,False,False,0.7,"ESPN joint interview, short"
_lE4YVlS2vw,True,podcast_interview,False,False,0.75,Journalist interview with Farley
aBQkva7iXeo,True,tv_interview,False,False,0.8,CNN Brasil interview
Sc2JT5r4IsY,True,tv_interview,False,False,0.9,Yahoo Finance interview
7I9Or2qaWUA,True,podcast_interview,False,False,0.75,Long interview with CEO
C_eab7I-H4U,True,podcast_interview,False,False,0.8,Official conversation with Mike Rowe
AyprsWbJ4lc,True,tv_interview,False,False,0.9,Bloomberg joint interview
ydeTI9aObXY,True,tv_interview,False,False,0.9,Yahoo Finance interview
gnpVYhW89M0,False,compilation_or_reupload,True,False,0.9,ASL re-upload of Fully Charged clip
RhqwCPDx3v0,True,panel,False,False,0.8,Bloomberg panel with Farley
Gax2lQlQNeE,True,tv_interview,False,False,0.9,Fox Business interview
clPLerL4MyU,True,fireside_or_conference_qa,False,False,0.85,T. Rowe Price interview
nJJgGNxmnxk,True,podcast_interview,False,False,0.85,Bloomberg Hot Pursuit interview
P98ttsNhwSE,False,compilation_or_reupload,True,False,0.85,Random channel re-upload
RVDaEGr1KZM,True,tv_interview,False,False,0.9,Bloomberg Tech interview
Ea1MSFopWeY,True,tv_interview,False,False,0.9,Yahoo Finance interview
0RMeFOpxyko,False,about_the_ceo_not_by,False,False,0.85,Commentary news video
CgSsHuvnPh4,True,tv_interview,False,False,0.9,Fox Business interview
J0SVWiDienk,False,product_launch_or_promo,False,False,0.85,Corporate collaboration announcement
3RltNwT61is,False,about_the_ceo_not_by,False,False,0.95,Clickbait commentary
NEpovFvZ5w4,True,podcast_interview,False,False,0.9,Bloomberg Hot Pursuit guest interview
rlwToToRdEI,True,podcast_interview,False,False,0.75,Podcast episode with Farley
02Fw_O95gnM,False,about_the_ceo_not_by,False,False,0.95,Clickbait commentary
uw-HVzmsBKc,True,podcast_interview,False,False,0.8,Bring a Trailer long interview
VVs2d13z6TA,False,about_the_ceo_not_by,False,False,0.95,Clickbait news channel
XIUxORMFjaA,False,compilation_or_reupload,True,False,0.8,"Re-upload of Leno segment, demo"
PCkOzdY-72M,False,about_the_ceo_not_by,True,False,0.75,Small channel re-post
t2tfG3Pxmsk,False,compilation_or_reupload,True,False,0.7,Aggregator clip of someone else's interview
H1H3dVJ3M_g,True,tv_interview,False,False,0.9,Bloomberg Talks interview
25eqCdwuUXM,True,podcast_interview,False,False,0.65,Rapid-fire Q&A from podcast
erM9dgVgqJE,False,about_the_ceo_not_by,False,False,0.95,Shop owner commentary
7NAWBKp3kFs,False,about_the_ceo_not_by,False,False,0.95,"Tribute to Farley Sr, different person"
T4deNceBnz4,False,about_the_ceo_not_by,False,False,0.85,Commentary on Mike Rowe talk
SXpLm0LwpCs,False,compilation_or_reupload,True,False,0.75,Fan channel re-upload of clip
sDoq0Qsa7Zg,True,fireside_or_conference_qa,False,False,0.6,Own channel two-CEO conversation
6kJqEQGzWe8,True,tv_interview,False,False,0.9,Bloomberg Talks interview
ulJkwRSN0Dk,True,podcast_interview,False,False,0.95,Armchair Expert long-form
TdZn1LE2a0E,False,about_the_ceo_not_by,False,False,0.8,Scripted alumni profile
0e5RiwsJOLk,True,tv_interview,False,False,0.9,Bloomberg Talks interview
jPVnfG8bk4o,False,about_the_ceo_not_by,False,False,0.85,"Podcast host discussing news, not guest"
fa_jS-amqVU,False,about_the_ceo_not_by,False,True,0.95,"Local news about succession, COO"
eU3iCzlziLA,True,tv_interview,False,False,0.9,Bloomberg Talks interview
h_efIAHwGFw,False,about_the_ceo_not_by,True,False,0.8,Commentary channel on interview
0AZr8Akes0c,False,about_the_ceo_not_by,True,False,0.8,Commentary channel mixing news
72WDChXq5Vc,False,other,False,False,0.7,"Coach channel event chat, brief"
qYU2Ai6_H2o,True,tv_interview,False,False,0.85,Bloomberg Talks joint interview
a97MuEhGPpM,False,product_launch_or_promo,False,False,0.9,Car launch event footage
8sdtbWaOcO4,False,other,False,True,0.9,"2018 CES, Farley not CEO"
yXYkILx42G8,False,speech_or_lecture,False,False,0.95,Award acceptance message
zEmAYYx1Mts,False,about_the_ceo_not_by,False,False,0.7,"Dealer podcast, likely different Farley"
Fg-bFd4Jrvw,False,compilation_or_reupload,True,False,0.8,Fan channel clip
Yb_P1xx6_4Y,False,other,False,True,0.85,"EVP Ford, not CEO"
OXooNmrfwCs,False,about_the_ceo_not_by,False,False,0.85,"Dealer commentary show, not interview"
zfC1xcSzpdA,True,fireside_or_conference_qa,False,False,0.8,Detroit Homecoming onstage interview on original channel; Farley is Ford CEO
5EnUElb1eFA,False,keynote_or_presentation,False,True,0.97,VMware-era keynote
0m4hlWx7oRk,True,fireside_or_conference_qa,False,False,0.8,Intel CEO conversation with Torvalds
Wg4cwTHDKbM,False,keynote_or_presentation,False,False,0.75,IAA keynote introducing Mobileye
ZsfVcTZMLnc,True,fireside_or_conference_qa,False,False,0.6,"Purdue lecture series, likely conversational Q&A"
mV0ek-i9C8U,True,fireside_or_conference_qa,False,False,0.9,Economic Club Q&A as Intel CEO
JTlowRQ-fJc,False,podcast_interview,False,True,0.97,Ex-Intel CEO title
0PrmrMQ9gJU,True,podcast_interview,False,False,0.9,Ian Interviews with Intel CEO
kTKbBFEeP_Y,True,tv_interview,False,False,0.9,"CNBC interview, Intel CEO"
IYY8Hi6VGvA,False,fireside_or_conference_qa,False,True,0.8,"Juggling Act book talk, pre-Intel era"
tLcOKaPxWyA,True,fireside_or_conference_qa,False,False,0.9,MIT Intel CEO conversation
DpJqRHFYUqk,True,tv_interview,False,False,0.92,Bloomberg special interview
X8UWxXJHHbE,False,about_the_ceo_not_by,False,False,0.95,News piece about Gelsinger
NUD6qNauJsI,True,tv_interview,False,False,0.92,Bloomberg Studio interview
_y-GWcsK6Ag,True,tv_interview,False,False,0.85,CNET full interview
YfBLY08HDKo,True,podcast_interview,False,False,0.85,"Six Five interview, Intel CEO"
bBy2SwtLSTc,True,tv_interview,False,False,0.9,CNBC interview
yA6xd-EIW0w,True,podcast_interview,False,False,0.9,Making Markets podcast interview
CyElKby9zts,False,podcast_interview,False,True,0.97,Former Intel CEO
s1VIjo_WUdY,False,other,False,False,0.9,News report on ouster
Zt2jpdHw574,True,tv_interview,False,False,0.92,CNBC full interview
N_j2yI7xzCc,True,panel,False,False,0.85,Q&A roundtable with Intel CEO
JTKkY2kZuEw,False,other,False,True,0.75,Oral history recorded outside Intel CEO era
81nGD5oZLNI,True,podcast_interview,False,False,0.7,Moor co-publisher of Six Five interview
2z3t5QDTT6c,True,tv_interview,False,False,0.92,Bloomberg interview
LlagFdhMcK8,True,tv_interview,False,False,0.92,Bloomberg interview
FSVxdROoadc,True,tv_interview,False,False,0.9,CNBC interview
o0o2Tf7y_DQ,False,tv_interview,False,True,0.97,VMware CEO era
Mvz_I03LOc8,True,tv_interview,False,False,0.9,CNBC earnings interview
jR38IVThl5w,True,tv_interview,False,False,0.9,Bloomberg earnings interview
qLE7_aFIQDI,True,tv_interview,False,False,0.9,CNBC interview
Sk0RbTVa71o,True,tv_interview,False,False,0.92,CNBC full interview
pHBPKkB-_3Q,True,fireside_or_conference_qa,False,False,0.92,Davos conversation with Schwab
uB2EDV7_nME,True,tv_interview,False,False,0.9,CNBC interview
crgDe4TDQek,False,about_the_ceo_not_by,False,False,0.92,Podcast commentary about retirement
h7NX-WKqzuE,False,tv_interview,True,True,0.95,"VMware CEO era, re-upload"
huSzHOh0M-Q,True,tv_interview,False,False,0.92,Bloomberg interview
1lmXwSw7kqM,True,tv_interview,False,False,0.9,CNBC interview
SauujHpNpXY,False,podcast_interview,False,True,0.85,"2026, no longer Intel CEO"
95oPK-iDbDo,False,about_the_ceo_not_by,False,False,0.9,Analyst commentary on appointment
yaa1Pag_yJk,True,tv_interview,False,False,0.9,CNBC earnings interview
9LjkWlfhIrE,False,about_the_ceo_not_by,False,False,0.92,Podcast discussion about exit
lrFNKBNB0MU,False,about_the_ceo_not_by,False,False,0.9,Analyst podcast about Intel Foundry
MxZe1i8z-8Y,False,other,False,True,0.75,"Oral history, not Intel CEO era"
gQouemVorrA,False,keynote_or_presentation,False,False,0.95,Intel Vision keynote
BHrQNZ0H8Nc,False,podcast_interview,False,True,0.95,VMware CEO era
R72G69RrN2c,False,other,False,True,0.85,"2025 awards, ex-CEO"
bCuAeu_YXB8,True,fireside_or_conference_qa,False,False,0.85,Washington Post Live interview
9byst4-fejw,False,speech_or_lecture,False,True,0.95,"2015 church talk, VMware era"
ieBwAUq9N-0,False,tv_interview,False,True,0.97,VMware era
dEX2RdQZQcI,False,tv_interview,False,True,0.97,VMware era
NvDFV-rsfHA,False,speech_or_lecture,False,True,0.95,VMware era
H2oonkOZkzY,False,tv_interview,False,True,0.97,VMware era
N3pRwiRbUMs,False,other,False,False,0.7,Likely news package on pay cut
0gwYXqlwuro,False,tv_interview,False,True,0.97,VMware era
_URAy4a1zhg,True,fireside_or_conference_qa,False,False,0.7,2021 summit session as Intel CEO
E1UUddpgJDk,False,speech_or_lecture,False,False,0.97,Commencement speech
pULID4q17ik,False,about_the_ceo_not_by,False,False,0.95,Analyst commentary
BPeYRfpeVeo,False,about_the_ceo_not_by,True,True,0.9,Third-party VMware values video
vi8OnRh1f2w,True,podcast_interview,False,False,0.55,"Ortberg podcast interview, likely Intel era"
cM0VpIsQMpE,False,speech_or_lecture,False,False,0.6,"University talk, tenure and format unclear"
jakFXC8CAM0,False,tv_interview,False,True,0.97,VMware CEO 2020
fKg7KLFEYiE,False,speech_or_lecture,False,True,0.95,2014 prayer breakfast talk
ccSvDsfpMZM,True,fireside_or_conference_qa,False,False,0.9,WaPo Live 2021 interview
9tABiRRx8Ao,False,tv_interview,False,True,0.97,VMware CEO era
bpm1_98gxXg,True,podcast_interview,False,False,0.5,"Ortberg conversation, tenure unclear"
FdIrbyMGvmw,False,tv_interview,False,True,0.97,VMware era
aMqrE2G3gBQ,False,about_the_ceo_not_by,False,False,0.95,Podcast discussing Intel after Gelsinger
L0mSMNmZvFk,False,tv_interview,False,True,0.95,VMware era
gjRGhmIpBcw,False,keynote_or_presentation,False,True,0.97,VMware keynote
MzYocyvWlmo,False,tv_interview,False,True,0.97,VMware era
Jgt1Itu1QN8,False,tv_interview,False,True,0.97,VMware era
XjZzkVAjEGQ,False,product_launch_or_promo,False,False,0.95,Scripted promo message
9-l50rBLjL0,False,about_the_ceo_not_by,False,False,0.95,Analyst discussion
YbUT__Hp0oo,False,tv_interview,False,True,0.97,VMware era
dkvhAZQ9wKc,False,podcast_interview,False,True,0.95,VMware CEO era
U0giN8sMpRA,False,tv_interview,False,True,0.97,VMware era
rpLmvW9JiNM,False,podcast_interview,False,True,0.8,Post-Intel podcast on church
1S8pdLe8JCQ,False,tv_interview,False,True,0.97,VMware era
iQXGDDAfcvA,False,product_launch_or_promo,True,False,0.9,"Scripted message, fan channel"
aJKQifLkhXI,False,panel,False,True,0.95,VMware era 2019
pG9ubxh2zA0,False,fireside_or_conference_qa,False,True,0.95,VMware era fireside
Dyx0vnKmGEk,False,speech_or_lecture,False,False,0.7,Church talk part 1 of 3
j_FvyeY6wx8,False,podcast_interview,False,True,0.85,"NextSilicon visit, post-Intel"
TDTezL7CMOg,False,speech_or_lecture,False,False,0.85,Church sermon
_v1asrm4h9U,False,tv_interview,False,True,0.97,VMware CEO era
BaOfHGZLvFg,False,about_the_ceo_not_by,False,True,0.95,Analysis of VMware keynote
MViM8ztJlMQ,False,speech_or_lecture,False,True,0.97,EMC era talk
UeE-Mn0epYo,False,tv_interview,False,True,0.97,VMware era
hu0NzayoW8M,False,tv_interview,False,True,0.97,VMware era
M_JedN8ww18,False,tv_interview,False,True,0.97,VMware era
_bv5wz1Gr6k,False,tv_interview,False,True,0.97,VMware era
Kfjkiyvww8A,False,about_the_ceo_not_by,False,False,0.95,Opinion video about departure
L3BnBr4JcEA,False,fireside_or_conference_qa,False,True,0.6,Likely VMware-era university Q&A
nWmqXgE2LR0,False,other,False,True,0.6,"Short show, likely VMware era"
spPEakI5dwE,False,other,False,True,0.9,VMworld clip with Breton
jftCAavty9I,True,fireside_or_conference_qa,False,False,0.5,"2021 event session, likely conversation"
POyIAI_n4Ag,False,compilation_or_reupload,False,False,0.6,"Short clip, faith topic, unclear"
f-DKyqx0sak,True,fireside_or_conference_qa,False,False,0.5,Faith investor conversation as public CEO
_wsmNgxkPL8,True,fireside_or_conference_qa,False,False,0.9,Concordia 2021 fireside
gs6wwS4IbPQ,False,speech_or_lecture,False,False,0.6,"Forum talk, format and date unclear"
V_EZfdU7qdc,False,speech_or_lecture,True,False,0.9,"Scripted UN address, re-upload"
9_06GnxOeHU,False,product_launch_or_promo,False,False,0.9,Vision event promo clip
Wefjbkypb9o,False,product_launch_or_promo,False,False,0.9,Award honoree video
nGSy8Ub_cpE,True,fireside_or_conference_qa,False,False,0.85,WaPo Live Q&A clip
6V7H5D0iAF4,False,tv_interview,False,True,0.97,VMware era
9sxwooII__g,False,keynote_or_presentation,False,True,0.97,VMware keynote
iR_BTzotBKQ,False,tv_interview,False,True,0.97,VMware era
dqx4n5Di2sc,False,fireside_or_conference_qa,False,True,0.8,Post-Intel conversation
6RMJOSRAe7c,False,tv_interview,False,True,0.97,EMC era
a5JYa6HzCrY,False,tv_interview,False,True,0.97,2012 VMworld
eQsKL9Hii9c,True,tv_interview,False,False,0.85,"Bloomberg special, Intel CEO"
PHOhs9VJ_FA,False,tv_interview,False,True,0.97,EMC era
8ZCvmMh9vcE,False,product_launch_or_promo,False,True,0.95,"Demo video, VMware era"
zUgHoeU7mWs,False,speech_or_lecture,False,False,0.6,"Church conversation, unclear tenure"
rH-ccYXt6Ms,False,fireside_or_conference_qa,False,True,0.97,2017 VMware CEO
dEfeEGXBrGs,False,tv_interview,False,True,0.95,VMware era
jY339HHNSuI,True,podcast_interview,False,False,0.85,"Bloomberg Talks interview, Intel CEO"
CeTUrBKR4-k,False,podcast_interview,False,False,0.55,"Faith podcast, tenure unclear"
pb_naB8R8V0,False,tv_interview,False,True,0.95,VMware CEO era
J_R4ivdlf8E,False,speech_or_lecture,False,True,0.9,"2019 church talk, VMware era"
HlZFUZ3yhQ4,False,other,False,True,0.5,"Date unclear, likely post-Intel event"
fF3n2g1XtxI,False,about_the_ceo_not_by,False,False,0.95,Commentator news rundown about retirement
DDzq-5I6QYA,False,keynote_or_presentation,False,True,0.95,VMware era 2017
311xySyQZJo,False,fireside_or_conference_qa,False,True,0.9,"Feb 2025, after leaving Intel"
XI55JaarWaA,True,tv_interview,False,False,0.9,Bloomberg interview with Intel CEO
ejxRnGoyYR4,False,podcast_interview,False,True,0.95,VMware departure commentary podcast
OtOJdyD9BRE,True,fireside_or_conference_qa,False,False,0.6,"Web Summit conversation, likely Intel era"
CdutCHbfKdQ,False,speech_or_lecture,False,False,0.6,"Award event talk, not interview Q&A"
b4bdDh7XrTU,False,compilation_or_reupload,True,False,0.8,Newspaper channel reupload of CNBC interview
eD54uLELk6M,False,speech_or_lecture,True,True,0.7,"Small channel, likely VMware-era event"
kw3Bqlbu6tI,False,compilation_or_reupload,True,False,0.8,Newspaper channel reupload of CNBC interview
9XAtOBUInr0,True,tv_interview,False,False,0.9,Bloomberg interview with Intel CEO
nuhqYrqRizA,False,fireside_or_conference_qa,False,True,0.95,"2026, Playground partner not Intel CEO"
67tJ82Dyme4,False,about_the_ceo_not_by,False,False,0.95,News roundup commentary
Zu9mMGh1cl0,False,speech_or_lecture,False,False,0.6,"University talk, era unclear"
QY4h7u9Ma5Q,False,podcast_interview,False,True,0.95,VMware CEO era
OAy5BkSq5i0,False,tv_interview,False,True,0.95,VMware CEO 2015
a0wfajCd734,False,tv_interview,False,True,0.95,VMware CEO 2015
rcufmBSt8Bo,False,tv_interview,True,True,0.6,"Aggregator clip, likely VMware era"
G6VA5XJ_-04,False,keynote_or_presentation,False,True,0.95,2014 VMware era
h4YaFYzkucI,False,tv_interview,False,True,0.95,VMware CEO
SuhVWj9OcHU,False,tv_interview,False,True,0.95,"2012, EMC/VMware era"
QP5NAUfmpK4,False,fireside_or_conference_qa,False,True,0.95,"2026, not Intel CEO"
vef8ypse0hU,False,tv_interview,False,True,0.95,VMware CEO
IH3xbr95wxs,False,podcast_interview,False,False,0.5,"Book podcast, era unclear"
XMHbTrF8cqo,False,tv_interview,False,True,0.95,VMworld 2014
al8jhEBFj3U,False,podcast_interview,False,False,0.5,"Faith podcast, era unclear"
BtpjjxzHc4s,False,about_the_ceo_not_by,False,False,0.95,Analyst commentary
DKXz9sgGfX0,False,about_the_ceo_not_by,False,False,0.95,Analyst commentary
7tjH8S1WSjA,False,compilation_or_reupload,False,True,0.95,"Highlights, VMware 2017"
ptp0EkUd_ls,True,tv_interview,False,False,0.9,"Bloomberg interview, Intel CEO"
ICmdTvJkk7U,False,podcast_interview,False,True,0.95,VMware CEO
uDTt3h362II,False,fireside_or_conference_qa,False,True,0.95,VMware CEO 2017
pvrYL0KQ_gI,False,tv_interview,False,True,0.9,VMware-era MWC backstage
q8ApqDppTQ8,False,panel,True,True,0.95,VMware 2019 RSA reupload
dtRO3KA6KFo,False,tv_interview,False,True,0.9,VMware-era MWC
ImU2y8N8dFQ,False,speech_or_lecture,False,True,0.95,VMware 2016 speaker series
GgAFoGJpu04,False,tv_interview,True,True,0.95,VMware 2015 duplicate
zuXSpX-y_ys,False,about_the_ceo_not_by,False,False,0.9,Crypto news commentary channel
uMZwYWFzhYw,False,tv_interview,False,True,0.85,VMware-era FedScoop
jVfeb7ZERV8,False,tv_interview,True,True,0.95,VMworld 2015
Em34_lt8AiM,False,tv_interview,False,True,0.85,VMware-era FedScoop duplicate
Asi62gDpwNQ,False,podcast_interview,False,True,0.9,VMware CEO podcast
0NBILspM4c4,False,keynote_or_presentation,False,False,0.97,CES keynote presentation
DiGB5uAYKAg,False,keynote_or_presentation,False,False,0.98,GTC keynote
PWcNlRI00jo,False,keynote_or_presentation,False,False,0.98,GTC keynote
TLzna9__DnI,False,keynote_or_presentation,False,False,0.98,Computex keynote
39ubNuxnrK8,False,keynote_or_presentation,False,False,0.98,GTC keynote
lQHK61IDFH4,False,keynote_or_presentation,False,False,0.98,GTC DC keynote
k82RwXqZHY8,False,keynote_or_presentation,False,False,0.98,CES keynote
7ARBJQn6QkM,True,podcast_interview,False,False,0.85,Cleo Abram long-form interview
ZEL0EAVtCTY,True,fireside_or_conference_qa,False,False,0.8,"Hoover conversation, Q&A format"
YBJEiWDPyGs,False,product_launch_or_promo,False,False,0.97,RTX product launch
eAn_oiZwUXA,False,keynote_or_presentation,False,False,0.98,GTC keynote
lXLBTBBil2U,True,fireside_or_conference_qa,False,False,0.9,Stanford GSB conversation
jhDiaUL_RaM,False,keynote_or_presentation,False,False,0.98,GTC keynote
_-wjA4XlBl4,True,tv_interview,False,False,0.95,CNBC full interview
Sc48ToLIQAY,False,speech_or_lecture,True,False,0.9,Commencement speech on fan channel
yU3GUHDf0mk,False,compilation_or_reupload,False,False,0.8,"Short lecture excerpt, not Q&A"
Hrbq66XqtCo,True,podcast_interview,False,False,0.97,Dwarkesh long-form podcast
Pkj-BLHs6dE,True,fireside_or_conference_qa,False,False,0.97,DealBook onstage interview
iM0qWzHCOqg,False,keynote_or_presentation,False,False,0.85,VMware keynote segment
Xn1EsFe7snQ,True,fireside_or_conference_qa,False,False,0.75,Stanford Online interview/lecture Q&A
8QcLkB-zdCU,True,fireside_or_conference_qa,False,False,0.6,"HP interview segment, short"
HjurAWAr_nY,True,podcast_interview,False,False,0.97,Ezra Klein podcast
cEg8cOx7UZk,True,fireside_or_conference_qa,False,False,0.8,"SIEPR summit, conversation format"
AIcZ6z18xMQ,True,tv_interview,False,False,0.95,CNBC interview
y6NfxiemvHg,True,podcast_interview,False,False,0.95,Acquired podcast
pcuwZ8zk2ng,True,tv_interview,False,False,0.95,Bloomberg exclusive interview
8Pfa8kPjUio,True,fireside_or_conference_qa,False,False,0.95,Stripe Sessions conversation
IDy2SxjMOFM,False,fireside_or_conference_qa,True,False,0.6,News aggregator re-post of G20 talk
cP8pfCJTw4Q,True,tv_interview,False,False,0.95,CNBC interview
k9V45BFeNeU,True,tv_interview,False,False,0.93,CNBC interview
2UpQbeAZuqA,True,podcast_interview,False,False,0.95,Sequoia conversation
B_UeixjySSg,False,compilation_or_reupload,True,False,0.97,Supercut compilation
TDm6Snkle70,False,fireside_or_conference_qa,False,False,0.7,"Jensen is interviewer, Musk answers"
LpkmUa-CqaE,False,compilation_or_reupload,True,False,0.85,Lex Clips excerpt of podcast
9yCAxKRkf7w,False,panel,False,False,0.6,Short banter clip with Son
Fz4mLwW5Rx0,True,tv_interview,False,False,0.95,CNBC Cramer interview
I4B37S1dyQQ,True,fireside_or_conference_qa,False,False,0.93,Y Combinator conversation
11Y3B33oCLE,False,product_launch_or_promo,False,False,0.97,Product announcement keynote
jY28N0kv7Pk,False,keynote_or_presentation,False,False,0.97,SIGGRAPH keynote
Ber1zDOAEBE,True,fireside_or_conference_qa,False,False,0.7,Fireside with Metcalfe
9S6risqmgAk,False,panel,True,False,0.6,Aggregator news channel panel repost
BUqenMWZ7oE,True,tv_interview,False,False,0.95,CNBC Cramer interview
L9ZSnI9woWg,False,product_launch_or_promo,False,False,0.98,Product launch presentation
Sywq2Ua4GXw,False,about_the_ceo_not_by,False,False,0.95,Founders Podcast book narration about him
ZHXzNEFvO3A,True,tv_interview,False,False,0.95,CNBC interview
NC5NZPrxbHk,True,tv_interview,False,False,0.95,Bloomberg full interview
-C813Jlf_G8,False,compilation_or_reupload,True,False,0.85,FinVid commentary/stitched update
hoDYYCyxMuE,True,fireside_or_conference_qa,False,False,0.97,WEF conversation
CxysykYyRG8,True,fireside_or_conference_qa,False,False,0.85,Yahoo Finance WEF session
LETO_-keVFg,False,keynote_or_presentation,True,False,0.9,Fan re-upload of keynote segment
tsQB0n0YV3k,True,fireside_or_conference_qa,False,False,0.85,Stanford CS153 conversation
Yy3JH6dDugc,True,fireside_or_conference_qa,False,False,0.8,Conference fireside conversation
pBRXRApBQog,False,keynote_or_presentation,False,False,0.6,"Short scripted keynote chat, Nadella leads"
HT8-KPAjpiA,True,fireside_or_conference_qa,False,False,0.95,Milken conversation
q_umfWm8J28,False,keynote_or_presentation,False,False,0.97,Full keynote
xDjbj_sLy_s,False,keynote_or_presentation,False,False,0.97,GTC keynote
GjXag-NB1HM,True,tv_interview,False,False,0.93,Bloomberg Technology interview
65jBb1Fi-WY,False,compilation_or_reupload,True,False,0.8,Aggregator clip with sensational title
2AXucGqtbwM,True,podcast_interview,False,False,0.9,Bloomberg Podcasts interview
G1ern6xmQSM,False,compilation_or_reupload,True,False,0.75,Aggregator channel re-post
8FOdAc_i_tM,True,podcast_interview,False,False,0.9,"Long-form interview, original series"
X0QyREoybbY,True,tv_interview,False,False,0.93,CNBC Cramer joint interview
mP-TyDeVoUU,True,tv_interview,False,False,0.93,CNBC interview
GxBrMX1NPiQ,False,compilation_or_reupload,True,False,0.8,Small channel repost of GTC session
WTuUExKW1OY,False,about_the_ceo_not_by,False,False,0.97,Biography video
jgJgKJpuJTM,True,tv_interview,False,False,0.93,Bloomberg interview
SgR4rZKtZEg,True,tv_interview,False,False,0.93,Mad Money interview
YNshj2oOr3E,True,fireside_or_conference_qa,False,False,0.9,Cambridge Union Q&A
viWzfJj1-ck,False,keynote_or_presentation,False,False,0.97,Live keynote
Jp8maJDE5bs,False,ai_or_fake_suspected,True,False,0.9,"Sensational title, AI/clip channel"
R9Mnn-HSS4o,True,podcast_interview,False,False,0.95,NBIM podcast interview
VetsXP5TTHo,True,fireside_or_conference_qa,False,False,0.9,Six Five conversation
vM3IFyb9w1E,False,other,False,False,0.8,Documentary-style profile package
0Bt8rXpwTvY,False,speech_or_lecture,False,False,0.75,Short lecture excerpt
I-L7JjYjCbo,False,compilation_or_reupload,False,False,0.75,Clip excerpt of podcast
8cs8XHXU1kw,False,speech_or_lecture,False,False,0.7,Short advice excerpt
wrdqsMqmAig,False,keynote_or_presentation,False,False,0.95,Keynote
69nEEpdEJzU,False,keynote_or_presentation,False,False,0.97,SC19 keynote
I0LmwnZlmuM,True,tv_interview,False,False,0.92,CNBC interview
EzKDGg99Qic,False,tv_interview,False,False,0.6,"Edited news package, brief CEO soundbites"
z-xwblvWrY4,True,tv_interview,False,False,0.92,CNBC interview
euiXJ3mWkC8,False,compilation_or_reupload,True,False,0.8,FinVid commentary/stitched update
awE5DV-M48o,False,compilation_or_reupload,True,False,0.85,Lex Clips excerpt
9hzVdV63scU,True,fireside_or_conference_qa,False,False,0.93,Haas speaker series Q&A
jrTHmRTAL2M,True,tv_interview,False,False,0.92,CNBC interview
EFY-qjUZPkc,False,fireside_or_conference_qa,True,False,0.6,Aggregator news channel repost
8FUViSLJKr4,False,about_the_ceo_not_by,False,False,0.9,Cramer commentary about CEO
0W_OaPa8v7Y,True,fireside_or_conference_qa,False,False,0.95,Fireside chat
rASAk00B3JU,False,keynote_or_presentation,False,False,0.6,Scripted keynote stage chat
3pY0KWwVAV4,False,about_the_ceo_not_by,False,False,0.95,Founders Podcast narration about him
HyicRmHu17w,False,keynote_or_presentation,False,False,0.6,Scripted keynote stage chat
NFuMN6Tcn9o,True,tv_interview,False,False,0.88,CNBC interview
iL_0HblXMho,False,compilation_or_reupload,True,False,0.95,Motivational channel
lnnIX3OQAzQ,False,speech_or_lecture,False,False,0.9,"Special address, scripted"
Iy0KaTmoz14,False,keynote_or_presentation,False,False,0.6,Keynote stage conversation
ZFtW3g1dbUU,True,podcast_interview,False,False,0.97,No Priors podcast
gm98xcv54Lk,True,fireside_or_conference_qa,False,False,0.7,GSA extended Q&A advice session
gxgi6D-Cf9I,False,keynote_or_presentation,False,False,0.97,Computex keynote
VhSGmVyKykg,True,fireside_or_conference_qa,False,False,0.6,"IIT alumni conference, likely conversation"
__Ewkal7s3g,False,speech_or_lecture,True,False,0.95,Commencement speech
Pnr_TVjYlj4,False,compilation_or_reupload,False,False,0.7,Short clip excerpt
Lzp8glSke9w,True,podcast_interview,False,False,0.95,Joel Hellermark conversation
75RyknkIKkw,True,podcast_interview,False,False,0.93,Sequoia interview
VrgRI00UPxc,True,fireside_or_conference_qa,False,False,0.93,CNBC fireside chat G20
U5Bwvh36E8k,False,about_the_ceo_not_by,False,False,0.95,Analyst commentary about him
vj8717xBZ_M,True,tv_interview,False,False,0.8,CNA interview
-QQLU7ksuHQ,True,tv_interview,False,False,0.8,"CNA interview clip, original outlet"
ziL09IyS0cw,False,compilation_or_reupload,True,False,0.85,Lex Clips excerpt
OVSZmrEmJCs,False,keynote_or_presentation,False,False,0.95,Product presentation
0c8i4T9BSqY,True,podcast_interview,False,False,0.95,Oral history interview
I3QMhJ-Mrb0,False,keynote_or_presentation,False,False,0.95,GTC keynote replay
QuGGuq1FaMc,False,fireside_or_conference_qa,True,False,0.9,Fan re-upload; Jensen is interviewer
d4Ve6HMLQKw,False,other,False,False,0.9,"News show about trip, not interview"
-u0yuAeGqwM,True,fireside_or_conference_qa,False,False,0.7,Mercedes CES onstage talk
qqYwvEmg8fQ,True,tv_interview,False,False,0.93,Bloomberg exclusive interview
XmlyGgH3Xnw,False,speech_or_lecture,False,False,0.75,Short lecture excerpt
C5a-ByPsoyg,True,fireside_or_conference_qa,False,False,0.95,Fireside chat
7wdJTb9HDh4,True,tv_interview,False,False,0.88,Bloomberg interview
6Uc-EiQ2xnU,False,speech_or_lecture,False,False,0.75,Short lecture excerpt
2as_SAi3D68,False,about_the_ceo_not_by,False,False,0.95,Mini documentary
Eva9Cc0SWzA,False,keynote_or_presentation,True,False,0.9,"GTC keynote, scripted, aggregator channel"
QvuGhUKfphs,True,tv_interview,False,False,0.8,CNBC International full interview
wTnH74WNdiQ,False,other,False,False,0.8,"VR demo banter, not Q&A"
oPRP6C5MlWY,False,compilation_or_reupload,True,False,0.7,Individual re-uploader of old interview clip
CkInWt1L3jE,True,fireside_or_conference_qa,False,False,0.7,"Committee of 100 conversation, original host"
JZShrhB7Cr4,True,tv_interview,False,False,0.85,"Engadget interview, original outlet"
SaK3Rczg340,True,fireside_or_conference_qa,False,False,0.7,CASPA fireside chat highlights
d90VLcCLP7k,True,fireside_or_conference_qa,False,False,0.8,"VentureBeat Q&A, original publisher"
-9YhsAaEpmU,False,product_launch_or_promo,True,False,0.9,"Product unveil clip, re-upload"
PDlBVw7ffR0,False,keynote_or_presentation,True,False,0.9,"Keynote part, re-upload"
MLRuwLtHm-g,True,tv_interview,False,False,0.6,"Bloomberg Open Interest, long show with Huang"
V6xDGnWHcqE,True,fireside_or_conference_qa,False,False,0.7,VentureBeat CES unplugged Q&A
z8cAXOys3bI,True,fireside_or_conference_qa,False,False,0.6,"Full fireside chat, uploader unclear"
LxHr85wyEF4,False,keynote_or_presentation,False,False,0.9,Keynote clip
FmxdCtkmSyI,False,product_launch_or_promo,False,False,0.7,Short promo-style clip by gaikai
JBltLWnqDq0,False,speech_or_lecture,False,False,0.95,Graduation speech
WnmETNHlhBg,False,compilation_or_reupload,True,False,0.8,Individual re-upload of Cramer segment
zG5gdDDwZZo,True,fireside_or_conference_qa,False,False,0.6,"IIT conference interview, short"
9DdrGN9sGhA,True,tv_interview,False,False,0.8,Bloomberg Talks interview
hkYVYbQRMwo,True,fireside_or_conference_qa,False,False,0.8,VentureBeat Q&A part 3
Bd201sF6z5g,True,fireside_or_conference_qa,True,False,0.5,"2011 talk, archive channel, likely Q&A"
KFGgKo3Twvs,False,compilation_or_reupload,True,False,0.85,Short joke clip by investing channel
-2luv4kqB00,True,fireside_or_conference_qa,True,False,0.5,"Mercedes onstage talk, re-uploaded by blog"
J9WqLUnupj8,True,fireside_or_conference_qa,False,False,0.7,Committee of 100 conversation part 3
ITdRAPI3RCw,True,fireside_or_conference_qa,False,False,0.75,"FIRE conference interview, original host"
RALiQRUdqhA,True,fireside_or_conference_qa,False,False,0.6,"Entrepreneurship.org interview clip, answers questions"
Y4yZSMYNwpg,True,fireside_or_conference_qa,False,False,0.7,Committee of 100 conversation part 6
SzAjV9NB6ok,False,fireside_or_conference_qa,True,False,0.55,Individual re-upload of Israel stage talk
BPoa3dGh14w,False,keynote_or_presentation,True,False,0.9,Titan V unveil keynote
EJsRjGLtbwI,True,fireside_or_conference_qa,False,False,0.6,CES press interview Q&A
byM8aBNf-TA,True,fireside_or_conference_qa,False,False,0.6,Press meeting with questions
f9HAZ4MktUc,False,keynote_or_presentation,True,False,0.9,"Volta presentation, scripted"
flWYt_yxYi0,True,fireside_or_conference_qa,False,False,0.6,Entrepreneurship.org interview clip
-TjVXiUUrbo,True,tv_interview,False,False,0.85,Bloomberg Talks interview
pBd1JRp0G-U,True,fireside_or_conference_qa,True,False,0.5,"Dreamforce chat, uploaded by unrelated channel"
MLds_zRolRg,True,fireside_or_conference_qa,False,False,0.7,GTC press Q&A answering questions
rcrKYgGzVZ4,False,keynote_or_presentation,True,False,0.85,RTX conference presentation re-upload
UJ6rTArnkkk,False,podcast_interview,False,False,0.5,Leaders Podcast likely narrated or compiled
o9mtwX2xo90,True,fireside_or_conference_qa,False,False,0.55,Entrepreneurship.org interview clip
4C79xxjdXsE,False,tv_interview,False,True,0.7,"2021 interview, Iger was Executive Chairman"
kqtZQsbaxew,True,tv_interview,False,False,0.9,"Kimmel interview, 2019 as CEO"
92LhIvO2FaM,True,fireside_or_conference_qa,False,False,0.85,"Goldman Sachs talk, official channel, CEO era"
OS4y0giPVaE,True,fireside_or_conference_qa,False,False,0.9,92Y onstage with Oprah
3TGajY11_J8,False,about_the_ceo_not_by,False,False,0.95,Commentary about Iger
RfGB73mOwI8,False,other,False,False,0.55,"Likely news segment with analysts, not Q&A"
IB56sQDcIYQ,False,podcast_interview,False,True,0.95,"Chapek interview, not Iger"
zrM11QJkVtU,False,about_the_ceo_not_by,False,False,0.95,Commentary channel
uwPaOpifZ-M,True,podcast_interview,False,False,0.7,Podcast with Iger at Disneyland
8pSxx1e5n34,True,fireside_or_conference_qa,False,False,0.95,DealBook 2023 onstage interview
cugMtNAtHSE,False,other,False,False,0.7,"FT documentary-style film, multiple voices"
2QickXsqVV0,False,about_the_ceo_not_by,False,False,0.95,Commentary channel
jo4_4HuKqrg,True,tv_interview,False,False,0.6,"Ellen show conversation, official channel"
IIkwtjGrADQ,True,tv_interview,False,False,0.7,"ABC interview, Iger still CEO at announcement"
gv2nEEAM75U,False,about_the_ceo_not_by,False,False,0.95,Clickbait commentary
g46uMnmizv4,True,tv_interview,False,False,0.9,CNBC interview on Disney+
3Y6UtWDixQI,False,about_the_ceo_not_by,False,False,0.95,Commentary channel
ZtXQJjoKeZI,False,about_the_ceo_not_by,False,False,0.95,Reaction channel
ACRN27GKiA0,False,about_the_ceo_not_by,False,False,0.95,Commentary channel
094GIaEB6sw,True,tv_interview,False,False,0.8,ABC Nightline interview as CEO
fl38MPOET7w,False,other,False,False,0.85,News explainer package
xpW5LEnMGUA,False,about_the_ceo_not_by,False,False,0.95,Commentary channel
0J1K61bYP5A,True,fireside_or_conference_qa,False,False,0.75,UCLA Anderson leadership talk with Q&A
qqBnJwvlOMw,False,speech_or_lecture,False,False,0.8,Shareholder meeting prepared remarks
DVAx5MKjOx4,False,about_the_ceo_not_by,False,False,0.95,Video essay about Iger
L22u--9C6zE,False,fireside_or_conference_qa,False,True,0.95,"Code 2022, titled former CEO"
0njWM4pzmlw,True,tv_interview,False,False,0.9,CNBC interview 2023
MITPVBlW1z4,False,about_the_ceo_not_by,False,True,0.95,Ex-CEO Chapek commentary
hf4Cs8TaQrI,False,about_the_ceo_not_by,False,False,0.95,Commentary channel
DMX9UoSwgSQ,False,about_the_ceo_not_by,False,False,0.95,News show about Iger
mtETESjOsAg,True,fireside_or_conference_qa,False,False,0.75,Bloomberg forum conversation with Dimon
_MHv1sKAtfg,True,tv_interview,False,False,0.85,GMA one-on-one interview
jU8fCVq81dA,False,about_the_ceo_not_by,False,False,0.95,Commentary channel
8FyEtRn1rtQ,False,tv_interview,False,True,0.85,2021 exit interview as Exec Chairman
s76eXRlMJhc,True,tv_interview,False,False,0.9,CNBC interview 2023
vjWAGwAmAD4,True,tv_interview,False,False,0.9,The View interview 2018
SaBCwqKuVrE,True,tv_interview,False,False,0.7,Official Star Wars extended interview
lZFPi4XFutw,False,about_the_ceo_not_by,False,False,0.95,Commentary clip
yFLY9F5b-p8,True,tv_interview,False,False,0.8,OWN Super Soul Sunday interview clip
lmKVD_K8i2s,False,about_the_ceo_not_by,False,False,0.95,Commentary channel
r0gVA_zvLvE,True,tv_interview,False,False,0.9,The View interview
DiuVDDzCwTc,True,tv_interview,False,False,0.6,GMA segment with Iger answering questions
Y6SLjPIZRGQ,False,about_the_ceo_not_by,False,False,0.95,Commentary channel
xZ1XxxZpH9U,True,tv_interview,False,False,0.9,CNBC interview
gyrAOhLIzoY,True,tv_interview,False,False,0.75,CNBC interview on Fox deal
mclKkHD1Vf4,True,tv_interview,False,False,0.9,CNBC long interview on streaming
MPorU1E9WwA,False,tv_interview,False,True,0.95,Titled former CEO
sDb7BoDqY0o,True,tv_interview,False,False,0.85,CNBC interview after return
f6SuhPbBcq8,False,other,False,False,0.7,News segment about stepping down
6J9-RpVrq_Q,True,tv_interview,False,False,0.9,CNBC interview 2023
E_LbbNfm1As,False,about_the_ceo_not_by,False,False,0.95,Commentary channel
qv3xVlbw_lI,False,about_the_ceo_not_by,False,False,0.95,Cramer commentary
IVNUaa4AbpU,False,about_the_ceo_not_by,False,True,0.95,"Eisner interview, not Iger"
j59LuGCqFwY,True,podcast_interview,False,False,0.7,Rest Is History podcast with Iger
FtsBBKAJgFQ,True,fireside_or_conference_qa,False,False,0.8,"Vanity Fair summit conversation, CEO era"
IRzV2Rj43t8,False,fireside_or_conference_qa,False,True,0.6,USC talk likely during Exec Chairman years
MSOyYr8SLMo,True,fireside_or_conference_qa,False,False,0.55,"UCLA leadership conversation, date uncertain"
9deikC8spSM,True,tv_interview,False,False,0.9,CNBC interview 2025
-ahk-Aw6N9M,True,tv_interview,False,False,0.85,CNBC interview on Fox deal
FhrcJ-BvCbg,True,tv_interview,False,False,0.9,CNBC interview on Hulu
DHCaEDE1nug,True,fireside_or_conference_qa,False,False,0.85,"Live talk with Brian Grazer, 2019"
TSe3iZ0YmzM,False,about_the_ceo_not_by,False,False,0.95,Fan entertainment commentary
4RcDsN7Epm0,True,tv_interview,False,False,0.85,CNBC interview after return
77u_RBhKTFQ,False,about_the_ceo_not_by,False,True,0.95,"Eisner commenting, not Iger"
SCqlIOh43Yw,True,tv_interview,False,False,0.85,Bloomberg Tech interview
WypoHM7jkjM,False,about_the_ceo_not_by,False,False,0.95,Commentary channel
XyMlcaMBEBU,False,about_the_ceo_not_by,False,False,0.95,Commentary channel
srDb6vj3w-Q,True,tv_interview,False,False,0.9,CNBC interview
2rTCeoNlNZ0,True,tv_interview,False,False,0.85,The View interview
TBztymU_CME,False,tv_interview,False,True,0.8,"Post-departure interview, not CEO then"
z_b2xmM3LeM,False,about_the_ceo_not_by,False,False,0.95,Commentary podcast clip
nc0VKAg8n6w,True,podcast_interview,False,False,0.85,"ESPN long-form sit-down, CEO era"
tDB7gaUCB7I,True,fireside_or_conference_qa,False,False,0.9,CFR conversation with Q&A
Wyt6whKvo_0,True,tv_interview,False,False,0.8,Variety interview with Abrams
E3KHW8hU1Go,True,tv_interview,False,False,0.85,OWN full episode interview
lc8Tqy0ofbI,True,tv_interview,False,False,0.9,CBS Mornings interview
tMLwHkHQvKk,True,tv_interview,False,False,0.9,CNBC interview Dec 2025
s5rHIot8hkk,True,podcast_interview,False,False,0.8,Official podcast interview with Iger
jJWBomRyLgA,True,tv_interview,False,False,0.9,CNBC interview on ESPN
9jV52f-z6EY,True,fireside_or_conference_qa,False,False,0.7,"HBR conversation, Q&A format"
gDVAMDRA4aw,True,fireside_or_conference_qa,False,False,0.9,Economic Club Q&A 2015
8N7U5ykRFzk,False,about_the_ceo_not_by,False,False,0.9,Valuetainment commentary
sU1stG-L7BQ,True,tv_interview,False,False,0.9,Bloomberg interview 2016
3XWGH0ejmSc,False,about_the_ceo_not_by,False,False,0.95,Commentary channel
RcldoVAnwtE,False,about_the_ceo_not_by,False,False,0.95,Commentary channel
mP1q3NmhT8M,False,tv_interview,False,True,0.95,Titled former CEO
GN6gLViWb5s,False,other,True,False,0.85,"Fan channel farewell video, scripted"
IT9ak-akrdg,True,podcast_interview,False,False,0.85,Tim Ferriss long-form interview
lQEyM6NAyP8,False,tv_interview,False,True,0.95,Titled former CEO
Pd1vKO11p2c,True,tv_interview,False,False,0.9,CNBC interview 2024
Jikf83vO904,False,about_the_ceo_not_by,False,False,0.9,Stephen A. Smith clip about Iger advice
w1PqgPMmVdY,True,podcast_interview,False,False,0.85,Dwyane Wade long-form interview
n_kNlo9Y6E0,True,tv_interview,False,False,0.6,ESPN show appearance with Iger
29_yxFg3MuY,False,tv_interview,False,True,0.95,Titled former CEO
vctjApnS1rg,False,about_the_ceo_not_by,False,False,0.95,Commentary channel
u4gJ15WU41c,False,about_the_ceo_not_by,False,False,0.95,Commentary channel
-djNyDUGbe8,True,tv_interview,False,False,0.85,Bloomberg interview on Fox deal
D3YdjzdBTik,False,about_the_ceo_not_by,False,False,0.95,Commentary channel
3OSqFElWBZE,False,about_the_ceo_not_by,False,False,0.95,Commentary channel
E3-9AjG-BVw,True,tv_interview,False,False,0.9,CNBC interview on ESPN app
anCGsxJL5WM,False,compilation_or_reupload,True,False,0.6,"Third-party leadership series, likely re-edited"
qWEm42JUKzY,True,tv_interview,False,False,0.9,CNBC interview on animation
qpiE0NYjU0g,False,about_the_ceo_not_by,False,False,0.9,Fan news channel commentary
3rDKOKxfewg,False,other,False,True,0.9,"News on Lakers purchase, not CEO role"
_GkdqmplTvI,False,about_the_ceo_not_by,False,True,0.95,"Commentary, titled former CEO"
gj6gzzae0cM,True,tv_interview,False,False,0.9,Bloomberg interview on Fox deal
9zprtl59dcg,False,other,False,False,0.8,News report on stepping down
qY3K64tcZ8w,False,about_the_ceo_not_by,False,False,0.95,"Peltz interview, not Iger"
5qTgwigMAhw,False,other,False,False,0.85,Tribute news package
waLPOwpq3hI,True,tv_interview,False,False,0.6,Rubenstein interview clip
0HdnDcfrT_A,False,other,False,False,0.9,TIME100 profile package
EhFrWhXQZkY,True,podcast_interview,False,False,0.85,Bill Simmons long-form podcast
ymVKg_xRmns,False,about_the_ceo_not_by,False,False,0.95,Commentary channel
n5GTvTVxQ-w,False,about_the_ceo_not_by,False,False,0.95,Sports radio show commentary
pqRl6UrQT4I,True,fireside_or_conference_qa,False,False,0.85,Chief Executives Club Q&A
PxcsxvJDkcI,True,tv_interview,False,False,0.9,CNBC interview on Peltz
ILG8x93zjRA,False,other,True,False,0.8,Activist group clip of shareholder exchange
HYmdf_bOchk,False,about_the_ceo_not_by,False,False,0.95,Analyst commenting on Iger
Emx_3y4sR7g,False,compilation_or_reupload,True,False,0.8,Unknown channel re-upload
GQAXhaOwy9g,False,speech_or_lecture,False,False,0.85,"Awards ceremony, not Q&A"
zfGCVjHraC0,False,speech_or_lecture,True,False,0.9,"Shareholder remarks, scripted, fan channel"
qnOmsaO_BHA,False,other,False,False,0.5,"News segment on return, not clear Q&A"
n15D0W1bwW4,False,other,False,False,0.8,News report on stepping down
0Pg8k2FgdmM,False,compilation_or_reupload,True,False,0.8,Forbes Breaking News clip of others' interview
W4_5fTpgQ74,True,tv_interview,False,False,0.9,CNBC interview
qXUi8VvQ9NY,False,compilation_or_reupload,True,False,0.9,OTC channel reupload of CNBC Faber interview
e0UMfA4xPNU,False,about_the_ceo_not_by,False,False,0.95,Commentator clickbait video
kk4eYuQIvDo,True,tv_interview,False,False,0.9,Bloomberg interview
WVM9s7YHEiU,False,about_the_ceo_not_by,False,False,0.95,"Podcast about Iger, not with him"
181w94GnSXc,False,compilation_or_reupload,True,False,0.7,"Vague title, aggregator channel"
YxkZcpn0wxs,True,tv_interview,False,False,0.9,Bloomberg interview
hjofIfrdmSY,False,tv_interview,False,False,0.95,"Peltz speaking, not Iger"
pX9iDOdY82E,True,tv_interview,False,False,0.9,CNBC earnings interview
RxSbzAAyN9k,False,about_the_ceo_not_by,False,False,0.95,Commentary channel
zEe1oRSxZK0,False,other,False,False,0.85,News report on succession
Rs6vUEDk61Y,False,tv_interview,False,True,0.8,"Outgoing chairman, not CEO then"
SXDaxnWbR2w,True,fireside_or_conference_qa,False,False,0.7,Milken onstage conversation
2HcxVpL3QZ8,False,other,False,False,0.85,News about contract extension
XZt8fI7p54U,True,fireside_or_conference_qa,False,False,0.9,"USC conference conversation, official"
6fc8zNPJ6TM,False,about_the_ceo_not_by,False,False,0.95,Fan commentary
mVdWkozZwAo,False,about_the_ceo_not_by,False,False,0.95,Commentary on Musk feud
WcrLv3sWLrk,False,about_the_ceo_not_by,False,False,0.95,Commentary channel
k582fZRE9d0,True,tv_interview,False,False,0.55,"ManningCast guest conversation, official NFL"
ZELEr_p3FRE,False,about_the_ceo_not_by,False,False,0.95,Clickbait commentary
ISoycdr2kYc,False,about_the_ceo_not_by,False,False,0.95,Clickbait gossip
g21Ugd1zm2w,True,fireside_or_conference_qa,False,False,0.8,"Onstage conversation, SBJ"
FefiKsTPxEE,False,compilation_or_reupload,True,False,0.9,Commentary reupload of DealBook
kWzr3p1T0IU,False,about_the_ceo_not_by,False,False,0.95,Analyst commentary
loLXeJm49HI,False,other,False,False,0.85,News package on strike criticism
NVLX-pG9GJc,False,compilation_or_reupload,False,False,0.6,Edited highlights reel
pWWVd6ssFIM,True,tv_interview,False,False,0.9,Bloomberg interview
Zvu88CFKkd0,True,tv_interview,False,False,0.9,Bloomberg TV interview
Y2R3tLvFXnw,False,other,False,True,0.9,"Titled former Disney CEO, advice clip"
Z4f6uHwAclU,False,compilation_or_reupload,True,False,0.9,Fan channel clip
dtNKtNZidfU,False,about_the_ceo_not_by,False,False,0.95,Clickbait gossip
4HN-sB4WIFU,True,tv_interview,False,False,0.9,CNBC interview
P0g5LMMraLg,True,tv_interview,False,False,0.85,Yahoo Finance earnings interview
bsYIUtiuEog,True,tv_interview,False,False,0.8,"Amanpour interview, official channel"
s5E0MOkmbsI,True,fireside_or_conference_qa,False,False,0.85,Morgan Stanley conference chat
GxEZIIISRfw,True,tv_interview,False,False,0.9,Bloomberg TV interview
nG6A8FTZE-E,False,about_the_ceo_not_by,False,False,0.95,Clickbait gossip
cMRJstnJyAk,True,tv_interview,False,False,0.9,Bloomberg earnings interview
gq-lB8H3EHk,False,speech_or_lecture,False,True,0.95,"2021 commencement speech, not CEO"
z15qKsyr2kQ,False,about_the_ceo_not_by,False,False,0.95,Fan news recap
q01vvmTSJ9I,True,fireside_or_conference_qa,False,False,0.75,Fortune onstage interview
AK9nQqdXOc8,False,about_the_ceo_not_by,False,False,0.95,Commentary video
FCBt16UdgHs,False,compilation_or_reupload,True,False,0.9,Generic news channel reupload
_TZvsxMs5QE,True,tv_interview,False,False,0.9,CNBC interview
DPVtm_nDc8E,True,tv_interview,False,False,0.75,Local TV book interview
Cx8vSXP4tZw,False,about_the_ceo_not_by,False,False,0.95,Commentary channel
tnN_T-_o67M,True,tv_interview,False,False,0.85,Yahoo Finance interview
sxy7XD3GRKY,False,about_the_ceo_not_by,False,False,0.95,Comics commentary
p-38KXTIny0,False,other,False,False,0.85,News report on successor
RlzEfbf7Vm8,False,about_the_ceo_not_by,False,False,0.95,Commentary channel
VvbuehyYtsw,False,about_the_ceo_not_by,False,False,0.95,Commentary channel
vhjV8tkhg2Q,False,about_the_ceo_not_by,False,False,0.95,Rumor commentary
5qDc6rD89DQ,False,about_the_ceo_not_by,False,False,0.95,Commentary channel
mIECehvcF-c,False,about_the_ceo_not_by,False,False,0.95,Fan commentary
SWF2GOpKRnw,False,about_the_ceo_not_by,False,False,0.95,Suzy Welch commentary
bXT_NgHMGmY,False,about_the_ceo_not_by,False,False,0.95,Clickbait commentary
HLg2-85U-bo,False,ai_or_fake_suspected,False,False,0.9,Motivational leadership channel
XViNYqF1L-w,False,about_the_ceo_not_by,False,False,0.95,Clickbait gossip
se9KbzCw-bA,False,ai_or_fake_suspected,False,False,0.9,Motivational career advice channel
OhcOLyXZTVQ,True,tv_interview,False,False,0.9,Bloomberg Tech interview
yMfWthP7dM,False,about_the_ceo_not_by,False,False,0.95,Fan livestream discussion
3fK1i-WjJSQ,False,about_the_ceo_not_by,False,False,0.95,Clickbait gossip
X7lx4HivJhM,False,about_the_ceo_not_by,False,False,0.95,Commentary podcast
0XJnQJinPd0,False,about_the_ceo_not_by,False,False,0.95,Another guest talking about Iger
yL3PG4Yol8M,False,about_the_ceo_not_by,False,False,0.95,Commentary channel
8RFNnVMZUps,False,about_the_ceo_not_by,False,False,0.95,Commentary channel
oMSIfAJp7i4,True,tv_interview,False,False,0.9,CNBC earnings interview
3GoDbUBE5eY,True,tv_interview,False,False,0.85,Bloomberg TV interview
JJUm_TicyYI,True,tv_interview,False,False,0.8,Fortune interview
SGCeki5vxRk,False,about_the_ceo_not_by,False,False,0.95,Fan podcast discussion
8PjXuE7yIsw,True,tv_interview,False,False,0.9,Bloomberg interview
vOpP6LIqd5o,False,other,False,False,0.9,News retrospective package
UP5qZwmsBxc,True,fireside_or_conference_qa,False,False,0.8,Official conversation with Iger
tud3lC3Aoc0,False,about_the_ceo_not_by,False,False,0.95,Commentary channel
sbU_sgnggDc,False,compilation_or_reupload,True,False,0.85,Fan channel clip of interview
u4dX9TV4DqM,True,podcast_interview,False,False,0.85,NYT podcast interview
YIDmmKGaWp4,False,about_the_ceo_not_by,False,False,0.95,Book summary channel
6YGVp_l7YUA,True,tv_interview,False,False,0.9,Bloomberg Tech interview
_rEmxBppPj8,False,compilation_or_reupload,True,False,0.9,OTC channel reupload of CNBC
_8pIo9B6mqU,False,about_the_ceo_not_by,False,False,0.95,Fan podcast about book
4zQf1KhNAZE,False,about_the_ceo_not_by,False,False,0.95,Commentary channel
Q_jYY31zBoQ,False,about_the_ceo_not_by,False,True,0.9,"Titled former Disney CEO, commentary"
sPJBv_wa-ec,True,tv_interview,False,False,0.65,"Kelly Ripa interview, official show"
55wHWFpL3QQ,True,tv_interview,False,False,0.9,Bloomberg Tech interview
gaeTaIYN3-U,False,about_the_ceo_not_by,False,False,0.95,"Gorman interview, not Iger"
LpgNpOprK2M,False,about_the_ceo_not_by,False,True,0.95,"Fan rumor video, 2021 era"
hDtJAuA-LJc,False,about_the_ceo_not_by,False,False,0.95,Fan commentary
znDhwfnz5sM,False,about_the_ceo_not_by,False,False,0.95,"Podcast about Iger, not with him"
NbuzRzoUVBE,False,about_the_ceo_not_by,False,False,0.95,"Gorman interview, not Iger"
ygKyCecpURA,False,other,False,False,0.85,"Red carpet premiere chat, brief"
DbPgkdLyNM0,False,about_the_ceo_not_by,False,False,0.9,Explainer about acquisitions
JXg3FRGe0ak,False,about_the_ceo_not_by,False,False,0.95,Reaction and rant video
Hld5LJ-nGjo,False,compilation_or_reupload,True,False,0.9,Aggregator channel reupload
YyUzT1eU84w,False,about_the_ceo_not_by,False,False,0.95,Clickbait gossip
A-mHZZZ1mms,False,compilation_or_reupload,True,False,0.9,Live reaction channel on CNBC clip
IA9s670A5lA,False,about_the_ceo_not_by,False,False,0.95,Clickbait gossip
yIMOL2eR_Ps,False,podcast_interview,False,True,0.85,"2021 episode, Iger not CEO then"
I8P6VGIm9pY,False,compilation_or_reupload,True,False,0.9,"Bloomberg-style clip, aggregator channel"
jCzwIY4dUHM,False,about_the_ceo_not_by,False,False,0.95,Commentary channel
dt0RqxgUeVg,False,compilation_or_reupload,True,False,0.7,VC channel clip of someone else's interview
NH6qVt3gVd4,False,compilation_or_reupload,True,False,0.9,Aggregator reupload
8YL5wFXW04s,False,compilation_or_reupload,True,False,0.9,Aggregator reupload of Bloomberg
zXkJbYPSf70,False,about_the_ceo_not_by,False,False,0.95,Explainer commentary
0MJP7kKveaM,False,about_the_ceo_not_by,False,False,0.95,Hollywood news commentary
dvOQHWBB9FY,False,compilation_or_reupload,True,False,0.85,Obscure channel reupload
5rMEnQrl1c0,False,compilation_or_reupload,True,False,0.85,Commentary reupload
QCkFhMp8dRg,False,compilation_or_reupload,True,False,0.9,Aggregator reupload
yMf7HLWOmpk,False,about_the_ceo_not_by,False,False,0.9,Commentary on clip
G4WtXx2LsrU,False,compilation_or_reupload,True,False,0.75,"Obscure channel, likely reupload"
i2Vn8YjWgaY,False,compilation_or_reupload,True,False,0.9,English-practice compilation channel
IwnM7iuAMjA,False,about_the_ceo_not_by,False,False,0.95,Banter podcast about CEOs
fJbvnguayes,False,compilation_or_reupload,True,False,0.9,Aggregator reupload
QJr2Rs4C_bo,False,about_the_ceo_not_by,False,False,0.95,Comedy commentary
4kAjyP8G4RE,True,fireside_or_conference_qa,False,False,0.9,"Official fireside chat, CEO era"
EHgJMSLrwQc,False,fireside_or_conference_qa,False,True,0.9,AWS CEO era
pei7or9-ON0,True,fireside_or_conference_qa,False,False,0.9,NYT onstage interview as Amazon CEO
Dm1MOGqy6o4,False,fireside_or_conference_qa,False,True,0.95,"Code 2019, AWS CEO"
I3Tc0T_adSU,True,fireside_or_conference_qa,False,False,0.95,Code 2022 full interview as Amazon CEO
wSpDFQyVtfw,True,fireside_or_conference_qa,False,False,0.5,"Official channel, likely Q&A career advice"
9XTdhpYV168,False,tv_interview,False,True,0.9,Titled AWS CEO
37cjW96CuQ8,True,tv_interview,False,False,0.9,CNBC interview as Amazon CEO
8FJ5DBLSFe4,False,keynote_or_presentation,False,True,0.95,"2012 keynote, AWS era"
9lLrt6fEINk,False,about_the_ceo_not_by,False,False,0.85,Analyst commentary about transition
uxEL9tBDzlE,True,fireside_or_conference_qa,False,False,0.8,Fortune interview with Jassy as CEO
Hg-a7TGWAFc,False,about_the_ceo_not_by,False,False,0.95,Podcast commentary about Jassy
0m_eRDgUaRU,False,tv_interview,False,True,0.7,"Alexa/cloud era, likely AWS CEO"
QgL2j7jamHE,True,tv_interview,False,False,0.9,"CNBC interview, gen AI 2023"
NUSFU8RRztI,False,other,False,True,0.8,"Documentary segment, AWS era"
FRmPnJJVyk8,False,about_the_ceo_not_by,False,False,0.95,Cramer commentary about Jassy
RiseH15-ZUo,True,tv_interview,False,False,0.9,CNBC interview as CEO
d2dyGDqrXLo,False,fireside_or_conference_qa,False,True,0.9,Harvard chat as AWS head
jY0cyYt3ogI,True,tv_interview,False,False,0.9,CNBC interview as CEO
_dnzvbh5CCI,True,tv_interview,False,False,0.85,Bloomberg studio interview as CEO
roKzFMaqk5s,True,tv_interview,False,False,0.9,CNBC interview as CEO
dIjiDuDtg68,True,tv_interview,False,False,0.9,CNBC interview as CEO
QVUqyOuNUB8,False,speech_or_lecture,False,True,0.9,Lecture as AWS head
Tgrih3Ngop8,True,tv_interview,False,False,0.9,CNBC interview as CEO
XHGogTfFo_I,True,tv_interview,False,False,0.9,Cramer sit-down as CEO
7LigjQtZmbQ,False,fireside_or_conference_qa,False,True,0.95,2017 AWS CEO
lEu6uuQ3Nx0,False,fireside_or_conference_qa,False,True,0.95,2019 AWS era
9AT61oa40-c,True,tv_interview,False,False,0.9,CNBC long interview as CEO
U6JZxYiKHsE,False,tv_interview,False,True,0.9,"AWS re:Invent theCUBE, AWS era"
TtJ5LewPNiU,True,tv_interview,False,False,0.9,CNBC interview as CEO
qCNsEZ3jCsE,False,about_the_ceo_not_by,False,True,0.95,"Keynote analysis, 2019"
zp0Qv4N3uXQ,False,keynote_or_presentation,False,True,0.95,2014 keynote
aK_lJQQ3Fg8,False,product_launch_or_promo,False,False,0.85,Short promo clip
RaOmbC0YPXA,True,podcast_interview,False,False,0.5,theCUBE conversation with Amazon CEO
2cQsOav4Yew,False,about_the_ceo_not_by,False,False,0.95,"Veteran commentary, not Jassy"
Aj3hBHoA0SU,False,tv_interview,False,True,0.95,re:Invent 2019 AWS era
rFZLoPHF0S4,True,tv_interview,False,False,0.9,CNBC interview as CEO
Qsnam8A9NYI,False,other,False,False,0.95,"Political meeting, no Q&A"
BiTaAVZub8o,False,tv_interview,False,True,0.9,Cloud chief era
reAlRiRN9mE,False,other,False,False,0.85,News package on takeover
lw3FbOspa-o,True,tv_interview,False,False,0.9,CNBC interview as CEO
k_duk69YWJk,False,about_the_ceo_not_by,False,False,0.95,Former exec commentary
Op5iKjHXjh8,False,about_the_ceo_not_by,False,False,0.95,Analyst commentary
b6INgIgNIYI,False,other,False,False,0.5,"Investment announcement coverage, unclear Q&A"
Wzbcvk8eTwM,True,tv_interview,False,False,0.8,Bloomberg interview at CEO transition
KCN0RDHV7PI,False,fireside_or_conference_qa,False,True,0.6,Likely AWS-era Bloomberg Live
ag9994tIeoo,True,tv_interview,False,False,0.9,CNBC interview as CEO
VBpKWqP-FVU,False,podcast_interview,False,False,0.85,"Audio only, no face"
qqNPRl2xLVE,False,tv_interview,False,True,0.95,"JEDI era, AWS CEO"
T6_V539QHf0,False,compilation_or_reupload,True,True,0.9,Reupload of AWS-era Harvard chat
2NcDgRyruFY,False,about_the_ceo_not_by,False,False,0.95,Former VP commentary
8p3IqVNulhs,False,podcast_interview,False,False,0.85,"Audio only, no face"
B9tLeHn93dQ,False,tv_interview,False,True,0.9,AWS CEO era
LOh263jvpxg,False,about_the_ceo_not_by,False,False,0.95,Author commentary
M46PWDiMp_I,False,about_the_ceo_not_by,False,False,0.7,Likely commentator segment
uu5cK4N-Y9s,False,tv_interview,False,True,0.95,re:Invent 2017 AWS era
O9Z0RJdFjNI,False,compilation_or_reupload,True,True,0.9,Keynote highlights by third party
ym2vOPrhRWI,False,tv_interview,False,True,0.9,AWS CEO era
eqpVoECFyTM,False,about_the_ceo_not_by,False,False,0.95,Analyst podcast commentary
wxXfizlYKUU,False,fireside_or_conference_qa,False,True,0.95,Titled AWS CEO
C7jjkeX89P0,True,podcast_interview,False,False,0.85,Podcast interview with Amazon CEO
ttjsXkXo5Xc,False,tv_interview,False,True,0.95,re:Invent 2016 AWS era
zW5_2pmNX6U,False,podcast_interview,False,False,0.85,"Audio only, no face"
DKG_5j6_zUk,False,about_the_ceo_not_by,False,False,0.95,Kara Swisher commentary
8HikRcsOU0Y,False,about_the_ceo_not_by,False,False,0.85,theCUBE podcast commentary
P_NqTG6Cpxw,False,tv_interview,False,True,0.7,"Cloud shift talk, AWS era"
FfwRsTOUe08,True,tv_interview,False,False,0.9,CNBC interview as CEO
_I669Jlajqw,True,fireside_or_conference_qa,False,False,0.9,The Information Davos interview
B4IPGx1iLkE,True,fireside_or_conference_qa,False,False,0.8,Official fireside with Amit Agarwal
-QJLp64rJes,False,tv_interview,False,True,0.95,re:Invent 2020 AWS era
gP4XBJPvt9I,False,about_the_ceo_not_by,False,False,0.95,Analyst commentary
D8yigvm6wwk,False,about_the_ceo_not_by,False,False,0.85,theCUBE podcast commentary
e_oieETk_Xw,False,tv_interview,False,True,0.95,re:Invent 2018 AWS era
XlcU-8QE870,False,fireside_or_conference_qa,False,True,0.9,Harvard talk from AWS
KZUJs9UsrRo,False,compilation_or_reupload,False,False,0.8,Short glimpses highlight clip
kvHB7kZjAio,False,compilation_or_reupload,True,False,0.85,Aggregator channel news repackage
UOK3as1S9EQ,False,fireside_or_conference_qa,False,True,0.6,NCSL summit likely AWS era
VjSDKF0ppew,False,about_the_ceo_not_by,False,False,0.95,Podcast commentary
6N1V7FiAAyI,False,about_the_ceo_not_by,False,False,0.9,News segment about Jassy
Hp406J97uA8,False,about_the_ceo_not_by,False,False,0.95,Commentary show
qutAs9QpzrA,False,about_the_ceo_not_by,False,False,0.95,Investor commentary
iVMoHYDu5L4,False,keynote_or_presentation,False,True,0.95,"2017 keynote segment, AWS era"
G2o1GfYoGy4,False,podcast_interview,False,False,0.85,"Audio only, no face"
SapKMfMBDsY,False,tv_interview,False,True,0.95,re:Invent 2015 AWS era
cxF0RZsh9iE,False,compilation_or_reupload,True,False,0.9,Fan channel reupload of CNBC
4sGdfdH7Kz0,False,fireside_or_conference_qa,False,True,0.95,2017 AWS Summit
-Ag4gef-aZY,False,tv_interview,False,True,0.65,theCUBE exclusive likely AWS era
NQu5gjf4ip0,False,fireside_or_conference_qa,False,True,0.9,Titled AWS CEO
NFQl_w9Nxgo,False,keynote_or_presentation,False,True,0.9,AWS keynote
acJdD2wIGCA,False,compilation_or_reupload,True,True,0.9,Keynote recap by third party
EmEFM07tBpI,False,about_the_ceo_not_by,False,False,0.95,Analysis of CEO appointment
EaWAUFrlbRQ,True,tv_interview,False,False,0.75,CNBC-TV18 exclusive interview as CEO
b7PaYsqBcfU,False,tv_interview,False,True,0.9,AWS CEO era
XBO1v9tUnE4,False,keynote_or_presentation,False,True,0.95,2017 keynote recap
iDu68PXNYGg,False,about_the_ceo_not_by,False,False,0.95,News commentary
sfNdigibjlg,False,fireside_or_conference_qa,False,True,0.95,2015 AWS era
uh6zs2uo67w,False,keynote_or_presentation,False,True,0.95,2020 AWS keynote
aw93l7KMIvc,False,about_the_ceo_not_by,False,False,0.95,Commentary on letter
7e2XEAZH8EY,False,about_the_ceo_not_by,False,False,0.95,Fund manager analysis
6DbtnH71WT8,False,about_the_ceo_not_by,False,False,0.95,News show about takeover
Q0gbM7FAO6s,False,about_the_ceo_not_by,False,False,0.95,"About Selipsky, not Jassy"
Qcmgstjy174,False,about_the_ceo_not_by,False,True,0.95,Third-party keynote insights
8w6mM3SOfco,False,about_the_ceo_not_by,False,False,0.95,Podcast discussing memo
K5haao_YNK0,False,compilation_or_reupload,True,False,0.9,Gaming channel clip
1qawdtvv-4U,False,about_the_ceo_not_by,False,False,0.95,Reddit podcast commentary
PUb6K1S0TZg,False,about_the_ceo_not_by,False,False,0.95,Commentary on capex
7C0BgUZECCY,False,about_the_ceo_not_by,False,False,0.95,Commentator channel
CrCp9hSlaqU,False,fireside_or_conference_qa,False,True,0.9,"2018 summit, AWS era"
K63Ju8aK9Qk,False,compilation_or_reupload,False,True,0.95,2019 keynote recap
KRR8m4Gga0w,False,about_the_ceo_not_by,False,False,0.95,Letter reading by third party
2gV8w4t_bmE,False,about_the_ceo_not_by,False,False,0.95,Podcast discussing memo
pSoIFUQtxFc,False,about_the_ceo_not_by,False,False,0.95,News about background
frNqoXWpQBM,False,about_the_ceo_not_by,False,False,0.95,Reaction video
616ZY6V7Yxo,False,about_the_ceo_not_by,False,False,0.95,Commentary newsletter video
KbQswC_odbo,False,about_the_ceo_not_by,False,False,0.95,Retail commentary on letter
GhmSntlma9U,False,compilation_or_reupload,True,True,0.95,Reupload of 2016 theCUBE
NARjfuGw9XE,False,about_the_ceo_not_by,False,False,0.9,FBA channel commentary
um3uLKsfupU,False,about_the_ceo_not_by,False,False,0.95,Clickbait earnings commentary
gXspd27bHOY,False,about_the_ceo_not_by,False,False,0.95,Preview show commentary
7lkmRz_jie4,False,about_the_ceo_not_by,False,False,0.95,Explainer about Jassy
sm_3mMCRjv0,False,about_the_ceo_not_by,False,False,0.9,Commentary about Jassy's AWS legacy
kcPUq0JBun0,False,about_the_ceo_not_by,False,False,0.95,"Biography story by Wowflow, not interview"
0NmU0i8LFJ0,False,compilation_or_reupload,True,False,0.8,"Short clip by SpokenLayer aggregator, not original outlet"
7p2yd2E2L6g,False,about_the_ceo_not_by,False,True,0.9,"News about succession announcement, pre-CEO tenure"
4dKTwp2ffBw,False,other,False,False,0.9,Last Week in AWS humorous commentary
l-NVtsOF6qU,True,tv_interview,False,False,0.95,"CNBC interview, original outlet"
Y-IH7EVrBbQ,True,podcast_interview,False,False,0.95,All-In podcast long-form interview
njFC9T-0nTc,False,about_the_ceo_not_by,False,False,0.9,Commentator reaction show
QZrlfBE6UI4,False,about_the_ceo_not_by,False,False,0.9,Profile documentary about Karp
8i-ys9faa74,True,fireside_or_conference_qa,False,False,0.95,NYT Events onstage interview
mqa1yEd891o,True,tv_interview,False,False,0.95,CNBC interview
kBlGMHiPf1U,True,tv_interview,False,False,0.9,CNBC conversation on official channel
RG9fdLzxTaw,True,podcast_interview,False,False,0.9,Long-form exclusive interview
j0Oz4P-NX84,True,tv_interview,False,False,0.9,CNBC interview on company channel
0sddHG0D0Y4,True,fireside_or_conference_qa,False,False,0.9,Conversation with Druckenmiller
BqW5fk6x858,True,podcast_interview,False,False,0.9,American Optimist podcast
rJqx6GzyCHU,True,tv_interview,False,False,0.9,CNBC interview on company channel
Mn5oG83D1vs,False,compilation_or_reupload,True,False,0.9,Commentary channel re-post of CNBC
wWxWTfjTR5A,True,podcast_interview,False,False,0.95,WIRED Big Interview
QwoCgLvoUvs,True,tv_interview,False,False,0.95,CNBC interview
PzM0LzybwG4,True,tv_interview,False,False,0.7,Company channel interview segment
MeL4BWVk5-k,True,tv_interview,False,False,0.95,CNBC Davos interview
adobyve9ros,True,fireside_or_conference_qa,False,False,0.9,Stanford discussion with Warsh
mnyz9goTJ2I,True,tv_interview,False,False,0.95,CNBC interview
SUViVjibLjc,False,compilation_or_reupload,True,False,0.9,Clickbait commentary channel clip
cq2SCJU7kE4,False,earnings_call,True,False,0.9,Fan channel earnings clip
08wadxp9FnQ,True,fireside_or_conference_qa,False,False,0.9,Book conversation with Druckenmiller
hjjHdys2Ph4,True,podcast_interview,False,False,0.85,Official interview series
wdyKBzBxM6w,True,fireside_or_conference_qa,False,False,0.9,CNBC fireside chat
9ldE_5F13eg,True,tv_interview,False,False,0.9,Fox Business interview
jlIYbP5XJ-g,True,tv_interview,False,False,0.95,CNBC interview
VJFk8oGTEs4,True,tv_interview,False,False,0.9,TechCrunch interview
lvLxM6kQK7Y,True,fireside_or_conference_qa,False,False,0.95,Economic Club fireside
_fqxZKdb3J0,True,fireside_or_conference_qa,False,False,0.95,WEF conversation
V7mYWOzdhpc,True,tv_interview,False,False,0.9,CNBC interview on company channel
QdqHf71Tep0,True,podcast_interview,False,False,0.95,Free Press long-form interview
jUK-VYCh5go,True,fireside_or_conference_qa,False,False,0.95,92Y onstage with Sorkin
phmJhHhNOUs,True,podcast_interview,False,False,0.8,Official interview series clip
eb2mIrDgR7A,True,tv_interview,False,False,0.9,CNBC Sorkin interview
OjnEASpI2S8,False,about_the_ceo_not_by,False,False,0.95,Analyst commentary about Karp
1zHUXGd4gJU,True,tv_interview,False,False,0.95,Bloomberg TV interview
sgl6YSpfwRw,True,tv_interview,False,False,0.95,CNBC Davos interview
ynw602SQ1zc,False,compilation_or_reupload,True,False,0.9,Commentary channel on CNBC interview
L1PnaB15XBI,False,keynote_or_presentation,False,False,0.55,"Summit talk, likely prepared remarks"
MxraZmkCWfg,True,tv_interview,False,False,0.9,CNBC interview on company channel
6loNXj3LSaw,True,tv_interview,False,False,0.95,CNBC interview
W5_rSPG3A84,True,tv_interview,False,False,0.9,CNBC interview on company channel
wG_l0zGnDko,False,compilation_or_reupload,True,False,0.85,Investor commentary channel clip
OZUzqQrfs5k,True,tv_interview,False,False,0.7,Company channel interview clip
FoFCewgD2zs,True,tv_interview,False,False,0.9,CNBC interview on company channel
0P-g5ITqgb8,False,compilation_or_reupload,True,False,0.9,Clickbait aggregator channel
RkBHJZAying,False,about_the_ceo_not_by,False,False,0.95,Commentary about Karp and Jensen
VAMjedayX00,False,about_the_ceo_not_by,True,False,0.9,Fan hype channel clip
jUnV3LiN0_k,True,earnings_call,False,False,0.65,"Palantir official webcast, CEO on camera"
hLg45qG1Lr0,False,earnings_call,True,False,0.9,Fan channel earnings clip
TOKxGT2womY,True,tv_interview,False,False,0.95,CNBC interview
qQYAHS0oaiY,True,earnings_call,False,False,0.65,"Palantir official webcast, CEO on camera"
JdHAQ0EtXVc,False,about_the_ceo_not_by,True,False,0.9,Fan hype channel
GBr1GDHu6j4,False,compilation_or_reupload,True,False,0.9,Fan channel summary of interview
FNrOWWSbz3A,True,podcast_interview,False,False,0.85,Official interview series
d1XiIBiRSQ8,True,fireside_or_conference_qa,False,False,0.95,Munich Security Conference conversation
qt26zeTPTPY,False,other,False,False,0.8,Karp is the interviewer
KZWB5XGZy-Q,True,fireside_or_conference_qa,False,False,0.9,92Y onstage Q&A clip
tObtHlDXYvc,True,fireside_or_conference_qa,False,False,0.7,Tallinn Summit onstage conversation
wtv337l4HfU,False,compilation_or_reupload,True,False,0.9,Fan channel earnings clip
dRgPbNJ5RJc,True,fireside_or_conference_qa,False,False,0.95,WEF 2026 conversation
pSNHdjRbfPk,False,compilation_or_reupload,True,False,0.85,Third-party channel re-post of AIPCon
-1BYgqw6hYk,False,compilation_or_reupload,True,False,0.95,Re-upload of CNBC interview
yTHNjVWnoWo,True,earnings_call,False,False,0.65,"Palantir official webcast, CEO on camera"
49f4xBh0hzg,False,about_the_ceo_not_by,False,False,0.95,Commentary about Karp
8NNugkyEYfQ,False,compilation_or_reupload,True,False,0.9,Fan channel interview summary
HabEH_Yu4wI,True,tv_interview,False,False,0.95,CNBC interview
AsTpgn1Bd2o,False,keynote_or_presentation,False,False,0.95,Scripted opening remarks
ewufTV3Vfjs,False,compilation_or_reupload,True,False,0.9,Commentary channel mixing Musk and Karp
IJcrrxI_vhk,False,about_the_ceo_not_by,True,False,0.9,Clickbait commentary channel
pHu-FarYZlU,False,compilation_or_reupload,True,False,0.95,Aggregator re-upload of CNBC
sDtltYnbJT8,False,keynote_or_presentation,False,False,0.95,Scripted opening remarks
uHjbeFWyGs4,False,compilation_or_reupload,True,False,0.85,Third-party channel re-post
-xtuKaM3fEo,False,about_the_ceo_not_by,False,False,0.95,Biography deep dive by fan channel
2DWlp6FZmqQ,True,tv_interview,False,False,0.9,Washington Post Live interview
qFYz2Yl-8tQ,False,keynote_or_presentation,False,False,0.95,Scripted opening remarks
oHGRDWgLYs8,True,fireside_or_conference_qa,False,False,0.85,Sedona Forum conversation
OUqSuWEfw8s,False,earnings_call,True,False,0.9,Fan channel earnings clip
ov3iILzXFt8,True,fireside_or_conference_qa,False,False,0.9,Fireside Q&A at AIPCon
goGv04N0ORA,False,about_the_ceo_not_by,True,False,0.9,Fan hype channel
LOt5oUXb2R4,False,keynote_or_presentation,False,False,0.95,Scripted opening remarks
S9V-5VQ_Epg,True,podcast_interview,False,False,0.95,TBPN interview
SwSz-Na_fGU,True,fireside_or_conference_qa,False,False,0.5,"Short conversation, Karp likely answering"
qgTkOKEUyKU,True,podcast_interview,False,False,0.85,Official interview series
LYkm6pPWxYk,False,about_the_ceo_not_by,False,False,0.95,Price prediction commentary
-U54Y6r4I1U,False,compilation_or_reupload,True,False,0.9,Fan channel re-post of Bloomberg
KngJ_6X2zWY,True,fireside_or_conference_qa,False,False,0.85,Conversation with Eran Witkon
tfssGxVMqHE,True,fireside_or_conference_qa,False,False,0.85,Copenhagen Democracy Summit conversation
j4KOklfrxFc,False,compilation_or_reupload,True,False,0.9,Clickbait re-post of CNBC
YXzOj_RWkWs,True,fireside_or_conference_qa,False,False,0.85,Speaker series with Q&A
a3tp57M1lGI,False,compilation_or_reupload,True,False,0.9,Fan hype channel
peBEUqXi_bs,False,compilation_or_reupload,True,False,0.9,Clickbait re-post of Druckenmiller talk
hkeohWt6rGA,True,fireside_or_conference_qa,False,False,0.9,CERAWeek onstage conversation
T22yeW9Wb8c,False,compilation_or_reupload,True,False,0.9,Clickbait aggregator channel
75lboM5zqos,False,earnings_call,True,False,0.9,Fan channel earnings clip
kywJGzhjeHA,False,compilation_or_reupload,True,False,0.9,Clickbait aggregator channel
C3ILf0gU_BM,False,compilation_or_reupload,True,False,0.9,Clickbait aggregator channel
cirbUPf1UP0,False,keynote_or_presentation,False,False,0.95,Scripted opening remarks
_rO3h43KmXg,False,compilation_or_reupload,True,False,0.95,Compilation of investor call clips
pYDMU4E08mI,False,about_the_ceo_not_by,False,False,0.95,"Journalist discussing Karp, not Karp"
WDxusYSQ8-o,False,compilation_or_reupload,True,False,0.9,Clickbait re-post of Fox interview
5EK9163Ok84,False,compilation_or_reupload,True,False,0.98,Funniest moments compilation
gTnbzjSZj5c,True,fireside_or_conference_qa,False,False,0.85,FII onstage conversation
yKNxf00Ci5w,False,about_the_ceo_not_by,False,False,0.95,Commentary channel
dIY9rBWkHHc,False,keynote_or_presentation,False,False,0.95,Scripted opening remarks
7pr2tY__7pQ,False,compilation_or_reupload,True,False,0.85,Commentary channel clip
8JbKTwDqkKI,False,speech_or_lecture,False,False,0.85,Award acceptance speech
aUzeGqEHjMc,False,about_the_ceo_not_by,True,False,0.9,Clickbait commentary channel
RMyIcEwbZAw,False,compilation_or_reupload,True,False,0.9,Fan hype channel
I_SeV3KpbB4,False,keynote_or_presentation,False,False,0.95,Scripted opening remarks
-w42050hro0,False,about_the_ceo_not_by,False,False,0.98,"Podcast about Karp, not by him"
do6XNLUl1Q4,False,about_the_ceo_not_by,True,False,0.9,Commentary channel
iWLLzdspS0M,False,about_the_ceo_not_by,False,False,0.95,Documentary about Karp
SY4Ruj4gcQA,False,compilation_or_reupload,True,False,0.9,Fan channel re-post of CNBC
6L7YV2kjNDU,False,earnings_call,True,False,0.9,Fan channel earnings clip
PRi22OS98NY,True,podcast_interview,False,False,0.95,TBPN interview
DXAnoIIhAog,True,tv_interview,False,False,0.85,CNBC Sorkin at WEF
c__66EyT9xc,False,compilation_or_reupload,True,False,0.95,Supercut by fan channel
hdrUr4VfmBU,False,about_the_ceo_not_by,True,False,0.9,Clickbait commentary channel
WOw2xEPaHZM,False,about_the_ceo_not_by,True,False,0.9,Fan hype channel
47PCH8Xec-I,True,fireside_or_conference_qa,False,False,0.7,"Official channel, health council conversation"
4abWLKQl6Cc,False,compilation_or_reupload,True,False,0.85,"Fan clips channel, commentary"
Lyu9OHQsvd4,False,about_the_ceo_not_by,False,False,0.95,Critical commentary about Karp
yDmKPHfpcms,False,compilation_or_reupload,True,False,0.85,Fan channel commentary/clips
1W5DxYNbHR8,False,keynote_or_presentation,False,False,0.95,"Opening remarks, scripted"
A1RWYAnKuy0,False,speech_or_lecture,False,False,0.6,"Summit speech, likely no Q&A"
AfALPEulkEc,False,fireside_or_conference_qa,False,False,0.6,Short 6 min clip
SHV6E9XwYew,False,compilation_or_reupload,True,False,0.85,Fan channel re-post
2Krmgiv-Xmg,False,compilation_or_reupload,True,False,0.9,Fan clips channel
B-xBFPFS9qs,False,compilation_or_reupload,True,False,0.9,Commentator channel
cxWGNq70V2Q,False,keynote_or_presentation,False,False,0.95,"Opening remarks, scripted"
1Aghjshi3U8,True,earnings_call,False,False,0.6,Official Palantir video webcast with analyst Q&A
qWtu6_YYzIk,False,compilation_or_reupload,True,False,0.9,Commentator channel re-post
3vQlPMznGdc,False,compilation_or_reupload,True,False,0.9,Fan channel replay of Bloomberg
4dvrfEygcec,False,compilation_or_reupload,True,False,0.9,Commentator channel
gRSIVjYBHOA,False,podcast_interview,False,False,0.9,"Audio-only, multi-guest wrap"
5e6K2ea_e7k,False,compilation_or_reupload,True,False,0.9,Reaction video
27Ws3UI-KKg,False,compilation_or_reupload,True,False,0.85,Fan channel re-post
E1g1qALKNpM,False,keynote_or_presentation,False,False,0.95,"Opening remarks, scripted"
9BpKijrg9iw,True,fireside_or_conference_qa,False,False,0.9,"Official Q&A discussion, 30 min"
YtcTtu4pm9I,False,compilation_or_reupload,True,False,0.9,Fan channel clip
HwCURV3c-U4,False,speech_or_lecture,False,False,0.7,Short forum speech
RPFOJhep3eI,False,compilation_or_reupload,True,False,0.95,Supercut
hzxzcgVSn-U,True,tv_interview,False,False,0.9,"CNBC full interview, original outlet"
ZUZR7NtpRO4,True,fireside_or_conference_qa,False,False,0.9,Official Q&A with Axios
o0wfmPRjOeQ,False,compilation_or_reupload,True,False,0.9,Fan channel part clip
P2A1iNPzS6c,False,compilation_or_reupload,True,False,0.85,Fan channel re-post
fVC-z4ptOlk,False,compilation_or_reupload,True,False,0.9,Aggregator short clip
b-JCYM5jW0Y,True,panel,False,False,0.8,"Original publisher, long conversation"
3UjvRi6k5Gk,True,fireside_or_conference_qa,False,False,0.9,Official Q&A at AIPCon
_KuQY1WDs4s,False,keynote_or_presentation,False,False,0.6,Short company clip
rzAFOoBT_ig,False,podcast_interview,False,False,0.9,Audio only
3UH7xXrk7Wo,False,compilation_or_reupload,True,False,0.9,Fan compilation
BdLAjJWm9RY,False,compilation_or_reupload,True,False,0.9,Commentator clip
XJaN3luxhtA,False,compilation_or_reupload,True,False,0.85,Fan channel re-post
1xxpT79rcgs,False,other,False,False,0.6,"Full news show, multiple topics"
S681YyZJFeo,False,compilation_or_reupload,True,False,0.9,Commentator channel
7_wwnJ1eRJ4,True,tv_interview,False,False,0.75,CNBC interview on official channel
cHzrvtalM6Q,False,about_the_ceo_not_by,False,False,0.9,Analyst commentary
oV3Ww-shOIE,False,compilation_or_reupload,True,False,0.9,Fan clip
tBNIfQGLv00,False,compilation_or_reupload,True,False,0.9,Commentator channel
cmz3KUOQwgY,False,compilation_or_reupload,True,False,0.9,Fan re-post of CNN
8UmQuLn_-gY,False,compilation_or_reupload,True,False,0.9,Fan clip
GSSA1hAC2N4,False,compilation_or_reupload,True,False,0.85,Fan channel re-post
7HXPhzp2fZc,False,compilation_or_reupload,True,False,0.9,Commentator re-post of CNBC
EkiL9fAKhtE,False,compilation_or_reupload,True,False,0.9,Fan clips channel
Et-PAkyZurQ,False,compilation_or_reupload,True,False,0.9,Opinion channel clip
jx5lwRtavOY,False,compilation_or_reupload,True,False,0.85,Fan channel
fcyBafUMpx0,False,about_the_ceo_not_by,True,False,0.85,Investor channel commentary
KfmgWSegsfU,True,fireside_or_conference_qa,False,False,0.7,Official CEO conversation with Merck
Kz52OYklzvw,True,podcast_interview,False,False,0.85,"TBPN live interview, original"
ot5lUahc4Hs,False,compilation_or_reupload,True,False,0.95,Supercut
NgAGvX_siGU,True,tv_interview,False,False,0.85,WELT interview with Dopfner
WqNZJLHpezw,False,compilation_or_reupload,True,False,0.9,Fan commentary
cHyf9XpYKxA,False,keynote_or_presentation,False,False,0.95,"Opening remarks, scripted"
zcqmtR2OfDw,False,ai_or_fake_suspected,True,False,0.8,Sensational suspect channel
ls9FEFupglI,False,compilation_or_reupload,True,False,0.9,Fan clip
4TR_W5bFySU,False,compilation_or_reupload,True,False,0.95,Supercut
RC8wewkROrE,True,fireside_or_conference_qa,False,False,0.7,Moderated conversation with Kern
l7Us8LCQFqk,False,about_the_ceo_not_by,False,False,0.95,Stock update commentary
thzCMAGYMOY,False,about_the_ceo_not_by,False,False,0.9,Reaction/thoughts video
zv_HnVsb4qk,True,fireside_or_conference_qa,False,False,0.75,Hill and Valley Forum conversation
LUlnrN54k2Y,False,other,False,False,0.6,"Full show podcast, multiple topics"
SXB9bVd8_Gg,False,compilation_or_reupload,True,False,0.9,Commentator clip
Tuc6LD4355k,False,compilation_or_reupload,True,False,0.85,Fan channel re-post of WEF
4i0TfbUAEv8,False,compilation_or_reupload,True,False,0.95,Best clips
YAhgsZ_kX48,False,compilation_or_reupload,True,False,0.9,Fan clip
hX883fsGuNY,False,about_the_ceo_not_by,False,False,0.95,Weekly stock show
d9ct7AuLu6A,False,about_the_ceo_not_by,True,False,0.9,Stock promo commentary
pkqNgrecr8k,False,compilation_or_reupload,True,False,0.9,Fan re-post of CNBC
bGkkk3NXmK0,False,compilation_or_reupload,True,False,0.95,Best moments
KddW3k6pVP8,False,compilation_or_reupload,True,False,0.9,Clips channel
72kQ7PYBaGk,False,other,False,False,0.6,"Live event stream, Karp speaking brief"
XoOr3Th9238,False,compilation_or_reupload,True,False,0.95,Supercut
sreqYOywJKg,False,keynote_or_presentation,True,False,0.8,"Investor day presentation, fan channel"
R8a80o77hnE,False,compilation_or_reupload,False,False,0.8,Highlights clip
QYcARZ3CIYc,False,compilation_or_reupload,True,False,0.9,Fan clip
VmwOhQYcCug,False,compilation_or_reupload,True,False,0.85,Short clip
iJCpYYFdwvY,False,about_the_ceo_not_by,True,False,0.9,Commentary channel
vcYWtkb4lG4,False,about_the_ceo_not_by,True,False,0.9,Commentary summary
qEsd66W-zxk,False,about_the_ceo_not_by,True,False,0.9,Earnings recap commentary
UQ6BkDG6r90,False,compilation_or_reupload,True,False,0.95,Compilation
N2PCdSwV2A8,False,about_the_ceo_not_by,False,False,0.95,Fan commentary
HXKHgtmcDxk,False,about_the_ceo_not_by,True,False,0.9,Analysis video
Jr7cKNGqXUM,False,compilation_or_reupload,True,False,0.9,Commentator channel
EYnxrQRx9Cc,False,compilation_or_reupload,True,False,0.9,Commentator clip
rsgXhptwalk,False,compilation_or_reupload,True,False,0.9,Commentator channel
WnCZi0w7LtE,False,about_the_ceo_not_by,True,False,0.9,Stock commentary
Httm9Zs-WWA,False,about_the_ceo_not_by,False,False,0.95,Analysis of his life
DEZCBkn20Og,False,fireside_or_conference_qa,True,False,0.6,Re-post of Hill Valley session
Y2W0q_enWKE,False,compilation_or_reupload,True,False,0.9,Commentator clip
YOfPVA8zSfc,False,compilation_or_reupload,True,False,0.9,Clips channel
KWIiJ0gyIU8,False,about_the_ceo_not_by,True,False,0.9,Earnings recap commentary
cuAeaBWgEdw,False,about_the_ceo_not_by,False,False,0.95,Commentary video
xtgm-3Cl5TU,False,compilation_or_reupload,True,False,0.85,Re-upload of CNBC interview
pVtjEQMkm80,False,about_the_ceo_not_by,False,False,0.95,Commentary on rant
TKyh8ia_p04,False,about_the_ceo_not_by,False,False,0.95,Meeting preview commentary
sMf6zfgcYhI,False,about_the_ceo_not_by,False,False,0.95,Reaction video
8IiWbVYYPM8,False,compilation_or_reupload,True,False,0.85,Fan re-post of WaPo interview
rQDPblBDblM,False,about_the_ceo_not_by,False,False,0.95,Commentary
9cuPx2Akbug,False,compilation_or_reupload,True,False,0.9,Commentator clip
G4q1wnfnn1c,False,about_the_ceo_not_by,True,False,0.9,Clickbait commentary
HeEyYHUUXF4,False,about_the_ceo_not_by,True,False,0.9,Earnings recap commentary
erC3KLheCWg,False,compilation_or_reupload,True,False,0.85,Fan channel re-post
s-8t5I1e5Ac,True,podcast_interview,False,False,0.8,TBPN host channel live interview
cDmZBXzCU_s,False,about_the_ceo_not_by,True,False,0.9,Earnings recap commentary
uDh17O-B31Q,False,about_the_ceo_not_by,False,False,0.95,Podcast discussing Palantir
QTdIt4GpSm0,False,other,False,True,0.95,"Brad Karp, different person"
qOCIOTUAwHc,False,about_the_ceo_not_by,False,False,0.95,Stock commentary
70-T6iLLfD4,False,compilation_or_reupload,True,False,0.85,Fan channel clickbait
gecLOnwYcuA,False,about_the_ceo_not_by,True,False,0.9,Stock promo
j7l0YzTl9ow,False,about_the_ceo_not_by,True,False,0.9,Commentary
9awXIDDwC48,False,about_the_ceo_not_by,False,False,0.95,Stock commentary
7zhHkabWX2c,True,fireside_or_conference_qa,False,False,0.8,"Summit exclusive interview, original"
0qZwy3vj-X8,False,fireside_or_conference_qa,False,False,0.6,Short 4 min excerpt
i8lF0ByM7-w,False,about_the_ceo_not_by,False,False,0.9,Recap commentary
CffDIv8Rn20,False,compilation_or_reupload,True,False,0.85,Fan channel archive upload
hlmOVHTMRbw,False,compilation_or_reupload,True,False,0.85,Fan channel re-post
dY8YAwd3vhA,False,about_the_ceo_not_by,False,False,0.95,Stock sale news
MqXQFfCIOiA,True,fireside_or_conference_qa,False,False,0.8,Official forum conversation with Helberg
8UJChPfRdRk,False,compilation_or_reupload,False,False,0.95,"Montage/promo style video, not a Q&A"
U6LvhPlb3y0,False,about_the_ceo_not_by,False,False,0.95,Reaction video by commentator channel
2zQwontey6Q,True,fireside_or_conference_qa,True,False,0.6,"RNDF interview part 2, channel is reposter but genuine Q&A"
IyZr5ODfJRY,False,keynote_or_presentation,True,False,0.85,"AIPCon speech, scripted, fan reupload"
KohFI5Rd8qM,False,about_the_ceo_not_by,False,False,0.95,Investor commentary review
WBu9Ai6OX3I,False,tv_interview,True,False,0.8,CNBC interview reuploaded by non-CNBC channel
jPuH_oHwPrs,False,tv_interview,True,False,0.8,Fan channel reupload of interview
BgQ3S-DAtMA,False,about_the_ceo_not_by,False,False,0.95,Commentator analysis of interview
qOpuu_u5x6M,False,tv_interview,True,False,0.7,"Short fan channel interview upload, likely reupload"
mk25WRY0WKk,False,about_the_ceo_not_by,False,False,0.95,Commentator video about Karp
joBjFu4-1eQ,False,about_the_ceo_not_by,False,False,0.98,Podcast commentary about Palantir
t0yqEml2vVs,False,other,True,False,0.8,"Odd title, unclear aggregator upload"
B_WCMUdDALE,True,tv_interview,False,False,0.8,"Bloomberg Technology interview, Bloomberg channel"
iJlarlWz6kM,False,about_the_ceo_not_by,False,False,0.9,Investor analysis channel
JBwj7Pft8PM,False,tv_interview,True,False,0.85,Fan channel CNBC reupload
Fr6gop3aFmQ,False,other,True,False,0.7,"Unclear aggregator, ambiguous content"
H3w4CS8tNYk,False,fireside_or_conference_qa,True,False,0.7,"Davos stream by Money.it, not original publisher"
634fbaoDAQk,False,tv_interview,True,False,0.8,CNBC Closing Bell reupload by individual
MvMAiP_38GE,False,about_the_ceo_not_by,False,False,0.85,Commentary on earnings
NqCCugQkpzw,False,about_the_ceo_not_by,False,False,0.85,Explainer by investor channel
5M_K9T9v-Vo,False,compilation_or_reupload,True,False,0.8,Short clip by individual channel
849eNOIKjC8,False,about_the_ceo_not_by,False,False,0.98,Analysis of shareholder letters
VmO2VLmCqy8,False,compilation_or_reupload,True,False,0.85,Short clip reupload
KfhO0Z6Reos,False,compilation_or_reupload,True,False,0.85,Short fan clip
x0zCOheQVX4,False,about_the_ceo_not_by,False,False,0.95,Recap by commentator
oMITIYPB-rU,False,fireside_or_conference_qa,True,False,0.7,WEF conversation reuploaded by fan channel
_RD37mHmZ7s,False,earnings_call,True,False,0.85,"Earnings webcast, likely audio/slides, unofficial channel"
Nfc4Jt7uF7I,False,fireside_or_conference_qa,True,False,0.6,"Full RNDF session, multi-speaker, aggregator channel"
UWyOHNHt9HM,False,compilation_or_reupload,False,False,0.9,Highlights compilation
rvocS0g7Jws,False,about_the_ceo_not_by,False,False,0.98,Lessons promo video
sTbIzVOjnOA,False,compilation_or_reupload,True,False,0.85,Short clip with commentary framing
aZYTwVgeBc8,False,tv_interview,True,False,0.7,"Davos interview reupload, short"
g0J_2hRQr1g,False,speech_or_lecture,False,False,0.85,"Likely different Alexander Karp, math lecture"
hMxjX_2xjOo,False,compilation_or_reupload,True,False,0.85,Short clickbait clip
DuAappSS0cE,False,tv_interview,True,False,0.8,Fox Business reupload by individual
Kh-1YYsd-NY,False,tv_interview,True,False,0.8,CNBC reupload by individual
AHLMmftCCUo,False,about_the_ceo_not_by,False,False,0.95,Commentary video
zT3dJrlnbqo,False,compilation_or_reupload,True,False,0.85,Short highlight clip
PtcJyuuYXj8,False,about_the_ceo_not_by,False,False,0.95,News commentary show
eed5i5HmNnU,False,compilation_or_reupload,False,False,0.95,Wildest lines compilation
dT2qkGvAG5M,False,tv_interview,True,False,0.85,Clips channel CNBC reupload
zHUN-DieZF0,False,about_the_ceo_not_by,False,False,0.95,Commentary on outlook
ElUmp0ysrD0,False,ai_or_fake_suspected,False,False,0.7,"Clickbait low-view channel, likely AI/promo"
H0SuflSo2Xk,False,compilation_or_reupload,True,False,0.85,Short clickbait clip
prP9c4FaYN4,True,fireside_or_conference_qa,False,False,0.9,"Goldman Sachs talk, official host, Q&A"
2B8gABDfh7I,True,podcast_interview,False,False,0.9,Long-form podcast with host
M8aCKi3dsVg,True,fireside_or_conference_qa,False,False,0.9,Stanford GSB conversation
AK4hrrlCNUA,True,podcast_interview,False,False,0.85,Interview by Sourcery host
rSiNJCwbcEk,True,podcast_interview,False,False,0.9,Original interview by Rideshare Guy
YRQ-OG05flI,True,podcast_interview,False,False,0.95,All-In original podcast interview
Mo2-4sXYZxU,True,fireside_or_conference_qa,False,False,0.95,"DealBook onstage interview, NYT"
Lq8UvZa3SFg,True,fireside_or_conference_qa,False,False,0.95,Code 2018 full interview
mLGmcXDVQck,False,other,False,False,0.6,"Short elevator chat, brief"
fzKVYNBg50E,True,podcast_interview,False,False,0.9,Diamandis podcast interview
-hrTNF5dVLs,True,fireside_or_conference_qa,False,False,0.95,DealBook onstage interview
3goGs3n1Qfs,True,panel,False,False,0.8,TWiST discussion with CEO substantially speaking
GLe-sQOS_fc,False,other,False,False,0.7,Produced news feature package
Mh9yC4j0_rI,True,podcast_interview,False,False,0.9,Diamandis podcast interview
fSnkHXdPkNs,False,tv_interview,True,False,0.8,Rubenstein channel repost of Bloomberg show; duplicate
bfVgXkQbAgY,True,tv_interview,False,False,0.95,CNBC full interview
z-sRk54jXP0,True,fireside_or_conference_qa,False,False,0.9,Semafor conversation
ufwYag7NcqY,True,tv_interview,False,False,0.95,CNBC interview
HIzlvDHem0A,True,podcast_interview,False,False,0.9,Acquired long-form interview
6CLXH6CrU_w,True,tv_interview,False,False,0.9,Bloomberg Rubenstein Show interview
glnEHOaahhw,False,speech_or_lecture,False,False,0.6,"Event unveiling, not clear Q&A"
X1JlPPhaw60,True,tv_interview,False,False,0.95,CNBC earnings interview
qSc6Zp3gavA,True,tv_interview,False,False,0.95,CNBC earnings interview
Qq5L5s_FTBQ,True,tv_interview,False,False,0.95,CNBC earnings interview
xMRY3dC6Cyk,True,tv_interview,False,False,0.95,CNBC full interview
gI54n3yBVs4,True,tv_interview,False,False,0.95,CNBC interview
9BAsgJVbvCE,True,podcast_interview,False,False,0.85,TWiST interview with CEO
hCWsl9BmnRI,True,fireside_or_conference_qa,False,False,0.9,WSJ interview
Rw9WFQ2LJS8,True,fireside_or_conference_qa,False,False,0.9,Economic Club fireside
ssXWAZi3N9o,True,tv_interview,False,False,0.95,NDTV interview
ZKy7l05plZc,True,tv_interview,False,False,0.9,Bloomberg Studio 1.0 interview
ZUWk-hOmZxI,True,podcast_interview,False,False,0.9,Long-form podcast
SHYjz5T5uCc,True,tv_interview,False,False,0.95,CNBC interview
rGtcLhXNrFk,True,tv_interview,False,False,0.95,CNBC earnings interview
p1qXJy96LKw,True,tv_interview,False,False,0.95,CNBC interview
S55XyRznWJ4,True,tv_interview,False,False,0.95,CNBC interview
xTSIQbephAo,True,tv_interview,False,False,0.95,CNBC earnings interview
F78r4B8GWHw,True,tv_interview,False,False,0.95,CNBC earnings interview
B1XuUjSOdMc,False,product_launch_or_promo,False,False,0.9,Scripted company announcement
jfi4tN8QAQs,True,fireside_or_conference_qa,False,False,0.85,Summit conference conversation
FwxToI-tL7M,True,podcast_interview,False,False,0.9,Rideshare Guy interview
AewYGSeHI-w,True,tv_interview,False,False,0.95,CNBC full interview
nCVwsWGldeU,True,tv_interview,False,False,0.95,Bloomberg interview
HMF7-VoUrnE,False,other,False,False,0.6,Short clip with commentary
UP160u5BKmU,True,tv_interview,False,False,0.95,CNBC interview
Dn46NeZrRt0,True,fireside_or_conference_qa,False,False,0.9,Greylock fireside
ggRqDDGtp6s,False,fireside_or_conference_qa,False,True,0.95,"Expedia CEO era, not Uber"
GdIlKLX5Pn8,False,about_the_ceo_not_by,False,False,0.95,Pishevar speaking about Dara
q1o3QZ5RVMI,False,compilation_or_reupload,True,False,0.9,Rideshare Professor commentary reupload
QK1c-fD37-8,True,tv_interview,False,False,0.95,CNBC full interview
nnk8GQC7yf4,True,tv_interview,False,False,0.9,TODAY show interview
gxmbLDxNms0,True,tv_interview,False,False,0.95,Bloomberg TV interview
aswCFIXwpAo,False,fireside_or_conference_qa,False,True,0.95,"Expedia CEO era, not Uber"
KD2fWrkbUqI,True,fireside_or_conference_qa,False,False,0.9,Goldman Sachs talk Q&A
538rXsLnsYc,True,tv_interview,False,False,0.95,Bloomberg interview
Lu4K0OYqr1g,True,fireside_or_conference_qa,False,False,0.95,TechCrunch Disrupt onstage interview
-d1RhwKwpV4,False,compilation_or_reupload,True,False,0.9,Commentary channel short clip
8foj5nSeZyc,True,tv_interview,False,False,0.95,CNBC interview
DBM4VHlryPc,True,tv_interview,False,False,0.95,Bloomberg interview
hiBPt-qkjd8,True,tv_interview,False,False,0.95,Bloomberg interview
rPCPn1efhYo,True,tv_interview,False,False,0.95,Bloomberg interview
cSKv91p2txQ,True,tv_interview,False,False,0.9,CBS Mornings interview
nmHNIzvDwvY,True,tv_interview,False,False,0.95,Bloomberg interview
FHXO7VdAa2w,True,fireside_or_conference_qa,False,False,0.9,Greylock Masters of Scale-style fireside
Asr_VpIJZgg,True,fireside_or_conference_qa,False,False,0.9,Skift Forum interview
afe4NeVkeGc,False,compilation_or_reupload,True,False,0.95,Commentary reaction clip
n5Dy_pnVpTQ,True,tv_interview,False,False,0.9,CBS Mornings interview
Ke5Bd5rYNIE,True,tv_interview,False,False,0.9,CNBC interview
7c9L6HkVM_k,True,tv_interview,False,False,0.95,Bloomberg interview
w8BqEKJVZVM,True,tv_interview,False,False,0.95,Bloomberg interview
1vDEcnVU_zI,False,compilation_or_reupload,False,False,0.7,Commentary clip on interview
-7cYUZ-IWWI,True,tv_interview,False,False,0.95,CNBC interview
fhypAgCGnSs,True,tv_interview,False,False,0.95,Bloomberg interview
37s5iX2yzuM,True,tv_interview,False,False,0.95,CNBC Davos full interview
UVQqOaDNG7c,True,tv_interview,False,False,0.95,CNBC interview
eOG25Gvq18A,True,tv_interview,False,False,0.85,CNBC short interview clip
zH6Pm6e4wjM,True,tv_interview,False,False,0.9,CNBC earnings interview
HFKrv9Ub9WI,True,fireside_or_conference_qa,False,False,0.9,Economic Club of Chicago fireside
kUXpk_fy3_Y,True,podcast_interview,False,False,0.95,20VC podcast interview
0Scbc8WMwAU,True,podcast_interview,False,False,0.9,MD Meets long interview
UK2o_7MVq04,True,tv_interview,False,False,0.95,Bloomberg interview
IelkyzBrNdQ,False,keynote_or_presentation,False,True,0.95,"Expedia keynote, not Uber CEO"
tUfMeJJIEEg,True,fireside_or_conference_qa,False,False,0.9,Economic Club NY fireside
KbYPd6VECQ8,False,other,False,False,0.6,"Short Axios clip, brief"
21aloLGZU4s,True,fireside_or_conference_qa,False,False,0.95,WaPo Live interview
kNyd24AA4Mo,True,tv_interview,False,False,0.95,CNBC interview
fbtS8ryLS8E,False,other,False,False,0.8,"French parliamentary hearing, not interview"
Niz5uyv9aWU,True,fireside_or_conference_qa,False,False,0.7,Livestream Q&A with CEO
9eth8Ulz8Fs,True,tv_interview,False,False,0.85,Washington Post interview
zGwWxUANSNQ,False,compilation_or_reupload,True,False,0.9,Commentary clip of Undercover Boss
wffEQpE7cEY,False,compilation_or_reupload,True,False,0.85,Rideshare Professor reupload
KgbT10UCRGo,True,tv_interview,False,False,0.9,Bloomberg Tech interview
O4dyn4y1KOg,False,compilation_or_reupload,True,False,0.95,Commentary reupload
l9Ub51Fy7c8,False,about_the_ceo_not_by,False,False,0.95,Critic commentary video
GVGMm_6BKiE,True,tv_interview,False,False,0.95,Bloomberg interview
C3nPdR682j0,False,compilation_or_reupload,True,False,0.9,Commentary channel clip
VojkShDMu58,True,tv_interview,False,False,0.95,CNBC interview
CMgvaaaHZQY,False,compilation_or_reupload,True,False,0.9,Reupload of Greylock interview
b6e4La2XC2I,False,about_the_ceo_not_by,False,False,0.85,Host recap of interview
TwTYAYWBt24,True,fireside_or_conference_qa,False,False,0.9,Skift Forum interview
enyGXfmxGSM,True,tv_interview,False,False,0.95,CNBC-TV18 Davos interview
Hw-6A07O0Yo,True,fireside_or_conference_qa,False,False,0.95,Aspen Institute conversation
H4KYYBE3wu4,True,fireside_or_conference_qa,False,False,0.8,Greylock conversation with Hoffman
lXzbH-wrdys,False,compilation_or_reupload,True,False,0.9,Commentary clip
Xja4qvSLf5M,False,other,False,False,0.6,Short produced profile segment
j2070soi-dE,False,compilation_or_reupload,False,False,0.7,Commentary clip with quote title
qEYHCm9MXt0,False,compilation_or_reupload,True,False,0.9,Rideshare Professor reupload
oIKwWC-r5lI,False,compilation_or_reupload,True,False,0.95,Clip of All-In interview
x1ySlDaEdrA,False,other,False,False,0.7,NYSE short event clip
zGs05_hG2p0,False,about_the_ceo_not_by,False,False,0.9,Third-party summary of norms
yC6FWE9D7Zg,False,compilation_or_reupload,False,False,0.85,Commentary clip
X2dskoZaR_I,True,tv_interview,False,False,0.85,Mint exclusive interview
8JpgV4lJKJY,False,about_the_ceo_not_by,False,False,0.95,Kara Swisher speaking about Dara
aCeRXwxVt98,False,about_the_ceo_not_by,False,False,0.95,Ex-exec grading Dara
U6Q94e6g5ms,False,about_the_ceo_not_by,False,False,0.85,Commentary on Undercover Boss
9PMod2aLPFg,False,compilation_or_reupload,True,False,0.9,Commentary channel clip
iiKovbT_zUk,True,fireside_or_conference_qa,False,False,0.85,Yahoo Finance Economic Club fireside
T0mEjJ8aSUQ,True,podcast_interview,False,False,0.9,Ruthie's Table 4 interview
8k-dtW8gSQg,True,fireside_or_conference_qa,False,False,0.9,Semafor interview
XW5MELmFois,True,tv_interview,False,False,0.85,Fox Business interview
iH2jossKUWs,True,fireside_or_conference_qa,False,False,0.7,"ET GBS onstage Q&A, official outlet, short"
r2kYfPXHxw8,False,about_the_ceo_not_by,False,False,0.9,Rideshare commentator video attacking CEO
54d_v5n5Ric,False,about_the_ceo_not_by,False,False,0.85,Rideshare Guy commentary on CEO experience stunt
wG_Wbq7Tzv0,True,tv_interview,False,False,0.95,Fox Business interview with CEO
gAjaDEFzJmQ,True,tv_interview,False,False,0.95,CNBC TV interview
gK9tyPShzR4,True,tv_interview,False,False,0.95,Bloomberg interview with CEO
Gbhb2MJlC9c,False,compilation_or_reupload,True,False,0.75,CryptoJan reupload of Salesforce Dreamforce interview
GZZv33Wk9RY,True,tv_interview,False,False,0.85,"Economic Times interview, original outlet"
3p7msptQ31E,True,tv_interview,False,False,0.95,Fox Business interview
oiyl23CUGgo,True,fireside_or_conference_qa,False,False,0.85,Concordia summit onstage conversation
Q6HjW8K9MSc,True,podcast_interview,False,False,0.9,"Masters of Scale interview, original channel"
dSMd9GEJWng,True,podcast_interview,False,False,0.85,Skift podcast interview
nvNqBb0RjlQ,False,about_the_ceo_not_by,False,False,0.95,Commentator opinion video about CEO
3sT_VG0cEno,True,tv_interview,False,False,0.95,Bloomberg interview
Foc-jr8r-xU,True,tv_interview,False,False,0.95,Bloomberg interview
LRAN4fcjgy8,True,fireside_or_conference_qa,False,False,0.95,Bloomberg Tech onstage interview
gjI_4zwSP1c,False,other,False,True,0.85,"2017 news segment about hiring, before Uber CEO"
ao0SoD41O7A,True,fireside_or_conference_qa,False,False,0.85,"Concordia summit conversation, official channel"
FNIOHhVoIRA,False,about_the_ceo_not_by,False,False,0.95,Driver survey about CEO
1F8pQ3GDRqk,True,tv_interview,False,False,0.8,"CNBC-TV18 interview, original outlet"
gvLyWsQlTBs,False,about_the_ceo_not_by,False,False,0.95,Commentary attacking CEO
GDuWCA_n-GM,False,about_the_ceo_not_by,True,False,0.85,Clickbait reaction channel
o1LMT_zrIwg,True,podcast_interview,False,False,0.75,"ET Corner Office conversation, short"
rTVZpTebn7Y,True,tv_interview,False,False,0.95,Bloomberg interview
4Gu2vx0IDZQ,False,compilation_or_reupload,True,False,0.85,Fan channel reupload of CNBC Sorkin interview
gOFsj220r8M,True,fireside_or_conference_qa,False,False,0.9,Bloomberg Live onstage interview
I-ILBPUpbTM,True,tv_interview,False,False,0.95,Bloomberg interview
WSnjNrIcSw0,True,tv_interview,False,False,0.95,Bloomberg interview
IXRmuutMhpw,True,podcast_interview,False,False,0.8,"Skift interview, duplicate of other upload"
jKbclFFsXXY,False,speech_or_lecture,True,False,0.6,"Short speech clip, aggregator channel"
JpJOtJtHpl8,False,earnings_call,True,False,0.9,"Audio earnings call reupload, not on-camera"
8jufaB2mcWo,False,compilation_or_reupload,True,False,0.9,Versus compilation by fan channel
iu44UgcHhOQ,False,other,True,False,0.6,"Obscure channel, short unclear interview clip"
jiRM1wleT4U,False,ai_or_fake_suspected,False,False,0.7,"Software company generic topic title, likely AI-generated"
6JLoU1BRdeE,True,fireside_or_conference_qa,False,False,0.7,Official Georgetown Q&A with Buffett and Moynihan
OYdppajD8sw,False,panel,False,False,0.7,Opening session with robot and several speakers
MqgVORcKvXM,True,tv_interview,False,False,0.95,Face the Nation interview
2JDr8bcsMC0,True,tv_interview,False,False,0.95,CNBC interview
E82jhctVN7E,True,tv_interview,False,False,0.95,Face the Nation interview
24jDvs_hXeQ,True,podcast_interview,False,False,0.95,Rubenstein long-form interview
qA2vUZyGtec,True,tv_interview,False,False,0.95,Face the Nation full interview
n8DZITULwzs,True,tv_interview,False,False,0.95,CNBC interview
r_DX1tTF4N4,True,fireside_or_conference_qa,False,False,0.85,Conference fireside with Banga
uVa7pM_oRSc,True,tv_interview,False,False,0.95,CNBC full interview
dvy01DnKvgA,True,tv_interview,False,False,0.95,Bloomberg TV interview
gKTuR5S2M6g,True,tv_interview,False,False,0.8,"CNBC interview with Beckham, CEO answers"
JiMYGGywAsY,True,tv_interview,False,False,0.95,Bloomberg TV interview
-qjkjXqaa20,True,tv_interview,False,False,0.95,CNBC interview
s-x3GY4OcpI,True,tv_interview,False,False,0.95,Fox Business interview
5yL3d9A1IvM,True,tv_interview,False,False,0.95,CNBC full interview
aP5S9V6Eceg,True,tv_interview,False,False,0.95,CNBC Davos interview
3uSEPq1wDPw,True,tv_interview,False,False,0.95,CNBC interview
xdl-k_5EzZE,True,tv_interview,False,False,0.95,CNBC interview
FqAvgMBELCE,True,tv_interview,False,False,0.95,Face the Nation full interview
TP0dVfXP9jk,True,tv_interview,False,False,0.9,Mad Money interview
0rIcDfFVzw8,True,tv_interview,False,False,0.95,CNBC full interview
dbTz7Ya7pRM,True,tv_interview,False,False,0.95,Face the Nation interview
0UQJI-0NPRs,True,tv_interview,False,False,0.95,Bloomberg TV interview
KZVlYOXYbLY,True,tv_interview,False,False,0.9,CNBC interview
a0khbaKohVE,True,tv_interview,False,False,0.95,Cramer one-on-one
2NzfI5DLfag,True,tv_interview,False,False,0.85,Full Face the Nation episode with CEO segment
s5IOiwhV5qU,True,tv_interview,False,False,0.95,Bloomberg TV interview
vJKe7axh3Zs,True,tv_interview,False,False,0.95,Face the Nation interview
Ac4Gw3EZImk,True,podcast_interview,False,False,0.95,Rubenstein interview
_mL9yLKKtmY,True,podcast_interview,False,False,0.95,Long-form podcast
-vpvrOPMwnM,True,tv_interview,False,False,0.95,Bloomberg Live interview
NoACGwQ34KE,True,tv_interview,False,False,0.95,CNBC interview
SlzZK43CmxY,True,fireside_or_conference_qa,False,False,0.9,Economic Club conversation
-otjZ9U1Nuw,True,tv_interview,False,False,0.95,Bloomberg TV interview
t23IEta_dcQ,True,tv_interview,False,False,0.95,Bloomberg TV interview
eHDdTA-0Kr8,True,tv_interview,False,False,0.95,CNBC interview
3WwEl5r0LKQ,True,tv_interview,False,False,0.95,CNBC earnings interview
i4nw0MCaPSA,True,tv_interview,False,False,0.95,CNBC interview
pqL4o43uBcA,True,tv_interview,False,False,0.95,Bloomberg TV interview
7hhZ43EoqjM,True,tv_interview,False,False,0.95,Bloomberg TV interview
NCNL7ODPJVI,True,podcast_interview,False,False,0.9,Grey Matter long-form interview
5LDYabgm-nI,True,tv_interview,False,False,0.9,Bloomberg full interview
zLGeo34Ppsc,True,tv_interview,False,False,0.95,CNBC interview
PpzjiD-WaWI,False,compilation_or_reupload,True,False,0.9,Fan channel re-upload of Georgetown event
Bq-2XI1ndkQ,True,tv_interview,False,False,0.95,Fox Business interview
DLBMnUk9Df4,True,tv_interview,False,False,0.95,Wall Street Week interview
nArhvfi-ru8,True,tv_interview,False,False,0.95,Bloomberg TV interview
PLFYeZbw3rw,True,tv_interview,False,False,0.95,CNBC interview
rTEe6pQLkBo,True,tv_interview,False,False,0.95,CNBC interview
OgQbFAGiT90,True,tv_interview,False,False,0.95,Bloomberg TV interview
_AOa2ra8-6I,True,tv_interview,False,False,0.9,Bloomberg earnings interview
-E8Fmfrgl18,True,tv_interview,False,False,0.95,CNBC interview
iNv_9jvLAKg,True,tv_interview,False,False,0.95,CNBC interview
JxjWbRtxpR4,True,tv_interview,False,False,0.95,CNBC full interview
e6vvH1eP3Ow,True,tv_interview,False,False,0.95,Bloomberg full show conversation
D32fzMnxC8Y,False,other,False,False,0.6,"Telemundo news segment, mixed or dubbed"
Zf0Iy_lC32E,False,compilation_or_reupload,True,False,0.85,Individual's channel clip of core values
VNcPvCykkJA,True,tv_interview,False,False,0.95,Bloomberg TV interview
_eBao6nnKJo,True,tv_interview,False,False,0.95,Bloomberg TV interview
lAylFhluwcA,True,tv_interview,False,False,0.85,Bloomberg interview
Kdm4mXXdycE,True,tv_interview,False,False,0.95,Bloomberg TV interview
h3dpsr46BoU,True,podcast_interview,False,False,0.95,Long-form podcast
dB46PV-jVrU,True,tv_interview,False,False,0.85,Charlie Rose original channel interview
nm0O0iNf83U,True,tv_interview,False,False,0.9,Bloomberg full interview
xfr6JUan27g,True,tv_interview,False,False,0.95,Bloomberg TV interview
9wWgNzMx8nQ,True,tv_interview,False,False,0.95,Yahoo Finance interview
ilQ5ZLyobAo,True,fireside_or_conference_qa,False,False,0.95,Fortune Brainstorm onstage interview
c1_s908SQKI,True,fireside_or_conference_qa,False,False,0.7,"Conference appearance on CNBC, likely Q&A"
ojdleZSUhg4,False,compilation_or_reupload,True,False,0.9,Aggregator re-upload of Bloomberg interview
HOxmbxVBIhE,True,tv_interview,False,False,0.95,Bloomberg TV interview
s42PFw66WDQ,True,tv_interview,False,False,0.9,CNBC-TV18 Davos interview
qKj5CrTTfLM,True,fireside_or_conference_qa,False,False,0.95,CFR conversation with Q&A
7zKByCyTZPA,True,tv_interview,False,False,0.95,Bloomberg TV interview
Rab-RJScM_4,False,other,False,False,0.8,Bloomberg explainer package about promotion
CdBjTjjFxBk,True,fireside_or_conference_qa,False,False,0.7,"University leadership series, likely conversational"
xF3w-a4wxes,False,other,False,False,0.6,Short edited Originals clip
8WTQ3GzePb4,True,tv_interview,False,False,0.95,Bloomberg TV interview
ymabihVzXSk,True,tv_interview,False,False,0.9,Bloomberg long interview
_DSKJN82JT0,True,fireside_or_conference_qa,False,False,0.7,"Pepperdine series part 2, likely Q&A"
ZWm-M7Jn-EE,True,fireside_or_conference_qa,False,False,0.85,Conference fireside moderated by Tausche
B6C93GHl3qA,True,tv_interview,False,False,0.9,Bloomberg interview
KA-DvZBdlQw,True,tv_interview,False,False,0.9,CNBC-TV18 Davos interview
C55ZtjbF3zM,False,compilation_or_reupload,True,False,0.9,Individual re-upload of CNBC interview
hkioQMUCuls,True,tv_interview,False,False,0.9,CNBC-TV18 Davos interview
ILJqkj4N-I0,True,tv_interview,False,False,0.95,Bloomberg TV interview
QBAumvBvuQw,True,tv_interview,False,False,0.9,CNBC interview
cmPvRfK1JKg,False,podcast_interview,False,False,0.85,"Audio only, no face on camera"
m8p9XPejqVc,False,speech_or_lecture,False,False,0.9,Prepared opening statement to Congress
bCG8ugpusFA,True,tv_interview,False,False,0.95,CNBC full interview
8qAb9BMiUF8,True,tv_interview,False,False,0.95,CNBC interview
HP_t6wM9aBI,True,tv_interview,False,False,0.9,CNBC-TV18 Davos interview
Oi8CvUVk4qM,False,podcast_interview,False,False,0.85,"Audio only, no face on camera"
m0Q2pEruL0A,True,tv_interview,False,False,0.95,CNBC interview
Oe5NQMLwwAQ,True,tv_interview,False,False,0.9,Bloomberg interview
5q9gXLauAQc,True,fireside_or_conference_qa,False,False,0.95,City Club conversation with Q&A
-_pGFhJJgLo,True,podcast_interview,False,False,0.85,Podcast interview
m0xJcDPw95Q,True,tv_interview,False,False,0.9,Bloomberg full interview
RyXXwnBmwqM,True,tv_interview,False,False,0.7,"Bloomberg Daybreak interview, may be audio"
ys3sGIgq8fM,True,fireside_or_conference_qa,False,False,0.85,Notre Dame fireside chat
bD_rGWyi8_g,True,tv_interview,False,False,0.9,Bloomberg interview
XgvJxm4ntVo,True,tv_interview,False,False,0.95,Bloomberg TV interview
BvFH27z9P0g,True,tv_interview,False,False,0.95,Bloomberg TV interview
grnCge6laHw,True,podcast_interview,False,False,0.9,Wilfred Frost original interview
EouYroAAhCs,True,tv_interview,False,False,0.95,CNBC interview
iy-zqX3nAj8,True,tv_interview,False,False,0.95,CNBC interview
3PpyQhI2AFA,True,fireside_or_conference_qa,False,False,0.9,Teneo insights conversation
7Cf-tfoOFYs,True,fireside_or_conference_qa,False,False,0.95,Fireside chat
9lNV0glrr1k,False,compilation_or_reupload,True,False,0.9,Individual re-upload channel
xSDaDAMHvjM,False,speech_or_lecture,False,False,0.85,Award acceptance remarks
Jzh9b5eZShE,True,fireside_or_conference_qa,False,False,0.85,Chief Executives Club talk with Q&A
jkd4iH3fOVg,False,compilation_or_reupload,True,False,0.85,Speakers bureau re-upload of CNN interview
qtdfw12QMus,True,podcast_interview,False,False,0.8,Long-form conversation
1hYCfTpkYPw,True,podcast_interview,False,False,0.95,Bloomberg Talks interview
z9jLbQHXx6Q,True,podcast_interview,False,False,0.9,Wilfred Frost original interview
zkymBeL7eqs,True,tv_interview,False,False,0.95,Bloomberg TV interview
y70656iUGRA,True,fireside_or_conference_qa,False,False,0.9,Stanford dialogue
AAM_bOgHv30,True,tv_interview,False,False,0.75,"Bloomberg Daybreak interview, may be audio"
gXbdnqDgWqo,True,tv_interview,False,False,0.95,Bloomberg TV interview
_0yoCmXUcbg,True,podcast_interview,False,False,0.9,Long-form podcast
xDvOhLTCFaE,False,keynote_or_presentation,False,False,0.6,Titled keynote address; likely speech
Z24lsYuUV1M,True,fireside_or_conference_qa,False,False,0.6,"Student event conversation, 60 min, likely Q&A"
rUMChfmA-wQ,True,tv_interview,False,False,0.9,CNBC-TV18 exclusive interview
DNOrZ4_-9Cw,True,podcast_interview,False,False,0.9,Bloomberg Talks interview
ZD-SWJIBpdU,True,tv_interview,False,False,0.9,Bloomberg interview
mxmNZVPaxBA,True,fireside_or_conference_qa,False,False,0.9,Conference Board conversation
s78R6XL5aps,True,tv_interview,False,False,0.9,CNBC interview
0KP5KYYfKGI,False,other,False,False,0.5,"Short 3.5 min promo-like clip, unclear"
OiKY7VL1qYA,True,podcast_interview,False,False,0.9,Bloomberg Talks interview
QKVFeMGPYbY,True,fireside_or_conference_qa,False,False,0.8,Onstage conversation with Glimcher
MIsUJMgsTD4,False,speech_or_lecture,False,False,0.8,"Award dinner, mostly ceremony"
BI7IfVdchiU,True,tv_interview,False,False,0.9,CNBC-TV18 Power Talk interview
25uHjmQMILU,True,fireside_or_conference_qa,False,False,0.9,Axios Live interview
fX5b7c2JKr0,True,fireside_or_conference_qa,False,False,0.85,Economic Club of Chicago Q&A
Yo6n-810cno,True,tv_interview,False,False,0.9,CNBC-TV18 Power Talk part 2
oafgpJeSD0Q,True,podcast_interview,False,False,0.9,Bloomberg Talks interview
NiMhB4fKFiM,True,fireside_or_conference_qa,False,False,0.85,Bloomberg Live onstage interview
Bfrl2FYJy4g,False,about_the_ceo_not_by,False,False,0.95,Analyst discussing the CEO
I7pAY7cFUjE,True,fireside_or_conference_qa,False,False,0.9,Council conversation with CEO
tpiMV23dq6s,True,tv_interview,False,False,0.9,CNBC-TV18 exclusive interview
W7_dCK0N544,True,podcast_interview,False,False,0.9,Bloomberg Talks interview
faFqP9uiix8,True,podcast_interview,False,False,0.9,Bloomberg Talks interview
Xv7PazzuxJw,False,speech_or_lecture,False,False,0.8,Award acceptance segment
4AgNsmyH5wk,True,fireside_or_conference_qa,True,False,0.6,Same event as Dana-Farber upload; duplicate
3omP1_3KUx8,True,podcast_interview,False,False,0.9,Bloomberg Talks interview
8N4bUm2a3J8,True,tv_interview,False,False,0.8,"Wilfred Frost interview, original host"
oCMOi_eHFXw,True,podcast_interview,False,False,0.9,Bloomberg Talks interview
xpYZHUQCh3w,True,tv_interview,False,False,0.8,"Wilfred Frost interview, original host"
JIeoRRwXxVs,True,tv_interview,False,False,0.6,Short interview with CEO
lUgRWfrp_v0,True,tv_interview,False,False,0.9,Bloomberg Television interview
xFSZASBu9Qs,True,podcast_interview,False,False,0.9,Bloomberg Talks interview
D2T3fJvV9hM,False,panel,False,False,0.7,"Surveillance show, CEO a segment of 42 min"
Ozr9wr6niW4,True,podcast_interview,False,False,0.9,Bloomberg Talks interview
zlhwHO3SSec,False,speech_or_lecture,False,False,0.8,"Award event clip, short"
wqgxm_HIrJQ,True,tv_interview,False,False,0.8,Bloomberg interview clip
1-I_aKDvZX8,False,about_the_ceo_not_by,False,False,0.95,Commentator says CEO should be fired
fzh8NqMm9Lk,True,tv_interview,False,False,0.7,University TV interview with CEO
32_oKzFbQIg,False,compilation_or_reupload,True,False,0.85,Aggregator channel reposting TV interview
mCBximi6R34,False,compilation_or_reupload,True,False,0.85,Aggregator channel reposting TV interview
XW9PF8XcApg,False,compilation_or_reupload,True,False,0.8,Personal channel repost of Davos segment
UNddsrLkUi0,False,compilation_or_reupload,True,False,0.8,Aggregator network reposting interview
S5oATLHLnkY,False,compilation_or_reupload,True,False,0.85,Aggregator reposting CNBC interview
FXyQAtVWQE8,False,about_the_ceo_not_by,True,False,0.85,Commentary channel on Cramer and CEO
XgZsPj9PXYo,False,ai_or_fake_suspected,False,False,0.7,Obscure podcast; unlikely genuine CEO guest
KQCcmEOIwrI,False,compilation_or_reupload,True,False,0.8,Short clip on aggregator channel
vCleB4ZDEEE,False,compilation_or_reupload,True,False,0.8,"Obscure studio upload, junk title, short"
25ZuKkbHdqM,True,tv_interview,False,False,0.7,"Leno garage segment, Musk answers questions on camera"
zIwLWfaAg-8,True,fireside_or_conference_qa,False,False,0.9,TED onstage interview with Chris Anderson
mh45igK4Esw,False,other,False,False,0.85,Documentary package
MevKTPN4ozw,True,podcast_interview,False,False,0.85,MKBHD sit-down interview
XqJKAnN0-gM,False,compilation_or_reupload,True,False,0.9,Aggregator re-upload of BBC interview
Rni7Fz7208c,True,podcast_interview,False,False,0.95,"Nikhil Kamath long-form podcast, host channel"
l7kQNwJ4H_w,True,tv_interview,False,False,0.8,Fox News interview with Musk and DOGE
YRvf00NooN8,True,fireside_or_conference_qa,False,False,0.9,TED interview with Chris Anderson
oO8w6XcXJUs,True,tv_interview,False,False,0.9,Official HBO Bill Maher interview
T6DiMIJIvYw,True,tv_interview,False,False,0.8,Fox Business interview
WYQxG4KEzvo,False,about_the_ceo_not_by,False,False,0.95,Commentator video about Musk
Ra3fv8gl6NE,False,compilation_or_reupload,True,False,0.85,"JRE Clips excerpt, not original publisher"
hMbcMO5JgEo,True,tv_interview,False,False,0.85,"Fox News Hannity interview, Trump and Musk"
t705r8ICkRw,True,podcast_interview,False,False,0.8,Everyday Astronaut tour interview
vDwzmJpI4io,True,podcast_interview,False,False,0.8,Khan Academy interview with Musk
XuoqKYxDHVc,True,tv_interview,False,False,0.9,Economist full-length interview
cDQa40B9Lxo,True,podcast_interview,False,False,0.8,Official Joe Rogan channel clip
rCoFKUJ_8Yo,True,fireside_or_conference_qa,False,False,0.9,WGS official conversation
9BDmC5u_MLE,False,about_the_ceo_not_by,False,False,0.95,Isaacson talks about Musk
f3lUEnMaiAU,True,panel,False,False,0.6,"Moderated Jack Ma debate, Musk substantial"
F0vkv-XclUg,True,tv_interview,False,False,0.9,CBS Mornings interview
xyCOvT1Y5YQ,False,compilation_or_reupload,True,False,0.85,Fan channel re-upload of old interview
MpSvyWLEu8M,True,tv_interview,False,False,0.75,Fox News interview clip
2BfMuHDfGJI,True,fireside_or_conference_qa,False,False,0.95,"DealBook onstage interview, official"
JEikQP8-es0,False,about_the_ceo_not_by,False,False,0.95,Ex-employees discuss Musk
SA8ZBJWo73E,True,podcast_interview,False,False,0.8,Everyday Astronaut tour interview part 2
IgKWPdJWuBQ,True,fireside_or_conference_qa,False,False,0.9,TED onstage interview
wsixsRI-Sz4,True,fireside_or_conference_qa,False,False,0.95,"Code Conference interview, Kara Swisher"
U_M_uvDChJQ,True,tv_interview,False,False,0.75,CNBC clip of DealBook interview
TIAqh2o1Jf4,False,compilation_or_reupload,True,False,0.85,Stitched clips on aggregator channel
4y40RU5Nx6U,False,about_the_ceo_not_by,False,False,0.95,Commentary on Musk's past
YAtLTLiqNwg,True,podcast_interview,False,False,0.85,Munro Live 1-on-1 interview
jvGnw1sHh9M,True,podcast_interview,False,False,0.9,"Babylon Bee sit-down, original channel"
hhsfjBpKiTw,True,podcast_interview,False,False,0.95,"Don Lemon full interview, host channel"
cIQ36Kt7UVg,True,podcast_interview,False,False,0.85,Everyday Astronaut Starship conversation
5KmpT-BoVf4,False,about_the_ceo_not_by,False,False,0.95,"Altman interview, not Musk"
kzlUyrccbos,True,fireside_or_conference_qa,False,False,0.95,"SXSW Q&A, official"
QIt8WuEQntY,False,other,False,False,0.95,Documentary package
6sUwRiIncKU,True,tv_interview,False,False,0.9,CNBC interview
w7BMaG3zyVo,True,tv_interview,False,False,0.85,60 Minutes Australia interview
tnBQmEqBCY0,True,fireside_or_conference_qa,False,False,0.9,Y Combinator official conversation
bWr-DA5Wjfw,True,tv_interview,False,False,0.9,CNBC interview
KnXee-GN8AE,False,tv_interview,False,True,0.9,"1998 Zip2/X.com era, not Tesla CEO"
dEv99vxKjVI,True,podcast_interview,False,False,0.95,"Lex Fridman podcast, original channel"
eblPwXFb7TE,False,about_the_ceo_not_by,False,False,0.95,Founders talk about Musk
KW3iRzXs940,False,keynote_or_presentation,False,False,0.85,Shareholder meeting presentation clip
bz7yYu_w2HY,False,compilation_or_reupload,True,False,0.9,English-learning speeches channel
SVk1hb0ZOrE,True,fireside_or_conference_qa,False,False,0.75,"Stanford talk with Q&A, official"
sctgA2qa-rA,True,tv_interview,False,False,0.9,CNBC interview
2KK_kzrJPS8,True,fireside_or_conference_qa,False,False,0.85,"Code Conference clip, official channel"
D_1j5dVWNYI,False,compilation_or_reupload,True,False,0.85,Commentary channel clickbait
8ZCMDvkusKI,True,tv_interview,False,False,0.6,Fox Business interview clip
PZz2r9j1Lfo,True,tv_interview,False,False,0.85,60 Minutes Australia interview
dxDQCWygkBU,False,about_the_ceo_not_by,False,False,0.85,Host commentary about interview
23GzpbNUyI4,True,tv_interview,False,False,0.85,60 Minutes interview
nGQB6b1G940,False,about_the_ceo_not_by,False,False,0.95,Interview with his mother
pSFvOUswFwA,True,fireside_or_conference_qa,False,False,0.95,"All-In Summit interview, original"
9Zlnbs-NBUI,True,podcast_interview,False,False,0.75,Everyday Astronaut tour interview part 3
0nMfW7T3rx4,False,keynote_or_presentation,True,False,0.8,Presentation re-uploaded by aggregator
qbxStDmHFAE,True,tv_interview,False,False,0.65,Fox News interview clip
sp8smJFaKYE,False,compilation_or_reupload,True,False,0.85,Archive channel re-upload
ky1Z2klPalw,True,podcast_interview,False,False,0.85,Munro Live Cybertruck discussion
ippYts_JvUk,True,tv_interview,False,False,0.85,60 Minutes Australia interview
y2ab3A_pBiY,False,about_the_ceo_not_by,False,False,0.95,"Jensen Huang interview, not Musk"
TjBA6jy4ako,True,tv_interview,False,False,0.9,Bloomberg TV interview
52x0ukhE2Vo,True,tv_interview,False,False,0.85,60 Minutes interview
BIXkZk7tSZQ,True,tv_interview,False,False,0.8,60 Minutes interview
-HojSvdYYCs,False,keynote_or_presentation,True,False,0.8,Presentation re-uploaded by aggregator
MF6ybNDnVYU,False,compilation_or_reupload,True,False,0.7,Forbes re-post of Davos session
QmdfUC2-N28,False,compilation_or_reupload,True,False,0.85,Fan channel clip of Peterson interview
NHaczOsMQ20,True,podcast_interview,False,False,0.9,"Babylon Bee interview, original channel"
3ZN61fTmBJE,False,compilation_or_reupload,True,False,0.8,Archive compilation of PBS clips
JzKA2aLvN1Q,False,compilation_or_reupload,True,False,0.9,Commentary channel re-upload of BBC
2WX_mgnAFA0,True,fireside_or_conference_qa,False,False,0.7,"Axel Springer onstage conversation, WELT"
JJkyyl2JLNY,False,compilation_or_reupload,True,False,0.8,Musk is the interviewer; re-upload
BN88HPUm6j0,True,fireside_or_conference_qa,False,False,0.9,"XPRIZE live conversation, official"
UrB2tQDVLLo,True,fireside_or_conference_qa,False,False,0.9,Davos 2026 onstage Q&A via CNBC
PbVSZvC7UxY,False,other,False,False,0.85,Produced profile package
SqEo107j-uw,True,fireside_or_conference_qa,False,False,0.7,Full onstage conversation with Altman
K-uLAFb7GOg,True,tv_interview,False,False,0.9,BBC Newsnight interview
tMdFGrnp5XI,True,fireside_or_conference_qa,False,False,0.6,"VivaTech onstage chat, long duration"
cFIlta1GkiE,True,fireside_or_conference_qa,False,False,0.85,YC official fireside
Crr7j0udrc4,False,speech_or_lecture,False,False,0.95,"Rally speech, no Q&A"
iaLhVwOf9Vk,False,compilation_or_reupload,True,False,0.85,Fan channel re-upload of 2007 interview
U63z6YOGYCY,True,tv_interview,False,False,0.85,60 Minutes Australia interview
ad3PmrRnejM,True,tv_interview,False,False,0.9,CNBC interview
3Frx4IMX_Sw,True,tv_interview,False,False,0.85,Fox News Tucker interview clip
bOwNUiZLhRc,False,about_the_ceo_not_by,False,False,0.8,News package about Lemon posting interview
QTGCSYn0piw,False,other,False,False,0.6,"Short news piece, not clear Q&A"
jiRPhN-lPcs,False,about_the_ceo_not_by,False,False,0.95,Commentator podcast about Musk
J1pkOYUG7_k,False,about_the_ceo_not_by,False,False,0.95,"Buffett speaking, not Musk"
h0962biiZa4,True,panel,False,False,0.7,"FLI official panel, Musk participates"
aStHTTPxlis,False,about_the_ceo_not_by,False,False,0.95,Book-summary podcast about Musk
2kAOuMor0jY,False,compilation_or_reupload,True,False,0.85,Aggregator re-upload of Jack Ma debate
34-5wOGmCKc,True,tv_interview,False,False,0.85,"CGTN exclusive interview, original outlet"
tjmHTu_UWAE,False,compilation_or_reupload,True,False,0.85,Short clickbait clip channel
AeeeEDSekG8,True,podcast_interview,False,False,0.6,Owners club interview with Musk
WIkntYwePII,False,about_the_ceo_not_by,False,False,0.95,Biographer interview
6pLLVqqF8VA,True,tv_interview,False,False,0.9,CNBC Squawk Box interview
YgwcwhRrf1M,False,about_the_ceo_not_by,False,False,0.95,Commentator reaction video
UwT3Y0lkYaQ,True,tv_interview,False,False,0.8,TIME Q&A with Musk
rShnvN93NMc,True,fireside_or_conference_qa,False,False,0.55,"Shareholder Q&A, unscripted answers"
R8PEnK3aoFQ,True,tv_interview,False,False,0.75,Forbes driving interview
N-_ZBfKXfr0,False,keynote_or_presentation,False,False,0.9,Shareholder meeting presentation
OkFTKHz5HHc,False,about_the_ceo_not_by,False,False,0.95,"Stewart discusses Musk, not interviewing him"
hwBzOceMz08,False,speech_or_lecture,True,False,0.7,Forum remarks re-streamed by third party
CTJt547--AM,False,compilation_or_reupload,True,False,0.85,Fan re-upload of Bloomberg profile
ubACO2Cxqjw,False,compilation_or_reupload,True,False,0.85,Motivational clips channel
UiPO4BUfov8,False,compilation_or_reupload,True,False,0.85,Re-upload of D11 interview
WVW50KRaBd8,False,compilation_or_reupload,True,False,0.8,Re-upload of E3 panel
BN5I9v73-to,False,compilation_or_reupload,True,False,0.9,Clickbait compilation channel
lS3nIyetS4I,False,compilation_or_reupload,True,False,0.85,Archive channel re-upload
hYymRU-bfpQ,False,about_the_ceo_not_by,False,False,0.95,"Yaccarino interview, not Musk"
CDZ9REOh2xA,True,podcast_interview,False,False,0.7,Official Lex clips channel excerpt
rEh06X4YMwk,False,earnings_call,False,False,0.55,"Likely earnings call excerpt, not interview"
8RdTj2MAFIs,False,compilation_or_reupload,True,False,0.85,Fan clip channel
XXhyONB9Q5k,False,compilation_or_reupload,True,False,0.75,Edited highlights of E3 panel
pIRqB5iqWA8,True,fireside_or_conference_qa,False,False,0.8,Official forum conversation
RcnVTgrgThE,False,fireside_or_conference_qa,True,False,0.6,CNET rebroadcast of MWC session
t_WFsgjqpOU,True,fireside_or_conference_qa,False,False,0.85,"EEI conference fireside, official"
aMcmuKTfr54,True,podcast_interview,False,False,0.9,Original Verdict channel full interview
HZP67-DECVw,True,fireside_or_conference_qa,False,False,0.95,"Code 2021 onstage interview, original channel"
FE4iFYqi4QU,True,tv_interview,False,False,0.7,AUTO BILD interview with Tesla CEO
gPGZRJDVXcU,True,podcast_interview,False,False,0.85,Bloomberg full interview
ey1rpNtRADg,True,tv_interview,False,False,0.9,CBS Sunday Morning interview
jAUj4nc9M3k,True,tv_interview,False,False,0.85,CNBC interview
vxgfMoXDBLc,False,about_the_ceo_not_by,False,False,0.9,Altman speaking about Musk
ZTI3IfIMS0E,True,tv_interview,False,False,0.85,CNBC interview with Musk
MJ1IO_MF55k,False,compilation_or_reupload,False,False,0.95,CNBC marathon compilation
MHTc77PTLVI,True,tv_interview,False,False,0.9,BBC News interview
xqXa-i-Fr-M,True,fireside_or_conference_qa,False,False,0.8,Build 2025 conversation with Nadella
M1gIkOekr9M,False,compilation_or_reupload,True,False,0.9,Commentary channel clip of others' interview
yaJkxTavmGk,False,compilation_or_reupload,True,False,0.95,Clickbait reupload by commentary channel
0871VJfvD1c,True,tv_interview,False,False,0.75,"Interviewer's own channel, BBC interview"
6EiV6t_0x90,False,compilation_or_reupload,True,False,0.95,Clickbait clip channel
adgbH9FixW0,True,tv_interview,False,False,0.75,Forbes own interview with Musk
hJLrnZLNj2s,False,about_the_ceo_not_by,False,False,0.9,Documentary profile package
xeHOACJyBqM,True,tv_interview,False,False,0.85,CNBC interview
Fulv29uEzmM,False,about_the_ceo_not_by,True,False,0.9,Novara commentary on Economist interview
TrsefCVoi98,False,compilation_or_reupload,True,False,0.95,Fan channel reupload of Fox interview
S_vpv4I27hs,False,compilation_or_reupload,True,False,0.95,Fan channel reupload
vxeByV78aac,False,about_the_ceo_not_by,True,False,0.8,Commentator channel reacting to interview
gSJrf45IBIA,False,keynote_or_presentation,True,False,0.8,Highlights channel presentation clip
kVBAYmY8slM,False,compilation_or_reupload,True,False,0.9,Fan clip reupload
yceesD4WFwU,False,about_the_ceo_not_by,False,False,0.95,"WFP chief responding, not Musk"
E-squeb0YJA,True,fireside_or_conference_qa,False,False,0.95,"Baron conference interview, original channel"
lh-5w6xC6VE,True,tv_interview,False,False,0.8,TIME conversation with Felsenthal
_bP0huIx4z4,False,about_the_ceo_not_by,True,False,0.9,Commentary on Economist interview
ZmEg95wPiVU,True,fireside_or_conference_qa,False,False,0.9,ISS Lab official conversation
7trZGqCGOg8,False,about_the_ceo_not_by,False,False,0.9,Editor discussing takeaways
V-OomlyAWTo,False,about_the_ceo_not_by,False,False,0.95,Biographer interview about Musk
v_KwMqZIE,False,compilation_or_reupload,True,False,0.9,Valuetainment clickbait reupload
1Js0608VgAo,False,compilation_or_reupload,True,False,0.8,News clip of another outlet's interview
bQ45lsDxL6Q,False,compilation_or_reupload,True,False,0.95,Reupload of Fox interview
DsGhjZ1LAuo,True,tv_interview,False,False,0.85,CNBC interview
pldoOdQ99uM,True,tv_interview,False,False,0.8,CNBC interview
zC51VcwRolI,False,compilation_or_reupload,True,False,0.95,Clickbait aggregator channel
ad2owphPILY,False,about_the_ceo_not_by,False,False,0.95,Podcast with author about Musk
WiaGcTggWRg,False,other,False,False,0.85,"Musk interviewing Trump, news package"
2KuSMIFuMyU,True,tv_interview,False,False,0.8,CNBC interview
LeQMWdOMa-A,True,fireside_or_conference_qa,False,False,0.9,SXSW official onstage interview
EVCkmNbhkvM,False,compilation_or_reupload,True,False,0.9,Fan channel reupload of Colbert
v5KGobAVaFg,False,about_the_ceo_not_by,False,False,0.95,Journalist commentary on Musk
4qUA3nNWyCg,False,compilation_or_reupload,True,False,0.95,Random channel reupload of Axios
_Dz64hXIkkA,False,about_the_ceo_not_by,True,False,0.9,Commentary channel
yG6Ay3nlB84,False,panel,True,False,0.7,Short news clip of debate
6VRRg5i8LfA,False,about_the_ceo_not_by,False,False,0.95,Altman speaking about Musk
hERKSyPVN5A,False,other,False,False,0.95,News show about Musk
GwfLkEOW37Q,False,compilation_or_reupload,True,False,0.85,Reupload of Baron conference by another channel
l3VBK4t7HN4,False,about_the_ceo_not_by,True,False,0.9,Commentary channel
YqDehngsBHw,False,compilation_or_reupload,True,False,0.85,Fan channel compilation
4_qxJEsvvSA,False,compilation_or_reupload,True,False,0.85,Audio Clubhouse reupload by individual
9JmlDV8TN3U,False,other,False,False,0.9,"Live event coverage, no Q&A"
FPzpugrbwBE,False,speech_or_lecture,True,False,0.85,Event speech clip
ypZNWjPpOuI,False,compilation_or_reupload,True,False,0.9,Fan reupload of Twitter interview
t0knyGUrMEk,False,other,False,False,0.7,Politician channel promo of project
Jv5LjA62Uw8,False,compilation_or_reupload,True,False,0.9,Individual's reupload of ISS talk
q9icMJ48z6U,False,compilation_or_reupload,True,False,0.9,Individual reupload of Altman interview
zbPL3H0Oquo,False,about_the_ceo_not_by,False,False,0.95,Biographer commentary
qhqwP9Dz3Nw,False,about_the_ceo_not_by,True,False,0.9,Commentary channel
f6If1XYyypE,False,compilation_or_reupload,True,False,0.95,Supercut compilation
oBEoqiZRIvg,False,compilation_or_reupload,True,False,0.8,Newspaper reupload of CPAC interview
e4BGKkglmzM,True,podcast_interview,False,False,0.85,Verdict original complete interview
GyyPPHtHW7M,False,about_the_ceo_not_by,False,False,0.9,Commentary on interviews
1fCcSLrexCg,False,other,False,False,0.9,News package of 60 Minutes
IUcgmBMQyYs,False,compilation_or_reupload,True,False,0.9,Rubin commentary clip
htRGzDCZG3Y,False,compilation_or_reupload,True,False,0.95,Clickbait clip channel
O1bZg7frOmI,False,compilation_or_reupload,True,False,0.9,Fan reupload of Code interview
aEiaah3Oki4,False,about_the_ceo_not_by,False,False,0.85,News summary of podcast
mwLKAHSE0tQ,False,compilation_or_reupload,True,False,0.95,Clickbait aggregator
iTRY86NEIbg,True,fireside_or_conference_qa,False,False,0.7,Reuters live feed of full forum interview
WELZgKRYjKM,False,about_the_ceo_not_by,False,False,0.95,News analysis about Musk
1u6kQIzzaPI,False,compilation_or_reupload,True,False,0.8,"Unknown channel, original publisher unknown"
YpRskfYpinU,False,about_the_ceo_not_by,False,False,0.9,News report
nfIM44yivw8,False,ai_or_fake_suspected,True,False,0.85,"Clickbait channel, dubious Dimon interview"
hUbolEvnsaw,False,speech_or_lecture,True,False,0.9,Shareholder meeting speech reupload
IHAWP6olnbw,False,about_the_ceo_not_by,False,False,0.95,News segment about Musk
ZdQzlRePAcc,False,compilation_or_reupload,True,False,0.85,Fan reupload of keynote clip
BYAJ9lUsHF0,False,about_the_ceo_not_by,False,False,0.95,News report
fCB9aLZGJSQ,True,fireside_or_conference_qa,False,False,0.6,RSBN live broadcast of CPAC interview
4MuesCbzZHs,False,other,False,False,0.7,"Fan podcast mixed news, unclear interview"
I7mkXEEnjOs,False,compilation_or_reupload,True,False,0.9,Commentary show clip
s9IB00mx9i0,False,compilation_or_reupload,True,False,0.95,Fan clip channel
LC1g0ApPs1E,False,compilation_or_reupload,True,False,0.95,Clickbait aggregator
VPcPubE7vH8,False,about_the_ceo_not_by,False,False,0.99,Interview with his father
Wvpe_18cyLs,False,compilation_or_reupload,True,False,0.85,Shareholder meeting fan upload
m9VzUrh3dIU,False,about_the_ceo_not_by,False,False,0.95,Author interview about Musk
r1LlHY5iC6M,False,about_the_ceo_not_by,False,False,0.9,Behind-the-scenes news piece
_aDXCE2dA78,False,about_the_ceo_not_by,False,False,0.95,News about X spat
5cFTlx68itk,False,compilation_or_reupload,False,False,0.95,Supercut of keynote promises
eV396ioBs3g,True,fireside_or_conference_qa,False,False,0.7,Reuters live feed of WGS conversation
rp2qNVkBtWM,False,compilation_or_reupload,True,False,0.8,Likely stitched clips by small channel
hctq1K51g6I,False,compilation_or_reupload,True,False,0.85,Fan channel compilation
2Rx98bkPBms,False,compilation_or_reupload,True,False,0.95,Clickbait aggregator
76nZJbiSTqQ,False,compilation_or_reupload,True,False,0.85,Sports outlet reupload of forum talk
msmw2Q_ZBUM,False,compilation_or_reupload,True,False,0.9,Fan subtitled reupload
F-y9PqkgO50,True,podcast_interview,False,False,0.6,Verdict own channel clip of interview
0hnaIFupfAs,False,compilation_or_reupload,True,False,0.95,Clickbait aggregator
RqqexUGS3VM,False,about_the_ceo_not_by,True,False,0.9,Commentary channel
Y1Um0o7J0fw,False,about_the_ceo_not_by,False,False,0.95,News report
dWWdrTjvSW0,True,podcast_interview,False,False,0.65,Kevin Pollak's own chat show episode
SXqdEKcn7kg,False,about_the_ceo_not_by,False,False,0.95,Investor discussing Musk
s3MuaB37iSQ,False,about_the_ceo_not_by,False,False,0.95,News explainer
sKNwD2IxAEQ,False,compilation_or_reupload,True,False,0.9,Crypto channel reupload of TIME
YKcQDM1EX8A,False,about_the_ceo_not_by,False,False,0.9,Market news podcast
bQ6frVhyuJo,False,compilation_or_reupload,True,False,0.8,EV channel reupload of battery conference
80I8LbQvHUU,True,tv_interview,False,False,0.9,Bloomberg Mishal Husain Show interview
-p9WGw2K9tc,False,compilation_or_reupload,True,False,0.75,CNBC clip of Fox interview
4ibzU_t1diw,False,compilation_or_reupload,True,False,0.85,Reupload by news channel
2MDs56gT-a8,True,fireside_or_conference_qa,False,False,0.85,Italian Tech Week fireside chat
ab8dJ1MIrrc,True,fireside_or_conference_qa,False,False,0.9,PG&E official interview by CEO
MOy3MTZ9Dyg,False,compilation_or_reupload,True,False,0.7,"Small channel, original publisher unknown"
_jmKX3CLMZY,False,compilation_or_reupload,True,False,0.95,Fan channel reupload
eLxRniL5GkU,False,about_the_ceo_not_by,False,False,0.95,News announcement
xpei95Z9H_s,False,about_the_ceo_not_by,False,False,0.95,News report
mHaYg7zx9pA,False,about_the_ceo_not_by,False,False,0.95,News explainer
-BbmHGKhkCc,False,about_the_ceo_not_by,False,False,0.95,News show about Musk
J7dTsNOMU98,False,compilation_or_reupload,True,False,0.95,Clickbait aggregator
qlClk9G15i4,False,compilation_or_reupload,True,False,0.85,Reupload of MIT event
jrYYzOnjUgA,False,about_the_ceo_not_by,False,False,0.95,Analyst commentary
B2N_BInY8qo,False,other,False,False,0.85,"Squawk Pod commentary about a Musk interview, not the interview"
OPfT8wu-0FA,False,other,False,False,0.85,"Market show about Musk, not an interview with him"
KGe8EyjPKQs,False,other,False,False,0.85,Analyst discussion about Musk and Trump
zVMJsCbCyIE,True,fireside_or_conference_qa,True,False,0.5,"WEF 2026 Q&A; uploader is IDEA TV, possible reupload"
BBaM7B3iRdc,False,other,False,False,0.7,Short Bloomberg news clip of Musk remarks
o3WqmgosMtU,False,other,False,False,0.9,"Bloomberg news show, not a Musk interview"
5ImZXTRyszE,True,fireside_or_conference_qa,False,False,0.85,"EXIM 2014 conference discussion with Musk, official host"
geqbzUtxr8g,False,compilation_or_reupload,True,False,0.8,"Fan stock channel, likely clips with commentary"
q2L5Qfzlg-I,False,other,False,False,0.9,Bloomberg show about Altman's comments on Musk
at4GgFr7yek,False,other,True,False,0.85,Commentary channel on aborted interview
P5AC7Jl8n5s,False,compilation_or_reupload,True,False,0.75,Fan channel short clip
PkX_JbXnKwc,False,other,False,False,0.85,Bloomberg segment about Musk
Hfl9WZQ3F0c,False,other,False,False,0.7,"Full morning show episode, Musk portion small"
FCXN2CFX1uc,False,compilation_or_reupload,True,False,0.8,Aggregator reupload of Fox Hannity interview
HIGeQ0PNyp4,False,compilation_or_reupload,True,False,0.8,Aggregator channel reupload of 2020 event
BguU4Mxx8_Y,False,other,False,False,0.9,"Bloomberg news show, not an interview"
Bm9hLk-cNbk,False,other,False,False,0.95,Kraken CEO speaking about Musk
Y_mEeRvzJR4,False,other,False,False,0.95,News report on trial
vizKY0kj01U,False,compilation_or_reupload,True,False,0.8,Fan editor channel reupload of CNBC interview
5bwibSf14GI,False,other,False,False,0.9,"Bloomberg news show, not an interview"
hS61bMC0dYE,False,other,False,False,0.9,"Bloomberg news show, not an interview"
CLYbQhzXGZg,False,other,False,False,0.9,Bloomberg segment about Musk
TrIeiSB_fB8,False,compilation_or_reupload,True,False,0.8,Audio-only reupload on aggregator channel
Xg0Exup-uxM,False,compilation_or_reupload,True,False,0.8,Fan channel reupload
co0SI9lpSgk,False,compilation_or_reupload,True,False,0.8,"Generic channel, likely compilation"
L2hkqolW168,False,compilation_or_reupload,True,False,0.8,Clickbait reupload of CPAC Q&A; Musk was DOGE
jHvY5G0Vwp8,False,other,False,False,0.9,Bloomberg short news segment
zKJcV1cNT6g,False,compilation_or_reupload,True,False,0.8,Podcast highlights on news channel
HGUM5UMR4Tw,False,ai_or_fake_suspected,True,False,0.7,"Dubious 'Official Events' channel, Musk-McCaffrey podcast doubtful"
p-RKZV46skg,False,other,False,False,0.9,Bloomberg news podcast about Musk
XvAYoSzeGmI,False,compilation_or_reupload,True,False,0.8,Short clip compilation on aggregator channel
V_IpRSXyhV0,False,other,False,False,0.85,Bloomberg podcast discussing Musk interview
5cPMS6cT0Ig,True,fireside_or_conference_qa,False,False,0.85,"ISS conference fireside with Musk, host channel"
TqNHXaVAno8,False,other,False,False,0.9,Bloomberg news podcast about feud
7pja9glSvRI,False,compilation_or_reupload,True,False,0.85,Fan channel reupload of CNBC interview
RcYpgtXOX8k,False,compilation_or_reupload,True,False,0.85,Fan channel reupload of CNBC interview
L4j6BPObsjg,False,other,False,False,0.9,Bloomberg tech news podcast
m1mnmEsgi6A,False,compilation_or_reupload,True,False,0.75,Audio-only aggregator reupload
6G1vKf-hF1Q,False,other,False,False,0.8,"Bloomberg podcast, discussion about Musk"
RHihEU0PVlc,False,compilation_or_reupload,True,False,0.8,Fan channel reupload of WSJ event
I-DaE8oFmOE,False,other,False,False,0.9,Bloomberg analysis podcast
cf5PYoAUQY0,False,compilation_or_reupload,True,False,0.8,Obscure channel reupload
O4b63Viqqlk,True,fireside_or_conference_qa,False,False,0.75,NGA 2017 onstage Q&A with Musk
cUFVKiyh5Dk,True,fireside_or_conference_qa,False,False,0.6,Economist event conversation; title odd but plausible Q&A
ceV3RsG946s,False,keynote_or_presentation,False,False,0.98,Build keynote
NV0_vYrVvE4,False,keynote_or_presentation,False,False,0.97,Condensed keynote
ux4R5GeKMUU,True,podcast_interview,False,False,0.85,MKBHD interview
rKCL_MEXqJo,True,tv_interview,False,False,0.7,Bloomberg TV interview clip
NUl-a3GZznQ,True,podcast_interview,False,False,0.92,Rubenstein interview
rtgN27z0oi0,True,fireside_or_conference_qa,False,False,0.92,Stanford GSB conversation
SbAPmVoWVZs,True,tv_interview,False,False,0.75,Bloomberg interview clip
Ocj0sVB9ykY,True,tv_interview,False,False,0.88,WSJ exclusive interview
GuqAUv4UKXo,True,podcast_interview,False,False,0.5,"Creator interview, possibly edited"
Xp3m78ZLkO8,False,speech_or_lecture,False,False,0.85,Speech at T-Hub
ncjM7mY4LvE,False,product_launch_or_promo,False,False,0.97,Copilot promo
4GLSzuYXh6w,True,podcast_interview,False,False,0.97,Dwarkesh podcast
lb_ZJylekWo,True,tv_interview,False,False,0.95,CNBC interview
bsFXgfbj8Bc,True,tv_interview,False,False,0.9,WSJ exclusive interview
m164XggdRGA,True,tv_interview,False,False,0.92,CNBC interview
Ut9zcpOEGgc,True,tv_interview,False,False,0.93,Bloomberg interview
8-boBsWcr5A,True,podcast_interview,False,False,0.97,Dwarkesh podcast
FaV0tIaWWEg,False,keynote_or_presentation,False,False,0.98,Build keynote
Hgc-IlZWBE8,True,fireside_or_conference_qa,False,False,0.5,Sponsored but conversational Q&A
66VQ8QxgjYY,True,fireside_or_conference_qa,False,False,0.9,Talks at GS Q&A
9NtsnzRFJ_o,True,podcast_interview,False,False,0.97,BG2 podcast
RhwVMt_XCUE,False,keynote_or_presentation,False,False,0.98,Inspire keynote
-Osca2Zax4Y,True,fireside_or_conference_qa,False,False,0.97,Code 2021 interview
WaJOONFllLc,True,fireside_or_conference_qa,False,False,0.9,LlamaCon fireside chat
6tyCydR30pg,True,tv_interview,False,False,0.9,CBS Mornings interview
7802Gg9w7zU,True,panel,False,False,0.8,Davos panel with Nadella
8aBKVrLX0Dc,True,podcast_interview,False,False,0.6,Dwarkesh own clip channel
ejfsN8xOEoU,False,speech_or_lecture,False,False,0.55,Company channel education talk
1p6P471PBx0,True,fireside_or_conference_qa,False,False,0.92,TimesTalks interview
aEIceU_W58I,True,tv_interview,False,False,0.9,CNET interview
mwDVayzR258,True,tv_interview,False,False,0.93,CNBC interview
oke8jo9h9G8,False,about_the_ceo_not_by,False,False,0.95,Explainer about CEO
32u50tLJSls,False,about_the_ceo_not_by,False,False,0.95,Cramer commentary
f0uqUzEf3A8,False,compilation_or_reupload,True,False,0.9,Speech reupload channel
yNuLPWu38IU,True,podcast_interview,False,False,0.93,NBIM podcast
TSLcA66QgMY,True,fireside_or_conference_qa,False,False,0.92,WEF Davos conversation
L2OPYYthw4c,True,podcast_interview,False,False,0.93,Cheeky Pint interview
2SORT6-Fv8s,True,tv_interview,False,False,0.93,CNBC interview
zqEZyHkXgh0,True,podcast_interview,False,False,0.85,Hard Fork interview
1DCKbxfdYHs,False,panel,False,False,0.55,"Multi-CEO news segment, CEO minor"
StOtIakLe0Q,True,tv_interview,False,False,0.6,CBS Sunday Morning interview piece
YXxiCwFT9Ms,True,tv_interview,False,False,0.95,CBS full interview
BuPENBA93Xo,True,tv_interview,False,False,0.88,CNBC long interview
cXROx1EewjM,False,keynote_or_presentation,False,False,0.7,"Build stage segment, Altman answers"
H7qQSbjT1E0,True,tv_interview,False,False,0.95,CNBC full interview
y_doAHdL3v4,True,fireside_or_conference_qa,False,False,0.9,Intelligence Squared conversation
9KzfavvFEsE,False,keynote_or_presentation,False,False,0.97,Vision keynote
fUTUCGCBKbI,True,tv_interview,False,False,0.95,Bloomberg full show
s28FQ5VbdzA,True,tv_interview,False,False,0.88,CNA interview
r0TvE9PCRFE,True,tv_interview,False,False,0.93,BBC Newsnight interview
FEOLi0fRfxs,True,fireside_or_conference_qa,False,False,0.92,Economic Club Q&A
U5UICPrYmkA,False,about_the_ceo_not_by,False,False,0.9,Commentator video
NO0PWmuE8XI,True,tv_interview,False,False,0.92,CNBC interview
3Ki5ze3XPWU,False,about_the_ceo_not_by,False,False,0.9,"Ballmer speaking, not Nadella"
5qmv2kzKhYc,True,fireside_or_conference_qa,False,False,0.8,Ambani-Nadella conversation
TA7VfoqlYzM,False,about_the_ceo_not_by,False,False,0.9,Commentator video
H4bJvp_hEHI,True,tv_interview,False,False,0.95,Bloomberg full show
1co3zt3-r7I,True,fireside_or_conference_qa,False,False,0.93,WEF 2026 conversation
J054x-zU3m0,True,fireside_or_conference_qa,False,False,0.92,Economic Club Q&A
NLsoEJ7WpZY,True,fireside_or_conference_qa,False,False,0.92,WEF conversation
t1PAGcP9lhc,False,keynote_or_presentation,False,False,0.97,Inspire keynote
0v1vyWJQlzs,False,keynote_or_presentation,False,False,0.97,Innovate keynote
yZ7w_04vo7A,True,fireside_or_conference_qa,False,False,0.5,"India Today Conclave, likely moderated"
Hfmc78odv6E,False,compilation_or_reupload,True,False,0.9,DRM News reupload of WEF
MKaSyV-jkGw,True,tv_interview,False,False,0.85,WSJ long interview
3pkT80nuYQ8,False,about_the_ceo_not_by,False,False,0.95,Motley Fool explainer
PkgNhgBXY9I,False,compilation_or_reupload,True,False,0.85,Fan channel reupload
eM-VmSwEU-I,True,fireside_or_conference_qa,False,False,0.5,"Award event conversation, original outlet"
BQMA6wK9gyY,True,tv_interview,False,False,0.9,Bloomberg Live interview
nsODQzeX4t0,True,tv_interview,False,False,0.85,Bloomberg interview clip
t8WIO7zGZaI,True,tv_interview,False,False,0.7,CNBC-TV18 interview clip
HJIMxy1BkMI,False,about_the_ceo_not_by,False,False,0.92,Explainer channel
EsYqn1yvGco,True,fireside_or_conference_qa,False,False,0.92,WEF Davos conversation
d-uwSTuFKf4,False,keynote_or_presentation,False,False,0.95,Ignite keynote livestream
rQ4LBFqEKtA,True,tv_interview,False,False,0.93,Bloomberg Tech interview
O9q8TPuvbR8,False,other,False,False,0.9,Trial testimony news
KcoL-9CkPHc,True,fireside_or_conference_qa,False,False,0.9,Arista fireside chat
V109yXqZyHY,True,tv_interview,False,False,0.88,NDTV interview
h2OohQ1o6v8,True,fireside_or_conference_qa,False,False,0.85,Morgan Stanley conversation
ZabDGUAFEUg,False,product_launch_or_promo,False,False,0.95,Windows 11 reveal
1Av7JkKumGI,False,other,False,False,0.9,Testimony news segment
QnJ26bfcAcI,True,fireside_or_conference_qa,False,False,0.92,GeekWire Summit interview
g4KViNrpa0I,False,keynote_or_presentation,False,False,0.97,Event opening keynote
Y7DgG2f1wcc,True,fireside_or_conference_qa,False,False,0.55,CNBC-TV18 summit conversation
JEgvMWXPVIQ,True,tv_interview,False,False,0.92,CNBC interview
Faer37enuwQ,False,about_the_ceo_not_by,False,False,0.9,News package about CEO
ZYfHLwwlyP0,True,panel,False,False,0.8,CNBC multi-CEO interview
8peHCmtPPJM,False,compilation_or_reupload,True,False,0.85,Unrelated channel reupload
rwr4LyQwSOo,False,compilation_or_reupload,True,False,0.9,Fan channel clip
hc5cNSb2ngU,True,fireside_or_conference_qa,False,False,0.6,BioAsia fireside chat
AWw3k8kfuOE,True,tv_interview,False,False,0.8,"Rapid fire Q&A, original outlet"
rM5KKxLlyvo,True,tv_interview,False,False,0.88,CNBC interview
7YYqJZIvw2U,True,fireside_or_conference_qa,False,False,0.9,Red Hat Summit Q&A
EQFSPWVXVpY,True,tv_interview,False,False,0.6,Bloomberg interview clip
0XeXoOR_76A,False,keynote_or_presentation,False,False,0.95,Inspire live keynote
LE90Yc5TuCs,True,podcast_interview,False,False,0.85,Build podcast interview
Ifq_VA-4LQY,True,tv_interview,False,False,0.85,GeekWire interview
4wQ0o_5j_xQ,False,product_launch_or_promo,False,False,0.55,Partner promo conversation
-BtXZ7AWNz4,False,about_the_ceo_not_by,False,False,0.92,Analyst commentary
SEKxiiE88ss,True,panel,False,False,0.8,CNBC full multi-CEO interview
KMhMRUInQkY,True,tv_interview,False,False,0.88,CNBC interview
zXthhKZLhQM,False,compilation_or_reupload,True,False,0.75,ANI re-post of event clip
eXSs3UcN1vI,True,tv_interview,False,False,0.85,Charlie Rose interview
bbQHetNZLy4,False,speech_or_lecture,False,False,0.6,News clip of remarks
i_F1DXUf6f8,False,other,False,False,0.92,News report on appointment
0d8dA8GtE8U,True,podcast_interview,False,False,0.9,TBPN live interview
uC5oZKA0csU,True,tv_interview,False,False,0.92,CNBC-TV18 interview
GF2rr6qmmvQ,True,tv_interview,False,False,0.88,Handelsblatt interview
kqQjY1N6oAs,False,about_the_ceo_not_by,False,False,0.97,Intern vlog about CEO
pTR7d9tlaQs,True,tv_interview,False,False,0.88,Cheddar exclusive interview
Hl8MZbfBHAw,True,tv_interview,False,False,0.8,Bloomberg interview
q94xpAqFbBI,False,other,False,False,0.45,"Short event feature, unclear Q&A"
5w6KDWSScXg,True,tv_interview,False,False,0.9,Bloomberg interview
seF-ULjPuU4,True,fireside_or_conference_qa,False,False,0.92,SIEPR fireside chat
FpBIMrvXKGQ,False,other,False,False,0.85,Nadella is the interviewer
p1unMmnxeN0,True,tv_interview,False,False,0.8,CNBC-TV18 interview
QAbB5A2l4Qk,False,compilation_or_reupload,True,False,0.85,Reupload of NowThis interview
Bp1v4sHkYTk,False,about_the_ceo_not_by,False,False,0.55,Analysis package framing
xVU9kln30C4,False,about_the_ceo_not_by,False,False,0.8,Maersk CEO is the speaker
9DsKNVPlDP4,False,compilation_or_reupload,True,False,0.9,DRM News reupload of WEF
1CB2kGMQ6yI,False,compilation_or_reupload,True,False,0.5,"Aggregator channel, unclear original source"
6JiD6TXnBjE,True,tv_interview,False,False,0.9,Yahoo Finance original interview
jqtl_gSogxg,False,compilation_or_reupload,True,False,0.8,Re-upload of first CEO interview by non-original channel
LhM5HRS1ALQ,False,compilation_or_reupload,True,False,0.8,Commentary channel re-upload
LhC0qnA8qFM,False,keynote_or_presentation,True,False,0.7,"Summit speech, aggregator channel"
j2VVCKnr1oo,False,other,False,False,0.6,"Bloomberg news package, commentary-heavy"
g_iUdhxpc4k,True,fireside_or_conference_qa,False,False,0.8,Conversation posted by host company
esbJOU2UJ7k,False,keynote_or_presentation,False,False,0.95,Keynote
K6k5BtU2DUw,True,fireside_or_conference_qa,False,False,0.8,LinkedIn News original interview
LVuNCB-UWIQ,True,tv_interview,False,False,0.95,CNBC-TV18 original interview
pyeJJyAUjNg,False,fireside_or_conference_qa,True,False,0.7,Churchill Club event; duplicate of CHM upload
NXhcUcJZd8I,False,product_launch_or_promo,False,False,0.8,Partner promo clip
h7W7SVtCVhE,False,compilation_or_reupload,True,False,0.85,Tech blog commentary clip
WiXZzfHRr2s,False,other,False,False,0.7,News package about Nadella
-YNwGWIvyRg,True,fireside_or_conference_qa,False,False,0.95,"WEF Davos conversation, original"
zp7HKGvkgQ8,False,keynote_or_presentation,True,False,0.95,Ignite keynote
SMpsKDqiNeQ,True,tv_interview,False,False,0.9,CNBC-TV18 interview
zu1l7gunLIs,True,fireside_or_conference_qa,False,False,0.9,Computer History Museum fireside with Reid Hoffman
GAMPQPYiLyc,True,tv_interview,False,False,0.9,CNBC-TV18 original interview
Kw4BJJ-6P6E,True,podcast_interview,False,False,0.9,Masters of Scale interview
XbicSpUNd_4,False,compilation_or_reupload,True,False,0.6,Consultancy channel re-upload
SLY381X5V_8,False,compilation_or_reupload,True,False,0.85,Fan clip on empathy
MXAYWj8Qs5I,False,compilation_or_reupload,True,False,0.85,Short clip by individual channel
yMx5vW3EE2M,True,fireside_or_conference_qa,False,False,0.75,Amex official conversation
waauje2QnIE,False,other,False,True,0.9,"Mid-2000s Dynamics era, not CEO"
qU4_W-75_UI,False,other,False,False,0.8,Bloomberg profile package
VNBcCmBNXn8,True,tv_interview,False,False,0.85,ET Now interview
7QbpeOVc17Y,True,tv_interview,False,False,0.85,Bloomberg Television interview
7XLRnwuywa0,False,keynote_or_presentation,False,False,0.95,Keynote
-oQlM3NOyG0,False,other,False,False,0.6,"Short news clip, likely brief"
wBDgUX4Ufio,False,speech_or_lecture,False,False,0.7,Book talk excerpt
pq2FGnQPIBI,False,compilation_or_reupload,True,False,0.9,Motivational channel clip
RmcyuI9cgO8,True,tv_interview,False,False,0.9,ET Now exclusive interview
0JJxYg3gfzI,True,tv_interview,False,False,0.95,CNBC-TV18 interview segment 2
VsVxGkBmVgY,True,tv_interview,False,False,0.9,Bloomberg Tech interview
VE4wLsxBFoc,False,other,False,False,0.8,"Trial news coverage, not Q&A"
PwQti5ce0dQ,True,tv_interview,False,False,0.9,GeekWire interview
kAM8H9nDeaY,False,about_the_ceo_not_by,False,False,0.9,Podcast discussion about Nadella
NgSb0S6Blgo,False,keynote_or_presentation,True,False,0.95,Build opening session keynote
IyWIJRVjUl0,True,tv_interview,False,False,0.85,KING 5 extended interview
bD5NmxNWMms,False,compilation_or_reupload,True,False,0.8,Commentary re-upload clip
vGG6zDMTp58,True,tv_interview,False,False,0.9,CNBC-TV18 interview part 2
VbskphfI5Yo,True,fireside_or_conference_qa,False,False,0.8,All-In live onstage Q&A
6dZokwsZid4,True,tv_interview,False,False,0.9,ET Now conversation
096DQ4VGKxY,True,tv_interview,False,False,0.7,CNBC-TV18 exclusive within news show
o0YlFtb0Vs4,True,tv_interview,False,False,0.9,CNBC-TV18 interview segment
REONBND541I,False,compilation_or_reupload,True,False,0.85,Individual re-upload of WSJ interview
m15-741LQ_8,False,speech_or_lecture,True,False,0.9,Motivational speech channel
Xai52kE9xr8,False,about_the_ceo_not_by,False,False,0.8,"Podcast about Microsoft eras, not Nadella Q&A"
_idBlRBQlIw,False,keynote_or_presentation,True,True,0.95,"2012 keynote, not CEO"
B0koBXR6wlU,True,tv_interview,False,False,0.85,Bloomberg Technology interview
rwfUkZr2qoI,False,compilation_or_reupload,True,False,0.9,Gaming commentary channel
1m0EjZ1M7vU,True,tv_interview,False,False,0.9,Bloomberg Talks interview
LE2362zsLJI,False,compilation_or_reupload,True,False,0.9,Multi-person stitched fan upload
zctvOdIy8RU,False,compilation_or_reupload,True,False,0.8,Aggregator channel
nqzCfEWZCiI,False,compilation_or_reupload,True,False,0.85,Re-upload of first interview
2ntGmNcN0WQ,False,compilation_or_reupload,True,False,0.9,Inspirational channel clip
RLFazaPxWmM,False,tv_interview,False,False,0.5,Short local news segment
19qj2Y29cG0,True,tv_interview,False,False,0.8,Cheddar interview
9A8Qxs8jik8,False,compilation_or_reupload,True,False,0.85,Re-upload of MKBHD interview
kF1OPndsAE8,False,compilation_or_reupload,True,False,0.8,Fan channel re-upload of Davos
vNDgZmtpK8Y,False,panel,True,False,0.7,Aggregator re-upload of multi-person panel
RrxB5Lls3Uw,False,keynote_or_presentation,True,False,0.95,Ignite keynote excerpt
cIO6nAvMgdM,False,compilation_or_reupload,True,False,0.85,Individual channel clip
WpaelxAlVCA,False,compilation_or_reupload,True,False,0.85,Aggregator channel re-upload
9JMhxC1o9lM,False,compilation_or_reupload,True,False,0.85,Aggregator channel re-upload
MUtsvaFdb_g,False,ai_or_fake_suspected,False,False,0.85,Generic narrated story channel
zsS4KuQRYZU,False,fireside_or_conference_qa,True,False,0.6,Re-upload by trends channel
maUoKeDefFk,False,speech_or_lecture,True,False,0.9,Speechopedia motivational clip
r8InTSCofEs,False,panel,True,False,0.75,Aggregator re-upload of Davos session
YKMp0Sou_EU,False,about_the_ceo_not_by,False,False,0.95,Podcast about Nadella by former employee
ZIaBNO6E_2s,False,about_the_ceo_not_by,False,False,0.6,Leaders podcast episode likely about him
5_Monepx4jc,False,compilation_or_reupload,True,False,0.85,Low-view aggregator clip
PZHYd-LafBo,False,about_the_ceo_not_by,False,False,0.97,Motivational biography channel
mpfxsvBPWEs,False,speech_or_lecture,False,False,0.9,Prepared opening statement to Congress
vWLcyFtni6U,False,keynote_or_presentation,True,False,0.9,I/O keynote reposted by non-original channel
JaUCiKTNBxQ,False,about_the_ceo_not_by,False,False,0.95,"Day-in-life explainer, not interview"
H_8UBv5bZo0,False,fireside_or_conference_qa,False,False,0.6,"Shah Rukh Khan is the guest, Pichai hosts"
y9bkQ_U7dPU,True,fireside_or_conference_qa,False,False,0.7,Code 2016 clip on original Kara Swisher channel
l2mI-aqz4vo,False,about_the_ceo_not_by,False,False,0.95,Biography success story
X7vVP7F3-wM,True,podcast_interview,False,False,0.85,Creator interview with Pichai at I/O 2022
DyCekQsZGHM,False,about_the_ceo_not_by,False,False,0.95,Commentary on his career
dc8i_xlRZZE,False,other,False,False,0.6,Short news feature package on campus visit
gEDChDOM1_U,False,speech_or_lecture,False,False,0.97,"Commencement speech, scripted"
j9qGmO8Yy-Y,True,fireside_or_conference_qa,False,False,0.92,Stanford GSB conversation Q&A
MwAOeUmkT-U,True,fireside_or_conference_qa,False,False,0.9,"Live Q&A at Delhi University, official channel"
4hEDKbUk03k,False,compilation_or_reupload,True,False,0.85,Aggregator vision compilation
wSzT7aI6lh8,False,compilation_or_reupload,True,False,0.9,Re-upload of Talks at Google event
LK1Hd_zjypc,False,compilation_or_reupload,True,False,0.97,Motivational best-speeches compilation
_kCT_lcM9ow,True,fireside_or_conference_qa,False,False,0.85,Sal Khan conversation on Khan Academy
ReGC2GtWFp4,True,podcast_interview,False,False,0.97,All-In long-form interview
VR6-k0Vp9d8,False,about_the_ceo_not_by,False,False,0.97,Home tour with neighbors
4sV_mQ7BYDU,True,tv_interview,False,False,0.8,BBC Tamil interview
eHMViKOOfg8,True,tv_interview,False,False,0.9,BBC News interview
DFyJgOAap2c,False,speech_or_lecture,False,False,0.97,Commencement address
-s-h-eebSgw,False,compilation_or_reupload,True,False,0.9,Speech reposted by aggregator
AEoDF7hLQ14,True,podcast_interview,False,False,0.8,Tweak India interview series
k6YbWRJFoVM,False,other,False,False,0.9,Trump roundtable with many CEOs
7sncuRJtWQI,True,fireside_or_conference_qa,False,False,0.9,WEF Davos onstage conversation
A4ZdVB3xRgU,True,tv_interview,False,False,0.93,Bloomberg studio interview
SVHWxUKr9SQ,True,tv_interview,False,False,0.75,BBC Telugu interview clip
H8_r6dKwids,False,about_the_ceo_not_by,False,False,0.95,Explainer profile
OsxwBmp3iFU,True,fireside_or_conference_qa,False,False,0.95,NYT Events onstage interview
RgV57kDzcng,True,podcast_interview,False,False,0.93,Hard Fork interview
JlRt7I0YcHU,False,tv_interview,False,True,0.97,"Chrome VP era, not CEO"
oOXrYcunHmQ,True,tv_interview,False,False,0.93,CNBC interview
IwS3OF7zCY4,True,fireside_or_conference_qa,False,False,0.95,Code Conference full interview
jAtH_ZEoxtw,False,speech_or_lecture,False,False,0.9,Prepared opening statement
R8tBERK92kk,True,podcast_interview,False,False,0.8,Creator interview at I/O 2023
u07TTQzX-L0,True,fireside_or_conference_qa,False,False,0.97,Code 2022 full interview
UN3RicrqI10,True,fireside_or_conference_qa,False,False,0.75,NDTV IIT student Q&A
eIUqw3_YcCI,False,keynote_or_presentation,False,False,0.97,Keynote opening remarks
pW6yJOqFiVQ,True,tv_interview,False,False,0.95,Rubenstein Show interview
IACy_jZUkiE,True,podcast_interview,False,False,0.85,"Lex Fridman clip, original publisher"
dLmZhm356dg,True,tv_interview,False,False,0.85,NDTV interview after CEO appointment
Ab3W-DJahqc,True,podcast_interview,False,False,0.8,Lex Clips podcast excerpt
64sAIAhKPlA,False,other,False,False,0.9,"Award ceremony, no Q&A"
7hIH8kW1Hbc,True,fireside_or_conference_qa,False,False,0.85,"Code 2016 clip, original channel"
HoKyNu-ZVPI,True,podcast_interview,False,False,0.75,GadgetMatch one-on-one interview
EuF8nv53JeI,True,fireside_or_conference_qa,False,False,0.9,HT Leadership Summit conversation
fpruq_FqVWM,True,podcast_interview,False,False,0.85,Lex Fridman podcast clip
iFqDyWFuw1c,True,podcast_interview,False,False,0.85,Official channel interview on Gemini 3
duHhImuaZGU,False,keynote_or_presentation,False,False,0.97,Keynote opening remarks
hZsCFGh92yI,False,compilation_or_reupload,True,False,0.8,Third-party channel reupload of IIT event
ApvbIIElwi8,True,fireside_or_conference_qa,False,False,0.85,WEF official onstage conversation
Axfo6BTENEo,False,tv_interview,False,True,0.95,"2014, pre-CEO role"
YkhNMNKiLs0,True,tv_interview,False,False,0.9,NDTV Prannoy Roy interview
shOp09z7KqE,True,podcast_interview,False,False,0.8,Lex Fridman podcast clip
s89FDzHVGW8,True,tv_interview,False,False,0.93,CNBC interview
oz2AfJfLVAA,False,compilation_or_reupload,True,False,0.9,Unknown viral channel reupload
sHjLm85s4KE,False,other,False,False,0.9,News package about succession
Oo3HPXEp54s,True,fireside_or_conference_qa,False,False,0.7,World Governments Summit conversation clip
brQH2CCxbSE,True,fireside_or_conference_qa,False,False,0.93,Dreamforce conversation with Benioff
0IkVMEBkzZs,False,compilation_or_reupload,True,False,0.85,Fan channel reupload of SRCC event
QWSXKlEKEiI,False,other,False,False,0.9,News report on succession
frGb32TL7M8,True,fireside_or_conference_qa,False,False,0.7,Signal 2021 conference conversation
JxKm8G4gu2E,False,about_the_ceo_not_by,False,False,0.95,Commentary channel about letter
nCqEi1T0Mtk,False,other,False,False,0.7,"Short feature, not Q&A"
Vo5lK_dgznk,True,podcast_interview,False,False,0.85,Lex Fridman podcast clip
OAsrk7Q0T4I,False,compilation_or_reupload,True,False,0.85,Aggregator clip of Dreamforce
_1wx4TMJdwA,False,panel,False,False,0.7,"Political roundtable, CEO minor speaker"
VijSQFDXQgQ,True,fireside_or_conference_qa,False,False,0.65,Keynote interview onstage in Nigeria
epbhvVSzFN8,False,compilation_or_reupload,True,False,0.9,Reupload of NDTV interview
FIVeVu8WS60,False,compilation_or_reupload,True,False,0.85,Aggregator clip
nmzG8Ln2g7g,False,other,False,False,0.8,Congressional hearing questioning clip
iKnxXPw1Vig,False,speech_or_lecture,False,False,0.9,Opening testimony prepared text
Qfq8K4KgylY,False,other,False,False,0.9,News report on succession
weHRF-IwNRw,False,other,False,False,0.95,"Analyst commentary, not CEO"
hX7ijCR7jfA,True,tv_interview,False,False,0.93,CNBC interview
LevhGftFz9U,True,fireside_or_conference_qa,False,False,0.93,TIME100 Talks interview
rA6MSW0PR9o,False,about_the_ceo_not_by,False,False,0.9,News profile package
YLJ24yxlDLM,True,fireside_or_conference_qa,False,False,0.85,HT Leadership Summit conversation
tyuGQHfDDIM,True,fireside_or_conference_qa,False,False,0.65,Onstage conversation with minister
BKafBjzweok,True,fireside_or_conference_qa,False,False,0.65,"Wharton conversation, official channel"
_wzg7E9vieU,False,about_the_ceo_not_by,False,False,0.9,"Podcast about him, not with him"
_aAf_AcaOT4,True,podcast_interview,False,False,0.85,Lex Fridman podcast clip
XY0UtU_vlAE,True,tv_interview,False,False,0.9,CNBC interview
6sGmrlNYgrk,True,podcast_interview,False,False,0.85,Lex Fridman podcast clip
VhTXFcZAwb0,True,fireside_or_conference_qa,False,False,0.8,"USIBC conversation, org channel"
QgdKv2mYISA,False,keynote_or_presentation,True,False,0.95,Keynote highlights reupload
9C20esBUf-Q,True,podcast_interview,False,False,0.8,Official beyond-the-keynote interview
57iTl_1ZI-M,False,other,False,False,0.8,CNBC analysis package
QGi57UsJ-_A,True,fireside_or_conference_qa,False,False,0.85,University conversation with Q&A
LdOeeG5Yl30,True,fireside_or_conference_qa,False,False,0.85,HT Leadership Summit conversation
4oOkZZLNhMo,True,podcast_interview,False,False,0.85,Lex Fridman podcast clip
9z3vG0bxg1w,True,tv_interview,False,False,0.6,NDTV short interview clip
PmJ6-tOOVAg,False,compilation_or_reupload,True,False,0.85,Aggregator personal-story clip
bEIsQNQ9HsI,True,tv_interview,False,False,0.93,Yahoo Finance interview
BntGntc2izQ,True,tv_interview,False,False,0.93,CBS News interview
a0iWdhdSIX4,False,compilation_or_reupload,True,False,0.85,Third-party clip channel
t2Uk1mKHesc,False,other,False,False,0.85,"News package, multiple CEOs"
GAOj9ulIUCs,True,podcast_interview,False,False,0.85,Lex Fridman podcast clip
nUMdH5mulDg,False,keynote_or_presentation,True,False,0.95,Cloud Next keynote reupload
RD4ddU52yRM,False,other,False,False,0.8,News report on AI pact
uXA3ZNlzJoQ,False,compilation_or_reupload,True,False,0.85,Aggregator clip
kworLT56qDw,True,podcast_interview,False,False,0.85,Lex Fridman podcast clip
Buhuommws-k,False,keynote_or_presentation,True,False,0.95,Stadia launch keynote note
uwtalCsbXr8,True,tv_interview,False,False,0.93,Yahoo Finance interview
A7X-tJi3bTA,True,fireside_or_conference_qa,False,False,0.65,"Conversation with minister, CNBC-TV18"
9OBjd2yQrU4,False,compilation_or_reupload,True,False,0.85,Fan channel curated Q&A clips
Extr_p3Z7u0,False,compilation_or_reupload,True,False,0.85,Events channel highlights reupload
jezQOvHBZRo,False,other,False,False,0.8,Congressional hearing clip
Z268tT5UUm0,False,about_the_ceo_not_by,False,False,0.95,English coaching analysis of speaking
JCp04WOCGCs,False,speech_or_lecture,True,False,0.85,Award acceptance on third-party channel
Pn5iwMmBxA0,False,keynote_or_presentation,False,False,0.95,Stadia announcement
mtTTiaRFX4s,False,speech_or_lecture,True,False,0.95,Commencement speech reupload
BpjVqVPFkic,True,fireside_or_conference_qa,False,False,0.6,CNBC-TV18 townhall Q&A
o7yRDLesar8,False,other,False,False,0.8,News segment on investment
b-811gngTwo,False,compilation_or_reupload,True,False,0.85,Aggregator clip
KbSlVbF0Ll0,False,compilation_or_reupload,True,False,0.8,Third-party channel event reupload
6RvqxN7NW5M,False,compilation_or_reupload,True,False,0.8,Third-party reupload of discussion
XMaZ5TLAn20,False,compilation_or_reupload,True,False,0.9,Comedy channel clip
WtEVeb6ivbM,False,compilation_or_reupload,True,False,0.85,Fan channel reupload of SRCC event
gsGESPoAvmk,False,compilation_or_reupload,True,False,0.6,"Aggregator channel, short clip, original unknown"
g24FYRLmxmM,False,compilation_or_reupload,True,False,0.6,Fan channel upload of India event
5UDtNVjIMx0,True,tv_interview,False,False,0.85,Bloomberg interview on Bloomberg Podcasts channel
qsDSlteB3IY,False,compilation_or_reupload,True,False,0.6,News aggregator clip of Dreamforce chat
RhSsV7tvnEg,False,compilation_or_reupload,True,False,0.75,Review channel re-upload of Bloomberg interview
SCT-3MglOK8,False,compilation_or_reupload,True,False,0.7,"Generic aggregator channel, short Q&A clip"
XQ7It4556vM,False,compilation_or_reupload,True,False,0.7,"Aggregator short clip, original unknown"
vp1Nt7NUaE4,False,ai_or_fake_suspected,False,False,0.9,Motivational channel journey video
ToiKt2fOlhQ,False,compilation_or_reupload,True,False,0.7,Fan channel short clip
WiwXtTNhQlA,False,compilation_or_reupload,True,False,0.6,Obscure channel re-upload of Delhi event
YmzON1l3YcM,False,compilation_or_reupload,True,False,0.7,Aggregator rapid Q&A clip
nyRpU_9HRcM,False,compilation_or_reupload,True,False,0.75,"Funny clip channel, stitched rapid round"
hhikfwpLvZM,False,compilation_or_reupload,True,False,0.7,Individual fan channel re-upload
NnF6Z4lR2Yo,False,compilation_or_reupload,True,False,0.8,Short clip by individual channel
yqVDHexFYWQ,False,compilation_or_reupload,True,False,0.65,Motivational-style channel re-upload
j7dmrFxnVd8,False,compilation_or_reupload,True,False,0.75,Short topical clip from aggregator
wAe8lRpv7wk,False,compilation_or_reupload,True,False,0.75,"Fan channel clip, must-watch style"
g5Hp1ZlQ8ys,False,compilation_or_reupload,True,False,0.6,"Re-upload of WEF session, not WEF channel"
JQkkjmHcmA8,False,compilation_or_reupload,True,False,0.65,"Small channel, likely clips or commentary"
4nTvFf4wyhs,False,compilation_or_reupload,True,False,0.8,"Summary channel, 10 min of 3-hour podcast"
QcuRrIzJO8Y,False,keynote_or_presentation,True,False,0.95,"I/O keynote, scripted"
oKIAGQGqAO0,False,compilation_or_reupload,True,False,0.75,Re-upload of 60 Minutes clip by individual
dYQLE9JU-UM,False,keynote_or_presentation,True,False,0.95,I/O keynote clip
YGF7S0cglHA,False,compilation_or_reupload,True,False,0.6,Fan re-upload of IIT event
vsssxw5mSr0,False,compilation_or_reupload,True,False,0.8,"Inspirational speeches channel, I/O segment"
hTUvoz-RUUM,False,about_the_ceo_not_by,False,False,0.9,Commentary news about Pichai
6rnI5d90AO8,False,compilation_or_reupload,True,False,0.8,"Funny interview clip, aggregator"
2e9ikxZjz5s,False,compilation_or_reupload,True,False,0.6,Re-upload of Davos session by other channel
3PK3OuSUke4,False,keynote_or_presentation,True,False,0.95,I/O 2021 keynote
3ipo-fob07g,False,compilation_or_reupload,True,False,0.6,Impact A.I. channel re-upload of BBC interview
NrzrfwaB5e4,False,compilation_or_reupload,True,False,0.6,"Short clip, RDS likely re-upload"
NqBzJ_qb_bQ,False,keynote_or_presentation,True,False,0.95,Full I/O keynote
xgBJMh-SDPE,False,compilation_or_reupload,True,False,0.8,Clickbait Hindi aggregator channel
-4ESVOSedS0,False,compilation_or_reupload,True,False,0.7,Individual channel re-upload
EgvUQ3JAzIk,False,compilation_or_reupload,True,False,0.6,"News livestream of company issues, not Q&A"
woZyQ2KRPf8,False,compilation_or_reupload,True,False,0.7,Small channel clip of I/O segment
1aGpJQ8BMLI,False,podcast_interview,False,True,0.8,2025 podcast; Saylor Exec Chairman
Vuz44fwkEz0,False,podcast_interview,False,True,0.8,2025 podcast; Exec Chairman era
qBPtUf50XVg,False,compilation_or_reupload,True,True,0.85,"Aggregator 'BEST' podcast, 2025"
49FhysfWX1M,True,podcast_interview,False,False,0.9,"PBD podcast 2021, CEO era"
7hyoONj4nEY,False,podcast_interview,False,True,0.85,2025 JBP podcast; Exec Chairman
w1PRsS4SyUc,True,podcast_interview,False,False,0.8,"PBD podcast mid-2022, before Aug 2022"
pQ7fjpqzUS4,False,podcast_interview,False,True,0.85,Nov 2024 podcast; Exec Chairman
PnSZjYCy1f4,True,tv_interview,False,False,0.9,"CNBC full interview Apr 2022, CEO"
-cx1Am2UFCA,True,podcast_interview,False,False,0.7,"InvestAnswers interview, 2021 era"
b0KU4cJgj6g,False,podcast_interview,False,True,0.8,2025 interview; Exec Chairman
RI4xEHI7tGg,True,podcast_interview,False,False,0.85,"PBD podcast 2021-22, CEO era"
zr_3F-zNM8g,True,podcast_interview,False,False,0.85,"Redacted interview 2021, CEO era"
i19xTlTcAmY,False,speech_or_lecture,False,False,0.75,"Masterclass lecture, not Q&A"
3YM9ELaVDwc,False,compilation_or_reupload,True,True,0.7,"Short explainer clip, likely 2025"
8eaJ3VuzhmY,False,podcast_interview,False,True,0.8,2025 podcast; Exec Chairman
AH236XOWNiI,False,fireside_or_conference_qa,False,True,0.9,Bitcoin 2025; Exec Chairman
Sj_apiQdDbQ,False,tv_interview,False,True,0.9,Strategy era CNBC; Exec Chairman
XgqC5_eugJI,True,fireside_or_conference_qa,False,False,0.5,"Long-form conversation, date unclear"
PGTQIl7GtMA,True,tv_interview,False,False,0.85,"CNBC 2021, CEO era"
Fztho2KqqdU,True,tv_interview,False,False,0.9,CNBC 2021 Citron response
LWiYDjScyeI,False,tv_interview,False,True,0.9,Strategy era CNBC; Exec Chairman
r2X04I6yGdY,False,speech_or_lecture,False,True,0.85,"Conference speech, no Q&A"
7vkR2he4S-Y,False,tv_interview,False,True,0.9,Strategy era CNBC; Exec Chairman
WrR95PFYDFQ,True,podcast_interview,False,False,0.85,"Pomp podcast 2021, CEO era"
Ww47E1XjP2c,False,compilation_or_reupload,True,False,0.55,"'BEST interview' hype title, likely reused footage"
s3A_gnN3qEs,False,tv_interview,False,True,0.9,Strategy era CNBC; Exec Chairman
wdJFeSY8UVk,False,compilation_or_reupload,True,False,0.9,Fan re-upload of Tucker Carlson interview
wA_fI-wUqnw,False,compilation_or_reupload,True,False,0.8,Fan channel re-upload of Stevens discussion
8Mhu6dxj7qk,False,speech_or_lecture,False,True,0.85,2023 conference speech; Exec Chairman
1l45B4mYl-o,True,tv_interview,False,False,0.85,"CNBC 2021, CEO era"
t_nVYtoiShg,True,podcast_interview,False,False,0.7,"Hedgeye interview, likely 2021"
2Z8iZHScPUA,False,tv_interview,False,True,0.9,Strategy era CNBC; Exec Chairman
ZcjFrIMw2sI,False,keynote_or_presentation,False,False,0.9,Gala keynote speech
rQMFrpUFcNM,False,keynote_or_presentation,False,True,0.95,Keynote 2025
HvkqptH CNBC,False,tv_interview,False,True,0.9,Bitcoin 2025; Exec Chairman
_Y8HAqAYMhE,False,keynote_or_presentation,False,True,0.95,Keynote 2026
vveGfIfoDkc,False,compilation_or_reupload,True,False,0.85,Fan clip channel
kCwktI38LIo,True,tv_interview,False,False,0.85,"Bloomberg Studio interview, CEO era"
nEeVgtDn3Bw,False,tv_interview,False,True,0.9,Strategy era CNBC; Exec Chairman
gCfA1lkmJo4,False,compilation_or_reupload,True,False,0.9,Clips channel excerpt
iCZqVszBUdk,False,tv_interview,False,True,0.9,Strategy era CNBC; Exec Chairman
kerfDFUdFXk,False,podcast_interview,False,True,0.9,STRC era 2025+; Exec Chairman
PZZq_tyV8_M,True,podcast_interview,False,False,0.5,"Crypto Banter exclusive, date unclear"
1r23Wv_OzYo,True,tv_interview,False,False,0.9,CNBC titled MicroStrategy CEO
w5IgH8GedNs,True,fireside_or_conference_qa,False,False,0.55,"Backstage interview, original outlet"
M1e7xNdCgM4,False,tv_interview,False,True,0.55,Likely late 2024 post-election; Exec Chairman
Zx186WuAnaQ,False,podcast_interview,False,True,0.8,2023 live; Exec Chairman
GLs6CEsJp5s,False,podcast_interview,False,True,0.85,$40B holdings implies 2025
l-N1Mb3xTi8,True,tv_interview,False,False,0.85,CNBC 2021 MicroStrategy CEO
_uJwvlimnNs,True,fireside_or_conference_qa,False,False,0.9,Bitcoin 2021 fireside
b4Pyfpprkms,True,tv_interview,False,False,0.85,CNBC 2021
qvEynRHS_Cg,False,tv_interview,False,True,0.85,Strategy era; Exec Chairman
kYrdIYgjuGk,False,compilation_or_reupload,True,False,0.9,Fan channel re-upload
GYJWnSJrthk,False,about_the_ceo_not_by,False,True,0.9,Commentary about Saylor
csT9MTHQR5M,False,about_the_ceo_not_by,False,True,0.9,Commentary about Saylor
KhtYB48ktDY,False,podcast_interview,False,True,0.85,Recent sell-bitcoin news; Exec Chairman
-x_GdaPIcaM,True,tv_interview,False,False,0.55,"Bloomberg Tech interview, date unclear"
wz1oZ8giKXI,True,tv_interview,False,False,0.8,CNBC MicroStrategy era interview
ykvjtK30HiA,False,fireside_or_conference_qa,False,True,0.6,"Galaxy event, likely 2025"
E5zFGmwVC0Q,True,podcast_interview,False,False,0.5,"Altcoin Daily interview, date unclear"
t0mhU6umAuI,False,podcast_interview,False,True,0.85,Bankless 2025; Exec Chairman
yLmq12jDsUg,False,about_the_ceo_not_by,False,False,0.95,"Interview with Chanos, not Saylor"
Ns07Q0A_zJo,True,podcast_interview,False,False,0.6,"Bitcoin Magazine interview, likely 2021"
-LFofHs0Lsk,False,compilation_or_reupload,True,False,0.8,Aggregator channel re-upload
rPYt_Z9lYlM,True,fireside_or_conference_qa,False,False,0.85,"Kraken 2020 conversation, CEO"
OAVTMr9XuvE,False,compilation_or_reupload,True,True,0.9,Re-upload of Fox Business interview
QUgimEJtQw8,True,tv_interview,False,False,0.9,CNBC titled MicroStrategy CEO
M77XfpRZr_Y,True,tv_interview,False,False,0.85,CNBC MicroStrategy era
UUuC-NGWc0I,False,podcast_interview,False,True,0.65,Market structure topic implies 2025
0aZlOCJ78fU,False,podcast_interview,False,True,0.6,"Retrospective, likely 2024-25"
cuRRVo2Cmsc,True,podcast_interview,False,False,0.85,"Unchained Ep 209, 2021"
li3a7lKRlFk,False,keynote_or_presentation,False,False,0.95,Company keynote
RTiRf1NDEr8,False,podcast_interview,False,True,0.5,"Corporate treasury theme, likely 2024+"
HMuhsHvcOO4,False,compilation_or_reupload,True,False,0.8,"Short clip, hype title"
LgzDVsONr9M,False,about_the_ceo_not_by,False,False,0.9,Commentary channel about Saylor
eCjiHcaWEa8,True,tv_interview,False,False,0.7,CNBC MicroStrategy era interview
knx-HhEgzJc,True,podcast_interview,False,False,0.8,Interviewer's own 2021 interview
pO1HuXTl0eY,False,keynote_or_presentation,False,True,0.9,2026 conference talk
LSCU32XBDlQ,False,podcast_interview,False,True,0.8,Recent clip; Exec Chairman
mph9xUEvjtU,False,compilation_or_reupload,True,False,0.9,'Best of' excerpt
O445W707EYs,False,compilation_or_reupload,True,False,0.6,"Short clip, date unclear"
TLzloC1HvFk,True,podcast_interview,False,False,0.45,"Long-form, probably 2020-21 interview"
Z3fkCIQ91hg,True,tv_interview,False,False,0.85,CNBC MicroStrategy era
MSMJBmo_q4s,True,tv_interview,False,False,0.85,CNBC MicroStrategy era
DOFW5QUDeg4,False,compilation_or_reupload,True,False,0.85,3-minute clip
FVuKRYuhv8w,False,podcast_interview,False,True,0.8,2025 treasury interview; Exec Chairman
8GXy0o0tT28,True,tv_interview,False,False,0.85,"CNBC Mar 2022, CEO"
bS9czFB7610,False,podcast_interview,False,True,0.85,Phong Le is CEO; 2025
BM318AqxxcI,False,about_the_ceo_not_by,False,True,0.95,Commentary channel
zFpqFFpdfWw,False,compilation_or_reupload,True,True,0.85,2026 clip compilation
7biBCkOszvY,False,podcast_interview,False,True,0.6,Likely 2023-24 AMA; Exec Chairman
AjX4twBYBzA,True,tv_interview,False,False,0.6,"Bloomberg TV interview, likely 2021-22"
36C0_9WuO74,False,podcast_interview,False,True,0.8,BlackRock ETF era 2024+
noC7pqm5Wus,False,podcast_interview,False,True,0.85,"When he would sell, 2025+"
gayNo1M1OXU,False,podcast_interview,False,True,0.9,"Strategy sold bitcoin, 2026"
wLIjXVOFfYw,False,fireside_or_conference_qa,False,True,0.9,CPAC 2025; Exec Chairman
qRty3bIg6Yo,False,tv_interview,False,True,0.85,Bitcoin 2023; Exec Chairman
MqXRG9c9vV0,False,tv_interview,False,True,0.9,STRC 2025; Exec Chairman
qOLq8PTYg2o,False,about_the_ceo_not_by,False,True,0.95,Commentary channel
y9ESbX3btZE,False,podcast_interview,False,True,0.8,2025 CoinDesk; Exec Chairman
dP-wH88Y810,False,compilation_or_reupload,False,True,0.95,Compilation of interviews 2021-2024
HSZchBL-DDg,True,tv_interview,False,False,0.55,"Old Bloomberg interview, CEO era"
WkJNRSCeZ7E,False,podcast_interview,False,True,0.5,"Tidal ETF series, likely 2024+"
7qhG2NzTb2M,False,about_the_ceo_not_by,False,True,0.85,Commentary news video
pVqMbDvRnt8,True,podcast_interview,False,False,0.8,2020-21 $425M era podcast
uZMFwm7Zc8w,False,compilation_or_reupload,True,False,0.9,Prediction clip channel
IZ9_xK1peIs,False,tv_interview,False,True,0.9,STRC 2025; Exec Chairman
6I9X SkyBridge,True,podcast_interview,False,False,0.85,"SkyBridge Oct 2021, CEO"
i9_S6r2qvOQ,False,keynote_or_presentation,False,True,0.9,Keynote talk
9T2Ri7IzrsE,False,fireside_or_conference_qa,False,True,0.9,Strategy World 2026; Exec Chairman
j64ff46QaRs,False,tv_interview,False,True,0.7,CNBC 2024; Exec Chairman
jRQcq-1r7Uo,True,fireside_or_conference_qa,False,False,0.85,"Bitcoin Magazine 2020-21, CEO"
6XgmMJOljzQ,False,about_the_ceo_not_by,False,True,0.85,Commentary news video
UmRdP5FjZqI,False,about_the_ceo_not_by,False,True,0.85,Commentary channel
v5OzPTZw2Ok,False,about_the_ceo_not_by,False,True,0.85,Commentary about Saylor
nC37CqWpxfI,False,podcast_interview,False,False,0.85,Saylor is the interviewer
PzBErKArpuU,False,compilation_or_reupload,True,False,0.9,Hype clip channel
n17BpP39aBs,True,podcast_interview,False,False,0.8,"Swan interview 2021, CEO"
ZXjmktxufAI,False,compilation_or_reupload,True,False,0.85,Prediction commentary re-use
7Og_IkpDXzs,False,compilation_or_reupload,True,True,0.75,Aggregator clip
eywzBFdZGZk,False,compilation_or_reupload,True,False,0.7,2000 Charlie Rose reupload by fan channel
HGi2JSQNAcw,False,about_the_ceo_not_by,False,False,0.85,Commentary channel price-prediction video
HqyYk1mOlVU,True,tv_interview,False,False,0.8,"Guy Adami interview, original outlet"
G79Xur_cuA0,False,compilation_or_reupload,True,False,0.6,"Aggregator channel, original publisher unknown"
ecRkjA-SxSI,True,podcast_interview,False,False,0.7,"Long interview, 2021-era topics, likely original"
eWdXMfZ_0dY,True,podcast_interview,False,False,0.85,The Block long-form interview
iDZftvmzwrs,False,other,False,False,0.9,"News package, Saylor only mentioned"
nnLxTN28brA,False,about_the_ceo_not_by,False,False,0.85,Hype commentary channel
--zIMJcy8C4,False,keynote_or_presentation,False,False,0.75,"Conference talk, not Q&A"
CiW3LfWFXOY,True,podcast_interview,False,False,0.85,Bitcoin Magazine long interview part 3
i0e4VWFYkws,True,podcast_interview,False,False,0.6,"Short clip from Bitcoin Magazine interview, CEO era"
DD1Y-Uhj4Og,False,about_the_ceo_not_by,False,False,0.9,Commentator news video
1dZSzusz9YE,True,podcast_interview,False,False,0.85,"The Breakdown long interview, 2020"
rN11PK3dN-I,False,compilation_or_reupload,True,False,0.65,Fan upload of conference event
mtPD0EGev6E,False,compilation_or_reupload,True,True,0.7,"Aggregator, 2023 title, post-CEO"
pxCoWK8iUqw,True,tv_interview,False,False,0.5,"Bloomberg TV interview, date uncertain"
P5C9oRqTeqI,False,compilation_or_reupload,True,False,0.75,Aggregator clickbait recap
dogJz_CfQW8,False,ai_or_fake_suspected,False,False,0.9,Meditation compilation channel
KXKfnD4LRrk,False,compilation_or_reupload,True,False,0.8,Reupload channel
fdwyPvF-vAU,True,podcast_interview,False,False,0.5,"Show interview, likely original"
7g9g066wryk,False,other,False,True,0.75,"2023 press room, Saylor not CEO"
G87Vy-dZbdw,False,compilation_or_reupload,True,True,0.6,"Reupload of Yahoo clip, post-2022"
Hj8CxGMK9IM,False,compilation_or_reupload,True,True,0.8,"Aggregator, 2023 clips"
01vEes4b8pM,True,podcast_interview,False,False,0.65,"Bitcoin Magazine interview clip, CEO titled"
Keevs38jyD8,False,other,False,False,0.8,Child novelty interview
hrW-zrlbR9A,True,tv_interview,False,False,0.8,Bloomberg Technology interview 2021
m1YAbreW2G4,False,tv_interview,False,True,0.8,"Strategy era, Saylor exec chairman"
bqwC283kI3k,False,compilation_or_reupload,True,False,0.8,Aggregator clip channel
5ET91GIxnE8,True,tv_interview,False,False,0.8,"Bloomberg Tech June 2022, still CEO"
9_LKEp6aPnM,False,tv_interview,False,True,0.85,"2023, Saylor exec chairman"
iMNIr8zNvIM,False,about_the_ceo_not_by,False,False,0.85,Commentary channel
D1ue5djNiew,False,tv_interview,False,True,0.7,"Post-2022 sale news, not CEO"
yAcqpAjN_jY,False,podcast_interview,False,True,0.85,"2024 interview, exec chairman"
FG8DcTo3z8U,False,keynote_or_presentation,False,False,0.9,Keynote speech
genldA94dkw,False,compilation_or_reupload,True,False,0.8,Aggregator clip channel
sSW489af3b4,False,earnings_call,False,True,0.85,"2025 earnings call, exec chairman"
7yF1enATp5o,False,about_the_ceo_not_by,False,False,0.9,Commentary show about Saylor
ZCBiF0hYlXQ,False,compilation_or_reupload,True,False,0.7,Fan channel clip
KEdPFlHUBAY,False,compilation_or_reupload,True,False,0.85,Clickbait aggregator
1xvIf9rGoXY,False,about_the_ceo_not_by,False,False,0.9,Commentary show
DhUUZ2GxVlo,False,compilation_or_reupload,False,False,0.7,Highlight reel clip
sR9UrnSWVFc,False,compilation_or_reupload,True,False,0.75,Fan clip channel
YW6SsBg1VJU,False,compilation_or_reupload,True,False,0.8,Reupload of CNBC interview
b1jhRuqwdGE,False,about_the_ceo_not_by,False,True,0.9,News commentary on stepping down
2zPM_tpsJHw,False,compilation_or_reupload,True,False,0.8,Reupload of Tucker Carlson interview
lathhWO56t4,False,compilation_or_reupload,True,True,0.8,"Aggregator, recent era"
4Xqv2lpuBVg,False,tv_interview,False,True,0.8,"2025 Chanos spat, exec chairman"
lq-aLdPS6h0,False,compilation_or_reupload,True,False,0.85,Aggregator clickbait
mmV6HnIc7G0,False,compilation_or_reupload,True,False,0.85,Aggregator clickbait
wZGHepmsBU0,False,compilation_or_reupload,True,False,0.85,Clip channel clickbait
cBBUdWkfI4c,False,compilation_or_reupload,True,False,0.85,Aggregator clickbait
ajQ9Rf9ht_M,False,keynote_or_presentation,False,False,0.85,MicroStrategy World speech
8GzF6hf3JZU,False,compilation_or_reupload,True,False,0.8,Reupload of CNN interview
kRi_ZdSI17c,False,keynote_or_presentation,True,True,0.9,"2025 keynote, exec chairman"
4MuZWYEBRf8,False,compilation_or_reupload,True,False,0.85,Clickbait aggregator
WFz9o63-Mcw,False,about_the_ceo_not_by,False,True,0.9,Commentary on Strategy selling
izpxH4XNmk8,True,podcast_interview,False,False,0.75,"domainsherpa long-form interview, original"
fn4mTvS9mwI,False,compilation_or_reupload,True,False,0.7,Fan channel upload
k9AN3x7NKY0,False,compilation_or_reupload,True,True,0.8,"Reupload of CNBC, recent era"
w23MCT1XS2k,False,compilation_or_reupload,True,False,0.8,Aggregator clickbait
HC93IJUvDUs,False,compilation_or_reupload,True,True,0.8,Reupload of 2023 CNBC interview
vVEbXDTogVg,False,keynote_or_presentation,False,False,0.85,Keynote talk
KliHGJkkmLY,False,compilation_or_reupload,True,True,0.85,"Reupload of CNBC, 2025 era"
R9eQgNKFvL8,False,compilation_or_reupload,True,False,0.8,Reupload of Tucker interview
3msb9mnkNEI,True,podcast_interview,False,False,0.5,Short Bitcoin Magazine interview clip
tOpuHInq_8k,False,compilation_or_reupload,True,False,0.8,Fan clip channel
po9S7kOV_1I,False,compilation_or_reupload,True,True,0.85,"Aggregator, 2023 banking crash"
jZPD3wItLJM,False,keynote_or_presentation,False,False,0.85,Keynote talk
z-kNIWxqNec,False,compilation_or_reupload,True,False,0.8,Aggregator clip channel
u9c6fdfI7_k,False,compilation_or_reupload,True,False,0.8,Reupload of CNBC interview
bP1682zf4RI,False,compilation_or_reupload,True,True,0.85,"Reupload of CNBC, recent era"
6osK1CXno80,False,compilation_or_reupload,True,False,0.85,Clickbait compilation
dpK2xQUY330,False,compilation_or_reupload,True,False,0.85,Aggregator clickbait
jOy9vBL0WEg,False,compilation_or_reupload,True,True,0.8,"Aggregator, 2023 clips"
Se22kNe1yWc,False,compilation_or_reupload,True,False,0.8,Aggregator clip channel
8BFPP3Qm9Ok,True,fireside_or_conference_qa,False,False,0.8,"Miners Summit 2021 conversation, organizer channel"
Y_eDkg6uCRM,False,compilation_or_reupload,True,False,0.85,Fast clips aggregator
iaBD2MDVSug,False,compilation_or_reupload,True,True,0.8,"Reupload of CNBC, recent era"
bKWmwu2gOMU,False,compilation_or_reupload,True,False,0.85,Aggregator clickbait
6mdjQtadDxM,False,compilation_or_reupload,True,False,0.85,Aggregator clickbait
tx-r7Y4Q8o4,False,compilation_or_reupload,True,False,0.85,Aggregator clickbait
9ptnnEe98ko,False,compilation_or_reupload,True,False,0.9,Hype aggregator
rI7ZhYD9ynk,False,compilation_or_reupload,True,False,0.85,Aggregator clickbait
zWO9uv-_fJ4,False,compilation_or_reupload,True,True,0.9,"Hype aggregator, 2025"
Dsu8a3f3cWc,False,compilation_or_reupload,True,True,0.85,"Aggregator, recent era"
llbfqdH934A,False,compilation_or_reupload,True,True,0.85,"Aggregator, recent era"
wUC9qWcaLIE,False,compilation_or_reupload,True,True,0.85,"Reupload of Bloomberg, 2025 era"
trPrg7WDF6Y,False,compilation_or_reupload,True,True,0.85,"Aggregator, recent era"
RgVPd6cDdAo,False,ai_or_fake_suspected,True,False,0.85,Dubious clickbait quote channel
0hMwa3FNRbA,False,speech_or_lecture,False,True,0.85,2023 gala introduction speech
Qmg9gb91PFk,False,compilation_or_reupload,True,False,0.85,Aggregator clickbait
dLvZtqnWqUs,False,podcast_interview,False,True,0.8,"Strategy era, exec chairman"
ty1bpBCixYI,False,compilation_or_reupload,True,False,0.8,Reupload of Yahoo interview
DHDtQNlOb1A,False,compilation_or_reupload,True,False,0.85,Aggregator clickbait
oySOthlyMag,False,compilation_or_reupload,True,False,0.85,Aggregator clickbait
JqX7ASmvCks,False,compilation_or_reupload,True,False,0.85,Unrelated aggregator channel
bc3AYIDkR68,False,podcast_interview,False,True,0.9,"Titled Executive Chairman, 2025"
URlcHzQ-1kQ,False,compilation_or_reupload,True,False,0.8,Fan clip of conference
D84hQ6QRTMs,False,compilation_or_reupload,True,False,0.85,Aggregator clickbait
G2BvSh1-RUU,False,compilation_or_reupload,True,False,0.85,Aggregator clickbait
2bic0HH4wb0,False,podcast_interview,False,True,0.9,Titled Executive Chairman
K_YyJrHUMR0,False,compilation_or_reupload,True,False,0.8,Fan channel clip
oWPdpzfycy0,False,compilation_or_reupload,True,False,0.85,Aggregator clickbait
I1CjIMU2K6E,False,about_the_ceo_not_by,False,False,0.9,"Interview with Chanos, not Saylor"
v-THsDJCmWE,False,compilation_or_reupload,True,False,0.85,Commentary clip channel
zPexolRJxww,False,compilation_or_reupload,True,True,0.8,"Research channel, 2024 era"
-CSkId5wNFI,True,fireside_or_conference_qa,False,False,0.85,"Pivot Conference 2011 fireside, organizer channel"
A4v6jixQHaY,False,compilation_or_reupload,True,False,0.75,Individual re-upload clip
XLl-5LRk6nw,True,tv_interview,False,False,0.5,Interviewer's own Bloomberg HT upload
t1WnU1-DKC4,False,compilation_or_reupload,True,False,0.85,Meme/edit channel
IE41xKtmqPg,False,compilation_or_reupload,True,False,0.85,Aggregator clickbait
738uSbP0ZWQ,False,podcast_interview,False,True,0.85,"2024 interview, exec chairman"
MGsvN2ZfSs0,False,compilation_or_reupload,False,False,0.85,Summary video
QyCwJH9s4bw,False,compilation_or_reupload,True,False,0.85,Aggregator clip channel
C5e4ZiwkFWM,False,compilation_or_reupload,True,False,0.8,News repackage by aggregator
WY7VcwTBiOI,False,compilation_or_reupload,True,False,0.8,Reupload of Bloomberg interview
T5yMowTm7nM,False,compilation_or_reupload,True,False,0.85,Fan clip channel
zk0-wkxA3W0,False,compilation_or_reupload,True,False,0.85,Aggregator clickbait
iBqXWF_QfaA,False,compilation_or_reupload,True,False,0.8,Reupload of Bloomberg summit
r7TuBfah7jY,False,compilation_or_reupload,True,False,0.75,Reupload of Bloomberg Studio 1.0
yKRthXlEVBs,False,compilation_or_reupload,True,False,0.85,"Aggregator clip channel, clickbait title"
LP7vpEpQ98o,False,compilation_or_reupload,True,False,0.85,"Aggregator channel, short clip"
DNp6bIWRfpI,False,compilation_or_reupload,True,False,0.85,Prediction clickbait aggregator
0ds-OMVUbz0,False,compilation_or_reupload,True,False,0.85,Aggregator clickbait clip
QhKDrBN874A,False,compilation_or_reupload,True,False,0.7,"Generic Bitcoin channel, unknown original"
tadSPlbXIRA,False,tv_interview,False,True,0.7,"2023 SEC actions era, Saylor executive chairman"
8os9j2CXbT0,False,compilation_or_reupload,True,False,0.85,Aggregator channel clip
JUJ3PE1skRg,False,compilation_or_reupload,True,False,0.85,Aggregator clickbait
nLITvKH1Xo4,False,compilation_or_reupload,True,False,0.85,Aggregator re-upload
BUW0Sgn7iz8,False,ai_or_fake_suspected,True,False,0.8,"Emoji spam title, likely fake or aggregator"
xFCQkzMo93o,False,compilation_or_reupload,True,False,0.9,Clickbait aggregator
f4fjBgh8Ubo,False,ai_or_fake_suspected,True,False,0.85,"Implausible topic, spam channel"
2sTf-dWgxBA,False,compilation_or_reupload,True,False,0.9,Fan channel re-upload of Tucker Carlson
By3wBjykF1c,False,compilation_or_reupload,True,False,0.85,Aggregator prediction clip
E8Z9rQdH8yU,False,compilation_or_reupload,True,False,0.85,Aggregator clip
hq7QT3Ids1s,False,compilation_or_reupload,True,False,0.85,Aggregator quote clip
W7LwKssqSAE,False,compilation_or_reupload,True,False,0.85,Clickbait aggregator
L2F43qjP-Gk,False,compilation_or_reupload,True,False,0.85,Aggregator clip
V7Nv-039Bus,False,about_the_ceo_not_by,True,False,0.8,Fan breakdown of CNBC interview
niI3vLk-wzE,False,about_the_ceo_not_by,False,False,0.8,"Commentary on Saylor, not interview"
5Wsb7zveP-o,False,compilation_or_reupload,True,False,0.8,Re-upload of CNBC by 1% club
BW70n6THUeI,False,compilation_or_reupload,True,False,0.9,Urgent clickbait aggregator
encKzNs7TVY,False,compilation_or_reupload,True,False,0.85,Old Channel aggregator
xz3JEhvK1FY,False,compilation_or_reupload,True,False,0.85,Aggregator clickbait
Bzl45ZDnKMg,False,compilation_or_reupload,True,False,0.85,Fan channel re-upload
V61hxMNq2Mg,False,compilation_or_reupload,True,False,0.6,"Generic channel, original publisher unknown"
0VPWrccypRg,False,compilation_or_reupload,True,True,0.8,"Strategy-era re-upload, Saylor executive chairman"
0J_A2V_6ddE,False,compilation_or_reupload,True,False,0.85,Short clip by aggregator
ES97UHTouMg,False,panel,True,False,0.65,Panel re-upload by aggregator channel
OMb2WZgtjw8,False,podcast_interview,True,False,0.5,Long interview but publisher unclear
F_AHZggJwFY,False,compilation_or_reupload,True,False,0.85,Aggregator clip
Yz4hy4oLVUo,False,compilation_or_reupload,True,False,0.85,Aggregator prediction clip
gUpHHBw-brA,False,compilation_or_reupload,True,False,0.85,Aggregator clip
CyR0mzRDNe8,False,about_the_ceo_not_by,False,False,0.85,News commentary about purchase
W40n12f9VnU,False,compilation_or_reupload,True,False,0.75,Quote-title re-upload
cqxzj_ACqLM,False,compilation_or_reupload,True,False,0.8,Aggregator re-upload
0Y6a8ejr4H4,False,compilation_or_reupload,True,False,0.85,Bloomberg re-upload by aggregator
9msF3ZQgNPI,False,compilation_or_reupload,True,False,0.85,Old Channel aggregator
Hdnb-l0gqvg,False,compilation_or_reupload,True,False,0.85,Aggregator prediction clip
8NRtLmB5hJQ,False,compilation_or_reupload,True,False,0.85,Aggregator clickbait
STaKWncbL4c,False,compilation_or_reupload,True,False,0.8,Aggregator re-upload of conference clip
EntWS2mm_DU,False,compilation_or_reupload,True,False,0.85,Aggregator clickbait
BcRmbFrzKoE,False,compilation_or_reupload,True,False,0.9,Get-rich clickbait aggregator
VCaQWcxQXB8,False,compilation_or_reupload,True,False,0.8,Aggregator clip
WQzn0s0irNY,False,compilation_or_reupload,True,False,0.85,Aggregator prediction clip
nhvk-6H5jEc,False,compilation_or_reupload,True,False,0.85,Aggregator spam title
Ldh8egB0yRQ,False,compilation_or_reupload,True,False,0.85,Old Channel aggregator
lAQMtXQZFCU,False,compilation_or_reupload,True,False,0.85,Aggregator prediction clip
WpLvOX_VmpE,False,compilation_or_reupload,True,False,0.85,Aggregator news clip
DaRei-7ogVI,False,compilation_or_reupload,True,False,0.85,Individual re-upload of CNBC
FdvaPhh30MA,False,compilation_or_reupload,True,False,0.85,Aggregator quote clip
vNr4uRE-q7U,False,compilation_or_reupload,True,False,0.85,Aggregator prediction clip
6O-ssOoC1-w,False,compilation_or_reupload,True,False,0.9,Old Channel clickbait
iLx-U0hKOEc,False,compilation_or_reupload,True,False,0.9,Sensational clickbait aggregator
CUhCJbbDaac,False,compilation_or_reupload,True,False,0.9,Clickbait aggregator
xAOJ_e-Q57w,False,compilation_or_reupload,True,False,0.85,Aggregator clickbait
qfnW2NMsB6o,False,compilation_or_reupload,True,False,0.85,Aggregator clip
mnUg3A0b7PE,False,compilation_or_reupload,True,False,0.85,Aggregator clip
855-NofPYT0,False,compilation_or_reupload,True,False,0.85,Aggregator news clip
2CN6mMOMm8w,False,compilation_or_reupload,True,False,0.85,Aggregator prediction clip
Y31y52YkRUs,False,compilation_or_reupload,True,False,0.9,Clickbait aggregator
qgGTG1tvXpk,False,compilation_or_reupload,True,False,0.85,Aggregator clip
vU8rdDLf4t8,True,fireside_or_conference_qa,False,False,0.9,Barron's onstage interview with Solomon
o_g6mum6wng,False,other,False,False,0.75,"Solomon hosts; guest answers, not CEO"
h9vAztMWSg0,False,other,False,False,0.75,Solomon hosts Blankfein; guest answers
NpozSuoNqYA,False,panel,False,False,0.6,"Large multi-speaker FII session, Solomon minor"
Jlw9bSitGqk,False,other,False,False,0.75,Solomon hosts Friar; guest answers
Wr0NT4KelVY,True,fireside_or_conference_qa,False,False,0.9,Stanford GSB fireside chat
L_NbOxZRHNI,True,fireside_or_conference_qa,False,False,0.6,Intern Q&A with CEO on official channel
lZ49B9zkre8,False,other,False,False,0.75,Solomon hosts founders; guests answer
kcEQlp_QGJo,True,podcast_interview,False,False,0.9,Sequoia long-form interview
er27naaA9Ek,True,tv_interview,False,False,0.8,Official channel interview on performance and outlook
VcM6JeU-3Ag,True,tv_interview,False,False,0.9,CNBC interview
tuZ0TFQq4_s,True,tv_interview,False,False,0.95,CNBC full interview
nbs_s6_L_ao,False,other,False,True,0.65,"Succession announcement event, not yet CEO"
vPP1rC3qBJI,True,tv_interview,False,False,0.9,Bloomberg TV interview
gs_k4UqKbr0,False,other,False,False,0.97,"Different David Solomon, Jewish scholar"
zroxe0R-a3g,False,speech_or_lecture,False,False,0.98,"Different David Solomon, lecture series"
-JfnPxl1ic0,True,podcast_interview,False,False,0.9,Rubenstein Show long-form interview
BttcHvS3wbE,False,fireside_or_conference_qa,False,True,0.8,Before he became CEO (next CEO)
yR0vdunscj4,True,tv_interview,False,False,0.9,CNBC interview
jLVgGGz5bvk,True,podcast_interview,False,False,0.9,a16z conversation with Horowitz
PSop6XzzY9w,False,speech_or_lecture,False,False,0.95,"Graduation speech, scripted"
aXrDka0ASg8,True,tv_interview,False,False,0.9,CNBC interview
oZMYww5x9S8,True,tv_interview,False,False,0.75,Yahoo Finance interview on DJ life
iUV4sbMYAlc,True,podcast_interview,False,False,0.85,"Rubenstein Show interview, duplicate upload"
Hqx5-0fw9fg,False,speech_or_lecture,False,False,0.98,"Different David Solomon, lecture"
TpRbsUmAjmo,True,tv_interview,False,False,0.9,CNBC interview
_OTeYTnTyNc,True,tv_interview,False,False,0.9,Bloomberg TV interview
zWn6Q9qGBGA,True,tv_interview,False,False,0.8,CNBC interview posted by company channel
KTwJCjyVjD0,True,fireside_or_conference_qa,False,False,0.85,Bloomberg Live conversation
-39PeJlrfWA,True,fireside_or_conference_qa,False,False,0.95,Code 2019 full interview
BuD6j0VbzII,True,fireside_or_conference_qa,False,False,0.8,"Investor Day conversation, Q&A format"
1BZm9BxhBjk,False,about_the_ceo_not_by,False,False,0.85,"News segment about him, commentators"
8DwsEkwrt38,True,tv_interview,False,False,0.9,CNBC interview
XcDLRNcEasI,False,compilation_or_reupload,False,False,0.6,Buffett-focused package; Solomon not primary respondent
Msdfd-XlqYI,True,tv_interview,False,False,0.95,CNBC full interview Davos
bivpYq5-W0I,False,speech_or_lecture,False,False,0.98,"Different David Solomon, lecture"
XiQwzlm7JRc,True,tv_interview,False,False,0.9,Bloomberg TV interview
78yx0AIQbkU,False,speech_or_lecture,False,False,0.98,"Different David Solomon, lecture"
yaQKQOEwwZU,True,tv_interview,False,False,0.9,CNBC interview
SNbvmEbWII8,True,fireside_or_conference_qa,False,False,0.8,NBIM conference conversation
rjGOh-4cmx4,False,speech_or_lecture,False,False,0.98,"Different David Solomon, lecture"
qoi4VW7VVZI,True,fireside_or_conference_qa,False,False,0.85,Economic Club of Washington Q&A
FcUiQc-Rkik,True,tv_interview,False,False,0.9,CNBC interview
8_68vS4mhuI,True,fireside_or_conference_qa,False,False,0.85,NBIM conversation with Stoltenberg
R7DfOZwC57U,False,compilation_or_reupload,True,False,0.7,Aggregator channel short clip
inJ-iLLq-Xc,True,tv_interview,False,False,0.9,Bloomberg Talks interview
6ZvIcYabyTU,True,tv_interview,False,False,0.9,Bloomberg TV interview
1i8gOU5tl_M,False,product_launch_or_promo,False,False,0.7,"AWS customer testimonial, promotional"
TwIvEf8QeeI,True,tv_interview,False,False,0.9,CNBC interview
GK2j94nG5Ew,True,tv_interview,False,False,0.9,Bloomberg TV interview
BQzuqiW-xi0,False,other,False,False,0.9,"Different David Solomon, magic podcast"
Ou4hacYwo0Y,True,tv_interview,False,False,0.9,CNBC interview
n1o8QylvHcM,True,tv_interview,False,False,0.9,CNBC interview
xFEretIh1FQ,True,tv_interview,False,False,0.9,Bloomberg TV interview
KnUBN6t5-3k,True,tv_interview,False,False,0.9,CNBC interview
7nFjaL1GudQ,True,podcast_interview,False,False,0.9,Master Investor podcast interview
_7r97JTnkVQ,True,tv_interview,False,False,0.95,CNBC full interview
_xFggvIDgfw,False,speech_or_lecture,False,False,0.98,"Different David Solomon, lecture"
IgknKefYV8A,False,about_the_ceo_not_by,False,False,0.65,News discussion about leadership scrutiny
bmxYp7_Js4A,True,tv_interview,False,False,0.9,CNBC interview
KMXLbySgVDk,True,tv_interview,False,False,0.9,Bloomberg TV interview
HDLRKJIAGgM,False,about_the_ceo_not_by,False,False,0.95,Analyst Mayo commenting about Solomon
YDgeSFc_ZjU,True,tv_interview,False,False,0.9,CNBC interview
ZF9eGqowly8,False,about_the_ceo_not_by,False,False,0.95,Professor commenting about Solomon
RCr_VLvpODw,False,other,False,False,0.55,Short news package on consumer plans
xF8_RXppxB8,False,speech_or_lecture,False,False,0.98,"Different David Solomon, lecture"
URTkyZCHDtM,True,tv_interview,False,False,0.9,Bloomberg TV interview
fnASw2z54UM,True,podcast_interview,False,False,0.6,PayPal interview series episode with Solomon
2ul-01gZSiA,True,tv_interview,False,False,0.95,CNBC full interview
JUCcMAToLmg,False,other,False,False,0.8,"Congressional testimony, not interview"
QvHdRNYFqZc,False,other,False,False,0.98,"Different David Solomon, Zohar translator"
IkJ2DP-UGIE,True,tv_interview,False,False,0.9,Bloomberg TV interview
ydMIyeLljvg,True,tv_interview,False,False,0.8,CNBC interview reflecting on 9/11
6J0wMf3Cpr4,True,fireside_or_conference_qa,False,False,0.9,UCLA Anderson interview
BL5PVnCmcW0,True,tv_interview,False,False,0.75,Official channel interview on economy and firm
pFUV47igO-U,True,tv_interview,False,False,0.9,Bloomberg TV interview
9jnV8w4KPGA,True,tv_interview,False,False,0.95,CNBC full interview
_Za3ctpgh4I,False,other,False,False,0.75,News package on new era
tzJEgYwi5cs,False,other,False,False,0.85,"Audio-only podcast, shared with Ackman"
B8xK4CTcElQ,False,speech_or_lecture,False,False,0.98,"Different David Solomon, lecture"
UO_yA90w1z8,True,tv_interview,False,False,0.9,CNBC interview
mpRxf8wXO9w,True,podcast_interview,False,False,0.9,JJ Redick Podcast long-form interview
A2Ir6cezfSU,False,about_the_ceo_not_by,False,False,0.9,News about concerns over CEO
wYusFysbFo8,False,about_the_ceo_not_by,False,False,0.9,News package about his leadership
c5JjPBKmA5g,False,ai_or_fake_suspected,False,False,0.8,"Dubious channel chat about Solomon, 86 min"
FLs0_xNQQkI,False,speech_or_lecture,False,False,0.98,"Different David Solomon, lecture"
c2KFCkoCyHg,False,about_the_ceo_not_by,False,False,0.95,"Traders grading him, commentary"
Jd9YyiGh__I,True,tv_interview,False,False,0.9,CNBC International full interview
RlAiXk821Ag,True,tv_interview,False,False,0.85,Yahoo Finance interview
eOLeaIdjHXs,True,tv_interview,False,False,0.9,Bloomberg interview
i-HHNUaSpdI,True,podcast_interview,False,False,0.85,Master Investor interview
gCyx0Fmmf2U,False,earnings_call,False,False,0.85,"Earnings call clip, not on-camera analyst Q&A"
oGtF30fVSAo,True,fireside_or_conference_qa,False,False,0.8,Yahoo Finance long-form conversation
LwoOBlzJ8NE,True,tv_interview,False,False,0.9,Bloomberg interview
JJ7U6EeiXGw,True,podcast_interview,False,False,0.65,"Podcast interview, likely repurposed clip"
jh88cGIWg0U,False,speech_or_lecture,False,False,0.98,"Different David Solomon, lecture"
CcnddTlJdRo,False,speech_or_lecture,False,False,0.98,"Different David Solomon, lecture"
2wYD49omZ_k,True,tv_interview,False,False,0.85,Yahoo Finance interview
xDy0PYEapGc,True,tv_interview,False,False,0.9,Bloomberg TV interview
dThqfC6Ok9g,False,speech_or_lecture,False,False,0.9,Scripted opening statement to Congress
2l9ZE6H1NYQ,False,other,False,False,0.85,"Different David Solomon, Vegas travel photographer"
gn5AAZkMVUw,True,panel,False,False,0.6,"Three-person climate finance panel, Solomon substantial"
jTtSPWilYvM,False,speech_or_lecture,False,False,0.98,"Different David Solomon, lecture"
m3sRmLqD2NM,True,tv_interview,False,False,0.9,Wilfred Frost interview
yQ8wv6tOEYs,False,speech_or_lecture,False,False,0.97,"Different David Solomon, spiritual talk"
R9m3jR738Cc,False,speech_or_lecture,False,False,0.98,"Different David Solomon, lecture"
di6l6snWITU,False,speech_or_lecture,True,False,0.9,Graduation keynote reupload by individual
pVKO6N-Y6KQ,True,tv_interview,False,False,0.9,CNBC interview
jBUh-g9p4bs,True,tv_interview,False,False,0.9,CNBC interview
u1mi-6Qtz5c,True,podcast_interview,False,False,0.65,"Podcast interview, likely repurposed clip"
NPahDJECOLQ,True,tv_interview,False,False,0.85,Bloomberg interview
pUR1rbc5lgw,True,tv_interview,False,False,0.9,Bloomberg TV interview
ljJq00zB140,True,tv_interview,False,False,0.9,Bloomberg TV interview
9y2uZZtu-6g,True,tv_interview,False,False,0.9,Bloomberg Talks interview
V8JboIH8Jy0,False,other,False,True,0.8,"News on succession, before he was CEO"
nGhvggXSiCA,True,tv_interview,False,False,0.85,Bloomberg TV interview
306D_9UULOM,False,speech_or_lecture,False,False,0.98,"Different David Solomon, lecture"
UwLgS3-B-Vc,False,speech_or_lecture,False,False,0.98,"Different David Solomon, lecture"
pvYKlLL8cpc,False,speech_or_lecture,False,False,0.98,"Different David Solomon, lecture"
ZdmRi4AoxxI,False,other,False,True,0.75,"News on succession, before he was CEO"
7ZyLQfpaT78,False,other,False,False,0.99,"Different David Solomon, mysticism talks"
XNcgsAt0nlw,False,speech_or_lecture,False,False,0.99,"Different person, religious lecture"
Imq92YxBH04,False,other,False,False,0.97,"Herbalife podcast, different person"
f_mVQmNspTc,False,other,False,False,0.99,"Different person, Islam and evolution"
HYWl9rs4oww,False,other,False,False,0.99,"Different person, alchemy and magic"
BsZOjw6TEhE,True,fireside_or_conference_qa,False,False,0.95,Official conference conversation with GS CEO
7qiLlea8pps,False,other,False,False,0.98,"Different person, spiritual talk"
dBx-PGwqb_4,True,podcast_interview,False,False,0.9,Bloomberg interview with GS CEO
FupipxDH66A,True,tv_interview,False,False,0.9,"CNBC interview, original outlet"
HS6PVVZZcoI,True,fireside_or_conference_qa,False,False,0.85,Fireside chat with GS CEO
y9i0di0W4UA,False,other,False,False,0.97,"ESOP series, different David Solomon"
JqVkhB8n4S4,False,compilation_or_reupload,True,False,0.85,Aggregator channel re-upload of interview
KRPxgcpme3Q,False,other,False,True,0.85,"News report, not yet CEO, no Q&A"
lz6xAVr9raI,False,other,False,False,0.95,"Chulent music event, different person"
lRnjTacp-Q4,True,tv_interview,False,False,0.9,CNBC interview with GS CEO
6_OWKuif2eQ,True,fireside_or_conference_qa,False,False,0.85,"Punchbowl conversation with GS CEO, shared with senator"
uTCOPVr3HxQ,False,other,False,False,0.98,"Qobuz David Solomon, different person"
QFTLBBzm2-Y,False,other,False,False,0.8,Multi-person short news package
3d11PJcpVSU,True,podcast_interview,False,False,0.9,Bloomberg interview with GS CEO
iNXdThysm7E,False,other,False,False,0.98,"Qobuz David Solomon, different person"
yW2_zmAv3kk,False,other,False,False,0.99,"Music performance, different person"
kM4V-4fd4G8,False,compilation_or_reupload,True,False,0.85,Clickbait aggregator channel
2cbYo9VN-ss,True,tv_interview,False,False,0.9,Yahoo Finance interview with GS CEO
4PO2RET6KDc,False,other,False,False,0.85,"Unclear personal channel upload, likely different person"
4KP1VJFws2g,False,other,False,False,0.99,"Spiritual interview, different person"
571ola0agY0,False,podcast_interview,False,False,0.9,"Hinesights podcast, different David Solomon"
AV4tvkIT2js,False,other,False,False,0.97,"Heartshares stress, different person"
HyIQX2yYcA0,False,other,False,False,0.97,"Oceans big data, different person"
uLjYeN3eG5k,False,other,False,False,0.95,"Magazine TED, different person"
nN2ScPl20f0,False,compilation_or_reupload,True,False,0.75,Wealth group channel reposting someone else's interview
eaqrdYExrlg,True,tv_interview,False,False,0.9,Yahoo Finance interview with GS CEO
QOTj-rcGBNc,False,other,False,True,0.85,"CEO succession news, not yet CEO"
3MYneOLAFBw,False,other,False,False,0.98,"Dr David Solomon Raju, different person"
FaQyX3R7hAY,False,about_the_ceo_not_by,False,False,0.95,Biography video about him
vGYDY94H850,False,other,False,False,0.98,"Mystic entrepreneur, different person"
P2YINuUqcwo,False,other,False,False,0.95,"Hebrew podcast, different person"
PbL2Pd7Fbe4,False,other,False,False,0.99,"Sero Growth founder, different person"
XRPlnmdaPhI,False,other,False,False,0.98,"Qobuz David Solomon, different person"
3BbLwjkXZNc,False,other,False,False,0.99,"1987 family video, different person"
NcmqoGSNBc8,False,compilation_or_reupload,True,False,0.85,Fan/aggregator short clip
KWm7jHScu8M,False,other,False,False,0.75,"Short joint news segment, CEO brief"
HiBDH71lg-U,False,other,False,False,0.95,"Paperback Expert, different David Solomon"
Ju45RSIZMh0,False,speech_or_lecture,False,False,0.99,"Parish lecture, different person"
33ghRBFZKYw,False,compilation_or_reupload,True,False,0.8,Wealth group repost of clip
-EYZcc7B0ZY,False,compilation_or_reupload,True,False,0.85,Aggregator repost of conference clip
11-o6KXXJo4,False,podcast_interview,False,False,0.98,"Spirituality podcast, different person"
CbJHGwQ-3n8,True,podcast_interview,False,False,0.7,"HP series interview with Ryan Patel, Q&A"
49lfqoHSlvo,False,about_the_ceo_not_by,False,False,0.95,Taiwanese news about her father's parenting
6gTrhD81jkk,False,product_launch_or_promo,False,False,0.8,AMD CES promo show segment
YIokM_4i1i0,True,podcast_interview,False,False,0.85,TIME interview with Lisa Su
amBe2bofVas,True,fireside_or_conference_qa,False,False,0.6,"Fortune interview, possibly packaged"
ivcrFAVdgQY,False,compilation_or_reupload,True,False,0.9,Congress clips compilation
C4GM7_Cf0N4,True,fireside_or_conference_qa,False,False,0.95,Stanford GSB View From the Top Q&A
vQMQjHv5pEM,False,speech_or_lecture,False,False,0.95,"Commencement address, no Q&A"
PRz4U9GrM2w,False,about_the_ceo_not_by,False,False,0.95,Commentator profile
g2A6-5_EY7w,True,fireside_or_conference_qa,False,False,0.95,"Code 2021 full interview, Kara Swisher"
f9Ji1JXCqdU,False,compilation_or_reupload,True,False,0.9,Fan re-upload of MIT speech
GIab3ZJz2Ec,True,tv_interview,False,False,0.95,CNBC interview
gd65Ok379ZI,True,podcast_interview,False,False,0.95,Behind the Tech long-form interview
eufln0jkTVI,True,tv_interview,False,False,0.95,CNBC interview on Xilinx deal
5HXNttbnllQ,True,fireside_or_conference_qa,False,False,0.9,Six Five fireside chat
BKKYs3cFuAc,True,tv_interview,False,False,0.95,Bloomberg interview on OpenAI deal
-zpvnxbILvM,False,about_the_ceo_not_by,False,False,0.95,Commentary channel about her
KMsSIrW3GAw,True,tv_interview,False,False,0.95,CNBC full interview
R6b31CK8WVE,True,tv_interview,False,False,0.95,CNBC interview
Mhlrxp8nXDc,True,podcast_interview,False,False,0.95,Reid Hoffman Possible podcast
2o8B5hVIEkI,True,fireside_or_conference_qa,False,False,0.95,SXSW conversation
4OAT5h1c1l4,True,fireside_or_conference_qa,False,False,0.85,Fortune CES onstage interview
19dQ8czJr6A,True,fireside_or_conference_qa,False,False,0.9,"SXSW fireside chat, official channel"
3QIrDxVX2NM,False,about_the_ceo_not_by,False,False,0.95,"Her father speaking, news show"
H2PJXsrbfWs,True,tv_interview,False,False,0.95,CNBC earnings interview
VFmlvODVzUk,True,tv_interview,False,False,0.95,CNBC interview
LS8EtywT02Y,True,tv_interview,False,False,0.95,CNBC interview
zPTxakUWERg,True,fireside_or_conference_qa,False,False,0.9,Moor Insights fireside chat
cH4CvWd7v48,True,tv_interview,False,False,0.95,CNBC interview
u8HhBgbe9a8,True,tv_interview,False,False,0.95,CNBC earnings interview
M5S_qX2wYvY,True,podcast_interview,False,False,0.85,PCGH English interview
yhPYAPa-OmY,True,tv_interview,False,False,0.95,CNBC interview
-xAl_UDs5IM,False,compilation_or_reupload,True,False,0.9,Japanese subtitle channel of MIT speech
RoE4QRZO4u0,True,tv_interview,False,False,0.95,CNBC full interview
3cgbMPDpskI,True,tv_interview,False,False,0.95,CNBC interview
Dfb1x0ZNUM4,True,fireside_or_conference_qa,False,False,0.95,Economic Club of Chicago Q&A
nF-yoTZ1crc,False,about_the_ceo_not_by,False,False,0.95,Commentator reaction channel
HSp0bm_g1e4,False,product_launch_or_promo,False,False,0.9,AMD promo PC build video
pXgcwkvYh4Q,False,about_the_ceo_not_by,False,False,0.9,Clickbait commentary channel
rJdgVs08qpU,True,tv_interview,False,False,0.85,CNBC interview
V5ynwBzGpQ0,True,fireside_or_conference_qa,False,False,0.95,SIEPR fireside chat
2XLhPSJJsn8,True,tv_interview,False,False,0.95,CNBC interview
JxMRNHcleQQ,True,tv_interview,False,False,0.95,CNBC interview
fzrjZmZRB1E,False,about_the_ceo_not_by,False,False,0.95,Investing clickbait commentary
8Jqi1yCniHk,True,podcast_interview,False,False,0.95,Live TBPN show interview
BrKar_3wZ7Q,True,fireside_or_conference_qa,False,False,0.9,NVTC leadership fireside
mTNvhcCganM,True,tv_interview,False,False,0.8,CNBC interview on Cray deal
Uh_LXZreklM,False,product_launch_or_promo,False,False,0.7,Short organization promo statement
68hARB0oLYs,False,other,False,True,0.8,"2013, she was not CEO then"
ccXS7hIdKPs,False,product_launch_or_promo,False,False,0.85,Ryzen launch presentation
VBYOcBSjL6s,False,about_the_ceo_not_by,False,False,0.95,Trader commenting on her
7laA6KkQ5qo,True,fireside_or_conference_qa,False,False,0.95,Axios interview with Ina Fried
v7q4jMg6rjY,False,keynote_or_presentation,False,False,0.95,Keynote announcement
uJflkjHm3eY,False,about_the_ceo_not_by,False,False,0.95,Rumor commentary channel
JjWSwdPT6XI,True,fireside_or_conference_qa,False,False,0.8,"Purdue lecture series, likely conversation Q&A"
DBPmxC402_c,True,podcast_interview,False,False,0.8,Embedded Computing short interview
j4TNdopCyow,False,speech_or_lecture,False,False,0.95,Induction ceremony speech
R6pRsoldiWQ,False,about_the_ceo_not_by,False,False,0.9,Investor commentary channel
HUiHChiaJ6o,True,fireside_or_conference_qa,False,False,0.9,Conference Board discussion
gBoBio_hmig,False,speech_or_lecture,False,False,0.85,Award acceptance
R739KV_GuOI,True,tv_interview,False,False,0.8,Bloomberg Talks with Su and Fei-Fei Li
BWbnWUgunLI,True,tv_interview,False,False,0.95,CNBC TV18 interview
hFs7aQTd0gc,False,keynote_or_presentation,False,False,0.95,ISSCC plenary talk
zWG2-aLE37w,True,fireside_or_conference_qa,False,False,0.9,SVLG fireside chat
azRD2PB9l-A,False,keynote_or_presentation,True,False,0.95,CES keynote re-upload
I4t84sGU2NU,True,tv_interview,False,False,0.95,CNBC TV18 interview
6sgsHyagL9k,True,podcast_interview,False,False,0.75,GSA interview with Su
tcIijrWXd5s,False,about_the_ceo_not_by,True,False,0.85,Commentary channel claiming exclusive
Lu3fGa9hJmQ,False,about_the_ceo_not_by,False,False,0.95,Korean commentary about her
6zP1WwF7NzM,True,tv_interview,False,False,0.95,CNBC TV18 interview
OYuLtIsGy1Y,False,about_the_ceo_not_by,True,False,0.9,Stock commentary channel
CJx44aQc_n8,False,compilation_or_reupload,True,False,0.9,English shadowing learning channel
Vx6jGbYSdc8,False,compilation_or_reupload,True,False,0.85,Aggregator re-upload of CNBC interview
xgUFx4dnU34,False,keynote_or_presentation,True,False,0.95,Computex keynote re-upload
FrsKR7xpOjE,False,about_the_ceo_not_by,True,False,0.9,Investor commentary channel
2PxX68HGSWM,False,keynote_or_presentation,True,False,0.95,Computex keynote re-upload
hDd0Wbr8HxE,False,about_the_ceo_not_by,False,False,0.95,Commentary on her turnaround
HKDWLS6jPqo,False,compilation_or_reupload,True,False,0.85,SEO channel re-upload
XOL-6T3Kvf0,False,compilation_or_reupload,True,False,0.85,Aggregator re-upload
6tv06YVOzYw,False,compilation_or_reupload,True,False,0.95,"Compilation channel, product speech"
kiDtpmhirnU,False,compilation_or_reupload,True,False,0.85,Unknown channel short re-upload
U5J6vcaT4CU,False,compilation_or_reupload,True,False,0.85,Aggregator re-upload
3HyhWfUInWU,False,compilation_or_reupload,True,False,0.7,Bloomberg Talks podcast channel appears mislabeled; low views
WVGPmSbYydU,False,compilation_or_reupload,True,False,0.7,Same odd low-view Bloomberg Talks upload
HwhBGJFhOiI,False,keynote_or_presentation,True,False,0.95,Computex keynote re-upload
q7JRPqHEyBs,False,keynote_or_presentation,False,False,0.85,Product introduction clip
G4MoEV0HKw4,False,keynote_or_presentation,True,False,0.95,CES keynote fan re-upload
crVstf_dNWY,False,compilation_or_reupload,True,False,0.85,Financial channel re-upload
blbivGoWxT0,False,about_the_ceo_not_by,True,False,0.9,Commentary show 70 minutes
Fz_nXmmKbJ0,False,keynote_or_presentation,True,False,0.9,Product launch re-upload
XKKdaYSg_fw,False,keynote_or_presentation,True,False,0.95,Computex keynote re-upload
JOORtoio7Vs,False,keynote_or_presentation,True,False,0.95,Computex keynote re-upload
NrRDDrDuUMk,False,keynote_or_presentation,True,False,0.95,CES keynote re-upload
g4uYz4Ai72c,False,compilation_or_reupload,True,False,0.9,Stock hashtag channel clip
cEcUcWF_ezI,False,compilation_or_reupload,True,False,0.9,Show excerpt re-upload
vj1DsHzdst8,False,compilation_or_reupload,True,False,0.9,Wealth group re-upload of event
FLjvoarqj9M,False,about_the_ceo_not_by,True,False,0.95,Gaming commentary
MBZVS15_v-I,False,other,False,False,0.9,Press announcement English learning channel
Aa2bGVFI5mY,False,earnings_call,True,False,0.9,"Audio earnings call, no on-camera CEO"
8itD1O6IM1Q,False,about_the_ceo_not_by,False,False,0.95,Narrated story about her
stXgn2iZAAY,False,compilation_or_reupload,False,False,0.9,Congressional hearing clip compilation by CNN
xFFs9UgOAlE,False,speech_or_lecture,False,False,0.7,"2005 lecture, pre-CEO-era college talk"
BmYv8XGl-YU,False,speech_or_lecture,False,False,0.95,"Commencement speech, scripted"
oX7OduG1YmI,True,podcast_interview,False,False,0.85,Cleo Abram long-form interview with Zuckerberg
LhQOn9IOmeE,False,other,False,False,0.7,Home tour news package with spouse
EgI_KAkSyCw,False,compilation_or_reupload,False,False,0.9,Senate hearing highlights compilation
5WiDIhIkPoM,False,other,False,False,0.8,"Documentary about Zuckerberg, not Q&A"
cUNX3azkZyk,False,compilation_or_reupload,False,False,0.6,"Short 2004 archival clip, retrospective"
eAagtcAup0o,True,podcast_interview,False,False,0.9,MKBHD interview with Zuckerberg
tMWJGs3CQ_Q,False,compilation_or_reupload,False,False,0.7,60 Minutes package about young Zuckerberg
zbfOkhrgxH0,True,podcast_interview,False,False,0.97,Theo Von full podcast episode
Boj9eD0Wug8,True,fireside_or_conference_qa,False,False,0.9,"Harari conversation, Zuckerberg answers questions"
MVYrJJNdrEg,True,podcast_interview,False,False,0.97,Lex Fridman podcast full interview
YuIc4mq7zMU,False,other,False,False,0.7,Produced documentary-style profile episode
pX2zvfD6GCY,False,compilation_or_reupload,False,False,0.85,"Hearing clip, not on-camera interview"
Lb4IcGF5iTQ,True,fireside_or_conference_qa,False,False,0.85,YC Q&A with Zuckerberg
iwyyxEJCIuU,True,podcast_interview,False,False,0.85,GaryVee interview with Zuckerberg
-7LdiDaV9Jk,False,other,False,False,0.9,"White House event, many CEOs"
zW_0b1Vy-Ts,False,other,False,False,0.85,News package on degree
G6DOhioBfyY,True,tv_interview,False,False,0.85,"CNN Laurie Segall interview, original outlet"
TxGpleOuQxE,False,about_the_ceo_not_by,False,False,0.95,Commentary about Zuckerberg
BVY_MeBlfFA,False,compilation_or_reupload,False,False,0.95,Meme compilation
4VwElW7SbLA,False,speech_or_lecture,False,False,0.95,Commencement speech
Em-1Fw0_2Hc,False,about_the_ceo_not_by,False,False,0.9,Priscilla Chan is the interviewee
ecqavad2D30,False,other,False,False,0.7,"Influencer vlog, not Q&A"
QM8l623AouM,False,speech_or_lecture,False,False,0.95,Commencement speech
G272R50v6ww,False,compilation_or_reupload,False,False,0.85,Congressional hearing clip
MGsalg2f9js,True,fireside_or_conference_qa,False,False,0.85,YC Startup School fireside Q&A
bc6uFV9CJGg,True,podcast_interview,False,False,0.97,Dwarkesh Patel full interview
DttOQhE0ksg,True,tv_interview,False,False,0.75,ABC News interview Q&A
8yIsjUXk7AQ,False,other,False,False,0.9,Hearing apology moment clip
pI_6we-nqBk,True,tv_interview,False,False,0.7,CNBC clip of interview answers
5bJi7k-y1Lo,True,fireside_or_conference_qa,False,False,0.85,YC Startup School 2012 Q&A
SsiJFOXOQx4,False,compilation_or_reupload,False,False,0.9,Hearing supercut
pq1buvnFGnE,True,tv_interview,False,False,0.75,CNN interview
nXrKKwHmPz4,False,compilation_or_reupload,True,False,0.8,Obscure channel re-upload
xQqsvRHjas4,True,podcast_interview,False,False,0.85,Morning Brew Daily interview
xT9BRUoXhh8,False,compilation_or_reupload,False,False,0.85,Congressional hearing clip
34Pj5JjgmV4,False,compilation_or_reupload,False,False,0.9,Comedy montage
M6dFK4AcllA,False,about_the_ceo_not_by,False,False,0.98,"Aaron Sorkin interview, not Zuckerberg"
b9vWShsmE20,False,keynote_or_presentation,False,False,0.9,Metaverse keynote vision clip
mH11ImPJeDc,True,fireside_or_conference_qa,False,False,0.6,YC clip of Q&A answer
enW60MkPVBg,True,podcast_interview,True,False,0.5,Clip channel; original publisher is Theo Von
hI3M_4UQoWk,False,keynote_or_presentation,False,False,0.97,Connect keynote
8hwcDaX3ISg,False,about_the_ceo_not_by,False,False,0.8,Verge host commentary of questions
R91_oQ4smys,True,tv_interview,False,False,0.8,Bloomberg Emily Chang interview clip
tszveicEfKA,True,podcast_interview,False,False,0.8,Creator interview with Zuckerberg
x-kALfaofek,True,podcast_interview,False,False,0.97,Tim Ferriss full episode
A4erAm-cJbg,True,tv_interview,False,False,0.7,"2005 Vator interview, Zuckerberg was CEO"
wMW7-yk296U,True,podcast_interview,False,False,0.85,Colin and Samir interview
LJDANzTzI0o,True,tv_interview,False,False,0.95,Fox News Dana Perino interview
QciJ9ubeLQk,True,podcast_interview,False,False,0.97,Acquired podcast interview
61avjMRUG7k,False,panel,False,False,0.7,"Obama-led session, Zuckerberg minor share"
yUAfRod2xgI,False,other,False,False,0.9,Hearing apology clip
XOn2CZWnxxY,False,keynote_or_presentation,False,False,0.95,Conference keynote
5wk5WPONF7c,True,fireside_or_conference_qa,False,False,0.85,NYT Events onstage interview
gF12Xn3C-0c,True,fireside_or_conference_qa,False,False,0.9,Stripe Sessions conversation
2GuHVZx4OwU,True,tv_interview,False,False,0.75,BBC News interview 2009
DceGOrrWHso,False,about_the_ceo_not_by,False,False,0.9,Comedian commentary clip
GxWx22J0vZs,False,compilation_or_reupload,True,False,0.9,Aggregator hearing clip
FE_Xf33FocA,False,other,False,False,0.8,Hearing clip
voGz8FBR-7k,False,compilation_or_reupload,True,False,0.75,Generic channel vision compilation
DwYNdeNOY-M,True,tv_interview,False,False,0.8,CNBC interview clip
7imNZsFq42o,False,about_the_ceo_not_by,False,False,0.98,"Ex-executive interviewed, not Zuckerberg"
ZnBZ6-D7paA,False,other,False,False,0.9,Hearing apology clip
El19o1Ib-HE,True,podcast_interview,False,False,0.85,Daymond John interview
RYC7nAcZqn0,True,tv_interview,False,False,0.9,CNN Business extended interview
CmggBdsiruk,False,speech_or_lecture,False,False,0.95,Scripted opening testimony
VAUt2j6juHU,True,fireside_or_conference_qa,False,False,0.7,YC Q&A clip
62g-cJC7to0,True,tv_interview,False,False,0.85,CNBC interview
2jBbR-rZrDA,False,keynote_or_presentation,False,False,0.85,F8 keynote privacy clip
mYATXO1OS0g,True,tv_interview,False,False,0.8,CBS Mornings interview with both
_ypR9IXsJ00,False,about_the_ceo_not_by,False,False,0.9,TYT commentary
sCGxLh8Sg-8,False,about_the_ceo_not_by,False,False,0.95,Founders Podcast book discussion
RYZJKyoAFlA,True,tv_interview,False,False,0.8,Bloomberg Tech interview
dcIaD_IlF54,False,other,False,False,0.85,News package on leaked audio
u8cYwaLzN-k,True,podcast_interview,False,False,0.9,No Priors podcast interview
GqVrQjpHwhs,False,ai_or_fake_suspected,False,False,0.95,Motivational channel
nYMX-ArjYz8,False,speech_or_lecture,False,False,0.9,Georgetown speech
6m3rfCU7qyo,False,other,True,False,0.8,Fan channel HQ clip
OuvrZFJLXSk,True,fireside_or_conference_qa,True,False,0.45,Fireside chat but uploader is not original
H1qNubHBiUw,True,tv_interview,False,False,0.8,CNBC interview
d5KzLgbb5Xo,False,keynote_or_presentation,False,False,0.85,Connect keynote metaverse plans
B7RZyYoNGVw,True,podcast_interview,True,False,0.5,Theo Von clip channel
uUJBRX_SkIc,True,tv_interview,False,False,0.55,"CNBC clip, possibly earnings-call remarks"
1CBW7ueTsDM,False,about_the_ceo_not_by,False,False,0.9,Kara Swisher commenting
bdSbGJgmkWQ,True,podcast_interview,False,False,0.75,"Tim Ferriss clip, original channel"
srIt1RFE-Zo,False,about_the_ceo_not_by,False,False,0.99,Commentary podcast about him
3LZgdzhXfdA,False,other,False,False,0.85,News report on trial testimony
Q2QkLgcAyYE,False,other,False,False,0.85,Hearing exchange clip
dMvb0_TTV2A,False,about_the_ceo_not_by,False,False,0.95,Durov speaking about Zuckerberg
E-OpiAAjOy0,False,about_the_ceo_not_by,False,False,0.95,Priscilla Chan interview
sbry2ajNd1g,True,tv_interview,False,False,0.8,CBS Mornings interview
LsGqpDKoZIk,False,other,False,False,0.85,Hearing clash clip
pO2Nx1fA-0Y,False,keynote_or_presentation,False,False,0.97,F8 keynote
5TJ5ENxCUQs,False,keynote_or_presentation,True,False,0.9,Connect keynote clip by third party
jTRknqmP5C0,True,podcast_interview,True,False,0.55,"Theo Von clip channel, long clip"
v1NOLLfZYs8,True,podcast_interview,False,False,0.7,Tim Ferriss official clip
XN1PYDhV7co,False,other,False,False,0.95,Award ceremony
RWl-rM7wJpw,True,tv_interview,False,False,0.85,CNBC interview
bLAZMghMmXI,False,compilation_or_reupload,True,False,0.7,Obscure channel unaired interview
bnccgwAo9dU,True,podcast_interview,True,False,0.45,Peak Pods clip of Theo Von
wzBQlJ2pQm4,False,about_the_ceo_not_by,False,False,0.95,Podcasters discussing him
KlRiP9gtSW4,False,about_the_ceo_not_by,False,False,0.99,Barstool commentary
YQKsdR1wgK8,True,podcast_interview,False,False,0.7,Tim Ferriss official clip
5kq38g9UG3Q,True,tv_interview,False,False,0.75,Bloomberg interview clip
64kd7DwgzD4,True,tv_interview,False,False,0.8,CNBC interview
Q_0Bvjvx0iM,False,compilation_or_reupload,True,False,0.7,"Generic channel, unknown original"
EPU6QQ6GJqQ,True,tv_interview,False,False,0.75,CNBC interview
ndXcRMv6Ruo,False,other,True,False,0.85,Duplicate hearing clip
N11FDrd5RHI,False,about_the_ceo_not_by,False,False,0.85,Newsnight discussion about him
ZKg47L1s7uo,True,tv_interview,False,False,0.6,"CNBC coverage of F8 talk, long"
tAY3JKcqNcU,True,tv_interview,False,False,0.75,MSNBC interview
DTRIOvqmxPo,False,about_the_ceo_not_by,False,False,0.95,Swisher commentary
1NuxcnwcSTU,False,about_the_ceo_not_by,False,False,0.99,Actor interview
Hy-W8OymEuM,False,about_the_ceo_not_by,False,False,0.95,Journalist commentary
7-kyUmx9H7M,False,about_the_ceo_not_by,False,False,0.95,Ex-executive interview
1ef4-UYTY_g,True,podcast_interview,False,False,0.7,Tim Ferriss official clip
LSTEIG9r2iA,False,other,False,False,0.7,News package of Facebook post response
X8Z9RfnPzv8,False,compilation_or_reupload,True,False,0.8,Aggregator re-upload of podcast
VHT3VH8PPz4,True,fireside_or_conference_qa,False,False,0.85,CNBC VivaTech onstage conversation
zUbzcDUXzr4,True,fireside_or_conference_qa,True,False,0.6,"Dopfner conversation, uploaded by unknown channel"
AV-UbWBnl0g,True,tv_interview,False,False,0.8,CNBC interview on remote work
q3D3XBYQW2Y,False,other,False,False,0.7,"Congressional hearing clip, not interview"
TuoYkLAIuks,False,speech_or_lecture,False,False,0.7,Harvard speech clip on UBI
dsYoC-eqCj8,True,fireside_or_conference_qa,False,False,0.8,"Georgetown/news tab conversation, CNBC"
5MOt4ZFDJJU,False,other,False,False,0.6,"News package, brief CEO clips"
ZKPQn3BVAYg,False,podcast_interview,False,False,0.7,"Short clip, Zuckerberg likely not interviewee"
EeJkPus8Qzo,False,about_the_ceo_not_by,False,False,0.85,Bloomberg commentary about philanthropy
LyldL-loAy4,False,speech_or_lecture,False,False,0.95,Commencement speech
DFtt0Sjc424,False,other,False,False,0.7,Congressional hearing exchange
RJ5EuoQevPc,False,about_the_ceo_not_by,False,False,0.85,Week in review commentary of testimony
S1ZmG8AV1JE,False,speech_or_lecture,True,False,0.95,Commencement speech with English-learning subtitles
q9Y3Qsy_vqs,False,about_the_ceo_not_by,False,False,0.95,"Mosseri interview, not Zuckerberg"
p1lqC1uNoNE,False,about_the_ceo_not_by,False,False,0.85,Bloomberg commentary
vR9Ko_klAPU,True,tv_interview,False,False,0.85,CNBC Zuckerberg interview
3udD0RSqOXM,False,other,False,False,0.6,"News segment on breach, likely call clip"
6g_g776oHWw,False,about_the_ceo_not_by,False,False,0.85,Bloomberg commentary
AKjb9HV6MQU,True,fireside_or_conference_qa,True,False,0.55,"2005 Stanford interview, archive channel"
IGsZd22m-lA,False,about_the_ceo_not_by,False,False,0.6,Bloomberg Originals package
W1Lvh_TpjqA,False,compilation_or_reupload,True,False,0.9,"Fan channel, likely keynote/compilation"
276sy13XVHk,True,tv_interview,False,False,0.85,CNBC 2018 interview
JSS9HLaimDo,True,tv_interview,False,False,0.85,CNBC interview
qxi8jmfJ_ZE,True,tv_interview,False,False,0.85,CNBC interview
qvKgwxneZnU,False,other,False,False,0.95,"Doesn't answer questions, news footage"
HAokbZvCLD8,True,fireside_or_conference_qa,False,False,0.9,Official VivaTech conversation
EHul0ikp2xY,False,about_the_ceo_not_by,False,False,0.9,Bloomberg podcast commentary
x_TXkQnSDvc,True,tv_interview,False,False,0.85,CNBC interview
ABykCSICdy4,True,tv_interview,False,False,0.85,CNBC interview
FK0oewrs4mQ,True,fireside_or_conference_qa,False,False,0.75,CNBC townhall Q&A
_cmSqLIRlIc,True,tv_interview,False,False,0.85,CNBC interview
Q6mrUSJ59KY,False,about_the_ceo_not_by,False,False,0.95,Roger McNamee interview about Zuckerberg
gwJJUBgvrZM,True,tv_interview,False,False,0.85,CNBC interview
YhBHDMX5nXU,True,tv_interview,False,False,0.85,CNBC interview
Uk0bIr29VTE,False,compilation_or_reupload,True,False,0.7,Aggregator rare interview clip
mSW7V6ijyr4,False,compilation_or_reupload,True,False,0.75,Best Of Clubhouse re-upload
CXNgP285fRQ,True,tv_interview,False,False,0.85,CNBC interview
sD9WNIW9eYc,False,compilation_or_reupload,True,False,0.8,Re-upload of CNN interview by aggregator
hcW9hJpes10,True,tv_interview,False,False,0.85,CNBC interview
lNB-DX0QU8M,False,podcast_interview,False,False,0.8,"Zuckerberg is the interviewer, not answerer"
kNGMKb9f6KI,False,compilation_or_reupload,True,False,0.95,Lifestyle compilation
SQ4znMQr7fY,False,compilation_or_reupload,True,False,0.7,"Aggregator, likely keynote footage"
SGHBEYcJsfo,False,ai_or_fake_suspected,True,False,0.8,Dubious clickbait outage interview
B-_UDEWefME,False,speech_or_lecture,True,False,0.9,"Message/speech, fan channel"
TE-YQfoN8hk,False,about_the_ceo_not_by,True,False,0.9,Report about home
zPogfduMl6E,False,about_the_ceo_not_by,False,False,0.9,Third party discusses Zuckerberg VR
P0ssJ6Mf9kw,False,speech_or_lecture,True,False,0.9,"Friends day address, scripted"
2Ls3AX4nFng,False,compilation_or_reupload,True,False,0.7,"Matthew Ball interview, unclear fan channel"
kzgYAKee31E,False,compilation_or_reupload,True,False,0.8,Zuckerberg interviewing Fauci; advocacy channel re-post
2bhaljnkGCQ,False,speech_or_lecture,True,False,0.95,Commencement speech
nJe_N0CnLw4,False,compilation_or_reupload,True,False,0.8,Fan channel clickbait reupload
AI-mxi09oR0,False,about_the_ceo_not_by,False,False,0.85,Commentary on op-ed proposal
aiynNS6cASA,False,compilation_or_reupload,True,False,0.85,Zuckerberg interviews Fauci; re-upload
02ImGBSrunM,False,compilation_or_reupload,True,False,0.85,"Zuckerberg as interviewer, aggregator"
PFkLdKTcL4o,False,ai_or_fake_suspected,True,False,0.7,"Individual's channel, unverified interview"
YYzpAj7cZFc,False,compilation_or_reupload,True,False,0.6,"Generic title, small channel reupload"
IVinyBLVvvk,False,other,False,False,0.9,Newsletter video news roundup
0kgTgK3pf4A,False,compilation_or_reupload,True,False,0.85,Fan channel clip
uC5cd_hYO9E,False,compilation_or_reupload,True,False,0.7,Generic aggregator channel
65xaNsaijQM,False,compilation_or_reupload,True,False,0.9,Podcast clip channel
roXycRLLxXw,False,compilation_or_reupload,True,False,0.85,Clickbait clip channel
sg_qGYIW1nE,False,compilation_or_reupload,True,False,0.85,Aggregator clip
F807y8KL7mU,False,compilation_or_reupload,True,False,0.85,Aggregator clip
D-ZO2vcsNSU,False,ai_or_fake_suspected,True,False,0.85,Commentary/AI-style vision video
