video_id,ceo_id,ceo,ticker,title,channel,content_type,publish_ts_utc,duration_s,view_count,has_auto_en,confidence
dl2ReZwcd9Y,arora,Nikesh Arora,PANW,Palo Alto Networks CEO Nikesh Arora on earnings and growth,CNBC Television,tv_interview,2019-09-05 14:33:39+00:00,500.0,19911.0,False,0.95
obXrSoLOD-k,arora,Nikesh Arora,PANW,"Leadership for Change with John Chambers, Nikesh Arora and Saket Modi - Recap",AkshayaPatraUSA,panel,2020-10-13 17:04:26+00:00,4829.0,300.0,False,0.5
MCFhyfoHfS4,arora,Nikesh Arora,PANW,"Grand Keynote Conversation with Nikesh Arora, CEO of Palo Alto Networks and others I TiEcon 2021",TiE Silicon Valley,panel,2021-05-14 21:24:33+00:00,1692.0,2647.0,False,0.55
OAxybghJOO4,arora,Nikesh Arora,PANW,Indian Start-ups Have Global Ambitions Of Serving Global Markets Says Nikesh Arora At IEC 2022,ET Now,tv_interview,2022-04-22 07:05:50+00:00,926.0,997.0,True,0.8
9uspXLIXJIo,arora,Nikesh Arora,PANW,Palo Alto Network's Nikesh Arora Shares What's The Mood Like In Davos | Davos 2022 | CNBC-TV18,CNBC-TV18,tv_interview,2022-05-25 15:55:10+00:00,691.0,1281.0,False,0.9
Zohw1xdh5_w,arora,Nikesh Arora,PANW,NightVision Fireside Chat: Palo Alto Networks CEO Nikesh Arora,NightDragon,fireside_or_conference_qa,2022-08-24 20:13:04+00:00,3081.0,2382.0,False,0.9
3-_aHArRIVk,arora,Nikesh Arora,PANW,"We are not seeing the macro impact in cyber security, says Palo Alto Networks CEO, Nikesh Arora",CNBC Television,tv_interview,2022-09-13 16:20:54+00:00,230.0,3864.0,True,0.95
K_rdZ2KHlz8,arora,Nikesh Arora,PANW,"In Conversation With Nikesh Arora On Digital Adoption, Cyber Security Risks & More | On The Record",CNBC-TV18,tv_interview,2022-10-18 15:00:00+00:00,1656.0,2707.0,False,0.9
HSrUSTiKqLw,arora,Nikesh Arora,PANW,Market News Updates; Nikesh Arora EXCLUSIVE On Digital Adoption & Much More | India Business Hour,CNBC-TV18,tv_interview,2022-10-18 18:16:11+00:00,1367.0,737.0,False,0.65
RZ3OpJTeXVQ,arora,Nikesh Arora,PANW,'India Should Not Be Just A Delivery Market': Nikesh Arora Of Palo Alto Networks | On The Record,CNBC-TV18,tv_interview,2022-10-18 18:32:38+00:00,1378.0,7203.0,False,0.9
1cm_FifoRVI,arora,Nikesh Arora,PANW,"Nikesh Arora EXCLUSIVE On Digital Adoption, Cyber Security Risks, Rising Interest Rates & More",CNBC-TV18,tv_interview,2022-10-18 18:41:19+00:00,796.0,811.0,False,0.9
b3inK20gzb0,arora,Nikesh Arora,PANW,'Ransomware As A Service Is Now A Phrase' Says Nikesh Arora Of Palo Alto Networks | On The Record,CNBC-TV18,tv_interview,2022-10-18 18:52:40+00:00,591.0,496.0,False,0.9
7qiXzJqmjQw,arora,Nikesh Arora,PANW,Nikesh Arora Talks About Digital Adoption And Road Ahead | On The Record | CNBC-TV18,CNBC-TV18,tv_interview,2022-10-23 09:59:56+00:00,796.0,343.0,False,0.9
LOVS04ELjmU,arora,Nikesh Arora,PANW,"Nikesh Arora, Palo Alto Networks | Palo Alto Networks Ignite22",SiliconANGLE theCUBE,tv_interview,2022-12-13 20:18:40+00:00,1181.0,5874.0,False,0.8
j_96Xh1p6w4,arora,Nikesh Arora,PANW,"Palo Alto Networks' Nikesh Arora On Cyber Security Risks, Indian Startups Space & More | Davos 2023",CNBC-TV18,tv_interview,2023-01-18 12:57:09+00:00,726.0,1405.0,False,0.9
G8QBhUaPKhA,arora,Nikesh Arora,PANW,Nikesh Arora Emphasises The Need To Tighten Cyber Security In A Digital World,Business Today,tv_interview,2023-01-19 15:59:36+00:00,1159.0,2583.0,False,0.8
lSZ1QbsrtXw,arora,Nikesh Arora,PANW,Nikesh Arora Of Palo Alto Networks Talks About Need For Cyber Security | Davos 2023 | CNBC-TV18,CNBC-TV18,tv_interview,2023-01-22 10:39:21+00:00,636.0,945.0,False,0.9
5jG7iVI08O0,arora,Nikesh Arora,PANW,"Grit Podcast - CEO and Chairman of Palo Alto Networks, Nikesh Arora",Kleiner Perkins,podcast_interview,2023-04-18 06:42:29+00:00,4861.0,19817.0,False,0.9
6vqdXobeTBY,arora,Nikesh Arora,PANW,Palo Alto CEO Nikesh Arora sits down one-on-one with Jim Cramer,CNBC Television,tv_interview,2023-04-26 00:44:57+00:00,570.0,7114.0,False,0.95
pWTlzwUtzds,arora,Nikesh Arora,PANW,Palo Alto Networks CEO Nikesh Arora: We don't see the demand for cybersecurity slowing down,CNBC Television,tv_interview,2023-06-01 16:05:17+00:00,222.0,22914.0,False,0.95
Sfbf3qjm-QQ,arora,Nikesh Arora,PANW,Palo Alto Networks CEO Nikesh Arora goes one-on-one with Jim Cramer,CNBC Television,tv_interview,2023-08-22 13:01:18+00:00,679.0,7130.0,False,0.95
_z5acveB6qs,arora,Nikesh Arora,PANW,Palo Alto Networks CEO Nikesh Arora talks Q1 results with Jim Cramer,CNBC Television,tv_interview,2023-11-16 01:04:23+00:00,550.0,12014.0,True,0.95
aeyZQL4v-XA,arora,Nikesh Arora,PANW,Palo Alto Networks CEO Nikesh Arora sits down with Jim Cramer,CNBC Television,tv_interview,2024-03-21 23:49:38+00:00,587.0,27906.0,False,0.95
TGSJKqDQU50,arora,Nikesh Arora,PANW,Palo Alto Networks' CEO Nikesh Arora: Agreement with IBM 'far-reaching',CNBC Television,tv_interview,2024-05-15 21:31:52+00:00,297.0,13547.0,False,0.95
fTCOCTigxwY,arora,Nikesh Arora,PANW,Nikesh Arora: Lessons from $102BN Market Cap & How to Create & Sustain Competitive Advantage | E1155,20VC with Harry Stebbings,podcast_interview,2024-05-20 14:00:38+00:00,3272.0,18894.0,False,0.9
Tt0CuFKB18I,arora,Nikesh Arora,PANW,"Billings is a broken metric in this market, says Palo Alto Networks' CEO Nikesh Arora",CNBC Television,tv_interview,2024-05-21 00:27:33+00:00,581.0,24703.0,False,0.95
95pSeEgLX2I,arora,Nikesh Arora,PANW,Nikesh Arora & Shailesh Rao - Grandkeynote | TiEcon2024,TiE Silicon Valley,fireside_or_conference_qa,2024-06-04 19:30:01+00:00,1828.0,2769.0,False,0.6
1JvI4giU7d8,arora,Nikesh Arora,PANW,"Nikesh Arora: Values, Vision, and Victory, a CEO's Insights on Navigating Careers and Business",National Football Foundation,fireside_or_conference_qa,2024-08-04 16:27:40+00:00,2720.0,18452.0,False,0.6
U2Sz-S1C6QY,arora,Nikesh Arora,PANW,Palo Alto Networks CEO Nikesh Arora talks earnings with Jim Cramer,CNBC Television,tv_interview,2024-08-20 00:13:53+00:00,553.0,17086.0,False,0.95
q7sSi9h6nYM,arora,Nikesh Arora,PANW,Nikesh Arora | All-In Summit 2024,All-In Podcast,fireside_or_conference_qa,2024-09-23 21:51:04+00:00,2016.0,217759.0,False,0.85
hs40x7FxwI0,arora,Nikesh Arora,PANW,"We are the premium platform with cloud security, says Palo Alto CEO Nikesh Arora",CNBC Television,tv_interview,2024-11-21 17:29:33+00:00,504.0,4183.0,False,0.95
CwfbyFTx69E,arora,Nikesh Arora,PANW,Nikesh Arora: How to buy a cricket franchise? 💰 | Sky Sports Cricket Podcast,Sky Sports Cricket,podcast_interview,2025-02-07 16:23:29+00:00,2638.0,68003.0,False,0.85
Uo25GgdMAWs,arora,Nikesh Arora,PANW,Palo Alto Networks CEO Nikesh Arora goes one-on-one with Jim Cramer,CNBC Television,tv_interview,2025-03-25 23:55:26+00:00,539.0,16561.0,False,0.95
WXH5Zg7HAcI,arora,Nikesh Arora,PANW,Nikesh Arora - CEO of Palo Alto Networks | Podcast | In Good Company,Norges Bank Investment Management,podcast_interview,2025-04-09 05:00:31+00:00,3003.0,23314.0,False,0.9
4-MeciIP6ns,arora,Nikesh Arora,PANW,Palo Alto Networks CEO Nikesh Arora Talks Latest Acquisition | Bloomberg Talks,Bloomberg Podcasts,tv_interview,2025-04-28 20:32:51+00:00,477.0,381.0,False,0.9
mxBX7jiYnew,arora,Nikesh Arora,PANW,Palo Alto Networks CEO Nikesh Arora goes one-on-one with Jim Cramer,CNBC Television,tv_interview,2025-05-21 00:03:18+00:00,573.0,14905.0,False,0.95
i__brXrfgVs,arora,Nikesh Arora,PANW,He Earns More Than Zuckerberg & Pichai!? | Google to SoftBank | Nikesh Arora X Karishma Mehta,Humans of Bombay,podcast_interview,2025-06-11 13:30:39+00:00,2735.0,125676.0,True,0.8
vPvnzWoK24Q,arora,Nikesh Arora,PANW,From Ghaziabad to Silicon Valley: Nikhil Kamath x Nikesh Arora | People by WTF | Ep. 11,Nikhil Kamath,podcast_interview,2025-06-28 14:31:34+00:00,4933.0,1022756.0,False,0.9
jc-qgtf46bY,arora,Nikesh Arora,PANW,Palo Alto CEO Nikesh Arora goes one-on-one with Jim Cramer,CNBC Television,tv_interview,2025-09-05 00:13:01+00:00,556.0,21173.0,False,0.95
yFHFYFvZcvE,arora,Nikesh Arora,PANW,No Priors | With Palo Alto Networks CEO & Former Chief Business Officer of Google Nikesh Arora,"No Priors: AI, Machine Learning, Tech, & Startups",podcast_interview,2025-10-02 10:01:52+00:00,3502.0,16152.0,False,0.9
C0du5HWKjPE,arora,Nikesh Arora,PANW,Palo Alto Networks’ Nikesh Arora with Sam Sabin,Axios,fireside_or_conference_qa,2025-12-05 08:16:04+00:00,1531.0,3850.0,False,0.9
yco9JP0PyLM,arora,Nikesh Arora,PANW,Palo Alto Networks CEO Nikesh Arora on the Virtues of Being an Outsider,Sequoia Capital,fireside_or_conference_qa,2026-01-08 10:01:40+00:00,3879.0,350476.0,False,0.9
J5AXHhRnN4A,arora,Nikesh Arora,PANW,I'm Not Too Worried About Al & Job Losses: Palo Alto Networks CEO Nikesh Arora,CNBC-TV18,tv_interview,2026-02-22 14:00:07+00:00,1007.0,3768.0,False,0.9
H8gIqqMroQc,arora,Nikesh Arora,PANW,Palo Alto Networks CEO Nikesh Arora goes one-on-on with Jim Cramer,CNBC Television,tv_interview,2026-06-02 23:54:37+00:00,537.0,13582.0,False,0.95
v4GN1q7HX1Y,arora,Nikesh Arora,PANW,Nikesh Arora on the Frontier Model Problem: Breadth vs Depth | The Future of Token Costs,20VC with Harry Stebbings and Palo Alto Networks,podcast_interview,2026-06-22 13:58:51+00:00,4598.0,71611.0,False,0.9
_v_ryYwmfM0,arora,Nikesh Arora,PANW,"Nikesh Arora: $300B, 40 Acquisitions, Still Paranoid",Sourcery with Molly O'Shea,podcast_interview,2026-08-17 13:11:29+00:00,3550.0,39008.0,True,0.9
7BFjOV4sXqc,arora,Nikesh Arora,PANW,Palo Alto Networks CEO Nikesh Arora goes one-on-one with Jim Cramer,CNBC Television,tv_interview,2026-09-01 23:59:18+00:00,582.0,15476.0,False,0.95
kcg4IjxlKLk,bancel,Stephane Bancel,MRNA,Vaccin contre la COVID-19 : entrevue avec Stéphane Bancel,Radio-Canada Info,tv_interview,2020-05-23 01:42:44+00:00,630.0,26124.0,False,0.8
iS-HhepWt1I,bancel,Stephane Bancel,MRNA,Moderna CEO Stephane Bancel on the Race for a Covid-19 Vaccine,David Rubenstein,podcast_interview,2020-06-15 21:04:34+00:00,1843.0,13293.0,False,0.85
RsgYEUQpQEo,bancel,Stephane Bancel,MRNA,Moderna CEO Stephane Bancel on executive stock sales,CNBC Television,tv_interview,2020-07-27 12:03:39+00:00,313.0,27861.0,False,0.95
ESi9Yq4XniE,bancel,Stephane Bancel,MRNA,Comprehensive Public Health Initiative I Stéphane Bancel I Albion College #BritonBound #FutureBrits,Albion College,fireside_or_conference_qa,2020-09-25 15:37:04+00:00,3620.0,618.0,False,0.6
T8rRVWRMnvM,bancel,Stephane Bancel,MRNA,Stéphane Bancel à CentraleSupélec,Symposium CentraleSupélec,fireside_or_conference_qa,2020-10-19 15:01:49+00:00,5592.0,6902.0,False,0.6
LN2JqGQ-WTQ,bancel,Stephane Bancel,MRNA,Interview Stéphane BANCEL - Méditerranée du Futur Acte 4,Région Sud - Provence-Alpes-Côte d'Azur,tv_interview,2020-12-01 18:27:02+00:00,469.0,876.0,False,0.7
A2TqddTc-2A,bancel,Stephane Bancel,MRNA,Interview with Stéphane Bancel: French CEO of Moderna,L'info du vrai - CANAL+,tv_interview,2021-01-13 17:12:45+00:00,221.0,3496.0,True,0.8
Uw3nntS2wG8,bancel,Stephane Bancel,MRNA,"Discussion between Stéphane Bancel, CEO of Moderna & Yves Mirabaud, our Senior Managing Partner",Mirabaud Group,fireside_or_conference_qa,2021-03-23 14:04:22+00:00,2477.0,1892.0,False,0.85
xPYLQyeswig,bancel,Stephane Bancel,MRNA,Moderna CEO Stephane Bancel Live,Digital Health New York ,fireside_or_conference_qa,2021-05-27 18:06:51+00:00,3407.0,366.0,True,0.8
ZPR_ksxiXag,bancel,Stephane Bancel,MRNA,Moderna CEO Stéphane Bancel In Conversation With Newsweek CEO Dev Pragad,Newsweek,fireside_or_conference_qa,2021-06-22 12:00:30+00:00,2326.0,2549.0,False,0.9
y0G5Q0Et1CU,bancel,Stephane Bancel,MRNA,"Digital Medicine: The Human Factor - Guest: Stéphane Bancel, CEO, Moderna",VMware CIO Exchange,podcast_interview,2021-10-27 16:06:43+00:00,1443.0,362.0,False,0.8
Nk6i_5GJEk4,bancel,Stephane Bancel,MRNA,"General Session: Marc N. Casper, Stéphane Bancel and Mike Pellini, MD",HLTH,panel,2021-10-27 17:07:28+00:00,2018.0,835.0,False,0.8
QRpSn-UIiPo,bancel,Stephane Bancel,MRNA,"Reimagine Venture with Stéphane Bancel, CEO of Moderna and Jason Kelly, CEO of Ginkgo Bioworks.",MassChallenge,fireside_or_conference_qa,2021-10-28 22:30:02+00:00,1446.0,927.0,False,0.9
EYR5wE0q06s,bancel,Stephane Bancel,MRNA,Moderna CEO Stéphane Bancel: Omicron and mRNA Tech,Morgan Stanley,fireside_or_conference_qa,2021-12-16 20:27:01+00:00,895.0,3728.0,False,0.85
SP08wihsJkY,bancel,Stephane Bancel,MRNA,Moderna CEO Bancel: Future Covid vaccine booster will likely target omicron variant,CNBC Television,tv_interview,2022-01-10 13:32:19+00:00,180.0,210463.0,False,0.95
wBzpxBd2me0,bancel,Stephane Bancel,MRNA,Moderna CEO Stéphane Bancel: We're likely moving into an endemic setting,CNBC Television,tv_interview,2022-02-24 14:11:28+00:00,221.0,6854.0,False,0.95
v09IajzVPG0,bancel,Stephane Bancel,MRNA,"BC CEO Club: Stéphane Bancel, CEO of Moderna",Boston College Chief Executives Club,fireside_or_conference_qa,2022-04-07 00:33:36+00:00,2623.0,1140.0,False,0.9
uNWogEfflW8,bancel,Stephane Bancel,MRNA,Moderna CEO Stephane Bancel on earnings: We expect second half of 2022 to be stronger,CNBC Television,tv_interview,2022-05-04 12:24:09+00:00,255.0,2894.0,False,0.95
pSYT6pFdmVU,bancel,Stephane Bancel,MRNA,"Moderna CEO Stephane Bancel talks business, vaccine demand, and medical advances",Yahoo Finance,tv_interview,2022-10-17 20:09:38+00:00,912.0,3103.0,False,0.95
wLjdoOx3vTA,bancel,Stephane Bancel,MRNA,The Unlikeliest Household Name with Moderna CEO Stéphane Bancel at D50X Summit,CNBC Events,fireside_or_conference_qa,2022-11-07 16:06:15+00:00,1192.0,494.0,False,0.9
OZaWVSS0JCQ,bancel,Stephane Bancel,MRNA,Moderna CEO Stéphane Bancel on promising new data for mRNA cancer vaccine,CNBC Television,tv_interview,2022-12-13 13:50:10+00:00,277.0,6950.0,False,0.95
i6pEfWk4qfE,bancel,Stephane Bancel,MRNA,"2023 Flagship CEO Chat: Stéphane Bancel, CEO of Moderna",Flagship Pioneering,fireside_or_conference_qa,2023-01-11 15:27:39+00:00,1016.0,886.0,True,0.8
lOTqmlqsKd4,bancel,Stephane Bancel,MRNA,CEO Chat with Stéphane Bancel @ Flagship Studio,Moderna,fireside_or_conference_qa,2023-01-20 15:56:17+00:00,940.0,3131.0,False,0.8
1jrWjNEJiTA,bancel,Stephane Bancel,MRNA,"Moderna CEO Stéphane Bancel on surprise Q1 profit, post-Covid future",CNBC Television,tv_interview,2023-05-04 13:23:50+00:00,401.0,5795.0,True,0.95
jARHx3xXU1E,bancel,Stephane Bancel,MRNA,Stéphane Bancel (Moderna) : Comment le groupe Moderna a préparé l'après Covid,BFM Business,tv_interview,2023-09-14 06:36:36+00:00,713.0,2090.0,False,0.9
Bq_rXiFLK70,bancel,Stephane Bancel,MRNA,Moderna CEO Stephane Bancel on Q3 results,CNBC Television,tv_interview,2023-11-02 12:36:15+00:00,483.0,6013.0,False,0.95
o1UHz7JZJ6U,bancel,Stephane Bancel,MRNA,Moderna Inc CEO Stephane Bancel Talks Costs | Bloomberg Talks,Bloomberg Podcasts,podcast_interview,2023-11-02 17:12:09+00:00,474.0,110.0,False,0.9
8oVRYQe2bX8,bancel,Stephane Bancel,MRNA,Moderna CEO Stephane Bancel on melanoma treatment development: A big day for patients,CNBC Television,tv_interview,2023-12-14 14:29:15+00:00,378.0,4275.0,False,0.95
NLktSvjmTFc,bancel,Stephane Bancel,MRNA,Moderna CEO Stephane Bancel Talks Skin Cancer | Bloomberg Talks,Bloomberg Podcasts,podcast_interview,2023-12-14 23:44:32+00:00,464.0,204.0,False,0.9
cxnl0wXbiEQ,bancel,Stephane Bancel,MRNA,Moderna CEO Stephane Bancel on Q4 results: There is so much more to Moderna than Covid,CNBC Television,tv_interview,2024-02-22 13:27:50+00:00,488.0,3846.0,False,0.95
qERSzwwC1nU,bancel,Stephane Bancel,MRNA,Moderna CEO Stephane Bancel Talks Fourth Quarter Results | Bloomberg Talks,Bloomberg Podcasts,podcast_interview,2024-02-22 16:29:03+00:00,320.0,83.0,False,0.9
4qvz5dD88Fg,bancel,Stephane Bancel,MRNA,Moderna CEO Stephane Bancel on Q1 results: The vaccine platform is coming together very nicely,CNBC Television,tv_interview,2024-05-02 12:15:15+00:00,291.0,2360.0,False,0.95
0uhgYJwFbfk,bancel,Stephane Bancel,MRNA,Interview with Stéphane Bancel,Science History Institute,podcast_interview,2024-05-25 18:42:00+00:00,2492.0,241.0,False,0.8
gAqn9iJ6V54,bancel,Stephane Bancel,MRNA,"Stéphane Bancel, PDG de Moderna",RADIO RCJ,tv_interview,2024-05-27 13:32:00+00:00,3511.0,111.0,True,0.6
o_7XvBOkX8o,bancel,Stephane Bancel,MRNA,"Moderna CEO Stephane Bancel on Q2 results, slashing its full-year sales guidance",CNBC Television,tv_interview,2024-08-01 12:30:54+00:00,327.0,3933.0,False,0.95
yBmhQJFrur4,bancel,Stephane Bancel,MRNA,"2024 WMIF | Fireside Chat - Daniel Kuritzkes, Alec Stranahan, Stephane Bancel",World Medical Innovation Forum,fireside_or_conference_qa,2024-09-25 15:20:33+00:00,1579.0,369.0,False,0.9
sWVSigN1hns,bancel,Stephane Bancel,MRNA,"Stéphane BANCEL, CEO de Moderna sur le Bang à BIG 2024",Bpifrance,fireside_or_conference_qa,2024-10-10 12:17:28+00:00,451.0,552.0,False,0.7
XOejSKDKvbY,bancel,Stephane Bancel,MRNA,Moderna CEO Stéphane Bancel Is Interviewed by SandboxAQ CEOJack Hidary at #FII8,FII Institute,fireside_or_conference_qa,2024-10-30 15:31:43+00:00,937.0,2234.0,False,0.9
e70gBOMfOuI,bancel,Stephane Bancel,MRNA,"2025 CEO Chat: Stéphane Bancel, CEO of Moderna",Flagship Pioneering,fireside_or_conference_qa,2025-01-13 21:22:39+00:00,459.0,3087.0,False,0.8
r697fAwdHzM,bancel,Stephane Bancel,MRNA,"2026 CEO Chat: Stéphane Bancel, CEO of Moderna",Flagship Pioneering,fireside_or_conference_qa,2026-01-13 20:38:14+00:00,804.0,1924.0,True,0.8
TCMRz3Q9RMI,bancel,Stephane Bancel,MRNA,"Davos 2026 LIVE | In Conversation With Stephane Bancel, Chief Executive Officer Moderna",CNBC-TV18,tv_interview,2026-01-21 14:06:00+00:00,790.0,1218.0,True,0.9
N5GHneXwJ10,bancel,Stephane Bancel,MRNA,Stéphane Bancel: The 5% Bet That Built Moderna,Positive Leadership - Jean-Philippe Courtois,podcast_interview,2026-06-10 07:00:07+00:00,5197.0,446.0,False,0.85
hyGeM2wXxAA,bancel,Stephane Bancel,MRNA,"Bioterrorism: ""It’s actually worrying!"" (Stéphane Bancel, CEO of Moderna)",BFM Business,tv_interview,2026-06-22 06:30:15+00:00,681.0,703.0,False,0.9
r7RAr5zddMg,bastian,Ed Bastian,DAL,Delta Air Lines CEO Ed Bastian chats with airlineguys ™ Quick Turn,airlineguys,podcast_interview,2016-05-19 11:51:09+00:00,728.0,8912.0,False,0.8
C_bkRCHq59Y,bastian,Ed Bastian,DAL,Ed Bastian - The May Luncheon 2017,The Wings Club,fireside_or_conference_qa,2017-06-09 02:26:04+00:00,1898.0,123.0,False,0.7
Mr4cOT2FpvQ,bastian,Ed Bastian,DAL,"Center Stage: One-on-One with Delta Air Lines CEO, Ed Bastian",GBTATV,fireside_or_conference_qa,2017-07-19 18:15:09+00:00,1251.0,1474.0,False,0.85
XJ5E5rB--Eg,bastian,Ed Bastian,DAL,Delta Air Lines CEO Edward H. Bastian at Skift Global Forum 2017,Skift,fireside_or_conference_qa,2017-10-12 14:56:59+00:00,1825.0,6181.0,False,0.85
aaoP6frXxGo,bastian,Ed Bastian,DAL,"Ed Bastian, CEO, Delta Air Lines",Terry College of Business at the University of Georgia,fireside_or_conference_qa,2018-03-27 15:28:54+00:00,4215.0,7067.0,False,0.7
-RsBK2-NxvU,bastian,Ed Bastian,DAL,"In Conversation: Ed Bastian, CEO, Delta Air Lines",Operation HOPE,fireside_or_conference_qa,2018-03-30 19:52:46+00:00,1516.0,2094.0,False,0.85
Toqd6ReTF7k,bastian,Ed Bastian,DAL,Flashpoint 5/29/2016: Delta CEO Ed Bastian,Click On Detroit | Local 4 | WDIV,tv_interview,2018-04-06 06:26:23+00:00,654.0,190.0,False,0.85
LSxBRtGwZNM,bastian,Ed Bastian,DAL,"Flashpoint 5/29/16: Delta Air Lines CEO Ed Bastian, Wayne County Exec Warren Evans, Mackinac Preview",Click On Detroit | Local 4 | WDIV,tv_interview,2018-04-09 15:01:45+00:00,1415.0,85.0,False,0.8
On2jtg9V3y0,bastian,Ed Bastian,DAL,Delta CEO Ed Bastian speaks at The National Press Club,National Press Club Live,fireside_or_conference_qa,2018-06-27 18:11:27+00:00,3699.0,1171.0,False,0.8
sp8NNZXFwuo,bastian,Ed Bastian,DAL,Delta Air Lines CEO Edward H. Bastian at Skift Global Forum 2018,Skift,fireside_or_conference_qa,2018-10-10 16:48:49+00:00,1505.0,2101.0,False,0.85
XhLaKKxfCIc,bastian,Ed Bastian,DAL,Watch CNBC's full interview with Delta Airlines CEO Ed Bastian,CNBC Television,tv_interview,2018-12-13 14:47:51+00:00,644.0,3016.0,False,0.95
bNVeNkymfnE,bastian,Ed Bastian,DAL,Delta CEO Ed Bastian addresses Q4 earnings report,CNBC Television,tv_interview,2019-01-15 13:25:11+00:00,199.0,519.0,False,0.9
GAgMvbobspA,bastian,Ed Bastian,DAL,Yahoo Finance exclusive: Delta CEO Ed Bastian,Yahoo Finance,tv_interview,2019-02-14 16:56:05+00:00,468.0,640.0,False,0.9
k9Z0yU1utFg,bastian,Ed Bastian,DAL,"Delta Air Lines CEO Ed Bastian talks first quarter earnings, Boeing 737 Max grounding",CNBC Television,tv_interview,2019-04-10 11:44:20+00:00,180.0,965.0,False,0.95
kaSbBxrkvco,bastian,Ed Bastian,DAL,Conversations With...Ed Bastian,LinkedIn News,podcast_interview,2019-04-15 15:25:22+00:00,892.0,777.0,False,0.85
Lb2r-PTadK0,bastian,Ed Bastian,DAL,Delta CEO Ed Bastian in conversation with Kai Ryssdal,Marketplace APM,tv_interview,2019-05-15 20:59:21+00:00,299.0,3081.0,False,0.85
0CXQvmzTJd0,bastian,Ed Bastian,DAL,"In Conversation: Ed Bastian, CEO, Delta Airlines and Andrew Ross Sorkin",Operation HOPE,fireside_or_conference_qa,2019-06-08 13:10:27+00:00,1576.0,758.0,False,0.85
FeFRmb08ep4,bastian,Ed Bastian,DAL,Delta CEO Ed Bastian | Full interview | Code 2019,On with Kara Swisher,fireside_or_conference_qa,2019-06-12 02:22:38+00:00,2281.0,14061.0,False,0.9
smGWdMU_3AA,bastian,Ed Bastian,DAL,Delta Air Lines CEO Ed Bastian talks second quarter earnings beat,CNBC Television,tv_interview,2019-07-11 11:53:59+00:00,423.0,5420.0,False,0.95
udFIQs2OwZk,bastian,Ed Bastian,DAL,Delta CEO Ed Bastian discusses posting record revenue,Yahoo Finance,tv_interview,2019-07-11 13:42:25+00:00,490.0,1991.0,False,0.9
Rzaq_WUiAi8,bastian,Ed Bastian,DAL,Delta CEO  Ed Bastian on Boeing vs.Airbus,Yahoo Finance,tv_interview,2019-07-11 22:46:09+00:00,230.0,22184.0,False,0.9
ihW-XSO6pqc,bastian,Ed Bastian,DAL,"Ed Bastian, Chief Executive Officer, Delta Air Lines","The Economic Club of Washington, D.C.",fireside_or_conference_qa,2019-09-17 21:14:43+00:00,2997.0,45377.0,True,0.9
Gv9YL96uqbg,bastian,Ed Bastian,DAL,Watch CNBC's full interview with Delta Air Lines CEO Ed Bastian,CNBC Television,tv_interview,2019-10-10 12:07:05+00:00,437.0,3284.0,False,0.95
NZQruLyDtC4,bastian,Ed Bastian,DAL,"Larry Gulko interviews Ed Bastian, CEO Delta Airlines",Brand: New Day,tv_interview,2019-11-25 19:30:30+00:00,351.0,161.0,False,0.75
JH4VUGv6yzg,bastian,Ed Bastian,DAL,Delta CEO Ed Bastian on The David Rubenstein Show,David Rubenstein,podcast_interview,2019-12-05 15:04:06+00:00,1446.0,35947.0,False,0.9
1yCAtBZ-6-0,bastian,Ed Bastian,DAL,"Delta Air Lines' CEO Ed Bastian on Digital, Delta Flight Products & More",APEX Association,tv_interview,2019-12-11 16:14:02+00:00,528.0,4381.0,False,0.75
YKeiVBtFIlc,bastian,Ed Bastian,DAL,Delta Air Lines CEO Ed Bastian on raising 2020 earnings guidance,CNBC Television,tv_interview,2019-12-12 12:54:38+00:00,317.0,1251.0,False,0.95
HdxAmCplqRw,bastian,Ed Bastian,DAL,Watch CNBC's full interview with Delta Air Lines CEO Ed Bastian,CNBC Television,tv_interview,2019-12-12 13:02:02+00:00,585.0,1643.0,False,0.95
_i5cpYMZGTk,bastian,Ed Bastian,DAL,Watch CNBC's full interview with Delta CEO Ed Bastian,CNBC Television,tv_interview,2020-01-07 21:03:09+00:00,512.0,3803.0,False,0.95
PBdUWDKl-jY,bastian,Ed Bastian,DAL,"Delta Air Lines CEO Ed Bastian on earnings, Boeing CEO David Calhoun and more",CNBC Television,tv_interview,2020-01-14 15:58:30+00:00,303.0,3227.0,False,0.95
kwPHzaPANzE,bastian,Ed Bastian,DAL,Conversations With...Ed Bastian,LinkedIn News,podcast_interview,2020-01-31 16:14:23+00:00,892.0,647.0,False,0.8
kbPAYmo5uyM,bastian,Ed Bastian,DAL,"From “The Way Forward"" Conference: Ed Bastian, CEO, Delta Air Lines",Goldman Sachs,fireside_or_conference_qa,2020-07-07 20:35:57+00:00,1086.0,4922.0,False,0.85
agSCX45xu9Q,bastian,Ed Bastian,DAL,Delta CEO Ed Bastian on covid-19 pandemic and the airline industry (Full Stream 8/3),Washington Post,fireside_or_conference_qa,2020-08-03 16:08:39+00:00,1842.0,8424.0,False,0.9
awXtIIiKj1c,bastian,Ed Bastian,DAL,"Leadership Through Crisis: A Conversation with Ed Bastian, CEO of Delta Air Lines",Georgia Tech Scheller College of Business,fireside_or_conference_qa,2020-10-07 20:31:02+00:00,3229.0,996.0,True,0.85
7d1PgKX8LQs,bastian,Ed Bastian,DAL,"Delta CEO Bastian on Pandemic, Outlook, Business Travel",Bloomberg Television,tv_interview,2020-10-19 20:56:16+00:00,290.0,1542.0,False,0.9
xa0waIFwTqc,bastian,Ed Bastian,DAL,"Larry Gulko Interviews Ed Bastian, Summer 2020",Brand: New Day,podcast_interview,2020-10-20 17:15:09+00:00,3844.0,33.0,False,0.75
zOoXWsGDs60,bastian,Ed Bastian,DAL,"""How Resilient Leaders Thrive During Turbulent"" - Ed Bastian, CEO, Delta Air Lines",Operation HOPE,fireside_or_conference_qa,2020-10-22 13:19:59+00:00,1690.0,448.0,False,0.8
3diduPMYyIs,bastian,Ed Bastian,DAL,"In Conversation with Ed Bastian CEO, Delta Airlines",John Hope Bryant,fireside_or_conference_qa,2020-10-22 20:43:54+00:00,2675.0,510.0,False,0.8
EHI24x309nA,bastian,Ed Bastian,DAL,"Straight Talk with Ed Bastian, CEO, Delta Air Lines",Operation HOPE,fireside_or_conference_qa,2020-10-23 19:12:56+00:00,1713.0,277.0,False,0.8
cGkMdSZ-2jw,bastian,Ed Bastian,DAL,Delta CEO Bastian Navigates Turbulent Outlook for Airlines,Bloomberg Television,tv_interview,2020-10-23 23:47:48+00:00,1976.0,2031.0,False,0.9
irAnBUCRFCA,bastian,Ed Bastian,DAL,Business Breakfast | Ed Bastian & Clay Scroggins,Buckhead Church,fireside_or_conference_qa,2020-10-29 16:00:12+00:00,2828.0,1983.0,False,0.75
ofHAx1V2bnU,bastian,Ed Bastian,DAL,Delta CEO Ed Bastian discusses challenges amid COVID-19 and why he is optimistic about business,Yahoo Finance,tv_interview,2021-02-02 21:50:34+00:00,662.0,1253.0,False,0.9
jdzsGyzbW9g,bastian,Ed Bastian,DAL,"Edward Bastian - CEO, Delta Air Lines",Boston College Chief Executives Club,fireside_or_conference_qa,2021-07-27 14:20:47+00:00,2560.0,1284.0,False,0.85
HHyCLKPKFgY,bastian,Ed Bastian,DAL,"Delta CEO Ed Bastian on new employee vaccine policy, next steps in Afghanistan evacuation",CBS Mornings,tv_interview,2021-08-26 13:19:03+00:00,412.0,8997.0,False,0.95
Au_r7QEPjb8,bastian,Ed Bastian,DAL,"Delta CEO Ed Bastian on airline's profitable quarter, international travel",CNBC Television,tv_interview,2021-10-13 12:43:18+00:00,244.0,5147.0,False,0.9
v2hohDWMaW0,bastian,Ed Bastian,DAL,Delta Air Lines CEO Ed Bastian: Lessons learned leading through the darkest hour.,Corporate Competitor Podcast,podcast_interview,2021-10-20 10:10:49+00:00,2797.0,213.0,True,0.85
VIN_k5PJtL4,bastian,Ed Bastian,DAL,Leading with Purpose: A Conversation with Delta Air Lines CEO Ed Bastian,Operation HOPE,fireside_or_conference_qa,2021-10-24 18:46:44+00:00,1427.0,2711.0,False,0.85
axfkebxpjPg,bastian,Ed Bastian,DAL,Delta CEO Ed Bastian: 'We need those offices to get reopened' for business travel to recover,Yahoo Finance,tv_interview,2022-01-13 20:24:00+00:00,320.0,1539.0,False,0.9
M1KFg6edqro,bastian,Ed Bastian,DAL,Delta CEO Ed Bastian on Leading an Airline Through Two Years of Pandemic Disruptions,Harvard Business Review,fireside_or_conference_qa,2022-01-21 17:25:02+00:00,2033.0,11291.0,False,0.85
BJTcDULX5mc,bastian,Ed Bastian,DAL,Delta CEO Ed Bastian: We are well-staffed for the summer travel season,CNBC Television,tv_interview,2022-04-13 12:21:06+00:00,211.0,4061.0,False,0.95
F8ybOFYVBQg,bastian,Ed Bastian,DAL,Delta Air Lines CEO Ed Bastian on Delta’s strategy for a busy summer season (Full Stream 4/18),Washington Post Live,fireside_or_conference_qa,2022-04-18 17:43:01+00:00,1954.0,2798.0,True,0.9
RG0--EkAOLg,bastian,Ed Bastian,DAL,"Travel demand is back and reliability is strong, says Delta Air Lines CEO Ed Bastian",CNBC Television,tv_interview,2022-10-13 12:14:19+00:00,280.0,6083.0,False,0.95
tSTUBCtwL2k,bastian,Ed Bastian,DAL,Delta Air Lines CEO Ed Bastian: We forecast strong continued travel demand,CNBC Television,tv_interview,2022-12-14 14:00:35+00:00,254.0,3300.0,False,0.95
UteLxht2kQo,bastian,Ed Bastian,DAL,Delta CEO Ed Bastian on Q1 earnings: We're getting ready for a strong travel season,CNBC Television,tv_interview,2023-04-13 13:02:33+00:00,221.0,2052.0,False,0.95
iMGChlmo4gk,bastian,Ed Bastian,DAL,"Power of Purpose: featuring Ed Bastian, CEO, Delta Air Lines & Shai Weiss, CEO, Virgin Atlantic",BritishAmerican Business,panel,2023-06-07 09:07:37+00:00,3468.0,312.0,True,0.8
nM3H8vs3WR8,bastian,Ed Bastian,DAL,Delta Air Lines CEO Ed Bastian: Second quarter will be the 'highest Q2 earnings in our history',CNBC Television,tv_interview,2023-06-27 12:38:21+00:00,376.0,11555.0,False,0.95
lU3L6HZPOXI,bastian,Ed Bastian,DAL,Delta Air Lines CEO Ed Bastian on record Q2 earnings: Momentum has continued to build,CNBC Television,tv_interview,2023-07-13 13:10:14+00:00,326.0,7021.0,True,0.95
EIU4AEwq5cg,bastian,Ed Bastian,DAL,"Delta earnings beats expectation, CEO Ed Bastian talks boom in travel, consumer demand",Yahoo Finance,tv_interview,2023-07-13 14:09:06+00:00,196.0,412.0,False,0.9
xeOASIjE-ZY,bastian,Ed Bastian,DAL,Delta Air Lines CEO Ed Bastian Joins The Morning X (INTERVIEW) Part 2 | The Morning X with...,Cumulus Podcasts,podcast_interview,2023-08-10 12:53:32+00:00,600.0,160.0,False,0.85
Mg_1dhIzhjM,bastian,Ed Bastian,DAL,Delta Air Lines CEO Ed Bastian Joins The Morning X (INTERVIEW) Part 1 | The Morning X with...,Cumulus Podcasts,podcast_interview,2023-08-10 13:07:34+00:00,737.0,213.0,False,0.85
YFL9DjJ_HBY,bastian,Ed Bastian,DAL,"Delta Air Lines CEO Ed Bastian on Q3 results, travel demand and SkyMiles backlash",CNBC Television,tv_interview,2023-10-12 12:34:45+00:00,360.0,43578.0,False,0.95
q8EetswPR6g,bastian,Ed Bastian,DAL,"Delta Air Lines CEO Ed Bastian on Q4 earnings beat, 2024 outlook",CNBC Television,tv_interview,2024-01-12 13:29:30+00:00,287.0,18698.0,False,0.95
ExVdhMYej-U,bastian,Ed Bastian,DAL,"Delta Air Lines CEO Ed Bastian on Amex partnership, business travel and 2024 outlook",CNBC Television,tv_interview,2024-01-19 14:54:37+00:00,399.0,13654.0,False,0.95
DXPwWVHFzRQ,bastian,Ed Bastian,DAL,"Delta Air Lines CEO Ed Bastian on $1.4B profit sharing, travel demand outlook",CNBC Television,tv_interview,2024-02-14 13:30:35+00:00,362.0,12600.0,False,0.95
1WrAkAulX34,bastian,Ed Bastian,DAL,Visionary Executives Ed Bastian and Ken Frazier,UCLAAnderson,fireside_or_conference_qa,2024-03-07 01:03:47+00:00,1813.0,2472.0,False,0.85
7DslH0SuwjQ,bastian,Ed Bastian,DAL,"People First, Always featuring Delta CEO Ed Bastian & José Andrés | SXSW 2024",SXSW,panel,2024-03-11 15:00:04+00:00,3441.0,2565.0,False,0.85
pOgVDNv1IuI,bastian,Ed Bastian,DAL,Delta Air Lines CEO Ed Bastian on FY guidance: We're seeing demand continuing with great strength,CNBC Television,tv_interview,2024-03-12 12:24:45+00:00,473.0,5733.0,False,0.95
Efa6O3BKnHA,bastian,Ed Bastian,DAL,Delta Air Lines CEO Ed Bastian on Q1 EPS beat: There's more opportunity ahead,CNBC Television,tv_interview,2024-04-10 13:03:13+00:00,355.0,14460.0,False,0.95
vE1YTuVxE2M,bastian,Ed Bastian,DAL,Delta Air Lines CEO Ed Bastian Talks Demand | Bloomberg Talks,Bloomberg Podcasts,podcast_interview,2024-05-31 18:18:57+00:00,559.0,149.0,False,0.9
cSlbLmnwn5k,bastian,Ed Bastian,DAL,Delta Air Lines CEO Ed Bastian on Q2 results: Stellar performance across the board,CNBC Television,tv_interview,2024-07-11 12:22:00+00:00,449.0,10702.0,False,0.95
D0F9qlFPBsc,bastian,Ed Bastian,DAL,Delta Air Lines CEO Ed Bastian: Expect a 'temporary pause' in consumer activity around election,CNBC Television,tv_interview,2024-10-10 12:41:32+00:00,288.0,10500.0,False,0.95
m-Ns9A37bEc,bastian,Ed Bastian,DAL,Ed Bastian and George Mattson Talks Delta-Wheels Up Collaboration | Bloomberg Talks,Bloomberg Podcasts,podcast_interview,2024-11-12 23:39:06+00:00,1037.0,307.0,False,0.9
bv2pF_KrolI,bastian,Ed Bastian,DAL,Delta CEO Ed Bastian on lowering Q1 guidance: Corporate and consumer spending started to stall,CNBC Television,tv_interview,2025-03-10 21:06:25+00:00,260.0,10789.0,False,0.95
mHhvIZvLeC4,bastian,Ed Bastian,DAL,Delta Air Lines CEO Ed Bastian: We're acting as if we're going into a recession,CNBC Television,tv_interview,2025-04-09 11:59:37+00:00,304.0,102458.0,False,0.95
p9IX0b85nfw,bastian,Ed Bastian,DAL,Complacency Kills: How CEO Ed Bastian Keeps Delta Air Lines at #1,How Leaders Lead with David Novak,podcast_interview,2025-05-08 15:01:22+00:00,3423.0,12395.0,False,0.9
vE4YxpaJkZc,bastian,Ed Bastian,DAL,Delta CEO Ed Bastian on Leading Delta Through Personal & Global Crisis,How Leaders Lead with David Novak,podcast_interview,2025-05-16 20:16:40+00:00,194.0,329.0,False,0.8
o2UNTJoO0QI,bastian,Ed Bastian,DAL,"Ed Bastian, Chief Executive Officer of Delta Air Lines","The Economic Club of Washington, D.C.",fireside_or_conference_qa,2025-09-10 19:24:36+00:00,2882.0,4145.0,False,0.9
ywyBkewwcP0,bastian,Ed Bastian,DAL,Delta Air Lines CEO Ed Bastian: Q3 results represent about 60% of overall industry profits,CNBC Television,tv_interview,2025-10-09 12:10:00+00:00,422.0,142022.0,False,0.95
LZY-Ayp9FWo,bastian,Ed Bastian,DAL,Delta's Ed Bastian: 'We never veered from the end game',Boston Consulting Group,podcast_interview,2025-10-13 12:00:06+00:00,536.0,527563.0,False,0.7
Yz3m_e9jIBk,bastian,Ed Bastian,DAL,"Ed Bastian talks about Delta's employees, 100 year anniversary and taking the company forward",WSB-TV,tv_interview,2025-10-17 00:05:19+00:00,440.0,1642.0,True,0.85
1ZwrFuEobyw,bastian,Ed Bastian,DAL,One-on-one with Ed Bastian: Taking Delta into the future as airline celebrates 100 years,WSB-TV,tv_interview,2025-10-17 00:05:43+00:00,232.0,63966.0,False,0.85
EOwoHRv1T5s,bastian,Ed Bastian,DAL,"Delta CEO, Ed Bastian: Y-SIM CEO Speaker Series",Yale Program on Stakeholder Innovation & Mgmt,fireside_or_conference_qa,2025-10-17 17:05:28+00:00,3508.0,214.0,False,0.85
q7XrL5dP_UA,bastian,Ed Bastian,DAL,Gas South District Speaker Series with Delta Airlines CEO Ed Bastian,Gwinnett County Government,fireside_or_conference_qa,2025-10-28 20:27:34+00:00,2355.0,132.0,True,0.8
rkl-6uhSnJE,bastian,Ed Bastian,DAL,Delta CEO Ed Bastian Talks Travel Disruption | Bloomberg Talks,Bloomberg Podcasts,podcast_interview,2025-11-13 17:03:09+00:00,565.0,116.0,False,0.9
oqKYgmmek8w,bastian,Ed Bastian,DAL,Ed Bastian: The Values That Redefined the Airline Industry | Grey Matter with Declan Kelly,Consello,podcast_interview,2025-11-17 17:00:37+00:00,2291.0,11962.0,False,0.9
vAZU5gg4-Rw,bastian,Ed Bastian,DAL,Delta Air Lines CEO Ed Bastian: Expect a 50% EPS increase in Q1 2026,CNBC Television,tv_interview,2026-01-13 12:49:58+00:00,306.0,11644.0,False,0.95
dpnf6243xbk,bastian,Ed Bastian,DAL,Delta CEO Ed Bastian Talks Premium Travel | Bloomberg Talks,Bloomberg Podcasts,podcast_interview,2026-01-14 17:04:04+00:00,481.0,194.0,False,0.9
AZZ37Elujic,bastian,Ed Bastian,DAL,Ed Bastian (Delta CEO) on Leading When 95% of Revenue Vanished,Corporate Competitor Podcast,podcast_interview,2026-03-04 06:31:30+00:00,3240.0,49296.0,False,0.9
19pvf01duRw,bastian,Ed Bastian,DAL,"FII9: The Debate - Tony Douglas – CEO, Riyadh Air & Ed Bastian – CEO, Delta",FII Institute,panel,2026-03-11 12:00:37+00:00,556.0,210.0,False,0.8
OqqUxvgxIAc,bastian,Ed Bastian,DAL,"Delta Air Lines CEO Ed Bastian on state of travel, rising jet fuel costs and TSA staffing shortage",CNBC Television,tv_interview,2026-03-17 13:43:31+00:00,397.0,37880.0,False,0.95
WBDrEXlOFnA,bastian,Ed Bastian,DAL,"Delta CEO Ed Bastian Talks Airlines Industry, Jet Fuel Costs | Bloomberg Talks",Bloomberg Podcasts,podcast_interview,2026-05-14 18:38:14+00:00,655.0,349.0,False,0.9
yCSRauvbVts,bastian,Ed Bastian,DAL,"In Partnership With Ed Bastian, Delta CEO | American Express",American Express,fireside_or_conference_qa,2026-06-19 13:00:31+00:00,2598.0,1288.0,False,0.75
vwr7qIWnhYY,bastian,Ed Bastian,DAL,Flights and Tights: Delta CEO Ed Bastian and a Look at Lululemon | Barron's Streetwise,Barron's,podcast_interview,2026-07-01 14:00:22+00:00,1986.0,531.0,False,0.85
uR1LfFmBB7A,bastian,Ed Bastian,DAL,Delta Air Lines CEO Ed Bastian's Crisis Management Playbook | WSJ Leadership Institute,WSJ News,fireside_or_conference_qa,2026-07-13 10:00:33+00:00,1887.0,4136.0,False,0.85
jERx_6RPTTc,bastian,Ed Bastian,DAL,"Delta CEO Ed Bastian Talks Travel Demand, Prices | Bloomberg Talks",Bloomberg Podcasts,podcast_interview,2026-07-13 15:29:49+00:00,523.0,272.0,False,0.9
k1Nq_3_6KY8,bastian,Ed Bastian,DAL,350 - Scott McCartney with Delta CEO Ed Bastian. Guest Co-Host Henry Harteveldt,Airlines Confidential Podcast,podcast_interview,2026-08-19 04:32:51+00:00,4706.0,478.0,False,0.9
v1ynwNuu1Kg,bastian,Ed Bastian,DAL,"Come Fly with Me! Delta Air Lines, The World’s Biggest Airline - With CEO, Ed Bastian.",Money Maze Podcast,podcast_interview,2026-09-03 03:00:26+00:00,2924.0,9656.0,False,0.85
A7EvJIn3uj4,baszucki,David Baszucki,RBLX,Roblox CEO David Baszucki on the company's Wall Street debut,CNBC Television,tv_interview,2021-03-10 15:13:43+00:00,306.0,38782.0,False,0.95
-ltUt5-Zrro,baszucki,David Baszucki,RBLX,Roblox CEO David Baszucki on Bloomberg Studio 1.0,Bloomberg Tech,tv_interview,2022-05-19 01:39:42+00:00,1447.0,60170.0,False,0.95
dqg31yD1IMg,baszucki,David Baszucki,RBLX,"Roblox CEO Dave Baszucki on Q2 results: We're showing continuing, accelerating growth",CNBC Television,tv_interview,2023-08-10 14:02:37+00:00,399.0,8783.0,False,0.95
RirqAH2m1HY,baszucki,David Baszucki,RBLX,Leveling Up with Roblox's David Baszucki,a16z,fireside_or_conference_qa,2023-09-25 14:00:19+00:00,1392.0,2967.0,False,0.9
DB9F-B24e5E,baszucki,David Baszucki,RBLX,CEO David Baszucki’s mission to make Roblox a billion-player platform,The Verge,podcast_interview,2023-10-12 14:00:11+00:00,1532.0,22325.0,False,0.9
PDr5pc9pgy4,baszucki,David Baszucki,RBLX,"Roblox CEO David Baszucki on Q3 results, strong user growth: Really hitting on all cylinders",CNBC Television,tv_interview,2023-11-09 15:33:13+00:00,452.0,4572.0,False,0.95
uoFps-YflHY,baszucki,David Baszucki,RBLX,Roblox CEO David Baszucki on better-than-expected Q4 results: We continue to grow users,CNBC Television,tv_interview,2024-02-08 15:04:10+00:00,368.0,7198.0,False,0.95
IhT_wnz3DAs,baszucki,David Baszucki,RBLX,Roblox CEO David Baszucki on new earning opportunities for creators,CNBC Television,tv_interview,2024-09-06 21:25:41+00:00,272.0,5071.0,False,0.95
rI3qkePyWp0,baszucki,David Baszucki,RBLX,Roblox CEO David Baszucki goes one-on-one with Jim Cramer,CNBC Television,tv_interview,2025-02-07 00:57:17+00:00,494.0,6503.0,False,0.95
bgTiHR84W78,baszucki,David Baszucki,RBLX,"Roblox CEO David Baszucki Talks Google Partnership, New Parental Controls | Bloomberg Talks",Bloomberg Podcasts,tv_interview,2025-04-02 17:31:44+00:00,1105.0,276.0,False,0.9
erdYjOm2YQs,baszucki,David Baszucki,RBLX,Roblox Chairman and CEO David Baszucki Talks Earnings | Bloomberg Talks,Bloomberg Podcasts,tv_interview,2025-05-02 21:10:40+00:00,402.0,145.0,False,0.9
Xk9b2-CU7U8,baszucki,David Baszucki,RBLX,Roblox Co-Founder & CEO David Baszucki: The Future of Everything | Literally! with Rob Lowe,Literally! with Rob Lowe,podcast_interview,2025-07-03 13:01:11+00:00,3449.0,3476.0,False,0.95
RBY_NY63Gtc,baszucki,David Baszucki,RBLX,Roblox CEO David Baszucki Talks Age Verification | Bloomberg Talks,Bloomberg Podcasts,tv_interview,2025-07-17 20:10:53+00:00,485.0,266.0,False,0.9
3Q68k1HR6zQ,baszucki,David Baszucki,RBLX,Roblox CEO David Baszucki: 10% of global gaming content will run on Roblox someday,CNBC Television,tv_interview,2025-08-01 12:40:42+00:00,361.0,14637.0,False,0.95
x6RpzHTTowg,baszucki,David Baszucki,RBLX,Roblox CEO David Baszucki Talks Growth | Bloomberg Talks,Bloomberg Podcasts,tv_interview,2025-08-01 18:34:34+00:00,448.0,306.0,False,0.9
OWIgn6sxhmI,baszucki,David Baszucki,RBLX,ROBLOX CEO David Baszucki Talks Earnings | Bloomberg Talks,Bloomberg Podcasts,tv_interview,2025-10-30 20:54:29+00:00,350.0,339.0,False,0.9
nm1vf3AQhAM,baszucki,David Baszucki,RBLX,"David Baszucki, Founder and CEO of Roblox: Trust Your Gut",Stanford Graduate School of Business,fireside_or_conference_qa,2025-11-21 20:20:36+00:00,2786.0,21202.0,False,0.95
k_zWuH6t0PA,baszucki,David Baszucki,RBLX,David Baszucki Responds to the Roblox Community | Creators on the Blox,Creators on the Blox,podcast_interview,2025-12-16 04:14:27+00:00,2174.0,293760.0,True,0.8
px9NW3UjX_k,baszucki,David Baszucki,RBLX,What's next for Roblox? We spoke to Dave Baszucki,Beyond The Blox podcast and Last Level Studios,podcast_interview,2026-01-28 17:30:06+00:00,2261.0,30902.0,False,0.9
HSZMq0Oocac,baszucki,David Baszucki,RBLX,An Interview With David Baszucki | Roblox,Roblox Corp,tv_interview,2026-04-01 14:38:44+00:00,214.0,38.0,False,0.5
o_WGzSIXmwk,baszucki,David Baszucki,RBLX,Roblox CEO Dave Baszucki Talks Slashing Forecast & Stock Selloff | Bloomberg Talks,Bloomberg Podcasts,tv_interview,2026-05-01 20:19:23+00:00,445.0,530.0,True,0.9
AFbvV4c9-x8,baszucki,David Baszucki,RBLX,Roblox CEO David Baszucki on The Treatment That Saved His Son From Bipolar,Keto Bipolar and Metabolic Mind,podcast_interview,2026-05-27 16:00:06+00:00,4980.0,6127.0,False,0.85
KL7WBjAuTMg,baszucki,David Baszucki,RBLX,"Dave Baszucki on Roblox, Teen Entrepreneurs, and the Future of Play | Conversation with Tyler",Conversations with Tyler,podcast_interview,2026-06-17 12:06:18+00:00,3476.0,3136.0,False,0.95
_xLWz18Y7Zk,chesky,Brian Chesky,ABNB,Airbnb CEO Brian Chesky on its traditional IPO and the path to profitability,CNBC Television,tv_interview,2020-12-10 13:39:16+00:00,234.0,13554.0,False,0.95
qZQM17Qa1RM,chesky,Brian Chesky,ABNB,Airbnb CEO Brian Chesky on IPO ahead of the first trade,CNBC Television,tv_interview,2020-12-10 16:06:03+00:00,331.0,42300.0,False,0.95
BCQ3PaHCz_A,chesky,Brian Chesky,ABNB,Airbnb CEO Brian Chesky on building trust with cities,CNBC Television,tv_interview,2020-12-10 16:17:23+00:00,255.0,6378.0,False,0.95
Yh4okQ7d3Qk,chesky,Brian Chesky,ABNB,Airbnb CEO Chesky Feels ‘Lucky' as Company Goes Public,Bloomberg Television,tv_interview,2020-12-11 19:20:15+00:00,939.0,5610.0,False,0.95
MeBYmLSLFRg,chesky,Brian Chesky,ABNB,Airbnb CEO Chesky on Future of Travel,Bloomberg Live,tv_interview,2021-01-28 22:20:24+00:00,1292.0,3840.0,False,0.9
cma72BpHY2M,chesky,Brian Chesky,ABNB,Episode 129: Brian Chesky on The Value of Shared Experiences,Dan Schawbel,podcast_interview,2021-04-05 08:00:14+00:00,920.0,661.0,False,0.8
zA1qDOOJhdQ,chesky,Brian Chesky,ABNB,"Hotseat: The Traveller of the Future with Brian Chesky, Airbnb",World Travel & Tourism Council,fireside_or_conference_qa,2021-04-27 16:10:39+00:00,1091.0,988.0,False,0.85
hBXGtv5C40U,chesky,Brian Chesky,ABNB,Yahoo Finance Presents: Airbnb Co-Founder & CEO Brian Chesky,Yahoo Finance,tv_interview,2021-05-15 04:00:14+00:00,573.0,2785.0,False,0.95
TKz9Aohljvw,chesky,Brian Chesky,ABNB,Brian Chesky on Airbnb's Ethos of People-First Capitalism,Greylock,fireside_or_conference_qa,2021-06-08 17:21:41+00:00,3191.0,28980.0,False,0.85
Eq3eN3kOnew,chesky,Brian Chesky,ABNB,Rise of the Rest Tech Talent Tour Keynote with Steve Case and Brian Chesky,Revolution Venture Capital,fireside_or_conference_qa,2021-07-01 21:02:44+00:00,2189.0,957.0,False,0.7
rB71Cg1dD48,chesky,Brian Chesky,ABNB,Airbnb CEO Brian Chesky at Skift Global Forum 2021,Skift,fireside_or_conference_qa,2021-09-29 01:00:42+00:00,1749.0,17085.0,False,0.9
o3wo8Y1QVZk,chesky,Brian Chesky,ABNB,Confessions of Airbnb’s CEO | Founder Brian Chesky,The Jordan Harbinger Show,podcast_interview,2021-10-07 18:00:14+00:00,5112.0,22484.0,False,0.95
LAGkMcMzWUc,chesky,Brian Chesky,ABNB,"Airbnb CEO Brian Chesky on rental surge, how the pandemic is changing the way people live and work",CBS Mornings,tv_interview,2022-01-19 15:34:56+00:00,292.0,6384.0,True,0.95
0BzSXbA2AZ4,chesky,Brian Chesky,ABNB,"Brian Chesky, Airbnb CEO: ""Latin America will continue to grow rapidly""",Bloomberg Línea Brasil,tv_interview,2022-03-03 17:15:57+00:00,824.0,384.0,False,0.85
JDLlnztmavg,chesky,Brian Chesky,ABNB,Airbnb CEO Brian Chesky Announces Major Donation to Help Ukraine,TheEllenShow,tv_interview,2022-03-15 15:59:36+00:00,370.0,113531.0,True,0.7
GP0f3M57uao,chesky,Brian Chesky,ABNB,The David Rubenstein Show: Airbnb CEO Brian Chesky,David Rubenstein,podcast_interview,2022-03-17 09:07:07+00:00,1446.0,92032.0,False,0.9
znmcXLnwpbM,chesky,Brian Chesky,ABNB,Airbnb CEO Brian Chesky On The Future Of Work,MS NOW,tv_interview,2022-05-12 11:45:03+00:00,419.0,14905.0,False,0.9
_a9XfJDYKYc,chesky,Brian Chesky,ABNB,Airbnb CEO Brian Chesky at Skift Global Forum 2022,Skift,fireside_or_conference_qa,2022-09-25 14:01:56+00:00,2056.0,16496.0,True,0.9
u4L7GDJFTrk,chesky,Brian Chesky,ABNB,"Airbnb CEO Brian Chesky discusses price transparency, company changes to make hosting easier",CBS Mornings,tv_interview,2022-11-16 14:16:39+00:00,317.0,9849.0,False,0.95
Vl-HKW4aE20,chesky,Brian Chesky,ABNB,"The most important thing for an Airbnb guest is affordability, says CEO Brian Chesky",CNBC Television,tv_interview,2022-11-17 17:35:28+00:00,295.0,12640.0,False,0.95
n0RzXz6tteE,chesky,Brian Chesky,ABNB,"Airbnb CEO Chesky on Travel Demand, Crypto",Bloomberg Television,tv_interview,2022-11-17 19:55:19+00:00,735.0,8468.0,False,0.95
PckaA8lkvPY,chesky,Brian Chesky,ABNB,Airbnb CEO Brian Chesky on travel outlook,CNBC Television,tv_interview,2023-02-15 23:40:22+00:00,910.0,12547.0,False,0.95
V6h_EDcj12k,chesky,Brian Chesky,ABNB,"Brian Chesky, Co-Founder and CEO of Airbnb: Designing a 10-star Experience",Stanford Graduate School of Business,fireside_or_conference_qa,2023-02-27 16:55:47+00:00,3329.0,968242.0,False,0.95
ORNBkZ9UrJk,chesky,Brian Chesky,ABNB,"Airbnb CEO Brian Chesky on new features, user safety and growing regulation",CBS Mornings,tv_interview,2023-05-04 13:21:25+00:00,326.0,6166.0,False,0.95
2-qTBfq9wC8,chesky,Brian Chesky,ABNB,Airbnb CEO Brian Chesky on going back to company roots with private room rentals,CNBC Television,tv_interview,2023-05-04 15:36:15+00:00,228.0,16686.0,True,0.95
Dkfijg7s76o,chesky,Brian Chesky,ABNB,Leading through uncertainty: A design-led company - Brian Chesky (Config 2023),Figma,fireside_or_conference_qa,2023-06-23 22:45:08+00:00,1734.0,161646.0,False,0.8
isP3eik9iDk,chesky,Brian Chesky,ABNB,Airbnb CEO Brian Chesky on how he's using Artificial Intelligence,Bloomberg Tech,tv_interview,2023-07-03 16:53:30+00:00,1182.0,36466.0,True,0.95
yVQZhAJcjD4,chesky,Brian Chesky,ABNB,Ep. 136: Airbnb CEO Brian Chesky [Rebroadcast],Clever,podcast_interview,2023-07-25 04:40:26+00:00,4012.0,115.0,False,0.8
EDjUTzE8M1I,chesky,Brian Chesky,ABNB,Airbnb ft Brian Chesky - Battling a Copycat Clone and Rebuilding User Trust to Revolutionize Travel,Sequoia Capital,podcast_interview,2023-09-07 21:18:12+00:00,2362.0,6646.0,False,0.9
g5GaBnavBrY,chesky,Brian Chesky,ABNB,Airbnb Founder: The Number 1 Thing People Get Wrong About Happiness and Success | Brian Chesky,Jay Shetty Podcast,podcast_interview,2023-09-11 11:00:35+00:00,6047.0,380356.0,False,0.95
ZHlnd7oClbQ,chesky,Brian Chesky,ABNB,Airbnb CEO Brian Chesky: Hotel prices will 'probably rise' next year,CNBC Television,tv_interview,2023-09-20 16:36:29+00:00,254.0,20634.0,False,0.95
RyV6LrgqghU,chesky,Brian Chesky,ABNB,"ITW 2023, John Elkann and Brian Chesky: The complete ""fireside chat""",La Repubblica,fireside_or_conference_qa,2023-09-29 02:21:59+00:00,3482.0,8547.0,False,0.9
5szUkjOudmA,chesky,Brian Chesky,ABNB,Airbnb CEO Brian Chesky at Skift Global Forum 2023,Skift,fireside_or_conference_qa,2023-10-02 13:39:43+00:00,2021.0,13919.0,False,0.9
N5BqowY7KYk,chesky,Brian Chesky,ABNB,"How did Airbnb come to be? And many other questions we asked Brian Chesky, founder & CEO of Airbnb.",Will Media,podcast_interview,2023-10-19 16:36:35+00:00,3317.0,7674.0,False,0.85
M_UUb6KA2s0,chesky,Brian Chesky,ABNB,"Airbnb CEO, Co-Founder Brian Chesky Talks New App Features | Bloomberg Talks",Bloomberg Podcasts,tv_interview,2023-11-09 20:13:53+00:00,486.0,127.0,False,0.9
4fE8UGmyqvk,chesky,Brian Chesky,ABNB,"Brian Chesky, CEO de Airbnb: ""Me siento como si tuviera 42 años, pero a punto de cumplir 62""",Diario Financiero,tv_interview,2023-11-10 12:04:16+00:00,1204.0,2323.0,False,0.85
4ef0juAMqoE,chesky,Brian Chesky,ABNB,Brian Chesky’s new playbook,Lenny's Podcast,podcast_interview,2023-11-12 12:00:05+00:00,4408.0,402434.0,False,0.95
GHYo1Ekj0mg,chesky,Brian Chesky,ABNB,Ep. 136 Brian Chesky [Rebroadcast],Clever,podcast_interview,2024-01-14 00:15:42+00:00,3970.0,8.0,False,0.75
LwDyW7tTVs4,chesky,Brian Chesky,ABNB,"India Has A Great Culture Of Hospitality, India Is Also Digitally Advanced: Airbnb CEO Brian Chesky",CNBC-TV18,tv_interview,2024-05-02 08:20:45+00:00,219.0,1148.0,False,0.85
s9eXgl1MrpA,chesky,Brian Chesky,ABNB,Airbnb Launches Icons | Predict That Airbnb Will Boom In India: Airbnb CEO Brian Chesky | CNBC TV18,CNBC-TV18,tv_interview,2024-05-04 15:00:07+00:00,1483.0,670.0,False,0.6
qm4T8k5dJZY,chesky,Brian Chesky,ABNB,Airbnb CEO Brian Chesky Shares His Optimism For A Boom In India | CNBC TV18,CNBC-TV18,tv_interview,2024-05-05 02:00:06+00:00,651.0,984.0,False,0.9
SYXrS7gmNtc,chesky,Brian Chesky,ABNB,"The Social Radars S2 Ep.1: Brian Chesky, Co-Founder & CEO, Airbnb w YC Co-Founder Jessica Livingston",The Social Radars Podcast,podcast_interview,2024-06-01 22:16:00+00:00,4402.0,9483.0,True,0.9
OJxqtj-GaEM,chesky,Brian Chesky,ABNB,A New Age of Mobility with Airbnb CEO Brian Chesky,Skift,fireside_or_conference_qa,2024-06-02 13:44:23+00:00,1761.0,81.0,False,0.85
Q75-dDkegL8,chesky,Brian Chesky,ABNB,"Airbnb is still trying to work with the city of Barcelona despite the ban, says CEO Brian Chesky",CNBC Television,tv_interview,2024-06-27 11:37:11+00:00,288.0,6042.0,False,0.95
pkLNZ7Mbg6U,chesky,Brian Chesky,ABNB,Airbnb CEO Brian Chesky on 2024 Olympics: This is the biggest event in Airbnb history,CNBC Television,tv_interview,2024-07-26 13:14:13+00:00,335.0,10831.0,False,0.95
LXHWJnWNrcM,chesky,Brian Chesky,ABNB,Airbnb CEO Brian Chesky Talks Olympics Affecting Demand | Bloomberg Talks,Bloomberg Podcasts,tv_interview,2024-07-26 17:08:25+00:00,538.0,111.0,False,0.9
s3IhbJDFs5E,chesky,Brian Chesky,ABNB,Airbnb's Brian Chesky: The major lessons that fueled Airbnb to scale | Masters of Scale Summit 2022,Masters of Scale,fireside_or_conference_qa,2024-08-24 15:00:51+00:00,1423.0,12957.0,False,0.9
aVTasjlJKM0,chesky,Brian Chesky,ABNB,Airbnb CEO Brian Chesky: 'New phase' of growth will see company launching new businesses each year,CNBC Television,tv_interview,2024-10-16 16:42:59+00:00,290.0,26396.0,False,0.95
IodbsQV8dFE,chesky,Brian Chesky,ABNB,"Brian Chesky - Scaling Airbnb, Founder Mode, and What’s Next for Travel | Prof G Conversations",The Prof G Pod – Scott Galloway,podcast_interview,2024-10-19 16:00:16+00:00,2408.0,37473.0,False,0.95
aFOGlNL39xs,chesky,Brian Chesky,ABNB,Brian Chesky - Founder Mode & The Art of Hiring,The Art of Hiring,podcast_interview,2024-10-22 23:09:12+00:00,2782.0,83235.0,False,0.9
zXzOlPQofCQ,chesky,Brian Chesky,ABNB,Brian Chesky: Rebuilding Airbnb from the ground up | Rapid Response,Rapid Response,podcast_interview,2025-01-31 18:30:54+00:00,2033.0,8884.0,False,0.9
6_tRZMzb94Q,chesky,Brian Chesky,ABNB,The Secret Art of Micromanagement with Airbnb CEO Brian Chesky | A Bit of Optimism Podcast,Simon Sinek,podcast_interview,2025-02-11 15:00:06+00:00,2806.0,77665.0,False,0.95
zH0TjlhIpp4,chesky,Brian Chesky,ABNB,Airbnb CEO Brian Chesky on new 'everything app': Today is just the beginning of a new chapter,CNBC Television,tv_interview,2025-05-14 11:07:36+00:00,429.0,146502.0,False,0.95
p-hy-TIK0cU,chesky,Brian Chesky,ABNB,Airbnb CEO Brian Chesky: Still seeing consumers spend a lot of money despite concerns over economy,CNBC Television,tv_interview,2025-05-14 12:20:20+00:00,233.0,3087.0,False,0.95
v6By8C2IDeA,chesky,Brian Chesky,ABNB,Airbnb CEO and Cofounder Brian Chesky Talks App Redesign | Bloomberg Talks,Bloomberg Podcasts,tv_interview,2025-05-16 18:09:50+00:00,544.0,319.0,False,0.85
DabuIUaFS4o,chesky,Brian Chesky,ABNB,The Future of Airbnb Revealed by Its Founder and CEO Brian Chesky,Matthieu Stefani - Génération Do It Yourself,podcast_interview,2025-06-04 16:52:41+00:00,6389.0,16030.0,False,0.9
ViqxJY_AG_w,chesky,Brian Chesky,ABNB,"Founder Mode: Brian Chesky, Founder & CEO, Airbnb",The Social Radars Podcast,podcast_interview,2025-08-22 18:30:40+00:00,1277.0,79363.0,False,0.9
jo4Ze2c_hAY,chesky,Brian Chesky,ABNB,Airbnb's Brian Chesky on designing a more human future | Masters of Scale Summit 2025,Rapid Response and Masters of Scale,fireside_or_conference_qa,2025-10-16 18:46:12+00:00,1898.0,9285.0,False,0.9
lnjTTsan1cE,chesky,Brian Chesky,ABNB,Airbnb CEO Brian Chesky Exclusive Interview | Global Dialogues | CNBC TV18,CNBC-TV18,tv_interview,2025-10-21 12:15:14+00:00,1672.0,3070.0,False,0.9
r1giQ9bDfSM,chesky,Brian Chesky,ABNB,"Airbnb CEO Brian Chesky On Growth, Big Bet On Experiences, Al & More",CNBC-TV18,tv_interview,2025-10-22 10:30:06+00:00,819.0,996.0,True,0.9
evcjN-w95EY,chesky,Brian Chesky,ABNB,Brian Chesky Live on TBPN,TBPN,podcast_interview,2025-10-22 16:02:22+00:00,2385.0,4848.0,False,0.9
3QEhUzF8Ka8,chesky,Brian Chesky,ABNB,Airbnb CEO Brian Chesky on How Social Service Parents Inspired Him to Put People First,The Drew Barrymore Show,tv_interview,2025-10-29 20:00:06+00:00,472.0,5117.0,False,0.85
aXTC2R28TFM,chesky,Brian Chesky,ABNB,Brian Chesky,debbie millman,podcast_interview,2026-01-26 10:45:15+00:00,4854.0,445.0,False,0.85
oC2KMh8zvDw,chesky,Brian Chesky,ABNB,From Ambition to “I’m Enough” | Brian Chesky,The Midlife Chrysalis Podcast,podcast_interview,2026-02-23 11:01:25+00:00,4102.0,22530.0,False,0.85
GDUsnv8PLnA,chesky,Brian Chesky,ABNB,"Airbnb CEO Brian Chesky Talks Car Rentals, Food, Hotels | Bloomberg Talks",Bloomberg Podcasts,tv_interview,2026-05-20 22:34:40+00:00,357.0,217.0,False,0.85
XOPRXz-Vkog,chesky,Brian Chesky,ABNB,Airbnb CEO Brian Chesky on the company's expansion beyond vacation rentals,NBC News,tv_interview,2026-05-21 02:32:05+00:00,519.0,5711.0,False,0.9
TG7zfVfnzW4,chesky,Brian Chesky,ABNB,"Airbnb CEO Brian Chesky on offering new services, World Cup demand and host success",CNBC Television,tv_interview,2026-05-21 12:22:11+00:00,410.0,11053.0,False,0.95
kEvNyxl6aqs,chesky,Brian Chesky,ABNB,“India will be one of Airbnb’s biggest markets”: CEO Brian Chesky,PTI News,tv_interview,2026-05-27 10:24:32+00:00,793.0,319.0,False,0.75
lqOY6f3GPyE,chesky,Brian Chesky,ABNB,'Playing the long game': Airbnb CEO Brian Chesky eyes India as one of firm's biggest global markets,PTI News,tv_interview,2026-05-28 10:08:00+00:00,795.0,101.0,False,0.8
sGSpCAtEwRo,chesky,Brian Chesky,ABNB,Airbnb CEO Brian Chesky Thinks He Can Make Cities More Affordable,TIME,fireside_or_conference_qa,2026-09-14 10:00:25+00:00,2162.0,10491.0,False,0.85
s1t-kJQYR-8,chesky,Brian Chesky,ABNB,Justin Kan & Brian Chesky: The Rejections That Built Twitch and Airbnb | E2344,This Week in Startups,podcast_interview,2026-09-30 21:54:42+00:00,4639.0,3125.0,False,0.85
G46dVdyAfgI,dell,Michael Dell,DELL,Dell CEO on what to expect following the company's market re-entry - Davos 2019,CNBC Television,tv_interview,2019-01-23 14:34:49+00:00,376.0,698.0,False,0.9
CRrskzZf7L8,dell,Michael Dell,DELL,Dell Technologies CEO: Not Just a PC Company | Mad Money | CNBC,CNBC Television,tv_interview,2019-03-14 15:49:50+00:00,694.0,16435.0,False,0.9
yRxZDlU48Gw,dell,Michael Dell,DELL,Michael Dell: I'm the ultimate long-term investor,CNBC Television,tv_interview,2019-04-29 16:58:14+00:00,509.0,5879.0,False,0.9
XQF4DWaKZuw,dell,Michael Dell,DELL,"Michael Dell, Dell Technologies | Dell Technologies World 2019",SiliconANGLE theCUBE,tv_interview,2019-04-30 20:11:51+00:00,974.0,6649.0,False,0.85
qEsUVYC02gw,dell,Michael Dell,DELL,"Michael Dell, Dell Technologies | VMworld 2019",SiliconANGLE theCUBE,tv_interview,2019-08-27 18:48:49+00:00,1273.0,4205.0,False,0.85
eDR0ANTXamw,dell,Michael Dell,DELL,Michael Dell on how businesses can gain insight from their data,CNBC Television,tv_interview,2019-11-12 15:26:39+00:00,559.0,2915.0,False,0.9
VHrCZ54F46Y,dell,Michael Dell,DELL,Dell Technologies CEO Michael Dell speaks at the Economic Club of New York – 11/21/2019,CNBC Television,fireside_or_conference_qa,2019-11-21 17:52:31+00:00,2135.0,2362.0,False,0.9
3c-dW7xZLks,dell,Michael Dell,DELL,Watch CNBC's full interview with Dell founder and CEO Michael Dell,CNBC Television,tv_interview,2020-04-08 16:20:08+00:00,814.0,13403.0,False,0.95
u1kUSUR1clM,dell,Michael Dell,DELL,Michael Dell: ‘Not enough’ progress on diversity in the tech industry,Yahoo Finance,tv_interview,2020-06-11 20:42:27+00:00,2000.0,1673.0,False,0.85
hxysog-YK1g,dell,Michael Dell,DELL,"Looking AHEAD Video Podcast: Episode 1, Featuring Michael Dell",AHEAD ,podcast_interview,2020-07-17 19:17:36+00:00,1548.0,157.0,False,0.7
qYyJVRRTLlk,dell,Michael Dell,DELL,"Michael Dell, Chairman and CEO of Dell Technologies",Goldman Sachs,fireside_or_conference_qa,2020-07-23 13:43:06+00:00,1332.0,140807.0,False,0.85
FA_T8yr47iE,dell,Michael Dell,DELL,Interview with Michael Dell   in San Francisco,worldjournalistforum,tv_interview,2020-08-05 10:46:37+00:00,747.0,17.0,False,0.7
ZFjunaABUQI,dell,Michael Dell,DELL,Dell CEO Michael Dell on Q2 earnings results,CNBC Television,tv_interview,2020-08-28 13:56:13+00:00,293.0,6526.0,False,0.9
msPLYsaoNM8,dell,Michael Dell,DELL,"Michael Dell, Dell Technologies | Dell Technologies World 2020",SiliconANGLE theCUBE,tv_interview,2020-10-21 16:27:07+00:00,1124.0,12105.0,False,0.85
35Ieo-M9XHg,dell,Michael Dell,DELL,"Michael Dell, Dell Technologies | Dell Technologies World 2021",SiliconANGLE theCUBE,tv_interview,2021-05-05 17:52:49+00:00,1236.0,10131.0,False,0.85
_LCJl7KHvgc,dell,Michael Dell,DELL,Dell CEO Michael Dell on Apex offerings and VMware spinoff,CNBC Television,tv_interview,2021-05-06 16:29:15+00:00,252.0,8371.0,False,0.9
y4P4mVW2HsY,dell,Michael Dell,DELL,"CDITechSummitIII- A Conversation with Michael Dell, Chairman & CEO of Dell Technologies",CDI,fireside_or_conference_qa,2021-07-13 17:24:02+00:00,2662.0,292.0,False,0.85
ElCZhYDLEf8,dell,Michael Dell,DELL,"Michael Dell, Chairman and Chief Executive Officer, Dell Technologies",Boston College Chief Executives Club,fireside_or_conference_qa,2021-07-27 14:20:05+00:00,2394.0,388.0,False,0.85
B7fu7eLIjeo,dell,Michael Dell,DELL,"Michael Dell, Founder of Dell — How to Play Nice But Win | The Tim Ferriss Show",Tim Ferriss,podcast_interview,2021-09-28 14:01:34+00:00,2986.0,29666.0,False,0.95
fZqnIAWgb7g,dell,Michael Dell,DELL,"Google's game-changing ad policy + Michael Dell on ""Play Nice But Win""  | E1293",This Week in Startups,podcast_interview,2021-09-29 22:16:13+00:00,4243.0,28952.0,False,0.8
95aMuM0ZJa4,dell,Michael Dell,DELL,Michael Dell on dealing with Bill Gates and Steve Jobs in the early days | This Week in Startups,This Week in Startups Clips,podcast_interview,2021-09-29 23:30:31+00:00,571.0,8251.0,False,0.7
IHU9aCuzp2g,dell,Michael Dell,DELL,Michael Dell discusses PC demand amid Covid and supply chain issues,CNBC Television,tv_interview,2021-10-05 12:07:01+00:00,340.0,5304.0,False,0.9
GYO8yivJ0JA,dell,Michael Dell,DELL,Dell Technologies CEO Michael Dell shares stories from his new book (Full Stream 10/5),Washington Post Live,fireside_or_conference_qa,2021-10-05 17:36:32+00:00,1844.0,2705.0,False,0.9
hi5yeuLnCLU,dell,Michael Dell,DELL,Episode 156: Michael Dell on Lessons From His Entrepreneurial Journey,Dan Schawbel,podcast_interview,2021-10-11 08:00:10+00:00,452.0,1334.0,False,0.7
mqZwq0PUo4E,dell,Michael Dell,DELL,Michael Dell: Distributed computing will be even more distributed in the future,CNBC Television,tv_interview,2021-10-12 19:57:32+00:00,203.0,1632.0,False,0.9
4f_C-ChB1Rg,dell,Michael Dell,DELL,Michael Dell ON: Dreaming Bigger Than Your Goals & How to Play Nice But Win,Jay Shetty Podcast,podcast_interview,2021-11-15 18:15:01+00:00,2336.0,16224.0,False,0.95
8fJGVEBvFq0,dell,Michael Dell,DELL,Churchill Club | Dell Chariman and CEO Michael Dell,Computer History Museum,fireside_or_conference_qa,2022-03-07 20:15:29+00:00,4647.0,99.0,True,0.9
xDu7ea-Pk_E,dell,Michael Dell,DELL,"Michael Dell, Dell Technologies | Dell Technologies World 2022",SiliconANGLE theCUBE,tv_interview,2022-05-03 20:25:20+00:00,1177.0,18369.0,False,0.85
-Qo1MC4Bx4Q,dell,Michael Dell,DELL,Michael Dell on Calculating Risk and Focusing on What You Control,Daily Stoic Podcast,podcast_interview,2023-03-09 06:10:08+00:00,3378.0,1450.0,False,0.9
SCiZPY70l1c,dell,Michael Dell,DELL,"Michael Dell, Dell Technologies | Dell Technologies World 2023",SiliconANGLE theCUBE,tv_interview,2023-05-23 21:23:27+00:00,1298.0,64913.0,False,0.85
fRcLXqhLVCg,dell,Michael Dell,DELL,Michael Dell: A.I. is about how we augment human capability & make all of humanity more successful,CNBC Television,tv_interview,2023-10-06 13:39:38+00:00,449.0,14275.0,False,0.9
5CtAG0gcu90,dell,Michael Dell,DELL,"Michael Dell, Dell | Dell Technologies World 2024",SiliconANGLE theCUBE,tv_interview,2024-05-21 20:14:05+00:00,837.0,52042.0,False,0.85
dG1WSP72mnY,dell,Michael Dell,DELL,Michael Dell | Podcast | In Good Company | Norges Bank Investment Management,Norges Bank Investment Management,podcast_interview,2024-12-11 06:00:22+00:00,2702.0,31833.0,False,0.9
srijRBNL1uo,dell,Michael Dell,DELL,Dell CEO Michael Dell sits down with Jim Cramer at Nvidia GTC conference,CNBC Television,tv_interview,2025-03-19 00:21:55+00:00,508.0,27378.0,False,0.9
ECHvExPngGU,dell,Michael Dell,DELL,"Michael Dell, Dell Technologies | Dell Technologies World 2025",SiliconANGLE theCUBE,tv_interview,2025-05-20 05:17:15+00:00,792.0,18236.0,False,0.85
dBtjNPTQbjQ,dell,Michael Dell,DELL,Dell Technologies Co-Founder Michael Dell talks $6.25 billion donation to Invest America,CNBC Television,tv_interview,2025-12-02 21:58:12+00:00,250.0,8729.0,False,0.9
GS_mRX11tk8,dell,Michael Dell,DELL,Dell CEO Michael Dell Talks Donation To Fund 'Trump Accounts' For Kids | Bloomberg Talks,Bloomberg Podcasts,podcast_interview,2025-12-02 23:31:55+00:00,685.0,257.0,False,0.9
9y7TTU1jIvk,dell,Michael Dell,DELL,"Two Legendary Founders: Travis Kalanick & Michael Dell Live from Austin, Texas",All-In Podcast,podcast_interview,2026-03-17 04:19:52+00:00,4556.0,180326.0,False,0.8
DIcr_A1q8qg,dell,Michael Dell,DELL,Michael Dell on his $6.25B investment in American children,ABC News,tv_interview,2026-03-30 22:20:44+00:00,369.0,1578.0,False,0.85
Dh6QB5Gy8Qc,dell,Michael Dell,DELL,Investing in the Next Generation with Michael Dell at CNBC Invest in America Forum,CNBC Events,fireside_or_conference_qa,2026-04-16 13:21:05+00:00,319.0,248.0,False,0.85
gOr9ksIrpPQ,dell,Michael Dell,DELL,"Michael Dell, Dell Technologies | Dell Technologies World 2026",SiliconANGLE theCUBE,tv_interview,2026-05-20 00:47:09+00:00,1106.0,20286.0,False,0.85
77_dPXNo9Ao,dell,Michael Dell,DELL,Michael and Susan Dell on Unlocking Untapped Talent Around the World,TIME,fireside_or_conference_qa,2026-05-22 16:59:35+00:00,345.0,1849.0,False,0.7
cdQ7mippAiU,ek,Daniel Ek,SPOT,Spotify CEO Daniel Ek | Full interview | Code 2018,On with Kara Swisher,fireside_or_conference_qa,2018-05-31 05:23:37+00:00,2043.0,76355.0,False,0.97
YwReffazpT4,ek,Daniel Ek,SPOT,Interview with Spotify CEO Daniel Ek | POLITICO Playbook Live,POLITICO Europe,fireside_or_conference_qa,2018-10-10 15:41:54+00:00,3079.0,2471.0,False,0.93
gFsjRq4EiJQ,ek,Daniel Ek,SPOT,Spotify CEO Daniel Ek on Gimlet acquisition,CNBC Television,tv_interview,2019-02-06 16:24:12+00:00,1028.0,8414.0,False,0.9
fLHzEYuvufk,ek,Daniel Ek,SPOT,How Spotify Was Founded | Daniel Ek (Spotify),This Week in Startups Clips,podcast_interview,2019-03-23 02:54:08+00:00,490.0,87240.0,False,0.6
ubLoa1Eq_bA,ek,Daniel Ek,SPOT,Spotify CEO Daniel Ek on Bloomberg Studio 1.0,Bloomberg Tech,tv_interview,2020-05-26 21:00:31+00:00,1446.0,21256.0,False,0.92
iYJ6pl0vTMs,ek,Daniel Ek,SPOT,"435.  Ett samtal med Daniel Ek om Spotify och livet - igår, idag och imorgon #ensakidag",Studio Jardenberg,podcast_interview,2020-06-24 23:47:33+00:00,2331.0,1916.0,False,0.85
FNUg1Zjs7QQ,ek,Daniel Ek,SPOT,"Interview with Daniel Ek, CEO of Spotify*",Widget,tv_interview,2020-11-20 01:47:40+00:00,1331.0,110.0,False,0.7
DICLqGAELMc,ek,Daniel Ek,SPOT,"Daniel Ek, CEO of Spotify — Habits, Systems and Mental Models for Performance | The Tim Ferriss Show",Tim Ferriss,podcast_interview,2020-12-09 15:00:10+00:00,5967.0,34050.0,False,0.97
MSz3YSmiJbs,ek,Daniel Ek,SPOT,Spotify CEO Daniel Ek addresses Joe Rogan podcast controversy,CNBC Television,tv_interview,2022-02-03 16:39:41+00:00,447.0,86297.0,True,0.75
u8PCb5TUeDg,ek,Daniel Ek,SPOT,Spotify CEO Daniel Ek discusses fourth-quarter earnings amid 18% stock slide,CNBC Television,tv_interview,2022-02-03 19:16:17+00:00,265.0,22600.0,False,0.9
OL-78WJd7Vw,ek,Daniel Ek,SPOT,Spotify's Daniel Ek   Talking Tech,Jefferson Graham Interviews,tv_interview,2022-07-29 12:59:49+00:00,236.0,18.0,False,0.55
2QkQSofGxTw,ek,Daniel Ek,SPOT,Daniel Ek Spotify CEO on their new redesign and video on Spotify!,iJustine,podcast_interview,2023-03-10 18:09:35+00:00,1284.0,57982.0,False,0.85
dxN0d1jrN4A,ek,Daniel Ek,SPOT,"Exclusive interview: Spotify CEO and founder Daniel Ek, extended cut",CBS Mornings,tv_interview,2023-03-10 19:26:28+00:00,2581.0,26992.0,False,0.95
3eksstKTVdM,ek,Daniel Ek,SPOT,Spotify's Daniel Ek on how to build trust fast,Masters of Scale,podcast_interview,2023-03-22 18:00:02+00:00,2271.0,1297.0,False,0.9
5iLbbuEecJU,ek,Daniel Ek,SPOT,Spotify CEO Daniel Ek,Acquired,podcast_interview,2023-05-18 10:15:00+00:00,5887.0,35464.0,True,0.97
OzPGGiEi-dY,ek,Daniel Ek,SPOT,"Clique x Daniel Ek, PDG de Spotify (version intégrale) - CANAL+",Clique TV,tv_interview,2023-11-10 17:00:07+00:00,3518.0,38832.0,False,0.95
AoYAEOr2R_s,ek,Daniel Ek,SPOT,Daniel Ek – CEO and Founder of Spotify | In Good Company | Norges Bank Investment Management,Norges Bank Investment Management,podcast_interview,2024-01-10 05:00:10+00:00,2685.0,12004.0,False,0.93
scD6Gk4tkY0,ek,Daniel Ek,SPOT,Spotify CEO Daniel Ek: Europe Is Falling Behind - Here Is How to Fix It | MD MEETS #4,MDMEETS - Essential Talks with Mathias Döpfner and WELT,tv_interview,2025-11-09 19:21:43+00:00,3712.0,4298.0,False,0.93
hDng6NmvGk4,fink,Larry Fink,BLK,Larry Fink: We All Have to Be Worried About China's Debt,Bloomberg Originals,tv_interview,2016-05-18 06:08:03+00:00,266.0,10829.0,False,0.85
ybjiMG8S9Gk,fink,Larry Fink,BLK,Larry Fink: We Are Not Substituting Machines For Humans | Squawk Box | CNBC,CNBC,tv_interview,2017-04-06 15:32:06+00:00,186.0,3177.0,False,0.9
q_j-jRttfV0,fink,Larry Fink,BLK,"Laurence D. Fink, Chairman and Chief Executive Officer, BlackRock, Inc.","The Economic Club of Washington, D.C.",fireside_or_conference_qa,2017-04-13 02:41:57+00:00,2816.0,150534.0,False,0.85
xSnlD8imOb8,fink,Larry Fink,BLK,BlackRock CEO Larry Fink: A reduction in regulations is necessary,Fox Business,tv_interview,2017-04-21 14:06:47+00:00,468.0,1216.0,False,0.9
uLVbNPHVj5I,fink,Larry Fink,BLK,2017 Fink Investing Conference: A Conversation with Neel Kashkari,UCLAAnderson,fireside_or_conference_qa,2017-05-02 19:36:46+00:00,3469.0,1423.0,False,0.8
dAs1E6FzBi0,fink,Larry Fink,BLK,2017 Fink Investing Conference: The Rise of Populism,UCLAAnderson,panel,2017-05-23 23:54:45+00:00,3396.0,702.0,False,0.65
4ffgZoU6_1s,fink,Larry Fink,BLK,"Larry Fink June 21st, 2016",Economic Club Florida,fireside_or_conference_qa,2017-08-02 16:32:10+00:00,3015.0,104.0,False,0.8
CuZb5UKoQVA,fink,Larry Fink,BLK,BlackRock's Fink Says Markets Are Fine Through This Year,Bloomberg Television,tv_interview,2017-10-03 14:46:41+00:00,203.0,346.0,False,0.9
YosXoLI4Xm4,fink,Larry Fink,BLK,BlackRock's Fink Says Trump's Tax Plan Must Be Amended,Bloomberg Television,tv_interview,2017-10-03 15:36:57+00:00,247.0,3433.0,False,0.9
HEUP3Jh8YfY,fink,Larry Fink,BLK,BlackRock's Fink Sees MiFID II as a Net Positive,Bloomberg Television,tv_interview,2017-10-04 17:33:40+00:00,208.0,812.0,False,0.9
2vG5ZllHJtg,fink,Larry Fink,BLK,"BlackRock's Fink on Markets, Economy and Cryptocurrencies",Bloomberg Television,tv_interview,2017-10-04 22:26:10+00:00,1175.0,8773.0,False,0.95
z37e_CD986A,fink,Larry Fink,BLK,BlackRock Chairman And CEO Larry Fink One On One About The Company's Growth Strategy (Full) | CNBC,CNBC,tv_interview,2017-10-11 14:55:07+00:00,997.0,29840.0,False,0.95
rNHWrssczaw,fink,Larry Fink,BLK,BlackRock Chairman And CEO Laurence Fink: There's Very Little Tax Reform 'Baked In' Markets | CNBC,CNBC,tv_interview,2017-10-24 14:11:36+00:00,192.0,1553.0,False,0.9
sBE7ah8mrg4,fink,Larry Fink,BLK,Tax Bill Should Have Totally Eliminated Carried Interest: BlackRock's Larry Fink | CNBC,CNBC,tv_interview,2018-01-12 15:30:03+00:00,359.0,1841.0,False,0.9
sxMG3p088rc,fink,Larry Fink,BLK,Blackrock CEO Larry Fink: GOP Tax Law will do 'Wonderful Things || CNBC TV18,CNBC-TV18,tv_interview,2018-01-15 11:29:36+00:00,233.0,161.0,False,0.85
Q8WmhWQ8MIM,fink,Larry Fink,BLK,BlackRock CEO Larry Fink: Profits With A Purpose Are Vital For Survivability & Profitability | CNBC,CNBC,tv_interview,2018-01-24 15:30:10+00:00,701.0,29777.0,False,0.95
eqU_M3DWc98,fink,Larry Fink,BLK,BlackRock's Fink Says Global Growth Is 'Incredibly Synchronized',Bloomberg Television,tv_interview,2018-01-25 13:36:02+00:00,875.0,6471.0,False,0.95
pn2F-XkCLMg,fink,Larry Fink,BLK,"Laurence D. Fink, Founder, Chairman & CEO, BlackRock, 2/13/18",The Economic Club of Chicago,fireside_or_conference_qa,2018-02-26 16:40:05+00:00,3493.0,33143.0,False,0.85
1I7G8-VUxX8,fink,Larry Fink,BLK,"BlackRock's Larry Fink On Investing, Tariffs, And China | CNBC",CNBC,tv_interview,2018-04-12 17:01:37+00:00,957.0,15658.0,False,0.95
nadP1qCo7MU,fink,Larry Fink,BLK,Fink & Ressler: A Candid Discussion With Two Preeminent Leaders in Finance,UCLAAnderson,fireside_or_conference_qa,2018-06-28 00:00:54+00:00,3232.0,3787.0,False,0.85
e-rQghwuXyw,fink,Larry Fink,BLK,"BlackRock CEO Fink on 2Q Results, ETFs, Trade Wars",Bloomberg Television,tv_interview,2018-07-16 12:31:21+00:00,899.0,4833.0,False,0.9
pfVdM3W7r4E,fink,Larry Fink,BLK,BlackRock's Fink Says Trade Tensions May Sink Stocks,Bloomberg Television,tv_interview,2018-07-16 15:18:46+00:00,1793.0,28415.0,False,0.9
E2HKVadE-co,fink,Larry Fink,BLK,Fink: BlackRock resilient despite significant headwinds,CNBC Television,tv_interview,2018-10-16 11:45:24+00:00,384.0,1132.0,True,0.9
4bhE6fThZgY,fink,Larry Fink,BLK,Fink: Financial literacy still a major issue,CNBC Television,tv_interview,2018-10-16 11:47:23+00:00,278.0,601.0,False,0.9
Hi9zPXjTa9I,fink,Larry Fink,BLK,BlackRock CEO Larry Fink: We aren't going to 'run away' from Saudi,CNBC Television,tv_interview,2018-10-16 11:52:49+00:00,622.0,1649.0,False,0.9
11O0xjTN4lg,fink,Larry Fink,BLK,Watch CNBC's full interview with BlackRock's Larry Fink,CNBC Television,tv_interview,2018-10-16 12:17:51+00:00,1466.0,9395.0,False,0.95
spWFFgRI6-g,fink,Larry Fink,BLK,Fink: Last thing anyone wants for US-China is a 'financial war',CNBC Television,tv_interview,2018-10-16 12:20:38+00:00,195.0,1291.0,False,0.9
Iu4kE2Hjjro,fink,Larry Fink,BLK,Watch BlackRock CEO Larry Fink break down the company's Q4 earnings,CNBC Television,tv_interview,2019-01-16 13:01:52+00:00,453.0,2215.0,False,0.9
0ACds3PkhiY,fink,Larry Fink,BLK,BlackRock CEO Larry Fink's market predictions for 2019,CNBC Television,tv_interview,2019-01-16 13:01:58+00:00,324.0,33400.0,True,0.95
v9IEGbxl6fo,fink,Larry Fink,BLK,Watch CNBC's full interview with BlackRock CEO Larry Fink,CNBC Television,tv_interview,2019-01-16 17:17:49+00:00,1055.0,3365.0,True,0.95
qbHOccfCV_4,fink,Larry Fink,BLK,Larry Fink 2018: 'Markets will be higher in ten years',Yahoo Finance,tv_interview,2019-03-01 21:06:23+00:00,1300.0,1769.0,False,0.9
H0emAtvBD7Y,fink,Larry Fink,BLK,BlackRock's Fink Sees 'Goldilocks Moment' for U.S. Economy,Bloomberg Television,tv_interview,2019-03-07 12:30:14+00:00,194.0,1470.0,False,0.9
OXuOPEsTQ0k,fink,Larry Fink,BLK,BlackRock's Fink: Modern Monetary Theory Is 'Garbage',Bloomberg Television,tv_interview,2019-03-07 12:55:56+00:00,310.0,138108.0,True,0.95
zeQcLEfp86o,fink,Larry Fink,BLK,BlackRock's Fink Sees Need for Business to Focus More on Inclusive Capitalism,Bloomberg Television,tv_interview,2019-03-07 13:20:28+00:00,282.0,1682.0,False,0.9
xAsWTIE0XxA,fink,Larry Fink,BLK,"BlackRock's Fink on Optimism, China, Deficits, Inclusive Capitalism",Bloomberg Television,tv_interview,2019-03-07 14:18:06+00:00,1061.0,39736.0,False,0.95
IFjSj7uxLSE,fink,Larry Fink,BLK,BlackRock CEO Larry Fink weighs in on the IPO market,CNBC Television,tv_interview,2019-04-16 11:37:44+00:00,220.0,465.0,False,0.9
ezIk9Z-wybg,fink,Larry Fink,BLK,BlackRock CEO Larry Fink: There's a need for more conscious capitalism,CNBC Television,tv_interview,2019-04-16 11:47:41+00:00,480.0,1277.0,False,0.9
o2jU3g0iIXM,fink,Larry Fink,BLK,BlackRock CEO Larry Fink: Most investors are underinvested,CNBC Television,tv_interview,2019-04-16 11:51:19+00:00,348.0,2041.0,False,0.9
GXjxY5sHEsg,fink,Larry Fink,BLK,BlackRock CEO Larry Fink on market outlook,CNBC Television,tv_interview,2019-04-16 12:53:47+00:00,1053.0,20599.0,False,0.95
EKLHMtwAuGs,fink,Larry Fink,BLK,BlackRock CEO Larry Fink breaks down the company's Q2 earnings,CNBC Television,tv_interview,2019-07-19 12:26:17+00:00,270.0,863.0,False,0.9
j0hk6Vavaek,fink,Larry Fink,BLK,Watch CNBC's full interview with BlackRock CEO Larry Fink,CNBC Television,tv_interview,2019-07-19 12:53:32+00:00,1089.0,31384.0,True,0.95
NOh7-ieoFVo,fink,Larry Fink,BLK,Watch CNBC's full interview with BlackRock CEO Larry Fink,CNBC Television,tv_interview,2019-10-15 13:10:49+00:00,822.0,15845.0,False,0.95
0tQ7vSgwDkU,fink,Larry Fink,BLK,"Laurence D. Fink, Founder, Chairman & CEO, BlackRock, 2/13/18 (Excerpt)",The Economic Club of Chicago,fireside_or_conference_qa,2019-11-07 21:35:12+00:00,677.0,1255.0,False,0.8
TKkyGlCdC0Y,fink,Larry Fink,BLK,Larry Fink and Lubna Olayan on market timing – Future Investment Initiative 2019 – Day 1,FII Institute,fireside_or_conference_qa,2020-01-03 23:03:14+00:00,1289.0,4025.0,False,0.9
pYtEukvKjLc,fink,Larry Fink,BLK,Financial risks of climate change are bigger than any other crisis: BlackRock CEO Larry Fink,CNBC Television,tv_interview,2020-01-14 12:01:24+00:00,808.0,18779.0,False,0.95
ulU_tw81dAk,fink,Larry Fink,BLK,BlackRock CEO Larry Fink on shifting investment strategy towards environmental sustainability,CNBC Television,tv_interview,2020-01-14 13:02:03+00:00,592.0,34166.0,False,0.95
dyumUMOh4Zw,fink,Larry Fink,BLK,BlackRock CEO Larry Fink explains his decision to prioritize sustainability,CNBC Television,tv_interview,2020-01-14 14:33:00+00:00,348.0,7117.0,False,0.95
D7Q8aoGIgl4,fink,Larry Fink,BLK,BlackRock CEO Larry Fink on sustainable investing,CNBC Television,tv_interview,2020-01-14 21:53:39+00:00,227.0,3165.0,False,0.9
JtHHnBUmc0g,fink,Larry Fink,BLK,BlackRock CEO Fink on the Importance of Tackling Climate Change,Bloomberg Live,fireside_or_conference_qa,2020-01-21 19:14:30+00:00,1495.0,5281.0,False,0.9
72fwlCXy1bw,fink,Larry Fink,BLK,BlackRock CEO Fink Sees Climate Change Becoming an Investment Risk,Bloomberg Television,tv_interview,2020-01-21 20:11:25+00:00,209.0,5526.0,False,0.95
4qhpva-Qj5Q,fink,Larry Fink,BLK,"Davos 2020: Larry Fink – ""Climate change will be a major change on how we all do business""",Deutsche Bank,tv_interview,2020-01-24 09:12:08+00:00,728.0,30904.0,False,0.7
2L7_dnoQmBQ,fink,Larry Fink,BLK,BlackRock CEO Larry Fink on earnings results amid coronavirus crisis,CNBC Television,tv_interview,2020-04-16 11:00:54+00:00,385.0,7884.0,False,0.95
3-xn6J1hpy0,fink,Larry Fink,BLK,"Larry Fink on How the Covid-19 Crisis Impacts BlackRock, Markets",Bloomberg Television,tv_interview,2020-06-23 16:33:00+00:00,943.0,22418.0,False,0.95
f-d-qPmmEl0,fink,Larry Fink,BLK,A conversation with Larry Fink: A fundamental reshaping of finance,BlackRock,fireside_or_conference_qa,2020-07-08 18:06:18+00:00,1831.0,3185.0,False,0.85
csnBnBFjWR8,fink,Larry Fink,BLK,Wearing masks will help economy avoid another shutdown: BlackRock CEO Larry Fink,CNBC Television,tv_interview,2020-07-17 12:06:50+00:00,186.0,3404.0,False,0.9
6NJIX-sJjaw,fink,Larry Fink,BLK,BlackRock CEO Larry Fink on climate change and ESG investing,CNBC Television,tv_interview,2020-07-17 12:35:56+00:00,451.0,27673.0,True,0.95
7IV4Zu_rQ4g,fink,Larry Fink,BLK,BlackRock CEO Larry Fink on Q4 earnings beat,CNBC Television,tv_interview,2021-01-14 12:29:30+00:00,219.0,4300.0,False,0.9
S1eC1YfuoZ0,fink,Larry Fink,BLK,BlackRock CEO Larry Fink: Stocks will rally in 2021 but not as much as last year,CNBC Television,tv_interview,2021-01-14 12:36:13+00:00,201.0,19226.0,False,0.95
yopT7XOCiQ0,fink,Larry Fink,BLK,BlackRock CEO Larry Fink: Finance world now knows the importance of sustainability,CNBC Television,tv_interview,2021-01-26 13:33:47+00:00,227.0,5044.0,False,0.9
nvRaeY9sRBg,fink,Larry Fink,BLK,BlackRock CEO Larry Fink on active vs. passive investing,CNBC Television,tv_interview,2021-01-26 13:35:35+00:00,222.0,26740.0,False,0.95
QjLmhvjRS9Y,fink,Larry Fink,BLK,BlackRock CEO Larry Fink: Money will continue to move into the ESG space,CNBC Television,tv_interview,2021-01-26 14:18:34+00:00,297.0,6520.0,False,0.95
Og86EEE9tGk,fink,Larry Fink,BLK,Fink: 'Capitalists Should Self-Regulate' on Climate Disclosure,Bloomberg Television,tv_interview,2021-01-27 13:21:08+00:00,215.0,1350.0,False,0.9
OL2dubQ0_CQ,fink,Larry Fink,BLK,"BlackRock CEO Larry Fink on Global Economic Recovery, Climate Change",Bloomberg Live,fireside_or_conference_qa,2021-01-27 19:26:51+00:00,1750.0,9006.0,False,0.9
K8ygODHrcFc,fink,Larry Fink,BLK,Insights from BlackRock CEO Larry Fink and former SEC Chair Mary Schapiro,Brookings Institution,fireside_or_conference_qa,2021-02-03 16:24:49+00:00,3603.0,1498.0,True,0.85
RN-8OD63ag4,fink,Larry Fink,BLK,Session Two: A Conversation With Larry Fink,Council on Foreign Relations,fireside_or_conference_qa,2021-03-12 15:23:06+00:00,3608.0,1272.0,False,0.95
efBDkENbm80,fink,Larry Fink,BLK,BlackRock’s Larry Fink on Fighting Climate Change,Bloomberg Television,tv_interview,2021-04-12 22:33:10+00:00,310.0,2188.0,False,0.9
PzfoghnWyA4,fink,Larry Fink,BLK,"BlackRock’s Fink, Temasek’s Pillay on Climate Investing",Bloomberg Television,tv_interview,2021-04-12 22:53:09+00:00,2299.0,7969.0,False,0.85
yEgo08b19E8,fink,Larry Fink,BLK,BlackRock's Larry Fink: Institutional clients fascinated by crypto but not that interested,CNBC Television,tv_interview,2021-04-15 12:13:10+00:00,260.0,26465.0,False,0.95
ADjVZ-k4cwo,fink,Larry Fink,BLK,BlackRock's Larry Fink: There's a lot of cash ready to go to work in the stock market,CNBC Television,tv_interview,2021-04-15 12:19:10+00:00,249.0,20042.0,False,0.95
VbNj5n3pcqc,fink,Larry Fink,BLK,BlackRock CEO Larry Fink says he's 'incredibly bullish' on markets,CNBC Television,tv_interview,2021-04-15 13:34:11+00:00,309.0,33919.0,False,0.95
_iUYhEATYQE,fink,Larry Fink,BLK,BlackRock CEO Fink Discusses Sustainable Investing,Bloomberg Television,tv_interview,2021-04-26 17:59:00+00:00,1817.0,21187.0,False,0.9
USuwpZQVZ8I,fink,Larry Fink,BLK,BlackRock’s Fink on Climate Investing,Bloomberg Live,fireside_or_conference_qa,2021-04-26 20:28:51+00:00,1804.0,551.0,False,0.9
-vmsGZqshoY,fink,Larry Fink,BLK,"BlackRock CEO Larry Fink│Post COVID, World Economic Diagnosis by Wall Street Big Shot│WKF 2020",World Knowledge Forum,fireside_or_conference_qa,2021-06-08 16:00:00+00:00,431.0,2676.0,False,0.6
Zt37lEKol_o,fink,Larry Fink,BLK,"Bill Gates, Larry Fink on Clean-Energy Push",Bloomberg Television,tv_interview,2021-09-21 00:02:47+00:00,1524.0,55734.0,False,0.85
4G1elCk8KwA,fink,Larry Fink,BLK,CNBC moderates panel with Larry Fink and other business leaders at COP26,CNBC International Live,panel,2021-11-03 02:02:11+00:00,2411.0,5623.0,False,0.65
9f-NuLziGfU,fink,Larry Fink,BLK,"Larry Fink on Capitol Markets, BlackRock, and Private Sector Action on Climate Change",Paulson Institute,fireside_or_conference_qa,2021-12-06 17:28:44+00:00,2639.0,1931.0,False,0.85
YKbe6UqRVlU,fink,Larry Fink,BLK,"BlackRock CEO Larry Fink: We need to work with hydrocarbon companies, not against them",CNBC Television,tv_interview,2022-01-18 12:14:50+00:00,292.0,11871.0,False,0.95
BnNbZmE3beA,fink,Larry Fink,BLK,"BlackRock CEO Larry Fink on Inflation, ESG Investing",Bloomberg Television,tv_interview,2022-06-02 21:06:09+00:00,1046.0,286422.0,False,0.95
KxnX8CNLgN4,fink,Larry Fink,BLK,Carlos Torres Vila (BBVA) y Larry Fink (BlackRock) piden mayor inversión para la descarbonización,BBVA,fireside_or_conference_qa,2022-09-16 06:24:00+00:00,1988.0,7872.0,False,0.75
PSVpth7uqb4,fink,Larry Fink,BLK,BlackRock C.E.O. Larry Fink on ESG Investing,New York Times Events,fireside_or_conference_qa,2022-12-01 02:04:11+00:00,1457.0,318103.0,False,0.9
YETCqbovL50,fink,Larry Fink,BLK,BlackRock CEO Larry Fink is optimistic about long-term investment opportunities in 2023,CNBC Television,tv_interview,2023-01-13 15:31:42+00:00,296.0,50648.0,True,0.95
kLDHoyNKX4o,fink,Larry Fink,BLK,BlackRock's Fink Says ESG Narrative Has Become Personal,Bloomberg Television,tv_interview,2023-01-17 13:04:03+00:00,247.0,36080.0,False,0.95
7A6Rus4dWHQ,fink,Larry Fink,BLK,BlackRock’s Fink on Capitalism and Sustainability,Bloomberg Live,fireside_or_conference_qa,2023-01-17 20:28:50+00:00,1137.0,13579.0,False,0.9
i00ZPGy7K4k,fink,Larry Fink,BLK,"BlackRock's Larry Fink on earnings beat, banking crisis fallout and bond inflows",CNBC Television,tv_interview,2023-04-14 15:06:05+00:00,280.0,10503.0,False,0.95
YH-026ctLis,fink,Larry Fink,BLK,"Inflation will be 'stickier for longer' and hit floor of 4%, says BlackRock's Larry Fink",CNBC Television,tv_interview,2023-04-14 15:25:45+00:00,323.0,43474.0,False,0.95
NYXo79k3qqg,fink,Larry Fink,BLK,BlackRock's Larry Fink says he doesn't expect 'big recession' in the U.S.,CNBC Television,tv_interview,2023-04-14 15:31:57+00:00,393.0,81775.0,False,0.95
cX4FvW_Ph_s,fink,Larry Fink,BLK,We want to hear from the regulators: Larry Fink,Fox Business,tv_interview,2023-07-06 00:00:12+00:00,1127.0,68128.0,False,0.95
_CN1TcQgQwg,fink,Larry Fink,BLK,BlackRock CEO Larry Fink on economic outlook: I think our economy is going to accelerate,CNBC Television,tv_interview,2023-07-14 14:54:55+00:00,343.0,190750.0,False,0.95
fqBHcbkl_Zo,fink,Larry Fink,BLK,BlackRock CEO Larry Fink: Inflation will be sticky between 3% to 4%,CNBC Television,tv_interview,2023-07-14 14:55:11+00:00,399.0,53722.0,False,0.95
tRZOrHDosWg,fink,Larry Fink,BLK,"BlackRock's Fink on Bonds, M&A, US Recession, Election: Full Interview",Bloomberg Television,tv_interview,2023-09-29 10:30:02+00:00,2146.0,326259.0,False,0.95
EsAyr3WcrfE,fink,Larry Fink,BLK,"Larry Fink Talks Shutdown, Recession | Bloomberg Talks",Bloomberg Podcasts,podcast_interview,2023-09-29 12:52:12+00:00,2101.0,465.0,False,0.85
HM-ILBFSviw,fink,Larry Fink,BLK,BlackRock CEO Larry Fink: Long term investors should be at least 80% in equities or hard assets,CNBC Television,tv_interview,2023-10-13 15:13:15+00:00,561.0,343375.0,False,0.95
3O4pnwq6ddY,fink,Larry Fink,BLK,Larry Fink: The world needs to get back its moral compass,Fox Business,tv_interview,2023-10-17 00:45:00+00:00,703.0,51642.0,False,0.95
bG8fjs4wilI,fink,Larry Fink,BLK,Larry Fink: We saw these issues in the third quarter,Fox Business,tv_interview,2023-10-17 02:15:02+00:00,264.0,6927.0,False,0.95
cTT_FlYYNtU,fink,Larry Fink,BLK,BlackRock CEO Larry Fink on GIP deal: The future in private markets will be infrastructure,CNBC Television,tv_interview,2024-01-12 12:47:12+00:00,415.0,98634.0,False,0.95
kqaoaOoUCH0,fink,Larry Fink,BLK,"Infrastructure Will Be a Major Asset Class, Fink Says",Bloomberg Television,tv_interview,2024-01-12 15:34:12+00:00,224.0,8565.0,False,0.95
HTveRlW7QPo,fink,Larry Fink,BLK,Fink Sees Tokenization of Financial Assets as Next Step,Bloomberg Television,tv_interview,2024-01-12 15:51:14+00:00,243.0,96548.0,False,0.95
se1bcqMYg8g,fink,Larry Fink,BLK,BlackRock CEO Larry Fink: Bitcoin ETF approvals are 'stepping stones' towards tokenization,CNBC Television,tv_interview,2024-01-12 16:08:59+00:00,434.0,360550.0,False,0.95
NSkLseKnXkQ,fink,Larry Fink,BLK,BlackRock's Fink Says GIP Deal Is 'Perfect Partnership',Bloomberg Television,tv_interview,2024-01-12 16:57:48+00:00,484.0,73959.0,False,0.95
oNkKFNtAu78,fink,Larry Fink,BLK,Larry Fink Talks BlackRock Earnings and the Future of Investing | Bloomberg Talks,Bloomberg Podcasts,podcast_interview,2024-01-12 17:42:11+00:00,790.0,546.0,False,0.85
7ujfkH9JTPQ,fink,Larry Fink,BLK,BlackRock's Fink Warns of Looming Retirement Crisis,Bloomberg Television,tv_interview,2024-03-26 17:24:20+00:00,210.0,26010.0,False,0.95
hOz19yUXWlE,fink,Larry Fink,BLK,BlackRock's Fink on How to Solve the Retirement Problem,Bloomberg Television,tv_interview,2024-03-26 18:20:05+00:00,852.0,147332.0,False,0.95
omv2JHiMLD4,fink,Larry Fink,BLK,Larry Fink Says He's Concerned Public Debt Will Crowd Out Private Capital,Bloomberg Television,tv_interview,2024-03-26 18:20:52+00:00,238.0,16595.0,False,0.95
6pidd2AinJo,fink,Larry Fink,BLK,Larry Fink Talks Retirement Crisis | Bloomberg Talks,Bloomberg Podcasts,podcast_interview,2024-03-26 19:06:48+00:00,883.0,481.0,False,0.85
pSZBOVHczxI,fink,Larry Fink,BLK,Fink: We Need to Embrace Our Capitalism,Bloomberg Television,tv_interview,2024-03-29 22:27:14+00:00,510.0,7303.0,False,0.95
AV5NDuGZ6No,fink,Larry Fink,BLK,BlackRock CEO Larry Fink: We need unfettered businesses & growth from the private sector,CNBC Television,tv_interview,2024-07-15 14:39:35+00:00,422.0,37155.0,False,0.95
WpGIp4gOrGI,fink,Larry Fink,BLK,BlackRock CEO Larry Fink ‘major believer’ there’s role for bitcoin in portfolios: CNBC Crypto World,CNBC Television,tv_interview,2024-07-15 19:12:21+00:00,665.0,32833.0,False,0.95
2taqmOs-eBg,fink,Larry Fink,BLK,The 19th Hole Beyond the Green: Larry Fink,iCapital,fireside_or_conference_qa,2024-07-25 04:01:53+00:00,1849.0,40762.0,False,0.85
jMgZJ2SROmM,fink,Larry Fink,BLK,"Larry Fink Talks Rate Cuts, Fed Policy and China | Bloomberg Talks",Bloomberg Podcasts,podcast_interview,2024-10-01 10:56:49+00:00,979.0,3111.0,False,0.85
2WvGlns9Jx4,fink,Larry Fink,BLK,BlackRock CEO Larry Fink: Our penetration with clients worldwide gives us the differentiating model,CNBC Television,tv_interview,2025-01-15 12:20:02+00:00,271.0,7605.0,True,0.95
A2OszEjl_-8,fink,Larry Fink,BLK,BlackRock CEO Larry Fink: Infrastructure will be the largest growing sector in private capital,CNBC Television,tv_interview,2025-01-15 13:40:35+00:00,261.0,153898.0,False,0.95
5whx4NE1yto,fink,Larry Fink,BLK,"BlackRock CEO Larry Fink: Our job is to manage your money, your way",CNBC Television,tv_interview,2025-01-15 14:06:32+00:00,364.0,29501.0,False,0.95
Mi3q_upPjBM,fink,Larry Fink,BLK,BlackRock CEO Larry Fink: I want the SEC to rapidly approve the tokenization of bonds and stocks,CNBC Television,tv_interview,2025-01-23 13:05:51+00:00,217.0,147566.0,True,0.95
4f_dXsroDyM,fink,Larry Fink,BLK,BlackRock CEO Larry Fink: Could see 10-year Treasury yield hit 5-5.5% and 'shock' the equity market,CNBC Television,tv_interview,2025-01-23 13:06:01+00:00,235.0,118414.0,False,0.95
R-cLxFOo7xg,fink,Larry Fink,BLK,"BlackRock CEO and Chairman Larry Fink speaks at CERAWeek in Houston, Texas  — 3/7/2025",CNBC Television,fireside_or_conference_qa,2025-03-10 19:11:29+00:00,1866.0,44374.0,False,0.9
Ck0VOPZVnbU,fink,Larry Fink,BLK,BlackRock CEO Larry Fink on its recent port acquisitions on the Panama Canal,CNBC Television,tv_interview,2025-03-10 19:31:15+00:00,183.0,81373.0,False,0.95
vg7Fhrh_bkk,fink,Larry Fink,BLK,"BlackRock CEO Larry Fink: Answer to U.S. deficit isn't cutting, it's to grow the economy",CNBC Television,tv_interview,2025-03-10 19:31:54+00:00,205.0,24926.0,False,0.95
lEt8_-abpX0,fink,Larry Fink,BLK,BlackRock CEO Larry Fink & Land O'Lakes CEO Beth Ford | BlackRock Retirement Summit,Semafor,fireside_or_conference_qa,2025-03-20 16:59:48+00:00,2744.0,8689.0,False,0.85
xRCEXPXfeL4,fink,Larry Fink,BLK,Blackrock's Larry Fink: We are probably in a recession right now,CNBC Television,tv_interview,2025-04-07 17:45:22+00:00,547.0,362769.0,False,0.95
euPgaxwT9_M,fink,Larry Fink,BLK,BlackRock CEO Larry Fink Talks Further Market Drops | Bloomberg Talks,Bloomberg Podcasts,podcast_interview,2025-04-07 21:29:41+00:00,2387.0,9938.0,True,0.9
BMHri_jZx64,fink,Larry Fink,BLK,BlackRock CEO Larry Fink: U.S. is very close to a recession and may be in one now,CNBC Television,tv_interview,2025-04-11 14:16:45+00:00,367.0,227092.0,False,0.95
DcKiUpZxZJk,fink,Larry Fink,BLK,Larry Fink: Politicians must wake up to this,Fox Business,tv_interview,2025-04-11 22:30:01+00:00,471.0,217854.0,False,0.95
D4d1GzgnhkI,fink,Larry Fink,BLK,The U.S. Deficit Will 'Overwhelm This Country': BlackRock CEO Larry Fink,Forbes,podcast_interview,2025-06-05 17:05:14+00:00,2119.0,401040.0,False,0.9
icuKbYrJ2cE,fink,Larry Fink,BLK,"Infrastructure investing is at the beginning of a golden age, says BlackRock CEO Larry Fink",CNBC Television,tv_interview,2025-07-15 15:53:22+00:00,282.0,36354.0,False,0.95
2l2yrFHnQ1M,fink,Larry Fink,BLK,Larry Fink's Predictions For The Next Seven Years | Forbes,Forbes Clips,podcast_interview,2025-08-03 15:15:00+00:00,227.0,221944.0,True,0.6
ChmRWyye3nM,fink,Larry Fink,BLK,"Legends Live @Citi, featuring Larry Fink and Leon Kalvaria",Citi,fireside_or_conference_qa,2025-08-19 15:08:58+00:00,3635.0,46378.0,True,0.9
-LPit2bEWAo,fink,Larry Fink,BLK,BlackRock CEO Larry Fink: We're at the beginning of the tokenization of all assets,CNBC Television,tv_interview,2025-10-14 14:17:43+00:00,353.0,597876.0,False,0.95
HeFwIsrtgVQ,fink,Larry Fink,BLK,Brian Armstrong and Larry Fink Are Not Worried About Another Crypto Winter,New York Times Events and The New York Times,fireside_or_conference_qa,2025-12-03 22:53:15+00:00,2075.0,272129.0,False,0.9
68xavt308Bo,fink,Larry Fink,BLK,BlackRock CEO Larry Fink: We're too focused on monetary policy and not enough on fiscal discipline,CNBC Television,tv_interview,2026-01-15 15:44:39+00:00,580.0,58517.0,True,0.95
N5L2WZpjeV8,fink,Larry Fink,BLK,"This Is India’s Era for the Next 20–25 Years: Larry Fink, BlackRock | JioBlackRock Event | N18V",CNBC-TV18,tv_interview,2026-02-04 10:51:56+00:00,380.0,43517.0,False,0.8
GLb0vpkM38A,fink,Larry Fink,BLK,PM Modi’s Digitisation Drive Makes India a Global Tech Leader: BlackRock's Larry Fink| Mukesh Ambani,CNBC-TV18,fireside_or_conference_qa,2026-02-04 11:01:46+00:00,256.0,596.0,False,0.8
9LNx4t6Kf5M,fink,Larry Fink,BLK,"LIVE: Mukesh Ambani & Larry Fink ""Investing for a New Era"" | JioBlackRock 2026 | News18",CNN-News18,fireside_or_conference_qa,2026-02-04 11:54:59+00:00,4197.0,5045.0,True,0.75
S0PDBjvFLrU,fink,Larry Fink,BLK,MEGA EXCLUSIVE: Mukesh Ambani & Larry Fink INTERVIEW | Investing For A New Era | JioBlackRock Event,CNBC-TV18,tv_interview,2026-02-04 11:58:26+00:00,2866.0,1122015.0,False,0.85
Kw6O14m3OXw,fink,Larry Fink,BLK,"Larry Fink & Mukesh Ambani: Growth, Markets and the Power of Compounding | Mukesh Ambani",CNBC-TV18,fireside_or_conference_qa,2026-02-04 14:43:31+00:00,725.0,715.0,False,0.85
wTD1Sk9j_KI,fink,Larry Fink,BLK,JioBlackRock Event LIVE | Larry Fink & Mukesh Ambani | Investing For A New Era | Mukesh Ambani |N18L,CNBC-TV18,fireside_or_conference_qa,2026-02-04 23:28:06+00:00,2856.0,5218.0,False,0.85
azCLJCrjkjo,fink,Larry Fink,BLK,LIVE: Larry Fink & Mukesh Ambani Discuss Global Business,India Today Global,fireside_or_conference_qa,2026-02-04 23:38:11+00:00,2780.0,1714.0,False,0.65
xonE-gNf76c,fink,Larry Fink,BLK,Investing for a new era | A conversation with Mukesh Ambani & Larry Fink | 4 Feb 2026,JioBlackRock,fireside_or_conference_qa,2026-02-05 05:07:44+00:00,5635.0,8060.0,False,0.9
btiazhR9TRU,fink,Larry Fink,BLK,Mukesh Ambani & Larry Fink On Investing For A New Era | MEGA EXCLUSIVE,CNBC-TV18,fireside_or_conference_qa,2026-02-08 06:29:01+00:00,2856.0,1188.0,False,0.85
NIyPwq83vG8,fink,Larry Fink,BLK,'WENT TOO FAR': BlackRock's Larry Fink makes MAJOR confession,Fox Business,tv_interview,2026-03-15 22:00:21+00:00,509.0,135271.0,False,0.95
QaR2MQ__A1Y,fink,Larry Fink,BLK,BlackRock CEO Larry Fink: We're at the beginning of growing capital markets,CNBC Television,tv_interview,2026-04-14 16:15:22+00:00,266.0,68922.0,True,0.95
MkWoN-SB9yw,fink,Larry Fink,BLK,APG meaningful conversation Larry Fink and Ronald Wuijster,APG,fireside_or_conference_qa,2026-04-16 09:07:59+00:00,1812.0,1125.0,False,0.8
UaAH9_3MwXc,fink,Larry Fink,BLK,Conversation with BlackRock CEO Larry Fink & Brookfield Corp CEO Bruce Flatt | Global Conference '26,Milken Institute,fireside_or_conference_qa,2026-05-12 17:57:47+00:00,2019.0,40241.0,False,0.9
LxDv3oIkmbA,fink,Larry Fink,BLK,Podcast 011 - Larry Fink: Global Finance and the Future of Prosperity,The CEO’s Notebook,podcast_interview,2026-06-02 21:00:11+00:00,2485.0,67.0,False,0.5
f8FrvkJt4nk,fink,Larry Fink,BLK,BlackRock CEO Larry Fink: I'm very bullish on the markets over the next 12 months,CNBC Television,tv_interview,2026-07-15 14:22:33+00:00,497.0,170099.0,False,0.95
qji7wtssyCo,green,Jeff Green,TTD,"LUMA's Digital Marketing Summit '17: Jeff Green, The Trade Desk",LUMA,fireside_or_conference_qa,2017-12-07 16:16:17+00:00,1214.0,1455.0,False,0.7
flRoCP58sJc,green,Jeff Green,TTD,The Trade Desk's Jeff Green on the Future of the Industry,ExchangeWireTV,tv_interview,2018-07-17 10:28:16+00:00,416.0,3749.0,False,0.8
QkZli4QHTJU,green,Jeff Green,TTD,"ATS Singapore 2018: Fireside Chat with Jeff Green, CEO, The Trade Desk",ExchangeWireTV,fireside_or_conference_qa,2018-11-27 13:00:03+00:00,2110.0,1479.0,False,0.9
uMr7j-X1lko,green,Jeff Green,TTD,"The Trade Desk CEO Jeff Green on CNBC's Closing Bell | Sept 14, 2020",The Trade Desk,tv_interview,2020-09-16 15:44:58+00:00,311.0,3512.0,True,0.95
z4YcWfZIc_Q,green,Jeff Green,TTD,"Madison Alley Fireside Chat featuring Jeff Green, Founder & CEO, The Trade Desk",MadisonAlley TV,fireside_or_conference_qa,2020-11-02 12:09:27+00:00,3668.0,465.0,False,0.92
FjOW7CkVAL4,green,Jeff Green,TTD,The Trade Desk CEO Jeff Green on CNBC's Mad Money with Jim Cramer 7/7/21,The Trade Desk,tv_interview,2021-07-13 18:11:34+00:00,468.0,11026.0,False,0.9
p_0WDurz6p4,green,Jeff Green,TTD,The Trade Desk CEO Jeff Green on ad-supported platforms and the future of digital advertising,CNBC Television,tv_interview,2022-10-05 22:42:35+00:00,352.0,6226.0,False,0.95
UteiyX2td6Y,green,Jeff Green,TTD,The Trade Desk CEO Jeff Green breaks down big picture outlook on ad tech,CNBC Television,tv_interview,2023-01-06 17:59:14+00:00,334.0,6707.0,False,0.95
4blYV55VQYk,green,Jeff Green,TTD,The Trade Desk CEO Jeff Green: It's the best time ever to be in internet advertising,CNBC Television,tv_interview,2023-06-21 12:44:41+00:00,229.0,9969.0,False,0.95
VCbQ95z-xrM,green,Jeff Green,TTD,Connected TV is the most effective advertising in the world right now: The Trade Desk CEO Jeff Green,CNBC Television,tv_interview,2023-12-07 15:37:31+00:00,350.0,10632.0,False,0.95
N3ovwDkEdC0,green,Jeff Green,TTD,The Path Forward: In Conversation with Jeff Green | Forward ‘24: TV's Tipping Point,The Trade Desk,fireside_or_conference_qa,2024-02-28 22:49:37+00:00,2224.0,5481.0,False,0.85
yCM3bDWx0NU,green,Jeff Green,TTD,DMS BY LUMA 2025: The Trade Desk Fireside Chat W/ Jeff Green,LUMA,fireside_or_conference_qa,2025-05-19 12:46:27+00:00,1852.0,3391.0,True,0.95
iAvdjGl-Vfw,green,Jeff Green,TTD,"Duplicate, Obfuscate, and Sometimes Lie (ft. Jeff Green, CEO of TTD)",Adtech Adtalk,podcast_interview,2025-10-10 18:09:11+00:00,3710.0,5839.0,False,0.85
v8NPUfs_80I,kurtz,George Kurtz,CRWD,CrowdStrike CEO George Kurtz on the company's IPO,CNBC Television,tv_interview,2019-06-12 16:38:35+00:00,509.0,7219.0,False,0.9
BLZ_cbRB_xU,kurtz,George Kurtz,CRWD,"YLV Academy: Virtual Fireside Chat With George Kurtz , President, CEO & Founder of CrowdStrike",YL Ventures,fireside_or_conference_qa,2020-08-17 14:52:11+00:00,2578.0,1739.0,False,0.9
m25FeVEiY1w,kurtz,George Kurtz,CRWD,"Security Talk with Jim Alkove, Trust Officer at Salesforce, & George Kurtz, President of CrowdStrike",IT Visionaries,podcast_interview,2021-12-13 22:00:29+00:00,2383.0,116.0,False,0.55
ykJxmUgbfUM,kurtz,George Kurtz,CRWD,"Watch CNBC's full interview with George Kurtz, CrowdStrike CEO",CNBC Television,tv_interview,2022-02-16 17:17:05+00:00,337.0,3862.0,False,0.95
qjbHfYzoL9w,kurtz,George Kurtz,CRWD,"A Formula For Success Ep 4: Lewis Hamilton, Mercedes-AMG F1 driver & George Kurtz, CrowdStrike CEO",CrowdStrike,podcast_interview,2022-02-18 14:45:47+00:00,3980.0,30458.0,False,0.7
wSqct-eP-fM,kurtz,George Kurtz,CRWD,The Threat Landscape w/ CrowdStrike CEO George Kurtz,The Compound,podcast_interview,2022-04-11 22:03:57+00:00,1785.0,15809.0,False,0.9
MtA4Zf2Pies,kurtz,George Kurtz,CRWD,"Fireside Chat with George Kurtz, CrowdStrike",The Montgomery Summit,fireside_or_conference_qa,2022-07-13 19:53:33+00:00,2564.0,45457.0,False,0.9
hrUP0nQSBQk,kurtz,George Kurtz,CRWD,"George Kurtz, CrowdStrike | CrowdStrike Fal.Con 2022",SiliconANGLE theCUBE,tv_interview,2022-09-21 01:18:42+00:00,1146.0,6654.0,False,0.85
MJcvz47OpTA,kurtz,George Kurtz,CRWD,Tech Meets the Track: George Kurtz & Toto Wolff on F1,CNBC Television,tv_interview,2022-10-21 14:16:55+00:00,537.0,2554.0,False,0.8
9aOpIoxDZM0,kurtz,George Kurtz,CRWD,"George Kurtz CEO/Co-founder, CrowdStrike",Goldman Sachs,fireside_or_conference_qa,2022-11-11 20:49:14+00:00,1402.0,1384254.0,False,0.7
VfZt1XbDNng,kurtz,George Kurtz,CRWD,"ICON's Cyber Day - Fireside Chat with George Kurtz, co-founder & CEO, CrowdStrike",ICON,fireside_or_conference_qa,2023-01-04 11:50:51+00:00,3259.0,676.0,False,0.9
bkkcgt22Co4,kurtz,George Kurtz,CRWD,CrowdStrike CEO George Kurtz on cybersecurity in 2023,CNBC Television,tv_interview,2023-01-05 17:11:14+00:00,249.0,8816.0,False,0.95
bOQwNZYhTxQ,kurtz,George Kurtz,CRWD,Crowdstrike CEO George Kurtz: New A.I. tool 'Charlotte' acts as a 'virtual security analyst',CNBC Television,tv_interview,2023-06-14 01:13:43+00:00,300.0,11156.0,False,0.95
g00vreBaPmk,kurtz,George Kurtz,CRWD,"George Kurtz, CrowdStrike | Fal.Con 2023",SiliconANGLE theCUBE,tv_interview,2023-09-19 23:48:20+00:00,1096.0,10639.0,False,0.85
4R7FMowXxFw,kurtz,George Kurtz,CRWD,CrowdStrike CEO George Kurtz Aiming Big With SMBs - CRN In Depth,CRN,tv_interview,2023-10-27 20:45:00+00:00,310.0,200.0,False,0.8
VrjkQiYUjAc,kurtz,George Kurtz,CRWD,"CrowdStrike CEO George Kurtz on F1 sponsorship, revenue generation",CNBC Television,tv_interview,2023-11-16 16:55:25+00:00,222.0,3562.0,True,0.95
BieKd0EgfRQ,kurtz,George Kurtz,CRWD,CrowdStrike CEO George Kurtz goes one-on-one with Jim Cramer,CNBC Television,tv_interview,2023-11-30 01:53:08+00:00,583.0,13655.0,True,0.95
aiV5U_XThis,kurtz,George Kurtz,CRWD,Crowdstrike CEO George Kurtz on Microsoft hack and what it means for cybersecurity landscape,CNBC Television,tv_interview,2024-01-24 04:55:46+00:00,517.0,11292.0,False,0.95
EcOnv_iVwAs,kurtz,George Kurtz,CRWD,CrowdStrike CEO George Kurtz goes one-on-one with Jim Cramer,CNBC Television,tv_interview,2024-03-07 00:44:24+00:00,501.0,14586.0,False,0.95
jTHyx9mkmX0,kurtz,George Kurtz,CRWD,CrowdStrike CEO George Kurtz goes one-on-one with Jim Cramer,CNBC Television,tv_interview,2024-03-18 23:52:38+00:00,534.0,12573.0,False,0.95
T0qiJMh94Sk,kurtz,George Kurtz,CRWD,CrowdStrike’s George Kurtz | Building a Generational Company  | S2E5 | Spotlight On | AccelVC,Accel,podcast_interview,2024-04-25 17:01:32+00:00,3815.0,31093.0,False,0.85
X4ZOqQHkbXU,kurtz,George Kurtz,CRWD,CrowdStrike CEO George Kurtz goes one-on-one with Jim Cramer,CNBC Television,tv_interview,2024-06-05 23:58:42+00:00,566.0,7805.0,False,0.95
qFyzbsRg3mY,kurtz,George Kurtz,CRWD,CrowdStrike CEO George Kurtz goes one-on-one with Jim Cramer,CNBC Television,tv_interview,2024-08-29 23:54:53+00:00,512.0,9957.0,False,0.95
Xo_ipCVQkyI,kurtz,George Kurtz,CRWD,"George Kurtz, CrowdStrike | fal.con 2024",SiliconANGLE theCUBE,tv_interview,2024-09-18 05:01:49+00:00,1291.0,9205.0,True,0.85
I5lCk2gLcAk,kurtz,George Kurtz,CRWD,CrowdStrike CEO George Kurtz goes one-on-one with Jim Cramer,CNBC Television,tv_interview,2025-03-06 01:32:24+00:00,581.0,9323.0,False,0.95
7oi8khK9iqg,kurtz,George Kurtz,CRWD,CrowdStrike’s George Kurtz | Building a Generational Company  | RSA Preview | Spotlight On | AccelVC,Accel,podcast_interview,2025-04-22 18:34:41+00:00,3813.0,1404.0,False,0.7
_u4j9_v8g8o,kurtz,George Kurtz,CRWD,"George Kurtz, CrowdStrike | RSAC 2025",SiliconANGLE theCUBE,tv_interview,2025-04-30 23:59:40+00:00,1279.0,6179.0,False,0.85
PbmesheplxI,kurtz,George Kurtz,CRWD,Watch Jim Cramer's full interview with CrowdStrike CEO George Kurtz,CNBC Television,tv_interview,2025-06-05 00:35:43+00:00,592.0,13614.0,False,0.95
0RXgiGwqNzk,kurtz,George Kurtz,CRWD,CrowdStrike’s George Kurtz | The Security Arms Race | S3E14 | Spotlight On | AccelVC,Accel,podcast_interview,2025-06-10 16:10:10+00:00,1658.0,36885.0,False,0.85
2273owai2pE,kurtz,George Kurtz,CRWD,"'Hacktivist' groups linked to Iran have been very active, says CrowdStrike CEO George Kurtz",CNBC Television,tv_interview,2025-06-25 14:53:36+00:00,271.0,1626.0,False,0.95
Bt3Og0434To,kurtz,George Kurtz,CRWD,"The CISO’s Guide to Securing a Board Seat | George Kurtz, CrowdStrike | RSAC 2025",Cybercrime Magazine,fireside_or_conference_qa,2025-09-14 12:00:25+00:00,1319.0,2545906.0,False,0.6
_l8VDU9kcRA,kurtz,George Kurtz,CRWD,"George Kurtz, Crowdstrike | Crowdstrike Fal.Con 2025",SiliconANGLE theCUBE,tv_interview,2025-09-17 18:27:36+00:00,1253.0,10313.0,False,0.85
oRP95b1w_c0,kurtz,George Kurtz,CRWD,The Future of Cybersecurity in the Agentic World | George Kurtz and Dan Ives,CrowdStrike,fireside_or_conference_qa,2026-03-30 20:07:28+00:00,1419.0,11362.0,False,0.8
YzxlGyl_X_w,kurtz,George Kurtz,CRWD,"CrowdStrike CEO George Kurtz on Racing, Leadership, and Investing in Mercedes-AMG PETRONAS F1 team",Nasdaq,tv_interview,2026-04-07 13:03:38+00:00,816.0,352.0,False,0.85
u0Nw6QugZOs,kurtz,George Kurtz,CRWD,CrowdStrike CEO George Kurtz goes one-on-one with Jim Cramer,CNBC Television,tv_interview,2026-06-05 00:00:48+00:00,670.0,8095.0,False,0.95
JqIm9FLrpuM,kurtz,George Kurtz,CRWD,CrowdStrike CEO George Kurtz goes one-on-one with Jim Cramer,CNBC Television,tv_interview,2026-08-27 23:28:26+00:00,626.0,7740.0,False,0.95
SimnTGmj4DA,kurtz,George Kurtz,CRWD,"George Kurtz, CrowdStrike | CrowdStrike 2026",SiliconANGLE theCUBE,tv_interview,2026-09-02 16:11:56+00:00,1632.0,30628.0,False,0.85
uTEC061Meto,kurtz,George Kurtz,CRWD,"'Agent states' are the new apex predators, says Crowdstrike CEO George Kurtz",CNBC Television,tv_interview,2026-09-09 21:04:47+00:00,410.0,17767.0,False,0.95
hnd4PlypC_U,lawson,Jeff Lawson,TWLO,Life After IPO with Twilio's Jeff Lawson at Disrupt SF,TechCrunch,fireside_or_conference_qa,2016-09-12 19:00:58+00:00,1363.0,3055.0,False,0.95
qVQQFhj3F-Q,lawson,Jeff Lawson,TWLO,Twilio CEO Jeff Lawson: Connecting On The Cloud | Mad Money | CNBC,CNBC,tv_interview,2016-11-07 15:26:37+00:00,519.0,5732.0,False,0.95
N6_Bj5uCRs4,lawson,Jeff Lawson,TWLO,Full interview: Twilio CEO Jeff Lawson | Code Enterprise 2016,On with Kara Swisher,fireside_or_conference_qa,2016-11-15 22:15:37+00:00,1849.0,12622.0,True,0.95
h0Z8RfEnMUE,lawson,Jeff Lawson,TWLO,"“From Seed to IPO” Jeff Lawson (CEO, Twilio)",Post Seed,fireside_or_conference_qa,2016-12-08 21:01:59+00:00,3481.0,1265.0,False,0.85
nh7abI5oMg4,lawson,Jeff Lawson,TWLO,"IPO secrets - Jeff Lawson, Sarah Friar & Miguel Helft at Web Summit 2016",Web Summit,panel,2017-01-31 13:34:13+00:00,1219.0,493.0,False,0.85
h6KtHq2-6F0,lawson,Jeff Lawson,TWLO,"Twilio: The Inside Story with Jeff Lawson, CEO/Co-Founder",SaaStr AI,fireside_or_conference_qa,2017-07-10 16:25:00+00:00,2152.0,37174.0,False,0.9
3aTTOg-W4t8,lawson,Jeff Lawson,TWLO,"Jeff Lawson on the Past, Present and Future of Programmable Communications",Tsahi Levent-Levi,podcast_interview,2017-11-19 21:50:51+00:00,2266.0,2984.0,False,0.85
0CKI8Jah-Po,lawson,Jeff Lawson,TWLO,Articulating Company Values & Living Them Authentically: Jeff Lawson,First Round Capital,fireside_or_conference_qa,2018-05-29 13:43:00+00:00,1975.0,36564.0,False,0.85
FlsaF0xmoVg,lawson,Jeff Lawson,TWLO,Twilio CEO Lawson on Profit Growth and Connecting Voters,Bloomberg Tech,tv_interview,2018-08-30 22:49:17+00:00,295.0,1859.0,False,0.95
2SZgruqLVGs,lawson,Jeff Lawson,TWLO,Jeff Lawson & Kevin Barenblat | Audacious Impact | Accelerate Good Global 2019,Fast Forward,fireside_or_conference_qa,2019-04-19 03:43:40+00:00,1642.0,75.0,False,0.85
ebGAw3gnyF4,lawson,Jeff Lawson,TWLO,"Twilio CEO Jeff Lawson on trade tensions, Uber's IPO and more",CNBC Television,tv_interview,2019-05-09 16:26:08+00:00,240.0,1384.0,False,0.95
2Q86UjKU4uI,lawson,Jeff Lawson,TWLO,"E967 Twilio CEO Jeff Lawson grew Twilio to $1Bn run rate, learning from Bezos, focus on customers",This Week in Startups,podcast_interview,2019-08-23 19:17:38+00:00,3618.0,34354.0,False,0.95
Y-ghsCVkG6M,lawson,Jeff Lawson,TWLO,"Learn about leadership and managing stress with Jeff Lawson, CEO of Twilio",Fable: Books & TV,fireside_or_conference_qa,2020-10-08 00:02:53+00:00,1211.0,176.0,False,0.65
79HFvDAADqc,lawson,Jeff Lawson,TWLO,CEO Jeff Lawson on Starting Twilio & Getting to $1M in Revenue,This Week in Startups Clips,podcast_interview,2020-10-09 01:13:09+00:00,235.0,70.0,False,0.65
hm8zTn_6d04,lawson,Jeff Lawson,TWLO,How to Talk to Customers & Get Good Feedback | Twilio CEO Jeff Lawson,This Week in Startups Clips,podcast_interview,2020-10-09 01:15:01+00:00,395.0,23.0,False,0.65
c7-TDG9sqSI,lawson,Jeff Lawson,TWLO,Twilio CEO Jeff Lawson on social media companies policing content,CNBC Television,tv_interview,2021-01-12 14:30:14+00:00,196.0,1874.0,False,0.95
41C3BE6Vi50,lawson,Jeff Lawson,TWLO,"How To Collaborate, Manage & Work With Developers With Jeff Lawson, CEO Twilio",SaaStr AI,fireside_or_conference_qa,2021-01-15 15:00:02+00:00,3052.0,3175.0,False,0.85
eqOblnNBsj0,lawson,Jeff Lawson,TWLO,Equity and Anti-Racism - CEO Jeff Lawson Twilio x BRIDGEGOOD,BRIDGEGOOD,fireside_or_conference_qa,2021-01-18 04:39:31+00:00,707.0,73.0,False,0.7
yYrkUsHyJWg,lawson,Jeff Lawson,TWLO,"Jeff Lawson on Ask Your Developer, with Pete Flint",NFX,podcast_interview,2021-01-21 20:21:55+00:00,2871.0,1103.0,False,0.9
bmLQjS5e3kk,lawson,Jeff Lawson,TWLO,"Digital Transformation, Diversity and Leadership Panel Discussion with Jeff Lawson, CEO of Twilio",Fable: Books & TV,panel,2021-02-03 01:50:52+00:00,3438.0,115.0,False,0.8
GRLXoK2Rmr8,lawson,Jeff Lawson,TWLO,"Jeff Lawson, Jeff Immelt, & Ben Stein on harnessing the power of software developers",Twilio,panel,2021-02-04 17:44:14+00:00,2293.0,974.0,False,0.7
2JANEYwOT14,lawson,Jeff Lawson,TWLO,Jeff Lawson (Twilio) + Byron Deeter (Bessemer) at Startup Grind Global 2021,Startup Grind,fireside_or_conference_qa,2021-02-26 20:21:34+00:00,2453.0,398.0,False,0.9
ZAKn9qkYEwU,lawson,Jeff Lawson,TWLO,March 2021 NY Enterprise Tech Meetup with Jeff Lawson Co-Founder & CEO of Twilio,Work-Bench,fireside_or_conference_qa,2021-03-11 23:37:02+00:00,3145.0,464.0,False,0.85
3NkGZyjMCjw,lawson,Jeff Lawson,TWLO,Take the Lead: Jennifer Tejada & Jeff Lawson,PagerDuty Inc.,fireside_or_conference_qa,2021-04-20 16:33:50+00:00,298.0,440.0,False,0.6
U_eQK9UR8ao,lawson,Jeff Lawson,TWLO,The 7 Powers with Hamilton Helmer & Jeff Lawson,NFX,podcast_interview,2021-05-03 21:30:00+00:00,2175.0,8196.0,False,0.8
pd0NWhCMDUc,lawson,Jeff Lawson,TWLO,Jeff Lawson - Solving Problems Instead Of Selling Solutions,Lightning Bugs: Conversations with Ben Folds,podcast_interview,2021-06-03 17:00:21+00:00,3630.0,766.0,False,0.85
7fTSViQ0K0U,lawson,Jeff Lawson,TWLO,"Twilio CEO Jeff Lawson: the next $60B, Engage, Segment acquisition + Who really uses Oculus? | E1308",This Week in Startups,podcast_interview,2021-10-20 17:02:11+00:00,5928.0,31329.0,False,0.95
u1Su9PBAqvg,lawson,Jeff Lawson,TWLO,Twilio CEO Jeff Lawson on going fully REMOTE | This Week in Startups,This Week in Startups Clips,podcast_interview,2021-10-23 18:07:47+00:00,410.0,46.0,False,0.65
Cy9MF4ISbcU,lawson,Jeff Lawson,TWLO,"Jeff Lawson, Co-founder and CEO of Twilio",Goldman Sachs,fireside_or_conference_qa,2022-02-03 16:53:43+00:00,1672.0,279394.0,False,0.8
6OEmqCJ2wJk,lawson,Jeff Lawson,TWLO,Twilio's Jeff Lawson on Building Software with Superpowers,Greylock,fireside_or_conference_qa,2022-02-08 18:49:57+00:00,3597.0,2136.0,False,0.85
ptDuWLMjD98,lawson,Jeff Lawson,TWLO,Twilio Investor Meeting with Jeff Lawson,Heller House,fireside_or_conference_qa,2022-07-12 12:28:47+00:00,3652.0,1193.0,False,0.5
3gjhHBILda8,lawson,Jeff Lawson,TWLO,"Making Markets EP42: Twilio CEO Jeff Lawson on Customer Engagement, Macro Economy, & the Signal Conf",Making Markets Podcast,podcast_interview,2022-11-02 17:13:52+00:00,1084.0,23737.0,False,0.9
IEa5zSBLWuw,lawson,Jeff Lawson,TWLO,"Consumption is a big part, but not our entire business, says Twilio's Jeff Lawson",CNBC Television,tv_interview,2022-11-04 16:29:10+00:00,245.0,6043.0,False,0.95
jowo-2PVa_M,lawson,Jeff Lawson,TWLO,A conversation with Twilio’s Co-Founder & CEO | eToro webinar with Jeff Lawson,etoro US,fireside_or_conference_qa,2022-12-16 17:45:29+00:00,2752.0,42.0,False,0.85
BmS7uBZDO68,lawson,Jeff Lawson,TWLO,Twilio CEO Jeff Lawson sees direct correlation between economy and Twilio's performance,CNBC Television,tv_interview,2023-05-10 21:28:31+00:00,359.0,11364.0,False,0.95
MB_l3KB2wcs,mcdermott,Bill McDermott,NOW,ServiceNow CEO Bill McDermott talks earnings results and 2020 guidance,CNBC Television,tv_interview,2020-01-31 15:49:04+00:00,458.0,4930.0,True,0.9
X_mF1YFqn8s,mcdermott,Bill McDermott,NOW,ServiceNow CEO Bill McDermott on the coronavirus impact and emergency response apps,CNBC Television,tv_interview,2020-03-26 16:37:25+00:00,607.0,12036.0,False,0.95
-9tX3CYzHco,mcdermott,Bill McDermott,NOW,Future Proof: @Work Livestream with ServiceNow's Bill McDermott,CNBC Events,fireside_or_conference_qa,2020-06-26 18:57:46+00:00,1415.0,751.0,False,0.85
mo0mrdpnI4w,mcdermott,Bill McDermott,NOW,Episode 210: ServiceNow CEO Bill McDermott’s Mission to Make Work Work Better,New York Stock Exchange,podcast_interview,2020-11-16 11:11:00+00:00,3561.0,757.0,False,0.9
t-uCZI1bMEY,mcdermott,Bill McDermott,NOW,"Fireside Chat with Bill McDermott, ServiceNow and Carmine Di Sibio, EY",The Montgomery Summit,fireside_or_conference_qa,2021-03-11 07:49:33+00:00,1865.0,1911.0,False,0.95
Q5-LsPm9DPg,mcdermott,Bill McDermott,NOW,CEO-to-CEO Fireside Chat with Okta’s Todd McKinnon and ServiceNow’s Bill McDermott,Okta,fireside_or_conference_qa,2021-04-09 16:52:00+00:00,1410.0,1538.0,False,0.95
RYEXtyzkt38,mcdermott,Bill McDermott,NOW,ServiceNow CEO Bill McDermott on cloud computing outlook,CNBC Television,tv_interview,2021-05-11 15:57:59+00:00,301.0,9049.0,False,0.85
mLaWU84lQAc,mcdermott,Bill McDermott,NOW,ServiceNow CEO Bill McDermott on earnings and company outlook,CNBC Television,tv_interview,2021-07-29 15:27:09+00:00,237.0,9162.0,False,0.9
imZiUpBqXUI,mcdermott,Bill McDermott,NOW,The Inside View with Bill McDermott,protocol,fireside_or_conference_qa,2021-10-12 20:00:37+00:00,1817.0,6429.0,False,0.7
gJfzbTTBdVk,mcdermott,Bill McDermott,NOW,Making Markets EP37: ServiceNow CEO Bill McDermott—Tech is the way out of our economic challenges,Making Markets Podcast,podcast_interview,2022-06-23 15:50:27+00:00,1589.0,37696.0,False,0.9
Ah0TEU6VCiQ,mcdermott,Bill McDermott,NOW,"Grit Podcast - Chairman & CEO ServiceNow, Bill McDermott",Kleiner Perkins,podcast_interview,2023-01-09 08:00:06+00:00,4098.0,11403.0,False,0.95
bZUaFXo36FM,mcdermott,Bill McDermott,NOW,"Not a chance of a recession for IT spending this year, says ServiceNow's Bill McDermott",CNBC Television,tv_interview,2023-01-18 22:13:15+00:00,296.0,17069.0,False,0.95
1jvWeR4YtNs,mcdermott,Bill McDermott,NOW,ServiceNow CEO Bill McDermott: 'Never Bet Against The United States of America' | Forbes,Forbes,tv_interview,2023-05-03 17:29:35+00:00,874.0,18721.0,True,0.9
Ri0QwqK5uxw,mcdermott,Bill McDermott,NOW,ServiceNow CEO Bill McDermott says A.I. should be empowering people to do business,CNBC Television,tv_interview,2023-05-17 20:45:47+00:00,202.0,10503.0,False,0.9
ddwNeu3PK_E,mcdermott,Bill McDermott,NOW,"Generative A.I. will improve productivity dramatically, says ServiceNow's Bill McDermott",CNBC International Live,tv_interview,2023-06-13 12:47:20+00:00,194.0,3525.0,False,0.95
2Y_yfYGmxDE,mcdermott,Bill McDermott,NOW,"ServiceNow CEO Bill McDermott on A.I. integration, partnership with Nvidia and Accenture",CNBC Television,tv_interview,2023-07-27 14:32:06+00:00,410.0,16866.0,True,0.95
Sp0C8xBoepM,mcdermott,Bill McDermott,NOW,ServiceNow CEO Bill McDermott: I'm expecting 2024 to be a big year for IT spend,CNBC Television,tv_interview,2023-09-20 22:18:41+00:00,194.0,16108.0,False,0.95
UVyOSTavUs0,mcdermott,Bill McDermott,NOW,Bill McDermott's Lessons Learned as a Deli Owner,David Rubenstein,podcast_interview,2023-11-01 11:43:19+00:00,254.0,3843.0,False,0.6
zcbRvTMasns,mcdermott,Bill McDermott,NOW,McDermott Plans to Stay Atop ServiceNow for Long-Term,David Rubenstein,podcast_interview,2023-11-01 20:56:32+00:00,357.0,3725.0,False,0.8
fQz_REid2Rg,mcdermott,Bill McDermott,NOW,ServiceNow CEO Bill McDermott Talks Digital Workflows | Bloomberg Talks,Bloomberg Podcasts,tv_interview,2023-11-01 21:09:16+00:00,1396.0,265.0,False,0.9
VSQOElJEu-w,mcdermott,Bill McDermott,NOW,The David Rubenstein Show: Bill McDermott,David Rubenstein,podcast_interview,2023-11-02 12:32:18+00:00,1447.0,51039.0,False,0.8
fMufscZhaUs,mcdermott,Bill McDermott,NOW,Being a Leader People Talk About with Bill McDermott,HD in HD Podcast,podcast_interview,2025-01-07 10:00:41+00:00,4767.0,5967.0,False,0.6
Jkl033U2-OA,mcdermott,Bill McDermott,NOW,ACQ2: The Art of Selling Enterprise Software (with ServiceNow CEO Bill McDermott),Acquired,podcast_interview,2025-03-10 16:36:07+00:00,3329.0,65931.0,False,0.95
POYGrih4aek,mcdermott,Bill McDermott,NOW,The ‘Rockstar CEO’ Who Won’t Quit | ServiceNow Chairman & CEO Bill McDermott,Kleiner Perkins,podcast_interview,2025-09-01 10:00:54+00:00,4188.0,9069.0,False,0.95
2oyVniLcaOo,mcdermott,Bill McDermott,NOW,"This is a once in a generation agreement, Bill McDermott says",Fox Business,tv_interview,2025-09-04 06:00:03+00:00,494.0,10177.0,False,0.85
CVEJtZqEzmU,mcdermott,Bill McDermott,NOW,ServiceNow CEO Bill McDermott goes one-on-one with Jim Cramer,CNBC Television,tv_interview,2025-10-29 23:26:45+00:00,604.0,22951.0,False,0.95
lmoqA4bU4y0,mcdermott,Bill McDermott,NOW,Watch CNBC's full interview with ServiceNow CEO Bill McDermott,CNBC Television,tv_interview,2025-12-16 16:00:07+00:00,307.0,8100.0,False,0.9
fbFEQeXlmLk,mcdermott,Bill McDermott,NOW,ServiceNow CEO Bill McDermott on buying cybersecurity startup Armis for $7.75 billion,CNBC Television,tv_interview,2025-12-23 14:34:01+00:00,211.0,20524.0,False,0.95
72SszJJtFzQ,mcdermott,Bill McDermott,NOW,Why ServiceNow Is Buying Cyber Startup Armis for $7.75 Billion,Bloomberg Television,tv_interview,2025-12-23 21:57:59+00:00,382.0,5878.0,False,0.95
BOghSlX_v0E,mcdermott,Bill McDermott,NOW,SIERRA CXO Summit: Blueprint for Enterprise Leadership with Bill McDermott of ServiceNow,SIERRA Ventures,fireside_or_conference_qa,2026-01-09 01:27:06+00:00,4255.0,2594.0,False,0.85
yztMEkLD-kU,mcdermott,Bill McDermott,NOW,ServiceNow CEO Bill McDermott goes one-on-one with Jim Cramer,CNBC Television,tv_interview,2026-01-29 00:52:05+00:00,600.0,55671.0,False,0.95
wPSeqKqFoqE,mcdermott,Bill McDermott,NOW,ServiceNow CEO Bill McDermott Talks Q1 Earnings | Bloomberg Talks,Bloomberg Podcasts,tv_interview,2026-04-23 18:11:56+00:00,421.0,1190.0,False,0.9
Thqy0JcxGuA,narayen,Shantanu Narayen,ADBE,"'DIGITAL MARKETING IS THE NEW GROWTH DRIVER', SAYS SHANTANU NARAYEN, CEO OF ADOBE SYSTEMS",CNBC-TV18,tv_interview,2016-05-11 17:09:11+00:00,494.0,869.0,False,0.9
WlN8Tdy5DVs,narayen,Shantanu Narayen,ADBE,Excl: Adobe CEO Shantanu Narayen In Conversation With Shereen Bhan,CNBC-TV18,tv_interview,2016-09-14 12:54:39+00:00,238.0,539.0,False,0.9
A-DbatkSixU,narayen,Shantanu Narayen,ADBE,Trendspotting With Shantanu Narayen (Part 1),CNBC-TV18,tv_interview,2017-05-03 16:51:12+00:00,915.0,517.0,False,0.85
8NdGFQYnRNU,narayen,Shantanu Narayen,ADBE,Trendspotting With Shantanu Narayen (Part 2),CNBC-TV18,tv_interview,2017-05-03 16:53:37+00:00,519.0,137.0,False,0.85
Qkt_2GQwl-I,narayen,Shantanu Narayen,ADBE,"Shantanu Narayen, CEO Of Adobe On CNBC-TV18",CNBC-TV18,tv_interview,2018-02-22 16:09:07+00:00,645.0,617.0,False,0.9
mgW3rstLNGE,narayen,Shantanu Narayen,ADBE,Shantanu Narayen at Silicon Slopes Tech Summit 2018,Silicon Slopes,fireside_or_conference_qa,2018-02-27 18:55:20+00:00,1622.0,1932.0,False,0.75
Uh3pFteCNl0,narayen,Shantanu Narayen,ADBE,Adobe CEO Shantanu Narayen: Breadth Of Portfolio And Innovation Led To Our Success | CNBC,CNBC,tv_interview,2018-03-16 22:25:54+00:00,538.0,11484.0,False,0.95
O7tGC0XgsO0,narayen,Shantanu Narayen,ADBE,"Interview with Shantanu Narayen, President & CEO, Adobe Systems Incorporated   YouTube",Barry Johnson,podcast_interview,2018-04-02 05:28:23+00:00,324.0,159.0,False,0.5
ZYfHLwwlyP0,narayen,Shantanu Narayen,ADBE,"Microsoft Ignite: Satya Nadella, Bill McDermott, And Shantanu Narayen",CNBC,panel,2018-09-24 16:09:33+00:00,842.0,15685.0,False,0.75
SEKxiiE88ss,narayen,Shantanu Narayen,ADBE,"Watch CNBC's full interview with Microsoft's Nadella, Adobe's Narayen and SAP's McDermott",CNBC Television,tv_interview,2018-09-24 16:09:35+00:00,855.0,7545.0,False,0.8
__SzxBg7Awc,narayen,Shantanu Narayen,ADBE,Watch CNBC's exclusive interview with Adobe CEO Shantanu Narayen,CNBC Television,tv_interview,2019-03-15 17:11:51+00:00,380.0,1447.0,False,0.95
HZJQ49h2h-s,narayen,Shantanu Narayen,ADBE,"How Adobe Reinvented Itself: Shantanu Narayen on Digital Transformation, Innovation, and Growth",Center for Digital Transformation | CDT,fireside_or_conference_qa,2019-04-22 22:37:52+00:00,1694.0,7366.0,False,0.8
otnu3xYiFQE,narayen,Shantanu Narayen,ADBE,Shantanu Narayen Interview,Center for Digital Transformation | CDT,podcast_interview,2019-05-15 21:43:00+00:00,288.0,3525.0,False,0.7
r2opk4QVV-w,narayen,Shantanu Narayen,ADBE,Watch CNBC's full interview with Adobe CEO Shantanu Narayen,CNBC Television,tv_interview,2019-06-19 16:17:49+00:00,568.0,4500.0,False,0.95
NuaO55fpiWg,narayen,Shantanu Narayen,ADBE,Adobe CEO Shantanu Narayen on company's quarterly earnings beat,CNBC Television,tv_interview,2019-06-19 16:24:50+00:00,205.0,795.0,False,0.95
U23MHUMPeFg,narayen,Shantanu Narayen,ADBE,Adobe CEO Shantanu Narayen says range of services is fueling software company's growth,CNBC Television,tv_interview,2019-09-17 23:20:16+00:00,466.0,2054.0,False,0.95
vb46oIG6LVc,narayen,Shantanu Narayen,ADBE,"SECNAV Guest Lecture - Shantanu Narayen, Chairman/CEO of Adobe (full)",Naval Postgraduate School,fireside_or_conference_qa,2019-10-03 21:45:04+00:00,3100.0,523.0,False,0.5
tvZ6vKKGPRY,narayen,Shantanu Narayen,ADBE,Adobe CEO Shantanu Narayen: We are a content company at our core,CNBC Television,tv_interview,2019-11-05 22:13:55+00:00,456.0,5633.0,False,0.95
TA_Iy1YZi-U,narayen,Shantanu Narayen,ADBE,"CNBC's full interview with Adobe CEO Shantanu Narayen on earnings, coronavirus",CNBC Television,tv_interview,2020-03-13 17:00:28+00:00,731.0,11702.0,False,0.95
TLubyaTbRbs,narayen,Shantanu Narayen,ADBE,Adobe CEO Shantanu Narayen on online spending trends during the Covid-19 pandemic,CNBC Television,tv_interview,2020-08-11 16:27:50+00:00,340.0,4939.0,False,0.95
wG3I0so96M4,narayen,Shantanu Narayen,ADBE,"Dean's Speaker Series - Shantanu Narayen, Chairman, President & CEO, Adobe",UC Berkeley Haas,fireside_or_conference_qa,2020-10-01 00:00:14+00:00,3164.0,2897.0,False,0.75
N4xqDdi7nvU,narayen,Shantanu Narayen,ADBE,Adobe CEO Shantanu Narayen speaks on a shifting digital landscape amid the coronavirus pandemic,Yahoo Finance,tv_interview,2020-10-26 14:44:17+00:00,1195.0,1715.0,False,0.9
2fLW2Gaw2Fg,narayen,Shantanu Narayen,ADBE,Adobe CEO Shantanu Narayen on FedEx partnership and data privacy,CNBC Television,tv_interview,2021-04-27 16:44:18+00:00,377.0,3751.0,True,0.95
0vSmAYS1TPc,narayen,Shantanu Narayen,ADBE,"In Conversation With Adobe's Shantanu Narayen On Digital, India Plans, Metaverse | Global Dialogues",CNBC-TV18,tv_interview,2022-08-19 13:23:14+00:00,2025.0,5665.0,False,0.9
4lTY0hmMXv4,narayen,Shantanu Narayen,ADBE,"Adobe's Shantanu Narayen On Market Uncertainty, India Plans, The Rise Of Indian CEOs & More",CNBC-TV18,tv_interview,2022-08-20 10:00:12+00:00,1475.0,542.0,False,0.9
x5hj3yiruDc,narayen,Shantanu Narayen,ADBE,"Adobe CEO Shantanu Narayen Speaks On Digital, India Plans, Metaverse & More | Global Dialogues",CNBC-TV18,tv_interview,2022-08-21 07:45:14+00:00,1478.0,751.0,False,0.9
mGBKqvXxGW0,narayen,Shantanu Narayen,ADBE,"Adobe CEO Shantanu Narayen Speaks On Digital, India Plans & Metaverse | Global Dialogues | EXCLUSIVE",CNBC-TV18,tv_interview,2022-08-21 17:30:10+00:00,1478.0,998.0,False,0.9
KT3kV7ZTO9I,narayen,Shantanu Narayen,ADBE,"Adobe CEO Shantanu Narayen Speaks On Adobe's Tryst With India, Metaverse & More | EXCLUSIVE",CNBC-TV18,tv_interview,2022-08-27 05:30:04+00:00,926.0,404.0,False,0.9
0-4w_VBenCs,narayen,Shantanu Narayen,ADBE,"Adobe's Shantanu Narayen On The Rise Of Indian Origin CEOs, India As A Product Nation & More",CNBC-TV18,tv_interview,2022-08-28 06:00:00+00:00,531.0,3013.0,False,0.9
jfU3DCH2gT4,narayen,Shantanu Narayen,ADBE,Shereen Bhan In Conversation With Chairman & CEO Of Adobe Shantanu Narayen | Global Dialogues,CNBC-TV18,tv_interview,2022-08-28 06:45:08+00:00,1459.0,769.0,False,0.9
8VueqAzXo1M,narayen,Shantanu Narayen,ADBE,Adobe CEO Shantanu Narayen breaks down $20 billion Figma acquisition,CNBC Television,tv_interview,2022-09-15 14:09:52+00:00,239.0,28525.0,False,0.95
WCGbaaw_Wso,narayen,Shantanu Narayen,ADBE,Adobe CEO Shantanu Narayen: We're looking to build this company for the long run,CNBC Television,tv_interview,2022-10-18 16:17:36+00:00,323.0,2927.0,False,0.95
TuBgMe5ZopM,narayen,Shantanu Narayen,ADBE,Adobe Systems CEO Shantanu Narayen Q&A | TiE Global Summit | N Business,NTV Business,fireside_or_conference_qa,2022-12-14 03:30:05+00:00,1141.0,201.0,False,0.7
cJz0cEdTv5E,narayen,Shantanu Narayen,ADBE,"Shantanu Narayen, Chairman and CEO of Adobe: People, Technology, and Creative Inspiration",Stanford Graduate School of Business,fireside_or_conference_qa,2023-04-19 00:51:39+00:00,3137.0,136974.0,False,0.9
Bu4XDh5HFEw,narayen,Shantanu Narayen,ADBE,Adobe CEO Shantanu Narayen on generative A.I. partnership with Google's Bard,CNBC Television,tv_interview,2023-05-15 15:15:04+00:00,390.0,11174.0,False,0.95
t3K67YIXFEs,narayen,Shantanu Narayen,ADBE,Adobe CEO Shantanu Narayen says Firefly A.I. is a 'creative co-pilot' for Photoshop users,CNBC Television,tv_interview,2023-05-23 20:56:07+00:00,307.0,7527.0,False,0.95
F5mDoS6z4AM,narayen,Shantanu Narayen,ADBE,LIVE | Adobe CEO Shantanu Narayen & Microsoft President Brad Smith at B20 Summit India EXCLUSIVE,CNBC-TV18,panel,2023-08-26 00:02:03+00:00,1666.0,687.0,False,0.7
Y5uNSIN0OiU,narayen,Shantanu Narayen,ADBE,"Too soon to rush into regulating Artificial Intelligence: Shantanu Narayen, CEO of Adobe Systems",The Economic Times,tv_interview,2023-08-26 00:30:31+00:00,1048.0,664.0,False,0.85
k44TLLWOhqA,narayen,Shantanu Narayen,ADBE,Adobe CEO Shantanu Narayen: We've seen resilience in both consumers and SMB continue through Q3,CNBC Television,tv_interview,2023-09-14 22:13:32+00:00,256.0,4636.0,True,0.95
bWuFe-pM13I,narayen,Shantanu Narayen,ADBE,The Moment with Ryan Patel: Featuring Adobe CEO Shantanu Narayen | HP,HP,podcast_interview,2023-10-26 12:30:21+00:00,401.0,647604.0,False,0.6
QbGk9C5GuDU,narayen,Shantanu Narayen,ADBE,Adobe CEO Shantanu Narayen goes one-on-one with Jim Cramer,CNBC Television,tv_interview,2023-12-14 00:38:36+00:00,548.0,15834.0,False,0.95
GZlrlkXftJs,narayen,Shantanu Narayen,ADBE,Adobe CEO Shantanu Narayen: Firefly adoption in Photoshop and Illustrator 'pretty good',CNBC Television,tv_interview,2024-03-14 21:34:31+00:00,325.0,19050.0,False,0.95
Ey0q5CmIV1E,narayen,Shantanu Narayen,ADBE,Shantanu Narayen - CEO of Adobe  | Podcast | In Good Company | Norges Bank Investment Management,Norges Bank Investment Management,podcast_interview,2024-06-05 05:00:11+00:00,3026.0,14853.0,False,0.9
II6_mHkHBiM,narayen,Shantanu Narayen,ADBE,CEO Shantanu Narayen On The Software Major's Road Ahead | The Adobe Exclusive | Young Turks,CNBC-TV18,tv_interview,2024-06-19 14:39:06+00:00,2219.0,3921.0,False,0.9
RsSdvcPNCZM,narayen,Shantanu Narayen,ADBE,A.I. Allows Creation Of Personalised Solutions For The Users: Adobe CEO Shantanu Narayen Exclusive,CNBC-TV18,tv_interview,2024-06-22 10:30:06+00:00,885.0,1274.0,False,0.9
B3cV4SZhjDY,narayen,Shantanu Narayen,ADBE,"Adobe CEO Shantanu Narayen On The Software Major's Stellar Q2, Road Ahead & More",CNBC-TV18,tv_interview,2024-06-23 17:00:07+00:00,2219.0,2774.0,False,0.9
85Hpl1j7Gzk,narayen,Shantanu Narayen,ADBE,Adobe CEO Shantanu Narayen: 'We had a very strong Q3 across all aspects of the business',CNBC Television,tv_interview,2024-09-12 21:32:56+00:00,213.0,5187.0,False,0.95
DSicPPB3yrA,narayen,Shantanu Narayen,ADBE,"2024 was a great year, strong close to Q4, says Adobe CEO Shantanu Narayen",CNBC Television,tv_interview,2024-12-11 21:59:52+00:00,252.0,6707.0,False,0.95
AoTwt6_1tR0,narayen,Shantanu Narayen,ADBE,Adobe CEO Shantanu Narayen: 'India Is A Key Innovation Hub With A Strong Talent Base' | Business,ET Now,tv_interview,2025-05-02 16:28:01+00:00,240.0,421.0,False,0.85
k8S7UCN4cBk,narayen,Shantanu Narayen,ADBE,"Stock weakness more about software sector overhang, says Adobe CEO Shantanu Narayen",CNBC Television,tv_interview,2025-10-29 14:31:25+00:00,290.0,20817.0,False,0.95
5b6pZ4Ja6qk,narayen,Shantanu Narayen,ADBE,"Fireside Chat: Adobe CEO Shantanu Narayen with Shri Nara Lokesh, IT Minister, AP",USISPF,fireside_or_conference_qa,2025-11-14 15:05:46+00:00,1163.0,61093.0,False,0.85
K0i79KZE7GA,narayen,Shantanu Narayen,ADBE,Presidential Lecture Series | Shantanu Narayen,Purdue University News,fireside_or_conference_qa,2026-03-26 18:36:48+00:00,3615.0,966.0,True,0.6
NVvYjtmPMqY,narayen,Shantanu Narayen,ADBE,Adobe CEO Shantanu Narayen: The bears have it all wrong on software,CNBC Television,tv_interview,2026-04-20 15:29:47+00:00,279.0,28066.0,False,0.95
NW1FqAZzCps,niccol_cmg,Brian Niccol,CMG,Chipotle CEO Brian Niccol: We Are Set Up To Innovate | CNBC,CNBC,tv_interview,2018-04-26 16:27:30+00:00,422.0,2607.0,False,0.9
QBF0vYptckc,niccol_cmg,Brian Niccol,CMG,Chipotle's New CEO Brian Niccol On His Turnaround Plans And His Favorite Order | CNBC,CNBC,tv_interview,2018-04-26 18:37:45+00:00,654.0,22257.0,False,0.9
Bqx5sKwW-fM,niccol_cmg,Brian Niccol,CMG,Chipotle CEO Brian Niccol on the company's digital growth,CNBC Television,tv_interview,2019-11-19 20:33:03+00:00,339.0,1869.0,False,0.9
apYynm4VACs,niccol_cmg,Brian Niccol,CMG,Watch CNBC's full interview with Chipotle CEO Brian Niccol,CNBC Television,tv_interview,2019-12-31 16:12:49+00:00,624.0,4051.0,False,0.9
0wpV7pl5z3U,niccol_cmg,Brian Niccol,CMG,Chipotle CEO Brian Niccol on what reopening will look like for the chain,ABC News,tv_interview,2020-05-08 05:28:24+00:00,272.0,10213.0,False,0.85
QpLHNmNUM0o,niccol_cmg,Brian Niccol,CMG,Chipotle CEO Brian Niccol on the company's digital sales,CNBC Television,tv_interview,2020-07-23 21:22:05+00:00,289.0,2925.0,True,0.9
PJRQZGmPjfE,niccol_cmg,Brian Niccol,CMG,"Brian Niccol, Chairman and CEO of Chipotle Mexican Grill",Goldman Sachs,fireside_or_conference_qa,2020-11-11 14:51:36+00:00,917.0,109434.0,False,0.85
ejE4Sf2TdiU,niccol_cmg,Brian Niccol,CMG,"Chipotle's long lines are back, but CEO Brian Niccol says strong demand is causing hiring challenges",Yahoo Finance,tv_interview,2021-06-02 16:22:00+00:00,590.0,4161.0,False,0.85
HuhSSz6pwSg,niccol_cmg,Brian Niccol,CMG,Chipotle CEO Brian Niccol discusses the path forward for restaurants (Full Stream 8/11),Washington Post Live,fireside_or_conference_qa,2021-08-11 16:07:23+00:00,1743.0,2762.0,True,0.9
vHyKxOXJ0sQ,niccol_cmg,Brian Niccol,CMG,"Brian Niccol, '03, Chairman and CEO of Chipotle Mexican Grill - Distinguished Speaker Series",The University of Chicago Booth School of Business,fireside_or_conference_qa,2022-01-20 23:32:12+00:00,3601.0,8014.0,False,0.8
_I3ERzyahyE,niccol_cmg,Brian Niccol,CMG,Chipotle CEO Brian Niccol’s Plan to Double the Business. Again. | Barron's Streetwise,Barron's,tv_interview,2023-07-11 13:59:06+00:00,807.0,1133.0,False,0.85
_vhy0qT8nsQ,niccol_cmg,Brian Niccol,CMG,"Q3 growth was driven by transactions and execution, says Chipotle CEO Brian Niccol",CNBC Television,tv_interview,2023-10-26 21:04:53+00:00,345.0,3791.0,False,0.9
UAfcpmjyAFs,niccol_cmg,Brian Niccol,CMG,Chipotle CEO Brian Niccol goes one-on-one with Jim Cramer,CNBC Television,tv_interview,2024-02-07 01:28:53+00:00,504.0,6796.0,False,0.9
ttok4nbEHBs,niccol_cmg,Brian Niccol,CMG,Chipotle CEO Brian Niccol Talks Year Ahead | Bloomberg Talks,Bloomberg Podcasts,tv_interview,2024-02-07 22:30:59+00:00,584.0,95.0,False,0.85
0j1Xgcx4CBg,niccol_cmg,Brian Niccol,CMG,Chipotle CEO Brian Niccol Talks Chicken Crisis | Bloomberg Talks,Bloomberg Podcasts,tv_interview,2024-04-26 02:15:29+00:00,569.0,100.0,False,0.85
Hx0Q3R8eLxU,niccol_cmg,Brian Niccol,CMG,Chipotle CEO Brian Niccol sits down with Jim Cramer,CNBC Television,tv_interview,2024-05-29 23:51:12+00:00,472.0,18977.0,False,0.9
akddi7tYIIs,niccol_cmg,Brian Niccol,CMG,Chipotle CEO Brian Niccol: Consumers continue to talk about tightening up,CNBC Television,tv_interview,2024-07-24 20:54:48+00:00,237.0,10013.0,True,0.9
borVasSx1ck,niccol_sbux,Brian Niccol,SBUX,Starbucks CEO Brian Niccol: Starting to see progress in our turnaround plan,CNBC Television,tv_interview,2025-01-29 15:24:55+00:00,402.0,22944.0,False,0.95
tIbpLe4DGEU,niccol_sbux,Brian Niccol,SBUX,Starbucks CEO Brian Niccol: Bringing the soul back to Starbucks | Rapid Response,Rapid Response,podcast_interview,2025-02-04 19:15:33+00:00,1587.0,21641.0,True,0.92
3DkxWWKXWIQ,niccol_sbux,Brian Niccol,SBUX,Leading Starbucks’ Next Chapter with CEO Brian Niccol | Sidekicks Conversations Ep. 21 | T-Mobile,T-Mobile,podcast_interview,2025-04-14 16:18:44+00:00,995.0,18253.0,False,0.85
nDn9gWgvmpw,niccol_sbux,Brian Niccol,SBUX,Starbucks CEO Brian Niccol: We’re definitely going to be a long-term player in China,CNBC Television,tv_interview,2025-04-30 13:53:11+00:00,402.0,12715.0,False,0.95
EWj7HykbYyg,niccol_sbux,Brian Niccol,SBUX,Starbucks CEO Brian Niccol: We want to build back a better Starbucks,CNBC Television,tv_interview,2025-07-30 13:46:49+00:00,378.0,19334.0,False,0.95
zoUp3770jd8,niccol_sbux,Brian Niccol,SBUX,Back to Starbucks: CEO Brian Niccol on his first year leading the company's reset,CNBC Television,tv_interview,2025-09-09 13:53:05+00:00,546.0,48520.0,True,0.95
XetnzQxDu6U,niccol_sbux,Brian Niccol,SBUX,"As we continue to make progress, the stock will take care of itself, says Starbucks CEO Brain Niccol",CNBC Television,tv_interview,2025-10-15 23:48:18+00:00,780.0,107112.0,False,0.95
w4s-EK4DINg,niccol_sbux,Brian Niccol,SBUX,Starbucks Chairman & CEO Brian Niccol Talks Turnaround Plan | Bloomberg Talks,Bloomberg Podcasts,tv_interview,2025-10-30 20:57:16+00:00,724.0,493.0,False,0.85
hmUVbTq43js,niccol_sbux,Brian Niccol,SBUX,How CEO Brian Niccol Plans to Restore the ‘Soul’ of Starbucks | WSJ Leadership Institute,WSJ Events,fireside_or_conference_qa,2025-12-29 10:01:30+00:00,1564.0,38833.0,False,0.93
daRfE6AzmYY,niccol_sbux,Brian Niccol,SBUX,"Starbucks CEO Brian Niccol Talks Earnings, Growth, Unions | Bloomberg Talks",Bloomberg Podcasts,tv_interview,2026-01-30 19:11:24+00:00,1202.0,267.0,False,0.85
N8MajsPAEpk,niccol_sbux,Brian Niccol,SBUX,Starbucks CEO Brian Niccol on Leading Through Turnarounds | The CEO Signal,Semafor,podcast_interview,2026-03-19 09:00:30+00:00,2833.0,71329.0,False,0.93
ugIS3qcngx0,niccol_sbux,Brian Niccol,SBUX,Starbucks CEO Brian Niccol on Nashville corporate expansion,KING 5 Seattle,tv_interview,2026-04-21 14:39:40+00:00,285.0,2225.0,False,0.75
TWAV3XzprSU,niccol_sbux,Brian Niccol,SBUX,Starbucks CEO Brian Niccol: Working to see how we can be sharper on cost side of things,CNBC Television,tv_interview,2026-04-29 14:51:35+00:00,249.0,8410.0,False,0.95
V2EMBVlYTAE,niccol_sbux,Brian Niccol,SBUX,"Starbucks Chairman & CEO Brian Niccol Talks Company Turnaround, Growth Outlook | Bloomberg Talks",Bloomberg Podcasts,tv_interview,2026-04-29 16:01:53+00:00,1195.0,396.0,False,0.85
nLSvBJLXKcE,niccol_sbux,Brian Niccol,SBUX,Starbucks CEO Brian Niccol on Q3 earnings,CNBC Television,tv_interview,2026-07-30 14:59:09+00:00,180.0,4059.0,False,0.9
kgrcpTxTIb0,niccol_sbux,Brian Niccol,SBUX,"Starbucks CEO Brian Niccol Talks Strong Sales, Earnings | Bloomberg Talks",Bloomberg Podcasts,tv_interview,2026-07-30 15:44:58+00:00,659.0,508.0,False,0.85
kJxONRGhEPs,niccol_sbux,Brian Niccol,SBUX,"'The shine is back on Starbucks,' says CEO Brian Niccol",CNBC Television,tv_interview,2026-09-10 15:18:22+00:00,285.0,25663.0,False,0.95
jIezWS5vB0A,prince,Matthew Prince,NET,From Startup Battlefield to IPO with Matthew Prince (Cloudflare),TechCrunch,fireside_or_conference_qa,2019-12-22 02:30:13+00:00,1265.0,3276.0,True,0.93
63IjxNgxqw0,prince,Matthew Prince,NET,Zero to IPO in a Downturn with Matthew Prince,Pear VC,fireside_or_conference_qa,2020-04-28 23:38:33+00:00,3626.0,695.0,False,0.93
anZ0oAMRBcc,prince,Matthew Prince,NET,Copenhagen Democracy Summit - Democracy and Responsible Business with Matthew Prince,Alliance Of Democracies,fireside_or_conference_qa,2020-06-23 12:01:03+00:00,1129.0,78.0,False,0.8
0ZbOoangGz8,prince,Matthew Prince,NET,Cloudflare CEO Matthew Prince on the company's earnings and outlook,CNBC Television,tv_interview,2020-08-10 16:33:21+00:00,245.0,6684.0,False,0.97
U4X0yqPSdDc,prince,Matthew Prince,NET,BreakLine Speaker Series: Matthew Prince,BreakLine Education,fireside_or_conference_qa,2021-03-01 06:46:18+00:00,3333.0,128.0,False,0.85
ANkmktYsKBM,prince,Matthew Prince,NET,PTC'21 — Fireside Chat with Cloudflare CEO Matthew Prince,PTC,fireside_or_conference_qa,2021-03-02 01:54:08+00:00,2139.0,3038.0,False,0.95
ydA6t3OZfxk,prince,Matthew Prince,NET,Cloudflare CEO Matthew Prince on the rising risk of cyber attacks,CNBC Television,tv_interview,2021-05-10 16:12:52+00:00,319.0,4380.0,True,0.97
QlqM_nCVciQ,prince,Matthew Prince,NET,Fireside chat: Matthew Prince and Joyce Hakmeh,Access Now,fireside_or_conference_qa,2021-06-07 20:16:32+00:00,3834.0,420.0,False,0.93
30QNAMBdkbc,prince,Matthew Prince,NET,Interview: Matthew Prince with Eric Goldman,Knight Foundation,fireside_or_conference_qa,2021-10-26 17:50:48+00:00,3419.0,1017.0,False,0.9
2mHDmc05iN8,prince,Matthew Prince,NET,"We're not out of the woods yet from potential cyber attacks, says Cloudflare's Prince",CNBC Television,tv_interview,2022-03-28 16:20:27+00:00,303.0,2607.0,False,0.97
e99v_LbI6Dw,prince,Matthew Prince,NET,"Annual plans allow Cloudflare to have more free cash flow up-front, says CEO Matthew Prince",CNBC Television,tv_interview,2022-12-14 17:47:05+00:00,333.0,3012.0,False,0.97
By4IWzdeiRM,prince,Matthew Prince,NET,Cloudflare CEO Matthew Prince: Congress should watch A.I. carefully but move slowly on regulation,CNBC Television,tv_interview,2023-05-16 22:02:41+00:00,339.0,3159.0,False,0.97
T9WZJfdRXqc,prince,Matthew Prince,NET,"A.I. is a trend that will stick with us for quite some time, says CloudFlare CEO Matthew Prince",CNBC Television,tv_interview,2023-08-04 21:37:11+00:00,306.0,5866.0,True,0.97
eXq_IRcykao,prince,Matthew Prince,NET,Matthew Prince: The Two Biggest Mistakes Every Founder Makes | E1072,20VC with Harry Stebbings,podcast_interview,2023-10-16 12:23:28+00:00,4033.0,8179.0,False,0.97
62JRLrd_Ng4,prince,Matthew Prince,NET,#1 Mistake to Avoid When Picking Your Co-Founder -- Cloudflare CEO Matthew Prince,20VC with Harry Stebbings,podcast_interview,2023-10-21 20:40:25+00:00,244.0,531.0,True,0.8
wIfRA28CRio,prince,Matthew Prince,NET,#1 Mistake To Avoid When Picking Your Co-Founder -- Cloudflare CEO Matthew Prince,20VC with Harry Stebbings,podcast_interview,2023-10-26 14:00:42+00:00,564.0,628.0,False,0.8
fJC5A8HQdzU,prince,Matthew Prince,NET,How We Turned a Side Project Into a $20B Company -- Cloudflare CEO Matthew Prince,20VC with Harry Stebbings,podcast_interview,2023-11-30 13:00:38+00:00,242.0,1036.0,False,0.8
ZVWxDPqaMi4,prince,Matthew Prince,NET,Cloudflare CEO Matthew Prince talks earnings and impact of Trump presidency on cyber security,CNBC Television,tv_interview,2024-11-08 22:39:53+00:00,323.0,4956.0,False,0.97
H5C9EL3C82Y,prince,Matthew Prince,NET,Axios’ Sara Fischer in conversation with Cloudflare’s Matthew Prince,Axios and Axios Live,fireside_or_conference_qa,2025-06-20 22:20:53+00:00,1033.0,21902.0,False,0.95
I5m27tO78Ek,prince,Matthew Prince,NET,Cloudflare Turns 15: The Origin Story with Michelle Zatlyn & Matthew Prince,Cloudflare,fireside_or_conference_qa,2025-09-23 11:00:06+00:00,2974.0,7347.0,False,0.8
OLm5IP6UyYs,prince,Matthew Prince,NET,Matthew Prince (Co-founder & CEO of Cloudflare),The Slow Hunch,podcast_interview,2025-09-24 13:06:51+00:00,4496.0,876.0,False,0.93
lozF4v7qF3c,prince,Matthew Prince,NET,Cloudflare CEO Prince on Security and Internet Future,Bloomberg Live,tv_interview,2025-10-21 18:24:23+00:00,866.0,4600.0,False,0.97
8vEdN-RfIMc,prince,Matthew Prince,NET,Cloudflare’s Matthew Prince: The internet is breaking. So what’s next? | Rapid Response,Rapid Response and 2 more,podcast_interview,2026-03-31 23:31:01+00:00,1939.0,2185.0,False,0.93
kq0h0vFCq_E,robbins,Chuck Robbins,CSCO,Cisco CEO Robbins on Strategic Partnerships,Bloomberg Originals,tv_interview,2016-01-22 16:23:47+00:00,339.0,2862.0,False,0.9
eOep_RSveLg,robbins,Chuck Robbins,CSCO,Exclusive: Video Interview With Cisco CEO Chuck Robbins,Light Reading Video,tv_interview,2016-02-25 17:16:39+00:00,1253.0,252.0,False,0.85
Gafj_eOMlo4,robbins,Chuck Robbins,CSCO,Cisco Systems CEO Chuck Robbins: Managing Globally | Mad Money | CNBC,CNBC,tv_interview,2016-06-27 14:29:54+00:00,495.0,906.0,False,0.95
qPkLVjPVJXI,robbins,Chuck Robbins,CSCO,Cisco Systems CEO Chuck Robbins: Transforming Growth | Mad Money | CNBC,CNBC,tv_interview,2016-09-30 14:10:58+00:00,619.0,5706.0,False,0.95
0Hdc6CFx0D0,robbins,Chuck Robbins,CSCO,Cisco CEO Chuck Robbins: Software Strategy,Joe Panettieri,tv_interview,2016-11-08 05:54:39+00:00,202.0,788.0,True,0.6
9LUDotbUS6I,robbins,Chuck Robbins,CSCO,Cisco SDN Strategy: CEO Chuck Robbins,Joe Panettieri,tv_interview,2016-11-08 06:20:03+00:00,270.0,378.0,True,0.6
l2G_hc14eY0,robbins,Chuck Robbins,CSCO,CEO Chat With Cisco's Chuck Robbins,Light Reading Video,tv_interview,2017-03-01 10:29:52+00:00,699.0,8479.0,False,0.8
i24Cg1MjQpM,robbins,Chuck Robbins,CSCO,"Cisco CEO Robbins on $25B Buyback, Tax Reform",Bloomberg Tech,tv_interview,2018-02-15 15:50:00+00:00,374.0,820.0,False,0.95
RUUoaO2W6KI,robbins,Chuck Robbins,CSCO,POWER TALK | CISCO Chairman Chuck Robbins Exclusive Interview | CNBC TV18,CNBC-TV18,tv_interview,2018-04-26 16:19:22+00:00,1515.0,1105.0,False,0.95
UGiv4vcs3nM,robbins,Chuck Robbins,CSCO,Tamron Hall Fireside Chat with Cisco CEO Chuck Robbins at the NPower 2017 Gala,NPower,fireside_or_conference_qa,2018-06-15 18:25:42+00:00,735.0,442.0,False,0.85
Syn2lkQyG4w,robbins,Chuck Robbins,CSCO,Cisco CEO Robbins Sees Resilient Global Economy,Bloomberg Television,tv_interview,2018-10-17 18:34:11+00:00,298.0,1070.0,False,0.95
QlgKm8XSXzk,robbins,Chuck Robbins,CSCO,Cisco CEO Chuck Robbins on U.S.-China trade affects,CNBC Television,tv_interview,2019-02-08 14:22:37+00:00,631.0,1506.0,False,0.95
KAcumkRjbBo,robbins,Chuck Robbins,CSCO,Cisco CEO Chuck Robbins: 25% tariffs can significantly impact our business,CNBC Television,tv_interview,2019-02-08 14:32:42+00:00,220.0,322.0,False,0.95
HEbhTaTBNy8,robbins,Chuck Robbins,CSCO,Cisco CEO Chuck Robbins addresses Morgan Stanley downgrade,CNBC Television,tv_interview,2019-02-14 15:19:58+00:00,218.0,545.0,False,0.95
shew4Grlqj8,robbins,Chuck Robbins,CSCO,"Cisco CEO Chuck Robbins on Q2 results, 5G, China trade and much more",CNBC Television,tv_interview,2019-02-14 15:25:52+00:00,550.0,1994.0,False,0.95
Jz9jT-TLsOs,robbins,Chuck Robbins,CSCO,Cisco CEO Chuck Robbins on Brexit,CNBC Television,tv_interview,2019-02-26 20:08:49+00:00,306.0,651.0,True,0.95
_eGYhg1r6Fw,robbins,Chuck Robbins,CSCO,"Cisco CEO Chuck Robbins On Security, Privacy And Success",CRN,tv_interview,2019-03-28 17:13:13+00:00,185.0,159.0,False,0.6
dD9AZDBMFC4,robbins,Chuck Robbins,CSCO,"Cisco CEO, Chuck Robbins, on leadership in the era of digital shift to CNBCTV18",Cisco India,tv_interview,2019-07-04 09:30:00+00:00,1397.0,196.0,False,0.7
d6Jk8o-mWvQ,robbins,Chuck Robbins,CSCO,CEO Chuck Robbins breaks down Cisco's exposure to the trade war,CNBC Television,tv_interview,2019-08-15 14:49:55+00:00,185.0,849.0,False,0.95
gJAldnoNcpw,robbins,Chuck Robbins,CSCO,"Cisco CEO Chuck Robbins on earnings, China trade, buybacks and more",CNBC Television,tv_interview,2019-08-15 15:09:29+00:00,662.0,12133.0,False,0.95
xbKF3pHT3MA,robbins,Chuck Robbins,CSCO,"Cisco CEO Chuck Robbins on earnings, China trade, 5G and more",CNBC Television,tv_interview,2019-11-14 15:27:53+00:00,635.0,8826.0,False,0.95
Dm83K_a7iGk,robbins,Chuck Robbins,CSCO,Watch CNBC's full interview with Cisco CEO Chuck Robbins at Davos,CNBC Television,tv_interview,2020-01-21 12:19:59+00:00,586.0,2729.0,False,0.95
ZG0mlsoffDY,robbins,Chuck Robbins,CSCO,"Cisco Saw a 'Shallow Pause' From China, Brexit Tensions: CEO Robbins",Bloomberg Television,tv_interview,2020-01-21 15:52:08+00:00,453.0,632.0,False,0.95
wNDPs3xQKAE,robbins,Chuck Robbins,CSCO,Cisco CEO Chuck Robbins on operating a tech company during a pandemic,CNBC Television,tv_interview,2020-07-01 14:16:05+00:00,364.0,3962.0,False,0.95
09GRcaIBTdc,robbins,Chuck Robbins,CSCO,"Looking AHEAD Video Podcast: Episode 2, Featuring Cisco CEO Chuck Robbins",AHEAD ,podcast_interview,2020-07-17 19:16:21+00:00,1573.0,98.0,False,0.8
dgySEYuTH9M,robbins,Chuck Robbins,CSCO,July 24: CEO Conversation with Cisco's Chuck Robbins & Francine Katsoudas,Great Place To Work,fireside_or_conference_qa,2020-07-24 23:43:42+00:00,3466.0,1532.0,False,0.85
YKMSpINd4hg,robbins,Chuck Robbins,CSCO,Cisco CEO Robbins on Mental Health in the Workplace,Bloomberg Live,fireside_or_conference_qa,2020-09-23 22:28:09+00:00,1220.0,331.0,False,0.9
B3O1olUdTLI,robbins,Chuck Robbins,CSCO,Organizational Resilience - Cisco's Chuck Robbins & Francine Katsoudas at CNBC @Work Summit,CNBC Events,fireside_or_conference_qa,2020-10-07 01:01:59+00:00,1385.0,736.0,False,0.85
Q-6Q40bliwI,robbins,Chuck Robbins,CSCO,"Cisco CEO Chuck Robbins on Q1 earnings, remote work, outlook and more",CNBC Television,tv_interview,2020-11-13 15:25:28+00:00,268.0,4317.0,False,0.95
MQIQgqhiAy8,robbins,Chuck Robbins,CSCO,Cisco CEO Chuck Robbins on Keeping Employees Engaged Right Now,Harvard Business Review,fireside_or_conference_qa,2020-11-17 19:25:08+00:00,2691.0,4323.0,False,0.85
mLUPv_yscLA,robbins,Chuck Robbins,CSCO,Cisco CEO Robbins on What's Ahead for Tech Under Biden,Bloomberg Tech,tv_interview,2021-01-13 23:26:04+00:00,470.0,2409.0,True,0.9
R9Ngwv76LVU,robbins,Chuck Robbins,CSCO,Cisco CEO Chuck Robbins discusses new deal with Acacia Communications,Yahoo Finance,tv_interview,2021-01-14 16:48:09+00:00,689.0,1893.0,False,0.95
5mHupwmRiY4,robbins,Chuck Robbins,CSCO,"Cisco CEO Robbins on Future of Workplaces, Next-Gen Tech",Bloomberg Live,fireside_or_conference_qa,2021-01-27 21:39:59+00:00,1083.0,933.0,False,0.9
MteDt7u52uQ,robbins,Chuck Robbins,CSCO,The Path Forward: Cisco Chair & CEO Chuck Robbins on America's digital infrastructure (Full Stream),Washington Post Live,fireside_or_conference_qa,2021-06-16 13:40:32+00:00,1936.0,782.0,False,0.95
I1v5m1rUOTM,robbins,Chuck Robbins,CSCO,Cisco CEO Chuck Robbins: There are a lot of great transitions that are in our favor now,CNBC Television,tv_interview,2021-08-19 15:00:54+00:00,195.0,5953.0,False,0.95
dE1NPtDwnNQ,robbins,Chuck Robbins,CSCO,Cisco SDN Strategy: Cisco CEO Chuck Robbins Explains,ChannelE2E - A CRA Resource,tv_interview,2021-09-26 21:19:17+00:00,270.0,85.0,True,0.55
-oRR5jQ0d3w,robbins,Chuck Robbins,CSCO,Cisco Systems' Software Strategy: Cisco CEO Chuch Robbins Explains At Partner Summit,ChannelE2E - A CRA Resource,tv_interview,2021-09-26 21:24:33+00:00,202.0,50.0,False,0.55
VJkhOhyqC1g,robbins,Chuck Robbins,CSCO,Cisco CEO Robbins on global chip shortage: We have a ways to go,CNBC Television,tv_interview,2021-10-26 14:15:34+00:00,267.0,5927.0,False,0.95
Vi8ntg2GTxw,robbins,Chuck Robbins,CSCO,Cisco CEO Robbins on Year Ahead in Tech,Bloomberg Live,fireside_or_conference_qa,2022-01-19 21:39:10+00:00,1209.0,894.0,False,0.9
bcJf3xbdYyo,robbins,Chuck Robbins,CSCO,"Cisco CEO Chuck Robbins breaks down weak revenue outlook, China shortages",CNBC Television,tv_interview,2022-05-19 15:04:00+00:00,251.0,11144.0,False,0.95
9cPtneAFJM0,robbins,Chuck Robbins,CSCO,Cisco CEO Chuck Robbins: Predictability is returning now that supply chains are stabilizing,CNBC Television,tv_interview,2022-08-18 14:41:43+00:00,220.0,2531.0,False,0.95
hvBwYPhUMPA,robbins,Chuck Robbins,CSCO,Watch CNBC's full interview with Cisco CEO Chuck Robbins,CNBC Television,tv_interview,2022-10-25 19:14:09+00:00,846.0,5577.0,False,0.95
iwN3NQafSmg,robbins,Chuck Robbins,CSCO,Cisco CEO Chuck Robbins: We are now at a point where 44% of our revenue is recurring,CNBC Television,tv_interview,2023-02-16 15:23:54+00:00,304.0,6099.0,True,0.95
cIPFo9cYhRI,robbins,Chuck Robbins,CSCO,Cisco Targets $1 Bn Revenue From Its Chennai Mfg Plant | Cisco CEO Chuck Robbins Exclusive,CNBC-TV18,tv_interview,2023-05-10 10:16:07+00:00,314.0,3434.0,False,0.95
yKU7zkldMUw,robbins,Chuck Robbins,CSCO,CNBC-TV18 LIVE | Shereen Bhan In Conversation With Cisco'sChuck Robbins | Global Dialogues,CNBC-TV18,tv_interview,2023-05-11 00:29:16+00:00,1481.0,1050.0,False,0.9
WysbVPMQ91U,robbins,Chuck Robbins,CSCO,"Chuck Robbins, Chair and CEO, Cisco I I Addressing Media at New Delhi",Techbiz TV,tv_interview,2023-05-11 12:07:38+00:00,414.0,129.0,False,0.55
xngY4dWC6-Q,robbins,Chuck Robbins,CSCO,Cisco Global CEO Chuck Robbins Speaks On Growth & Investment Opportunities In India | CNBC-TV18,CNBC-TV18,tv_interview,2023-05-13 07:45:10+00:00,1421.0,334.0,False,0.95
zEPUf0OxpMA,robbins,Chuck Robbins,CSCO,"India, Natural Place For Cisco To Invest Next Few Years: Cisco Chuck Robbins Exclusive | CNBC-TV18",CNBC-TV18,tv_interview,2023-05-14 09:52:13+00:00,721.0,1210.0,False,0.95
TV3njg8HzAQ,robbins,Chuck Robbins,CSCO,Cisco Global CEO Chuck Robbins Speaks On Tech & The Geopolitical Landscape | CNBC-TV18,CNBC-TV18,tv_interview,2023-05-14 10:19:06+00:00,706.0,889.0,False,0.95
sjxc6NXZEn4,robbins,Chuck Robbins,CSCO,Cisco Chairman and CEO Mr Chuck Robbins exclusive interview to PTI,PTI News,tv_interview,2023-05-17 07:50:12+00:00,861.0,756.0,False,0.85
Xl9RWLnVJrc,robbins,Chuck Robbins,CSCO,Principals Live with Cisco Chair and CEO Chuck Robbins | Semafor,Semafor Events,fireside_or_conference_qa,2023-06-13 14:18:50+00:00,2566.0,1510.0,False,0.95
7xcStnd38Jw,robbins,Chuck Robbins,CSCO,Cisco CEO Chuck Robbins on outlook: We are well-positioned for the next A.I. phase,CNBC Television,tv_interview,2023-08-17 14:36:42+00:00,407.0,14173.0,False,0.95
KDYKGE6f8Pw,robbins,Chuck Robbins,CSCO,Cisco CEO Chuck Robbins on Splunk acquisition: Deal will add $4 billion in annual recurring revenue,CNBC Television,tv_interview,2023-09-21 14:25:32+00:00,441.0,20634.0,False,0.95
VbNc8LBYtJw,robbins,Chuck Robbins,CSCO,Cisco CEO Chuck Robbins talks quarterly results with Jim Cramer,CNBC Television,tv_interview,2024-02-15 01:10:22+00:00,462.0,13060.0,False,0.95
O2TArZL51BE,robbins,Chuck Robbins,CSCO,"Cisco CEO Chuck Robbins on state of the economy, impact of regulations and U.S. trade policies",CNBC Television,tv_interview,2024-03-07 15:00:33+00:00,414.0,2343.0,False,0.95
v8v3TRgNtgM,robbins,Chuck Robbins,CSCO,Cisco CEO Chuck Robbins: $28 billion Splunk deal will be a significant financial growth driver,CNBC Television,tv_interview,2024-03-18 14:42:58+00:00,507.0,19643.0,True,0.95
Ntlfi_vHDvM,robbins,Chuck Robbins,CSCO,"Cisco CEO Chuck Robbins, Former Splunk CEO Gary Steele Talk Cisco/Splunk Deal | Bloomberg Talks",Bloomberg Podcasts,tv_interview,2024-03-18 16:16:17+00:00,548.0,243.0,False,0.85
zIfWcSdpH5w,robbins,Chuck Robbins,CSCO,LIVE: More Excited About India Than Ever Before: CISCO CEO Chuck Robbins | Global Dialogues,CNBC-TV18,tv_interview,2024-09-27 23:24:31+00:00,1096.0,1125.0,False,0.9
MV7QOqBNjBs,robbins,Chuck Robbins,CSCO,"Cisco CEO Chuck Robbins Praises India's Telecom Boom & 5G Leadership, Highlights 6G Ambitions",CNBC-TV18,tv_interview,2024-09-29 16:30:07+00:00,1100.0,1306.0,False,0.9
VoT_4PEh15w,robbins,Chuck Robbins,CSCO,The View from Davos with Cisco's Chuck Robbins,Six Five Media,tv_interview,2025-01-27 20:41:12+00:00,478.0,68381.0,True,0.8
X0QyREoybbY,robbins,Chuck Robbins,CSCO,Cisco CEO Chuck Robbins and Nvidia CEO Jensen Huang sit down with Jim Cramer,CNBC Television,tv_interview,2025-03-21 00:26:41+00:00,654.0,108101.0,False,0.9
CZFHwzN3dIQ,robbins,Chuck Robbins,CSCO,Cisco CEO Chuck Robbins Talks Earnings | Bloomberg Talks,Bloomberg Podcasts,tv_interview,2025-08-14 19:53:37+00:00,581.0,88.0,False,0.9
nHffum-gync,robbins,Chuck Robbins,CSCO,Cisco CEO Chuck Robbins Talks Earnings | Bloomberg Talks,Bloomberg Podcasts,tv_interview,2025-11-13 23:39:34+00:00,465.0,132.0,False,0.9
YaG8KMSXqUs,robbins,Chuck Robbins,CSCO,"Closing Remarks hosted by Jon Fortt, Anchor, CNBC | Chuck Robbins & Jeetu Patel, Cisco",Cisco,fireside_or_conference_qa,2026-02-08 01:12:43+00:00,946.0,11047.0,False,0.6
Sca6pervFaU,robbins,Chuck Robbins,CSCO,Cisco CEO Chuck Robbins wants data centers in space | Decoder,Decoder with Nilay Patel and The Verge,podcast_interview,2026-04-06 13:00:49+00:00,3083.0,8001.0,False,0.95
JjxfeX9CXVE,robbins,Chuck Robbins,CSCO,Cisco CEO Chuck Robbins at Semafor World Economy,Semafor Events,fireside_or_conference_qa,2026-04-29 15:08:05+00:00,969.0,183.0,False,0.9
iSzmKhhZbrQ,robbins,Chuck Robbins,CSCO,Cisco CEO Chuck Robbins: There's a networking supercycle that we're entering right now,CNBC Television,tv_interview,2026-05-14 14:00:51+00:00,524.0,20754.0,False,0.95
hMr00er41F8,robbins,Chuck Robbins,CSCO,Cisco CEO Chuck Robbins on Q4 results: All areas of our business have tailwinds right now,CNBC Television,tv_interview,2026-08-13 14:13:03+00:00,488.0,12474.0,False,0.95
riq9DzV2veY,schulman,Dan Schulman,PYPL,Paypal CEO Dan Schulman: Playing The Payment Space | Mad Money | CNBC,CNBC,tv_interview,2016-02-04 00:55:41+00:00,460.0,3803.0,False,0.9
-w5n1YOjliQ,schulman,Dan Schulman,PYPL,PayPal CEO Dan Schulman: The Spirit Of Giving | Mad Money | CNBC,CNBC,tv_interview,2016-11-29 17:59:02+00:00,533.0,2037.0,False,0.9
xLIkw-WA2po,schulman,Dan Schulman,PYPL,A Conversation With Dan Schulman,Council on Foreign Relations,fireside_or_conference_qa,2017-04-12 14:08:11+00:00,3449.0,879.0,False,0.9
fsQm7n3kwqc,schulman,Dan Schulman,PYPL,PayPal CEO Dan Schulman: Digitizing Money | Mad Money | CNBC,CNBC,tv_interview,2017-05-03 15:01:56+00:00,545.0,6441.0,False,0.9
4q_jVu5T80g,schulman,Dan Schulman,PYPL,Talks at GS – Dan Schulman: The Democratization of Finance,Goldman Sachs,fireside_or_conference_qa,2017-08-10 13:46:44+00:00,1153.0,176901.0,False,0.8
SlbHgig5oso,schulman,Dan Schulman,PYPL,CEO Interview: The future of finance with Dan Schulman,Economist Enterprise – Events,fireside_or_conference_qa,2017-10-10 16:01:37+00:00,1302.0,1229.0,False,0.85
nNaOii_8l9s,schulman,Dan Schulman,PYPL,Chris Brummer Interviews Paypal CEO Daniel Schulman,Chris Brummer,podcast_interview,2017-12-15 15:00:59+00:00,2072.0,286.0,False,0.85
nTIuqoBRaX4,schulman,Dan Schulman,PYPL,PayPal CEO Dan Schulman: We're Seeing A Massive Move Towards Mobile Payments | CNBC,CNBC,tv_interview,2018-01-23 17:48:17+00:00,294.0,3229.0,False,0.9
N_ZDmwuFNQo,schulman,Dan Schulman,PYPL,Taking A Stand: Paypal CEO Dan Schulman at NEXUS Global,NEXUS Global,fireside_or_conference_qa,2018-09-07 18:46:34+00:00,825.0,934.0,False,0.6
60VHkUoViGo,schulman,Dan Schulman,PYPL,PayPal CEO Dan Schulman On Closing The Pay Gap,CNBC Make It,tv_interview,2019-03-26 01:00:00+00:00,206.0,4546.0,False,0.8
Q06HWJmPpZA,schulman,Dan Schulman,PYPL,The Future of Payments Ft. Dan Schulman and Brad Garlinghouse,Bank Policy Institute,fireside_or_conference_qa,2019-04-03 20:29:32+00:00,1930.0,25396.0,False,0.8
iC6huMNjmsM,schulman,Dan Schulman,PYPL,Talking Leadership with Dan Schulman and Jennifer Tescher,Financial Health Network,fireside_or_conference_qa,2019-07-23 20:08:00+00:00,2025.0,366.0,False,0.8
JO6dMPYhtPE,schulman,Dan Schulman,PYPL,CNBC's full interview with billionaire Paul Tudor Jones and PayPal CEO Dan Schulman,CNBC Television,tv_interview,2019-11-13 15:42:33+00:00,1470.0,40908.0,True,0.9
nAM9uKJpDxM,schulman,Dan Schulman,PYPL,Watch CNBC's full interview with PayPal CEO Dan Schulman at Davos,CNBC Television,tv_interview,2020-01-23 21:26:51+00:00,309.0,6667.0,False,0.9
v1_sTe_h7HU,schulman,Dan Schulman,PYPL,"Ideas for Tomorrow | Dan Schulman, President and CEO of PayPal",Cleveland Clinic,fireside_or_conference_qa,2020-03-11 13:38:04+00:00,3717.0,2547.0,False,0.75
GZqREmD4SkA,schulman,Dan Schulman,PYPL,PayPal CEO Dan Schulman on supporting small businesses on its platform,CNBC Television,tv_interview,2020-03-31 14:53:10+00:00,629.0,3689.0,False,0.9
AclRUfUD9ms,schulman,Dan Schulman,PYPL,"In Conversation with Dan Schulman, CEO, PayPal",Operation HOPE,fireside_or_conference_qa,2020-10-23 17:58:43+00:00,1308.0,281.0,False,0.8
L8qqE5JgnZc,schulman,Dan Schulman,PYPL,PayPal CEO Dan Schulman on How Impact Employers Support Their People,Jobs for the Future,fireside_or_conference_qa,2021-02-12 15:18:32+00:00,1358.0,1537.0,False,0.75
Zc83U54i27E,schulman,Dan Schulman,PYPL,Social Activism at Work with Dan Schulman Ep1 | The Inflection Point | Salesforce,Salesforce,podcast_interview,2021-04-08 17:00:27+00:00,1465.0,1088953.0,False,0.8
KmPNKKGzWiQ,schulman,Dan Schulman,PYPL,Why a company’s future depends on putting its employees first with Dan Schulman | The TED Interview,TED Podcasts,podcast_interview,2021-06-30 18:02:00+00:00,2450.0,250.0,False,0.9
8089MkXjAf4,schulman,Dan Schulman,PYPL,"[EN] BSV 2021 | Superapps and the future of payments, with Dan Schulman (CEO at Paypal)",Brazil at Silicon Valley,fireside_or_conference_qa,2021-08-11 23:08:28+00:00,3595.0,1860.0,True,0.75
tRB6cnG5gPA,schulman,Dan Schulman,PYPL,A Conversation with PayPal CEO Dan Schulman,Operation HOPE,fireside_or_conference_qa,2021-10-23 13:24:20+00:00,1143.0,2680.0,False,0.8
_3wx9E8em_c,schulman,Dan Schulman,PYPL,"Capitalism Needs an Upgrade: A Conversation with Dan Schulman, CEO of PayPal",Brown Advisory,fireside_or_conference_qa,2021-10-28 12:25:21+00:00,3094.0,81.0,False,0.8
suCfnosqomY,schulman,Dan Schulman,PYPL,How we can Actually Pay People Enough—with Paypal CEO Dan Schulman | TED Business,TED Podcasts,podcast_interview,2022-02-28 16:30:11+00:00,1243.0,1047.0,False,0.85
YKWtZkzjApc,schulman,Dan Schulman,PYPL,"Dean's Speaker Series | Dan Schulman, President & CEO, PayPal",UC Berkeley Haas,fireside_or_conference_qa,2022-03-01 21:44:49+00:00,3442.0,2277.0,False,0.85
KWiH3LmN9VQ,schulman,Dan Schulman,PYPL,"Leadership in Challenging Times: A Conversation with Dan Schulman, President & CEO, PayPal",The Conference Board,fireside_or_conference_qa,2022-08-23 18:00:39+00:00,1534.0,491.0,False,0.85
9natDeXD-E0,schulman,Dan Schulman,PYPL,"Dan Schulman, CEO of PayPal, and the Future of the Digital Economy: CEO Speaker Series",Council on Foreign Relations,fireside_or_conference_qa,2023-05-19 13:54:20+00:00,3541.0,5192.0,False,0.9
rKpH5iFGsoA,spiegel,Evan Spiegel,SNAP,Snapchat CEO Evan Spiegel's Only Chat In India,ET Now,tv_interview,2017-04-18 11:33:18+00:00,382.0,47991.0,False,0.85
ZZUjym-Q6cI,spiegel,Evan Spiegel,SNAP,Evan Spiegel says the one thing Instagram can't copy is Snapchat's philosophy | Code 2018,On with Kara Swisher,fireside_or_conference_qa,2018-05-30 02:20:50+00:00,192.0,81323.0,False,0.8
SQYBLeV6sbM,spiegel,Evan Spiegel,SNAP,Snap CEO Evan Spiegel | Full interview | 2018 Code Conference,On with Kara Swisher,fireside_or_conference_qa,2018-05-30 02:43:18+00:00,2395.0,138741.0,False,0.95
0VfcxxSo49c,spiegel,Evan Spiegel,SNAP,Snap CEO Evan Spiegel on competing with Facebook,CNBC Television,tv_interview,2018-06-18 15:27:38+00:00,185.0,1526.0,False,0.9
n_lC6O6uM5s,spiegel,Evan Spiegel,SNAP,Snap CEO Evan Spiegel on update backlash,CNBC Television,tv_interview,2018-06-18 15:29:50+00:00,223.0,1957.0,False,0.9
t4ypjcmO0Ck,spiegel,Evan Spiegel,SNAP,Snap CEO Evan Spiegel from Cannes,CNBC,tv_interview,2018-06-18 17:44:10+00:00,716.0,59305.0,False,0.9
TpMdmjT0AA0,spiegel,Evan Spiegel,SNAP,Watch CNBC's full exclusive interview with Snap CEO Evan Spiegel,CNBC Television,tv_interview,2018-06-18 18:12:40+00:00,728.0,2495.0,False,0.9
tyj0SftZ9ro,spiegel,Evan Spiegel,SNAP,Snap CEO Evan Spiegel: We’re definitely a tech company,CNBC Television,tv_interview,2018-06-18 18:34:30+00:00,303.0,461.0,False,0.9
8lbQST3DdMQ,spiegel,Evan Spiegel,SNAP,"Snapchat Co-Founder Evan Spiegel Responds To Privacy, Security Concerns | TODAY",TODAY,tv_interview,2018-07-19 15:21:14+00:00,220.0,24753.0,False,0.8
PQiKv-GCQ-w,spiegel,Evan Spiegel,SNAP,"Evan Spiegel, Co-Founder and CEO of Snap Inc.",Goldman Sachs,fireside_or_conference_qa,2019-10-02 18:52:41+00:00,1403.0,103067.0,False,0.85
Azoymy7J7-A,spiegel,Evan Spiegel,SNAP,Snap Stays Sticky with Evan Spiegel (Snap),TechCrunch,fireside_or_conference_qa,2019-10-04 20:19:19+00:00,1572.0,21950.0,False,0.9
rW8mDQYrOnw,spiegel,Evan Spiegel,SNAP,"Arts & Tech (Spiegel, Israel, Obrist) | DLD Munich 20",DLD Conference,panel,2020-01-20 08:15:31+00:00,2180.0,8799.0,False,0.7
t_cJrmAJa84,spiegel,Evan Spiegel,SNAP,Watch CNBC's full interview with Snap CEO Evan Spiegel after reporting first-quarter earnings,CNBC Television,tv_interview,2020-04-22 16:17:47+00:00,957.0,27996.0,False,0.95
yW_HtFkQwQU,spiegel,Evan Spiegel,SNAP,#ClassWithJeb: Lessons in Entrepreneurship with Evan Spiegel,ExcelinEd,fireside_or_conference_qa,2020-06-08 15:17:56+00:00,1264.0,2895.0,False,0.7
U5CqUXb4vi4,spiegel,Evan Spiegel,SNAP,Watch CNBC's full exclusive interview with Snap CEO Evan Spiegel,CNBC Television,tv_interview,2020-06-12 20:55:26+00:00,771.0,16677.0,True,0.95
UQVp-yG08SI,spiegel,Evan Spiegel,SNAP,Signal 2020  - John Battelle Evan Spiegel Jeremi Gorman,Signal360,fireside_or_conference_qa,2020-08-17 20:27:14+00:00,1684.0,483.0,False,0.75
MMTcDg8pjBY,spiegel,Evan Spiegel,SNAP,"Snap CEO Evan Spiegel on Q4 earnings results, privacy",CNBC Television,tv_interview,2021-02-05 17:23:35+00:00,252.0,8452.0,False,0.9
rgLhGKwVRbw,spiegel,Evan Spiegel,SNAP,"In Conversation: Michael Govan, Evan Spiegel, Elizabeth Alexander and Mayor Eric Garcetti",Los Angeles County Museum of Art,panel,2021-04-29 20:30:12+00:00,3445.0,629.0,False,0.75
D9aTjMCZftw,spiegel,Evan Spiegel,SNAP,Snap CEO Evan Spiegel on the purchase of AR hardware company WaveOptics,CNBC Television,tv_interview,2021-05-21 16:26:32+00:00,226.0,20720.0,False,0.9
0oHkugtdHnY,spiegel,Evan Spiegel,SNAP,U.S. Surgeon General Vivek Murthy Interview with Evan Spiegel | Club Unity Summit,Snapchat,fireside_or_conference_qa,2021-10-18 13:00:01+00:00,1964.0,4260.0,False,0.8
UY8ZQKG998o,spiegel,Evan Spiegel,SNAP,"Snap CEO Evan Spiegel on augmented reality, new drone and company’s future",CBS Mornings,tv_interview,2022-05-02 13:32:43+00:00,432.0,24906.0,False,0.9
6gRMUKfyIJo,spiegel,Evan Spiegel,SNAP,Augmented reality is important to the growth of our business: SNAP CEO Evan Spiegel,CNBC Television,tv_interview,2022-06-21 15:54:45+00:00,296.0,5256.0,False,0.9
ItVfydAb8dM,spiegel,Evan Spiegel,SNAP,Communicating in the Social Media Era with Evan Spiegel,Tony Blair Institute for Global Change,fireside_or_conference_qa,2022-07-04 13:43:16+00:00,1226.0,1386.0,False,0.85
Z9CQuPcop7c,spiegel,Evan Spiegel,SNAP,Snap Inc. Co-founder and CEO Evan Spiegel | Full Interview | Code 2022,On with Kara Swisher,fireside_or_conference_qa,2022-09-16 12:00:21+00:00,2019.0,48117.0,False,0.95
BrilzVUk5xM,spiegel,Evan Spiegel,SNAP,Snap CEO Evan Spiegel’s Long Game on Augmented Reality | WSJ Tech Live 2022,The Wall Street Journal,fireside_or_conference_qa,2022-10-26 15:43:00+00:00,1703.0,36668.0,False,0.95
_b-AxXPuUc0,spiegel,Evan Spiegel,SNAP,"People open Snapchat 40 times a day to talk with friends and family, says SNAP CEO Evan Spiegel",CNBC Television,tv_interview,2023-02-16 21:24:19+00:00,259.0,13974.0,False,0.9
KG3g5xrvA2k,spiegel,Evan Spiegel,SNAP,"Signal360 Archives: Evan Spiegel speaks at Signal conference, 2015",Signal360,fireside_or_conference_qa,2023-07-09 14:50:36+00:00,1149.0,424.0,False,0.75
gFg7Z-gRDHo,spiegel,Evan Spiegel,SNAP,"Snapchat+, a subscription-based revenue stream, has hit 4M subscribers, says CEO Evan Spiegel",CNBC Television,tv_interview,2023-07-26 15:14:59+00:00,338.0,4963.0,False,0.9
ZR31vp0ir2o,spiegel,Evan Spiegel,SNAP,Exclusive Interview With Snapchat CEO Evan Spiegel,Business Today,tv_interview,2023-11-07 13:33:22+00:00,927.0,8249.0,False,0.8
d8e2qV3Kt2k,spiegel,Evan Spiegel,SNAP,Snap CEO Evan Spiegel: We offer social connection without social comparison,CNBC Television,tv_interview,2024-07-30 13:55:19+00:00,232.0,4498.0,True,0.9
70jBoxGqJx8,spiegel,Evan Spiegel,SNAP,Digital Dominance: The Quest to Capture a New Era of Fans with Snap CEO Evan Spiegel,CNBC Events,fireside_or_conference_qa,2024-09-12 22:19:56+00:00,292.0,1040.0,False,0.8
jUi6Xp8v790,spiegel,Evan Spiegel,SNAP,Snap CEO Evan Spiegel: We're on pace for record annual revenue this year,CNBC Television,tv_interview,2024-09-17 19:25:31+00:00,200.0,18075.0,True,0.9
eDIloGMan3I,spiegel,Evan Spiegel,SNAP,"Snap CEO Evan Spiegel on AR, Mental Health, and Post-Trump USA Vision | CNBC TV18",CNBC-TV18,tv_interview,2024-11-23 15:30:06+00:00,1545.0,1082.0,False,0.85
Gfk7KbjQLOA,spiegel,Evan Spiegel,SNAP,Snap's Team In India Has Doubled Over The Last Year: Snap CEO Evan Spiegel | CNBC TV18,CNBC-TV18,tv_interview,2024-11-24 06:30:06+00:00,766.0,323.0,False,0.85
GmY7GmMuwmc,spiegel,Evan Spiegel,SNAP,"""Want to know why I chose disappearing messages?"" - Evan Spiegel 134",The Mo Show | Presented by BSF,podcast_interview,2025-01-17 16:45:02+00:00,2216.0,159248.0,False,0.7
tAAv8ecj408,spiegel,Evan Spiegel,SNAP,6 Months of Spectacles with Evan Spiegel & AR Developer Aidan Wolf,SPECS for Devs,fireside_or_conference_qa,2025-03-17 16:01:06+00:00,514.0,22943.0,False,0.6
eYSHiWS9w8A,spiegel,Evan Spiegel,SNAP,Building Snap Inc: Evan Spiegel’s Journey from Startup to Global Tech Leader,LMU Entrepreneurship,fireside_or_conference_qa,2025-05-13 19:36:21+00:00,3006.0,2592.0,False,0.6
pW3dGXrqgJg,spiegel,Evan Spiegel,SNAP,Snap’s Evan Spiegel & Axios’ Sara Fischer,Axios,fireside_or_conference_qa,2025-09-19 13:44:57+00:00,879.0,1728.0,False,0.9
70rsQ9NE_Ek,spiegel,Evan Spiegel,SNAP,A Conversation with Snapchat CEO Evan Spiegel,Council on Foreign Relations,fireside_or_conference_qa,2025-09-19 20:48:16+00:00,3186.0,3464.0,False,0.95
RUTzOZd_wLU,spiegel,Evan Spiegel,SNAP,Can Technology Deepen Human Connection? Evan Spiegel — FII9,FII Institute,fireside_or_conference_qa,2025-10-28 13:59:07+00:00,696.0,111671.0,False,0.85
ZwGT4kF54N8,spiegel,Evan Spiegel,SNAP,Why Snap CEO Evan Spiegel Is Betting on Smart Glasses | The Circuit,Bloomberg Originals,tv_interview,2025-11-06 23:00:49+00:00,1442.0,637713.0,False,0.9
v6mdGNY_0lA,spiegel,Evan Spiegel,SNAP,Snap CEO Evan Spiegel is Betting on Smart Glasses | The Circuit with Emily Chang,Bloomberg Podcasts,podcast_interview,2025-11-09 19:18:05+00:00,3181.0,576.0,False,0.9
Xkc5XOpbAq8,spiegel,Evan Spiegel,SNAP,How Snap Plans to Win the AR Race | Evan Spiegel on Spectacles,Kleiner Perkins,fireside_or_conference_qa,2025-12-15 11:01:00+00:00,4263.0,9126.0,False,0.85
Q49rfO_Gvqw,spiegel,Evan Spiegel,SNAP,Snap CEO Evan Spiegel on Spectacles and the Future of Real Life | The Futurology Podcast,Berggruen Institute and 2 more,podcast_interview,2026-04-07 14:00:42+00:00,4319.0,2493.0,False,0.85
-7Yol5vX5xw,spiegel,Evan Spiegel,SNAP,How to win when software is not a moat | Evan Spiegel (Snapchat CEO),Lenny's Podcast,podcast_interview,2026-04-26 12:30:00+00:00,4225.0,87542.0,False,0.95
8fZNK-M-77I,spiegel,Evan Spiegel,SNAP,"What comes after smartphones, with Evan Spiegel of Snap",Stripe and Cheeky Pint,podcast_interview,2026-04-27 11:30:00+00:00,3832.0,22880.0,False,0.95
h9OzwbeQ_6g,spiegel,Evan Spiegel,SNAP,Snap CEO Evan Spiegel on new AR Specs: New opportunity to bring computing to the world around you,CNBC Television,tv_interview,2026-06-16 19:54:54+00:00,255.0,29674.0,False,0.9
hDLX1ShOKxc,tenev,Vlad Tenev,HOOD,Robinhood CEO Vlad Tenev on the free-trading app going public,CNBC Television,tv_interview,2021-07-29 14:48:24+00:00,343.0,34181.0,True,0.9
xO4DfwwkZNw,tenev,Vlad Tenev,HOOD,Robinhood CEO Tenev on ‘Humbling’ Moment of IPO,Bloomberg Television,tv_interview,2021-07-29 21:44:00+00:00,497.0,2954.0,False,0.9
UH7HtR20AF8,tenev,Vlad Tenev,HOOD,"Humphrey Talks IPOs with Robinhood CEO, Vlad Tenev!",Humphrey Yang,podcast_interview,2021-08-04 16:00:13+00:00,743.0,5589.0,False,0.85
lIgMkTkjdDM,tenev,Vlad Tenev,HOOD,"ROBINHOOD'S CEO VLAD TENEV ON GAMESTOP CONTROVERSY, WALLSTREET, & CHANGING FINANCE",Earn Your Leisure,podcast_interview,2021-10-06 15:04:15+00:00,4854.0,47649.0,False,0.85
Em1fmXArjEY,tenev,Vlad Tenev,HOOD,"The Future of Investing: A Conversation with Vlad Tenev, Co-Founder and CEO of Robinhood",Operation HOPE,fireside_or_conference_qa,2021-10-22 19:52:29+00:00,1205.0,738.0,False,0.8
gQTMFV0c9ZE,tenev,Vlad Tenev,HOOD,"Whenever people think crypto is over, people build new products: Robinhood CEO Vlad Tenev",CNBC Television,tv_interview,2022-05-17 19:17:34+00:00,229.0,18695.0,False,0.9
pxolJ9ijVVc,tenev,Vlad Tenev,HOOD,"Robinhood's Crypto Pivot with Vlad Tenev, Co-Founder, CEO",Bankless,podcast_interview,2022-05-19 18:00:11+00:00,2220.0,9735.0,False,0.9
J2pL0dLO_cg,tenev,Vlad Tenev,HOOD,Robinhood CEO Vlad Tenev: Payment for order flow has helped establish free trading,CNBC Television,tv_interview,2022-09-23 15:02:23+00:00,327.0,6997.0,False,0.9
bgJBujBNEEU,tenev,Vlad Tenev,HOOD,"Watch CNBC's 2021 D50 Summit Interview with Robinhood CEO Vlad Tenev ""2021's Top Disruptor""",CNBC Events,fireside_or_conference_qa,2022-10-19 14:36:53+00:00,2097.0,753.0,False,0.9
4fCBwwBPHNc,tenev,Vlad Tenev,HOOD,Robinhood CEO Vlad Tenev on launching retirement accounts with a 1% match,CNBC Television,tv_interview,2022-12-06 14:35:22+00:00,259.0,15748.0,False,0.9
n0ZPBNFAvA0,tenev,Vlad Tenev,HOOD,Robinhood CEO Vlad Tenev on Q1 earnings results,CNBC Television,tv_interview,2023-05-11 14:39:40+00:00,373.0,10226.0,False,0.9
hb4q15CLzro,tenev,Vlad Tenev,HOOD,Robinhood’s Next Chapter With Co-founder and CEO Vlad Tenev | TechCrunch Disrupt 2023,TechCrunch,fireside_or_conference_qa,2023-09-25 18:09:42+00:00,1618.0,1162.0,False,0.9
Q_zA8DXfq7A,tenev,Vlad Tenev,HOOD,"Robinhood CEO Vlad Tenev on UK Launch, Market Opportunities",Bloomberg Television,tv_interview,2023-11-30 06:14:14+00:00,815.0,14143.0,True,0.9
P9FsbGqj4sY,tenev,Vlad Tenev,HOOD,Robinhood CEO Vlad Tenev: Our experience is 'quite good' for small and larger accounts,CNBC Television,tv_interview,2024-02-14 19:04:41+00:00,237.0,10366.0,False,0.9
LrEzknmEzaE,tenev,Vlad Tenev,HOOD,Sitting Down With the CEO & CoFounder of Robinhood: Vlad Tenev,Amit Kukreja,podcast_interview,2024-04-03 17:12:43+00:00,3510.0,24025.0,False,0.8
GTGrD14cT1A,tenev,Vlad Tenev,HOOD,"Most of our deposits come from existing customers, says Robinhood CEO Vlad Tenev",CNBC Television,tv_interview,2024-05-09 00:40:43+00:00,337.0,5938.0,False,0.9
_grMSbaHLrY,tenev,Vlad Tenev,HOOD,Robinhood CEO Vlad Tenev on Bitstamp acquisition: Accelerates our plans for international expansion,CNBC Television,tv_interview,2024-06-06 12:28:35+00:00,412.0,12939.0,False,0.9
MpHTQZ0gIus,tenev,Vlad Tenev,HOOD,Robinhood CEO Vlad Tenev Talks Retail Trading | Bloomberg Talks,Bloomberg Podcasts,tv_interview,2024-08-08 17:37:00+00:00,744.0,287.0,True,0.85
v03mwcWszr4,tenev,Vlad Tenev,HOOD,Robinhood Markets CEO Vlad Tenev Talks Market & Hood Summit | Bloomberg Talks,Bloomberg Podcasts,tv_interview,2024-10-17 16:08:10+00:00,520.0,324.0,False,0.85
T_vogqTQSzA,tenev,Vlad Tenev,HOOD,"RPA ROBINHOOD'S VLAD TENEV INTERVIEW  THE FUTURE, NEW FEATURES & TRADING ON PRESIDENTIAL ELECTIONS",Ian Dunlap,podcast_interview,2024-10-30 20:26:41+00:00,1097.0,395.0,False,0.7
YixQEsev3F4,tenev,Vlad Tenev,HOOD,ROBINHOOD'S VLAD TENEV INTERVIEW  THE FUTURE Part 2,Ian Dunlap,podcast_interview,2024-10-31 21:05:39+00:00,820.0,637.0,False,0.7
Q0LlDbpbHr8,tenev,Vlad Tenev,HOOD,Inside the Growth of Robinhood with Vlad Tenev,HD in HD Podcast,podcast_interview,2024-11-05 10:00:22+00:00,6983.0,8095.0,False,0.85
7ULpNj-wzYE,tenev,Vlad Tenev,HOOD,Robinhood CEO Vlad Tenev on bitcoin rally: Market is reacting to the 'Trump pump',CNBC Television,tv_interview,2024-11-12 14:25:14+00:00,413.0,30206.0,False,0.9
YmGI5be0NUo,tenev,Vlad Tenev,HOOD,Robinhood CEO Vlad Tenev: Bitcoin's gone from largely being ridiculed to being taken very seriously,CNBC Television,tv_interview,2024-12-05 15:08:45+00:00,349.0,41021.0,False,0.9
hpRPYVVO4uU,tenev,Vlad Tenev,HOOD,"Vlad Tenev, Robinhood's co-founder | Candid with Index | In conversation with Jan Hammer",Index Ventures,fireside_or_conference_qa,2024-12-18 10:02:26+00:00,1130.0,8549.0,False,0.85
SSL487Dp2CA,tenev,Vlad Tenev,HOOD,Robinhood Goes ALL-IN on Bitcoin & Crypto | Vlad Tenev,Anthony Pompliano,podcast_interview,2024-12-23 17:45:02+00:00,2950.0,46353.0,False,0.9
msOF9zIv2Oc,tenev,Vlad Tenev,HOOD,Robinhood CEO Vlad Tenev: Prediction markets are the future,CNBC Television,tv_interview,2025-02-13 15:22:02+00:00,387.0,10869.0,False,0.9
3S-2mf07JSE,tenev,Vlad Tenev,HOOD,Robinhood CEO Vlad Tenev Talks Blockbuster Quarter | Bloomberg Talks,Bloomberg Podcasts,tv_interview,2025-02-13 19:35:32+00:00,715.0,280.0,False,0.85
UWs3Vg7atvw,tenev,Vlad Tenev,HOOD,"Robinhood CEO Vlad Tenev on Crypto, Growth, and 'Dumb Money' | At Barron's",Barron's,fireside_or_conference_qa,2025-02-13 20:29:46+00:00,1339.0,6450.0,False,0.9
Gr1AhNYUNuc,tenev,Vlad Tenev,HOOD,Robinhood Markets Chairman & CEO Vladimir Tenev Talks Regulation | Bloomberg Talks,Bloomberg Podcasts,tv_interview,2025-02-25 22:40:07+00:00,928.0,500.0,False,0.85
MgOj1AQ9JqE,tenev,Vlad Tenev,HOOD,Robinhood CEO Vlad Tenev goes one-on-one with Jim Cramer,CNBC Television,tv_interview,2025-02-26 01:05:20+00:00,674.0,19823.0,False,0.9
A0pl4vuKLDE,tenev,Vlad Tenev,HOOD,Robinhood CEO Vlad Tenev: Strategic Bitcoin Reserve is a 'sensible approach' by the administration,CNBC Television,tv_interview,2025-03-07 14:03:40+00:00,393.0,48500.0,False,0.9
zPlADObeAYA,tenev,Vlad Tenev,HOOD,Robinhood CEO Vlad Tenev Talks Need for Clarity on Stablecoin Policy | Bloomberg Talks,Bloomberg Podcasts,tv_interview,2025-03-27 18:11:49+00:00,746.0,521.0,False,0.85
MpoKCzJVrU0,tenev,Vlad Tenev,HOOD,Robinhood CEO Vlad Tenev on platform's new fleet of financial services,CNBC Television,tv_interview,2025-03-27 20:06:05+00:00,1739.0,31400.0,False,0.85
Cvi7sJseB5Q,tenev,Vlad Tenev,HOOD,Robinhood CEO Vlad Tenev on tariffs: I'm a fan of free trade,CNBC Television,tv_interview,2025-04-09 12:01:13+00:00,443.0,16045.0,False,0.9
q88Kxf4-uqg,tenev,Vlad Tenev,HOOD,Robinhood CEO Vlad Tenev talks crypto and revolutionizing finance,The Tech and Tea Show,podcast_interview,2025-04-24 14:25:49+00:00,2246.0,913.0,False,0.7
P_N4xtd8EyM,tenev,Vlad Tenev,HOOD,"Vlad Tenev on Robinhood’s Massive Q1, Tokenization & the Future of Finance",Stocktwits,podcast_interview,2025-05-03 10:11:06+00:00,1840.0,6878.0,False,0.85
LTjs7s6tHHY,tenev,Vlad Tenev,HOOD,I asked Vlad about the Future of Robinhood Banking [Exclusive Interview],Tevis,podcast_interview,2025-05-03 23:20:57+00:00,2383.0,6701.0,False,0.8
UKUCkwr3Ip8,tenev,Vlad Tenev,HOOD,From Startup to Legend: Vlad Tenev & Howard Lindzon Recount Robinhood’s Rise,Stocktwits,podcast_interview,2025-05-06 15:00:06+00:00,1732.0,8967.0,False,0.85
yXPyh9V5J_M,tenev,Vlad Tenev,HOOD,Robinhood CEO: THIS Will Change the Future of Finance ft. Vlad Tenev,Raoul Pal The Journey Man,podcast_interview,2025-05-15 11:58:06+00:00,4394.0,54341.0,False,0.9
_AnmddVaLEo,tenev,Vlad Tenev,HOOD,"Robinhood CEO Vlad Tenev calls Trump Accounts 'amazing', recaps CEO roundtable with the president",CNBC Television,tv_interview,2025-06-09 21:20:10+00:00,346.0,7562.0,True,0.9
6UYUQfxtjFo,tenev,Vlad Tenev,HOOD,Watch CNBC's full interview with Robinhood CEO Vlad Tenev from Bitcoin 2025,CNBC Television,tv_interview,2025-06-12 14:48:19+00:00,881.0,10145.0,False,0.9
R7Ukyc1Nd3U,tenev,Vlad Tenev,HOOD,"Robinhood CEO Vlad Tenev on state of retail investing, crypto bill and prediction markets",CNBC Television,tv_interview,2025-06-24 13:27:44+00:00,538.0,75506.0,False,0.9
3qTu_X8cpxg,tenev,Vlad Tenev,HOOD,Robinhood CEO Vlad Tenev Talks European Expansion | Bloomberg Talks,Bloomberg Podcasts,tv_interview,2025-06-30 23:09:01+00:00,446.0,316.0,False,0.85
Ovp3N-102LQ,tenev,Vlad Tenev,HOOD,"Robinhood Announces Tokenized Stocks! LIVE with CEO Vlad Tenev, Johann Kerbrat, and AJ Warner",Bankless,podcast_interview,2025-07-01 10:30:16+00:00,3457.0,11724.0,False,0.85
CAi6HoyGaB8,tenev,Vlad Tenev,HOOD,"Robinhood Founder & CEO, Vlad Tenev: Robinhood’s $85BN Resurgence & Tokenizing SpaceX & OpenAI",20VC with Harry Stebbings,podcast_interview,2025-07-14 13:57:47+00:00,3736.0,22257.0,False,0.9
-DvM1mogbjY,tenev,Vlad Tenev,HOOD,"The U.S. is ready to take the lead in digital assets, says Robinhood CEO Vlad Tenev",CNBC Television,tv_interview,2025-07-18 17:46:59+00:00,190.0,15862.0,False,0.9
RN2mic27Z-s,tenev,Vlad Tenev,HOOD,Robinhood Markets CEO Vlad Tenev Talks Earnings & Growth | Bloomberg Talks,Bloomberg Podcasts,tv_interview,2025-07-31 16:53:33+00:00,453.0,128.0,False,0.9
MKw850489GA,tenev,Vlad Tenev,HOOD,Robinhood’s Big Crypto & Stablecoin Plans | Vlad Tenev Interview,Thinking Crypto,podcast_interview,2025-08-05 12:47:05+00:00,3164.0,9213.0,False,0.85
_F8SfqaYeq4,tenev,Vlad Tenev,HOOD,A Cheeky Pint with Robinhood CEO Vlad Tenev,Stripe and Cheeky Pint,podcast_interview,2025-08-13 14:46:52+00:00,3987.0,60825.0,False,0.9
QtMetki094U,tenev,Vlad Tenev,HOOD,Bloomberg Wealth: Robinhood CEO Vlad Tenev,David Rubenstein,tv_interview,2025-09-10 12:52:15+00:00,1447.0,50337.0,False,0.8
5AQpkz-YhkQ,tenev,Vlad Tenev,HOOD,"Robinhood CEO Vlad Tenev on tokenizing stocks, expanding access to private shares, fintech's future",All-In Podcast,podcast_interview,2025-09-15 09:00:12+00:00,1569.0,178595.0,False,0.9
udJo1mnHMk0,tenev,Vlad Tenev,HOOD,A Conversation with Robinhood Founder Vlad Tenev - TOKEN2049 Singapore 2025,TOKEN2049,fireside_or_conference_qa,2025-10-14 06:38:55+00:00,1310.0,3122.0,False,0.9
T4z9Ee26QHo,tenev,Vlad Tenev,HOOD,"Robinhood CEO Vlad Tenev Talks 3Q Earnings, Prediction Markets | Bloomberg Talks",Bloomberg Podcasts,tv_interview,2025-11-06 01:09:52+00:00,535.0,432.0,False,0.85
Jv5l_j8b9mM,tenev,Vlad Tenev,HOOD,Robinhood CEO Vlad Tenev Talks Prediction Markets | Bloomberg Talks,Bloomberg Podcasts,tv_interview,2025-12-17 21:56:28+00:00,1066.0,335.0,False,0.85
7cvVgxJYb-I,tenev,Vlad Tenev,HOOD,"CEO Vlad Tenev on Robinhood's Record Year (+200%, ~$100B Market Cap)",Sourcery with Molly O'Shea,podcast_interview,2026-01-10 14:00:12+00:00,3376.0,14625.0,False,0.9
F6n7b_MkZwI,tenev,Vlad Tenev,HOOD,The Wartime CEO: Vlad Tenev of Robinhood,Sequoia Capital,fireside_or_conference_qa,2026-01-29 13:00:28+00:00,2605.0,247866.0,False,0.9
3uwewm8IIl4,tenev,Vlad Tenev,HOOD,Inside Robinhood Ventures Fund I: Brad Gerstner in Conversation with Vlad Tenev and Shiv Verma,Robinhood,fireside_or_conference_qa,2026-02-20 03:05:20+00:00,1304.0,26961.0,False,0.8
-3dNJAwxI0U,tenev,Vlad Tenev,HOOD,Inside Robinhood Ventures Fund I: Bill Ackman in Conversation with Vlad Tenev,Robinhood,fireside_or_conference_qa,2026-02-23 21:09:09+00:00,904.0,71474.0,False,0.8
0jbbinhLAlw,tenev,Vlad Tenev,HOOD,A Conversation with Robinhood co-founder and CEO Vlad Tenev,The Knowledge Project Podcast,podcast_interview,2026-03-03 11:00:02+00:00,6579.0,13063.0,False,0.9
ArXE97SUY1Q,tenev,Vlad Tenev,HOOD,Robinhood CEO Vlad Tenev Is Building A Financial Super App | Basis Points Episode 3,Basis Points ,podcast_interview,2026-03-06 22:23:16+00:00,3948.0,29982.0,False,0.85
ljI_O210W3U,tenev,Vlad Tenev,HOOD,Robinhood CEO Vlad Tenev on Tokenization and Prediction Markets for Everything | Odd Lots,Bloomberg Podcasts,podcast_interview,2026-03-09 08:10:31+00:00,3264.0,4757.0,False,0.9
1p4-12k_EbE,tenev,Vlad Tenev,HOOD,How Robinhood became a $68B company w/ Vlad Tenev,This Week in Startups,podcast_interview,2026-03-18 19:16:20+00:00,2944.0,7028.0,False,0.9
aPm8wj5J2UE,tenev,Vlad Tenev,HOOD,Vlad Tenev and Tudor Achim on mathematical superintelligence and the end of buggy software,Summation with Auren Hoffman,podcast_interview,2026-03-24 13:41:37+00:00,2935.0,18269.0,False,0.8
BCa52f_XtP4,tenev,Vlad Tenev,HOOD,"Vlad Tenev on Robinhood Wealth Transfer, Prediction Markets, Agentic Trading | 🟡🔴🔵 MTS Live",MTS ,podcast_interview,2026-05-01 14:00:28+00:00,1969.0,296.0,False,0.75
3DG6vkiRk_Q,tenev,Vlad Tenev,HOOD,Robinhood CEO Vlad Tenev on prediction markets: It's a great source of information,CNBC Television,tv_interview,2026-05-05 13:36:53+00:00,495.0,20784.0,False,0.9
6FzsO0MMdog,tenev,Vlad Tenev,HOOD,"Robinhood Just at Beginnings of Prediction Markets, CEO Tenev Says",Bloomberg Television,tv_interview,2026-05-05 17:26:13+00:00,558.0,2750.0,False,0.9
vUJophBO36g,tenev,Vlad Tenev,HOOD,Robinhood CEO Vlad Tenev Talks Prediction Markets | Bloomberg Talks,Bloomberg Podcasts,tv_interview,2026-05-05 20:50:45+00:00,600.0,164.0,False,0.85
uAATDJdupx4,tenev,Vlad Tenev,HOOD,Vlad Tenev Pt. 1,Tetragrammaton with Rick Rubin,podcast_interview,2026-05-27 23:20:57+00:00,5948.0,4665.0,False,0.85
acQwymTcCvM,tenev,Vlad Tenev,HOOD,Vlad Tenev Pt. 2,Tetragrammaton with Rick Rubin,podcast_interview,2026-05-29 17:29:29+00:00,5120.0,2073.0,True,0.85
752hmk3IdcY,tenev,Vlad Tenev,HOOD,Robinhood CEO Vlad Tenev breaks down how Trump Accounts work,CBS News,tv_interview,2026-07-06 21:58:57+00:00,397.0,13017.0,False,0.9
5TxNu9Gab7Y,tenev,Vlad Tenev,HOOD,Robinhood CEO Vlad Tenev Talks Trump Accounts | Bloomberg Talks,Bloomberg Podcasts,tv_interview,2026-07-07 09:08:35+00:00,505.0,259.0,False,0.85
FrdU7QwhqJ8,tenev,Vlad Tenev,HOOD,Robinhood CEO Vlad Tenev Talks Prediction Markets Growth | Bloomberg Talks,Bloomberg Podcasts,tv_interview,2026-07-30 23:52:17+00:00,404.0,775.0,False,0.85
SYYccbE0zC8,tenev,Vlad Tenev,HOOD,Robinhood CEO Vlad Tenev: Tokenization will take over the entire financial system,CNBC Television,tv_interview,2026-08-19 13:13:18+00:00,423.0,115502.0,False,0.9
Jwu6F4TMYCo,tenev,Vlad Tenev,HOOD,Robinhood CEO Tenev Talks Crypto Rules and Prediction Markets,Bloomberg Television,tv_interview,2026-08-20 15:00:27+00:00,847.0,22324.0,False,0.9
kql5cG0pXZw,tenev,Vlad Tenev,HOOD,Robinhood CEO Vlad Tenev Talks Prediction Markets | Bloomberg Talks,Bloomberg Podcasts,tv_interview,2026-08-20 20:49:18+00:00,873.0,533.0,False,0.85
MP7KAuOiRqA,tenev,Vlad Tenev,HOOD,Robinhood CEO Vlad Tenev goes one-on-one with Jim Cramer,CNBC Television,tv_interview,2026-09-18 23:50:04+00:00,762.0,59405.0,False,0.9
WMGvmbO9l_s,tenev,Vlad Tenev,HOOD,Vlad Tenev: How Tokenization Is Setting Up The Greatest Finance Boom Ever (Access For All),The Rollup,podcast_interview,2026-09-30 20:57:17+00:00,345.0,5769.0,False,0.55
5TidMV_ux_4,xu,Tony Xu,DASH,"Tony Xu, MBA ’13, Cofounder and CEO, DoorDash",Stanford Graduate School of Business,fireside_or_conference_qa,2021-02-13 00:33:46+00:00,2803.0,62015.0,False,0.9
QmL_qxx_k4k,xu,Tony Xu,DASH,DoorDash CEO Tony Xu discusses the company's overall business strategy,CNBC Television,tv_interview,2021-09-20 16:26:00+00:00,228.0,8616.0,False,0.95
K_70yQTXIds,xu,Tony Xu,DASH,Tony Xu (DoorDash) & Miki Kuusi (Wolt): Meeting the Demand for on Demand | Slush 2021,Slush,fireside_or_conference_qa,2021-12-06 16:02:55+00:00,1545.0,5284.0,False,0.88
Q9irSqkLPRI,xu,Tony Xu,DASH,DoorDash CEO Tony Xu discusses earnings beat as shares surge as much as 20%,CNBC Television,tv_interview,2022-02-17 16:53:35+00:00,308.0,7241.0,True,0.95
C8WqC2jnMTI,xu,Tony Xu,DASH,"DoorDash CEO Tony Xu: We continue to see record growth, more restaurant selection",CNBC Television,tv_interview,2022-08-08 15:33:03+00:00,257.0,7563.0,False,0.95
e_7jPy4S09M,xu,Tony Xu,DASH,"Tony Xu, CEO, DoorDash & Jon Fortt, Co-Anchor, TechCheck, CNBC",Groceryshop,fireside_or_conference_qa,2022-10-06 13:44:21+00:00,1269.0,1064.0,False,0.9
7oUhaHtN_5I,xu,Tony Xu,DASH,Tony Xu on Going Public in the Pandemic & Dashers,Bloomberg Tech,tv_interview,2022-10-26 09:03:36+00:00,307.0,1331.0,False,0.92
VhrYyciCn0k,xu,Tony Xu,DASH,Outside the Office with DoorDash CEO Tony Xu,Bloomberg Tech,tv_interview,2022-10-26 21:05:36+00:00,271.0,5910.0,False,0.7
I6AtMohp3Is,xu,Tony Xu,DASH,Bloomberg Studio 1.0 - DoorDash CEO & Co-founder Tony Xu,Bloomberg Tech,tv_interview,2022-10-27 01:41:22+00:00,1446.0,5786.0,False,0.92
xrx94ghgUQI,xu,Tony Xu,DASH,DoorDash CEO Tony Xu on earnings beat: We are seeing resilient delivery demand,CNBC Television,tv_interview,2022-11-04 13:05:16+00:00,198.0,2753.0,False,0.95
akABpZUgNU8,xu,Tony Xu,DASH,DoorDash CEO Tony Xu on new hourly pay offering: We're giving delivery drivers flexibility,CNBC Television,tv_interview,2023-06-28 14:19:50+00:00,336.0,54462.0,False,0.95
TimNeLRcKho,xu,Tony Xu,DASH,"Interview With DoorDash CEO, Tony Xu On Dasher Product Updates",The Rideshare Guy,podcast_interview,2023-06-30 18:00:07+00:00,2329.0,8939.0,False,0.88
ZvlkI6wcTek,xu,Tony Xu,DASH,DoorDash CEO Tony Xu: Our advertising business has grown very quickly,CNBC Television,tv_interview,2023-11-01 21:44:17+00:00,356.0,8079.0,False,0.95
-70xtYBgLG8,xu,Tony Xu,DASH,Tony Xu - CEO of DoorDash | In Good Company | Podcast | Norges Bank Investment Management,Norges Bank Investment Management,podcast_interview,2024-03-27 06:15:00+00:00,3029.0,18867.0,False,0.92
Ty8dxqQB6BA,xu,Tony Xu,DASH,Hard Fought Success | Tony Xu & Keith Rabois,Khosla Ventures,fireside_or_conference_qa,2024-08-02 17:00:45+00:00,2220.0,7799.0,False,0.9
9XLY56Pm8Sw,xu,Tony Xu,DASH,DoorDash ft. Tony Xu – The “Wrong” Moves That Built a Giant,Sequoia Capital,podcast_interview,2024-10-24 09:00:09+00:00,3160.0,7599.0,False,0.92
KAfjq267r68,xu,Tony Xu,DASH,How Tony Xu Built DoorDash and Changed the Future of Delivery,speedrun,fireside_or_conference_qa,2025-03-06 18:00:12+00:00,1080.0,9095.0,True,0.75
-O-rH9aePh8,xu,Tony Xu,DASH,DoorDash CEO Tony Xu: Deliveroo & SevenRooms deals make us a multi-product company on a global scale,CNBC Television,tv_interview,2025-05-07 13:52:02+00:00,428.0,19147.0,True,0.95
poLL-3AwI3Q,xu,Tony Xu,DASH,"Fireside Chat with Tony Xu, CEO and Co-Founder of Doordash | CEO Prize Next Generation 2025",Singleton Foundation,fireside_or_conference_qa,2025-11-05 21:19:35+00:00,2979.0,1034.0,False,0.9
cwmg2h0oirk,xu,Tony Xu,DASH,"How DoorDash Won: Tony Xu on Culture, Resilience & Making the Right Play",Glue Guys Podcast,podcast_interview,2025-11-24 15:01:22+00:00,3248.0,2191.0,False,0.9
VwvrZphtg2I,xu,Tony Xu,DASH,"The economics and trends of the restaurant industry, with Tony Xu of DoorDash",Stripe and 2 more,fireside_or_conference_qa,2026-04-21 11:30:00+00:00,5234.0,23253.0,False,0.88
