date,es_close,zn_close,r_es,r_zn,threshold,calendar,mod_calendar,w_threshold,w,gross,cost,net,y,k_from_end,is_L,is_F,gap_ret,period
2010-07-01,1023,122.5,,,0,0,0,-0,0,0,0,0,,20,False,True,False,i
2010-07-02,1017.25,122.328,-0.00562072,-0.00140306,-0.00101624,-0.00101624,0,0.0677491,0.0338745,-0,1.45502e-05,-1.45502e-05,0,19,False,False,False,i
2010-07-06,1023.75,122.703,0.00638978,0.00306553,-0.000182701,-0.000221761,0,0.0121801,0.00609004,0.000112607,1.18858e-05,0.000100722,0.00332425,18,False,False,False,i
2010-07-07,1056.25,122.359,0.031746,-0.00280148,0.00794212,0.00792518,0,-0.529475,-0.264737,0.000210396,0.000113576,9.68194e-05,0.0345475,17,False,False,False,i
2010-07-08,1066.25,122.109,0.00946746,-0.00204316,0.0103596,0.0106552,0,-0.69064,-0.34532,-0.00304729,3.35935e-05,-0.00308088,-0.0115106,16,False,False,False,i
2010-07-09,1074.25,121.891,0.00750293,-0.00179143,0.0095844,0.0128565,0,-0.63896,-0.31948,-0.00320953,1.07218e-05,-0.00322025,-0.00929436,15,False,False,False,i
2010-07-12,1075.25,122.078,0.000930882,0.00153826,0.00787092,0.0127125,0,-0.524728,-0.262364,0.000194046,2.36851e-05,0.000170361,0.000607382,14,False,False,False,i
2010-07-13,1091.5,121.641,0.0151128,-0.00358377,0.011165,0.0171145,0,-0.744331,-0.372166,-0.0049053,4.51073e-05,-0.0049504,-0.0186965,13,False,False,False,i
2010-07-14,1091.5,122.219,0,0.00475273,0.00986633,0.0159935,0,-0.657755,-0.328878,0.0017688,1.7783e-05,0.00175102,0.00475273,12,False,False,False,i
2010-07-15,1091.75,122.672,0.000229043,0.00370749,0.00492069,0.015172,0,-0.328046,-0.164023,0.00114398,6.77138e-05,0.00107627,0.00347845,11,False,False,False,i
2010-07-16,1061.5,123.281,-0.0277078,0.00496752,-0.00297185,0.00731774,0,0.198123,0.0990616,0.00535951,0.000109984,0.00524952,0.0326753,10,False,False,False,i
2010-07-19,1068.25,123.016,0.00635893,-0.00215463,-0.000624413,0.00934197,0,0.0416275,0.0208138,0.000843366,3.25816e-05,0.000810784,-0.00851355,9,False,False,False,i
2010-07-20,1079.5,123.109,0.0105312,0.000762098,0.00318105,0.0116519,0,-0.21207,-0.106035,0.000203333,5.2472e-05,0.000150861,-0.00976914,8,False,False,False,i
2010-07-21,1065.75,123.641,-0.0127374,0.00431527,-0.00101433,0.00757645,0,0.0676221,0.033811,0.00180818,5.83165e-05,0.00174986,0.0170526,7,False,False,False,i
2010-07-22,1089.5,123.203,0.0222848,-0.00353848,0.00540811,0.0136595,0,-0.360541,-0.18027,0.000873111,8.8047e-05,0.000785064,-0.0258233,6,False,False,False,i
2010-07-23,1099,122.703,0.0087196,-0.00405834,0.00821404,0.0166775,0,-0.547603,-0.273801,-0.00230348,3.82595e-05,-0.00234174,-0.0127779,5,False,False,False,i
2010-07-26,1110.75,122.703,0.0106915,0,0.00935648,0.0191883,-1,-0.623765,-0.811883,-0.00292736,0.000218655,-0.00314601,-0.0106915,4,False,False,False,i
2010-07-27,1110,122.281,-0.000675219,-0.00343818,0.00915371,0.0198409,-1,-0.610248,-0.805124,-0.0022432,2.74768e-06,-0.00224594,-0.00276296,3,False,False,False,i
2010-07-28,1103,122.875,-0.00630631,0.00485561,0.00433086,0.0172053,-1,-0.288724,-0.644362,0.00898672,6.56121e-05,0.00892111,0.0111619,2,False,False,False,i
2010-07-29,1097.75,123.219,-0.00475975,0.00279756,0.00260375,0.0154164,-1,-0.173583,-0.586792,0.00486964,2.35662e-05,0.00484607,0.0075573,1,False,False,False,i
2010-07-30,1098,123.797,0.000227739,0.00469186,0.00195385,0.0143619,-1,-0.130257,-0.565128,0.00261951,8.86651e-06,0.00261064,0.00446412,0,True,False,False,i
2010-08-02,1122.25,123.438,0.0220856,-0.00290294,0.0079091,0.0202094,1,-0.527273,0.236363,-0.0141217,0.000323625,-0.0144454,-0.0249886,21,False,True,False,i
2010-08-03,1116.75,124.031,-0.00490087,0.00481013,0.00517667,-0.00233301,0,-0.345111,-0.172556,-0.00229532,0.000165615,-0.00246094,0.009711,20,False,False,False,i
2010-08-04,1124.5,123.578,0.00693978,-0.00365331,0.00697691,0.000207414,0,-0.465128,-0.232564,-0.0018279,2.42001e-05,-0.0018521,0.0105931,19,False,False,False,i
2010-08-05,1123.25,123.953,-0.00111161,0.00303452,0.00588296,-0.00078694,0,-0.392197,-0.196099,0.000964238,1.47157e-05,0.000949522,0.00414612,18,False,False,False,i
2010-08-06,1118.5,124.594,-0.0042288,0.00516828,0.00361719,-0.00304476,0,-0.241146,-0.120573,0.00184276,3.05588e-05,0.0018122,-0.00939708,17,False,False,False,i
2010-08-09,1124.5,124.531,0.00536433,-0.00050163,0.00510284,-0.00163763,0,-0.340189,-0.170095,-0.000707277,1.9971e-05,-0.000727248,0.00586596,16,False,False,False,i
2010-08-10,1119,125.141,-0.00489106,0.00489335,0.00281268,-0.00399133,0,-0.187512,-0.093756,0.00166428,3.08792e-05,0.0016334,-0.00978441,15,False,False,False,i
2010-08-11,1087.5,125.594,-0.0281501,0.00362093,-0.00482172,-0.0117602,0,0.321448,0.160724,0.00297873,0.000104782,0.00287395,-0.0317711,14,False,False,False,i
2010-08-12,1081.25,125.281,-0.00574713,-0.00248818,-0.00453407,-0.0125531,0,0.302271,0.151136,-0.000523791,3.96232e-06,-0.000527753,-0.00325895,13,False,False,False,i
2010-08-13,1077.5,125.594,-0.00346821,0.00249439,-0.00385007,-0.0139996,0,0.256671,0.128336,-0.00090116,9.44234e-06,-0.000910602,-0.0059626,12,False,False,False,i
2010-08-16,1077.5,126.125,0,0.00422991,-0.00481139,-0.015024,0,0.32076,0.16038,-0.000542848,1.32708e-05,-0.000556119,-0.00422991,11,False,False,False,i
2010-08-17,1090.75,125.719,0.012297,-0.00322101,-0.000808578,-0.0112785,0,0.0539052,0.0269526,0.00248877,5.48364e-05,0.00243394,0.015518,10,False,False,False,i
2010-08-18,1092.5,125.609,0.0016044,-0.000869998,-0.000357095,-0.0106797,0,0.0238063,0.0119032,6.66915e-05,6.17889e-06,6.05126e-05,0.0024744,9,False,False,False,i
2010-08-19,1073.75,125.938,-0.0171625,0.00261227,-0.00550242,-0.0155093,0,0.366828,0.183414,-0.000235382,7.11852e-05,-0.000306567,-0.0197747,8,False,False,False,i
2010-08-20,1070,125.484,-0.00349243,-0.00359801,-0.00529265,-0.0154836,0,0.352843,0.176422,1.93652e-05,2.90862e-06,1.64566e-05,0.000105582,7,False,False,False,i
2010-08-23,1065.75,125.766,-0.00397196,0.00224131,-0.00642618,-0.0169946,0,0.428412,0.214206,-0.00109616,1.57564e-05,-0.00111191,-0.00621328,6,False,False,False,i
2010-08-24,1050.25,126.422,-0.0145437,0.00521804,-0.0111663,-0.0218294,0,0.744423,0.372211,-0.0042331,6.65016e-05,-0.0042996,-0.0197618,5,False,False,False,i
2010-08-25,1053.75,126.016,0.00333254,-0.00321345,-0.00735653,-0.0202338,1,0.490435,0.745218,0.00243649,0.000156661,0.00227983,0.00654599,4,False,False,False,i
2010-08-26,1046.5,126.266,-0.00688019,0.00198388,-0.00245938,-0.0224002,1,0.163959,0.581979,-0.00660566,6.886e-05,-0.00667452,-0.00886407,3,False,False,False,i
2010-08-27,1063.25,125.203,0.0160057,-0.0084148,0.00348024,-0.0164759,1,-0.232016,0.383992,0.0142122,8.2684e-05,0.0141296,0.0244205,2,False,False,False,i
2010-08-30,1047.75,126.188,-0.0145779,0.00786222,-0.0017427,-0.021958,1,0.11618,0.55809,-0.00861685,7.33855e-05,-0.00869023,-0.0224402,1,False,False,False,i
2010-08-31,1048.5,126.531,0.00071582,0.00272412,-0.00202325,-0.0224471,1,0.134883,0.567442,-0.00112081,3.94013e-06,-0.00112475,-0.0020083,0,True,False,False,i
2010-09-01,1079.25,125.781,0.0293276,-0.00592739,0.00656917,-0.0139678,-1,-0.437945,-0.718972,0.0200052,0.000532214,0.0194729,0.035255,20,False,True,False,i
2010-09-02,1089.25,124.531,0.00926569,-0.00237827,0.00901518,0.00278173,0,-0.601012,-0.300506,-0.00837169,0.000172131,-0.00854382,0.011644,19,False,False,False,i
2010-09-03,1103.75,123.969,0.0133119,-0.00451694,0.0107966,0.00702417,0,-0.719773,-0.359886,-0.00535768,2.42247e-05,-0.0053819,-0.0178289,18,False,False,False,i
2010-09-07,1091.25,124.844,-0.011325,0.00705823,0.00460073,0.00262086,0,-0.306715,-0.153358,0.00661588,8.48556e-05,0.00653103,0.0183833,17,False,False,False,i
2010-09-08,1098.25,124.469,0.00641466,-0.00300375,0.00569331,0.00487027,0,-0.379554,-0.189777,-0.00144439,1.49039e-05,-0.00145929,-0.00941842,16,False,False,False,i
2010-09-09,1103.75,123.719,0.00500797,-0.00602561,0.00823992,0.00750561,0,-0.549328,-0.274664,-0.00209392,3.46306e-05,-0.00212855,-0.0110336,15,False,False,False,i
2010-09-10,1109.75,123.406,0.00543601,-0.00252589,0.00965492,0.00939969,0,-0.643662,-0.321831,-0.00218685,1.91774e-05,-0.00220603,-0.0079619,14,False,False,False,i
2010-09-13,1117,123.891,0.0110885,0.00392504,0.0107503,0.0110908,0,-0.716688,-0.358344,-0.00230541,1.4786e-05,-0.0023202,-0.00716344,13,False,False,False,i
2010-09-14,1116,124.422,-0.000895255,0.00428806,0.00734922,0.00986032,0,-0.489948,-0.244974,0.00185741,4.59347e-05,0.00181147,0.00518331,12,False,False,False,i
2010-09-15,1120.5,124.172,0.00403226,-0.00200929,0.00751674,0.0112954,0,-0.501116,-0.250558,-0.00148002,2.25698e-06,-0.00148228,-0.00604155,11,False,False,False,i
2010-09-16,1120.25,123.875,-0.000223115,-0.00239084,0.00797047,0.011811,0,-0.531365,-0.265682,-0.000543141,6.11355e-06,-0.000549255,-0.00216772,10,False,False,False,i
2010-09-17,1120.25,124.109,0,0.00189203,0.00749991,0.011362,0,-0.499994,-0.249997,0.000502678,6.3404e-06,0.000496338,0.00189203,9,False,False,False,i
2010-09-20,1137.75,124.453,0.0156215,0.00276973,0.010549,0.0143834,0,-0.703269,-0.351634,-0.0032129,4.06935e-05,-0.0032536,-0.0128518,8,False,False,False,i
2010-09-21,1135.25,125.391,-0.00219732,0.00753296,0.00812191,0.0120818,0,-0.54146,-0.27073,0.0034215,3.24362e-05,0.00338906,0.00973028,7,False,False,False,i
2010-09-22,1130,125.547,-0.00462453,0.00124611,0.00415772,0.0106846,0,-0.277181,-0.138591,0.00158936,5.3129e-05,0.00153623,0.00587064,6,False,False,False,i
2010-09-23,1120.25,125.672,-0.00862832,0.000995644,0.00189992,0.00838526,0,-0.126661,-0.0633306,0.00133379,3.04219e-05,0.00130337,0.00962396,5,False,False,False,i
2010-09-24,1143.5,125.234,0.0207543,-0.00348129,0.00787394,0.0140951,-1,-0.524929,-0.762465,-0.00153485,0.000279053,-0.00181391,-0.0242356,4,False,False,False,i
2010-09-27,1138.25,126,-0.00459117,0.00611354,0.00494322,0.0115571,-1,-0.329548,-0.664774,0.00816196,3.91027e-05,0.00812286,0.0107047,3,False,False,False,i
2010-09-28,1142.75,126.359,0.00395344,0.00285218,0.00518137,0.0118178,-1,-0.345425,-0.672712,-0.000732086,3.16977e-06,-0.000735255,-0.00110125,2,False,False,False,i
2010-09-29,1139.5,126.172,-0.00284402,-0.00148386,0.00493428,0.0114941,-1,-0.328952,-0.664476,0.000914992,3.29448e-06,0.000911698,0.00136015,1,False,False,False,i
2010-09-30,1136.5,126.062,-0.00263273,-0.000866873,0.00452413,0.0110737,-1,-0.301608,-0.650804,0.00117337,5.47764e-06,0.00116789,0.00176586,0,True,False,False,i
2010-10-01,1141.25,126.141,0.0041795,0.000619732,0.00538896,0.0119174,1,-0.359264,0.320368,-0.00231671,0.000388104,-0.00270481,-0.00355977,20,False,True,False,i
2010-10-04,1132.75,126.484,-0.00744797,0.00272513,0.00300299,-0.00244982,0,-0.200199,-0.1001,-0.00325914,0.000168803,-0.00342794,0.0101731,19,False,False,False,i
2010-10-05,1156,126.609,0.0205253,0.000988264,0.00771384,0.00218976,0,-0.514256,-0.257128,-0.00195565,6.22609e-05,-0.00201791,0.019537,18,False,False,False,i
2010-10-06,1155.5,127.094,-0.000432526,0.00382574,0.00633548,0.00117095,0,-0.422366,-0.211183,0.00109492,1.82219e-05,0.0010767,0.00425827,17,False,False,False,i
2010-10-07,1154,127.203,-0.00129814,0.000860585,0.00585937,0.000653139,0,-0.390625,-0.195312,0.000455885,6.29915e-06,0.000449586,0.00215872,16,False,False,False,i
2010-10-08,1160.75,127.281,0.00584922,0.000614175,0.00718353,0.00190416,0,-0.478902,-0.239451,-0.00102247,1.74569e-05,-0.00103993,-0.00523504,15,False,False,False,i
2010-10-11,1162,127.359,0.00107689,0.000613798,0.00724572,0.00201503,0,-0.483048,-0.241524,-0.000110888,8.19352e-07,-0.000111707,-0.000463092,14,False,False,False,i
2010-10-12,1165.75,127.062,0.00322719,-0.002331,0.00851304,0.00334538,0,-0.567536,-0.283768,-0.00134244,1.66639e-05,-0.0013591,-0.0055582,13,False,False,False,i
2010-10-13,1174.25,127.219,0.00729144,0.00122971,0.00989851,0.00478902,0,-0.659901,-0.32995,-0.00172013,1.81371e-05,-0.00173826,-0.00606173,12,False,False,False,i
2010-10-14,1170.5,126.562,-0.00319353,-0.00515844,0.00822198,0.00526054,0,-0.548132,-0.274066,-0.000648323,2.19902e-05,-0.000670313,-0.00196491,11,False,False,False,i
2010-10-15,1172.5,126.281,0.00170867,-0.00222222,0.00583659,0.00619956,0,-0.389106,-0.194553,-0.00107732,3.12554e-05,-0.00110858,-0.00393089,10,False,False,False,i
2010-10-18,1180.75,126.812,0.00703625,0.00420688,0.00620165,0.00687102,0,-0.413443,-0.206722,-0.000550462,4.76302e-06,-0.000555225,-0.00282937,9,False,False,False,i
2010-10-19,1162.25,126.984,-0.015668,0.00135535,0.000210298,0.00277283,0,-0.0140199,-0.00700995,0.00351909,7.89243e-05,0.00344017,0.0170234,8,False,False,False,i
2010-10-20,1174.25,126.969,0.0103248,-0.000123047,0.00205194,0.00525908,0,-0.136796,-0.0683979,-7.32389e-05,2.41089e-05,-9.73477e-05,-0.0104478,7,False,False,False,i
2010-10-21,1176.5,126.484,0.00191612,-0.00381492,0.00339207,0.00662882,0,-0.226138,-0.113069,-0.000391991,1.75233e-05,-0.000409514,-0.00573103,6,False,False,False,i
2010-10-22,1179.25,126.422,0.00233744,-0.000494132,0.00401596,0.00730369,0,-0.26773,-0.133865,-0.000320163,8.14627e-06,-0.000328309,-0.00283157,5,False,False,False,i
2010-10-25,1182.25,126.359,0.00254399,-0.000494376,0.00463664,0.00802732,-1,-0.309109,-0.654555,-0.000406731,0.00020365,-0.000610381,-0.00303837,4,False,False,False,i
2010-10-26,1182.25,125.656,0,-0.00556449,0.00553285,0.00935641,-1,-0.368857,-0.684428,-0.00364226,1.16842e-05,-0.00365394,-0.00556449,3,False,False,False,i
2010-10-27,1178.75,125.109,-0.00296046,-0.00435215,0.00563862,0.00968885,-1,-0.375908,-0.687954,-0.000952515,1.3813e-06,-0.000953897,-0.00139169,2,False,False,False,i
2010-10-28,1179.75,125.875,0.000848356,0.00611965,0.00410674,0.00843809,-1,-0.273783,-0.636891,0.0036264,1.9997e-05,0.00360641,0.00527129,1,False,False,False,i
2010-10-29,1180.25,126.297,0.000423819,0.00335154,0.00345623,0.00774168,-1,-0.230415,-0.615208,0.00186464,8.48951e-06,0.00185615,0.00292772,0,True,False,False,i
2010-11-01,1181,126.25,0.000635459,-0.000371149,0.00379952,0.00798159,1,-0.253302,0.373349,-0.000619273,0.000386888,-0.00100616,-0.00100661,20,False,True,False,i
2010-11-02,1190,126.484,0.00762066,0.00185644,0.0051618,0.0013761,0,-0.34412,-0.17206,0.00215207,0.000212477,0.00193959,-0.00576422,19,False,False,False,i
2010-11-03,1195,127,0.00420168,0.00407659,0.00513864,0.00140596,0,-0.342576,-0.171288,-2.1523e-05,3.00012e-07,-2.1823e-05,-0.00012509,18,False,False,False,i
2010-11-04,1217.75,127.859,0.0190377,0.00676673,0.00796519,0.00430648,0,-0.531013,-0.265506,-0.00210186,3.61998e-05,-0.00213806,-0.0122709,17,False,False,False,i
2010-11-05,1222.5,127.391,0.00390064,-0.00366614,0.00965538,0.00611421,0,-0.643692,-0.321846,-0.00200903,2.1596e-05,-0.00203062,-0.00756677,16,False,False,False,i
2010-11-08,1220.5,127.406,-0.00163599,0.000122654,0.00703942,0.00569395,0,-0.469295,-0.234647,0.000566013,3.34575e-05,0.000532555,0.00175865,15,False,False,False,i
2010-11-09,1211.25,126.5,-0.00757886,-0.00711307,0.00512343,0.00558188,0,-0.341562,-0.170781,0.000109296,2.4617e-05,8.46789e-05,0.000465788,14,False,False,False,i
2010-11-10,1215.75,126.906,0.00371517,0.00321146,0.00524768,0.00570177,0,-0.349846,-0.174923,-8.60237e-05,1.5929e-06,-8.76166e-05,-0.000503708,13,False,False,False,i
2010-11-11,1211.5,126.688,-0.00349578,-0.00172371,0.00481853,0.00527736,0,-0.321235,-0.160618,0.000309976,5.5132e-06,0.000304462,0.00177207,12,False,False,False,i
2010-11-12,1197,125.844,-0.0119686,-0.00666009,0.00355365,0.00399642,0,-0.23691,-0.118455,0.000852646,1.63674e-05,0.000836278,0.00530855,11,False,False,False,i
2010-11-15,1195.25,124.594,-0.00146199,-0.00993295,0.00563952,0.00603235,0,-0.375968,-0.187984,-0.00100343,2.70148e-05,-0.00103044,-0.00847096,10,False,False,False,i
2010-11-16,1176.25,125.031,-0.0158963,0.00351141,0.000893722,0.00136008,0,-0.0595815,-0.0297907,0.00364833,6.2063e-05,0.00358627,0.0194077,9,False,False,False,i
2010-11-17,1177,124.828,0.00063762,-0.00162459,0.00161686,0.00190254,0,-0.107791,-0.0538953,-6.7393e-05,9.45313e-06,-7.68461e-05,-0.00226221,8,False,False,False,i
2010-11-18,1195,124.484,0.0152931,-0.00275379,0.00649628,0.00619208,0,-0.433085,-0.216543,-0.000972643,6.3203e-05,-0.00103585,-0.0180469,7,False,False,False,i
2010-11-19,1198,124.531,0.00251046,0.000376553,0.00683947,0.00670064,0,-0.455965,-0.227982,-0.000462082,4.43865e-06,-0.000466521,-0.00213391,6,False,False,False,i
2010-11-22,1196.5,125.125,-0.00125209,0.00476788,0.00464498,0.00526579,0,-0.309665,-0.154833,0.00137245,2.84037e-05,0.00134404,0.00601997,5,False,False,False,i
2010-11-23,1179,125.375,-0.014626,0.001998,-0.000154956,0.00126171,-1,0.0103304,-0.494835,0.00257394,0.000133202,0.00244073,0.016624,4,False,False,False,i
2010-11-24,1196.75,124.266,0.0150551,-0.00884845,0.00591394,0.00696102,-1,-0.394263,-0.697131,-0.0118283,7.85409e-05,-0.0119069,-0.0239036,3,False,False,False,i
2010-11-26,1183.25,124.594,-0.0112806,0.00264051,0.00232048,0.00362062,-1,-0.154699,-0.577349,0.00970481,4.68247e-05,0.00965799,0.0139211,2,False,False,False,i
2010-11-29,1186.75,124.797,0.00295795,0.0016303,0.00267609,0.0039375,-1,-0.178406,-0.589203,-0.000766522,4.62554e-06,-0.000771147,-0.00132766,1,False,False,False,i
2010-11-30,1179.5,124.969,-0.00610912,0.00137724,0.00110006,0.00214114,-1,-0.0733374,-0.536669,0.00441099,2.0576e-05,0.00439041,0.00748636,0,True,False,False,i
2010-12-01,1205.25,123.719,0.0218313,-0.0100025,0.0087321,0.0096982,1,-0.58214,0.20893,-0.0170842,0.000288246,-0.0173724,-0.0318338,21,False,True,False,i
2010-12-02,1220.5,122.438,0.012653,-0.00216478,0.0116073,0.0035325,0,-0.773819,-0.386909,0.00309587,0.00022862,0.00286725,-0.0148178,20,False,False,False,i
2010-12-03,1223.75,122.625,0.00266284,0.00153139,0.00900054,0.00380264,0,-0.600036,-0.300018,-0.000437768,3.32867e-05,-0.000471055,-0.00113145,19,False,False,False,i
2010-12-06,1222.25,123.312,-0.00122574,0.00560652,0.00439482,0.00217061,0,-0.292988,-0.146494,0.0020498,5.88557e-05,0.00199095,0.00683226,18,False,False,False,i
2010-12-07,1223,121.531,0.000613622,-0.014445,0.00807686,0.00579757,0,-0.538457,-0.269229,-0.002206,4.7035e-05,-0.00225303,-0.0150586,17,False,False,False,i
2010-12-08,1227.5,120.797,0.00367948,-0.00604268,0.0101774,0.00811965,0,-0.678497,-0.339248,-0.00261749,2.67744e-05,-0.00264426,-0.00972216,16,False,False,False,i
2010-12-09,1232.75,120.781,0.00427699,-0.000129349,0.00969678,0.00916705,0,-0.646452,-0.323226,-0.00149484,6.11114e-06,-0.00150095,-0.00440634,15,False,False,False,i
2010-12-10,1239.75,120,0.00567836,-0.00646831,0.0112191,0.0120563,0,-0.747943,-0.373971,-0.00392612,1.929e-05,-0.00394541,-0.0121467,14,False,False,False,i
2010-12-13,1235.5,120.516,0.000404858,0.00429688,0.00891123,0.0111339,0,-0.594082,-0.297041,0.0014555,2.93035e-05,0.0014262,0.00389202,13,False,False,False,i
2010-12-14,1236.25,119.344,0.000607042,-0.00972384,0.00526427,0.0135974,0,-0.350951,-0.175476,-0.0030687,4.62886e-05,-0.00311498,-0.0103309,12,False,False,False,i
2010-12-15,1231,119.016,-0.00424671,-0.00274941,0.00480953,0.0132411,0,-0.320635,-0.160318,0.00026274,5.78638e-06,0.000256954,0.0014973,11,False,False,False,i
2010-12-16,1238,119.438,0.00568643,0.0035447,0.00389359,0.0137466,0,-0.259573,-0.129786,-0.000343357,1.16156e-05,-0.000354973,-0.00214173,10,False,False,False,i
2010-12-17,1239.75,120.266,0.00141357,0.00693354,0.00255828,0.0124427,0,-0.170552,-0.085276,0.000716417,1.69198e-05,0.000699497,0.00551997,9,False,False,False,i
2010-12-20,1242.25,120.188,0.00201654,-0.000649604,0.00324687,0.0130749,0,-0.216458,-0.108229,-0.000227358,8.71477e-06,-0.000236073,-0.00266614,8,False,False,False,i
2010-12-21,1249.75,120.359,0.00603743,0.00143006,0.00432037,0.0141632,0,-0.288024,-0.144012,-0.000498652,1.35376e-05,-0.00051219,-0.00460737,7,False,False,False,i
2010-12-22,1254.25,120.031,0.00360072,-0.00272621,0.00578922,0.0156607,0,-0.385948,-0.192974,-0.000911155,1.8484e-05,-0.000929639,-0.00632693,6,False,False,False,i
2010-12-23,1252.25,119.547,-0.00159458,-0.00403541,0.00631527,0.0162397,0,-0.421018,-0.210509,-0.000471016,6.62602e-06,-0.000477642,-0.00244083,5,False,False,False,i
2010-12-27,1253,119.984,0.000598922,0.00365965,0.00483922,0.0155172,-1,-0.322614,-0.661307,0.000644311,0.000170286,0.000474025,0.00306073,4,False,False,False,i
2010-12-28,1254.5,118.953,0.00119713,-0.00859487,0.00683943,0.0178405,-1,-0.455962,-0.727981,-0.00647552,2.51678e-05,-0.00650069,-0.009792,3,False,False,False,i
2010-12-29,1255.75,120.188,0.000996413,0.010377,0.00452113,0.0156357,-1,-0.301409,-0.650704,0.00682888,2.91529e-05,0.00679973,0.00938057,2,False,False,False,i
2010-12-30,1254,120.016,-0.00139359,-0.00143006,0.00348446,0.0156444,-1,-0.232297,-0.616149,-2.37297e-05,1.3047e-05,-3.67767e-05,-3.64677e-05,1,False,False,False,i
2010-12-31,1254.25,120.344,0.000199362,0.00273402,0.00287837,0.0150453,-1,-0.191891,-0.595946,0.00156173,7.62705e-06,0.0015541,0.00253466,0,True,False,False,i
2011-01-03,1266.75,120.188,0.00996612,-0.00129836,0.00558368,0.0176974,1,-0.372246,0.313877,-0.00671302,0.000341472,-0.00705449,-0.0112645,19,False,True,False,i
2011-01-04,1265.5,120.391,-0.000986777,0.00169007,0.00484093,-0.000642389,0,-0.322728,-0.161364,-0.0008402,0.00017847,-0.00101867,0.00267684,18,False,False,False,i
2011-01-05,1272.75,119.391,0.00572896,-0.00830629,0.00816367,0.00272751,0,-0.544244,-0.272122,-0.00226479,4.1454e-05,-0.00230624,0.0140353,17,False,False,False,i
2011-01-06,1270.25,119.891,-0.00196425,0.00418793,0.00656864,0.0012551,0,-0.43791,-0.218955,0.00167415,1.99223e-05,0.00165422,0.00615218,16,False,False,False,i
2011-01-07,1267.5,120.625,-0.00216493,0.00612537,0.00314641,-0.000730216,0,-0.20976,-0.10488,0.0018152,4.27993e-05,0.0017724,0.0082903,15,False,False,False,i
2011-01-10,1266.25,121,-0.000986193,0.00310881,0.00224344,-0.00171297,0,-0.149563,-0.0747814,0.000429485,1.12992e-05,0.000418185,-0.004095,14,False,False,False,i
2011-01-11,1270.75,120.578,0.0035538,-0.00348657,0.00408035,-2.21157e-05,0,-0.272023,-0.136012,-0.000526489,2.29381e-05,-0.000549427,0.00704037,13,False,False,False,i
2011-01-12,1282.25,120.469,0.00904977,-0.000907088,0.00643366,0.00235553,0,-0.428911,-0.214455,-0.00135425,2.92317e-05,-0.00138348,0.00995686,12,False,False,False,i
2011-01-13,1280,121.109,-0.00175473,0.00531777,0.00449948,0.00066329,0,-0.299966,-0.149983,0.00151673,2.40501e-05,0.00149268,0.0070725,11,False,False,False,i
2011-01-14,1289,120.906,0.00703125,-0.0016772,0.00661264,0.00274476,0,-0.440843,-0.220421,-0.00130612,2.61681e-05,-0.00133229,-0.00870845,10,False,False,False,i
2011-01-18,1291.75,120.594,0.00213344,-0.00258465,0.0076431,0.00387418,0,-0.50954,-0.25477,-0.00103997,1.27447e-05,-0.00105271,-0.00471808,9,False,False,False,i
2011-01-19,1278.75,120.75,-0.0100639,0.00129567,0.00475236,0.00114166,0,-0.316824,-0.158412,0.00289407,3.5965e-05,0.00285811,0.0113595,8,False,False,False,i
2011-01-20,1277.25,119.938,-0.00117302,-0.00672878,0.00553841,0.0024783,0,-0.369227,-0.184614,-0.000880098,9.78637e-06,-0.000889885,-0.00555576,7,False,False,False,i
2011-01-21,1280.25,120.234,0.0023488,0.00247525,0.00551069,0.00244809,0,-0.367379,-0.18369,2.33446e-05,3.4469e-07,2.29999e-05,0.000126451,6,False,False,False,i
2011-01-24,1287.5,120.234,0.00566296,0,0.00680957,0.00379978,0,-0.453971,-0.226986,-0.00104023,1.60955e-05,-0.00105632,-0.00566296,5,False,False,False,i
2011-01-25,1287.5,120.812,0,0.00480832,0.00561246,0.00265169,-1,-0.374164,-0.687082,0.00109142,0.000171043,0.000920375,0.00480832,4,False,False,False,i
2011-01-26,1293,120.297,0.00427184,-0.00426798,0.00768652,0.00469487,-1,-0.512435,-0.756217,-0.00586756,2.56375e-05,-0.0058932,-0.00853982,3,False,False,False,i
2011-01-27,1296.25,120.578,0.00251353,0.00233797,0.00764952,0.00473673,-1,-0.509968,-0.754984,-0.000132768,4.56794e-07,-0.000133225,-0.000175568,2,False,False,False,i
2011-01-28,1273,121.109,-0.0179364,0.00440586,0.000986591,-0.000652806,1,-0.0657727,0.467114,0.016868,0.000457348,0.0164107,0.0223422,1,False,False,False,i
2011-01-31,1282.75,120.781,0.00765907,-0.00270933,0.00367165,0.00182826,-1,-0.244777,-0.622388,0.00484322,0.000405905,0.00443732,0.0103684,0,True,False,False,i
2011-02-01,1303.5,120.25,0.0161762,-0.00439845,0.00879511,0.00671953,1,-0.586341,0.20683,-0.0128054,0.000306052,-0.0131115,-0.0205746,18,False,True,False,i
2011-02-02,1300.5,119.938,-0.0023015,-0.00259875,0.00867766,7.15147e-05,0,-0.578511,-0.289255,6.14815e-05,0.000183344,-0.000121862,-0.000297257,17,False,False,False,i
2011-02-03,1303.75,119.359,0.00249904,-0.00482022,0.00827818,0.00182878,0,-0.551879,-0.275939,-0.00211713,4.91417e-06,-0.00212205,-0.00731926,16,False,False,False,i
2011-02-04,1307.25,118.641,0.00268456,-0.00602173,0.0102865,0.00391671,0,-0.685764,-0.342882,-0.00240241,2.46662e-05,-0.00242708,-0.00870629,15,False,False,False,i
2011-02-07,1315.5,118.578,0.00631096,-0.000526801,0.00951206,0.00554644,0,-0.634138,-0.317069,-0.00234454,9.47665e-06,-0.00235402,-0.00683776,14,False,False,False,i
2011-02-08,1321.5,117.922,0.004561,-0.00553433,0.0101832,0.00795642,0,-0.678878,-0.339439,-0.00320091,8.19108e-06,-0.0032091,-0.0100953,13,False,False,False,i
2011-02-09,1318.75,118.453,-0.00208097,0.0045051,0.0062198,0.00638745,0,-0.414653,-0.207327,0.00223557,4.84327e-05,0.00218714,0.00658607,12,False,False,False,i
2011-02-10,1319.25,118.109,0.000379147,-0.00290199,0.00582317,0.00717131,0,-0.388211,-0.194106,-0.000680267,4.84571e-06,-0.000685113,-0.00328114,11,False,False,False,i
2011-02-11,1327,118.547,0.00587455,0.00370419,0.00633883,0.00768638,0,-0.422589,-0.211294,-0.000421279,6.27873e-06,-0.000427557,-0.00217036,10,False,False,False,i
2011-02-14,1329.75,118.531,0.00207234,-0.000131804,0.00684426,0.00821123,0,-0.456284,-0.228142,-0.000465724,6.14678e-06,-0.000471871,-0.00220415,9,False,False,False,i
2011-02-15,1326,118.719,-0.00282008,0.00158186,0.0057728,0.00716114,0,-0.384853,-0.192427,0.00100427,1.30519e-05,0.000991216,0.00440194,8,False,False,False,i
2011-02-16,1333.75,118.609,0.00584465,-0.000921295,0.00715178,0.0087698,0,-0.476786,-0.238393,-0.00130195,1.67415e-05,-0.00131869,-0.00676594,7,False,False,False,i
2011-02-17,1338.25,119.016,0.00337395,0.00342511,0.00707736,0.00875765,0,-0.471824,-0.235912,1.21969e-05,9.01732e-07,1.12952e-05,5.1163e-05,6,False,False,False,i
2011-02-18,1341.5,119.062,0.00242854,0.000393856,0.00647569,0.00924147,0,-0.431712,-0.215856,-0.000480008,7.28031e-06,-0.000487288,-0.00203469,5,False,False,False,i
2011-02-22,1314,120.109,-0.0204994,0.00879265,-0.00059576,0.0022043,-1,0.0397173,-0.480141,0.00632288,9.70902e-05,0.00622579,0.0292921,4,False,False,False,i
2011-02-23,1306.25,119.859,-0.00589802,-0.00208144,-0.00183921,0.001286,-1,0.122614,-0.438693,0.0018325,1.52792e-05,0.00181722,0.00381659,3,False,False,False,i
2011-02-24,1305,119.953,-0.000956938,0.000782167,-0.00083635,0.000868953,-1,0.0557567,-0.472122,0.000762933,1.23298e-05,0.000750603,0.0017391,2,False,False,False,i
2011-02-25,1319,120.25,0.010728,0.00247493,0.00142086,0.00283364,-1,-0.0947242,-0.547362,-0.00389644,2.75802e-05,-0.00392402,-0.00825304,1,False,False,False,i
2011-02-28,1327.25,120.328,0.00625474,0.000649688,0.00268336,0.00417024,-1,-0.17889,-0.589445,-0.00306799,1.53705e-05,-0.00308336,-0.00560505,0,True,False,False,i
2011-03-01,1304.75,120.5,-0.0169523,0.00142839,-0.00192342,-0.000268433,1,0.128228,0.564114,0.0108344,0.000425525,0.0104089,0.0183807,22,False,True,False,i
2011-03-02,1307.75,118.641,0.00229929,-0.00458836,-3.63887e-05,0.00165379,0,0.00242591,0.00121296,0.00388542,0.000207366,0.00367805,0.00688765,21,False,False,False,i
2011-03-03,1330.25,117.859,0.0172051,-0.00658501,0.00567266,0.00731176,0,-0.378177,-0.189089,2.88564e-05,6.94155e-05,-4.05591e-05,-0.0237901,20,False,False,False,i
2011-03-04,1320.25,118.641,-0.00751738,0.00662866,0.0020695,0.00393152,0,-0.137967,-0.0689835,0.00267485,4.40017e-05,0.00263085,0.014146,19,False,False,False,i
2011-03-07,1309.75,118.484,-0.00795304,-0.001317,-1.96573e-05,0.00233569,0,0.00131048,0.000655242,0.000457777,2.56313e-05,0.000432145,0.00663604,18,False,False,False,i
2011-03-08,1321.25,118.344,0.0087803,-0.00118687,0.00242218,0.00471166,0,-0.161479,-0.0807395,6.53091e-06,2.98067e-05,-2.32758e-05,-0.00996717,17,False,False,False,i
2011-03-09,1319.25,118.875,-0.00151372,0.00448904,0.000864121,0.00327802,0,-0.057608,-0.028804,0.00048466,1.90354e-05,0.000465624,0.00600276,16,False,False,False,i
2011-03-10,1294.75,119.781,-0.0185712,0.00762355,-0.00541284,-0.00304296,0,0.360856,0.180428,0.000754513,7.75282e-05,0.000676985,0.0261947,15,False,False,False,i
2011-03-11,1303.75,119.703,0.00695115,-0.000652231,-0.00304498,-0.00122067,0,0.202999,0.101499,0.00137186,2.91281e-05,0.00134273,0.00760338,14,False,False,False,i
2011-03-14,1291.5,120.016,-0.00596498,0.00261063,-0.00327698,-0.00328611,0,0.218465,0.109233,-0.000870419,2.86967e-06,-0.000873289,-0.00857561,13,False,False,False,i
2011-03-15,1276.75,120.344,-0.0114208,0.00273402,-0.00661342,-0.006712,0,0.440894,0.220447,-0.00154617,4.15482e-05,-0.00158772,-0.0141548,12,False,False,False,i
2011-03-16,1252.5,121.312,-0.0189935,0.00804986,-0.0128459,-0.0132901,0,0.856393,0.428196,-0.00596164,7.84944e-05,-0.00604014,-0.0270434,11,False,False,False,i
2011-03-17,1268.5,120.938,0.0127745,-0.00309119,-0.00399631,-0.00946673,0,0.266421,0.13321,0.00679361,0.000110624,0.00668299,0.0158656,10,False,False,False,i
2011-03-18,1273.75,120.719,0.00413875,-0.00180879,0.00163915,-0.00803104,0,-0.109276,-0.0546382,0.000792272,7.02746e-05,0.000721998,0.00594753,9,False,False,False,i
2011-03-21,1293,120.172,0.0151129,-0.00453016,0.00585934,-0.00331988,0,-0.390623,-0.195311,-0.00107326,5.21658e-05,-0.00112543,0.019643,8,False,False,False,i
2011-03-22,1289,120.078,-0.00309358,-0.000780133,0.00436659,-0.00387782,0,-0.291106,-0.145553,0.000451843,1.84853e-05,0.000433357,-0.00231345,7,False,False,False,i
2011-03-23,1292.5,119.984,0.00271528,-0.000780742,0.00412139,-0.00303721,0,-0.274759,-0.13738,-0.000508857,3.03159e-06,-0.000511889,0.00349602,6,False,False,False,i
2011-03-24,1304.75,119.438,0.00947776,-0.00455789,0.00743262,0.000326887,0,-0.495508,-0.247754,-0.00192821,4.07148e-05,-0.00196893,0.0140356,5,False,False,False,i
2011-03-25,1308.25,119.203,0.00268251,-0.00196232,0.00841023,0.00144042,-1,-0.560682,-0.780341,-0.00115077,0.000196155,-0.00134693,-0.00464483,4,False,False,False,i
2011-03-28,1305.5,119.141,-0.00210204,-0.000524315,0.00486495,0.00106167,-1,-0.32433,-0.662165,0.00123117,4.35782e-05,0.00118759,0.00157773,3,False,False,False,i
2011-03-29,1314.25,118.797,0.00670241,-0.00288525,0.00659541,0.00335406,-1,-0.439694,-0.719847,-0.00634861,2.11883e-05,-0.0063698,-0.00958766,2,False,False,False,i
2011-03-30,1323.5,119.188,0.00703823,0.00328818,0.00739708,0.00424656,-1,-0.493139,-0.746569,-0.00269947,9.77607e-06,-0.00270924,-0.00375006,1,False,False,False,i
2011-03-31,1321.75,118.859,-0.00132225,-0.00275302,0.00699496,0.00458935,-1,-0.466331,-0.733165,-0.00106816,4.90746e-06,-0.00107307,-0.00143076,0,True,False,False,i
2011-04-01,1327.25,118.984,0.00416115,0.00105166,0.00760004,0.00533054,1,-0.50667,0.246665,-0.00227977,0.000357875,-0.00263764,-0.00310949,19,False,True,False,i
2011-04-04,1328.5,119.25,0.000941797,0.00223244,0.00711435,-0.000309302,0,-0.47429,-0.237145,-0.000318356,0.000176612,-0.000494967,0.00129064,18,False,False,False,i
2011-04-05,1327.75,118.766,-0.000564546,-0.00406184,0.00688627,0.000531918,0,-0.459085,-0.229542,-0.000829367,2.77616e-06,-0.000832143,0.0034973,17,False,False,False,i
2011-04-06,1332,118.328,0.0032009,-0.00368373,0.00849539,0.00218275,0,-0.566359,-0.28318,-0.00158031,1.95502e-05,-0.00159986,-0.00688463,16,False,False,False,i
2011-04-07,1329,118.484,-0.00225225,0.00132048,0.00693222,0.00132616,0,-0.462148,-0.231074,0.00101172,1.90167e-05,0.000992708,0.00357273,15,False,False,False,i
2011-04-08,1323.75,118.266,-0.00395034,-0.00184623,0.00570408,0.000820162,0,-0.380272,-0.190136,0.000486203,1.49751e-05,0.000471228,0.0021041,14,False,False,False,i
2011-04-11,1320,118.359,-0.00283286,0.000792707,0.00485662,-5.05837e-05,0,-0.323775,-0.161887,0.000689351,1.03503e-05,0.000679001,0.00362557,13,False,False,False,i
2011-04-12,1310.25,119.109,-0.00738636,0.00633663,0.00160446,-0.0033505,0,-0.106964,-0.0534819,0.00222158,3.98909e-05,0.00218169,-0.013723,12,False,False,False,i
2011-04-13,1310,119.359,-0.000190803,0.00209891,0.00136327,-0.00390114,0,-0.0908849,-0.0454424,0.000122458,2.95869e-06,0.0001195,-0.00228971,11,False,False,False,i
2011-04-14,1311.25,119.125,0.000954198,-0.00196361,0.002435,-0.00319847,0,-0.162333,-0.0811667,-0.000132592,1.314e-05,-0.000145732,0.00291781,10,False,False,False,i
2011-04-15,1316.25,119.797,0.00381316,0.00564008,0.00197253,-0.0036361,0,-0.131502,-0.065751,0.000148286,5.65763e-06,0.000142628,-0.00182693,9,False,False,False,i
2011-04-18,1301,120.125,-0.0115859,0.00273901,-0.00146273,-0.00710444,0,0.0975152,0.0487576,0.00094188,4.23107e-05,0.00089957,-0.014325,8,False,False,False,i
2011-04-19,1308.25,120.219,0.00557264,0.000780437,-0.000182678,-0.00595192,0,0.0121786,0.00608928,0.000233656,1.5715e-05,0.000217941,0.0047922,7,False,False,False,i
2011-04-20,1327,119.891,0.0143321,-0.0027294,0.00468259,-0.0018677,0,-0.312172,-0.156086,0.000103892,5.92397e-05,4.46527e-05,0.0170615,6,False,False,False,i
2011-04-21,1333,119.984,0.00452148,0.000781963,0.00541746,-0.000971536,0,-0.361164,-0.180582,-0.000583686,8.92461e-06,-0.000592611,0.00373951,5,False,False,False,i
2011-04-25,1331.5,120.312,-0.00112528,0.00273473,0.00369835,-0.00189829,1,-0.246557,0.376722,0.000697049,0.000203175,0.000493873,-0.00386001,4,False,False,False,i
2011-04-26,1343.5,120.734,0.00901239,0.00350649,0.00504206,-0.000583746,1,-0.336138,0.331931,0.00207419,1.62451e-05,0.00205795,0.0055059,3,False,False,False,i
2011-04-27,1351.75,120.578,0.00614068,-0.00129416,0.0067624,0.00119585,-1,-0.450827,-0.725413,0.00246786,0.000382144,0.00208571,0.00743484,2,False,False,False,i
2011-04-28,1356.5,120.969,0.00351396,0.0032396,0.00648569,0.00126141,-1,-0.432379,-0.71619,-0.000199026,3.32693e-06,-0.000202353,-0.000274362,1,False,False,False,i
2011-04-29,1360,121.172,0.00258017,0.00167915,0.00625009,0.00147695,-1,-0.416673,-0.708336,-0.000645299,2.82845e-06,-0.000648127,-0.000901017,0,True,False,False,i
2011-05-02,1357.5,121.219,-0.00183824,0.000386847,0.00571022,0.000943082,-1,-0.380681,-0.690341,0.00157611,6.48821e-06,0.00156962,0.00222508,20,False,True,False,i
2011-05-03,1352.75,121.438,-0.00349908,0.00180459,0.00446258,-0.00127464,0,-0.297505,-0.148753,0.00366134,0.000195657,0.00346568,0.00530367,19,False,False,False,i
2011-05-04,1343.75,121.625,-0.00665311,0.001544,0.00254549,-0.00325067,0,-0.169699,-0.0848496,0.00121934,2.31745e-05,0.00119617,-0.00819712,18,False,False,False,i
2011-05-05,1331.5,122.141,-0.00911628,0.00423947,-0.00045089,-0.00647662,0,0.0300594,0.0150297,0.00113323,3.64128e-05,0.00109682,-0.0133557,17,False,False,False,i
2011-05-06,1337,122.219,0.00413068,0.000639632,0.000769764,-0.00563667,0,-0.0513176,-0.0256588,5.24693e-05,1.47985e-05,3.76708e-05,0.00349105,16,False,False,False,i
2011-05-09,1342.25,122.453,0.0039267,0.00191767,0.00205056,-0.00515381,0,-0.136704,-0.0683519,-5.15494e-05,1.54926e-05,-6.7042e-05,0.00200903,15,False,False,False,i
2011-05-10,1354,122,0.00875396,-0.0037004,0.00500432,-0.00216334,0,-0.333621,-0.166811,-0.000851278,3.55509e-05,-0.000886829,0.0124544,14,False,False,False,i
2011-05-11,1339.5,122.359,-0.010709,0.0029457,0.00160935,-0.00546354,0,-0.10729,-0.053645,0.00227775,4.11145e-05,0.00223664,-0.0136547,13,False,False,False,i
2011-05-12,1346,122.188,0.00485256,-0.00140467,0.00317992,-0.00395864,0,-0.211995,-0.105997,-0.000335669,1.89674e-05,-0.000354636,0.00625723,12,False,False,False,i
2011-05-13,1335.25,122.531,-0.00798663,0.0028133,0.000527908,-0.00656846,0,-0.0351939,-0.0175969,0.00114476,3.21758e-05,0.00111259,-0.0107999,11,False,False,False,i
2011-05-16,1327,122.766,-0.00617862,0.00191278,-0.00127605,-0.00852633,0,0.0850701,0.042535,0.000142384,2.19651e-05,0.000120419,-0.0080914,10,False,False,False,i
2011-05-17,1327,123.016,0,0.0020364,-0.0016899,-0.00901798,0,0.11266,0.05633,-8.66184e-05,5.03904e-06,-9.16574e-05,-0.0020364,9,False,False,False,i
2011-05-18,1338.75,122.469,0.00885456,-0.00444557,0.0018787,-0.00581398,0,-0.125247,-0.0626235,0.000749196,4.32312e-05,0.000705965,0.0133001,8,False,False,False,i
2011-05-19,1341.75,122.609,0.0022409,0.00114825,0.00201771,-0.00555099,0,-0.134514,-0.0672569,-6.84252e-05,1.68176e-06,-7.01069e-05,0.00109264,7,False,False,False,i
2011-05-20,1331.25,122.844,-0.0078256,0.00191156,-0.000732191,-0.00790755,0,0.0488127,0.0244064,0.000654891,3.34211e-05,0.00062147,-0.00973716,6,False,False,False,i
2011-05-23,1315.5,123.016,-0.011831,0.00139914,-0.00383934,-0.0111236,0,0.255956,0.127978,-0.000322899,3.80238e-05,-0.000360923,-0.0132301,5,False,False,False,i
2011-05-24,1314.5,123.141,-0.000760167,0.00101613,-0.00371703,-0.0115536,1,0.247802,0.623901,-0.000227327,0.000182147,-0.000409474,-0.0017763,4,False,False,False,i
2011-05-25,1318.5,123.156,0.00304298,0.000126887,-0.00192188,-0.0108487,1,0.128125,0.564063,0.00181935,2.19393e-05,0.00179742,0.00291609,3,False,False,False,i
2011-05-26,1324.75,123.781,0.00474024,0.00507485,-0.00202878,-0.0109293,1,0.135252,0.567626,-0.000188746,1.30295e-06,-0.000190049,-0.000334619,2,False,False,False,i
2011-05-27,1330,123.891,0.00396301,0.000883615,-0.00128753,-0.0101859,1,0.0858352,0.542918,0.00174795,9.0138e-06,0.00173893,0.0030794,1,False,False,False,i
2011-05-31,1344,124.031,0.0105263,0.00113507,0.000925039,-0.00792891,1,-0.0616693,0.469165,0.00509867,2.67435e-05,0.00507193,0.00939124,0,True,False,False,i
2011-06-01,1313.25,124.922,-0.0228795,0.00718065,-0.00644878,-0.015267,-1,0.429918,-0.285041,-0.0141032,0.000277164,-0.0143803,-0.0300601,21,False,True,False,i
2011-06-02,1311.75,122.938,-0.0011422,-0.00455466,-0.00488593,0.000821047,0,0.325729,0.162864,-0.000972688,0.00016471,-0.0011374,0.00341245,20,False,False,False,i
2011-06-03,1299,123.344,-0.00971984,0.00330452,-0.00588274,-0.00231684,0,0.392183,0.196091,-0.00212121,1.22883e-05,-0.00213349,0.0130244,19,False,False,False,i
2011-06-06,1285.25,123.344,-0.0105851,0,-0.00833009,-0.00487831,0,0.555339,0.27767,-0.00207564,3.03582e-05,-0.002106,-0.0105851,18,False,False,False,i
2011-06-07,1284,123.5,-0.000972573,0.00126678,-0.00519494,-0.00541792,0,0.346329,0.173165,-0.000621802,3.89123e-05,-0.000660714,-0.00223936,17,False,False,False,i
2011-06-08,1278.75,123.797,-0.00408879,0.00240385,-0.00592276,-0.00698528,0,0.394851,0.197425,-0.00112429,9.05514e-06,-0.00113335,-0.00649263,16,False,False,False,i
2011-06-09,1288.25,123.281,0.00742913,-0.00416509,-0.00236493,-0.0041946,0,0.157662,0.0788311,0.00228899,4.4073e-05,0.00224492,0.0115942,15,False,False,False,i
2011-06-10,1269.75,123.562,-0.0143606,0.00228137,-0.00636325,-0.00823316,0,0.424217,0.212108,-0.0013119,4.99517e-05,-0.00136185,-0.0166419,14,False,False,False,i
2011-06-13,1266.25,123.391,0.00158197,-0.001391,-0.0054917,-0.00751522,0,0.366113,0.183057,0.000630591,1.09062e-05,0.000619684,0.00297296,13,False,False,False,i
2011-06-14,1282.5,122.578,0.0128332,-0.00658478,-0.000288341,-0.00284978,0,0.0192228,0.00961138,0.00355458,6.46262e-05,0.00348996,0.0194179,12,False,False,False,i
2011-06-15,1259.25,123.719,-0.0181287,0.00930529,-0.00710005,-0.00949638,0,0.473337,0.236668,-0.000263678,8.55173e-05,-0.000349195,-0.0274339,11,False,False,False,i
2011-06-16,1262,123.984,0.00218384,0.00214701,-0.00668463,-0.00948749,0,0.445642,0.222821,8.71715e-06,5.20868e-06,3.50847e-06,3.68328e-05,10,False,False,False,i
2011-06-17,1266.25,123.984,0.00336767,0,-0.00554187,-0.00867478,0,0.369458,0.184729,0.000750388,1.42999e-05,0.000736088,0.00336767,9,False,False,False,i
2011-06-20,1272.75,123.906,0.00513327,-0.00063012,-0.00418749,-0.00728586,0,0.279166,0.139583,0.00106466,1.6897e-05,0.00104777,0.00576339,8,False,False,False,i
2011-06-21,1289.75,123.719,0.0133569,-0.00151324,-0.000685944,-0.00372216,0,0.0457296,0.0228648,0.00207562,4.33464e-05,0.00203228,0.0148701,7,False,False,False,i
2011-06-22,1282,123.719,-0.00600892,0,-0.00271164,-0.00517389,0,0.180776,0.0903881,-0.000137393,2.51651e-05,-0.000162558,-0.00600892,6,False,False,False,i
2011-06-23,1278.5,124.266,-0.00273011,0.00442031,-0.00470513,-0.00689691,0,0.313675,0.156838,-0.000646312,2.48046e-05,-0.000671117,-0.00715042,5,False,False,False,i
2011-06-24,1263.25,124.781,-0.011928,0.00414938,-0.00841088,-0.0107979,1,0.560725,0.780363,-0.00252154,0.000234402,-0.00275594,-0.0160774,4,False,False,False,i
2011-06-27,1274.75,124.469,0.0091035,-0.00250438,-0.00519914,-0.00800044,1,0.346609,0.673305,0.00905836,4.00322e-05,0.00901833,0.0116079,3,False,False,False,i
2011-06-28,1291.75,123.438,0.0133359,-0.00828521,0.00225131,-0.00280162,1,-0.150088,0.424956,0.0145576,9.21471e-05,0.0144655,0.0216212,2,False,False,False,i
2011-06-29,1303.25,122.797,0.00890265,-0.00518987,0.00511383,0.000577474,-1,-0.340922,-0.670461,0.00598871,0.000404348,0.00558436,0.0140925,1,False,False,False,i
2011-06-30,1315.25,122.25,0.00920775,-0.00445349,0.00692923,0.00384234,-1,-0.461949,-0.730974,-0.00915933,2.22184e-05,-0.00918155,-0.0136612,0,True,False,False,i
2011-07-01,1334.75,122,0.0148261,-0.00204499,0.00969697,0.00784559,-1,-0.646464,-0.823232,-0.0123323,3.35871e-05,-0.0123659,-0.0168711,19,False,True,False,i
2011-07-05,1333.25,122.734,-0.00112381,0.00601947,0.0062552,-0.00171142,0,-0.417013,-0.208507,0.00588057,0.00022394,0.00565663,0.00714327,18,False,False,False,i
2011-07-06,1335.25,122.922,0.00150009,0.00152769,0.00408762,-0.00171804,0,-0.272508,-0.136254,5.75387e-06,2.62983e-05,-2.05445e-05,-2.75956e-05,17,False,False,False,i
2011-07-07,1349.5,122.469,0.0106722,-0.00368628,0.00757037,0.00171604,0,-0.504691,-0.252346,-0.0019564,4.19977e-05,-0.00199839,0.0143584,16,False,False,False,i
2011-07-08,1339.75,123.703,-0.0072249,0.0100791,0.00331094,-0.00243232,0,-0.220729,-0.110365,0.00436659,5.15779e-05,0.00431501,0.017304,15,False,False,False,i
2011-07-11,1315,124.5,-0.0184736,0.00644183,-0.002487,-0.00847503,0,0.1658,0.0828999,0.00274978,7.0968e-05,0.00267881,-0.0249154,14,False,False,False,i
2011-07-12,1309.25,124.75,-0.00437262,0.00200803,-0.00379184,-0.0100195,0,0.252789,0.126395,-0.000528955,1.60123e-05,-0.000544968,-0.00638066,13,False,False,False,i
2011-07-13,1313.75,124.906,0.00343708,0.00125251,-0.00121772,-0.00949236,0,0.081181,0.0405905,0.000276119,3.15253e-05,0.000244594,0.00218458,12,False,False,False,i
2011-07-14,1304.75,124.359,-0.00685062,-0.00437828,-0.00146998,-0.0100937,0,0.0979989,0.0489994,-0.000100353,3.10188e-06,-0.000103455,-0.00247233,11,False,False,False,i
2011-07-15,1312.25,124.859,0.00574823,0.00402061,-0.00103402,-0.00967786,0,0.0689347,0.0344673,8.46525e-05,5.34277e-06,7.93097e-05,0.00172762,10,False,False,False,i
2011-07-18,1301,124.828,-0.00857306,-0.000250282,-0.00284258,-0.0117011,0,0.189506,0.0947528,-0.000286864,2.22754e-05,-0.000309139,-0.00832278,9,False,False,False,i
2011-07-19,1322.75,125.094,0.0167179,0.00212793,0.000706305,-0.00820481,0,-0.047087,-0.0235435,0.00138244,4.32917e-05,0.00133915,0.01459,8,False,False,False,i
2011-07-20,1321.5,124.594,-0.000945001,-0.003997,0.00123755,-0.00746591,0,-0.082503,-0.0412515,-7.18548e-05,6.48396e-06,-7.83388e-05,0.003052,7,False,False,False,i
2011-07-21,1340.25,124.031,0.0141884,-0.00451467,0.00566321,-0.00297974,0,-0.377547,-0.188774,-0.000771531,5.35794e-05,-0.00082511,0.0187031,6,False,False,False,i
2011-07-22,1341,124.328,0.000559597,0.00239355,0.00478558,-0.00342039,0,-0.319039,-0.159519,0.000346202,1.06216e-05,0.00033558,-0.00183395,5,False,False,False,i
2011-07-25,1333.75,124.094,-0.00540641,-0.00188513,0.00277986,-0.00427126,1,-0.185324,0.407338,0.000561712,0.000206457,0.000355255,-0.00352128,4,False,False,False,i
2011-07-26,1328.5,124.469,-0.00393627,0.00302191,0.0011447,-0.00594892,1,-0.0763131,0.461843,-0.00283433,1.98969e-05,-0.00285423,-0.00695818,3,False,False,False,i
2011-07-27,1301.25,124.25,-0.0205119,-0.00175747,-0.00334646,-0.0105307,1,0.223097,0.611549,-0.00866159,5.53096e-05,-0.0087169,-0.0187544,2,False,False,False,i
2011-07-28,1297.5,124.453,-0.00288184,0.00163481,-0.00369596,-0.0116249,1,0.246398,0.623199,-0.00276215,4.31149e-06,-0.00276646,-0.00451665,1,False,False,False,i
2011-07-29,1288.25,125.766,-0.00712909,0.0105461,-0.00664555,-0.015905,1,0.443036,0.721518,-0.0110152,3.65383e-05,-0.0110517,-0.0176752,0,True,False,False,i
2011-08-01,1282.75,126.047,-0.00426936,0.0022363,-0.00784902,-0.0174879,-1,0.523268,-0.238366,-0.00469395,0.000357615,-0.00505157,-0.00650566,22,False,True,False,i
2011-08-02,1250,127.031,-0.0255311,0.00780959,-0.0122625,-0.00810055,0,0.817503,0.408751,0.00794729,0.000244791,0.00770249,-0.0333407,21,False,False,False,i
2011-08-03,1257,126.984,0.0056,-0.000369004,-0.00900435,-0.00666326,0,0.60029,0.300145,0.00243984,4.0948e-05,0.00239889,0.005969,20,False,False,False,i
2011-08-04,1196.75,128.297,-0.0479316,0.0103359,-0.019301,-0.0210717,0,1.28673,0.643367,-0.0174887,0.000133255,-0.017622,-0.0582675,19,False,False,False,i
2011-08-05,1195,127,-0.00146229,-0.0101084,-0.0161397,-0.0189533,0,1.07598,0.53799,0.00556261,4.09482e-05,0.00552167,0.0086461,18,False,False,False,i
2011-08-08,1117,128.594,-0.065272,0.0125492,-0.0202094,-0.0385372,0,1.34729,0.673645,-0.041867,5.49335e-05,-0.041922,-0.0778212,17,False,False,False,i
2011-08-09,1169.5,129.281,0.0470009,0.00534629,-0.00895691,-0.0285673,0,0.597127,0.298564,0.0280604,0.000147669,0.0279127,0.0416546,16,False,False,False,i
2011-08-10,1116.75,130.406,-0.0451047,0.00870196,-0.0150586,-0.0420415,0,1.00391,0.501955,-0.0160647,8.23748e-05,-0.0161471,-0.0538067,15,False,False,False,i
2011-08-11,1168,129.172,0.0458921,-0.00946561,-0.00128772,-0.0286744,0,0.0858483,0.0429242,0.0277871,0.00018086,0.0276062,0.0553577,14,False,False,False,i
2011-08-12,1176.25,129.828,0.00706336,0.00508044,-0.000158609,-0.0281917,0,0.0105739,0.00528697,8.5115e-05,1.4766e-05,7.0349e-05,0.00198292,13,False,False,False,i
2011-08-15,1201.25,129.453,0.021254,-0.00288843,0.00503701,-0.0223444,0,-0.335801,-0.1679,0.00012764,6.70876e-05,6.05526e-05,0.0241424,12,False,False,False,i
2011-08-16,1190,130,-0.00936524,0.0042245,0.00155569,-0.025672,0,-0.103713,-0.0518564,0.00228172,4.52077e-05,0.00223652,-0.0135897,11,False,False,False,i
2011-08-17,1191.25,130.406,0.00105042,0.003125,0.000524541,-0.0261782,0,-0.0349694,-0.0174847,0.00010758,1.33818e-05,9.41984e-05,-0.00207458,10,False,False,False,i
2011-08-18,1140.25,130.781,-0.0428122,0.00287563,-0.010692,-0.0376182,0,0.712799,0.356399,0.000798838,0.000149494,0.000649344,-0.0456878,9,False,False,False,i
2011-08-19,1121.25,130.844,-0.016663,0.000477897,-0.0144469,-0.0418757,0,0.963128,0.481564,-0.00610901,5.05666e-05,-0.00615958,-0.0171409,8,False,False,False,i
2011-08-22,1122,130.656,0.000668896,-0.00143301,-0.00910506,-0.0413572,0,0.607004,0.303502,0.0010122,7.19074e-05,0.000940293,0.0021019,7,False,False,False,i
2011-08-23,1159,130.25,0.0329768,-0.0031093,0.0013426,-0.0326089,0,-0.0895064,-0.0447532,0.0109522,0.000137863,0.0108144,0.0360861,6,False,False,False,i
2011-08-24,1175.25,129.344,0.0140207,-0.00695777,0.00601656,-0.0274849,0,-0.401104,-0.200552,-0.000938854,6.11551e-05,-0.00100001,0.0209785,5,False,False,False,i
2011-08-25,1157.75,129.891,-0.0148904,0.00422807,-0.00309003,-0.0321957,1,0.206002,0.603001,0.00383426,0.00031831,0.00351595,-0.0191185,4,False,False,False,i
2011-08-26,1174,130.25,0.0140358,0.00276675,-0.00159372,-0.0294553,1,0.106248,0.553124,0.00679527,1.95907e-05,0.00677568,0.0112691,3,False,False,False,i
2011-08-29,1208,129.703,0.0289608,-0.00419866,0.00644488,-0.0214483,1,-0.429659,0.285171,0.0183413,0.000103448,0.0182379,0.0331595,2,False,False,False,i
2011-08-30,1210.75,130.297,0.00227649,0.00457776,0.00559591,-0.0220076,1,-0.373061,0.31347,-0.000656255,1.09105e-05,-0.000667165,-0.00230127,1,False,False,False,i
2011-08-31,1217.25,129.938,0.00536857,-0.00275812,0.0054642,-0.0200292,1,-0.36428,0.31786,0.00254747,1.6873e-06,0.00254579,0.0081267,0,True,False,False,i
2011-09-01,1204,130.609,-0.0108852,0.00517076,0.00153642,-0.0239568,-1,-0.102428,-0.551214,-0.00510355,0.00033619,-0.00543974,-0.0160559,20,False,True,False,i
2011-09-02,1172.75,130.281,-0.0259551,0.00530504,-0.00641359,-0.00760474,0,0.427573,0.213786,0.0172311,0.000300671,0.0169304,-0.0312602,19,False,False,False,i
2011-09-06,1164.5,130.328,-0.00703475,0.000359799,-0.00791167,-0.00939746,0,0.527445,0.263722,-0.00158085,1.97111e-05,-0.00160056,-0.00739455,18,False,False,False,i
2011-09-07,1197,129.906,0.027909,-0.00323702,0.00280913,-0.00197908,0,-0.187276,-0.0936378,0.0082139,0.000138726,0.00807517,0.031146,17,False,False,False,i
2011-09-08,1184.75,130.328,-0.0102339,0.00324753,-0.000567775,-0.00523559,0,0.0378517,0.0189258,0.00126237,4.39692e-05,0.0012184,-0.0134815,16,False,False,False,i
2011-09-09,1153,130.859,-0.0267989,0.00407625,-0.00908233,-0.012785,0,0.605489,0.302744,-0.000584338,0.000112711,-0.000697049,-0.0308752,15,False,False,False,i
2011-09-12,1155.75,130.422,0.00718954,-0.00334328,-0.00625505,-0.0102391,0,0.417003,0.208502,0.00318875,3.73716e-05,0.00315138,0.0105328,14,False,False,False,i
2011-09-13,1165.75,130.219,0.00865239,-0.00155745,-0.00159259,-0.00777989,0,0.106173,0.0530865,0.00212877,6.13063e-05,0.00206746,0.0102098,13,False,False,False,i
2011-09-14,1182,130.109,0.0139395,-0.000839933,0.00183708,-0.00423874,0,-0.122472,-0.0612359,0.00078459,4.4719e-05,0.000739871,0.0147795,12,False,False,False,i
2011-09-15,1202.75,129.5,0.017555,-0.00468356,0.0065293,0.00107148,0,-0.435287,-0.217643,-0.0013618,6.05421e-05,-0.00142234,0.0222386,11,False,False,False,i
2011-09-16,1209.75,129.656,0.00582,0.00120656,0.00612979,0.00217333,0,-0.408653,-0.204326,-0.00100408,5.13683e-06,-0.00100922,-0.00461343,10,False,False,False,i
2011-09-19,1197.75,130.422,-0.0099194,0.00590504,-0.00101474,-0.00163137,0,0.0676494,0.0338247,0.00323335,9.24148e-05,0.00314094,0.0158244,9,False,False,False,i
2011-09-20,1196.75,130.578,-0.000834899,0.00119804,-0.00135638,-0.00211995,0,0.0904253,0.0452126,-6.87634e-05,4.42132e-06,-7.31847e-05,-0.00203293,8,False,False,False,i
2011-09-21,1159.25,130.766,-0.0313349,0.00143592,-0.00902372,-0.0101444,0,0.601582,0.300791,-0.00148165,0.000101162,-0.00158282,-0.0327708,7,False,False,False,i
2011-09-22,1122.75,131.609,-0.0314859,0.00645238,-0.0175975,-0.0194712,0,1.17317,0.586584,-0.0114115,0.000115365,-0.0115268,-0.0379383,6,False,False,False,i
2011-09-23,1128.25,130.828,0.00489869,-0.00593613,-0.00670681,-0.0168337,0,0.447121,0.22356,0.00635553,0.0001461,0.00620943,0.0108348,5,False,False,False,i
2011-09-26,1156.25,130.344,0.0248172,-0.00370238,0.00284172,-0.00998952,1,-0.189448,0.405276,0.00637585,7.20396e-05,0.00630381,0.0285196,4,False,False,False,i
2011-09-27,1170,129.797,0.0118919,-0.00419564,0.00569679,-0.00611848,1,-0.379786,0.310107,0.00651989,3.7458e-05,0.00648243,0.0160875,3,False,False,False,i
2011-09-28,1145.25,129.781,-0.0211538,-0.00012038,-0.0029948,-0.0112563,1,0.199653,0.599827,-0.00652263,0.000115531,-0.00663816,-0.0210335,2,False,False,False,i
2011-09-29,1154.5,129.719,0.00807684,-0.00048158,-0.00127392,-0.00919345,1,0.0849279,0.542464,0.00513357,2.2762e-05,0.00511081,0.00855842,1,False,False,False,i
2011-09-30,1125.75,130.25,-0.0249026,0.0040954,-0.00805773,-0.0162964,1,0.537182,0.768591,-0.0157303,9.11298e-05,-0.0158215,-0.028998,0,True,False,False,i
2011-10-03,1092.75,131.031,-0.0293138,0.00599808,-0.0160553,-0.0250042,-1,1.07036,0.0351777,-0.0271404,0.000301076,-0.0274415,-0.0353119,20,False,True,False,i
2011-10-04,1117.25,130.594,0.0224205,-0.0033389,-0.00485867,0.00610824,0,0.323912,0.161956,0.000906156,5.13318e-05,0.000854825,0.0257594,19,False,False,False,i
2011-10-05,1138.5,130.172,0.0190199,-0.00323044,0.00554948,0.0113664,0,-0.369966,-0.184983,0.00360357,0.000138851,0.00346472,-0.0222504,18,False,False,False,i
2011-10-06,1159,129.484,0.0180061,-0.00528148,0.00912047,0.0168504,0,-0.608031,-0.304016,-0.00430781,4.71211e-05,-0.00435493,-0.0232876,17,False,False,False,i
2011-10-07,1151.25,128.891,-0.0066868,-0.0045855,0.00562762,0.0163508,0,-0.375175,-0.187587,0.000638829,4.62794e-05,0.00059255,0.0021013,16,False,False,False,i
2011-10-10,1190.25,127.906,0.0338762,-0.00763729,0.014422,0.0259941,0,-0.961469,-0.480734,-0.00778741,0.000114188,-0.0079016,-0.0415135,15,False,False,False,i
2011-10-11,1191,128.203,0.00063012,0.00232104,0.0136452,0.0255987,0,-0.909678,-0.454839,0.000812882,1.0083e-05,0.000802799,0.00169092,14,False,False,False,i
2011-10-12,1201.75,128.016,0.00902603,-0.00146252,0.00541844,0.0280429,0,-0.361229,-0.180615,-0.0047706,0.0001062,-0.0048768,-0.0104886,13,False,False,False,i
2011-10-13,1199.25,128.422,-0.0020803,0.00317344,0.00406711,0.0268155,0,-0.271141,-0.13557,0.000948902,1.74662e-05,0.000931436,0.00525374,12,False,False,False,i
2011-10-14,1220.25,128.016,0.0175109,-0.0031634,0.00851114,0.0316046,0,-0.567409,-0.283705,-0.00280283,5.68451e-05,-0.00285968,-0.0206743,11,False,False,False,i
2011-10-17,1196.5,128.641,-0.0194632,0.00488222,0.00246412,0.0258799,0,-0.164275,-0.0821373,0.00690691,7.82676e-05,0.00682865,0.0243454,10,False,False,False,i
2011-10-18,1220.25,128.688,0.0198496,0.000364387,0.00587895,0.0303858,0,-0.39193,-0.195965,-0.00160046,4.36803e-05,-0.00164414,-0.0194852,9,False,False,False,i
2011-10-19,1205.25,128.812,-0.0122926,0.000971345,0.00251111,0.0272723,0,-0.167408,-0.0837038,0.00259926,4.33998e-05,0.00255586,0.0132639,8,False,False,False,i
2011-10-20,1210.5,128.641,0.00435594,-0.0013343,0.00377475,0.0285997,0,-0.25165,-0.125825,-0.000476295,1.62415e-05,-0.000492537,-0.00569025,7,False,False,False,i
2011-10-21,1234,128.547,0.0194135,-0.000728774,0.00848644,0.0332467,0,-0.565763,-0.282881,-0.0025344,5.98672e-05,-0.00259427,-0.0201422,6,False,False,False,i
2011-10-24,1249.25,128.344,0.0123582,-0.00158016,0.0113653,0.0364606,0,-0.75769,-0.378845,-0.0039429,3.6314e-05,-0.00397921,-0.0139383,5,False,False,False,i
2011-10-25,1225.25,129.234,-0.0192115,0.00693937,0.00149224,0.0303505,-1,-0.0994827,-0.549741,0.00990714,6.54198e-05,0.00984172,0.0261509,4,False,False,False,i
2011-10-26,1238,128.547,0.010406,-0.00531979,0.00504289,0.033998,-1,-0.336192,-0.668096,-0.00864514,4.50282e-05,-0.00869017,-0.0157258,3,False,False,False,i
2011-10-27,1280.75,127.375,0.0345315,-0.00911632,0.0156382,0.0439417,-1,-1.04254,-1.02127,-0.0291609,0.0001317,-0.0292926,-0.0436478,2,False,False,False,i
2011-10-28,1280.75,128.016,0,0.00502944,0.0135139,0.0427906,-1,-0.900929,-0.950465,0.00513643,2.6404e-05,0.00511002,0.00502944,1,False,False,False,i
2011-10-31,1248.25,129.359,-0.0253758,0.0104968,-0.00578362,0.0344491,-1,0.385575,-0.307213,0.0340956,0.000243531,0.033852,0.0358725,0,True,False,False,i
2011-11-01,1214.25,130.531,-0.0272381,0.00905907,-0.013924,0.0259117,1,0.928265,0.964133,0.011151,0.000489308,0.0106617,0.0362972,20,False,True,False,i
2011-11-02,1234.25,130.375,0.0164711,-0.00119703,-0.00461971,0.00420084,0,0.307981,0.15399,0.0170344,0.000308776,0.0167256,-0.0176681,19,False,False,False,i
2011-11-03,1257.25,130.016,0.0186348,-0.00275647,0.00509126,0.0092649,0,-0.339417,-0.169709,0.00329405,0.00012203,0.00317202,-0.0213913,18,False,False,False,i
2011-11-04,1249.5,130.281,-0.00616425,0.00204302,0.00185791,0.00730528,0,-0.123861,-0.0619303,0.00139284,4.07799e-05,0.00135206,0.00820727,17,False,False,False,i
2011-11-07,1257.5,130.406,0.00640256,0.000959463,0.00199012,0.00859786,0,-0.132675,-0.0663374,-0.000337093,1.66123e-06,-0.000338754,-0.0054431,16,False,False,False,i
2011-11-08,1273.5,129.953,0.0127237,-0.00347472,0.00579676,0.0124319,0,-0.38645,-0.193225,-0.00107456,4.74745e-05,-0.00112203,-0.0161984,15,False,False,False,i
2011-11-09,1225.75,130.734,-0.0374951,0.00601178,-0.00515772,0.00188763,0,0.343848,0.171924,0.00840662,0.000139747,0.00826688,0.0435069,14,False,False,False,i
2011-11-10,1237.25,130.359,0.00938201,-0.00286841,-0.00103002,0.0048099,0,0.0686677,0.0343339,0.00210614,5.23651e-05,0.00205378,-0.0122504,13,False,False,False,i
2011-11-11,1261.75,129.891,0.019802,-0.00359583,0.00488647,0.0103439,0,-0.325765,-0.162882,0.000803337,7.41914e-05,0.000729146,-0.0233978,12,False,False,False,i
2011-11-14,1249.25,130.453,-0.00990688,0.00433057,0.000928365,0.00694308,0,-0.061891,-0.0309455,0.00231903,4.99267e-05,0.0022691,0.0142374,11,False,False,False,i
2011-11-15,1255.75,130.344,0.00520312,-0.000838424,0.00195124,0.0083803,0,-0.130082,-0.0650412,-0.000186959,1.28627e-05,-0.000199821,-0.00604155,10,False,False,False,i
2011-11-16,1235,130.625,-0.016524,0.00215776,-0.00254495,0.00388794,0,0.169664,0.0848318,0.00121508,5.71016e-05,0.00115798,0.0186817,9,False,False,False,i
2011-11-17,1215.5,130.797,-0.0157895,0.00131579,-0.00640216,-0.000240978,0,0.426811,0.213405,-0.00145107,4.94542e-05,-0.00150052,0.0171053,8,False,False,False,i
2011-11-18,1214,130.312,-0.00123406,-0.00370326,-0.00503444,0.00035307,0,0.335629,0.167815,0.000526941,1.75489e-05,0.000509392,0.0024692,7,False,False,False,i
2011-11-21,1190.5,130.531,-0.0193575,0.00167866,-0.00899255,-0.00475,0,0.599503,0.299752,-0.00353017,5.13862e-05,-0.00358156,0.0210362,6,False,False,False,i
2011-11-22,1185.75,130.797,-0.00398992,0.00203495,-0.0102543,-0.00620381,0,0.683623,0.341812,-0.00180597,1.64209e-05,-0.00182239,-0.00602487,5,False,False,False,i
2011-11-23,1160.5,131.203,-0.0212945,0.00310596,-0.0116566,-0.012157,1,0.777106,0.888553,-0.00834037,0.000216266,-0.00855664,-0.0244005,4,False,False,False,i
2011-11-25,1153.5,130.594,-0.00603188,-0.00464452,-0.0100223,-0.012495,1,0.668154,0.834077,-0.00123275,2.16281e-05,-0.00125438,-0.00138737,3,False,False,False,i
2011-11-28,1191.25,130.641,0.0327265,0.000358938,0.00319935,-0.00480006,1,-0.21329,0.393355,0.026997,0.000171585,0.0268254,0.0323675,2,False,False,False,i
2011-11-29,1194.5,130.453,0.00272823,-0.00143524,0.0039019,-0.00379797,1,-0.260127,0.369937,0.00163772,9.10245e-06,0.00162862,0.00416346,1,False,False,False,i
2011-11-30,1245.5,130.016,0.0426957,-0.0033537,0.012332,0.00702729,-1,-0.822133,-0.911067,0.0170354,0.000485614,0.0165497,0.0460494,0,True,False,False,i
2011-12-01,1244.25,130.062,-0.00100361,0.000360534,0.0115929,0.00670173,-1,-0.772863,-0.886432,0.00124283,9.34438e-06,0.00123348,0.00136415,20,False,True,False,i
2011-12-02,1242.75,129.766,-0.00120555,0.00398936,0.0012327,-0.00124569,0,-0.08218,-0.04109,0.00460493,0.00032088,0.00428405,0.00519491,19,False,False,False,i
2011-12-05,1256.5,129.641,0.0110642,-0.000963275,0.00414589,0.00162596,0,-0.276392,-0.138196,-0.000494208,3.66207e-05,-0.000530829,0.0120274,18,False,False,False,i
2011-12-06,1257.5,129.422,0.000795862,-0.00168736,0.00456703,0.00222123,0,-0.304469,-0.152234,-0.000343171,5.29163e-06,-0.000348463,-0.00248322,17,False,False,False,i
2011-12-07,1260.75,129.875,0.00258449,0.00350115,0.00432563,0.00200229,0,-0.288375,-0.144188,0.000139546,3.02861e-06,0.000136518,0.000916654,16,False,False,False,i
2011-12-08,1234.25,130.359,-0.0210192,0.00372955,-0.00172776,-0.00399438,0,0.115184,0.0575919,0.00356847,7.69058e-05,0.00349156,0.0247488,15,False,False,False,i
2011-12-09,1254.5,129.781,0.0164067,-0.00443486,0.00347104,0.000984152,0,-0.231403,-0.115701,0.00120031,6.5414e-05,0.00113489,0.0208416,14,False,False,False,i
2011-12-12,1230.25,130.094,-0.0148148,0.0024079,-0.000848373,-0.00317896,0,0.0565582,0.0282791,0.00199269,5.49826e-05,0.00193771,0.0172227,13,False,False,False,i
2011-12-13,1219,130.422,-0.00914448,0.00252222,-0.00350206,-0.00599879,0,0.23347,0.116735,-0.000329924,3.3965e-05,-0.000363889,-0.0116667,12,False,False,False,i
2011-12-14,1205.25,130.797,-0.0112797,0.00287528,-0.00601075,-0.00943146,0,0.400717,0.200358,-0.00165239,3.23284e-05,-0.00168472,-0.014155,11,False,False,False,i
2011-12-15,1209.5,130.766,0.00352624,-0.00023892,-0.00424834,-0.00852286,0,0.283222,0.141611,0.000754381,2.26635e-05,0.000731718,0.00376516,10,False,False,False,i
2011-12-16,1211.75,131.188,0.00186027,0.00322619,-0.00300968,-0.00885211,0,0.200646,0.100323,-0.000193429,1.59105e-05,-0.00020934,-0.00136592,9,False,False,False,i
2011-12-19,1198.5,131.375,-0.0109346,0.00142925,-0.00598926,-0.011858,0,0.399284,0.199642,-0.00124038,3.85263e-05,-0.0012789,-0.0123639,8,False,False,False,i
2011-12-20,1234.75,130.641,0.0302461,-0.00558991,0.00263266,-0.00330981,0,-0.17551,-0.0877552,0.00715438,0.000109511,0.00704487,0.0358361,7,False,False,False,i
2011-12-21,1237.5,130.359,0.00222717,-0.00215285,0.00301318,-0.00225624,0,-0.200879,-0.100439,-0.00038437,4.82689e-06,-0.000389197,0.00438002,6,False,False,False,i
2011-12-22,1248.75,130.453,0.00909091,0.000719166,0.00441855,-0.00025474,0,-0.29457,-0.147285,-0.000840853,1.77312e-05,-0.000858585,0.00837174,5,False,False,False,i
2011-12-23,1259.5,129.844,0.00860861,-0.00467122,0.00707447,0.00292263,-1,-0.471632,-0.735816,-0.00195592,0.000221635,-0.00217755,0.0132798,4,False,False,False,i
2011-12-27,1260.75,130.016,0.000992457,0.00132371,0.00552107,0.00284342,-1,-0.368071,-0.684036,0.000243738,1.94885e-05,0.00022425,0.000331249,3,False,False,False,i
2011-12-28,1245.25,130.578,-0.0122943,0.0043264,0.000583625,-0.00115874,1,-0.0389083,0.480546,0.0113691,0.000441532,0.0109276,0.0166207,2,False,False,False,i
2011-12-29,1257.25,130.75,0.00963662,0.00131626,0.00272082,0.000827547,-1,-0.181388,-0.590694,0.00399831,0.000403844,0.00359447,0.00832036,1,False,False,False,i
2011-12-30,1252,131.078,-0.00417578,0.00250956,0.00135876,-0.000778244,1,-0.0905839,0.454708,0.00394899,0.00039508,0.00355391,0.00668534,0,True,False,False,i
2012-01-03,1271.5,130.609,0.0155751,-0.00357611,0.00597473,0.00378496,1,-0.398315,0.300842,0.0087082,5.76214e-05,0.00865058,0.0191512,19,False,True,False,i
2012-01-04,1272.5,130.406,0.000786473,-0.00155521,0.00624479,0.000562088,0,-0.416319,-0.20816,0.000704477,0.000190529,0.000513948,-0.00234168,18,False,False,False,i
2012-01-05,1276.25,130.453,0.00294695,0.000359454,0.00670427,0.00118161,0,-0.446952,-0.223476,-0.000538613,5.7232e-06,-0.000544337,-0.0025875,17,False,False,False,i
2012-01-06,1273.5,130.766,-0.00215475,0.0023955,0.00543508,9.02628e-05,0,-0.362339,-0.181169,0.00101687,1.58287e-05,0.00100104,0.00455025,16,False,False,False,i
2012-01-09,1275.25,130.844,0.00137417,0.000597443,0.00554168,0.000276464,0,-0.369445,-0.184723,-0.000140718,1.3283e-06,-0.000142047,-0.000776723,15,False,False,False,i
2012-01-10,1287,130.703,0.00921388,-0.00107476,0.00797917,0.00273264,0,-0.531945,-0.265972,-0.00190054,3.02119e-05,-0.00193076,-0.0102886,14,False,False,False,i
2012-01-11,1288.25,131.203,0.000971251,0.00382546,0.00720586,0.00205064,0,-0.48039,-0.240195,0.000759141,9.57951e-06,0.000749562,0.00285421,13,False,False,False,i
2012-01-12,1290.75,131.016,0.00194062,-0.00142908,0.00695409,0.00285749,0,-0.463606,-0.231803,-0.000809385,3.11529e-06,-0.000812501,-0.0033697,12,False,False,False,i
2012-01-13,1285.25,131.422,-0.00426109,0.00310078,0.00516452,0.00109255,0,-0.344302,-0.172151,0.0017065,2.21987e-05,0.0016843,0.00736186,11,False,False,False,i
2012-01-17,1288.75,131.547,0.00272321,0.000951135,0.00565505,0.0015166,0,-0.377004,-0.188502,-0.000305063,6.07512e-06,-0.000311138,-0.00177207,10,False,False,False,i
2012-01-18,1303.5,131.25,0.0114452,-0.0022568,0.00889125,0.00478136,0,-0.59275,-0.296375,-0.00258285,3.98145e-05,-0.00262267,-0.013702,9,False,False,False,i
2012-01-19,1310.5,130.641,0.00537016,-0.00464286,0.0111465,0.0071713,0,-0.743103,-0.371551,-0.00296761,2.76602e-05,-0.00299527,-0.010013,8,False,False,False,i
2012-01-20,1311,130.266,0.000381534,-0.00287047,0.00861893,0.00794764,0,-0.574596,-0.287298,-0.00120829,3.09933e-05,-0.00123928,-0.003252,7,False,False,False,i
2012-01-23,1311.75,129.984,0.000572082,-0.00215905,0.00762466,0.00859893,0,-0.508311,-0.254155,-0.000784648,1.21876e-05,-0.000796836,-0.00273113,6,False,False,False,i
2012-01-24,1310.25,130.125,-0.00114351,0.00108186,0.00706882,0.00806868,0,-0.471255,-0.235627,0.00056559,6.81793e-06,0.000558772,0.00222537,5,False,False,False,i
2012-01-25,1321.5,130.812,0.00858615,0.00528338,0.00608274,0.00885011,-1,-0.405516,-0.702758,-0.000778222,0.000171044,-0.000949267,-0.00330277,4,False,False,False,i
2012-01-26,1314.5,131.391,-0.00529701,0.00441949,0.00372966,0.00653264,-1,-0.248644,-0.624322,0.00682835,2.88086e-05,0.00679954,0.0097165,3,False,False,False,i
2012-01-27,1312.75,131.719,-0.0013313,0.00249732,0.00290393,0.00561909,-1,-0.193595,-0.596798,0.0023903,1.01172e-05,0.00238018,0.00382863,2,False,False,False,i
2012-01-30,1309,131.969,-0.0028566,0.00189798,0.00189507,0.00448237,-1,-0.126338,-0.563169,0.00283752,1.23815e-05,0.00282514,0.00475458,1,False,False,False,i
2012-01-31,1308,132.328,-0.000763942,0.00272318,0.00110413,0.00364917,-1,-0.0736084,-0.536804,0.00196384,9.71135e-06,0.00195413,0.00348712,0,True,False,False,i
2012-02-01,1320.25,132.031,0.00936544,-0.00224348,0.0041181,0.00641351,1,-0.27454,0.36273,-0.00623172,0.000329554,-0.00656127,-0.0116089,19,False,True,False,i
2012-02-02,1322.25,132.188,0.00151486,0.00118343,0.00411992,7.9434e-05,0,-0.274661,-0.137331,0.000120221,0.000183042,-6.28214e-05,-0.000331433,18,False,False,False,i
2012-02-03,1341.25,131.469,0.0143694,-0.00543735,0.00860378,0.0048023,0,-0.573585,-0.286793,-0.00272008,5.42607e-05,-0.00277434,-0.0198068,17,False,False,False,i
2012-02-06,1340,131.719,-0.000931966,0.00190159,0.00774729,0.00412516,0,-0.516486,-0.258243,0.000812644,1.03703e-05,0.000802274,0.00283356,16,False,False,False,i
2012-02-07,1343.25,131.094,0.00242537,-0.00474496,0.00633228,0.00584071,0,-0.422152,-0.211076,-0.00185169,1.71088e-05,-0.0018688,-0.00717033,15,False,False,False,i
2012-02-08,1347,131.047,0.00279174,-0.000357569,0.00701654,0.00659159,0,-0.467769,-0.233885,-0.000664743,8.26012e-06,-0.000673003,-0.0031493,14,False,False,False,i
2012-02-09,1348.75,130.828,0.00129918,-0.00166925,0.00673386,0.00729988,0,-0.448924,-0.224462,-0.000694271,3.4099e-06,-0.000697681,-0.00296843,13,False,False,False,i
2012-02-10,1339.25,131.344,-0.00704356,0.00394124,0.00235795,0.00467298,0,-0.157197,-0.0785984,0.00246567,5.29997e-05,0.00241267,0.0109848,12,False,False,False,i
2012-02-13,1348.75,131.234,0.00709352,-0.000832739,0.00432922,0.00656023,0,-0.288614,-0.144307,-0.000622992,2.37786e-05,-0.00064677,-0.00792626,11,False,False,False,i
2012-02-14,1347.5,131.391,-0.000926784,0.00119062,0.00377986,0.00605487,0,-0.251991,-0.125995,0.000305556,6.63017e-06,0.000298926,0.0021174,10,False,False,False,i
2012-02-15,1341,131.516,-0.00482375,0.000951362,0.00241449,0.00467253,0,-0.160966,-0.0804829,0.000727637,1.65246e-05,0.000711113,0.00577511,9,False,False,False,i
2012-02-16,1355.75,131.016,0.0109993,-0.00380183,0.00599439,0.00819251,0,-0.399626,-0.199813,-0.00119123,4.30552e-05,-0.00123429,-0.0148011,8,False,False,False,i
2012-02-17,1359.5,130.953,0.002766,-0.000477042,0.00656854,0.00896416,0,-0.437903,-0.218951,-0.000648002,6.89437e-06,-0.000654896,-0.00324304,7,False,False,False,i
2012-02-21,1360,130.578,0.000367782,-0.00286362,0.00667719,0.00973433,0,-0.445146,-0.222573,-0.00070752,1.30431e-06,-0.000708825,-0.0032314,6,False,False,False,i
2012-02-22,1355.5,131.031,-0.00330882,0.00347014,0.00357193,0.00812015,0,-0.238129,-0.119064,0.00150881,3.73506e-05,0.00147146,0.00677897,5,False,False,False,i
2012-02-23,1361.75,131.156,0.00461084,0.000953971,0.00425634,0.00898886,-1,-0.283756,-0.641878,-0.000435403,0.000188159,-0.000623562,-0.00365687,4,False,False,False,i
2012-02-24,1364.25,131.156,0.00183587,0,0.00466119,0.00942553,-1,-0.310746,-0.655373,-0.00117841,4.8518e-06,-0.00118326,-0.00183587,3,False,False,False,i
2012-02-27,1366.5,131.562,0.00164926,0.00309745,0.00429887,0.00908158,-1,-0.286591,-0.643296,0.000949107,4.33801e-06,0.000944769,0.00144819,2,False,False,False,i
2012-02-28,1371,131.641,0.00329308,0.000593824,0.00491895,0.00972285,-1,-0.32793,-0.663965,-0.00173642,7.41014e-06,-0.00174383,-0.00269926,1,False,False,False,i
2012-02-29,1364,131.281,-0.00510576,-0.00272997,0.00432395,0.00915513,-1,-0.288263,-0.644132,0.00157744,7.13123e-06,0.00157031,0.00237579,0,True,False,False,i
2012-03-01,1372.5,130.938,0.00623167,-0.00261842,0.00645621,0.0112564,1,-0.430414,0.284793,-0.00570063,0.000332821,-0.00603345,-0.0088501,21,False,True,False,i
2012-03-02,1368.5,131.094,-0.00291439,0.00394879,0.00473639,-0.00164744,0,-0.315759,-0.15788,-0.00195458,0.000158868,-0.00211345,0.00686318,20,False,False,False,i
2012-03-05,1363,130.891,-0.004019,-0.00154946,0.00353857,-0.00224274,0,-0.235905,-0.117952,0.000389889,1.43621e-05,0.000375527,-0.00246954,19,False,False,False,i
2012-03-06,1342,131.344,-0.0154072,0.00346186,-0.000989165,-0.00681542,0,0.0659443,0.0329722,0.00222565,5.4774e-05,0.00217088,-0.018869,18,False,False,False,i
2012-03-07,1352.25,131.219,0.00763785,-0.000951701,0.0012405,-0.00475118,0,-0.0826999,-0.0413499,0.000283216,2.68557e-05,0.000256361,0.00858956,17,False,False,False,i
2012-03-08,1365.5,130.906,0.00979848,-0.00238152,0.004496,-0.00183089,0,-0.299733,-0.149867,-0.000503642,3.89936e-05,-0.000542636,0.01218,16,False,False,False,i
2012-03-09,1371,130.812,0.00402783,-0.000716161,0.00551591,-0.000693029,0,-0.367727,-0.183864,-0.000710966,1.21883e-05,-0.000723154,0.00474399,15,False,False,False,i
2012-03-12,1371,130.734,0,-0.000597229,0.005304,-0.000549577,0,-0.3536,-0.1768,-0.000109809,2.53241e-06,-0.000112341,0.000597229,14,False,False,False,i
2012-03-13,1390.25,129.969,0.0183117,-0.00585634,0.0107015,0.00520374,0,-0.713436,-0.356718,-0.0042729,6.39935e-05,-0.0043369,0.024168,13,False,False,False,i
2012-03-14,1388.75,128.766,-0.00107894,-0.00925703,0.0124332,0.0071662,0,-0.828879,-0.41444,-0.00291727,2.05431e-05,-0.00293781,-0.00817809,12,False,False,False,i
2012-03-15,1396.25,128.781,0.00540054,0.000121344,0.00900818,0.00842119,0,-0.600545,-0.300273,-0.00218791,4.05083e-05,-0.00222842,-0.0052792,11,False,False,False,i
2012-03-16,1398.5,128.641,0.00161146,-0.00109197,0.00704575,0.00906491,0,-0.469717,-0.234858,-0.000811765,2.3189e-05,-0.000834954,-0.00270343,10,False,False,False,i
2012-03-19,1403.75,128.047,0.00375402,-0.00461557,0.00812128,0.0110568,0,-0.541419,-0.270709,-0.00196567,1.26821e-05,-0.00197835,-0.00836959,9,False,False,False,i
2012-03-20,1399.5,127.984,-0.0030276,-0.000488103,0.00743772,0.010452,0,-0.495848,-0.247924,0.000687467,8.074e-06,0.000679393,0.0025395,8,False,False,False,i
2012-03-21,1397.25,128.578,-0.00160772,0.00463924,0.00283545,0.0089677,0,-0.18903,-0.0945151,0.00154877,5.441e-05,0.00149436,0.00624696,7,False,False,False,i
2012-03-22,1386.75,128.703,-0.00751476,0.000972172,0.000853014,0.00693823,0,-0.0568676,-0.0284338,0.000802143,2.35375e-05,0.000778606,0.00848693,6,False,False,False,i
2012-03-23,1392,129.078,0.00378583,0.00291368,0.00127644,0.00714558,0,-0.0850958,-0.0425479,-2.47985e-05,5.01655e-06,-2.9815e-05,-0.000872148,5,False,False,False,i
2012-03-26,1411.25,129.062,0.013829,-0.000121051,0.00484095,0.0104454,-1,-0.32273,-0.661365,-0.000593546,0.000218247,-0.000811794,-0.0139501,4,False,False,False,i
2012-03-27,1407,129.641,-0.00301151,0.00447942,0.00292278,0.00866387,-1,-0.194852,-0.597426,0.00495424,2.25886e-05,0.00493165,0.00749093,3,False,False,False,i
2012-03-28,1400.5,129.516,-0.00461976,-0.000964204,0.00192972,0.00779036,-1,-0.128648,-0.564324,0.00218392,1.1725e-05,0.0021722,0.00365555,2,False,False,False,i
2012-03-29,1397.5,129.922,-0.00214209,0.00313669,0.000698869,0.00653191,-1,-0.0465913,-0.523296,0.00297894,1.45501e-05,0.00296439,0.00527878,1,False,False,False,i
2012-03-30,1402.75,129.422,0.00375671,-0.00384847,0.00257014,0.00834551,-1,-0.171343,-0.585671,-0.00397976,2.2074e-05,-0.00400183,-0.00760518,0,True,False,False,i
2012-04-02,1413.25,129.734,0.0074853,0.00241458,0.00373228,0.00954705,1,-0.248819,0.375591,-0.00296977,0.000338753,-0.00330852,-0.00507071,19,False,True,False,i
2012-04-03,1408.25,128.891,-0.00353794,-0.00650367,0.00439854,0.000715153,0,-0.293236,-0.146618,0.0011139,0.000184396,0.000929504,-0.00296573,18,False,False,False,i
2012-04-04,1394,129.469,-0.0101189,0.00448539,0.000790044,-0.00280287,0,-0.0526696,-0.0263348,0.00214126,4.27174e-05,0.00209854,0.0146043,17,False,False,False,i
2012-04-05,1392.75,129.969,-0.0008967,0.00386194,-0.00021446,-0.00394641,0,0.0142973,0.00714866,0.000125318,1.18974e-05,0.00011342,-0.00475864,16,False,False,False,i
2012-04-09,1377.25,131.078,-0.0111291,0.00853571,-0.00472552,-0.0086963,0,0.315035,0.157517,-0.000140577,5.37693e-05,-0.000194346,-0.0196648,15,False,False,False,i
2012-04-10,1353.5,131.625,-0.0172445,0.00417213,-0.00915639,-0.0139162,0,0.610426,0.305213,-0.00337349,5.33403e-05,-0.00342683,-0.0214166,14,False,False,False,i
2012-04-11,1364.25,131.281,0.00794237,-0.00261159,-0.00422028,-0.0113651,0,0.281352,0.140676,0.0032212,5.91543e-05,0.00316205,0.010554,13,False,False,False,i
2012-04-12,1383.5,131.062,0.0141103,-0.00166627,0.00117596,-0.00757377,0,-0.078397,-0.0391985,0.00221939,6.41549e-05,0.00215523,0.0157766,12,False,False,False,i
2012-04-13,1366,131.594,-0.0126491,0.00405341,-0.0032392,-0.0116304,0,0.215947,0.107973,0.000654713,5.28726e-05,0.00060184,-0.0167025,11,False,False,False,i
2012-04-16,1365,131.609,-0.000732064,0.000118737,-0.00352957,-0.0118365,0,0.235304,0.117652,-9.18639e-05,3.47866e-06,-9.53425e-05,-0.000850801,10,False,False,False,i
2012-04-17,1385.75,131.453,0.0152015,-0.00118723,0.000551184,-0.00790003,0,-0.0367456,-0.0183728,0.00192817,4.84706e-05,0.0018797,0.0163887,9,False,False,False,i
2012-04-18,1381.25,131.562,-0.00324734,0.000832046,-0.00057896,-0.00888684,0,0.0385973,0.0192987,7.49497e-05,1.34485e-05,6.15012e-05,-0.00407938,8,False,False,False,i
2012-04-19,1372.5,131.703,-0.00633484,0.00106888,-0.00264665,-0.0106822,0,0.176443,0.0882217,-0.000142882,2.46942e-05,-0.000167576,-0.00740373,7,False,False,False,i
2012-04-20,1374.25,131.719,0.00127505,0.000118638,-0.00230022,-0.0104026,0,0.153348,0.0766739,0.00010202,4.13442e-06,9.78858e-05,0.00115641,6,False,False,False,i
2012-04-23,1362.75,131.938,-0.0083682,0.00166074,-0.00467454,-0.0128397,0,0.311636,0.155818,-0.000768958,2.84718e-05,-0.00079743,-0.0100289,5,False,False,False,i
2012-04-24,1368.25,131.734,0.00403596,-0.00153955,-0.00324104,-0.0114905,1,0.216069,0.608035,0.000868765,0.00016231,0.000706455,0.00557551,4,False,False,False,i
2012-04-25,1386.75,131.672,0.0135209,-0.00047444,0.000288446,-0.0081274,1,-0.0192297,0.490385,0.00850966,4.19056e-05,0.00846776,0.0139954,3,False,False,False,i
2012-04-26,1396.25,132,0.00685055,0.00249199,0.00120071,-0.00707986,1,-0.0800476,0.459976,0.00213737,1.07896e-05,0.00212658,0.00435856,2,False,False,False,i
2012-04-27,1399.25,132.141,0.00214861,0.00106534,0.000915783,-0.00681884,1,-0.0610522,0.469474,0.000498279,3.36586e-06,0.000494913,0.00108327,1,False,False,False,i
2012-04-30,1393,132.219,-0.00446668,0.000591226,-0.000493507,-0.00804235,1,0.0329005,0.51645,-0.00237455,1.669e-05,-0.00239124,-0.0050579,0,True,False,False,i
2012-05-01,1402.5,132.062,0.00681981,-0.00118175,0.00124413,-0.00611647,-1,-0.0829417,-0.541471,0.00413241,0.000374422,0.00375799,0.00800157,21,False,True,False,i
2012-05-02,1398,132.203,-0.00320856,0.00106484,0.000144522,-0.00102715,0,-0.00963477,-0.00481739,0.00231392,0.000190279,0.00212364,-0.00427339,20,False,False,False,i
2012-05-03,1387.75,132.188,-0.0073319,-0.000118189,-0.00172552,-0.00276765,0,0.115035,0.0575174,3.47512e-05,2.2194e-05,1.25573e-05,-0.00721371,19,False,False,False,i
2012-05-04,1364.5,132.656,-0.0167537,0.0035461,-0.00657892,-0.00769294,0,0.438595,0.219297,-0.00116759,5.81572e-05,-0.00122575,-0.0202998,18,False,False,False,i
2012-05-07,1365.5,132.641,0.000732869,-0.000117786,-0.00592604,-0.0074876,0,0.395069,0.197535,0.000186546,7.82008e-06,0.000178726,0.000850655,17,False,False,False,i
2012-05-08,1360,132.844,-0.00402783,0.00153139,-0.00626453,-0.0088322,0,0.417636,0.208818,-0.00109814,4.06374e-06,-0.0011022,-0.00555922,16,False,False,False,i
2012-05-09,1351.75,132.875,-0.00606618,0.000235239,-0.00773814,-0.0103605,0,0.515876,0.257938,-0.00131585,1.7753e-05,-0.0013336,-0.00630142,15,False,False,False,i
2012-05-10,1354.5,132.781,0.0020344,-0.00070555,-0.005113,-0.00969814,0,0.340867,0.170433,0.000706737,3.1589e-05,0.000675148,0.00273995,14,False,False,False,i
2012-05-11,1350.25,133.047,-0.00313769,0.00200047,-0.0047814,-0.0109421,0,0.31876,0.15938,-0.000875714,3.99739e-06,-0.000879711,-0.00513816,13,False,False,False,i
2012-05-14,1336,133.453,-0.0105536,0.00305344,-0.00802839,-0.0142523,0,0.535226,0.267613,-0.00216869,3.93817e-05,-0.00220807,-0.013607,12,False,False,False,i
2012-05-15,1327.75,133.438,-0.00617515,-0.000117082,-0.00911153,-0.0157277,0,0.607436,0.303718,-0.00162122,1.31841e-05,-0.0016344,-0.00605807,11,False,False,False,i
2012-05-16,1323,133.453,-0.00357748,0.000117096,-0.00558099,-0.016627,0,0.372066,0.186033,-0.00112211,4.30632e-05,-0.00116517,-0.00369458,10,False,False,False,i
2012-05-17,1302.75,133.766,-0.0153061,0.00234165,-0.00895924,-0.0209506,0,0.597283,0.298641,-0.00328307,4.15761e-05,-0.00332464,-0.0176478,9,False,False,False,i
2012-05-18,1292.5,133.703,-0.00786797,-0.000467235,-0.00998875,-0.0227632,0,0.665917,0.332958,-0.00221017,1.27286e-05,-0.00222289,-0.00740074,8,False,False,False,i
2012-05-21,1314,133.578,0.0166344,-0.000934907,-0.00275742,-0.0185148,0,0.183828,0.091914,0.00584986,8.85522e-05,0.0057613,0.0175693,7,False,False,False,i
2012-05-22,1315,133.438,0.000761035,-0.00105275,-0.0020648,-0.0180734,0,0.137653,0.0688266,0.000166713,8.47786e-06,0.000158235,0.00181379,6,False,False,False,i
2012-05-23,1317,133.625,0.00152091,0.00140515,-0.00276301,-0.0180452,0,0.184201,0.0921003,7.96739e-06,8.53874e-06,-5.71352e-07,0.00011576,5,False,False,False,i
2012-05-24,1319.25,133.469,0.00170843,-0.00116932,-0.0020723,-0.0173455,1,0.138153,0.569077,0.000265041,0.000174822,9.02193e-05,0.00287775,4,False,False,False,i
2012-05-25,1315.75,133.812,-0.00265302,0.00257551,-0.00335643,-0.0186175,1,0.223762,0.611881,-0.00297543,1.5713e-05,-0.00299115,-0.00522853,3,False,False,False,i
2012-05-29,1331.5,133.672,0.0119704,-0.00105091,-0.000352118,-0.0154689,1,0.0234745,0.511737,0.00796747,3.65093e-05,0.00793096,0.0130213,2,False,False,False,i
2012-05-30,1312.25,134.672,-0.0144574,0.00748101,-0.00576835,-0.0208254,1,0.384557,0.692278,-0.0112267,6.63765e-05,-0.0112931,-0.0219384,1,False,False,False,i
2012-05-31,1309.25,135,-0.00228615,0.00243648,-0.00656782,-0.0219768,1,0.437855,0.718927,-0.00326937,9.81064e-06,-0.00327918,-0.00472263,0,True,False,False,i
2012-06-01,1276,135.703,-0.0253962,0.00520833,-0.0140041,-0.029536,-1,0.933606,-0.0331971,-0.0220025,0.00028108,-0.0222835,-0.0306046,20,False,True,False,i
2012-06-04,1275.75,134.109,-0.000195925,-0.00486957,-0.0118172,0.001124,0,0.787812,0.393906,-0.000155151,0.000159633,-0.000314785,0.00467364,19,False,False,False,i
2012-06-05,1284.25,133.844,0.00666275,-0.00198066,-0.00309461,0.00318982,0,0.206307,0.103154,0.00340469,0.000108249,0.00329644,-0.00864341,18,False,False,False,i
2012-06-06,1314.5,133.219,0.0235546,-0.00466962,0.00341211,0.00986289,0,-0.227474,-0.113737,0.00291143,7.96614e-05,0.00283177,-0.0282242,17,False,False,False,i
2012-06-07,1314.5,133.5,0,0.00211119,0.00193384,0.00936099,0,-0.128923,-0.0644614,0.00024012,1.80984e-05,0.000222022,0.00211119,16,False,False,False,i
2012-06-08,1325,133.516,0.00798783,0.000117041,0.00200908,0.0112254,0,-0.133939,-0.0669693,-0.000507362,9.16881e-07,-0.000508279,-0.00787079,15,False,False,False,i
2012-06-11,1302.5,133.828,-0.012135,0.00234055,-0.00155336,0.00776305,0,0.103557,0.0517785,0.000969417,4.38477e-05,0.000925569,0.0144756,14,False,False,False,i
2012-06-12,1317,133.219,0.0111324,-0.00455342,0.00188363,0.0114838,0,-0.125575,-0.0627875,0.000812191,4.20324e-05,0.000770158,-0.0156859,13,False,False,False,i
2012-06-13,1308.5,133.672,-0.00645406,0.00340136,-0.000690964,0.0091363,0,0.0460643,0.0230321,0.000618798,3.16044e-05,0.000587193,0.00985542,12,False,False,False,i
2012-06-14,1322.75,133.344,0.0108903,-0.0024547,0.00253348,0.0122957,0,-0.168898,-0.0844492,0.000307365,3.93338e-05,0.000268031,-0.013345,11,False,False,False,i
2012-06-15,1335.5,133.844,0.00963901,0.00374971,0.0037796,0.0136835,0,-0.251973,-0.125987,-0.000497347,1.51171e-05,-0.000512464,-0.0058893,10,False,False,False,i
2012-06-18,1338.5,133.812,0.00224635,-0.000233481,0.00414183,0.0142707,0,-0.276122,-0.138061,-0.000312425,4.38867e-06,-0.000316814,-0.00247983,9,False,False,False,i
2012-06-19,1351.5,133.484,0.00971236,-0.00245213,0.00665305,0.0171386,0,-0.443537,-0.221768,-0.00167944,3.02566e-05,-0.0017097,-0.0121645,8,False,False,False,i
2012-06-20,1349.5,133.188,-0.00147984,-0.00222404,0.00610272,0.0173147,0,-0.406848,-0.203424,-0.000165041,6.63629e-06,-0.000171678,-0.000744206,7,False,False,False,i
2012-06-21,1319,133.328,-0.022601,0.00105584,-0.00314682,0.0116494,0,0.209788,0.104894,0.00481237,0.000113017,0.00469935,0.0236568,6,False,False,False,i
2012-06-22,1329,133,0.0075815,-0.00246103,-0.000504953,0.014026,0,0.0336635,0.0168318,0.0010534,3.21395e-05,0.00102126,-0.0100425,5,False,False,False,i
2012-06-25,1307,133.562,-0.0165538,0.00422932,-0.0052417,0.0090581,-1,0.349447,-0.325277,-0.000349817,0.00012607,-0.000475887,0.0207831,4,False,False,False,i
2012-06-26,1313.75,133.406,0.0051645,-0.00116986,-0.00352589,0.0105623,-1,0.235059,-0.38247,-0.00206042,2.10136e-05,-0.00208143,-0.00633436,3,False,False,False,i
2012-06-27,1325.75,133.531,0.00913416,0.000936988,-0.000547946,0.0124999,-1,0.0365297,-0.481735,-0.00313518,3.62793e-05,-0.00317145,-0.00819717,2,False,False,False,i
2012-06-28,1322,133.844,-0.00282859,0.00234028,-0.00186516,0.0112721,-1,0.124344,-0.437828,0.00249002,1.60735e-05,0.00247395,0.00516886,1,False,False,False,i
2012-06-29,1356.75,133.438,0.0262859,-0.00303526,0.00510141,0.0181371,-1,-0.340094,-0.670047,-0.0128376,8.37509e-05,-0.0129214,-0.0293212,0,True,False,False,i
2012-07-02,1358.75,133.938,0.00147411,0.00374707,0.00429271,0.0176019,1,-0.286181,0.35691,0.00152299,0.000370065,0.00115293,0.00227296,20,False,True,False,i
2012-07-03,1368.75,133.625,0.00735971,-0.00233318,0.00376916,0.00231822,0,-0.251277,-0.125639,0.00345948,0.00017316,0.00328632,-0.00969288,19,False,False,False,i
2012-07-05,1362.5,133.953,-0.00456621,0.00245557,0.00199713,0.000633297,0,-0.133142,-0.066571,0.000882206,2.12516e-05,0.000860955,0.00702178,18,False,False,False,i
2012-07-06,1349.25,134.297,-0.00972477,0.0025662,-0.00158364,-0.00232924,0,0.105576,0.052788,0.000818222,4.31843e-05,0.000775037,0.012291,17,False,False,False,i
2012-07-09,1347.25,134.531,-0.0014823,0.0017452,-0.00224529,-0.00310547,0,0.149686,0.074843,-0.000170373,7.98635e-06,-0.00017836,-0.00322751,16,False,False,False,i
2012-07-10,1335.5,134.594,-0.00872147,0.000464576,-0.00414697,-0.00532689,0,0.276464,0.138232,-0.000687511,2.30698e-05,-0.000710581,-0.00918605,15,False,False,False,i
2012-07-11,1336,134.469,0.000374392,-0.000928721,-0.0035431,-0.00501274,0,0.236206,0.118103,0.000180132,7.32414e-06,0.000172808,0.00130311,14,False,False,False,i
2012-07-12,1329.75,134.656,-0.00467814,0.00139438,-0.0044874,-0.00647933,0,0.29916,0.14958,-0.000717184,1.14841e-05,-0.000728668,-0.00607252,13,False,False,False,i
2012-07-13,1351,134.594,0.0159804,-0.000464145,-0.000507093,-0.00254855,0,0.0338062,0.0169031,0.00245978,4.7967e-05,0.00241181,0.0164446,12,False,False,False,i
2012-07-16,1348.25,134.781,-0.00203553,0.00139308,-0.00147766,-0.00337369,0,0.0985105,0.0492553,-5.79541e-05,1.17101e-05,-6.96642e-05,-0.00342861,11,False,False,False,i
2012-07-17,1358,134.547,0.0072316,-0.00173893,0.000638939,-0.00122258,0,-0.0425959,-0.021298,0.000441846,2.5432e-05,0.000416414,0.00897053,10,False,False,False,i
2012-07-18,1367.75,134.656,0.00717968,0.000812914,0.00207662,0.000299946,0,-0.138442,-0.0692208,-0.000135599,1.72041e-05,-0.000152803,0.00636676,9,False,False,False,i
2012-07-19,1371.25,134.516,0.00255895,-0.00104433,0.00241509,0.00116355,0,-0.161006,-0.0805031,-0.000249421,4.04438e-06,-0.000253466,-0.00360327,8,False,False,False,i
2012-07-20,1358.75,134.922,-0.00911577,0.0030201,-0.00101156,-0.00175871,0,0.067437,0.0337185,0.000976974,4.11599e-05,0.000935814,0.0121359,7,False,False,False,i
2012-07-23,1345,135.062,-0.0101196,0.00104227,-0.003595,-0.00445665,0,0.239666,0.119833,-0.000376362,3.12129e-05,-0.000407575,-0.0111619,6,False,False,False,i
2012-07-24,1333.5,135.266,-0.00855019,0.00150393,-0.00555538,-0.00688931,0,0.370359,0.185179,-0.00120482,2.38025e-05,-0.00122862,-0.0100541,5,False,False,False,i
2012-07-25,1333.25,135.266,-0.000187477,0,-0.00461071,-0.00693456,1,0.30738,0.65369,-3.47168e-05,0.000170675,-0.000205392,-0.000187477,4,False,False,False,i
2012-07-26,1355,134.969,0.0163135,-0.00219476,-3.70601e-07,-0.00250668,1,2.47067e-05,0.500012,0.0120987,5.54656e-05,0.0120432,0.0185083,3,False,False,False,i
2012-07-27,1381,134.266,0.0191882,-0.00520954,0.00563153,0.0033064,-1,-0.375435,-0.687718,0.0121992,0.000424056,0.0117751,0.0243977,2,False,False,False,i
2012-07-30,1381,134.594,0,0.00244385,0.00326152,0.00272208,-1,-0.217435,-0.608717,0.00168068,2.82056e-05,0.00165247,0.00244385,1,False,False,False,i
2012-07-31,1373.75,134.719,-0.00524982,0.000928721,0.00143327,0.00123849,-1,-0.0955511,-0.547776,0.00376098,2.18233e-05,0.00373916,0.00617854,0,True,False,False,i
2012-08-01,1370.25,134.359,-0.00254777,-0.00266759,0.00151925,0.0012673,-1,-0.101284,-0.550642,-6.56366e-05,1.02789e-06,-6.66645e-05,-0.000119824,22,False,True,False,i
2012-08-02,1360.25,134.609,-0.00729794,0.00186068,-0.000527467,-0.00220609,0,0.0351645,0.0175822,0.00504312,0.000204631,0.00483849,0.00915862,21,False,False,False,i
2012-08-03,1387.25,133.969,0.0198493,-0.00475914,0.00540682,0.00365237,0,-0.360454,-0.180227,0.000432671,7.04434e-05,0.000362228,0.0246084,20,False,False,False,i
2012-08-06,1390.25,134.125,0.00216255,0.00116632,0.0050145,0.00389031,0,-0.3343,-0.16715,-0.000179549,4.65131e-06,-0.0001842,-0.000996235,19,False,False,False,i
2012-08-07,1397,133.578,0.00485524,-0.00407735,0.00684197,0.00602424,0,-0.456132,-0.228066,-0.00149308,2.16074e-05,-0.00151469,-0.0089326,18,False,False,False,i
2012-08-08,1398.75,133.422,0.00125268,-0.00116973,0.00679426,0.00660244,0,-0.452951,-0.226475,-0.000552469,5.63699e-07,-0.000553033,-0.00242241,17,False,False,False,i
2012-08-09,1399.75,133.406,0.000714924,-0.00011711,0.00644039,0.00680091,0,-0.429359,-0.21468,-0.000188435,4.17948e-06,-0.000192615,-0.000832034,16,False,False,False,i
2012-08-10,1402.5,133.641,0.00196464,0.00175685,0.00627639,0.00685039,0,-0.418426,-0.209213,-4.46071e-05,1.93469e-06,-4.65418e-05,-0.000207785,15,False,False,False,i
2012-08-13,1401.75,133.594,-0.000534759,-0.000350754,0.00610715,0.00680647,0,-0.407143,-0.203572,3.84963e-05,1.99729e-06,3.6499e-05,0.000184005,14,False,False,False,i
2012-08-14,1401.25,133.094,-0.000356697,-0.00374269,0.00691851,0.00761571,0,-0.461234,-0.230617,-0.000689292,9.57681e-06,-0.000698869,-0.00338599,13,False,False,False,i
2012-08-15,1403,132.562,0.00124888,-0.00399155,0.00813832,0.00886614,0,-0.542555,-0.271277,-0.00120853,1.43878e-05,-0.00122292,-0.00524043,12,False,False,False,i
2012-08-16,1413.75,132.312,0.00766215,-0.0018859,0.00950469,0.0111311,0,-0.633646,-0.316823,-0.00259017,1.60473e-05,-0.00260622,-0.00954806,11,False,False,False,i
2012-08-17,1415.5,132.484,0.00123784,0.00129901,0.0084622,0.0111166,0,-0.564146,-0.282073,1.93786e-05,1.22351e-05,7.14354e-06,6.11654e-05,10,False,False,False,i
2012-08-20,1415.5,132.547,0,0.000471754,0.00736739,0.0110045,0,-0.491159,-0.24558,0.000133069,1.28489e-05,0.00012022,0.000471754,9,False,False,False,i
2012-08-21,1411.5,132.625,-0.00282586,0.000589414,0.00655625,0.0101915,0,-0.437083,-0.218542,0.000838721,9.53496e-06,0.000829186,0.00341527,8,False,False,False,i
2012-08-22,1411.75,133.453,0.000177117,0.00624411,0.00514398,0.00875211,0,-0.342932,-0.171466,0.00132589,1.65995e-05,0.00130929,0.00606699,7,False,False,False,i
2012-08-23,1400.75,133.656,-0.00779175,0.00152207,0.0029657,0.00652457,0,-0.197713,-0.0988566,0.001597,2.57163e-05,0.00157129,0.00931382,6,False,False,False,i
2012-08-24,1408.75,133.547,0.00571123,-0.000818331,0.00496667,0.00807799,0,-0.331111,-0.165556,-0.00064549,2.35472e-05,-0.000669037,-0.00652956,5,False,False,False,i
2012-08-27,1408.75,133.797,0,0.001872,0.00469626,0.00763218,-1,-0.313084,-0.656542,0.00030992,0.000173336,0.000136584,0.001872,4,False,False,False,i
2012-08-28,1407.75,133.906,-0.000709849,0.000817471,0.0043056,0.007268,-1,-0.28704,-0.64352,0.00100275,4.59898e-06,0.00099815,0.00152732,3,False,False,False,i
2012-08-29,1408.5,133.844,0.000532765,-0.000466744,0.00455863,0.00750635,-1,-0.303909,-0.651954,-0.000643205,2.97791e-06,-0.000646182,-0.00099951,2,False,False,False,i
2012-08-30,1398.25,134.141,-0.00727725,0.00221807,0.00227171,0.00523419,-1,-0.151448,-0.575724,0.00619051,2.7026e-05,0.00616349,0.00949532,1,False,False,False,i
2012-08-31,1405,134.797,0.00482746,0.00489225,0.00234423,0.00521879,-1,-0.156282,-0.578141,3.73017e-05,8.54615e-07,3.64471e-05,6.4791e-05,0,True,False,False,i
2012-09-04,1403,133.453,-0.00142349,-0.00221963,0.00262924,0.00540934,1,-0.175283,0.412359,-0.00046028,0.00035049,-0.00081077,-0.000796139,18,False,True,False,i
2012-09-05,1402.5,133.375,-0.000356379,-0.000585412,0.00267674,5.49924e-05,0,-0.178449,-0.0892246,9.44435e-05,0.000177522,-8.30783e-05,-0.000229032,17,False,False,False,i
2012-09-06,1431,132.766,0.0203209,-0.00456888,0.00857221,0.00596697,0,-0.571481,-0.28574,-0.00222078,6.87701e-05,-0.00228955,-0.0248897,16,False,False,False,i
2012-09-07,1437,132.938,0.00419287,0.00129457,0.00903315,0.0066569,0,-0.60221,-0.301105,-0.000828161,5.36424e-06,-0.000833525,-0.0028983,15,False,False,False,i
2012-09-10,1428.75,133.016,-0.00574113,0.000587682,0.00633453,0.00514176,0,-0.422302,-0.211151,0.00190564,3.15068e-05,0.00187413,0.00632881,14,False,False,False,i
2012-09-11,1432.25,132.797,0.00244969,-0.00164454,0.00635297,0.00611924,0,-0.423531,-0.211766,-0.000864503,2.14909e-07,-0.000864718,-0.00409424,13,False,False,False,i
2012-09-12,1436.75,132.375,0.00314191,-0.00317684,0.007843,0.00762679,0,-0.522867,-0.261433,-0.00133809,1.73422e-05,-0.00135544,-0.00631875,12,False,False,False,i
2012-09-13,1460.25,132.781,0.0163564,0.00306893,0.0109168,0.0107598,0,-0.727784,-0.363892,-0.00347378,3.54534e-05,-0.00350923,-0.0132874,11,False,False,False,i
2012-09-14,1466,131.859,0.00393768,-0.00694281,0.0113922,0.0133472,0,-0.759482,-0.379741,-0.00395932,5.47234e-06,-0.0039648,-0.0108805,10,False,False,False,i
2012-09-17,1454.5,132,-0.00291345,0.00106648,0.00486844,0.0124021,0,-0.324563,-0.162281,0.00151134,7.54118e-05,0.00143593,0.00397993,9,False,False,False,i
2012-09-18,1453.25,132.25,-0.000859402,0.00189394,0.00278264,0.0117487,0,-0.185509,-0.0927547,0.000446816,2.41223e-05,0.000422694,0.00275334,8,False,False,False,i
2012-09-19,1454.25,132.406,0.000688113,0.00118147,0.00269005,0.0116316,0,-0.179337,-0.0896683,4.57616e-05,1.07043e-06,4.46912e-05,0.000493362,7,False,False,False,i
2012-09-20,1454,132.453,-0.00017191,0.000354024,0.00256869,0.0115067,0,-0.171246,-0.0856229,4.71596e-05,1.40315e-06,4.57565e-05,0.000525934,6,False,False,False,i
2012-09-21,1453,132.734,-0.000687758,0.00212339,0.00190073,0.0108391,0,-0.126716,-0.0633578,0.000240699,7.72567e-06,0.000232973,0.00281115,5,False,False,False,i
2012-09-24,1450.75,132.969,-0.00154852,0.00176574,0.00113249,0.0100511,-1,-0.075499,-0.53775,0.000209984,0.000164748,4.52362e-05,0.00331426,4,False,False,False,i
2012-09-25,1436,133.25,-0.0101672,0.00211516,-0.00157669,0.00711343,-1,0.105112,-0.447444,0.00660481,3.15407e-05,0.00657327,0.0122823,3,False,False,False,i
2012-09-26,1427.75,133.609,-0.00574513,0.002697,-0.00325279,0.00509486,-1,0.216853,-0.391574,0.00377738,1.95764e-05,0.0037578,0.00844212,2,False,False,False,i
2012-09-27,1441.25,133.484,0.00945544,-0.000935563,1.63458e-05,0.00756462,-1,-0.00108972,-0.500545,-0.00406884,3.79825e-05,-0.00410682,-0.010391,1,False,False,False,i
2012-09-28,1433.5,133.547,-0.00537728,0.00046822,-0.0009484,0.00616657,-1,0.0632267,-0.468387,0.00292593,1.12427e-05,0.00291469,0.0058455,0,True,False,False,i
2012-10-01,1437.25,133.609,0.00261597,0.000468,-0.000462124,0.00667845,1,0.0308083,0.515404,-0.00100608,0.000343437,-0.00134952,-0.00214797,20,False,True,False,i
2012-10-02,1439,133.609,0.0012176,0,-0.00018983,0.000292011,0,0.0126553,0.00632765,0.000627558,0.000177596,0.000449962,-0.0012176,19,False,False,False,i
2012-10-03,1445.25,133.766,0.00434329,0.00116945,0.000558347,0.00105121,0,-0.0372231,-0.0186116,2.0083e-05,8.67928e-06,1.14037e-05,-0.00317384,18,False,False,False,i
2012-10-04,1456.25,133.391,0.00761114,-0.00280341,0.00301858,0.0035399,0,-0.201239,-0.100619,-0.000193831,2.84202e-05,-0.000222251,-0.0104146,17,False,False,False,i
2012-10-05,1455.75,132.938,-0.000343348,-0.00339698,0.00349909,0.00427171,0,-0.233273,-0.116636,-0.000307255,5.55176e-06,-0.000312806,-0.00305363,16,False,False,False,i
2012-10-08,1450.75,133.234,-0.00343466,0.00223319,0.00155573,0.00291476,0,-0.103715,-0.0518576,0.000661077,2.24965e-05,0.00063858,0.00566785,15,False,False,False,i
2012-10-09,1436.5,133.094,-0.00982251,-0.00105547,-0.000506213,0.000802458,0,0.0337476,0.0168738,0.000454637,2.40008e-05,0.000430636,0.00876703,14,False,False,False,i
2012-10-10,1427.5,133.25,-0.00626523,0.00117398,-0.00221644,-0.000987653,0,0.147763,0.0738813,-0.000125528,1.9977e-05,-0.000145505,0.00743921,13,False,False,False,i
2012-10-11,1428.25,133.297,0.000525394,0.000351782,-0.00152519,-0.000945971,0,0.10168,0.0508398,1.28267e-05,8.07199e-06,4.75467e-06,0.000173612,12,False,False,False,i
2012-10-12,1423,133.328,-0.00367583,0.000234439,-0.00226674,-0.00188716,0,0.151116,0.0755582,-0.000198797,8.6773e-06,-0.000207474,-0.00391027,11,False,False,False,i
2012-10-15,1435,133.297,0.00843289,-0.000234384,-0.000157159,0.000185969,0,0.0104773,0.00523863,0.000654883,2.45697e-05,0.000630313,0.00866727,10,False,False,False,i
2012-10-16,1450,132.844,0.010453,-0.00339937,0.00307173,0.00349376,0,-0.204782,-0.102391,7.25672e-05,3.73887e-05,3.51785e-05,-0.0138523,9,False,False,False,i
2012-10-17,1456.25,132.125,0.00431034,-0.00541049,0.00509843,0.00581879,0,-0.339895,-0.169948,-0.000995327,2.3412e-05,-0.00101874,-0.00972084,8,False,False,False,i
2012-10-18,1453,131.969,-0.00223176,-0.00118259,0.00423435,0.00556779,0,-0.28229,-0.141145,0.000178304,9.99404e-06,0.00016831,0.00104917,7,False,False,False,i
2012-10-19,1427.5,132.344,-0.0175499,0.00284158,-0.00119058,0.000650421,0,0.0793722,0.0396861,0.00287816,6.3368e-05,0.00281479,0.0203915,6,False,False,False,i
2012-10-22,1428.25,131.984,0.000525394,-0.00271547,-0.000221635,0.0014284,0,0.0147757,0.00738785,0.000128617,1.13148e-05,0.000117302,-0.00324086,5,False,False,False,i
2012-10-23,1407.75,132.438,-0.0143532,0.00343317,-0.00389009,-0.00286641,1,0.25934,0.62967,-0.000131403,0.000219776,-0.00035118,0.0177864,4,False,False,False,i
2012-10-24,1404,132.312,-0.00266383,-0.000943841,-0.00413952,-0.003281,1,0.275968,0.637984,-0.00108302,2.94086e-06,-0.00108596,-0.00171998,3,False,False,False,i
2012-10-25,1408,131.875,0.002849,-0.00330657,-0.0012272,-0.00180023,1,0.0818132,0.540907,0.00392716,3.42822e-05,0.00389287,0.00615557,2,False,False,False,i
2012-10-26,1406.75,132.578,-0.000887784,0.00533175,-0.00248323,-0.00329274,1,0.165549,0.582774,-0.00336419,1.47927e-05,-0.00337898,-0.00621954,1,False,False,False,i
2012-10-31,1406,132.938,-0.000533144,0.00271067,-0.00320482,-0.00407275,1,0.213655,0.606827,-0.00189041,8.50092e-06,-0.00189891,-0.00324381,0,True,False,False,i
2012-11-01,1422.5,132.797,0.0117354,-0.00105783,-0.000117073,-0.00101225,-1,0.00780486,-0.496098,0.00776329,0.000387254,0.00737604,0.0127932,20,False,True,False,i
2012-11-02,1409.25,132.844,-0.00931459,0.000352983,-0.00256744,-0.00233293,0,0.171162,0.0855812,0.00479606,0.000205313,0.00459074,-0.00966757,19,False,False,False,i
2012-11-05,1412.75,133.109,0.00248359,0.00199953,-0.00235696,-0.00221679,0,0.15713,0.0785652,4.14265e-05,2.47294e-06,3.89536e-05,0.000484061,18,False,False,False,i
2012-11-06,1423,132.641,0.00725535,-0.00352154,0.000222161,0.00036684,0,-0.0148108,-0.00740538,0.000846689,3.01797e-05,0.00081651,0.0107769,17,False,False,False,i
2012-11-07,1390.75,133.516,-0.0226634,0.00659677,-0.00697558,-0.00673131,0,0.465038,0.232519,0.000216683,8.53195e-05,0.000131363,0.0292602,16,False,False,False,i
2012-11-08,1373.75,133.938,-0.0122236,0.00315974,-0.0100974,-0.0104656,0,0.673163,0.336582,-0.00357693,3.72648e-05,-0.00361419,-0.0153834,15,False,False,False,i
2012-11-09,1375.25,133.891,0.0010919,-0.000349977,-0.00735807,-0.0101169,0,0.490538,0.245269,0.00048531,3.26788e-05,0.000452631,0.00144188,14,False,False,False,i
2012-11-12,1376.25,133.906,0.000727141,0.0001167,-0.00295384,-0.00996927,0,0.196923,0.0984614,0.000149722,5.25177e-05,9.72046e-05,0.000610441,13,False,False,False,i
2012-11-13,1371.75,134.047,-0.00326975,0.00105018,-0.0040002,-0.0110158,0,0.26668,0.13334,-0.000425346,1.25005e-05,-0.000437847,-0.00431993,12,False,False,False,i
2012-11-14,1352.75,134.062,-0.0138509,0.000116564,-0.0073506,-0.0144247,0,0.49004,0.24502,-0.00186243,4.0346e-05,-0.00190277,-0.0139675,11,False,False,False,i
2012-11-15,1350.25,134.047,-0.00184809,-0.00011655,-0.00708156,-0.0148454,0,0.472104,0.236052,-0.000424261,3.24322e-06,-0.000427504,-0.00173154,10,False,False,False,i
2012-11-16,1357,134.141,0.00499907,0.000699382,-0.00238021,-0.013805,0,0.158681,0.0793404,0.00101495,5.65129e-05,0.000958438,0.00429969,9,False,False,False,i
2012-11-19,1384.25,133.891,0.0200811,-0.00186372,0.00292537,-0.00853977,0,-0.195025,-0.0975124,0.00174111,6.30577e-05,0.00167805,0.0219448,8,False,False,False,i
2012-11-20,1385.5,133.547,0.000903016,-0.00256739,0.00331689,-0.00770077,0,-0.221126,-0.110563,-0.000338408,4.65093e-06,-0.000343059,0.00347041,7,False,False,False,i
2012-11-21,1388.5,133.422,0.00216528,-0.000936001,0.00325152,-0.00695254,0,-0.216768,-0.108384,-0.000342888,7.75681e-07,-0.000343663,0.00310128,6,False,False,False,i
2012-11-23,1404.75,133.344,0.0117033,-0.000585549,0.00614412,-0.00400648,0,-0.409608,-0.204804,-0.00133191,3.40944e-05,-0.001366,0.0122888,5,False,False,False,i
2012-11-26,1404.25,133.516,-0.000355935,0.00128896,0.00546564,-0.00440242,1,-0.364376,0.317812,0.000336881,0.000184836,0.000152046,-0.0016449,4,False,False,False,i
2012-11-27,1397.25,133.75,-0.00498487,0.00175541,0.00316475,-0.00602957,1,-0.210984,0.394508,-0.00214214,2.7202e-05,-0.00216934,-0.00674028,3,False,False,False,i
2012-11-28,1408,133.891,0.00769368,0.0010514,0.0048088,-0.00443562,1,-0.320587,0.339707,0.00262043,1.93528e-05,0.00260108,0.00664228,2,False,False,False,i
2012-11-29,1414.75,134.016,0.00479403,0.000933598,0.00568392,-0.00350876,1,-0.378928,0.310536,0.00131142,1.02737e-05,0.00130114,0.00386044,1,False,False,False,i
2012-11-30,1413.75,134.062,-0.000706839,0.000349773,0.00539599,-0.00376314,1,-0.359732,0.320134,-0.000328116,3.38164e-06,-0.000331497,-0.00105661,0,True,False,False,i
2012-12-03,1407.75,133.5,-0.00424403,-0.000584864,0.0043786,-0.00464649,-1,-0.291906,-0.645953,-0.00117142,0.000341201,-0.00151262,-0.00365917,19,False,True,False,i
2012-12-04,1405.25,133.625,-0.00177588,0.00093633,0.00376357,-0.000651381,0,-0.250905,-0.125452,0.00175196,0.000184014,0.00156795,-0.00271221,18,False,False,False,i
2012-12-05,1407.75,133.797,0.00177904,0.00128625,0.00390632,-0.000533234,0,-0.260421,-0.130211,-6.18222e-05,1.68052e-06,-6.35027e-05,0.000492794,17,False,False,False,i
2012-12-06,1412.5,133.859,0.00337418,0.000467126,0.00459557,0.000163229,0,-0.306371,-0.153186,-0.000378529,8.09888e-06,-0.000386628,0.00290705,16,False,False,False,i
2012-12-07,1417,133.578,0.00318584,-0.00210109,0.00583124,0.00143056,0,-0.38875,-0.194375,-0.000809881,1.44936e-05,-0.000824375,-0.00528693,15,False,False,False,i
2012-12-10,1417.75,133.625,0.000529287,0.000350918,0.00582507,0.0014733,0,-0.388338,-0.194169,-3.46704e-05,7.24247e-08,-3.47429e-05,-0.000178369,14,False,False,False,i
2012-12-11,1427.25,133.375,0.00670076,-0.00187091,0.00710998,0.00352123,0,-0.473999,-0.236999,-0.00166435,1.50104e-05,-0.00167936,-0.00857167,13,False,False,False,i
2012-12-12,1428,132.984,0.000525486,-0.00292877,0.00785573,0.00434847,0,-0.523715,-0.261858,-0.000818657,8.70927e-06,-0.000827366,-0.00345426,12,False,False,False,i
2012-12-13,1420,132.703,-0.00560224,-0.00211491,0.00563302,0.00351107,0,-0.375535,-0.187767,0.000913184,2.60399e-05,0.000887144,0.00348733,11,False,False,False,i
2012-12-14,1413.75,132.828,-0.00440141,0.000941952,0.00404291,0.00222956,0,-0.269527,-0.134764,0.00100331,1.86751e-05,0.000984634,0.00534336,10,False,False,False,i
2012-12-17,1425.5,132.312,0.012429,-0.0038819,0.00796975,0.00611374,0,-0.531317,-0.265658,-0.00219811,4.5905e-05,-0.00224402,-0.0163109,9,False,False,False,i
2012-12-18,1441.75,131.938,0.0113995,-0.0028342,0.0110571,0.00949232,0,-0.737141,-0.36857,-0.0037813,3.58636e-05,-0.00381717,-0.0142337,8,False,False,False,i
2012-12-19,1431.5,132.078,-0.00710942,0.00106585,0.00771437,0.00753886,0,-0.514291,-0.257146,0.00301316,3.89851e-05,0.00297417,0.00817526,7,False,False,False,i
2012-12-20,1438.75,132.109,0.00506462,0.000236602,0.00583535,0.0086864,0,-0.389024,-0.194512,-0.0012415,2.18525e-05,-0.00126336,-0.00482802,6,False,False,False,i
2012-12-21,1425.25,132.406,-0.00938315,0.00224719,0.00300058,0.00590275,0,-0.200039,-0.100019,0.00226224,3.31418e-05,0.0022291,0.0116303,5,False,False,False,i
2012-12-24,1419,132.328,-0.0043852,-0.00059004,0.00226092,0.0049939,-1,-0.150728,-0.575364,0.00037959,0.000167132,0.000212458,0.00379516,4,False,False,False,i
2012-12-26,1415,132.547,-0.00281889,0.00165309,0.00122392,0.00392408,-1,-0.0815945,-0.540797,0.00257301,1.2173e-05,0.00256084,0.00447197,3,False,False,False,i
2012-12-27,1413,132.797,-0.00141343,0.00188613,0.000830297,0.00313474,-1,-0.0553532,-0.527677,0.00178439,4.62424e-06,0.00177976,0.00329955,2,False,False,False,i
2012-12-28,1396,133,-0.0120311,0.00152959,-0.0018873,-0.000132929,1,0.12582,0.56291,0.00715568,0.000386997,0.00676868,0.0135607,1,False,False,False,i
2012-12-31,1421.5,132.391,0.0182665,-0.00458177,0.00368008,0.00530167,-1,-0.245339,-0.622669,0.0128615,0.00041644,0.0124451,0.0228482,0,True,False,False,i
2013-01-02,1457.5,132.078,0.0253254,-0.00236044,0.00990187,0.0118222,1,-0.660125,0.169938,-0.0172391,0.00027455,-0.0175136,-0.0276858,20,False,True,False,i
2013-01-03,1454.5,131.547,-0.00205832,-0.00402224,0.0101185,0.000472685,0,-0.674568,-0.337284,0.000333744,0.000175897,0.000157847,-0.00196392,19,False,False,False,i
2013-01-04,1460.75,131.578,0.00429701,0.000237558,0.00647091,0.00144397,0,-0.431394,-0.215697,-0.00136919,4.20645e-05,-0.00141125,-0.00405945,18,False,False,False,i
2013-01-07,1456.25,131.625,-0.00308061,0.000356252,0.00530456,0.000618712,0,-0.353637,-0.176819,0.00074132,1.34734e-05,0.000727847,0.00343686,17,False,False,False,i
2013-01-08,1451.75,131.891,-0.00309013,0.00201804,0.00145374,-0.000607903,0,-0.0969162,-0.0484581,0.00090322,4.45603e-05,0.00085866,0.00510817,16,False,False,False,i
2013-01-09,1455.75,131.984,0.0027553,0.000710816,0.00199001,-0.000117929,0,-0.132668,-0.0663338,-9.90716e-05,6.19606e-06,-0.000105268,0.00204448,15,False,False,False,i
2013-01-10,1467,131.688,0.00772798,-0.00224932,0.0043753,0.00226794,0,-0.291686,-0.145843,-0.000661832,2.74423e-05,-0.000689274,0.00997729,14,False,False,False,i
2013-01-11,1467.5,132,0.000340832,0.00237304,0.00379819,0.0017817,0,-0.253212,-0.126606,0.000296384,6.63832e-06,0.000289746,0.00203221,13,False,False,False,i
2013-01-14,1466,132,-0.00102215,0,0.0034992,0.00153661,0,-0.23328,-0.11664,0.00012941,3.44106e-06,0.000125969,0.00102215,12,False,False,False,i
2013-01-15,1466.25,132.234,0.000170532,0.00177557,0.00312492,0.0011522,0,-0.208328,-0.104164,0.000187211,4.30725e-06,0.000182904,0.00160504,11,False,False,False,i
2013-01-16,1466.75,132.359,0.000341006,0.000945291,0.00299518,0.0010074,0,-0.199678,-0.0998392,6.29448e-05,1.49282e-06,6.1452e-05,0.000604285,10,False,False,False,i
2013-01-17,1475.75,131.875,0.00613601,-0.00365954,0.00534027,0.00335113,0,-0.356018,-0.178009,-0.000977981,2.68914e-05,-0.00100487,-0.00979556,9,False,False,False,i
2013-01-18,1479.5,132.141,0.00254108,0.00201422,0.00537562,0.00347693,0,-0.358375,-0.179187,-9.37863e-05,4.04854e-07,-9.41911e-05,-0.000526863,8,False,False,False,i
2013-01-22,1487,132.281,0.00506928,0.00106421,0.00614342,0.00443198,0,-0.409561,-0.204781,-0.000717659,8.76763e-06,-0.000726426,-0.00400507,7,False,False,False,i
2013-01-23,1489.75,132.328,0.00184936,0.000354359,0.00631072,0.00478898,0,-0.420714,-0.210357,-0.000306147,1.90849e-06,-0.000308056,-0.001495,6,False,False,False,i
2013-01-24,1490.25,132.172,0.000335627,-0.00118078,0.00665896,0.00515153,0,-0.443931,-0.221965,-0.000318986,3.97191e-06,-0.000322958,-0.0015164,5,False,False,False,i
2013-01-25,1498.25,131.453,0.00536823,-0.005438,0.00897639,0.00773076,-1,-0.598426,-0.799213,-0.00239861,0.000196936,-0.00259554,-0.0108062,4,False,False,False,i
2013-01-28,1496.5,131.266,-0.00116803,-0.00142636,0.00893834,0.00779242,-1,-0.595889,-0.797945,-0.000206464,4.33023e-07,-0.000206897,-0.000258335,3,False,False,False,i
2013-01-29,1503,131.156,0.00434347,-0.000833234,0.00687555,0.0090236,-1,-0.45837,-0.729185,-0.00413072,2.34178e-05,-0.00415414,-0.0051767,2,False,False,False,i
2013-01-30,1497.25,131.25,-0.00382568,0.000714796,0.0057425,0.00794023,-1,-0.382833,-0.691417,0.00331085,1.28899e-05,0.00329796,0.00454048,1,False,False,False,i
2013-01-31,1494.5,131.281,-0.0018367,0.000238095,0.0047507,0.0074452,-1,-0.316713,-0.658357,0.00143455,1.12943e-05,0.00142325,0.0020748,0,True,False,False,i
2013-02-01,1508.25,130.938,0.0092004,-0.00261842,0.00758172,0.0102507,1,-0.505448,0.247276,-0.007781,0.000307847,-0.00808885,-0.0118188,18,False,True,False,i
2013-02-04,1491.5,131.578,-0.0111056,0.0048926,0.0036404,-0.00385772,0,-0.242693,-0.121347,-0.00395597,0.000126073,-0.00408204,0.0159982,17,False,False,False,i
2013-02-05,1506.75,131.281,0.0102246,-0.00225626,0.00618656,-0.000868365,0,-0.412438,-0.206219,-0.00151451,2.88658e-05,-0.00154338,0.0124809,16,False,False,False,i
2013-02-06,1507.75,131.594,0.00066368,0.00238039,0.0056627,-0.00128011,0,-0.377513,-0.188757,0.000354017,5.93692e-06,0.00034808,-0.00171671,15,False,False,False,i
2013-02-07,1505.75,131.656,-0.00132648,0.000474947,0.00505036,-0.00171318,0,-0.336691,-0.168345,0.000340031,6.94461e-06,0.000333087,-0.00180143,14,False,False,False,i
2013-02-08,1513.75,131.734,0.00531297,0.000593401,0.00619076,-0.00058274,0,-0.412717,-0.206359,-0.000794517,1.2896e-05,-0.000807413,0.00471957,13,False,False,False,i
2013-02-11,1513.5,131.625,-0.000165153,-0.000830269,0.00630617,-0.000422966,0,-0.420411,-0.210206,-0.000137252,1.30526e-06,-0.000138558,0.000665116,12,False,False,False,i
2013-02-12,1516,131.484,0.0016518,-0.00106838,0.00694887,0.000229739,0,-0.463258,-0.231629,-0.000571797,7.26196e-06,-0.000579059,0.00272018,11,False,False,False,i
2013-02-13,1517.5,131.109,0.000989446,-0.00285205,0.00784058,0.00115202,0,-0.522705,-0.261353,-0.000889802,1.00702e-05,-0.000899872,-0.0038415,10,False,False,False,i
2013-02-14,1519,131.562,0.000988468,0.00345608,0.00693246,0.000561533,0,-0.462164,-0.231082,0.000644918,1.025e-05,0.000634668,0.00246762,9,False,False,False,i
2013-02-15,1517.5,131.5,-0.000987492,-0.000475059,0.00664534,0.000438511,0,-0.443023,-0.221511,0.000118414,3.24244e-06,0.000115171,0.000512432,8,False,False,False,i
2013-02-19,1528.25,131.328,0.00708402,-0.00130703,0.00864452,0.00244414,0,-0.576301,-0.288151,-0.00185871,2.24905e-05,-0.0018812,-0.00839105,7,False,False,False,i
2013-02-20,1509,131.531,-0.0125961,0.0015467,0.00517497,-0.00096692,0,-0.344998,-0.172499,0.00407526,3.93022e-05,0.00403596,0.0141428,6,False,False,False,i
2013-02-21,1499.75,131.766,-0.00612989,0.0017819,0.00230001,-0.00287291,0,-0.153334,-0.076667,0.00136477,3.26765e-05,0.0013321,-0.00791178,5,False,False,False,i
2013-02-22,1514.25,131.906,0.00966828,0.00106724,0.00442036,-0.000816542,1,-0.294691,0.352655,-0.000659416,0.000145621,-0.000805037,0.00860104,4,False,False,False,i
2013-02-25,1485.75,132.75,-0.0188212,0.00639659,-0.00156463,-0.00692615,1,0.104308,0.552154,-0.00889317,6.83757e-05,-0.00896155,-0.0252178,3,False,False,False,i
2013-02-26,1495.75,132.609,0.00673061,-0.00105932,0.000534931,-0.00505282,1,-0.0356621,0.482169,0.00430124,2.38983e-05,0.00427734,0.00778993,2,False,False,False,i
2013-02-27,1515,132.625,0.0128698,0.000117827,0.00414832,-0.00200328,1,-0.276555,0.361723,0.0061486,4.08431e-05,0.00610776,0.012752,1,False,False,False,i
2013-02-28,1511.75,132.734,-0.00214521,0.000824694,0.00332056,-0.00271792,1,-0.221371,0.389315,-0.00107428,9.36739e-06,-0.00108365,-0.00296991,0,True,False,False,i
2013-03-01,1517,132.969,0.0034728,0.00176574,0.00348715,-0.00230845,-1,-0.232477,-0.616238,0.00066458,0.000340736,0.000323845,0.00170705,19,False,True,False,i
2013-03-04,1524,131.656,0.00461437,-0.0011854,0.00485595,0.00138876,0,-0.32373,-0.161865,-0.00357404,0.000153581,-0.00372762,0.00579977,18,False,False,False,i
2013-03-05,1538.5,131.516,0.00951444,-0.00106812,0.00731829,0.00391225,0,-0.487886,-0.243943,-0.00171295,2.76007e-05,-0.00174055,-0.0105826,17,False,False,False,i
2013-03-06,1540.75,131.156,0.00146246,-0.00273257,0.00780073,0.00491591,0,-0.520049,-0.260024,-0.00102335,5.40352e-06,-0.00102875,-0.00419503,16,False,False,False,i
2013-03-07,1543.75,130.734,0.0019471,-0.00321658,0.00858391,0.00615011,0,-0.57226,-0.28613,-0.00134268,8.76256e-06,-0.00135145,-0.00516369,15,False,False,False,i
2013-03-08,1549.75,130.219,0.00388664,-0.00394407,0.010071,0.00801805,0,-0.671397,-0.335698,-0.0022406,1.6603e-05,-0.0022572,-0.00783071,14,False,False,False,i
2013-03-11,1555.5,130.219,0.00371028,0,0.00978935,0.00890033,0,-0.652623,-0.326312,-0.00124553,3.13787e-06,-0.00124867,-0.00371028,13,False,False,False,i
2013-03-12,1546.75,130.5,-0.00209677,0.00215983,0.00560731,0.00788623,0,-0.373821,-0.18691,0.00138898,4.67418e-05,0.00134224,0.0042566,12,False,False,False,i
2013-03-13,1548.5,130.422,0.0011314,-0.000598659,0.00456946,0.00829842,0,-0.30463,-0.152315,-0.000323367,1.15928e-05,-0.00033496,-0.00173006,11,False,False,False,i
2013-03-14,1556.5,130.516,0.00516629,0.000718821,0.00563628,0.00935451,0,-0.375752,-0.187876,-0.000677417,1.18834e-05,-0.000689301,-0.00444747,10,False,False,False,i
2013-03-15,1554.5,130.906,-0.00128493,0.00299294,0.00457417,0.00833659,0,-0.304944,-0.152472,0.00080371,1.18391e-05,0.000791871,0.00427787,9,False,False,False,i
2013-03-18,1545.5,131.266,-0.00578964,0.00274529,0.0025672,0.00629804,0,-0.171146,-0.0855732,0.00130134,2.24413e-05,0.0012789,0.00853493,8,False,False,False,i
2013-03-19,1542.25,131.562,-0.00210288,0.00226164,0.00160079,0.00525583,0,-0.10672,-0.0533598,0.000373486,1.08183e-05,0.000362667,0.00436451,7,False,False,False,i
2013-03-20,1552.5,131.219,0.00664613,-0.00261283,0.00411343,0.00746139,0,-0.274228,-0.137114,-0.000494056,2.8027e-05,-0.000522083,-0.00925896,6,False,False,False,i
2013-03-21,1539.25,131.422,-0.00853462,0.00154799,0.00166189,0.00504612,0,-0.110793,-0.0553964,0.00138247,2.74724e-05,0.001355,0.0100826,5,False,False,False,i
2013-03-22,1551,131.469,0.00763359,0.000356676,0.00350699,0.00677681,-1,-0.233799,-0.6169,-0.000403115,0.000187996,-0.000591111,-0.00727691,4,False,False,False,i
2013-03-25,1545.75,131.562,-0.00338491,0.000713097,0.00245789,0.0057973,-1,-0.163859,-0.58193,0.00252806,1.17297e-05,0.00251633,0.00409801,3,False,False,False,i
2013-03-26,1557.75,131.688,0.00776322,0.000950119,0.00409008,0.00741609,-1,-0.272672,-0.636336,-0.00396475,1.81731e-05,-0.00398292,-0.0068131,2,False,False,False,i
2013-03-27,1557.25,132.156,-0.000320976,0.00355956,0.00310062,0.00649184,-1,-0.206708,-0.603354,0.00246933,1.10187e-05,0.00245831,0.00388054,1,False,False,False,i
2013-03-28,1561.75,131.922,0.00288971,-0.00177347,0.00416866,0.00760358,-1,-0.27791,-0.638955,-0.00281355,1.18754e-05,-0.00282542,-0.00466318,0,True,False,False,i
2013-04-01,1556.5,132.156,-0.00336161,0.00177662,0.00289535,0.00637687,1,-0.193023,0.403488,0.0032831,0.000348353,0.00293475,0.00513823,21,False,True,False,i
2013-04-02,1564,131.984,0.0048185,-0.00130054,0.0044085,0.0014651,0,-0.2939,-0.14695,0.00246896,0.000183465,0.0022855,-0.00611905,20,False,False,False,i
2013-04-03,1548.5,132.406,-0.00991049,0.0031964,0.00120372,-0.00169148,0,-0.0802481,-0.0401241,0.00192606,3.57973e-05,0.00189026,0.0131069,19,False,False,False,i
2013-04-04,1554.5,132.828,0.00387472,0.00318622,0.00155477,-0.0015266,0,-0.103651,-0.0518255,-2.76255e-05,3.91299e-06,-3.15384e-05,0.000688501,18,False,False,False,i
2013-04-05,1547.5,133.047,-0.00450306,0.00164687,0.000228373,-0.00300746,0,-0.0152248,-0.00761242,0.000318723,1.4821e-05,0.000303902,-0.00614992,17,False,False,False,i
2013-04-08,1557.75,132.766,0.00662359,-0.00211392,0.00237494,-0.000911783,0,-0.158329,-0.0791647,-6.65135e-05,2.39003e-05,-9.04138e-05,0.0087375,16,False,False,False,i
2013-04-09,1563.25,132.844,0.00353073,0.000588443,0.00308417,-0.000206757,0,-0.205612,-0.102806,-0.000232925,7.88178e-06,-0.000240807,0.00294229,15,False,False,False,i
2013-04-10,1582.5,132.406,0.0123141,-0.00329334,0.00676997,0.00351708,0,-0.451331,-0.225666,-0.00160453,4.0693e-05,-0.00164523,0.0156074,14,False,False,False,i
2013-04-11,1588,132.516,0.00347551,0.000826056,0.00725739,0.00414951,0,-0.483826,-0.241913,-0.000597891,5.37142e-06,-0.000603263,-0.00264946,13,False,False,False,i
2013-04-12,1583.75,132.984,-0.00267632,0.00353732,0.00384692,0.00266318,0,-0.256461,-0.128231,0.00150316,3.76374e-05,0.00146552,0.00621364,12,False,False,False,i
2013-04-15,1546.75,133.156,-0.0233623,0.00129245,-0.00207362,-0.00332184,0,0.138242,0.0691208,0.00316149,6.61727e-05,0.00309532,0.0246547,11,False,False,False,i
2013-04-16,1569.75,132.891,0.0148699,-0.00199484,0.00246503,0.000704234,0,-0.164335,-0.0821676,0.0011657,5.03263e-05,0.00111538,0.0168647,10,False,False,False,i
2013-04-17,1545.75,133.094,-0.0152891,0.00152851,-0.0013519,-0.00336449,0,0.0901266,0.0450633,0.00138186,4.26759e-05,0.00133918,0.0168176,9,False,False,False,i
2013-04-18,1536.75,133.094,-0.00582242,0,-0.00259716,-0.00477061,0,0.173144,0.086572,-0.000262377,1.39669e-05,-0.000276344,-0.00582242,8,False,False,False,i
2013-04-19,1549.25,133.016,0.00813405,-0.000586992,0.00017528,-0.00267906,0,-0.0116853,-0.00584266,0.000754998,3.096e-05,0.000724038,0.00872104,7,False,False,False,i
2013-04-22,1557,133.109,0.00500242,0.000704804,0.00146422,-0.00164874,0,-0.0976144,-0.0488072,-2.51095e-05,1.4355e-05,-3.94645e-05,0.00429762,6,False,False,False,i
2013-04-23,1573.75,133.062,0.0107579,-0.000352154,0.0039515,0.0010046,0,-0.263434,-0.131717,-0.000542249,2.75424e-05,-0.000569791,0.01111,5,False,False,False,i
2013-04-24,1574.25,133.109,0.000317712,0.000352278,0.00347873,0.000996313,-1,-0.231915,-0.615958,4.55287e-06,0.000160837,-0.000156284,3.45656e-05,4,False,False,False,i
2013-04-25,1581,133.078,0.00428776,-0.000234769,0.00423621,0.00207813,-1,-0.282414,-0.641207,-0.00278568,8.36724e-06,-0.00279405,-0.00452253,3,False,False,False,i
2013-04-26,1578,133.406,-0.00189753,0.00246566,0.00315109,0.00103262,-1,-0.210073,-0.605036,0.00279771,1.19985e-05,0.00278571,0.00436319,2,False,False,False,i
2013-04-29,1588.75,133.453,0.00681242,0.00035137,0.00473002,0.0025754,-1,-0.315335,-0.657667,-0.00390917,1.73956e-05,-0.00392657,-0.00646105,1,False,False,False,i
2013-04-30,1592.25,133.359,0.00220299,-0.000702494,0.00536435,0.00327047,-1,-0.357624,-0.678812,-0.00191084,6.98041e-06,-0.00191782,-0.00290548,0,True,False,False,i
2013-05-01,1578.25,133.656,-0.00879259,0.00222613,0.0026074,0.000621596,1,-0.173826,0.413087,0.00747964,0.000362173,0.00711746,0.0110187,21,False,True,False,i
2013-05-02,1592.5,133.656,0.00902899,0,0.00487398,0.00215528,0,-0.324932,-0.162466,0.00372976,0.000189992,0.00353976,-0.00902899,20,False,False,False,i
2013-05-03,1609,132.844,0.0103611,-0.00607903,0.00872397,0.00607875,0,-0.581598,-0.290799,-0.00267096,4.21317e-05,-0.00271309,-0.0164401,19,False,False,False,i
2013-05-06,1613.25,132.734,0.00264139,-0.000823336,0.00916332,0.00690489,0,-0.610888,-0.305444,-0.00100754,4.8013e-06,-0.00101234,-0.00346473,18,False,False,False,i
2013-05-07,1621.25,132.625,0.00495893,-0.000824014,0.00577947,0.00828084,0,-0.385298,-0.192649,-0.00176637,3.68824e-05,-0.00180325,-0.00578295,17,False,False,False,i
2013-05-08,1628.75,132.703,0.00462606,0.000589067,0.0058184,0.00923984,0,-0.387893,-0.193947,-0.000777722,4.23311e-07,-0.000778146,-0.00403699,16,False,False,False,i
2013-05-09,1624.25,132.688,-0.00276285,-0.000117744,0.00403479,0.00860903,0,-0.268986,-0.134493,0.00051301,1.94215e-05,0.000493589,0.00264511,15,False,False,False,i
2013-05-10,1629.75,132.125,0.00338618,-0.00423928,0.00588224,0.0104247,0,-0.392149,-0.196075,-0.00102557,2.00808e-05,-0.00104565,-0.00762546,14,False,False,False,i
2013-05-13,1630.5,131.953,0.000460193,-0.00130085,0.00623249,0.0108436,0,-0.415499,-0.20775,-0.000345296,3.80606e-06,-0.000349102,-0.00176104,13,False,False,False,i
2013-05-14,1647.75,131.594,0.0105796,-0.00272351,0.00881784,0.0139889,0,-0.587856,-0.293928,-0.00276371,2.79397e-05,-0.00279165,-0.0133031,12,False,False,False,i
2013-05-15,1656,131.844,0.00500683,0.00189979,0.00943287,0.0147225,0,-0.628858,-0.314429,-0.000913246,6.62923e-06,-0.000919875,-0.00310704,11,False,False,False,i
2013-05-16,1648.25,132.359,-0.00467995,0.00391088,0.00470285,0.0126851,0,-0.313523,-0.156762,0.00270121,5.11089e-05,0.0026501,0.00859083,10,False,False,False,i
2013-05-17,1664.75,131.875,0.0100106,-0.00365954,0.00803414,0.0159138,0,-0.535609,-0.267805,-0.00214296,3.58083e-05,-0.00217877,-0.0136702,9,False,False,False,i
2013-05-20,1664.25,131.812,-0.000300345,-0.000473934,0.00785704,0.0159549,0,-0.523803,-0.261901,-4.64877e-05,1.90393e-06,-4.83916e-05,-0.000173588,8,False,False,False,i
2013-05-21,1667,132.016,0.0016524,0.00154101,0.00788194,0.0159812,0,-0.525462,-0.262731,-2.91709e-05,2.67453e-07,-2.94384e-05,-0.000111381,7,False,False,False,i
2013-05-22,1653.5,131.203,-0.00809838,-0.00615457,0.0065277,0.015518,0,-0.43518,-0.21759,0.000510699,1.46085e-05,0.00049609,0.00194381,6,False,False,False,i
2013-05-23,1649.25,131.312,-0.00257031,0.000833631,0.00573256,0.0147114,0,-0.38217,-0.191085,0.000740662,8.58893e-06,0.000732073,0.00340394,5,False,False,False,i
2013-05-24,1647.75,131.281,-0.000909504,-0.000237982,0.00560357,0.0145523,-1,-0.373571,-0.686786,0.000128318,0.00016071,-3.2392e-05,0.000671522,4,False,False,False,i
2013-05-28,1658,130.172,0.0062206,-0.00845037,0.00916478,0.0180255,-1,-0.610985,-0.805493,-0.0100758,3.83611e-05,-0.0101142,-0.014671,3,False,False,False,i
2013-05-29,1647.25,130.562,-0.00648372,0.00300084,0.00676509,0.0157801,-1,-0.451006,-0.725503,0.00763974,2.59374e-05,0.0076138,0.00948456,2,False,False,False,i
2013-05-30,1653,130.562,0.00349067,0,0.00615058,0.0166042,-1,-0.410039,-0.705019,-0.00253249,6.62995e-06,-0.00253912,-0.00349067,1,False,False,False,i
2013-05-31,1629,130.359,-0.0145191,-0.00155577,0.00299466,0.0135101,-1,-0.199644,-0.599822,0.00913937,3.43115e-05,0.00910506,0.0129633,0,True,False,False,i
2013-06-03,1638.25,129.438,0.00567833,0.000966651,0.00423882,0.014623,1,-0.282588,0.358706,-0.00282617,0.000311707,-0.00313788,-0.00471168,19,False,True,False,i
2013-06-04,1629.5,129.25,-0.00534107,-0.00144858,0.00335157,-0.000937746,0,-0.223438,-0.111719,-0.00139626,0.000153411,-0.00154967,0.00389249,18,False,False,False,i
2013-06-05,1607,129.641,-0.0138079,0.00302224,-0.000668336,-0.00500887,0,0.0445557,0.0222779,0.00188025,4.40203e-05,0.00183623,-0.0168302,17,False,False,False,i
2013-06-06,1621.25,129.75,0.00886745,0.000843678,0.00140354,-0.00308613,0,-0.0935694,-0.0467847,0.000178753,2.25825e-05,0.00015617,0.00802378,16,False,False,False,i
2013-06-07,1642.5,128.969,0.0131072,-0.00602119,0.00653396,0.0014916,0,-0.435597,-0.217799,-0.000894915,5.5537e-05,-0.000950452,0.0191284,15,False,False,False,i
2013-06-10,1642,128.766,-0.000304414,-0.00157499,0.00666182,0.0017964,0,-0.444122,-0.222061,-0.000276731,1.38436e-06,-0.000278115,-0.00127058,14,False,False,False,i
2013-06-11,1625.5,128.984,-0.0100487,0.00169882,0.0030809,-0.00103395,0,-0.205393,-0.102697,0.00260867,3.89765e-05,0.00256969,0.0117475,13,False,False,False,i
2013-06-12,1611.75,128.578,-0.00845894,-0.00314961,0.0019112,-0.0023174,0,-0.127413,-0.0637065,0.00054525,1.27889e-05,0.000532461,-0.00530933,12,False,False,False,i
2013-06-13,1636.5,129.25,0.015356,0.00522542,0.00467658,9.13985e-05,0,-0.311772,-0.155886,-0.000645383,2.9993e-05,-0.000675376,0.0101306,11,False,False,False,i
2013-06-14,1626,129.547,-0.00641613,0.00229691,0.00262683,-0.00200572,0,-0.175122,-0.0875609,0.00135824,2.23068e-05,0.00133593,0.00871304,10,False,False,False,i
2013-06-17,1633,129.312,0.00786916,-0.00180919,0.0049915,0.000311708,0,-0.332766,-0.166383,-0.000847445,2.56758e-05,-0.000873121,0.00967835,9,False,False,False,i
2013-06-18,1646,129.219,0.00796081,-0.000724988,0.00696873,0.00238644,0,-0.464582,-0.232291,-0.00144517,2.13798e-05,-0.00146655,-0.0086858,8,False,False,False,i
2013-06-19,1623,127.594,-0.0139733,-0.0125756,0.00621358,0.00204712,0,-0.414239,-0.207119,0.000324672,8.22605e-06,0.000316446,0.00139769,7,False,False,False,i
2013-06-20,1581,127.172,-0.025878,-0.00330639,0.000548366,-0.00345367,0,-0.0365577,-0.0182789,0.00467502,6.25785e-05,0.00461244,0.0225716,6,False,False,False,i
2013-06-21,1586.75,126.094,0.00363694,-0.0084777,0.00366899,-0.000534283,0,-0.244599,-0.1223,-0.000221442,3.44039e-05,-0.000255846,0.0121146,5,False,False,False,i
2013-06-24,1566.25,125.734,-0.0129195,-0.00285006,0.00147567,-0.0029737,1,-0.0983777,0.450811,0.00123149,0.000190875,0.00104061,-0.0100694,4,False,False,False,i
2013-06-25,1582,125.672,0.0100559,-0.00049708,0.00408375,-0.000449456,1,-0.27225,0.363875,0.00475739,2.87994e-05,0.00472859,0.0105529,3,False,False,False,i
2013-06-26,1597.25,126.156,0.0096397,0.00385428,0.00535389,0.000929465,-1,-0.356926,-0.678463,0.00210517,0.000343534,0.00176163,0.00578541,2,False,False,False,i
2013-06-27,1607,126.672,0.00610424,0.00408719,0.00578016,0.00141063,-1,-0.385344,-0.692672,-0.00136849,4.66786e-06,-0.00137316,-0.00201705,1,False,False,False,i
2013-06-28,1597.5,126.484,-0.00591164,-0.0014802,0.0046275,0.000343923,-1,-0.3085,-0.65425,0.00306953,1.26621e-05,0.00305687,0.00443143,0,True,False,False,i
2013-07-01,1609,126.609,0.00719875,0.000988264,0.00614593,0.00182702,-1,-0.409728,-0.704864,-0.00406321,1.66167e-05,-0.00407982,-0.00621048,21,False,True,False,i
2013-07-02,1607,126.594,-0.00124301,-0.000123411,0.00580536,-0.000268917,0,-0.387024,-0.193512,0.000789164,0.000167988,0.000621176,0.0011196,20,False,False,False,i
2013-07-03,1610,126.266,0.00186683,-0.00259195,0.00680307,0.000801343,0,-0.453538,-0.226769,-0.000862828,1.09147e-05,-0.000873743,0.00445879,19,False,False,False,i
2013-07-05,1625.25,124.594,0.00947205,-0.0132409,0.0121775,0.0062466,0,-0.811834,-0.405917,-0.0051506,5.85027e-05,-0.0052091,-0.022713,18,False,False,False,i
2013-07-08,1634.25,125.281,0.00553761,0.00551793,0.011642,0.00625127,0,-0.776136,-0.388068,-7.98695e-06,5.81184e-06,-1.37988e-05,-1.96763e-05,17,False,False,False,i
2013-07-09,1646.25,125.469,0.00734282,0.00149663,0.00557168,0.00763982,0,-0.371445,-0.185723,-0.00226872,6.56333e-05,-0.00233435,-0.00584619,16,False,False,False,i
2013-07-10,1647,125.203,0.000455581,-0.00211706,0.00613275,0.00825351,0,-0.40885,-0.204425,-0.000477798,6.06486e-06,-0.000483863,-0.00257264,15,False,False,False,i
2013-07-11,1669.75,126.344,0.013813,0.0091102,0.00675795,0.00936084,0,-0.45053,-0.225265,-0.000961369,6.70986e-06,-0.000968079,-0.0047028,14,False,False,False,i
2013-07-12,1672.5,126.234,0.00164695,-0.000865694,0.00719391,0.00995856,0,-0.479594,-0.239797,-0.000566011,4.67486e-06,-0.000570686,-0.00251265,13,False,False,False,i
2013-07-15,1677.25,126.578,0.00284006,0.00272311,0.00556494,0.0099863,0,-0.370996,-0.185498,-2.80444e-05,1.74418e-05,-4.54862e-05,-0.00011695,12,False,False,False,i
2013-07-16,1671,126.594,-0.00372634,0.000123442,0.00464241,0.00906839,0,-0.309494,-0.154747,0.000714127,9.89705e-06,0.00070423,0.00384978,11,False,False,False,i
2013-07-17,1675.25,127.047,0.00254339,0.00357936,0.00443114,0.00882244,0,-0.29541,-0.147705,0.000160314,2.2635e-06,0.000158051,0.00103598,10,False,False,False,i
2013-07-18,1684.75,126.641,0.0056708,-0.00319764,0.0065562,0.0109299,0,-0.43708,-0.21854,-0.00130991,2.2701e-05,-0.00133261,-0.00886843,9,False,False,False,i
2013-07-19,1687.5,127.125,0.00163229,0.0038248,0.00591491,0.01041,0,-0.394327,-0.197164,0.000479151,6.84485e-06,0.000472306,0.00219251,8,False,False,False,i
2013-07-22,1690.5,127.188,0.00177778,0.000491642,0.00489059,0.0107155,0,-0.32604,-0.16302,-0.000253579,1.0923e-05,-0.000264502,-0.00128614,7,False,False,False,i
2013-07-23,1688,127.047,-0.00147885,-0.00110565,0.00478943,0.0106267,0,-0.319295,-0.159648,6.08392e-05,1.07958e-06,5.97596e-05,0.000373201,6,False,False,False,i
2013-07-24,1681,126.438,-0.00414692,-0.00479646,0.0049488,0.0107818,0,-0.32992,-0.16496,-0.000103697,1.70446e-06,-0.000105402,-0.000649539,5,False,False,False,i
2013-07-25,1685.25,126.625,0.00252826,0.00148295,0.00519204,0.0110297,-1,-0.346136,-0.673068,-0.000172435,0.000162811,-0.000335246,-0.00104531,4,False,False,False,i
2013-07-26,1687,126.672,0.00103842,0.000370188,0.00534194,0.0111884,-1,-0.356129,-0.678065,-0.000449767,1.60016e-06,-0.000451367,-0.000668234,3,False,False,False,i
2013-07-29,1681.25,126.547,-0.00340842,-0.000986802,0.00475588,0.0106116,-1,-0.317059,-0.658529,0.00164201,6.26734e-06,0.00163574,0.00242162,2,False,False,False,i
2013-07-30,1681.25,126.453,0,-0.000740832,0.0049554,0.0107877,-1,-0.33036,-0.66518,-0.00048786,2.13363e-06,-0.000489993,-0.000740832,1,False,False,False,i
2013-07-31,1681.75,126.531,0.000297398,0.000617818,0.00487202,0.0107116,-1,-0.324801,-0.662401,0.000213137,8.91487e-07,0.000212246,0.00032042,0,True,False,False,i
2013-08-01,1701.75,125.484,0.0118924,-0.00827365,0.00967532,0.0154866,1,-0.645022,0.177489,-0.013358,0.00026777,-0.0136258,-0.020166,21,False,True,False,i
2013-08-02,1704.5,126.562,0.00161598,0.00859171,0.00783695,-0.00166683,0,-0.522463,-0.261232,-0.00123812,0.000139755,-0.00137787,0.00697572,20,False,False,False,i
2013-08-05,1702.5,126.344,-0.00117336,-0.0017284,0.00352244,-0.00153325,0,-0.234829,-0.117415,-0.000144992,4.58407e-05,-0.000190832,0.00055503,19,False,False,False,i
2013-08-06,1693,126.359,-0.00558003,0.000123671,0.00214805,-0.0029084,0,-0.143203,-0.0716016,0.000669698,1.46449e-05,0.000655053,-0.0057037,18,False,False,False,i
2013-08-07,1687.5,126.656,-0.00324867,0.00234945,0.000858529,-0.0042565,0,-0.0572353,-0.0286176,0.000400835,1.37637e-05,0.000387071,-0.00559812,17,False,False,False,i
2013-08-08,1693,126.781,0.00325926,0.000986923,0.00155331,-0.00371052,0,-0.103554,-0.051777,-6.50289e-05,7.40328e-06,-7.24321e-05,0.00227234,16,False,False,False,i
2013-08-09,1688.5,126.844,-0.002658,0.000492975,0.000854654,-0.0044701,0,-0.0569769,-0.0284885,0.000163148,7.45483e-06,0.000155693,-0.00315098,15,False,False,False,i
2013-08-12,1686.25,126.625,-0.00133254,-0.00172456,0.00097793,-0.00437553,0,-0.0651953,-0.0325977,-1.1168e-05,1.3163e-06,-1.24843e-05,0.000392019,14,False,False,False,i
2013-08-13,1691.25,125.719,0.00296516,-0.00715696,0.0034041,-0.00193481,0,-0.22694,-0.11347,-0.000329957,2.5866e-05,-0.000355823,0.0101221,13,False,False,False,i
2013-08-14,1682.5,125.797,-0.00517369,0.000621427,0.00191972,-0.00333183,0,-0.127981,-0.0639907,0.000657571,1.58679e-05,0.000641704,-0.00579511,12,False,False,False,i
2013-08-15,1658.25,125.359,-0.0144131,-0.00347783,-0.000708721,-0.00599004,0,0.0472481,0.023624,0.000699754,2.83111e-05,0.000671443,-0.0109352,11,False,False,False,i
2013-08-16,1653.5,125,-0.00286447,-0.00286676,-0.000606205,-0.00598949,0,0.0404137,0.0202068,5.41586e-08,1.10587e-06,-1.05171e-06,2.29252e-06,10,False,False,False,i
2013-08-19,1642.25,124.641,-0.00680375,-0.002875,-0.0010327,-0.00694192,0,0.0688469,0.0344234,-7.93876e-05,4.61723e-06,-8.40048e-05,-0.00392875,9,False,False,False,i
2013-08-20,1650.5,125.172,0.0050236,0.00426225,-0.000814242,-0.00675904,0,0.0542828,0.0271414,2.6208e-05,2.35883e-06,2.38492e-05,0.000761342,8,False,False,False,i
2013-08-21,1640.5,124.484,-0.00605877,-0.00549245,-0.000762424,-0.00689649,0,0.0508283,0.0254141,-1.53708e-05,5.61291e-07,-1.59321e-05,-0.000566322,7,False,False,False,i
2013-08-22,1654.5,124.328,0.00853398,-0.00125518,0.0015828,-0.00454476,0,-0.10552,-0.0527601,0.000248783,2.52905e-05,0.000223493,0.00978916,6,False,False,False,i
2013-08-23,1660.5,124.891,0.00362647,0.00452432,0.00127851,-0.00476018,0,-0.0852339,-0.0426169,4.73704e-05,3.27525e-06,4.40951e-05,-0.000897845,5,False,False,False,i
2013-08-26,1654.25,125.188,-0.00376393,0.00237708,-0.000234463,-0.00624162,1,0.0156308,0.507815,0.000261711,0.000178087,8.36238e-05,-0.00614101,4,False,False,False,i
2013-08-27,1627.75,125.766,-0.0160193,0.00461807,-0.00516991,-0.0112579,1,0.34466,0.67233,-0.01048,5.36805e-05,-0.0105337,-0.0206374,3,False,False,False,i
2013-08-28,1633.5,125.328,0.00353248,-0.00347869,-0.00304105,-0.00956139,1,0.202737,0.601368,0.00471383,2.31116e-05,0.00469071,0.00701118,2,False,False,False,i
2013-08-29,1635.75,125.438,0.00137741,0.000872709,-0.00166467,-0.00943948,1,0.110978,0.555489,0.000303511,1.49317e-05,0.00028858,0.000504701,1,False,False,False,i
2013-08-30,1629.75,125.094,-0.00366804,-0.00274041,-0.00196232,-0.00966452,1,0.130821,0.565411,-0.00051529,3.23531e-06,-0.000518525,-0.000927634,0,True,False,False,i
2013-09-03,1638,123.5,0.00506213,-0.00415774,0.000259509,-0.00743766,-1,-0.0173006,-0.50865,0.00521301,0.000349305,0.00486371,0.00921987,19,False,True,False,i
2013-09-04,1651.75,123.094,0.00839438,-0.00328947,0.00296771,0.00279373,0,-0.197848,-0.0989238,-0.005943,0.000132668,-0.00607567,0.0116839,18,False,False,False,i
2013-09-05,1653.25,122.281,0.000908128,-0.00660066,0.00429024,0.00459532,0,-0.286016,-0.143008,-0.000742797,1.42676e-05,-0.000757065,-0.00750879,17,False,False,False,i
2013-09-06,1654,123,0.000453652,0.00587784,0.00241155,0.00330198,0,-0.16077,-0.0803849,0.000775703,2.02627e-05,0.000755441,0.00542419,16,False,False,False,i
2013-09-09,1670.5,123.266,0.00997582,0.00215955,0.00409357,0.00515986,0,-0.272905,-0.136452,-0.000628309,1.80478e-05,-0.000646357,-0.00781626,15,False,False,False,i
2013-09-10,1683.25,122.844,0.00763245,-0.00342249,0.00665731,0.00779274,0,-0.443821,-0.22191,-0.00150847,2.73999e-05,-0.00153587,-0.0110549,14,False,False,False,i
2013-09-11,1688.5,123.422,0.00311897,0.00470618,0.00543182,0.00741579,0,-0.362121,-0.181061,0.000352219,1.30763e-05,0.000339143,0.00158722,13,False,False,False,i
2013-09-12,1683.75,123.438,-0.00281315,0.000126598,0.0040085,0.00671361,0,-0.267234,-0.133617,0.000532272,1.52093e-05,0.000517063,0.00293975,12,False,False,False,i
2013-09-13,1688,123.609,0.00252413,0.00139241,0.00430578,0.00698309,0,-0.287052,-0.143526,-0.000151217,3.17254e-06,-0.00015439,-0.00113172,11,False,False,False,i
2013-09-16,1690.75,123.969,0.00580012,0.00290734,0.00501516,0.00766997,0,-0.334344,-0.167172,-0.000415189,7.56399e-06,-0.000422753,-0.00289277,10,False,False,False,i
2013-09-17,1698.25,124.156,0.0044359,0.00151248,0.00568488,0.00836465,0,-0.378992,-0.189496,-0.000488715,7.12475e-06,-0.000495839,-0.00292342,9,False,False,False,i
2013-09-18,1718.75,125.594,0.0120712,0.0115782,0.00577436,0.00848075,0,-0.384957,-0.192479,-9.34399e-05,9.46072e-07,-9.4386e-05,-0.000493097,8,False,False,False,i
2013-09-19,1715.5,125.188,-0.00189091,-0.00323464,0.00603357,0.00880165,0,-0.402238,-0.201119,-0.000258638,2.74334e-06,-0.000261382,-0.00134373,7,False,False,False,i
2013-09-20,1702.75,125.266,-0.00743224,0.000624064,0.00408955,0.00687469,0,-0.272637,-0.136318,0.00162028,2.06532e-05,0.00159962,0.0080563,6,False,False,False,i
2013-09-23,1695,125.562,-0.00455146,0.00236996,0.00241796,0.00522037,0,-0.161198,-0.0805988,0.000943518,1.78008e-05,0.000925717,0.00692142,5,False,False,False,i
2013-09-24,1691.25,125.938,-0.00221239,0.00298656,0.00136319,0.00397799,-1,-0.0908797,-0.54544,0.000419029,0.000148674,0.000270356,0.00519895,4,False,False,False,i
2013-09-25,1686.75,126.25,-0.00266075,0.00248139,0.000325725,0.00274728,-1,-0.021715,-0.510857,0.00280473,1.1076e-05,0.00279365,0.00514214,3,False,False,False,i
2013-09-26,1692,126.062,0.00311249,-0.00148515,0.00175081,0.00384674,-1,-0.11672,-0.55836,-0.00234874,1.51897e-05,-0.00236393,-0.00459764,2,False,False,False,i
2013-09-27,1684.75,126.281,-0.00428487,0.00173525,0.000380315,0.00240389,-1,-0.0253544,-0.512677,0.0033614,1.46403e-05,0.00334676,0.00602012,1,False,False,False,i
2013-09-30,1675.75,126.406,-0.00534204,0.000989854,-0.00107405,0.000883021,-1,0.0716031,-0.464198,0.00324622,1.55795e-05,0.00323064,0.00633189,0,True,False,False,i
2013-10-01,1688.25,126.172,0.00745935,-0.00185414,0.00146562,0.00310828,1,-0.0977079,0.451146,-0.00432331,0.000293031,-0.00461634,-0.00931349,22,False,True,False,i
2013-10-02,1686.75,126.406,-0.000888494,0.00185759,0.000728264,-0.000658921,0,-0.0485509,-0.0242755,-0.00123888,0.000152268,-0.00139115,0.00274608,21,False,False,False,i
2013-10-03,1671.75,126.562,-0.00889284,0.00123609,-0.00168751,-0.00310301,0,0.1125,0.0562502,0.000245885,2.59106e-05,0.000219974,-0.0101289,20,False,False,False,i
2013-10-04,1684,126.203,0.00732765,-0.00283951,0.00084174,-0.000664557,0,-0.056116,-0.028058,0.000571904,2.7025e-05,0.000544879,0.0101672,19,False,False,False,i
2013-10-07,1669.25,126.312,-0.00875891,0.000866658,-0.00131314,-0.00298735,0,0.0875429,0.0437714,0.000270074,2.31305e-05,0.000246944,-0.00962557,18,False,False,False,i
2013-10-08,1649.5,126.25,-0.0118317,-0.000494805,-0.0039673,-0.00573483,0,0.264487,0.132243,-0.00049623,2.86674e-05,-0.000524898,-0.0113369,17,False,False,False,i
2013-10-09,1650.5,126.156,0.000606244,-0.000742574,-0.00314748,-0.00540963,0,0.209832,0.104916,0.000178372,8.85208e-06,0.00016952,0.00134882,16,False,False,False,i
2013-10-10,1686.75,125.953,0.021963,-0.00161011,0.00324473,0.00020311,0,-0.216315,-0.108158,0.0024732,6.8243e-05,0.00240495,0.0235731,15,False,False,False,i
2013-10-11,1697.5,126.094,0.0063732,0.00111649,0.00428277,0.00145914,0,-0.285518,-0.142759,-0.000568554,1.10457e-05,-0.0005796,-0.00525672,14,False,False,False,i
2013-10-14,1704.75,125.734,0.00427099,-0.00285006,0.00485968,0.00316366,0,-0.323979,-0.161989,-0.00101659,6.12535e-06,-0.00102272,-0.00712105,13,False,False,False,i
2013-10-15,1691.75,125.797,-0.00762575,0.00049708,0.00284403,0.0012108,0,-0.189602,-0.094801,0.00131581,2.1486e-05,0.00129433,0.00812283,12,False,False,False,i
2013-10-16,1716,126.297,0.0143343,0.00397466,0.00499904,0.0036695,0,-0.333269,-0.166635,-0.000982101,2.28036e-05,-0.0010049,-0.0103596,11,False,False,False,i
2013-10-17,1727.25,126.859,0.00655594,0.00445379,0.0054039,0.00416958,0,-0.36026,-0.18013,-0.000350291,4.26968e-06,-0.000354561,-0.00210215,10,False,False,False,i
2013-10-18,1738.75,126.891,0.00665798,0.000246336,0.00669192,0.00569663,0,-0.446128,-0.223064,-0.00115493,1.35377e-05,-0.00116847,-0.00641165,9,False,False,False,i
2013-10-21,1739,126.766,0.000143781,-0.0009851,0.00690242,0.00596632,0,-0.460161,-0.230081,-0.000251813,2.21234e-06,-0.000254025,-0.00112888,8,False,False,False,i
2013-10-22,1749.25,127.453,0.00589419,0.00542339,0.00658722,0.00607809,0,-0.439148,-0.219574,-0.000108321,3.30277e-06,-0.000111624,-0.000470798,7,False,False,False,i
2013-10-23,1741.25,127.578,-0.00457339,0.000980753,0.00525439,0.00474888,0,-0.350293,-0.175146,0.00121954,1.39984e-05,0.00120555,0.00555414,6,False,False,False,i
2013-10-24,1746.75,127.406,0.00315865,-0.00134721,0.00608331,0.00582443,0,-0.405554,-0.202777,-0.000789186,8.69196e-06,-0.000797878,-0.00450586,5,False,False,False,i
2013-10-25,1754.75,127.609,0.00457993,0.00159431,0.00675761,0.00653498,-1,-0.450507,-0.725254,-0.000605416,0.000163977,-0.000769393,-0.00298562,4,False,False,False,i
2013-10-28,1757.5,127.547,0.00156717,-0.000489776,0.00722054,0.0070255,-1,-0.481369,-0.740685,-0.00149181,4.83906e-06,-0.00149665,-0.00205695,3,False,False,False,i
2013-10-29,1767.5,127.734,0.0056899,0.00147005,0.00731218,0.00802809,-1,-0.487479,-0.743739,-0.00312558,9.5518e-07,-0.00312653,-0.00421985,2,False,False,False,i
2013-10-30,1758.75,127.484,-0.0049505,-0.00195719,0.00597118,0.00731199,-1,-0.398079,-0.699039,0.00222624,1.40126e-05,0.00221223,0.00299331,1,False,False,False,i
2013-10-31,1752.25,127.281,-0.00369581,-0.00159333,0.00502261,0.00680914,-1,-0.334841,-0.66742,0.00146971,9.93076e-06,0.00145978,0.00210247,0,True,False,False,i
2013-11-01,1756,126.734,0.00214011,-0.00429659,0.00658066,0.00834548,1,-0.438711,0.280645,-0.00429598,0.000297439,-0.00459342,-0.00643669,19,False,True,False,i
2013-11-04,1763,126.938,0.00398633,0.00160276,0.00707598,0.000570327,0,-0.471732,-0.235866,0.000668936,0.000161719,0.000507217,-0.00238357,18,False,False,False,i
2013-11-05,1757.75,126.547,-0.00297788,-0.0030773,0.00707783,0.00059425,0,-0.471855,-0.235928,-2.34506e-05,1.93323e-08,-2.34699e-05,-9.94232e-05,17,False,False,False,i
2013-11-06,1766.5,126.922,0.00497795,0.00296333,0.00716277,0.00107551,0,-0.477518,-0.238759,-0.000475306,8.85562e-07,-0.000476192,-0.00201463,16,False,False,False,i
2013-11-07,1744.25,127.188,-0.0125955,0.00209282,0.00361716,-0.0024704,0,-0.241144,-0.120572,0.00350697,3.7206e-05,0.00346977,0.0146884,15,False,False,False,i
2013-11-08,1767.25,126.078,0.0131862,-0.00872236,0.00851602,0.00277542,0,-0.567735,-0.283867,-0.00264156,5.10653e-05,-0.00269262,0.0219085,14,False,False,False,i
2013-11-11,1768,126.016,0.000424388,-0.000495724,0.00853387,0.00299572,0,-0.568925,-0.284462,-0.00026119,1.8603e-07,-0.000261376,-0.000920113,13,False,False,False,i
2013-11-12,1764.75,125.859,-0.00183824,-0.00123993,0.00707907,0.00285226,0,-0.471938,-0.235969,0.000170197,1.51757e-05,0.000155021,0.00059831,12,False,False,False,i
2013-11-13,1778.25,126.328,0.00764981,0.00372439,0.0080151,0.0037864,0,-0.53434,-0.26717,-0.000926276,9.72656e-06,-0.000936002,-0.00392541,11,False,False,False,i
2013-11-14,1788,126.875,0.00548292,0.004329,0.00825269,0.00406107,0,-0.550179,-0.27509,-0.000308291,2.46202e-06,-0.000310753,-0.00115391,10,False,False,False,i
2013-11-15,1795.25,126.797,0.00405481,-0.000615764,0.00756038,0.00517567,0,-0.504025,-0.252013,-0.00128483,7.15959e-06,-0.00129199,-0.00467057,9,False,False,False,i
2013-11-18,1789.5,127.156,-0.0032029,0.00283426,0.00599269,0.00373199,0,-0.399513,-0.199756,0.00152144,1.62385e-05,0.0015052,0.00603715,8,False,False,False,i
2013-11-19,1785.5,126.75,-0.00223526,-0.00319489,0.00540138,0.00396217,0,-0.360092,-0.180046,-0.000191692,6.13181e-06,-0.000197823,-0.000959627,7,False,False,False,i
2013-11-20,1779.25,126.328,-0.00350042,-0.0033284,0.00539815,0.00392088,0,-0.359877,-0.179938,3.09711e-05,3.35567e-08,3.09376e-05,0.000172018,6,False,False,False,i
2013-11-21,1793.5,126.344,0.00800899,0.000123686,0.00727406,0.00579788,0,-0.484937,-0.242469,-0.00141887,1.94093e-05,-0.00143828,-0.00788531,5,False,False,False,i
2013-11-22,1802.75,126.594,0.00515751,0.00197873,0.00795674,0.00655404,-1,-0.530449,-0.765225,-0.000770756,0.000161844,-0.0009326,-0.00317878,4,False,False,False,i
2013-11-25,1801.5,126.719,-0.000693385,0.000987411,0.00551659,0.00615291,-1,-0.367773,-0.683886,0.00128619,2.51909e-05,0.001261,0.0016808,3,False,False,False,i
2013-11-26,1802,126.969,0.000277546,0.00197287,0.00500581,0.00574857,-1,-0.333721,-0.66686,0.00115941,5.27232e-06,0.00115414,0.00169533,2,False,False,False,i
2013-11-27,1806,126.703,0.00221976,-0.00209205,0.00605116,0.00677777,-1,-0.403411,-0.701705,-0.00287537,1.07782e-05,-0.00288615,-0.00431181,1,False,False,False,i
2013-11-29,1804.25,126.5,-0.000968992,-0.00160316,0.00616295,0.00692926,-1,-0.410864,-0.705432,-0.000444997,1.15324e-06,-0.00044615,-0.000634165,0,True,False,False,i
2013-12-02,1799.75,124.891,-0.00249411,-0.00286926,0.00624688,0.007019,1,-0.416458,0.291771,-0.000264643,0.00030899,-0.000573633,-0.00037515,20,False,True,False,i
2013-12-03,1793.5,125.047,-0.0034727,0.00125109,0.00511412,-0.00113551,0,-0.340941,-0.170471,-0.00137827,0.000143479,-0.00152175,0.0047238,19,False,False,False,i
2013-12-04,1791.5,124.641,-0.00111514,-0.00324878,0.00555697,-0.000621941,0,-0.370464,-0.185232,-0.000363724,4.58454e-06,-0.000368308,0.00213364,18,False,False,False,i
2013-12-05,1784.5,124.344,-0.00390734,-0.00238185,0.0051717,-0.00098946,0,-0.34478,-0.17239,0.00028257,3.99635e-06,0.000278574,-0.00152549,17,False,False,False,i
2013-12-06,1804,124.375,0.0109274,0.000251319,0.00771935,0.00155798,0,-0.514623,-0.257312,-0.00184045,2.62824e-05,-0.00186674,0.0106761,16,False,False,False,i
2013-12-09,1808.5,124.422,0.00249446,0.000376884,0.0081254,0.00206469,0,-0.541694,-0.270847,-0.000544876,4.18376e-06,-0.00054906,-0.00211757,15,False,False,False,i
2013-12-10,1802.5,124.859,-0.00331767,0.00351626,0.00628149,0.000426422,0,-0.418766,-0.209383,0.00185095,1.90304e-05,0.00183192,0.00683393,14,False,False,False,i
2013-12-11,1781.25,124.531,-0.0117892,-0.00262796,0.00400945,-0.0017895,0,-0.267297,-0.133648,0.0019182,2.35892e-05,0.00189461,0.00916123,13,False,False,False,i
2013-12-12,1776,124.203,-0.00294737,-0.00263488,0.00416828,-0.00186482,0,-0.277885,-0.138943,4.17635e-05,1.65143e-06,4.01121e-05,-0.000312488,12,False,False,False,i
2013-12-13,1775,124.25,-0.000563063,0.000377406,0.00409767,-0.00209092,0,-0.273178,-0.136589,0.000130671,7.34359e-07,0.000129937,-0.000940469,11,False,False,False,i
2013-12-16,1780,124.234,0.0062182,-0.000125755,0.00561776,-0.000571322,0,-0.374517,-0.187259,-0.000866515,1.57878e-05,-0.000882303,0.00634396,10,False,False,False,i
2013-12-17,1774,124.562,-0.00337079,0.00264118,0.00412219,-0.00201627,0,-0.274813,-0.137406,0.00112579,1.55596e-05,0.00111023,-0.00601196,9,False,False,False,i
2013-12-18,1805,124.172,0.0174746,-0.00313598,0.00906916,0.00289339,0,-0.604611,-0.302305,-0.00283203,5.10204e-05,-0.00288305,0.0206106,8,False,False,False,i
2013-12-19,1803,123.672,-0.00110803,-0.00402668,0.00957717,0.00359374,0,-0.638478,-0.319239,-0.000882322,5.24222e-06,-0.000887564,-0.00291864,7,False,False,False,i
2013-12-20,1813.25,123.734,0.00568497,0.00050537,0.00911163,0.00482857,0,-0.607442,-0.303721,-0.00165353,4.79034e-06,-0.00165832,-0.0051796,6,False,False,False,i
2013-12-23,1822.5,123.438,0.00510134,-0.00239929,0.00974325,0.00661748,0,-0.64955,-0.324775,-0.0022781,6.48274e-06,-0.00228458,-0.00750063,5,False,False,False,i
2013-12-24,1829.25,123.047,0.0037037,-0.00316456,0.00917033,0.00825483,-1,-0.611355,-0.805678,-0.00223064,0.000147804,-0.00237844,-0.00686826,4,False,False,False,i
2013-12-26,1836.5,122.984,0.00396337,-0.000507937,0.00746018,0.00931791,-1,-0.497345,-0.748673,-0.00360243,1.74859e-05,-0.00361992,-0.00447131,3,False,False,False,i
2013-12-27,1836,122.969,-0.000272257,-0.000127049,0.00517997,0.00928333,-1,-0.345331,-0.672666,0.000108714,2.33177e-05,8.53958e-05,0.000145208,2,False,False,False,i
2013-12-30,1835.5,123.266,-0.000272331,0.00241423,0.0033228,0.00864427,-1,-0.22152,-0.61076,0.00180716,1.89944e-05,0.00178816,0.00268656,1,False,False,False,i
2013-12-31,1842.75,122.875,0.00394988,-0.00316897,0.00504913,0.010338,-1,-0.336609,-0.668304,-0.00434791,1.76216e-05,-0.00436553,-0.00711885,0,True,False,False,i
2014-01-02,1826.25,123.234,-0.00895401,0.00292472,0.00213293,0.00750065,1,-0.142195,0.428902,0.00793861,0.0003375,0.00760111,0.0118787,20,False,True,False,i
2014-01-03,1824.75,123.125,-0.000821355,-0.000887536,0.00143398,1.5897e-05,0,-0.0955989,-0.0477995,2.83853e-05,0.000146693,-0.000118308,-6.61812e-05,19,False,False,False,i
2014-01-06,1820.75,123.469,-0.00219208,0.00279188,0.000238493,-0.00118047,0,-0.0158995,-0.00794975,0.000238231,1.22762e-05,0.000225954,0.00498396,18,False,False,False,i
2014-01-07,1831.25,123.625,0.00576685,0.0012655,0.00136024,-0.00010336,0,-0.0906826,-0.0453413,-3.57846e-05,1.14859e-05,-4.72706e-05,0.00450135,17,False,False,False,i
2014-01-08,1831.75,123.094,0.000273038,-0.00429727,0.00242011,0.000995317,0,-0.161341,-0.0806704,-0.000207224,1.08509e-05,-0.000218075,0.00457031,16,False,False,False,i
2014-01-09,1832.75,123.328,0.000545926,0.00190404,0.00205294,0.000669996,0,-0.136863,-0.0684314,0.000109559,3.75807e-06,0.000105801,0.00135811,15,False,False,False,i
2014-01-10,1837.25,124.266,0.00245533,0.00760167,0.000808323,-0.000558892,0,-0.0538882,-0.0269441,0.000352171,1.27234e-05,0.000339448,0.00514635,14,False,False,False,i
2014-01-13,1813.5,124.578,-0.0129269,0.00251477,-0.00287272,-0.00429179,0,0.191515,0.0957573,0.000416063,3.78751e-05,0.000378188,-0.0154417,13,False,False,False,i
2014-01-14,1833.25,124.125,0.0108905,-0.00363728,0.000937931,-0.000810376,0,-0.0625287,-0.0312644,0.00139114,3.89974e-05,0.00135215,0.0145278,12,False,False,False,i
2014-01-15,1843,123.969,0.00531842,-0.00125881,0.00263096,0.000764997,0,-0.175397,-0.0876987,-0.000205633,1.72805e-05,-0.000222914,0.00657724,11,False,False,False,i
2014-01-16,1840.25,124.281,-0.00149213,0.0025208,0.0014156,-0.000197384,0,-0.0943734,-0.0471867,0.000351929,1.24142e-05,0.000339515,0.00401293,10,False,False,False,i
2014-01-17,1832.25,124.484,-0.00434724,0.0016344,1.60654e-05,-0.00163602,0,-0.00107103,-0.000535514,0.000282254,1.43264e-05,0.000267927,-0.00598163,9,False,False,False,i
2014-01-21,1838.25,124.328,0.00327466,-0.00125518,0.00115683,-0.000548972,0,-0.0771221,-0.038561,-2.42579e-06,1.16586e-05,-1.40843e-05,0.00452984,8,False,False,False,i
2014-01-22,1839.25,123.984,0.000543996,-0.00276486,0.00195957,0.000246137,0,-0.130638,-0.0653189,-0.000127593,8.20168e-06,-0.000135795,0.00330886,7,False,False,False,i
2014-01-23,1823.5,124.75,-0.00856327,0.00617517,-0.00161182,-0.00329984,0,0.107455,0.0537273,0.000962699,3.6646e-05,0.000926052,0.0147384,6,False,False,False,i
2014-01-24,1784.5,125.141,-0.0213874,0.00313126,-0.00743552,-0.00926888,0,0.495702,0.247851,-0.00131732,6.04085e-05,-0.00137773,-0.0245187,5,False,False,False,i
2014-01-27,1775.75,124.812,-0.00490333,-0.00262205,-0.00709874,-0.00982262,1,0.473249,0.736625,-0.000565418,0.000152477,-0.000717896,-0.00228128,4,False,False,False,i
2014-01-28,1786.25,125.062,0.00591299,0.002003,-0.00297108,-0.00888098,1,0.198072,0.599036,0.0028802,4.27946e-05,0.0028374,0.00390999,3,False,False,False,i
2014-01-29,1768.75,125.562,-0.00979706,0.003998,-0.00633982,-0.0122291,1,0.422655,0.711327,-0.00826374,3.51004e-05,-0.00829884,-0.0137951,2,False,False,False,i
2014-01-30,1788.75,125.438,0.0113074,-0.00099552,-0.00326331,-0.00926664,1,0.217554,0.608777,0.00875142,3.1874e-05,0.00871954,0.0123029,1,False,False,False,i
2014-01-31,1776.25,125.859,-0.00698812,0.00336323,-0.00587432,-0.0117762,1,0.391621,0.695811,-0.00630166,2.71471e-05,-0.00632881,-0.0103513,0,True,False,False,i
2014-02-03,1737,126.453,-0.0220971,0.00471757,-0.0123168,-0.0183437,-1,0.821122,-0.0894391,-0.0186579,0.000247728,-0.0189057,-0.0268147,18,False,True,False,i
2014-02-04,1749,126.156,0.00690846,-0.00234771,-0.00913902,0.00221438,0,0.609268,0.304634,-0.000827863,0.000123885,-0.000951748,0.00925617,17,False,False,False,i
2014-02-05,1746.25,125.844,-0.00157233,-0.00247709,-0.00523576,0.00243154,0,0.34905,0.174525,0.000275621,4.09352e-05,0.000234685,-0.00090476,16,False,False,False,i
2014-02-06,1769.25,125.594,0.0131711,-0.00198659,-0.00180346,0.00603616,0,0.120231,0.0601153,0.0026454,3.57575e-05,0.00260964,-0.0151577,15,False,False,False,i
2014-02-07,1792,125.938,0.0128586,0.002737,0.000469052,0.0084315,0,-0.0312701,-0.0156351,0.00060846,2.35227e-05,0.000584937,-0.0101216,14,False,False,False,i
2014-02-10,1794.75,125.953,0.0015346,0.000124069,1.25816e-05,0.00876722,0,-0.000838771,-0.000419385,-2.20537e-05,4.72127e-06,-2.6775e-05,-0.00141053,13,False,False,False,i
2014-02-11,1814.5,125.531,0.0110043,-0.00334946,0.00267062,0.0121675,0,-0.178041,-0.0890206,-6.01977e-06,2.73416e-05,-3.33614e-05,-0.0143538,12,False,False,False,i
2014-02-12,1816,125.25,0.000826674,-0.00224048,0.00327354,0.012896,0,-0.218236,-0.109118,-0.00027304,6.19936e-06,-0.000279239,-0.00306715,11,False,False,False,i
2014-02-13,1825.5,125.75,0.00523128,0.00399202,0.00219844,0.0131886,0,-0.146562,-0.0732812,-0.000135226,1.10257e-05,-0.000146252,-0.00123926,10,False,False,False,i
2014-02-14,1835.25,125.656,0.005341,-0.000745527,0.00304716,0.014628,0,-0.203144,-0.101572,-0.000446028,8.68096e-06,-0.000454709,-0.00608653,9,False,False,False,i
2014-02-18,1837.5,125.938,0.00122599,0.00223825,0.00274923,0.0143886,0,-0.183282,-0.0916411,0.000102817,3.04542e-06,9.97717e-05,0.00101226,8,False,False,False,i
2014-02-19,1825,125.734,-0.00680272,-0.0016129,0.000764155,0.0131531,0,-0.0509437,-0.0254718,0.000475601,2.03605e-05,0.00045524,0.00518982,7,False,False,False,i
2014-02-20,1836.5,125.547,0.00630137,-0.00149124,0.00267513,0.0149954,0,-0.178342,-0.089171,-0.000198492,1.95393e-05,-0.000218031,-0.00779261,6,False,False,False,i
2014-02-21,1834,125.625,-0.00136129,0.000622278,0.00210453,0.0145255,0,-0.140302,-0.0701511,0.000176876,5.83816e-06,0.000171038,0.00198356,5,False,False,False,i
2014-02-24,1845,125.484,0.00599782,-0.0011194,0.00353619,0.016206,-1,-0.235746,-0.617873,-0.000499281,0.000167625,-0.000666906,-0.00711722,4,False,False,False,i
2014-02-25,1843,125.828,-0.00108401,0.00273938,0.00255626,0.0153021,-1,-0.170418,-0.585209,0.00236237,1.0002e-05,0.00235237,0.0038234,3,False,False,False,i
2014-02-26,1843.25,126.141,0.000135648,0.00248355,0.000915041,0.0147469,-1,-0.0610028,-0.530501,0.00137401,1.67506e-05,0.00135726,0.0023479,2,False,False,False,i
2014-02-27,1853.25,126.297,0.0054252,0.0012387,0.00193685,0.0157347,-1,-0.129124,-0.564562,-0.00222095,1.04009e-05,-0.00223135,-0.0041865,1,False,False,False,i
2014-02-28,1858.25,126.125,0.00269796,-0.00136088,0.00286982,0.0166939,-1,-0.191321,-0.595661,-0.00229147,9.48383e-06,-0.00230095,-0.00405884,0,True,False,False,i
2014-03-03,1844,125.016,-0.00766851,0.00376364,8.68063e-05,0.0139827,1,-0.00578709,0.497106,0.00680968,0.000334521,0.00647516,0.0114321,20,False,True,False,i
2014-03-04,1871.75,124.281,0.0150488,-0.00587427,0.00525208,0.00498822,0,-0.350139,-0.175069,0.010401,0.000204255,0.0101967,-0.0209231,19,False,False,False,i
2014-03-05,1872.25,124.391,0.00026713,0.00088006,0.00491385,0.00484182,0,-0.32759,-0.163795,0.000107305,3.42559e-06,0.00010388,0.000612931,18,False,False,False,i
2014-03-06,1876.75,124,0.00240353,-0.00314031,0.00511926,0.00616656,0,-0.341284,-0.170642,-0.000908051,2.07794e-06,-0.000910129,-0.00554383,17,False,False,False,i
2014-03-07,1877,123.547,0.000133209,-0.00365423,0.00597432,0.00707196,0,-0.398288,-0.199144,-0.000646297,8.64902e-06,-0.000654946,-0.00378744,16,False,False,False,i
2014-03-10,1876.75,123.672,-0.000133191,0.00101176,0.0045223,0.00679893,0,-0.301487,-0.150743,0.000228011,1.46883e-05,0.000213322,0.00114495,15,False,False,False,i
2014-03-11,1866.75,123.75,-0.00532836,0.000631712,0.00248349,0.00537264,0,-0.165566,-0.0827832,0.000898442,2.06785e-05,0.000877764,0.00596007,14,False,False,False,i
2014-03-12,1867.5,124.094,0.000401768,0.00277778,0.00197046,0.00480578,0,-0.131364,-0.0656821,0.000196694,5.20235e-06,0.000191491,0.00237601,13,False,False,False,i
2014-03-13,1847,124.672,-0.0109772,0.00465878,-0.00168362,0.0010505,0,0.112242,0.0561208,0.00102701,3.72566e-05,0.00098975,0.015636,12,False,False,False,i
2014-03-14,1840.75,124.656,-0.00338387,-0.000125329,-0.00210072,0.000267511,0,0.140048,0.0700239,-0.000182872,4.2598e-06,-0.000187132,0.00325854,11,False,False,False,i
2014-03-17,1851,124.312,0.00940695,-0.00275758,0.00145423,0.00317314,0,-0.0969483,-0.0484742,0.000851809,3.6207e-05,0.000815602,-0.0121645,10,False,False,False,i
2014-03-18,1864.75,124.5,0.00742842,0.0015083,0.00295888,0.004583,0,-0.197259,-0.0986295,-0.000286973,1.5269e-05,-0.000302242,-0.00592012,9,False,False,False,i
2014-03-19,1854.25,123.438,-0.00563078,-0.00853414,0.00330248,0.00528182,0,-0.220166,-0.110083,-0.000286356,3.49651e-06,-0.000289853,-0.00290335,8,False,False,False,i
2014-03-20,1864.75,123.406,0.00566267,-0.000253165,0.00449392,0.00669051,0,-0.299595,-0.149797,-0.000651231,1.20904e-05,-0.000663322,-0.00591583,7,False,False,False,i
2014-03-21,1857.5,123.5,-0.00388792,0.000759686,0.00307875,0.00557923,0,-0.20525,-0.102625,0.000696199,1.43885e-05,0.00068181,0.00464761,6,False,False,False,i
2014-03-24,1849.5,123.453,-0.00430686,-0.000379555,0.00210215,0.00463858,0,-0.140144,-0.0700718,0.00040304,9.95057e-06,0.000393089,0.00392731,5,False,False,False,i
2014-03-25,1858.75,123.375,0.00500135,-0.000632831,0.00348446,0.00598171,-1,-0.232297,-0.616149,-0.000394797,0.000166509,-0.000561306,-0.00563418,4,False,False,False,i
2014-03-26,1844.75,123.812,-0.00753194,0.0035461,0.000773451,0.00332823,-1,-0.0515634,-0.525782,0.00682572,2.76579e-05,0.00679806,0.011078,3,False,False,False,i
2014-03-27,1841,123.844,-0.0020328,0.000252398,0.000327408,0.00278071,-1,-0.0218272,-0.510914,0.00120151,4.55515e-06,0.00119696,0.00228519,2,False,False,False,i
2014-03-28,1849.5,123.5,0.00461706,-0.00277567,0.00233517,0.00454783,-1,-0.155678,-0.577839,-0.00377705,2.04572e-05,-0.0037975,-0.00739273,1,False,False,False,i
2014-03-31,1865,123.516,0.00838064,0.000126518,0.00423408,0.00651109,-1,-0.282272,-0.641136,-0.00476955,1.92685e-05,-0.00478882,-0.00825413,0,True,False,False,i
2014-04-01,1877.5,123.359,0.00670241,-0.00126502,0.00591324,0.00840581,1,-0.394216,0.302892,-0.00510821,0.000286431,-0.00539464,-0.00796744,20,False,True,False,i
2014-04-02,1883.75,122.891,0.00332889,-0.00379987,0.00732472,0.00171009,0,-0.488314,-0.244157,0.00215925,0.000165712,0.00199354,-0.00712877,19,False,False,False,i
2014-04-03,1881.25,122.953,-0.00132714,0.000508582,0.00622814,0.00126989,0,-0.415209,-0.207605,0.000448205,1.10797e-05,0.000437125,0.00183572,18,False,False,False,i
2014-04-04,1859,123.625,-0.0118272,0.00546448,0.00144179,-0.00289626,0,-0.0961191,-0.0480595,0.00358984,4.86449e-05,0.00354119,0.0172917,17,False,False,False,i
2014-04-07,1838,123.859,-0.0112964,0.00189585,-0.00157856,-0.00608903,0,0.105237,0.0526186,0.000634014,3.08698e-05,0.000603144,-0.0131923,16,False,False,False,i
2014-04-08,1845.75,124.062,0.00421654,0.00163996,0.000295819,-0.00546957,0,-0.0197213,-0.00986063,0.000135576,1.91173e-05,0.000116458,0.00257658,15,False,False,False,i
2014-04-09,1865.75,124.172,0.0108357,0.000881612,0.00290307,-0.0030862,0,-0.193538,-0.0967688,-9.81537e-05,2.64508e-05,-0.000124604,0.00995409,14,False,False,False,i
2014-04-10,1826,124.594,-0.0213051,0.00339751,-0.00317105,-0.00909806,0,0.211403,0.105702,0.00239044,6.2284e-05,0.00232816,-0.0247026,13,False,False,False,i
2014-04-11,1809,124.781,-0.00930997,0.00150489,-0.00532414,-0.0117252,0,0.354943,0.177471,-0.00114315,2.21812e-05,-0.00116533,-0.0108149,12,False,False,False,i
2014-04-14,1823.75,124.547,0.00815368,-0.00187829,-0.00153524,-0.00930517,0,0.102349,0.0511747,0.00178039,3.88752e-05,0.00174151,0.010032,11,False,False,False,i
2014-04-15,1836.5,124.641,0.00699109,0.000752729,0.000568267,-0.00780356,0,-0.0378845,-0.0189422,0.000319246,2.15079e-05,0.000297738,0.00623836,10,False,False,False,i
2014-04-16,1855.75,124.344,0.0104819,-0.00238185,0.00358033,-0.00471315,0,-0.238689,-0.119344,-0.000243668,3.06389e-05,-0.000274307,0.0128637,9,False,False,False,i
2014-04-17,1858.25,123.719,0.00134716,-0.00502639,0.00481403,-0.00317573,0,-0.320936,-0.160468,-0.000760648,1.25409e-05,-0.000773189,0.00637355,8,False,False,False,i
2014-04-21,1865,123.766,0.00363245,0.000378884,0.00450406,-0.00239465,0,-0.30027,-0.150135,-0.000522093,3.14537e-06,-0.000525238,0.00325357,7,False,False,False,i
2014-04-22,1873.25,123.688,0.00442359,-0.000631233,0.00497233,-0.001182,0,-0.331488,-0.165744,-0.000758907,4.74127e-06,-0.000763649,0.00505483,6,False,False,False,i
2014-04-23,1869.25,123.938,-0.00213533,0.00202122,0.00393199,-0.00218102,0,-0.262133,-0.131066,0.000688924,1.05446e-05,0.00067838,-0.00415655,5,False,False,False,i
2014-04-24,1873,123.922,0.00200615,-0.000126072,0.00383635,-0.00166895,1,-0.255756,0.372122,-0.000279463,0.000152855,-0.000432317,0.00213222,4,False,False,False,i
2014-04-25,1857.75,124.062,-0.00814202,0.00113479,0.00158768,-0.00390835,1,-0.105845,0.447077,-0.0034521,2.28614e-05,-0.00347496,-0.00927681,3,False,False,False,i
2014-04-28,1863.75,123.906,0.00322971,-0.00125945,0.00274795,-0.00282904,1,-0.183197,0.408402,0.002007,1.17773e-05,0.00199522,0.00448916,2,False,False,False,i
2014-04-29,1872,124.047,0.00442656,0.00113493,0.00351711,-0.00203966,1,-0.234474,0.382763,0.00134431,7.79037e-06,0.00133652,0.00329163,1,False,False,False,i
2014-04-30,1878.5,124.391,0.00347222,0.00277113,0.00365404,-0.00187165,1,-0.243602,0.378199,0.000268352,1.3845e-06,0.000266968,0.000701092,0,True,False,False,i
2014-05-01,1877.75,124.594,-0.000399255,0.00163296,0.0031616,-0.00235993,-1,-0.210773,-0.605387,-0.000768581,0.000298414,-0.001067,-0.00203222,20,False,True,False,i
2014-05-02,1875.25,124.672,-0.00133138,0.000627038,0.00271137,-0.000470278,0,-0.180758,-0.0903789,0.0011856,0.000156353,0.00102925,-0.00195842,19,False,False,False,i
2014-05-05,1878.5,124.594,0.0017331,-0.000626645,0.003294,9.58364e-05,0,-0.2196,-0.1098,-0.000213271,5.89107e-06,-0.000219162,0.00235975,18,False,False,False,i
2014-05-06,1862.5,124.672,-0.00851743,0.000627038,0.00107305,-0.00210938,0,-0.0715366,-0.0357683,0.00100406,2.25511e-05,0.000981512,0.00914447,17,False,False,False,i
2014-05-07,1873.25,124.844,0.00577181,0.00137862,0.00220692,-0.00105739,0,-0.147128,-0.0735641,-0.000157137,1.14806e-05,-0.000168618,0.00439319,16,False,False,False,i
2014-05-08,1871.25,125.047,-0.00106766,0.00162703,0.0015437,-0.00170468,0,-0.102913,-0.0514567,0.000198233,6.71872e-06,0.000191514,-0.0026947,15,False,False,False,i
2014-05-09,1874.75,125,0.00187041,-0.000374859,0.00210617,-0.00116558,0,-0.140411,-0.0702055,-0.000115534,5.69276e-06,-0.000121227,0.00224527,14,False,False,False,i
2014-05-12,1892,124.75,0.00920123,-0.002,0.00475617,0.0015127,0,-0.317078,-0.158539,-0.000786388,2.67007e-05,-0.000813088,0.0112012,13,False,False,False,i
2014-05-13,1893.75,125.109,0.000924947,0.00288076,0.00418656,0.0010447,0,-0.279104,-0.139552,0.000310073,5.73668e-06,0.000304336,0.00195581,12,False,False,False,i
2014-05-14,1884.75,125.578,-0.00475248,0.00374672,0.00201691,-0.000996099,0,-0.13446,-0.0672302,0.00118608,2.19019e-05,0.00116418,0.0084992,11,False,False,False,i
2014-05-15,1868.25,125.906,-0.00875448,0.00261292,-0.000639258,-0.00373803,0,0.0426172,0.0213086,0.000764232,2.69293e-05,0.000737303,-0.0113674,10,False,False,False,i
2014-05-16,1875,125.719,0.00361301,-0.0014892,0.00105703,-0.00251166,0,-0.0704684,-0.0352342,0.000108721,1.71671e-05,9.15539e-05,0.00510221,9,False,False,False,i
2014-05-19,1881.5,125.688,0.00346667,-0.000248571,0.00189908,-0.00161992,0,-0.126605,-0.0633027,-0.000130903,8.50746e-06,-0.000139411,0.00371524,8,False,False,False,i
2014-05-20,1869.25,125.953,-0.00651076,0.00211338,-0.000289284,-0.00369882,0,0.0192856,0.0096428,0.000545931,2.21807e-05,0.00052375,-0.00862414,7,False,False,False,i
2014-05-21,1885.25,125.781,0.00855958,-0.00136459,0.00216024,-0.00132064,0,-0.144016,-0.0720081,9.56969e-05,2.47239e-05,7.09729e-05,0.00992418,6,False,False,False,i
2014-05-22,1890.25,125.672,0.00265217,-0.000869565,0.0029002,-0.000475547,0,-0.193346,-0.0966732,-0.000253593,7.45893e-06,-0.000261052,0.00352173,5,False,False,False,i
2014-05-23,1898,125.797,0.00409999,0.000994654,0.00348551,0.000267904,-1,-0.232367,-0.616184,-0.000300203,0.00015679,-0.000456992,0.00310533,4,False,False,False,i
2014-05-27,1909.25,125.906,0.00592729,0.000869457,0.00466243,0.00147679,-1,-0.310829,-0.655414,-0.00311656,1.18059e-05,-0.00312836,-0.00505783,3,False,False,False,i
2014-05-28,1907.5,126.438,-0.00091659,0.00421941,0.00328201,0.000247069,-1,-0.218801,-0.6094,0.00336621,1.38534e-05,0.00335236,0.005136,2,False,False,False,i
2014-05-29,1918,126.312,0.00550459,-0.000988631,0.00487869,0.0018006,-1,-0.325246,-0.662623,-0.00395697,1.59809e-05,-0.00397295,-0.00649322,1,False,False,False,i
2014-05-30,1920.75,126.156,0.00143379,-0.00123701,0.00544453,0.00244039,-1,-0.362968,-0.681484,-0.00176973,5.65943e-06,-0.00177539,-0.0026708,0,True,False,False,i
2014-06-02,1923,124.906,0.00117142,-0.00361461,0.00645193,0.00358751,1,-0.430129,0.284936,-0.0032616,0.000289815,-0.00355142,-0.00478603,18,False,True,False,i
2014-06-03,1922,124.391,-0.000520021,-0.0041281,0.00710143,0.000867641,0,-0.473429,-0.236714,0.00102807,0.000156475,0.000871594,-0.00360808,17,False,False,False,i
2014-06-04,1925.75,124.281,0.00195109,-0.000879287,0.00743818,0.00154588,0,-0.495879,-0.247939,-0.000669992,3.36385e-06,-0.000673355,-0.00283038,16,False,False,False,i
2014-06-05,1938.5,124.516,0.0066208,0.00188584,0.00820401,0.00267545,0,-0.546934,-0.273467,-0.00117398,7.62567e-06,-0.00118161,-0.00473495,15,False,False,False,i
2014-06-06,1948,124.344,0.0049007,-0.00138035,0.00894106,0.00417588,0,-0.596071,-0.298035,-0.00171766,7.32174e-06,-0.00172498,-0.00628105,14,False,False,False,i
2014-06-09,1950,124.188,0.00102669,-0.0012566,0.00821797,0.00472186,0,-0.547865,-0.273932,-0.000680502,7.17955e-06,-0.000687681,-0.00228329,13,False,False,False,i
2014-06-10,1950,123.984,0,-0.00163563,0.00742811,0.00511308,0,-0.495207,-0.247604,-0.000448052,7.84249e-06,-0.000455895,-0.00163563,12,False,False,False,i
2014-06-11,1943.5,124.125,-0.00333333,0.00113422,0.00563744,0.00404388,0,-0.375829,-0.187915,0.00110618,1.78082e-05,0.00108837,0.00446755,11,False,False,False,i
2014-06-16,1929.25,124.281,-0.00361524,0.00125881,0.00391621,0.00287616,0,-0.261081,-0.13054,0.000915905,1.71787e-05,0.000898726,0.00487405,10,False,False,True,i
2014-06-17,1934.5,123.859,0.00272126,-0.00339452,0.00542345,0.00433995,0,-0.361563,-0.180782,-0.000798356,1.50231e-05,-0.000813379,-0.00611578,9,False,False,False,i
2014-06-18,1948.5,124.406,0.00723701,0.00441529,0.00603057,0.00501056,0,-0.402038,-0.201019,-0.000510115,6.03035e-06,-0.000516146,-0.00282172,8,False,False,False,i
2014-06-19,1951,124.281,0.00128304,-0.00100477,0.00655063,0.00555708,0,-0.436709,-0.218354,-0.000459893,5.16236e-06,-0.000465056,-0.00228781,7,False,False,False,i
2014-06-20,1954.75,124.344,0.00192209,0.000502892,0.00686769,0.0058956,0,-0.457846,-0.228923,-0.000309888,3.14445e-06,-0.000313033,-0.0014192,6,False,False,False,i
2014-06-23,1953.75,124.25,-0.000511574,-0.000753958,0.00685241,0.00595352,0,-0.456827,-0.228414,-5.54873e-05,1.51594e-07,-5.56389e-05,-0.000242384,5,False,False,False,i
2014-06-24,1941.75,124.625,-0.00614203,0.00301811,0.0027769,0.00376076,-1,-0.185127,-0.592563,0.0020923,0.000108691,0.00198361,0.00916014,4,False,False,False,i
2014-06-25,1950.75,124.781,0.00463499,0.00125376,0.00366844,0.00456701,-1,-0.244562,-0.622281,-0.00200359,8.8504e-06,-0.00201245,-0.00338123,3,False,False,False,i
2014-06-26,1949.5,125.031,-0.000640779,0.00200351,0.00305638,0.00393511,-1,-0.203759,-0.601879,0.00164549,6.07781e-06,0.00163941,0.00264429,2,False,False,False,i
2014-06-27,1953.25,125.094,0.00192357,0.000499875,0.00342107,0.00427519,-1,-0.228071,-0.614036,-0.000856893,3.61808e-06,-0.000860511,-0.0014237,1,False,False,False,i
2014-06-30,1952,125.141,-0.000639959,0.000374719,0.0031651,0.00403249,-1,-0.211007,-0.605503,0.000623049,2.54026e-06,0.000620508,0.00101468,0,True,False,False,i
2014-07-01,1965.75,124.844,0.00704406,-0.00237233,0.00542061,0.00627724,1,-0.361374,0.319313,-0.00570166,0.00027441,-0.00597607,-0.00941639,21,False,True,False,i
2014-07-02,1967.75,124.422,0.00101742,-0.00337922,0.00638497,0.00105598,0,-0.425665,-0.212832,0.00140391,0.00015782,0.00124609,-0.00439665,20,False,False,False,i
2014-07-03,1977.5,124.266,0.0049549,-0.00125581,0.00771643,0.00254155,0,-0.514429,-0.257214,-0.00132184,1.31314e-05,-0.00133497,-0.00621071,19,False,False,False,i
2014-07-07,1970.5,124.391,-0.00353982,0.00100591,0.00472031,0.00145102,0,-0.314688,-0.157344,0.00116923,2.95992e-05,0.00113963,0.00454573,18,False,False,False,i
2014-07-08,1958,124.766,-0.00634357,0.0030147,0.00123953,-0.000798104,0,-0.0826356,-0.0413178,0.00147246,3.44925e-05,0.00143797,0.00935826,17,False,False,False,i
2014-07-09,1966.5,124.906,0.00434116,0.00112711,0.00209424,-2.85698e-05,0,-0.139616,-0.0698079,-0.000132797,8.45199e-06,-0.000141249,0.00321405,16,False,False,False,i
2014-07-10,1958.5,125.109,-0.00406814,0.00162622,0.000854262,-0.0013977,0,-0.0569508,-0.0284754,0.000397511,1.22859e-05,0.000385225,-0.00569436,15,False,False,False,i
2014-07-11,1961.5,125.25,0.00153178,0.00112402,0.00100457,-0.00129986,0,-0.0669712,-0.0334856,-1.16114e-05,1.48816e-06,-1.30995e-05,0.000407768,14,False,False,False,i
2014-07-14,1971.25,125,0.00497069,-0.00199601,0.00271644,0.000370317,0,-0.181096,-0.0905481,-0.000233284,1.69088e-05,-0.000250193,0.00696669,13,False,False,False,i
2014-07-15,1968,124.891,-0.0016487,-0.000875,0.00246677,0.000184437,0,-0.164451,-0.0822257,7.0057e-05,2.46806e-06,6.7589e-05,0.0007737,12,False,False,False,i
2014-07-16,1975,124.922,0.00355691,0.000250219,0.00320704,0.000976152,0,-0.213803,-0.106901,-0.000271895,7.30528e-06,-0.0002792,-0.00330669,11,False,False,False,i
2014-07-17,1952.25,125.516,-0.011519,0.00475297,-0.000737647,-0.00294564,0,0.0491765,0.0245882,0.00173949,3.91449e-05,0.00170035,0.016272,10,False,False,False,i
2014-07-18,1972.25,125.281,0.0102446,-0.0018673,0.00230573,-4.73009e-05,0,-0.153715,-0.0768576,0.00029781,3.00532e-05,0.000267757,0.0121119,9,False,False,False,i
2014-07-21,1968.25,125.297,-0.00202814,0.000124719,0.00190315,-0.000564611,0,-0.126876,-0.0634382,0.000165464,3.97938e-06,0.000161484,-0.00215286,8,False,False,False,i
2014-07-22,1976.75,125.406,0.00431856,0.000872927,0.00274616,0.000260304,0,-0.183077,-0.0915387,-0.000218584,8.31567e-06,-0.0002269,0.00344563,7,False,False,False,i
2014-07-23,1981.5,125.406,0.00240293,0,0.00328895,0.000836053,0,-0.219263,-0.109632,-0.000219961,5.34804e-06,-0.00022531,-0.00240293,6,False,False,False,i
2014-07-24,1981.25,125,-0.000126167,-0.00323947,0.00401288,0.00158375,0,-0.267525,-0.133763,-0.000341317,7.13323e-06,-0.00034845,-0.0031133,5,False,False,False,i
2014-07-25,1972.25,125.297,-0.00454259,0.002375,0.00232666,-7.72333e-05,1,-0.15511,0.422445,0.000925315,0.000164776,0.000760539,0.00691759,4,False,False,False,i
2014-07-28,1973,125.172,0.000380276,-0.000997631,0.00272183,0.000253542,-1,-0.181456,-0.590728,0.00058209,0.000300097,0.000281993,0.00137791,3,False,False,False,i
2014-07-29,1964.5,125.375,-0.00430816,0.00162277,0.00128629,-0.00117234,1,-0.0857524,0.457124,0.00350356,0.000311012,0.00319255,0.00593093,2,False,False,False,i
2014-07-30,1965,124.656,0.000254518,-0.0057328,0.00277943,0.000269106,-1,-0.185295,-0.592648,0.00273695,0.000311544,0.0024254,0.00598732,1,False,False,False,i
2014-07-31,1925,124.609,-0.0203562,-0.000376034,-0.0021333,-0.00458511,1,0.14222,0.57111,0.0118412,0.000348818,0.0114924,0.0199802,0,True,False,False,i
2014-08-01,1919.5,125.297,-0.00285714,0.00551724,-0.00395845,-0.00660139,1,0.263897,0.631948,-0.0047827,1.82607e-05,-0.00480096,-0.00837438,20,False,True,False,i
2014-08-04,1933.5,125.391,0.00729357,0.000748223,-0.00129353,0.00156357,0,0.086235,0.0431175,0.00413632,0.000176116,0.0039602,0.00654534,19,False,False,False,i
2014-08-05,1914.25,125.406,-0.00995604,0.000124611,-0.00359794,-0.000867043,0,0.239862,0.119931,-0.000434653,2.30864e-05,-0.000457739,0.0100806,18,False,False,False,i
2014-08-06,1915,125.516,0.000391798,0.000872165,-0.00358652,-0.000982347,0,0.239101,0.119551,-5.7611e-05,1.14349e-07,-5.77254e-05,-0.000480367,17,False,False,False,i
2014-08-07,1904.5,125.953,-0.00548303,0.00348562,-0.00535363,-0.00314065,0,0.356909,0.178454,-0.00107221,1.77477e-05,-0.00108996,-0.00896865,16,False,False,False,i
2014-08-08,1926.75,125.891,0.0116829,-0.000496216,-0.00235512,-0.000229856,0,0.157008,0.0785042,0.00217341,2.99453e-05,0.00214346,0.0121791,15,False,False,False,i
2014-08-11,1932.25,125.906,0.00285455,0.000124116,-0.0008985,0.00042442,0,0.0599,0.02995,0.00021435,1.45268e-05,0.000199823,0.00273043,14,False,False,False,i
2014-08-12,1929.75,125.797,-0.00129383,-0.000868702,-0.00102588,0.000322311,0,0.0683917,0.0341958,-1.27325e-05,1.27111e-06,-1.40036e-05,0.000425127,13,False,False,False,i
2014-08-13,1943.5,126.156,0.00712528,0.00285679,-2.23337e-06,0.00134095,0,0.000148891,7.44457e-05,0.000145965,1.01801e-05,0.000135784,-0.00426849,12,False,False,False,i
2014-08-14,1951.75,126.297,0.00424492,0.00111469,0.000707565,0.00208912,0,-0.047171,-0.0235855,2.33032e-07,7.04452e-06,-6.81149e-06,-0.00313023,11,False,False,False,i
2014-08-15,1951.5,126.641,-0.00012809,0.00272176,-9.33077e-05,0.00140704,0,0.00622051,0.00311026,6.72152e-05,7.94889e-06,5.92663e-05,0.00284985,10,False,False,False,i
2014-08-18,1968,126.328,0.00845503,-0.00246761,0.0024809,0.00401469,0,-0.165393,-0.0826967,3.39722e-05,2.54466e-05,8.52568e-06,-0.0109226,9,False,False,False,i
2014-08-19,1978,126.234,0.0050813,-0.000742115,0.00377136,0.00540369,0,-0.251424,-0.125712,-0.000481578,1.27255e-05,-0.000494303,-0.00582342,8,False,False,False,i
2014-08-20,1983.5,125.891,0.00278059,-0.00272311,0.00432831,0.00671766,0,-0.288554,-0.144277,-0.00069188,5.48492e-06,-0.000697365,-0.0055037,7,False,False,False,i
2014-08-21,1989,126.016,0.00277288,0.000992925,0.00470226,0.0071415,0,-0.313484,-0.156742,-0.000256806,3.67782e-06,-0.000260484,-0.00177995,6,False,False,False,i
2014-08-22,1986,125.891,-0.0015083,-0.00099194,0.00399678,0.00701818,0,-0.266452,-0.133226,8.09345e-05,6.94342e-06,7.39911e-05,0.000516355,5,False,False,False,i
2014-08-25,1996.25,125.969,0.00516113,0.000620578,0.0048054,0.00809767,-1,-0.32036,-0.66018,-0.00060492,0.00015521,-0.00076013,-0.00454055,4,False,False,False,i
2014-08-26,1997.75,126,0.000751409,0.000248077,0.00488386,0.00821755,-1,-0.32559,-0.662795,-0.000332289,7.70038e-07,-0.000333059,-0.000503331,3,False,False,False,i
2014-08-27,1996.75,126.234,-0.000500563,0.00186012,0.00388152,0.00765527,-1,-0.258768,-0.629384,0.00156465,9.83985e-06,0.00155481,0.00236068,2,False,False,False,i
2014-08-28,1995.75,126.375,-0.000500814,0.001114,0.00349723,0.00727033,-1,-0.233149,-0.616574,0.00101634,3.77344e-06,0.00101256,0.00161481,1,False,False,False,i
2014-08-29,2001.25,126.312,0.00275586,-0.00049456,0.0042887,0.00804439,-1,-0.285913,-0.642957,-0.00200412,7.76148e-06,-0.00201188,-0.00325042,0,True,False,False,i
2014-09-02,2000,125.219,-0.00062461,-0.00434837,0.00515099,0.00893371,1,-0.3434,0.3283,-0.00239421,0.000285821,-0.00268003,-0.00372376,17,False,True,False,i
2014-09-03,1999.5,125.281,-0.00025,0.000499127,0.00493757,-0.000179781,0,-0.329171,-0.164586,-0.000245938,0.000145063,-0.000391002,0.000749127,16,False,False,False,i
2014-09-04,1996.5,124.984,-0.00150038,-0.00236967,0.00498051,2.92665e-05,0,-0.332034,-0.166017,-0.000143073,4.21637e-07,-0.000143495,0.000869293,15,False,False,False,i
2014-09-05,2005.5,125.109,0.00450789,0.00100013,0.00580807,0.000868504,0,-0.387205,-0.193602,-0.000582349,8.10719e-06,-0.000590456,-0.00350776,14,False,False,False,i
2014-09-08,2000.25,124.906,-0.0026178,-0.00162358,0.00553786,0.000629533,0,-0.36919,-0.184595,0.000192484,2.65048e-06,0.000189833,0.000994222,13,False,False,False,i
2014-09-09,1987.5,124.688,-0.0063742,-0.00175131,0.00384058,-0.000484421,0,-0.256039,-0.128019,0.000853363,1.66989e-05,0.000836664,0.00462289,12,False,False,False,i
2014-09-10,1995.25,124.438,0.00389937,-0.00200501,0.00529348,0.00093103,0,-0.352899,-0.176449,-0.000755875,1.42681e-05,-0.000770144,0.00590438,11,False,False,False,i
2014-09-11,1997,124.359,0.000877083,-0.000627825,0.00558688,0.00129183,0,-0.372459,-0.186229,-0.00026554,2.88014e-06,-0.00026842,-0.00150491,10,False,False,False,i
2014-09-12,1985.5,123.969,-0.00575864,-0.0031411,0.00494488,0.000661325,0,-0.329659,-0.164829,0.000487463,6.31947e-06,0.000481144,0.00261754,9,False,False,False,i
2014-09-15,1975.75,124.172,-0.000758629,0.00163852,0.00434326,8.64418e-05,0,-0.289551,-0.144775,0.00039512,5.93592e-06,0.000389184,0.00239715,8,False,False,False,i
2014-09-16,1991,124.203,0.00771859,0.000251667,0.00614213,0.00186993,0,-0.409476,-0.204738,-0.00108103,1.76836e-05,-0.00109871,-0.00746692,7,False,False,False,i
2014-09-17,1993.5,123.859,0.00125565,-0.00276764,0.0070343,0.00283434,0,-0.468953,-0.234477,-0.00082372,8.76511e-06,-0.000832485,-0.00402329,6,False,False,False,i
2014-09-18,2004.25,123.766,0.00539253,-0.000756907,0.00799969,0.00430234,0,-0.533313,-0.266656,-0.0014419,9.46025e-06,-0.00145136,-0.00614943,5,False,False,False,i
2014-09-19,2002.5,124.062,-0.000873145,0.00239869,0.00672112,0.0035203,-1,-0.448075,-0.724037,0.000872455,0.000134518,0.000737937,0.00327183,4,False,False,False,i
2014-09-22,1986.75,124.359,-0.00786517,0.00239295,0.00388465,0.00105635,-1,-0.258977,-0.629488,0.00742726,2.79121e-05,0.00739935,0.0102581,3,False,False,False,i
2014-09-26,1974.5,124.484,-0.00616585,0.00100515,0.00225901,-0.000668873,1,-0.150601,0.4247,0.00451406,0.000312132,0.00420193,0.007171,2,False,False,True,i
2014-09-29,1970.25,124.797,-0.00215244,0.00251036,0.00178455,-0.00178888,1,-0.11897,0.440515,-0.00198029,4.68754e-06,-0.00198498,-0.0046628,1,False,False,False,i
2014-09-30,1965.25,124.688,-0.00253775,-0.000876424,0.0014288,-0.00218894,1,-0.0952531,0.452373,-0.000731839,3.51904e-06,-0.000735358,-0.00166132,0,True,False,False,i
2014-10-01,1938.25,125.562,-0.0137387,0.00701754,-0.00327829,-0.00720648,1,0.218553,0.609276,-0.00938958,4.68731e-05,-0.00943645,-0.0207563,21,False,True,False,i
2014-10-02,1938.75,125.281,0.000257965,-0.00223992,-0.00248425,0.000599937,0,0.165617,0.0828084,0.0015219,0.000157257,0.00136464,0.00249789,20,False,False,False,i
2014-10-06,1957.25,125.422,0.00954223,0.00112247,0.000966554,0.00260726,0,-0.0644369,-0.0322185,0.000697226,3.42018e-05,0.000663025,-0.00841976,19,False,False,True,i
2014-10-07,1927,126.047,-0.0154554,0.00498318,-0.00404788,-0.00232335,0,0.269859,0.134929,0.000658499,5.00746e-05,0.000608424,0.0204385,18,False,False,False,i
2014-10-08,1961,126.547,0.017644,0.00396678,-0.00038031,0.000926016,0,0.025354,0.012677,0.00184546,3.63167e-05,0.00180914,0.0136772,17,False,False,False,i
2014-10-09,1921,126.375,-0.0203978,-0.00135819,-0.00413437,-0.00369914,0,0.275625,0.137812,-0.000241365,3.75452e-05,-0.00027891,0.0190396,16,False,False,False,i
2014-10-10,1899.75,126.688,-0.0110619,0.0024728,-0.00712738,-0.00697565,0,0.475159,0.237579,-0.00186525,3.00964e-05,-0.00189535,-0.0135347,15,False,False,False,i
2014-10-13,1868,127.281,-0.0167127,0.00468673,-0.0116224,-0.012182,0,0.774828,0.387414,-0.00508407,4.55755e-05,-0.00512964,-0.0213995,14,False,False,False,i
2014-10-14,1872,127.5,0.00214133,0.00171863,-0.00857276,-0.0120798,0,0.571518,0.285759,0.000163757,3.08881e-05,0.000132869,0.000422693,13,False,False,False,i
2014-10-15,1857.25,128.234,-0.00787927,0.0057598,-0.00683491,-0.0153916,0,0.455661,0.22783,-0.00389749,1.76705e-05,-0.00391516,-0.0136391,12,False,False,False,i
2014-10-16,1856.25,128,-0.00053843,-0.00182771,-0.00639732,-0.0150782,0,0.426488,0.213244,0.000293737,4.45058e-06,0.000289286,0.00128928,11,False,False,False,i
2014-10-17,1879.5,127.641,0.0125253,-0.00280762,-0.000965071,-0.0113783,0,0.0643381,0.032169,0.00326964,5.49119e-05,0.00321473,0.0153329,10,False,False,False,i
2014-10-20,1897.25,127.781,0.009444,0.00110173,0.00088591,-0.00937036,0,-0.0590607,-0.0295303,0.000268363,1.86247e-05,0.000249738,0.00834228,9,False,False,False,i
2014-10-21,1934.75,127.547,0.0197654,-0.00183419,0.00528426,-0.00420429,0,-0.352284,-0.176142,-0.000637845,4.3837e-05,-0.000681682,0.0215996,8,False,False,False,i
2014-10-22,1921,127.469,-0.00710686,-0.00061252,0.00352828,-0.00577532,0,-0.235219,-0.117609,0.00114393,1.75619e-05,0.00112636,-0.00649434,7,False,False,False,i
2014-10-23,1943.75,127,0.0118428,-0.00367737,0.00590125,-0.00205371,0,-0.393417,-0.196708,-0.00182532,2.35977e-05,-0.00184891,0.0155202,6,False,False,False,i
2014-10-24,1958.25,127.047,0.00745981,0.000369094,0.00744412,-0.000356875,0,-0.496275,-0.248137,-0.0013948,1.5288e-05,-0.00141009,0.00709071,5,False,False,False,i
2014-10-27,1955.5,127.156,-0.00140432,0.000860903,0.00531899,-0.000900959,1,-0.354599,0.3227,0.000562085,0.000169804,0.000392281,-0.00226522,4,False,False,False,i
2014-10-28,1977.75,126.891,0.0113782,-0.00208897,0.00731638,0.00231434,-1,-0.487758,-0.743879,0.00434585,0.000315552,0.0040303,0.0134671,3,False,False,False,i
2014-10-29,1975.5,126.453,-0.00113766,-0.00344785,0.00774486,0.00286885,-1,-0.516324,-0.758162,-0.00171851,4.22793e-06,-0.00172273,-0.00231019,2,False,False,False,i
2014-10-30,1989,126.531,0.00683371,0.000617818,0.00658493,0.00435058,-1,-0.438995,-0.719498,-0.00471266,1.14081e-05,-0.00472406,-0.0062159,1,False,False,False,i
2014-10-31,2011,126.375,0.0110608,-0.00123487,0.00926306,0.00727251,-1,-0.617538,-0.808769,-0.00884673,2.62023e-05,-0.00887293,-0.0122957,0,True,False,False,i
2014-11-03,2012,126.281,0.000497265,-0.00074184,0.00547781,0.00756803,1,-0.365187,0.317406,-0.00100215,0.00033047,-0.00133262,-0.0012391,18,False,True,False,i
2014-11-04,2005.5,126.328,-0.00323062,0.000371195,0.00442319,-0.000865985,0,-0.294879,-0.14744,-0.00114324,0.000136616,-0.00127985,0.00360181,17,False,False,False,i
2014-11-05,2018,126.344,0.00623286,0.000123686,0.00582054,0.000595739,0,-0.388036,-0.194018,-0.000900735,1.36489e-05,-0.000914384,0.00610917,16,False,False,False,i
2014-11-06,2026.5,126.016,0.00421209,-0.00259708,0.00738783,0.00222669,0,-0.492522,-0.246261,-0.0013211,1.52783e-05,-0.00133638,-0.00680917,15,False,False,False,i
2014-11-07,2028.5,126.688,0.000986923,0.00533168,0.00590171,0.00118873,0,-0.393447,-0.196724,0.00106994,1.44803e-05,0.00105546,0.00434476,14,False,False,False,i
2014-11-10,2034.25,126.281,0.00283461,-0.00320671,0.0062553,0.00263658,0,-0.41702,-0.20851,-0.00118847,3.44066e-06,-0.00119191,-0.00604132,13,False,False,False,i
2014-11-11,2036.75,126.203,0.00122895,-0.000618659,0.00664034,0.0030788,0,-0.442689,-0.221345,-0.000385246,3.74457e-06,-0.00038899,-0.00184761,12,False,False,False,i
2014-11-12,2034.75,126.281,-0.000981957,0.000619042,0.00542599,0.00269543,0,-0.361733,-0.180866,0.000354372,1.18151e-05,0.000342557,0.001601,11,False,False,False,i
2014-11-13,2036.75,126.453,0.000982922,0.00136105,0.00535056,0.00260499,0,-0.356704,-0.178352,6.83906e-05,7.33555e-07,6.7657e-05,0.000378128,10,False,False,False,i
2014-11-14,2037.25,126.641,0.000245489,0.00148276,0.00505873,0.00230892,0,-0.337248,-0.168624,0.00022067,2.83783e-06,0.000217833,0.00123727,9,False,False,False,i
2014-11-17,2038.5,126.484,0.000613572,-0.00123381,0.00551157,0.00275148,0,-0.367438,-0.183719,-0.000311513,4.40222e-06,-0.000315915,-0.00184738,8,False,False,False,i
2014-11-18,2050.5,126.609,0.00588668,0.000988264,0.00665983,0.00391976,0,-0.443989,-0.221994,-0.000899933,1.11316e-05,-0.000911065,-0.00489842,7,False,False,False,i
2014-11-19,2047,126.359,-0.0017069,-0.00197458,0.00667877,0.0039839,0,-0.445251,-0.222626,-5.94227e-05,1.83794e-07,-5.96065e-05,-0.000267677,6,False,False,False,i
2014-11-20,2051,126.547,0.00195408,0.00148386,0.00651607,0.00409618,0,-0.434405,-0.217202,-0.000104682,1.57712e-06,-0.000106259,-0.000470216,5,False,False,False,i
2014-11-21,2061.75,126.688,0.00524135,0.00111125,0.0074937,0.0050804,-1,-0.49958,-0.74979,-0.000897067,0.000154496,-0.00105156,-0.0041301,4,False,False,False,i
2014-11-24,2067.5,126.844,0.00278889,0.00123335,0.0077486,0.0054513,-1,-0.516574,-0.758287,-0.00116633,2.46162e-06,-0.00116879,-0.00155554,3,False,False,False,i
2014-11-25,2066.75,127.109,-0.000362757,0.00209411,0.00596438,0.00486476,-1,-0.397625,-0.698813,0.00186301,1.72331e-05,0.00184578,0.00245687,2,False,False,False,i
2014-11-26,2070.75,127.281,0.00193541,0.00135218,0.00612604,0.00500391,-1,-0.408402,-0.704201,-0.000407564,1.56e-06,-0.000409124,-0.000583224,1,False,False,False,i
2014-11-28,2066.75,127.766,-0.00193167,0.00380555,0.00475164,0.00363333,-1,-0.316776,-0.658388,0.00404015,1.32748e-05,0.00402688,0.00573722,0,True,False,False,i
2014-12-01,2052.5,126.875,-0.00689488,-0.00221185,0.00367976,0.00250719,1,-0.245317,0.377341,0.00308326,0.000301085,0.00278217,0.00468304,20,False,True,False,i
2014-12-02,2065.5,126.328,0.00633374,-0.00431034,0.00636312,0.00254929,0,-0.424208,-0.212104,0.00401645,0.000170845,0.00384561,-0.0106441,19,False,False,False,i
2014-12-03,2073.5,126.297,0.00387315,-0.000247372,0.00724631,0.00353389,0,-0.483088,-0.241544,-0.000873981,8.51739e-06,-0.000882498,-0.00412053,18,False,False,False,i
2014-12-04,2071.25,126.594,-0.00108512,0.00235061,0.00625325,0.00271201,0,-0.416883,-0.208442,0.00082988,9.58184e-06,0.000820298,0.00343573,17,False,False,False,i
2014-12-05,2074.75,125.891,0.0016898,-0.00555418,0.00796847,0.00444865,0,-0.531232,-0.265616,-0.00150995,1.65368e-05,-0.00152649,-0.00724398,16,False,False,False,i
2014-12-08,2060.75,126.172,-0.0067478,0.00223408,0.00575406,0.00229428,0,-0.383604,-0.191802,0.00238573,2.14172e-05,0.00236431,0.00898188,15,False,False,False,i
2014-12-09,2059.25,126.594,-0.00072789,0.00334365,0.00486597,0.00131987,0,-0.324398,-0.162199,0.00078093,8.59235e-06,0.000772338,0.00407154,14,False,False,False,i
2014-12-10,2025.75,127.156,-0.0162681,0.00444335,-1.9472e-07,-0.00368546,0,1.29813e-05,6.49065e-06,0.00335937,4.7445e-05,0.00331192,0.0207114,13,False,False,False,i
2014-12-11,2036,126.875,0.00505985,-0.00221185,0.00193344,-0.00193871,0,-0.128896,-0.0644479,4.71981e-08,1.8808e-05,-1.87608e-05,0.0072717,12,False,False,False,i
2014-12-12,2002.25,127.688,-0.0165766,0.00640394,-0.00286359,-0.00750371,0,0.190906,0.095453,0.00148105,4.70304e-05,0.00143402,-0.0229806,11,False,False,False,i
2014-12-15,1981.5,127.266,-0.00701579,-0.00330396,-0.00354751,-0.00840487,0,0.2365,0.11825,-0.000354304,6.73854e-06,-0.000361043,-0.00371182,10,False,False,False,i
2014-12-16,1966.25,127.75,-0.00769619,0.00380602,-0.00442639,-0.0111923,0,0.295093,0.147546,-0.00136014,8.69162e-06,-0.00136883,-0.0115022,9,False,False,False,i
2014-12-17,2006.5,126.984,0.0204704,-0.00599315,0.00240877,-0.00484595,0,-0.160585,-0.0802924,0.0039046,6.69449e-05,0.00383766,0.0264636,8,False,False,False,i
2014-12-18,2056.25,126.422,0.0247944,-0.00442968,0.0091478,0.00210536,0,-0.609854,-0.304927,-0.00234647,6.52449e-05,-0.00241172,0.0292241,7,False,False,False,i
2014-12-19,2067.25,126.688,0.00534954,0.0021011,0.00925078,0.00288046,0,-0.616719,-0.308359,-0.000990538,9.94516e-07,-0.000991532,-0.00324844,6,False,False,False,i
2014-12-22,2074.75,126.688,0.00362801,0,0.00723276,0.00374717,0,-0.482184,-0.241092,-0.00111873,1.94561e-05,-0.00113819,-0.00362801,5,False,False,False,i
2014-12-23,2077.5,125.953,0.00132546,-0.00579674,0.00890025,0.00545361,-1,-0.59335,-0.796675,-0.00171711,0.000160595,-0.0018777,-0.0071222,4,False,False,False,i
2014-12-24,2078,125.984,0.000240674,0.000248108,0.00883264,0.00545184,-1,-0.588843,-0.794421,5.92271e-06,6.51398e-07,5.27131e-06,7.43429e-06,3,False,False,False,i
2014-12-26,2083.5,126.016,0.00264678,0.000248047,0.00733673,0.00602387,-1,-0.489116,-0.744558,-0.0019056,1.4394e-05,-0.00192,-0.00239873,2,False,False,False,i
2014-12-29,2085.75,126.375,0.00107991,0.00285183,0.00689289,0.00560156,-1,-0.459526,-0.729763,0.00131929,4.26869e-06,0.00131502,0.00177192,1,False,False,False,i
2014-12-30,2074,126.562,-0.00563347,0.00148368,0.00391552,0.00389683,-1,-0.261034,-0.630517,0.00519383,2.87102e-05,0.00516512,0.00711714,0,True,False,False,i
2015-01-02,2050.75,127.203,-0.0112102,0.00506173,7.13294e-05,-1.41476e-05,1,-0.00475529,0.497622,0.0102597,0.00032808,0.00993166,0.016272,19,False,True,True,i
2015-01-05,2014.25,127.781,-0.0177984,0.0045449,-0.00497416,-0.00541032,0,0.331611,0.165805,-0.0111185,9.73182e-05,-0.0112158,-0.0223433,18,False,False,False,i
2015-01-06,1994.5,128.438,-0.00980514,0.00513573,-0.0075361,-0.00902541,0,0.502407,0.251203,-0.00247728,2.51638e-05,-0.00250244,-0.0149409,17,False,False,False,i
2015-01-07,2019.5,128.469,0.0125345,0.000243309,-0.00125583,-0.00607649,0,0.0837218,0.0418609,0.00308758,6.13221e-05,0.00302626,0.0122912,16,False,False,False,i
2015-01-08,2055.75,128.141,0.01795,-0.00255412,0.00445494,-0.00117847,0,-0.296996,-0.148498,0.00085832,5.52959e-05,0.000803024,0.0205041,15,False,False,False,i
2015-01-09,2037.75,128.641,-0.00875593,0.00390196,0.000929249,-0.00423056,0,-0.0619499,-0.030975,0.00187967,3.42798e-05,0.00184539,-0.0126579,14,False,False,False,i
2015-01-12,2022,129.062,-0.00772911,0.00327948,-0.00247729,-0.00689046,0,0.165152,0.0825762,0.000340991,3.32428e-05,0.000307748,-0.0110086,13,False,False,False,i
2015-01-13,2017,129.234,-0.0024728,0.00133172,-0.00307132,-0.00780946,0,0.204755,0.102377,-0.000314163,5.80374e-06,-0.000319966,-0.00380452,12,False,False,False,i
2015-01-14,2004.75,129.672,-0.00607338,0.00338532,-0.00517941,-0.0100988,0,0.345294,0.172647,-0.000968357,2.06555e-05,-0.000989013,-0.0094587,11,False,False,False,i
2015-01-15,1985.75,130.625,-0.00947749,0.00735028,-0.00893198,-0.0141803,0,0.595465,0.297733,-0.00290526,3.69358e-05,-0.0029422,-0.0168278,10,False,False,False,i
2015-01-16,2011.75,129.75,0.0130933,-0.00669856,-0.00273698,-0.00940147,0,0.182465,0.0912327,0.00589268,6.05998e-05,0.00583208,0.0197919,9,False,False,False,i
2015-01-20,2016.75,129.922,0.0024854,0.00132466,-0.00195942,-0.00912138,0,0.130628,0.0653141,0.000105897,7.59716e-06,9.82999e-05,0.00116074,8,False,False,False,i
2015-01-21,2026.75,129.438,0.00495847,-0.0037282,-0.000461459,-0.0070244,0,0.030764,0.015382,0.000567363,1.46017e-05,0.000552761,0.00868667,7,False,False,False,i
2015-01-22,2057,129.172,0.0149254,-0.00205215,0.00323041,-0.00295936,0,-0.215361,-0.10768,0.000261148,3.57373e-05,0.000225411,0.0169775,6,False,False,False,i
2015-01-23,2045.75,129.781,-0.00546913,0.00471755,0.000161859,-0.00541345,0,-0.0107906,-0.0053953,0.00109691,2.97802e-05,0.00106713,-0.0101867,5,False,False,False,i
2015-01-26,2050.5,129.516,0.00232189,-0.00204671,0.000857925,-0.00436096,1,-0.057195,0.471402,-2.35699e-05,0.000138668,-0.000162238,0.0043686,4,False,False,False,i
2015-01-27,2023,129.719,-0.0134114,0.00156834,-0.0026937,-0.0079956,1,0.17958,0.58979,-0.00706147,3.46505e-05,-0.00709612,-0.0149797,3,False,False,False,i
2015-01-28,1996.25,130.469,-0.0132229,0.00578174,-0.00715023,-0.0126111,1,0.476682,0.738341,-0.0112088,4.37546e-05,-0.0112525,-0.0190047,2,False,False,False,i
2015-01-29,2015.5,130.125,0.00964308,-0.00263473,-0.00339367,-0.00964901,1,0.226245,0.613122,0.00906521,3.67144e-05,0.0090285,0.0122778,1,False,False,False,i
2015-01-30,1989.75,131.016,-0.012776,0.00684438,-0.00766213,-0.0144165,1,0.510809,0.755404,-0.0120297,4.19733e-05,-0.0120717,-0.0196204,0,True,False,False,i
2015-02-02,2013.75,130.859,0.0120618,-0.00119261,-0.0041644,-0.011221,-1,0.277627,-0.361187,0.0100124,0.000327522,0.00968493,0.0132544,18,False,True,False,i
2015-02-03,2043.5,130.047,0.0147734,-0.00620896,0.000854676,0.00500385,0,-0.0569784,-0.0284892,-0.00757856,9.69144e-05,-0.00767547,0.0209824,17,False,False,False,i
2015-02-04,2036,130.219,-0.00367017,0.00132164,-0.00116456,0.0038089,0,0.0776373,0.0388186,0.000142213,1.96407e-05,0.000122572,0.00499181,16,False,False,False,i
2015-02-05,2057.5,129.906,0.0105599,-0.00239981,0.00168564,0.00689245,0,-0.112376,-0.056188,0.000503079,2.75868e-05,0.000475492,-0.0129597,15,False,False,False,i
2015-02-06,2050.5,128.594,-0.00340219,-0.0101034,0.00310962,0.0085009,0,-0.207308,-0.103654,-0.00037653,1.38046e-05,-0.000390335,-0.00670125,14,False,False,False,i
2015-02-09,2041,128.547,-0.00463302,-0.00036452,0.00157384,0.00748101,0,-0.104923,-0.0524614,0.000442447,1.4921e-05,0.000427526,0.0042685,13,False,False,False,i
2015-02-10,2063.25,128.344,0.0109015,-0.00158016,0.00409993,0.0104395,0,-0.273329,-0.136664,-0.000654807,2.44178e-05,-0.000679224,-0.0124817,12,False,False,False,i
2015-02-11,2064.5,128.25,0.00060584,-0.00073046,0.00430496,0.0107572,0,-0.286997,-0.143499,-0.000182625,1.98129e-06,-0.000184606,-0.0013363,11,False,False,False,i
2015-02-12,2084,128.375,0.00944539,0.000974659,0.00537805,0.0127587,0,-0.358536,-0.179268,-0.00121554,1.03244e-05,-0.00122586,-0.00847073,10,False,False,False,i
2015-02-13,2093.25,128.078,0.00443858,-0.00231256,0.00691022,0.0143577,0,-0.460681,-0.230341,-0.00121026,1.4711e-05,-0.00122498,-0.00675114,9,False,False,False,i
2015-02-17,2097,127.328,0.00179147,-0.0058558,0.00695135,0.0161716,0,-0.463423,-0.231712,-0.00176148,3.94596e-07,-0.00176187,-0.00764727,8,False,False,False,i
2015-02-18,2096.75,127.922,-0.000119218,0.00466315,0.00510742,0.0150425,0,-0.340494,-0.170247,0.00110813,1.76906e-05,0.00109044,0.00478237,7,False,False,False,i
2015-02-19,2095.25,127.641,-0.000715393,-0.00219861,0.00547962,0.0153941,0,-0.365308,-0.182654,-0.000252513,3.57212e-06,-0.000256085,-0.00148321,6,False,False,False,i
2015-02-20,2108,127.5,0.00608519,-0.00110173,0.00717689,0.0170895,0,-0.478459,-0.23923,-0.00131272,1.62432e-05,-0.00132896,-0.00718692,5,False,False,False,i
2015-02-23,2107,127.984,-0.000474383,0.00379902,0.00609282,0.016081,-1,-0.406188,-0.703094,0.00102232,0.000133208,0.000889116,0.0042734,4,False,False,False,i
2015-02-24,2113.5,128.719,0.00308495,0.00573801,0.00496925,0.015456,-1,-0.331283,-0.665642,0.00186534,1.07398e-05,0.0018546,0.00265305,3,False,False,False,i
2015-02-25,2111.5,128.797,-0.000946298,0.000606943,0.00462239,0.0150883,-1,-0.308159,-0.65408,0.0010339,3.31703e-06,0.00103058,0.00155324,2,False,False,False,i
2015-02-26,2109,128.109,-0.00118399,-0.00533786,0.00563237,0.0160745,-1,-0.375492,-0.687746,-0.00271696,9.6637e-06,-0.00272662,-0.00415387,1,False,False,False,i
2015-02-27,2102,128.438,-0.00331911,0.00256129,0.00418846,0.0146821,-1,-0.279231,-0.639615,0.00404422,1.38368e-05,0.00403038,0.0058804,0,True,False,False,i
2015-03-02,2115.25,127.094,0.00630352,-0.00562347,0.00708999,0.0175022,1,-0.472666,0.263667,-0.00762869,0.000258927,-0.00788761,-0.011927,21,False,True,False,i
2015-03-03,2106,126.844,-0.00437301,-0.00196705,0.00634847,-0.000579405,0,-0.423232,-0.211616,-0.000634371,0.000136517,-0.000770888,0.00240595,20,False,False,False,i
2015-03-04,2097.25,126.953,-0.0041548,0.000862281,0.00465993,-0.00178667,0,-0.310662,-0.155331,0.00106169,1.6198e-05,0.00104549,-0.00501708,19,False,False,False,i
2015-03-05,2099.25,127.094,0.00095363,0.00110769,0.00466956,-0.00182366,0,-0.311304,-0.155652,2.39307e-05,9.23199e-08,2.38384e-05,-0.000154063,18,False,False,False,i
2015-03-06,2069.25,125.984,-0.0142908,-0.00872879,0.00339558,-0.00317688,0,-0.226372,-0.113186,0.00086574,1.22979e-05,0.000853443,-0.00556203,17,False,False,False,i
2015-03-09,2078.5,126.438,0.00447022,0.00359668,0.00365569,-0.00296754,0,-0.243713,-0.121856,-9.88728e-05,2.5057e-06,-0.000101378,0.000873543,16,False,False,False,i
2015-03-10,2044.25,126.891,-0.0164782,0.00358379,-0.00114871,-0.00783501,0,0.0765807,0.0382903,0.00244469,4.66426e-05,0.00239804,-0.020062,15,False,False,False,i
2015-03-11,2039.75,127.016,-0.0022013,0.0009851,-0.00172788,-0.00860524,0,0.115192,0.0575958,-0.000122008,5.62854e-06,-0.000127637,-0.0031864,14,False,False,False,i
2015-03-12,2065.5,127.125,0.0126241,0.000861115,0.00266738,-0.0057848,0,-0.177825,-0.0889126,0.000677499,4.2464e-05,0.000635035,0.011763,13,False,False,False,i
2015-03-13,2052.75,127.016,-0.00617284,-0.000860374,0.00128239,-0.00707093,0,-0.0854924,-0.0427462,0.000472345,1.34197e-05,0.000458925,-0.00531247,12,False,False,False,i
2015-03-16,2073.5,127.312,0.0138125,0.00233731,0.00394013,-0.00432632,0,-0.262675,-0.131338,-0.00049052,2.5631e-05,-0.000516151,0.0114752,11,False,False,False,i
2015-03-17,2066.25,127.516,-0.0034965,0.00159548,0.00261543,-0.00555447,0,-0.174362,-0.0871809,0.000668769,1.27962e-05,0.000655973,-0.00509199,10,False,False,False,i
2015-03-18,2091.25,128.828,0.0120992,0.0102929,0.00274122,-0.00512389,0,-0.182748,-0.0913739,-0.00015748,1.20831e-06,-0.000158688,0.00180636,9,False,False,False,i
2015-03-19,2081,128.219,-0.00490137,-0.00473014,0.00268354,-0.00516536,0,-0.178902,-0.0894512,1.56464e-05,5.55344e-07,1.50911e-05,-0.000171235,8,False,False,False,i
2015-03-20,2100.25,128.719,0.00925036,0.00389959,0.00395717,-0.00388485,0,-0.263811,-0.131906,-0.000478633,1.22097e-05,-0.000490843,0.00535077,7,False,False,False,i
2015-03-23,2096.5,128.875,-0.0017855,0.00121389,0.00319033,-0.00460741,0,-0.212689,-0.106344,0.000395636,7.35745e-06,0.000388279,-0.00299939,6,False,False,False,i
2015-03-24,2083.75,129.188,-0.00608156,0.00242483,0.00114048,-0.00666202,0,-0.0760319,-0.038016,0.000904606,1.97231e-05,0.000884883,-0.00850639,5,False,False,False,i
2015-03-25,2052.75,128.781,-0.014877,-0.00314465,-0.00162229,-0.00952181,1,0.108153,0.554076,0.000446017,0.00017211,0.000273907,-0.0117324,4,False,False,False,i
2015-03-26,2048,128.281,-0.00231397,-0.00388255,-0.000946613,-0.00914138,1,0.0631075,0.531554,0.000869115,6.55401e-06,0.000862561,0.00156858,3,False,False,False,i
2015-03-27,2052,128.594,0.00195312,0.00243605,-0.000802138,-0.00925787,1,0.0534759,0.526738,-0.000256703,1.40011e-06,-0.000258103,-0.000482929,2,False,False,False,i
2015-03-30,2078,128.641,0.0126706,0.00036452,0.00213465,-0.00630523,1,-0.14231,0.428845,0.00648206,2.82934e-05,0.00645377,0.012306,1,False,False,False,i
2015-03-31,2059.75,128.906,-0.00878248,0.00206486,-0.000588327,-0.00893334,1,0.0392218,0.519611,-0.00465183,2.63419e-05,-0.00467817,-0.0108473,0,True,False,False,i
2015-04-01,2052.5,129.391,-0.00351984,0.00375758,-0.00226633,-0.0106933,-1,0.151088,-0.424456,-0.00378143,0.000274439,-0.00405587,-0.00727742,20,False,True,False,i
2015-04-02,2058.75,129.109,0.00304507,-0.00217365,-0.000945693,0.00125129,0,0.0630462,0.0315231,-0.00221511,0.000132363,-0.00234748,0.00521872,19,False,False,False,i
2015-04-06,2073.75,129.438,0.00728597,0.00254145,0.000306879,0.00238268,0,-0.0204586,-0.0102293,0.000149562,1.2079e-05,0.000137483,-0.00474452,18,False,False,False,i
2015-04-07,2067.75,129.406,-0.00289331,-0.000241429,-0.000374081,0.00174634,0,0.0249387,0.0124694,2.71269e-05,6.57563e-06,2.05513e-05,0.00265188,17,False,False,False,i
2015-04-08,2074.75,129.344,0.00338532,-0.000482975,0.000558239,0.00267166,0,-0.037216,-0.018608,4.82352e-05,8.98866e-06,3.92466e-05,-0.0038683,16,False,False,False,i
2015-04-09,2084.5,128.891,0.00469936,-0.00350326,0.00248732,0.00463302,0,-0.165822,-0.0829108,-0.000152634,1.85581e-05,-0.000171192,-0.00820262,15,False,False,False,i
2015-04-10,2095.25,128.844,0.00515711,-0.00036368,0.00372994,0.00594887,0,-0.248663,-0.124331,-0.000457733,1.19256e-05,-0.000469659,-0.00552079,14,False,False,False,i
2015-04-13,2085.75,129.047,-0.00453407,0.00157652,0.00172,0.0044867,0,-0.114667,-0.0573333,0.000759737,1.93305e-05,0.000740407,0.00611059,13,False,False,False,i
2015-04-14,2089.75,129.328,0.00191778,0.00217944,0.00158937,0.00442427,0,-0.105958,-0.0529792,1.50021e-05,1.25517e-06,1.3747e-05,0.000261665,12,False,False,False,i
2015-04-15,2099.5,129.469,0.00466563,0.00108735,0.00250544,0.00527705,0,-0.167029,-0.0835145,-0.000189574,8.78333e-06,-0.000198358,-0.00357828,11,False,False,False,i
2015-04-16,2098.5,129.594,-0.000476304,0.000965484,0.00212728,0.00493261,0,-0.141819,-0.0709095,0.00012041,3.62658e-06,0.000116784,0.00144179,10,False,False,False,i
2015-04-17,2073.75,129.672,-0.0117941,0.000602845,-0.000849447,0.00194929,0,0.0566298,0.0283149,0.000879064,2.87056e-05,0.000850358,0.012397,9,False,False,False,i
2015-04-20,2093.5,129.531,0.00952381,-0.00108447,0.00179962,0.0044777,0,-0.119975,-0.0599873,0.000300372,2.54334e-05,0.000274939,-0.0106083,8,False,False,False,i
2015-04-21,2091.25,129.391,-0.00107476,-0.00108565,0.0018165,0.00448031,0,-0.1211,-0.0605501,-6.53272e-07,1.62183e-07,-8.15455e-07,-1.08902e-05,7,False,False,False,i
2015-04-22,2101.25,128.766,0.00478183,-0.00483033,0.00411731,0.00677617,0,-0.274487,-0.137244,-0.000582018,2.20519e-05,-0.00060407,-0.00961216,6,False,False,False,i
2015-04-23,2107,129.094,0.00273647,0.00254823,0.00407356,0.00682096,0,-0.271571,-0.135785,-2.58336e-05,4.1878e-07,-2.62524e-05,-0.000188232,5,False,False,False,i
2015-04-24,2111.25,129.453,0.00201709,0.00278383,0.00370792,0.00663845,-1,-0.247194,-0.623597,0.000104112,0.000139954,-3.58418e-05,0.000766744,4,False,False,False,i
2015-04-27,2102.75,129.328,-0.00402605,-0.0009656,0.00298082,0.00590607,-1,-0.198721,-0.599361,0.00190849,6.96652e-06,0.00190152,0.00306045,3,False,False,False,i
2015-04-28,2109.25,128.812,0.00309119,-0.00398695,0.00470287,0.00759571,-1,-0.313525,-0.656762,-0.00424236,1.64759e-05,-0.00425884,-0.00707814,2,False,False,False,i
2015-04-29,2100,128.469,-0.00438545,-0.00266861,0.00422567,0.00718485,-1,-0.281711,-0.640856,0.00112755,4.57498e-06,0.00112298,0.00171684,1,False,False,False,i
2015-04-30,2078.75,128.438,-0.010119,-0.00024325,0.00156331,0.00481457,-1,-0.104221,-0.55211,0.00632896,2.56452e-05,0.00630332,0.0098758,0,True,False,False,i
2015-05-01,2101.5,127.828,0.0109441,-0.00474453,0.00539698,0.00854666,1,-0.359799,0.320101,-0.00866184,0.000250776,-0.00891262,-0.0156886,19,False,True,False,i
2015-05-04,2108.5,127.703,0.00333095,-0.000977876,0.00614707,0.00103246,0,-0.409805,-0.204902,0.00137926,0.000150715,0.00122854,-0.00430883,18,False,False,False,i
2015-05-05,2083.25,127.516,-0.0119753,-0.00146825,0.00309304,-0.00150683,0,-0.206203,-0.103101,0.00215293,2.93884e-05,0.00212354,0.0105071,17,False,False,False,i
2015-05-06,2074.5,127.094,-0.00420017,-0.00330842,0.00303452,-0.00172194,0,-0.202302,-0.101151,9.19407e-05,5.64226e-07,9.13764e-05,-0.00089175,16,False,False,False,i
2015-05-07,2083.25,127.391,0.00421788,0.00233587,0.00349168,-0.00127117,0,-0.232779,-0.116389,-0.000190367,4.39913e-06,-0.000194766,0.00188201,15,False,False,False,i
2015-05-08,2111,127.906,0.0133205,0.00404759,0.00567178,0.000935492,0,-0.378119,-0.189059,-0.00107927,2.08504e-05,-0.00110012,0.00927294,14,False,False,False,i
2015-05-11,2100.25,126.938,-0.00509237,-0.00757391,0.00618325,0.00153424,0,-0.412217,-0.206108,-0.000469157,4.90317e-06,-0.000474061,-0.00248153,13,False,False,False,i
2015-05-12,2093.75,127.031,-0.00309487,0.000738552,0.00512683,0.000613957,0,-0.341789,-0.170894,0.0007901,1.0142e-05,0.000779958,0.00383342,12,False,False,False,i
2015-05-13,2094.75,126.969,0.000477612,-0.000492005,0.0053939,0.000846525,0,-0.359593,-0.179797,-0.000165702,2.56333e-06,-0.000168265,-0.000969617,11,False,False,False,i
2015-05-14,2116.75,127.391,0.0105024,0.00332267,0.00708682,0.0025554,0,-0.472455,-0.236227,-0.0012909,1.61707e-05,-0.00130707,-0.00717978,10,False,False,False,i
2015-05-15,2119,128.016,0.00106295,0.00490617,0.00610677,0.0016374,0,-0.407118,-0.203559,0.000907874,9.35682e-06,0.000898517,0.00384322,9,False,False,False,i
2015-05-18,2125.25,127.391,0.0029495,-0.00488222,0.00707849,0.00351474,0,-0.471899,-0.23595,-0.00159422,9.26469e-06,-0.00160348,-0.00783172,8,False,False,False,i
2015-05-19,2124.75,126.859,-0.000235266,-0.00417024,0.00794639,0.00445802,0,-0.529759,-0.26488,-0.000928457,8.27564e-06,-0.000936733,-0.00393498,7,False,False,False,i
2015-05-20,2123,127.172,-0.000823626,0.00246336,0.00609379,0.00367251,0,-0.406253,-0.203126,0.000870655,1.76718e-05,0.000852983,0.00328698,6,False,False,False,i
2015-05-21,2129,127.688,0.00282619,0.00405455,0.00491127,0.00337959,0,-0.327418,-0.163709,0.000249513,1.12654e-05,0.000238248,0.00122836,5,False,False,False,i
2015-05-22,2124.25,127.469,-0.00223109,-0.00171317,0.00479856,0.00325539,-1,-0.319904,-0.659952,8.47894e-05,0.00014197,-5.7181e-05,0.000517927,4,False,False,False,i
2015-05-26,2101.5,127.922,-0.0107097,0.00355479,0.00142371,-0.000175966,1,-0.0949143,0.452543,0.00941386,0.000319862,0.009094,0.0142645,3,False,False,False,i
2015-05-27,2121.25,127.891,0.00939805,-0.00024429,0.00385401,0.00212578,-1,-0.256934,-0.628467,0.00436357,0.000309468,0.0040541,0.00964234,2,False,False,False,i
2015-05-28,2119,128.016,-0.0010607,0.000977398,0.00338116,0.0016374,-1,-0.225411,-0.612705,0.00128087,4.51441e-06,0.00127636,0.00203809,1,False,False,False,i
2015-05-29,2105,128.109,-0.00660689,0.000732332,0.00163743,-0.000128098,1,-0.109162,0.445419,0.00449678,0.000303995,0.00419279,0.00733922,0,True,False,False,i
2015-06-01,2109.5,126.969,0.00213777,-0.00404461,0.0031873,0.00135633,-1,-0.212487,-0.606243,0.00275375,0.00030184,0.00245191,0.00618238,21,False,True,False,i
2015-06-02,2107.75,126.312,-0.00082958,-0.00516859,0.00423054,0.00104404,0,-0.282036,-0.141018,-0.0026305,0.000133577,-0.00276408,-0.00433901,20,False,False,False,i
2015-06-03,2113.25,125.438,0.00260942,-0.00692726,0.0064733,0.00333358,0,-0.431553,-0.215777,-0.00134484,2.1439e-05,-0.00136628,-0.00953668,19,False,False,False,i
2015-06-04,2096,125.891,-0.00816278,0.00361236,0.00343667,0.000505653,0,-0.229111,-0.114556,0.0025408,2.91382e-05,0.00251166,0.0117751,18,False,False,False,i
2015-06-05,2091.75,125.094,-0.00202767,-0.0063299,0.00287104,0.00154163,0,-0.191403,-0.0957013,-0.000492845,5.43266e-06,-0.000498277,-0.00430223,17,False,False,False,i
2015-06-08,2078.25,125.312,-0.00645393,0.00174869,0.00093031,-0.000430729,0,-0.0620207,-0.0310103,0.000785001,1.86962e-05,0.000766305,0.00820261,16,False,False,False,i
2015-06-09,2078,124.984,-0.000120294,-0.00261845,0.00160596,0.000169717,0,-0.107064,-0.0535319,-7.74688e-05,6.50927e-06,-8.39781e-05,0.00249816,15,False,False,False,i
2015-06-10,2103,124.609,0.0120308,-0.00300038,0.00521638,0.0037551,0,-0.347759,-0.173879,-0.000804647,3.45906e-05,-0.000839237,-0.0150312,14,False,False,False,i
2015-06-11,2109.75,125.344,0.0032097,0.00589342,0.00443993,0.00311579,0,-0.295996,-0.147998,0.000466643,7.42795e-06,0.000459215,0.00268372,13,False,False,False,i
2015-06-12,2093.25,125.297,-0.00782083,-0.000373972,0.0022284,0.00132455,0,-0.14856,-0.07428,0.00110212,2.12339e-05,0.00108088,0.00744686,12,False,False,False,i
2015-06-15,2075.75,125.578,-0.00455581,0.00224467,0.000665611,-0.000308769,0,-0.0443741,-0.022187,0.000505139,1.50637e-05,0.000490076,0.00680048,11,False,False,False,i
2015-06-16,2088,125.922,0.00590148,0.00273734,0.00161585,0.000447316,0,-0.107723,-0.0538617,-7.02029e-05,9.1343e-06,-7.93372e-05,0.00316414,10,False,False,False,i
2015-06-17,2091.75,126.109,0.00179598,0.00148902,0.00186601,0.000520836,0,-0.124401,-0.0622004,-1.65333e-05,2.40271e-06,-1.8936e-05,-0.000306959,9,False,False,False,i
2015-06-18,2113.5,126.031,0.010398,-0.000619502,0.0044873,0.00314813,0,-0.299154,-0.149577,-0.000685293,2.50561e-05,-0.000710349,-0.0110175,8,False,False,False,i
2015-06-19,2100,126.594,-0.00638751,0.00446318,0.00178649,0.000545486,0,-0.119099,-0.0595497,0.00162301,2.58929e-05,0.00159712,0.0108507,7,False,False,False,i
2015-06-22,2115,125.734,0.00714286,-0.00678845,0.00518302,0.00388221,0,-0.345535,-0.172767,-0.000829605,3.24558e-05,-0.000862061,-0.0139313,6,False,False,False,i
2015-06-23,2116,125.438,0.000472813,-0.00236113,0.00573223,0.00456055,0,-0.382148,-0.191074,-0.000489612,5.24685e-06,-0.000494859,-0.00283394,5,False,False,False,i
2015-06-24,2100,125.719,-0.00756144,0.00224215,0.00288798,0.00220817,-1,-0.192532,-0.596266,0.00187321,0.000116538,0.00175668,0.00980359,4,False,False,False,i
2015-06-25,2093,125.469,-0.00333333,-0.00198857,0.002656,0.00188512,-1,-0.177066,-0.588533,0.000801839,2.22751e-06,0.000799612,0.00134477,3,False,False,False,i
2015-06-26,2093.25,125.016,0.000119446,-0.00361146,0.00376944,0.00278034,-1,-0.251296,-0.625648,-0.00219576,1.06906e-05,-0.00220645,-0.0037309,2,False,False,False,i
2015-06-29,2048.5,126.266,-0.0213782,0.00999875,-0.00383887,-0.00480002,1,0.255925,0.627962,0.0196309,0.000364756,0.0192662,0.031377,1,False,False,False,i
2015-06-30,2053.25,126.016,0.00231877,-0.00197995,-0.00251264,-0.0037649,1,0.16751,0.583755,0.00269944,1.28488e-05,0.00268659,0.00429872,0,True,False,False,i
2015-07-01,2069.25,125.438,0.00779252,-0.00458772,0.00167006,-0.000792797,1,-0.111337,0.444331,0.00722703,4.03762e-05,0.00718665,0.0123802,21,False,True,False,i
2015-07-02,2067,125.906,-0.00108735,0.00373692,0.000400818,-0.00115685,0,-0.0267212,-0.0133606,-0.00214358,0.000132612,-0.00227619,-0.00482427,20,False,False,False,i
2015-07-06,2061.25,126.609,-0.00278181,0.00558451,-0.0017,-0.00316554,0,0.113333,0.0566667,0.000111779,2.03163e-05,9.14627e-05,-0.00836632,19,False,False,False,i
2015-07-07,2074.25,126.922,0.00630685,0.00246822,-0.000704735,-0.00224625,0,0.0469823,0.0234912,0.000217523,9.59662e-06,0.000207926,0.00383863,18,False,False,False,i
2015-07-08,2038.75,127.344,-0.0171146,0.0033239,-0.00560813,-0.00720467,0,0.373876,0.186938,-0.000480125,4.7664e-05,-0.000527789,-0.0204385,17,False,False,False,i
2015-07-09,2043.5,126.594,0.00232986,-0.00588957,-0.00343457,-0.00521857,0,0.228971,0.114486,0.00153652,2.11053e-05,0.00151542,0.00821943,16,False,False,False,i
2015-07-10,2069.25,125.875,0.0126009,-0.00567761,0.00207488,-0.000835904,0,-0.138326,-0.0691628,0.00209263,5.31835e-05,0.00203945,0.0182785,15,False,False,False,i
2015-07-13,2092.5,125.547,0.011236,-0.00260675,0.0052049,0.00246985,0,-0.346994,-0.173497,-0.000957401,3.00576e-05,-0.000987458,0.0138427,14,False,False,False,i
2015-07-14,2101.5,125.922,0.00430108,0.00298693,0.00421335,0.0027834,0,-0.28089,-0.140445,-0.000228,9.50302e-06,-0.000237503,-0.00131414,13,False,False,False,i
2015-07-15,2101,126.266,-0.000237925,0.00272987,0.00265816,0.00207347,0,-0.177211,-0.0886055,0.000416811,1.49064e-05,0.000401905,0.00296779,12,False,False,False,i
2015-07-16,2117.5,126.203,0.0078534,-0.000494988,0.00467545,0.00406457,0,-0.311696,-0.155848,-0.000739713,1.92658e-05,-0.000758979,-0.00834839,11,False,False,False,i
2015-07-17,2119,126.141,0.000708383,-0.000495233,0.00488638,0.00435237,0,-0.325759,-0.162879,-0.000187581,2.01383e-06,-0.000189595,-0.00120362,10,False,False,False,i
2015-07-20,2120.5,125.891,0.000707881,-0.00198192,0.00507953,0.00499576,0,-0.338635,-0.169318,-0.000438112,1.84341e-06,-0.000439956,-0.0026898,9,False,False,False,i
2015-07-21,2111.75,126.203,-0.00412639,0.00248231,0.00347316,0.00341404,0,-0.231544,-0.115772,0.00111897,1.53606e-05,0.00110361,0.0066087,8,False,False,False,i
2015-07-22,2107.5,126.297,-0.00201255,0.00074285,0.00283797,0.00275405,0,-0.189198,-0.094599,0.000318998,6.0796e-06,0.000312919,0.0027554,7,False,False,False,i
2015-07-23,2095.75,126.656,-0.00557533,0.00284548,0.000842958,0.000733255,0,-0.0561972,-0.0280986,0.0007966,1.91443e-05,0.000777455,0.0084208,6,False,False,False,i
2015-07-24,2073.5,126.797,-0.0106167,0.00111029,-0.00176803,-0.00209629,0,0.117869,0.0589344,0.000329513,2.51801e-05,0.000304333,0.011727,5,False,False,False,i
2015-07-27,2061.5,127.234,-0.00578732,0.0034504,-0.00367079,-0.00432179,1,0.244719,0.62236,-0.000544419,0.000163451,-0.00070787,-0.00923772,4,False,False,False,i
2015-07-28,2086.75,126.938,0.0122484,-0.00233329,0.000618083,-0.000832032,1,-0.0412055,0.479397,0.00907504,4.12389e-05,0.0090338,0.0145817,3,False,False,False,i
2015-07-29,2101.25,126.75,0.0069486,-0.0014771,0.00306712,0.00118433,-1,-0.204475,-0.602237,0.00403926,0.000311006,0.00372826,0.00842571,2,False,False,False,i
2015-07-30,2101.5,126.844,0.000118977,0.000739645,0.00241903,0.00103558,-1,-0.161268,-0.580634,0.00037379,6.21127e-06,0.000367578,0.000620668,1,False,False,False,i
2015-07-31,2098.5,127.562,-0.00142755,0.00566642,0.000450642,-0.000663119,1,-0.0300428,0.484979,0.004119,0.000306585,0.00381242,0.00709397,0,True,False,False,i
2015-08-03,2091,127.844,-0.00357398,0.0022048,-0.000871965,-0.00205254,-1,0.058131,-0.470935,-0.00280259,0.000275481,-0.00307807,-0.00577878,20,False,True,False,i
2015-08-04,2087,127.156,-0.00191296,-0.00537766,0.000140783,0.00083428,0,-0.00938556,-0.00469278,-0.00163165,0.000134484,-0.00176613,0.0034647,19,False,False,False,i
2015-08-05,2094.5,126.75,0.00359368,-0.00319489,0.0019152,0.00246096,0,-0.12768,-0.06384,-3.18572e-05,1.70322e-05,-4.88894e-05,-0.00678856,18,False,False,False,i
2015-08-06,2078,127.094,-0.00787778,0.00271203,-0.000694206,-8.46548e-05,0,0.0462804,0.0231402,0.000676053,2.51394e-05,0.000650914,0.0105898,17,False,False,False,i
2015-08-07,2072.75,127.453,-0.00252647,0.00282764,-0.00187889,-0.00137022,0,0.125259,0.0626296,-0.000123895,1.14269e-05,-0.000135322,-0.0053541,16,False,False,False,i
2015-08-10,2099.75,127.062,0.0130262,-0.00306485,0.00201284,0.00247077,0,-0.134189,-0.0670947,0.00100778,3.73124e-05,0.000970463,0.016091,15,False,False,False,i
2015-08-11,2079.75,127.859,-0.00952494,0.00627152,-0.00207013,-0.00132479,0,0.138008,0.0690042,0.00105986,3.93205e-05,0.00102054,0.0157965,14,False,False,False,i
2015-08-12,2082,127.828,0.00108186,-0.000244409,-0.00160522,-0.00100631,0,0.107015,0.0535075,9.15182e-05,4.47492e-06,8.70433e-05,0.00132627,13,False,False,False,i
2015-08-13,2079.75,127.469,-0.00108069,-0.00281139,-0.000932891,-0.00058986,0,0.0621927,0.0310964,9.26054e-05,6.47481e-06,8.61306e-05,0.0017307,12,False,False,False,i
2015-08-14,2087.25,127.344,0.0036062,-0.000980633,0.000150817,0.000509575,0,-0.0100544,-0.00502722,0.000142634,1.0419e-05,0.000132215,0.00458684,11,False,False,False,i
2015-08-17,2099.25,127.609,0.00574919,0.00208589,0.000983873,0.00138464,0,-0.0655915,-0.0327958,-1.84162e-05,7.98791e-06,-2.64041e-05,-0.0036633,10,False,False,False,i
2015-08-18,2093,127.453,-0.00297725,-0.00122444,0.000437007,0.000963497,0,-0.0291338,-0.0145669,5.74849e-05,5.25098e-06,5.22339e-05,0.00175281,9,False,False,False,i
2015-08-19,2076.5,128.109,-0.00788342,0.00514895,-0.0027575,-0.00217016,0,0.183833,0.0919167,0.000189841,3.07867e-05,0.000159054,0.0130324,8,False,False,False,i
2015-08-20,2032.25,128.344,-0.0213099,0.00182949,-0.00826966,-0.00780114,0,0.551311,0.275655,-0.0021269,5.36623e-05,-0.00218056,-0.0231394,7,False,False,False,i
2015-08-21,1968,128.719,-0.0316152,0.00292184,-0.0151157,-0.0162906,0,1.00771,0.503856,-0.00952032,6.76741e-05,-0.009588,-0.034537,6,False,False,False,i
2015-08-24,1886.25,129,-0.0415396,0.002185,-0.0220756,-0.0271693,0,1.47171,0.735854,-0.0220309,7.0231e-05,-0.0221011,-0.0437246,5,False,False,False,i
2015-08-25,1864.75,128.438,-0.0113983,-0.00436047,-0.0135937,-0.028906,1,0.906248,0.953124,-0.0051788,6.61442e-05,-0.00524495,-0.00703781,4,False,False,False,i
2015-08-26,1938,127.828,0.0392814,-0.00474453,0.00833421,-0.0183376,1,-0.555614,0.222193,0.0419622,0.000218372,0.0417438,0.0440259,3,False,False,False,i
2015-08-27,1985.5,127.812,0.0245098,-0.000122234,0.0138728,-0.0124278,1,-0.92485,0.0375749,0.00547307,5.45181e-05,0.00541855,0.024632,2,False,False,False,i
2015-08-28,1985.25,127.781,-0.000125913,-0.000244499,0.00953222,-0.0123991,1,-0.635481,0.182259,4.45586e-06,4.27281e-05,-3.82723e-05,0.000118586,1,False,False,False,i
2015-08-31,1968.25,127.531,-0.00856315,-0.00195647,0.00369533,-0.0140094,1,-0.246355,0.376822,-0.00120413,5.76952e-05,-0.00126183,-0.00660668,0,True,False,False,i
2015-09-01,1907.75,127.953,-0.030738,0.00330801,-0.00452943,-0.022409,-1,0.301962,-0.349019,-0.0128293,0.000218514,-0.0130478,-0.034046,20,False,True,False,i
2015-09-02,1946.75,127.156,0.0204429,-0.00183981,0.00147456,0.0052869,0,-0.098304,-0.049152,-0.0077771,8.93929e-05,-0.00786649,0.0222827,19,False,False,False,i
2015-09-03,1947.75,127.438,0.000513677,0.00221185,0.00226953,0.00488166,0,-0.151302,-0.0756509,8.34684e-05,7.89761e-06,7.55708e-05,0.00169817,18,False,False,False,i
2015-09-04,1917.75,127.719,-0.0154024,0.00220696,-0.00215638,0.000637189,0,0.143759,0.0718793,0.00133216,4.43009e-05,0.00128786,0.0176094,17,False,False,False,i
2015-09-08,1967.75,127.281,0.0260722,-0.0034255,0.00499812,0.00761317,0,-0.333208,-0.166604,0.00212027,7.07278e-05,0.00204955,-0.0294977,16,False,False,False,i
2015-09-09,1939.75,127.344,-0.0142294,0.000491039,0.000805478,0.0040736,0,-0.0536986,-0.0268493,0.00245249,4.17346e-05,0.00241076,0.0147205,15,False,False,False,i
2015-09-10,1951,127.109,0.00579972,-0.00184049,0.00276936,0.00589584,0,-0.184624,-0.0923121,-0.000205134,1.94945e-05,-0.000224629,-0.00764021,14,False,False,False,i
2015-09-11,1960,127.438,0.00461302,0.00258144,0.00338295,0.00637911,0,-0.22553,-0.112765,-0.00018754,6.07726e-06,-0.000193617,-0.00203158,13,False,False,False,i
2015-09-14,1942.5,127.547,-0.00384615,0.000858264,0.00223638,0.005254,0,-0.149092,-0.074546,0.000530493,1.14054e-05,0.000519088,0.00470442,12,False,False,False,i
2015-09-15,1968,126.703,0.0131274,-0.00661521,0.00698342,0.00994591,0,-0.465561,-0.232781,-0.00147173,4.69254e-05,-0.00151866,-0.0197426,11,False,False,False,i
2015-09-16,1984.5,126.594,0.00838415,-0.000863238,0.00899768,0.0121355,0,-0.599846,-0.299923,-0.00215261,1.9832e-05,-0.00217244,-0.00924738,10,False,False,False,i
2015-09-17,1979.75,127.516,-0.00239355,0.00728215,0.00588702,0.00984137,0,-0.392468,-0.196234,0.00290196,3.0662e-05,0.0028713,0.0096757,9,False,False,False,i
2015-09-18,1946,128,-0.0170476,0.00379855,-0.000108373,0.00483673,0,0.00722486,0.00361243,0.00409073,5.9587e-05,0.00403114,0.0208462,8,False,False,False,i
2015-09-21,1957,127.422,0.00565262,-0.0045166,0.00308803,0.00726331,0,-0.205868,-0.102934,3.67356e-05,3.16822e-05,5.05339e-06,-0.0101692,7,False,False,False,i
2015-09-22,1931,128,-0.0132856,0.00453709,-0.000907458,0.00298579,0,0.0604972,0.0302486,0.00183457,3.98592e-05,0.00179471,0.0178227,6,False,False,False,i
2015-09-23,1927.75,127.875,-0.00168307,-0.000976562,-0.000768811,0.00281642,0,0.0512541,0.025627,-2.13707e-05,1.38428e-06,-2.2755e-05,0.000706503,5,False,False,False,i
2015-09-24,1921.5,128.078,-0.00324212,0.00158847,-0.00130647,0.00165831,-1,0.0870977,-0.456451,-0.000123794,0.000144623,-0.000268416,0.00483059,4,False,False,False,i
2015-09-25,1920.75,127.844,-0.00039032,-0.00182994,-0.000915666,0.00200367,-1,0.0610444,-0.469478,-0.000657115,3.90872e-06,-0.000661024,-0.00143962,3,False,False,False,i
2015-09-28,1871.5,128.406,-0.025641,0.0043999,-0.00799988,-0.00529386,1,0.533325,0.766663,0.0141035,0.000375653,0.0137279,0.0300409,2,False,False,False,i
2015-09-29,1872.75,128.766,0.000667913,0.00279873,-0.00823244,-0.00580667,1,0.548829,0.774415,-0.00163362,2.35495e-06,-0.00163598,-0.00213082,1,False,False,False,i
2015-09-30,1909,128.766,0.0193566,0,0.00264275,-0.00119234,1,-0.176183,0.411908,0.01499,0.000109097,0.0148809,0.0193566,0,True,False,False,i
2015-10-01,1913.5,128.797,0.00235726,0.000242689,0.00297174,-0.000685109,1,-0.198116,0.400942,0.000871008,3.29664e-06,0.000867711,0.00211457,21,False,True,False,i
2015-10-02,1942,129.359,0.0148942,0.00436734,0.00466296,0.00249973,0,-0.310864,-0.155432,0.00422065,0.000166056,0.00405459,0.0105268,20,False,False,False,i
2015-10-05,1977.75,128.844,0.0184089,-0.00398599,0.00957906,0.00781265,0,-0.638604,-0.319302,-0.00348087,4.84816e-05,-0.00352936,-0.0223948,19,False,False,False,i
2015-10-06,1970.75,129.062,-0.00353938,0.00169779,0.00653286,0.00656238,0,-0.435524,-0.217762,0.00167224,3.00921e-05,0.00164215,0.00523717,18,False,False,False,i
2015-10-07,1987.25,128.719,0.00837245,-0.00266344,0.00631278,0.00918546,0,-0.420852,-0.210426,-0.0024032,2.16542e-06,-0.00240536,-0.0110359,17,False,False,False,i
2015-10-08,2005.25,128.531,0.00905774,-0.00145666,0.00865557,0.0116764,0,-0.577038,-0.288519,-0.0022125,2.29526e-05,-0.00223546,-0.0105144,16,False,False,False,i
2015-10-09,2006.75,128.453,0.000748036,-0.000607829,0.00823898,0.0119984,0,-0.549265,-0.274633,-0.000391193,4.07999e-06,-0.000395273,-0.00135587,15,False,False,False,i
2015-10-12,2008.75,128.781,0.000996636,0.00255443,0.00629796,0.0116291,0,-0.419864,-0.209932,0.000427822,1.90006e-05,0.000408821,0.0015578,14,False,False,False,i
2015-10-13,1995.25,128.953,-0.0067206,0.00133463,0.00438308,0.00970872,0,-0.292205,-0.146103,0.00169105,1.88049e-05,0.00167224,0.00805522,13,False,False,False,i
2015-10-14,1985.75,129.547,-0.00476131,0.00460439,0.00221654,0.00747756,0,-0.147769,-0.0738846,0.00136835,2.13249e-05,0.00134703,0.00936569,12,False,False,False,i
2015-10-15,2016.75,129.141,0.0156112,-0.00313593,0.00710657,0.0119112,0,-0.473771,-0.236886,-0.00138513,4.77783e-05,-0.0014329,-0.0187472,11,False,False,False,i
2015-10-16,2024.5,129,0.00384282,-0.00108893,0.00811577,0.0130801,0,-0.541051,-0.270526,-0.00116826,9.84256e-06,-0.0011781,-0.00493175,10,False,False,False,i
2015-10-19,2026.5,128.953,0.000987898,-0.000363372,0.00795844,0.0134005,0,-0.530562,-0.265281,-0.000365553,1.53376e-06,-0.000367087,-0.00135127,9,False,False,False,i
2015-10-20,2024.25,128.547,-0.00111029,-0.00315037,0.00776656,0.0138852,0,-0.517771,-0.258885,-0.000541195,1.8714e-06,-0.000543066,-0.00204008,8,False,False,False,i
2015-10-21,2011.5,128.891,-0.00629863,0.00267412,0.00485197,0.0117524,0,-0.323464,-0.161732,0.00232291,2.85124e-05,0.0022944,0.00897275,7,False,False,False,i
2015-10-22,2045.75,128.969,0.0170271,0.000606134,0.00866574,0.0156114,0,-0.577716,-0.288858,-0.0026558,3.70125e-05,-0.00269281,-0.016421,6,False,False,False,i
2015-10-23,2069,128.359,0.011365,-0.00472498,0.0122305,0.0193992,0,-0.815368,-0.407684,-0.00464773,3.44132e-05,-0.00468214,-0.01609,5,False,False,False,i
2015-10-26,2063.5,128.609,-0.00265829,0.00194766,0.00708387,0.0183124,-1,-0.472258,-0.736129,0.00187777,9.52396e-05,0.00178253,0.00460595,4,False,False,False,i
2015-10-27,2059.5,128.906,-0.00193845,0.00230835,0.00205289,0.0173099,-1,-0.136859,-0.56843,0.00312619,4.86721e-05,0.00307752,0.0042468,3,False,False,False,i
2015-10-28,2083.25,128.188,0.0115319,-0.00557576,0.00617085,0.0213313,-1,-0.41139,-0.705695,-0.00972451,3.96263e-05,-0.00976414,-0.0171077,2,False,False,False,i
2015-10-29,2082.25,127.578,-0.000480019,-0.00475378,0.00684253,0.0223389,-1,-0.456169,-0.728084,-0.00301597,6.46496e-06,-0.00302243,-0.00427376,1,False,False,False,i
2015-10-30,2072.25,127.719,-0.0048025,0.00110227,0.00371028,0.0209475,-1,-0.247352,-0.623676,0.00429917,3.02156e-05,0.00426895,0.00590476,0,True,False,False,i
2015-11-02,2097.25,127.391,0.0120642,-0.00256912,0.00715585,0.0243695,1,-0.477057,0.261472,-0.00912644,0.000254734,-0.00938117,-0.0146333,19,False,True,False,i
2015-11-03,2103,127.141,0.00274169,-0.00196247,0.00814267,0.00112803,0,-0.542845,-0.271422,0.00123,0.000153166,0.00107684,-0.00470415,18,False,False,False,i
2015-11-04,2096.75,126.922,-0.00297194,-0.00172054,0.0066618,0.000827229,0,-0.44412,-0.22206,0.00033966,1.42075e-05,0.000325453,0.00125141,17,False,False,False,i
2015-11-05,2094.25,126.844,-0.00119232,-0.000615536,0.00636965,0.000688763,0,-0.424643,-0.212322,0.000128081,2.80446e-06,0.000125276,0.000576785,16,False,False,False,i
2015-11-06,2093.25,126.094,-0.000477498,-0.00591279,0.00767552,0.00199594,0,-0.511702,-0.255851,-0.00115403,1.25383e-05,-0.00116657,-0.00543529,15,False,False,False,i
2015-11-09,2073.25,125.938,-0.00955452,-0.00123916,0.00563042,-8.91297e-06,0,-0.375361,-0.187681,0.00212749,1.97239e-05,0.00210777,0.00831536,14,False,False,False,i
2015-11-10,2077.75,126.172,0.00217051,0.00186104,0.00509385,6.5207e-05,0,-0.33959,-0.169795,-5.80802e-05,5.16968e-06,-6.32499e-05,0.000309463,13,False,False,False,i
2015-11-11,2070,126.141,-0.00373,-0.000247678,0.00429797,-0.000772462,0,-0.286531,-0.143266,0.00059128,7.68143e-06,0.000583598,0.00348232,12,False,False,False,i
2015-11-12,2041.5,126.203,-0.0137681,0.000495479,0.000892055,-0.00422572,0,-0.0594703,-0.0297352,0.00204348,3.30865e-05,0.0020104,-0.0142636,11,False,False,False,i
2015-11-13,2018,126.594,-0.0115111,0.00309521,-0.0024973,-0.00776317,0,0.166486,0.0832432,0.000434322,3.31061e-05,0.000401216,-0.0146064,10,False,False,False,i
2015-11-16,2049,126.719,0.0153617,0.000987411,0.00271558,-0.00432454,0,-0.181039,-0.0905193,0.00119657,5.0553e-05,0.00114601,0.0143743,9,False,False,False,i
2015-11-17,2046.75,126.688,-0.0010981,-0.000246609,0.00275606,-0.00452978,0,-0.183737,-0.0918687,7.7076e-05,3.92801e-07,7.66832e-05,-0.000851488,8,False,False,False,i
2015-11-18,2080.5,126.594,0.0164896,-0.00074001,0.00648023,-0.000418561,0,-0.432015,-0.216008,-0.00158286,3.5859e-05,-0.00161872,0.0172296,7,False,False,False,i
2015-11-19,2078.5,126.812,-0.000961307,0.00172797,0.00568089,-0.00106414,0,-0.378726,-0.189363,0.000580904,7.70002e-06,0.000573204,-0.00268928,6,False,False,False,i
2015-11-20,2086.5,126.688,0.00384893,-0.000985707,0.00594853,9.49852e-05,0,-0.396568,-0.198284,-0.000915502,2.57352e-06,-0.000918075,0.00483464,5,False,False,False,i
2015-11-23,2083.75,126.766,-0.001318,0.000616675,0.00544181,-0.000369552,1,-0.362787,0.318606,0.000383615,0.000149202,0.000234413,0.00193467,4,False,False,False,i
2015-11-24,2087,126.906,0.00155969,0.00110933,0.00554041,-0.000261582,1,-0.36936,0.31532,0.000143487,9.48022e-07,0.000142539,0.000450357,3,False,False,False,i
2015-11-25,2086.5,126.953,-0.000239578,0.000369367,0.00539082,-0.00040776,1,-0.359388,0.320306,-0.000192013,1.43844e-06,-0.000193451,-0.000608945,2,False,False,False,i
2015-11-27,2090.5,127.078,0.00191709,0.000984615,0.00561883,-0.000184236,1,-0.374589,0.312706,0.000298676,2.19058e-06,0.000296485,0.000932471,1,False,False,False,i
2015-11-30,2080,126.484,-0.00502272,-0.000123518,0.00443657,-0.00136384,1,-0.295771,0.352114,-0.00153201,1.13849e-05,-0.00154339,-0.0048992,0,True,False,False,i
2015-12-01,2100.75,126.984,0.00997596,0.00395306,0.00591091,7.24347e-05,-1,-0.394061,-0.69703,0.00212075,0.000301697,0.00181905,0.0060229,21,False,True,False,i
2015-12-02,2078,126.656,-0.0108295,-0.00258398,0.00387193,-0.00199393,0,-0.258128,-0.129064,0.00574736,0.000164156,0.0055832,0.00824549,20,False,False,False,i
2015-12-03,2048.75,125.625,-0.014076,-0.00814212,0.00251256,-0.00343729,0,-0.167504,-0.083752,0.000765857,1.31835e-05,0.000752673,-0.00593392,19,False,False,False,i
2015-12-04,2089.25,125.969,0.0197682,0.00273632,0.00670879,0.000609664,0,-0.447253,-0.223626,-0.00142645,4.03256e-05,-0.00146678,0.0170318,18,False,False,False,i
2015-12-07,2075.5,126.297,-0.00658131,0.00260481,0.00428783,-0.00160032,0,-0.285855,-0.142928,0.00205426,2.3337e-05,0.00203092,0.00918612,17,False,False,False,i
2015-12-08,2062.25,126.422,-0.006384,0.000989732,0.00253325,-0.00337844,0,-0.168884,-0.0844418,0.00105391,1.6964e-05,0.00103695,-0.00737374,16,False,False,False,i
2015-12-09,2046.25,126.594,-0.00775852,0.00135954,0.000562921,-0.00558182,0,-0.0375281,-0.018764,0.000769944,1.91198e-05,0.000750825,-0.00911805,15,False,False,False,i
2015-12-10,2051,126.359,0.00232132,-0.00185139,0.00180041,-0.00457647,0,-0.120027,-0.0600135,-7.82969e-05,1.19953e-05,-9.02922e-05,0.00417271,14,False,False,False,i
2015-12-11,2010.75,127.172,-0.0196246,0.00643007,-0.00422778,-0.0109104,0,0.281852,0.140926,0.00156363,5.8982e-05,0.00150465,-0.0260546,13,False,False,False,i
2015-12-14,2014,126.422,0.0058684,-0.00589753,-0.00095185,-0.00806527,0,0.0634567,0.0317283,0.00165813,3.20284e-05,0.0016261,0.0117659,12,False,False,False,i
2015-12-15,2035,126.062,0.010427,-0.00284266,0.00291653,-0.00487599,0,-0.194435,-0.0972176,0.000421025,3.76356e-05,0.000383389,0.0132697,11,False,False,False,i
2015-12-16,2064.75,125.734,0.0146192,-0.00260288,0.00665683,-0.000757806,0,-0.443789,-0.221894,-0.00167428,3.61424e-05,-0.00171043,0.017222,10,False,False,False,i
2015-12-17,2032,126.141,-0.0158615,0.00323102,0.00134396,-0.00538084,0,-0.089597,-0.0447985,0.00423652,5.17252e-05,0.00418479,-0.0190925,9,False,False,False,i
2015-12-18,1994,126.516,-0.0187008,0.00297287,-0.00401537,-0.0106575,0,0.267692,0.133846,0.000970948,5.26466e-05,0.000918301,-0.0216737,8,False,False,False,i
2015-12-21,2012.25,126.594,0.00915246,0.000617513,-0.00101053,-0.00860353,0,0.0673684,0.0336842,0.00114237,2.93901e-05,0.00111298,0.00853494,7,False,False,False,i
2015-12-22,2031,126.234,0.00931793,-0.00283881,0.00218761,-0.00567862,0,-0.145841,-0.0729204,0.00040949,3.11437e-05,0.000378346,0.0121567,6,False,False,False,i
2015-12-23,2057,126.047,0.0128016,-0.00148533,0.00528502,-0.00225796,0,-0.352334,-0.176167,-0.00104181,2.99829e-05,-0.00107179,0.0142869,5,False,False,False,i
2015-12-24,2050.75,126.172,-0.00303841,0.000991695,0.00362672,-0.00322836,1,-0.241782,0.379109,0.000709972,0.000161483,0.000548489,-0.0040301,4,False,False,False,i
2015-12-28,2047.75,126.25,-0.00146288,0.000619195,0.00266096,-0.00372969,1,-0.177397,0.411301,-0.000789334,9.36838e-06,-0.000798702,-0.00208207,3,False,False,False,i
2015-12-29,2070.75,125.641,0.0112318,-0.00482673,0.00650663,0.000117852,-1,-0.433775,-0.716888,0.00660491,0.000326606,0.00627831,0.0160586,2,False,False,False,i
2015-12-30,2055.5,125.625,-0.00736448,-0.000124363,0.00453196,-0.00162741,1,-0.302131,0.348935,0.00519035,0.00030962,0.00488073,0.00724012,1,False,False,False,i
2015-12-31,2034.5,125.891,-0.0102165,0.00211443,0.00157416,-0.00460649,1,-0.104944,0.447528,-0.00430268,2.87799e-05,-0.00433146,-0.0123309,0,True,False,False,i
2016-01-04,2004.75,126.219,-0.0146228,0.00260643,-0.00229013,-0.00878901,-1,0.152675,-0.423662,-0.00771054,0.000256084,-0.00796663,-0.0172292,18,False,True,False,i
2016-01-05,2009.5,126.25,0.00236937,0.000247586,-0.00134557,0.000508456,0,0.0897045,0.0448522,-0.000898921,0.000137564,-0.00103649,0.00212179,17,False,False,False,i
2016-01-06,1983,126.859,-0.0131874,0.00482673,-0.00495725,-0.00383914,0,0.330483,0.165242,-0.000807972,3.55726e-05,-0.000843545,0.0180141,16,False,False,False,i
2016-01-07,1934.75,127.172,-0.0243318,0.00246336,-0.0113336,-0.0103785,0,0.755574,0.377787,-0.00442768,6.35512e-05,-0.00449123,-0.0267952,15,False,False,False,i
2016-01-08,1913.75,127.531,-0.0108541,0.0028259,-0.0116493,-0.0137061,0,0.776623,0.388312,-0.00516813,3.1636e-06,-0.00517129,-0.01368,14,False,False,False,i
2016-01-11,1915.25,127.234,0.000783801,-0.00232786,-0.00536507,-0.0129509,0,0.357671,0.178836,0.00120829,6.29421e-05,0.00114535,0.00311166,13,False,False,False,i
2016-01-12,1930.75,127.688,0.00809294,0.00356134,-0.00401428,-0.0118592,0,0.267619,0.133809,0.000810411,1.34764e-05,0.000796935,0.0045316,12,False,False,False,i
2016-01-13,1882.75,128.062,-0.0248608,0.00293686,-0.0108406,-0.0186842,0,0.722705,0.361353,-0.00371959,6.89452e-05,-0.00378853,-0.0277977,11,False,False,False,i
2016-01-14,1913.25,127.875,0.0161997,-0.00146413,-0.00612685,-0.0144225,0,0.408457,0.204228,0.00638288,4.72358e-05,0.00633564,0.0176638,10,False,False,False,i
2016-01-15,1871.75,128.484,-0.0216908,0.0047654,-0.0099481,-0.0209125,0,0.663207,0.331603,-0.00540311,3.87057e-05,-0.00544182,-0.0264562,9,False,False,False,i
2016-01-19,1874.75,128.312,0.00160278,-0.00133771,-0.00890592,-0.020196,0,0.593728,0.296864,0.000975077,1.05481e-05,0.000964528,0.00294049,8,False,False,False,i
2016-01-20,1851.75,128.812,-0.0122683,0.00389674,-0.00954652,-0.024156,0,0.636435,0.318217,-0.00479882,6.52324e-06,-0.00480534,-0.016165,7,False,False,False,i
2016-01-21,1861,128.641,0.00499527,-0.0013343,-0.00786992,-0.0226136,0,0.524661,0.262331,0.00201418,1.70307e-05,0.00199715,0.00632958,6,False,False,False,i
2016-01-22,1899.25,128.328,0.0205535,-0.00242925,0.00219601,-0.0170657,0,-0.146401,-0.0732005,0.00602907,0.000101232,0.00592784,0.0229827,5,False,False,False,i
2016-01-25,1871,128.609,-0.0148743,0.00219165,-0.00213579,-0.0212472,1,0.142386,0.571193,0.00124923,0.000195852,0.00105338,-0.0170659,4,False,False,False,i
2016-01-26,1896,128.703,0.0133618,0.000728952,0.000880072,-0.0181919,1,-0.0586715,0.470664,0.00721582,3.03556e-05,0.00718546,0.0126329,3,False,False,False,i
2016-01-27,1875.25,128.859,-0.0109441,0.00121403,-0.00216936,-0.0211675,1,0.144624,0.572312,-0.0057224,3.08596e-05,-0.00575326,-0.0121581,2,False,False,False,i
2016-01-28,1885.75,129.031,0.00559925,0.00133382,-0.00104408,-0.0201316,1,0.0696054,0.534803,0.00244116,1.13564e-05,0.0024298,0.00426544,1,False,False,False,i
2016-01-29,1931.25,129.625,0.0241283,0.0046016,0.00353185,-0.015449,1,-0.235456,0.382272,0.0104429,4.56469e-05,0.0103973,0.0195267,0,True,False,False,i
2016-02-01,1930.75,129.312,-0.0002589,-0.0024108,0.0036537,-0.0149258,-1,-0.24358,-0.62179,0.000822611,0.000300516,0.000522095,0.0021519,19,False,True,False,i
2016-02-02,1895.25,130.109,-0.0183866,0.0061624,-0.00325812,-0.00594268,0,0.217208,0.108604,0.0152643,0.000220591,0.0150438,-0.024549,18,False,False,False,i
2016-02-03,1906.25,130.047,0.00580398,-0.000480365,-0.00149462,-0.0044321,0,0.0996416,0.0498208,0.000682505,1.77034e-05,0.000664801,0.00628435,17,False,False,False,i
2016-02-04,1909.75,130.312,0.00183607,0.00204253,-0.00094003,-0.00448174,0,0.0626687,0.0313343,-1.02864e-05,5.56249e-06,-1.58488e-05,-0.000206467,16,False,False,False,i
2016-02-05,1873.25,130.391,-0.0191124,0.00059952,-0.00572609,-0.00928337,0,0.38174,0.19087,-0.000617662,4.84592e-05,-0.000666121,-0.019712,15,False,False,False,i
2016-02-08,1847.5,131.203,-0.0137462,0.00623128,-0.0103852,-0.0141404,0,0.692349,0.346175,-0.00381309,4.74977e-05,-0.00386059,-0.0199774,14,False,False,False,i
2016-02-09,1848,131.266,0.000270636,0.000476361,-0.0082171,-0.0141903,0,0.547807,0.273903,-7.12166e-05,2.21001e-05,-9.33167e-05,-0.000205725,13,False,False,False,i
2016-02-10,1847,131.625,-0.000541126,0.00273777,-0.00597419,-0.0149852,0,0.398279,0.19914,-0.0008981,2.28685e-05,-0.000920969,-0.00327889,12,False,False,False,i
2016-02-11,1824.25,132.047,-0.0123173,0.00320513,-0.00970939,-0.0187759,0,0.647293,0.323646,-0.00309113,3.83191e-05,-0.00312944,-0.0155224,11,False,False,False,i
2016-02-12,1860.75,131.156,0.0200082,-0.00674476,-0.0031547,-0.012321,0,0.210313,0.105157,0.00865851,6.65861e-05,0.00859192,0.026753,10,False,False,False,i
2016-02-16,1891.75,130.875,0.0166599,-0.00214439,0.00134824,-0.00780468,0,-0.089883,-0.0449415,0.0019774,4.53732e-05,0.00193203,0.0188043,9,False,False,False,i
2016-02-17,1923,130.5,0.0165191,-0.00286533,0.00578288,-0.00316332,0,-0.385525,-0.192763,-0.000871165,4.43294e-05,-0.000915494,0.0193844,8,False,False,False,i
2016-02-18,1914.5,131.016,-0.00442018,0.00395115,0.00136691,-0.00517976,0,-0.091127,-0.0455635,0.00161368,4.4238e-05,0.00156944,-0.00837133,7,False,False,False,i
2016-02-19,1914.5,130.875,0,-0.00107335,0.000817218,-0.00492096,0,-0.0544812,-0.0272406,-4.89054e-05,5.50662e-06,-5.4412e-05,0.00107335,6,False,False,False,i
2016-02-22,1941.75,130.766,0.0142335,-0.000835721,0.00452613,-0.00131917,0,-0.301742,-0.150871,-0.000410494,3.69011e-05,-0.000447395,0.0150692,5,False,False,False,i
2016-02-23,1917.75,130.969,-0.01236,0.00155335,0.00103879,-0.00468483,1,-0.0692527,0.465374,0.00209912,0.000185048,0.00191407,-0.0139133,4,False,False,False,i
2016-02-24,1926,131,0.00430192,0.000238607,0.00110881,-0.00370851,1,-0.0739205,0.46304,0.00189096,6.99372e-07,0.00189026,0.00406331,3,False,False,False,i
2016-02-25,1949.5,131.328,0.0122015,0.00250477,0.00337716,-0.00139343,1,-0.225144,0.387428,0.00448995,2.25252e-05,0.00446742,0.00969668,2,False,False,False,i
2016-02-26,1945.25,130.797,-0.00218005,-0.00404521,0.00373607,-0.000943958,1,-0.249071,0.375464,0.000722617,3.56774e-06,0.000719049,0.00186517,1,False,False,False,i
2016-02-29,1928.5,130.938,-0.00861072,0.00107514,0.00110335,-0.00328143,1,-0.073557,0.463222,-0.0036367,2.62806e-05,-0.00366298,-0.00968586,0,True,False,False,i
2016-03-01,1975.5,130.031,0.0243713,-0.00692124,0.00819529,0.0041615,-1,-0.546353,-0.773176,0.0144954,0.000365993,0.0141294,0.0312925,21,False,True,False,i
2016-03-02,1983.75,129.391,0.00417616,-0.0018081,0.00894158,0.00143367,0,-0.596106,-0.298053,-0.00462689,0.000140364,-0.00476725,-0.00598426,20,False,False,False,i
2016-03-03,1991.5,129.453,0.00390674,0.000483033,0.00637018,0.00225229,0,-0.424679,-0.212339,-0.00102045,2.52749e-05,-0.00104572,-0.00342371,19,False,False,False,i
2016-03-04,1997.5,129.141,0.0030128,-0.002414,0.00712182,0.00355114,0,-0.474788,-0.237394,-0.00115233,7.37744e-06,-0.0011597,-0.00542681,18,False,False,False,i
2016-03-07,1999.75,128.922,0.00112641,-0.00169389,0.00713379,0.00422597,0,-0.475586,-0.237793,-0.000669522,1.17381e-07,-0.000669639,-0.0028203,17,False,False,False,i
2016-03-08,1977.25,129.547,-0.0112514,0.0048479,0.00267098,0.000357149,0,-0.178065,-0.0890325,0.0038283,4.40167e-05,0.00378428,0.0160993,16,False,False,False,i
2016-03-09,1988,129.125,0.00543684,-0.00325654,0.00489735,0.00243885,0,-0.32649,-0.163245,-0.000773994,2.19019e-05,-0.000795896,-0.00869339,15,False,False,False,i
2016-03-10,1989.25,128.625,0.000628773,-0.00387222,0.00600593,0.00351812,0,-0.400396,-0.200198,-0.000734763,1.09024e-05,-0.000745666,-0.00450099,14,False,False,False,i
2016-03-11,2021.5,128.297,0.0162121,-0.00255102,0.0104047,0.0079688,0,-0.693647,-0.346823,-0.00375634,4.29305e-05,-0.00379927,-0.0187632,13,False,False,False,i
2016-03-14,2009.5,128.375,-0.00124254,0.000608939,0.00957924,0.00752728,0,-0.638616,-0.319308,0.000642138,8.07903e-06,0.000634059,0.00185148,12,False,False,False,i
2016-03-15,2006.5,128.328,-0.00149291,-0.000365141,0.00411855,0.0072581,0,-0.27457,-0.137285,0.000360105,5.3483e-05,0.000306622,0.00112777,11,False,False,False,i
2016-03-16,2018.5,129,0.00598056,0.0052356,0.0043061,0.00743476,0,-0.287073,-0.143537,-0.000102272,1.83175e-06,-0.000104104,-0.000744961,10,False,False,False,i
2016-03-17,2031.25,129.109,0.00631657,0.000847868,0.00560137,0.0087334,0,-0.373425,-0.186712,-0.000784959,1.26128e-05,-0.000797572,-0.0054687,9,False,False,False,i
2016-03-18,2039.25,129.375,0.00393846,0.00205736,0.00599893,0.00918001,0,-0.399929,-0.199964,-0.000351224,3.86403e-06,-0.000355088,-0.0018811,8,False,False,False,i
2016-03-21,2041.75,129.031,0.00122594,-0.002657,0.00661084,0.0101047,0,-0.440722,-0.220361,-0.00077645,5.94401e-06,-0.000782394,-0.00388295,7,False,False,False,i
2016-03-22,2041.25,128.75,-0.000244888,-0.0021797,0.00695442,0.0105654,0,-0.463628,-0.231814,-0.000426359,3.33788e-06,-0.000429696,-0.00193482,6,False,False,False,i
2016-03-23,2027.75,129.281,-0.00661359,0.00412621,0.00389829,0.00800555,0,-0.259886,-0.129943,0.00248964,2.97833e-05,0.00245985,0.0107398,5,False,False,False,i
2016-03-24,2026.75,129.188,-0.000493157,-0.000725163,0.00378159,0.00806088,-1,-0.252106,-0.626053,-3.01475e-05,0.000145078,-0.000175226,-0.000232006,4,False,False,False,i
2016-03-28,2027.75,129.281,0.000493401,0.000725689,0.00390045,0.00800555,-1,-0.26003,-0.630015,0.000145425,1.15834e-06,0.000144267,0.000232289,3,False,False,False,i
2016-03-29,2047,130.062,0.00949328,0.00604303,0.00472114,0.00882123,-1,-0.314743,-0.657371,-0.00217371,7.96245e-06,-0.00218167,-0.00345025,2,False,False,False,i
2016-03-30,2056.25,130.062,0.00451881,0,0.00576663,0.00989447,-1,-0.384442,-0.692221,-0.00297054,1.0122e-05,-0.00298066,-0.00451881,1,False,False,False,i
2016-03-31,2051,130.438,-0.00255319,0.00288323,0.00442635,0.00860046,-1,-0.29509,-0.647545,0.0037632,1.29917e-05,0.00375021,0.00543642,0,True,False,False,i
2016-04-01,2064.5,130.391,0.00658216,-0.000359368,0.00610871,0.0102476,1,-0.407247,0.296376,-0.00449495,0.000273648,-0.0047686,-0.00694152,20,False,True,False,i
2016-04-04,2058,130.531,-0.00314846,0.00107849,0.00503432,-0.00101595,0,-0.335622,-0.167811,-0.00125277,0.000134769,-0.00138754,0.00422695,19,False,False,False,i
2016-04-05,2037.5,130.891,-0.00996113,0.00275317,0.00194987,-0.00408487,0,-0.129991,-0.0649955,0.0021336,2.99915e-05,0.0021036,-0.0127143,18,False,False,False,i
2016-04-06,2059.75,130.656,0.0109202,-0.00179062,0.00509491,-0.0010417,0,-0.339661,-0.16983,-0.000826149,3.0425e-05,-0.000856574,0.0127109,17,False,False,False,i
2016-04-07,2034.75,131.234,-0.0121374,0.00442478,0.00100055,-0.00504203,0,-0.0667032,-0.0333516,0.00281276,3.98366e-05,0.00277293,-0.0165622,16,False,False,False,i
2016-04-08,2040.75,131.062,0.00294877,-0.00130968,0.00217389,-0.00401708,0,-0.144926,-0.0724631,-0.000142026,1.14004e-05,-0.000153426,0.00425844,15,False,False,False,i
2016-04-11,2035.25,131.047,-0.00269509,-0.000119218,0.00174539,-0.00463834,0,-0.116359,-0.0581797,0.000186656,4.16869e-06,0.000182487,-0.00257587,14,False,False,False,i
2016-04-12,2055.25,130.578,0.0098268,-0.00357696,0.00496653,-0.00142345,0,-0.331102,-0.165551,-0.000779827,3.11931e-05,-0.00081102,0.0134038,13,False,False,False,i
2016-04-13,2076,130.594,0.0100961,0.00011966,0.00721289,0.000959205,0,-0.480859,-0.24043,-0.00165161,2.16514e-05,-0.00167326,0.00997644,12,False,False,False,i
2016-04-14,2076,130.266,0,-0.00251256,0.00733986,0.00156234,0,-0.489324,-0.244662,-0.000604094,1.22382e-06,-0.000605318,-0.00251256,11,False,False,False,i
2016-04-15,2073.5,130.625,-0.00120424,0.00275879,0.00622508,0.000612819,0,-0.415005,-0.207503,0.000969602,1.07508e-05,0.000958851,0.00396303,10,False,False,False,i
2016-04-18,2088.5,130.516,0.00723415,-0.000837321,0.00805165,0.00254124,0,-0.536777,-0.268388,-0.00167485,1.75562e-05,-0.00169241,-0.00807147,9,False,False,False,i
2016-04-19,2094.75,130.281,0.00299258,-0.00179576,0.00911723,0.00368673,0,-0.607815,-0.303908,-0.00128513,1.02277e-05,-0.00129536,-0.00478834,8,False,False,False,i
2016-04-20,2096.5,129.828,0.000835422,-0.00347805,0.00832344,0.00471963,0,-0.554896,-0.277448,-0.0013109,7.61605e-06,-0.00131851,-0.00431347,7,False,False,False,i
2016-04-21,2085.5,129.609,-0.00524684,-0.00168492,0.00607159,0.00386493,0,-0.404773,-0.202386,0.000988247,2.16583e-05,0.000966589,0.00356192,6,False,False,False,i
2016-04-22,2086,129.484,0.000239751,-0.000964436,0.00576543,0.00415305,0,-0.384362,-0.192181,-0.000243711,2.94429e-06,-0.000246655,-0.00120419,5,False,False,False,i
2016-04-25,2082,129.359,-0.00191755,-0.000965367,0.0055266,0.00392499,-1,-0.36844,-0.68422,0.000182991,0.000142084,4.09067e-05,0.000952178,4,False,False,False,i
2016-04-26,2085.75,129.109,0.00180115,-0.0019326,0.00642682,0.00481781,-1,-0.428455,-0.714227,-0.00255471,8.65786e-06,-0.00256337,-0.00373375,3,False,False,False,i
2016-04-27,2089.5,129.75,0.00179791,0.00496188,0.0056396,0.00406388,-1,-0.375974,-0.687987,0.00225979,7.56474e-06,0.00225223,0.00316396,2,False,False,False,i
2016-04-28,2070.5,130.062,-0.00909308,0.00240848,0.00290961,0.0013005,-1,-0.193974,-0.596987,0.00791292,2.63456e-05,0.00788658,0.0115016,1,False,False,False,i
2016-04-29,2058.75,130,-0.00567496,-0.000480538,0.00176846,5.06962e-05,-1,-0.117897,-0.558949,0.003101,1.10419e-05,0.00308996,0.00519442,0,True,False,False,i
2016-05-02,2075.25,129.688,0.00801457,-0.00240385,0.00462997,0.00254143,1,-0.308665,0.345668,-0.00582336,0.000261618,-0.00608498,-0.0104184,20,False,True,False,i
2016-05-03,2057,130.312,-0.00879412,0.00481928,0.00132012,-0.00327819,0,-0.0880081,-0.044004,-0.00470571,0.000113161,-0.00481887,0.0136134,19,False,False,False,i
2016-05-04,2044.75,130.531,-0.00595527,0.00167866,-0.00032867,-0.00512056,0,0.0219113,0.0109557,0.000335924,1.60051e-05,0.000319919,-0.00763393,18,False,False,False,i
2016-05-05,2044.75,130.797,0,0.00203495,-0.000300681,-0.00561058,0,0.0200454,0.0100227,-2.22943e-05,2.71694e-07,-2.2566e-05,-0.00203495,17,False,False,False,i
2016-05-06,2052,130.547,0.00354567,-0.00191136,0.00167537,-0.00429669,0,-0.111692,-0.0558458,5.46942e-05,1.91501e-05,3.55441e-05,0.00545703,16,False,False,False,i
2016-05-09,2053.75,130.844,0.000852827,0.00227409,0.00132403,-0.0046385,0,-0.0882689,-0.0441344,7.93715e-05,3.40351e-06,7.5968e-05,-0.00142126,15,False,False,False,i
2016-05-10,2079.5,130.828,0.012538,-0.000119417,0.00431151,-0.00161169,0,-0.287434,-0.143717,-0.00055863,2.8772e-05,-0.000587402,0.0126575,14,False,False,False,i
2016-05-11,2060.5,130.922,-0.00913681,0.000716589,0.00182702,-0.00399198,0,-0.121801,-0.0609006,0.0014161,2.40307e-05,0.00139207,-0.0098534,13,False,False,False,i
2016-05-12,2060.5,130.609,0,-0.00238692,0.00241123,-0.0034167,0,-0.160748,-0.0803742,-0.000145365,5.65064e-06,-0.000151015,0.00238692,12,False,False,False,i
2016-05-13,2042.25,130.953,-0.00885707,0.00263189,-0.000374174,-0.00619349,0,0.0249449,0.0124725,0.000923417,2.70539e-05,0.000896363,-0.011489,11,False,False,False,i
2016-05-16,2062.75,130.531,0.0100379,-0.00322157,0.00289999,-0.0030101,0,-0.193333,-0.0966665,0.000165379,3.16525e-05,0.000133726,0.0132595,10,False,False,False,i
2016-05-17,2043.75,130.422,-0.009211,-0.000837922,0.000686298,-0.00503643,0,-0.0457532,-0.0228766,0.000809396,2.14937e-05,0.000787903,-0.00837308,9,False,False,False,i
2016-05-18,2044,129.516,0.000122324,-0.0069486,0.00246439,-0.00332778,0,-0.164292,-0.0821462,-0.000161759,1.72632e-05,-0.000179022,0.00707093,8,False,False,False,i
2016-05-19,2036.5,129.656,-0.00366928,0.00108578,0.00128253,-0.00447411,0,-0.0855022,-0.0427511,0.00039061,1.14943e-05,0.000379115,-0.00475505,7,False,False,False,i
2016-05-20,2049,129.734,0.00613798,0.000602555,0.00264819,-0.00314595,0,-0.176546,-0.0882729,-0.000236646,1.32437e-05,-0.000249889,0.00553543,6,False,False,False,i
2016-05-23,2046,129.797,-0.00146413,0.000481754,0.00212405,-0.00361448,0,-0.141604,-0.0708018,0.000171769,5.08638e-06,0.000166682,-0.00194588,5,False,False,False,i
2016-05-24,2073,129.531,0.0131965,-0.00204647,0.00576748,2.89798e-05,-1,-0.384498,-0.692249,-0.00107923,0.000179815,-0.00125904,0.0152429,4,False,False,False,i
2016-05-25,2086.75,129.438,0.0066329,-0.000723764,0.00737812,0.00178804,-1,-0.491874,-0.745937,-0.00509264,1.54868e-05,-0.00510813,-0.00735666,3,False,False,False,i
2016-05-26,2087.75,129.812,0.000479214,0.00289715,0.00557929,0.00120945,-1,-0.371952,-0.685976,0.00180363,1.72925e-05,0.00178634,0.00241794,2,False,False,False,i
2016-05-27,2096.75,129.531,0.00431086,-0.00216659,0.00688502,0.00275978,-1,-0.459002,-0.729501,-0.00444337,1.25272e-05,-0.0044559,-0.00647745,1,False,False,False,i
2016-05-31,2093.25,129.672,-0.00166925,0.00108565,0.00616777,0.00209977,-1,-0.411185,-0.705592,0.0020097,6.88667e-06,0.00200281,0.0027549,0,True,False,False,i
2016-06-01,2097,129.641,0.00179147,-0.000240993,0.00616172,0.00258622,1,-0.410781,0.294609,-0.00143409,0.000287861,-0.00172195,-0.00203247,21,False,True,False,i
2016-06-02,2103.25,129.906,0.00298045,0.00277409,0.00619209,4.93823e-05,0,-0.412806,-0.206403,6.07944e-05,0.000143994,-8.31999e-05,-0.000206356,20,False,False,False,i
2016-06-03,2097.25,131.031,-0.00285273,0.00866009,0.00344685,-0.00270875,0,-0.22979,-0.114895,0.00237628,2.63348e-05,0.00234995,0.0115128,19,False,False,False,i
2016-06-06,2108,130.781,0.00512576,-0.00190794,0.00523176,-0.00102077,0,-0.348784,-0.174392,-0.000808138,1.7082e-05,-0.00082522,0.0070337,18,False,False,False,i
2016-06-07,2111.25,130.938,0.00154175,0.00119474,0.00525826,-0.000937538,0,-0.35055,-0.175275,-6.05145e-05,2.53386e-07,-6.07679e-05,0.000347003,17,False,False,False,i
2016-06-08,2118,130.953,0.00319716,0.000119332,0.00598885,-0.000199734,0,-0.399257,-0.199628,-0.000539467,6.97666e-06,-0.000546443,0.00307783,16,False,False,False,i
2016-06-09,2114.5,131.109,-0.0016525,0.00119318,0.00528077,-0.000883161,0,-0.352051,-0.176026,0.000568078,6.76684e-06,0.000561311,-0.00284568,15,False,False,False,i
2016-06-10,2095.25,131.469,-0.00910381,0.00274103,0.00246504,-0.00374045,0,-0.164336,-0.0821682,0.00208499,2.7023e-05,0.00205797,-0.0118448,14,False,False,False,i
2016-06-13,2070,131.797,-0.00767018,0.00249584,0.000131818,-0.00619652,0,-0.00878788,-0.00439394,0.000835323,2.25191e-05,0.000812804,-0.010166,13,False,False,False,i
2016-06-14,2066.5,131.719,-0.00169082,-0.000592768,0.000368642,-0.0064617,0,-0.0245761,-0.0122881,4.82478e-06,2.28751e-06,2.53727e-06,-0.00109805,12,False,False,False,i
2016-06-15,2063,132.172,-0.00169368,0.00344009,-0.000198805,-0.00769974,0,0.0132537,0.00662685,6.30842e-05,5.4854e-06,5.75988e-05,-0.00513378,11,False,False,False,i
2016-06-16,2069.75,132.203,0.00327193,0.000236435,0.000575595,-0.00696821,0,-0.038373,-0.0191865,2.01158e-05,7.47454e-06,1.26412e-05,0.0030355,10,False,False,False,i
2016-06-17,2062,131.938,-0.00374441,-0.00200922,0.000374471,-0.00738827,0,-0.0249647,-0.0124824,3.32923e-05,1.94467e-06,3.13476e-05,-0.00173519,9,False,False,False,i
2016-06-20,2075,131.438,0.00630456,-0.00378967,0.0028066,-0.00495662,0,-0.187107,-0.0935533,-0.000126,2.34473e-05,-0.000149447,0.0100942,8,False,False,False,i
2016-06-21,2080.25,131.203,0.00253012,-0.00178317,0.00374549,-0.00391807,0,-0.249699,-0.12485,-0.000403522,9.04082e-06,-0.000412563,0.00431329,7,False,False,False,i
2016-06-22,2076.5,131.375,-0.00180267,0.00130999,0.00284396,-0.00466791,0,-0.189597,-0.0947986,0.000388614,8.68841e-06,0.000379926,-0.00311266,6,False,False,False,i
2016-06-23,2104.75,130.797,0.0136046,-0.00440057,0.00709703,-0.000357485,0,-0.473135,-0.236568,-0.00170687,4.07319e-05,-0.0017476,0.0180052,5,False,False,False,i
2016-06-24,2027.5,132.422,-0.0367027,0.0124238,-0.00499396,-0.0123557,1,0.332931,0.666465,0.0116218,0.000264029,0.0113577,-0.0491265,4,False,False,False,i
2016-06-27,1991,133.297,-0.0180025,0.00660767,-0.00900034,-0.0183664,1,0.600023,0.800011,-0.0164018,3.93843e-05,-0.0164412,-0.0246101,3,False,False,False,i
2016-06-28,2026.75,133.328,0.0179558,0.000234439,-0.00323126,-0.0140992,1,0.215417,0.607709,0.0141773,5.62354e-05,0.0141211,0.0177214,2,False,False,False,i
2016-06-29,2062,132.781,0.0173924,-0.00410172,0.00349495,-0.00892818,1,-0.232996,0.383502,0.0130622,6.50356e-05,0.0129971,0.0214941,1,False,False,False,i
2016-06-30,2091,132.969,0.014064,0.0014121,0.0062988,-0.00589708,1,-0.41992,0.29004,0.00485203,2.69344e-05,0.0048251,0.0126519,0,True,False,False,i
2016-07-01,2093.75,133.25,0.00131516,0.00211516,0.0044326,-0.00608968,-1,-0.295507,-0.647753,-0.000232032,0.000270094,-0.000502126,-0.000799998,19,False,True,False,i
2016-07-05,2079.75,133.828,-0.00668657,0.00433865,1.56851e-05,-0.00265209,0,-0.00104567,-0.000522837,0.00714162,0.000186992,0.00695463,-0.0110252,18,False,False,False,i
2016-07-06,2093,133.766,0.00637096,-0.000467017,0.00175253,-0.00101332,0,-0.116835,-0.0584176,-3.57515e-06,1.66771e-05,-2.02522e-05,0.00683797,17,False,False,False,i
2016-07-07,2090.75,133.656,-0.00107501,-0.000817661,0.00172062,-0.0010752,0,-0.114708,-0.0573539,1.50338e-05,3.06561e-07,1.47272e-05,-0.00025735,16,False,False,False,i
2016-07-08,2122.25,133.797,0.0150664,0.00105214,0.00504965,0.00225971,0,-0.336643,-0.168322,-0.000803771,3.17606e-05,-0.000835531,0.0140142,15,False,False,False,i
2016-07-11,2130,133.172,0.00365178,-0.00467126,0.00690971,0.00425276,0,-0.460647,-0.230324,-0.00140095,1.77161e-05,-0.00141866,-0.00832304,14,False,False,False,i
2016-07-12,2145.5,132.469,0.007277,-0.00527983,0.00895205,0.00724857,0,-0.596803,-0.298402,-0.00289213,1.93876e-05,-0.00291152,-0.0125568,13,False,False,False,i
2016-07-13,2145.25,132.766,-0.000116523,0.00224109,0.00773226,0.00668674,0,-0.515484,-0.257742,0.000703517,1.15799e-05,0.000691937,0.00235762,12,False,False,False,i
2016-07-14,2157,132.344,0.00547722,-0.00317759,0.00710092,0.00874766,0,-0.473395,-0.236697,-0.00223071,5.97849e-06,-0.00223668,-0.00865481,11,False,False,False,i
2016-07-15,2154.25,131.906,-0.00127492,-0.00330579,0.00750658,0.00923236,0,-0.500439,-0.250219,-0.000480701,3.84366e-06,-0.000484544,-0.00203087,10,False,False,False,i
2016-07-18,2160.25,131.969,0.00278519,0.000473821,0.00663756,0.0097816,0,-0.442504,-0.221252,-0.00057835,8.22361e-06,-0.000586573,-0.00231137,9,False,False,False,i
2016-07-19,2157.75,132.266,-0.00115727,0.00224959,0.00580354,0.00897108,0,-0.386903,-0.193451,0.000753775,7.8966e-06,0.000745878,0.00340686,8,False,False,False,i
2016-07-20,2166.75,131.969,0.00417101,-0.00224454,0.00736428,0.0104962,0,-0.490952,-0.245476,-0.0012411,1.47492e-05,-0.00125585,-0.00641555,7,False,False,False,i
2016-07-21,2158.5,132.297,-0.00380755,0.00248638,0.00580236,0.00899758,0,-0.386824,-0.193412,0.00154501,1.47862e-05,0.00153022,0.00629393,6,False,False,False,i
2016-07-22,2168.25,132.125,0.00451703,-0.00129916,0.00684195,0.0103794,0,-0.45613,-0.228065,-0.00112492,9.82127e-06,-0.00113474,-0.00581619,5,False,False,False,i
2016-07-25,2163,132.016,-0.00242131,-0.000827815,0.00640756,0.00999979,-1,-0.42717,-0.713585,0.00036342,0.000137756,0.000225664,0.00159349,4,False,False,False,i
2016-07-26,2163.75,132.109,0.000346741,0.000710143,0.00629676,0.00991337,-1,-0.419784,-0.709892,0.000259319,1.04773e-06,0.000258271,0.000363403,3,False,False,False,i
2016-07-27,2161.5,132.562,-0.00103986,0.00342992,0.0052341,0.00885067,-1,-0.34894,-0.67447,0.00317306,1.00534e-05,0.00316301,0.00446978,2,False,False,False,i
2016-07-28,2164,132.609,0.0011566,0.000353607,0.00546699,0.00904175,-1,-0.364466,-0.682233,-0.000541598,2.20211e-06,-0.0005438,-0.000802997,1,False,False,False,i
2016-07-29,2167.25,133.078,0.00150185,0.00353482,0.00501233,0.00855879,-1,-0.334155,-0.667078,0.00138696,4.29619e-06,0.00138266,0.00203297,0,True,False,False,i
2016-08-01,2164.75,132.734,-0.00115354,-0.00258307,0.0053732,0.00889991,1,-0.358213,0.320893,-0.00095361,0.000280213,-0.00123382,-0.00142953,22,False,True,False,i
2016-08-02,2151.5,132.5,-0.0061208,-0.00176574,0.00431512,-0.00104981,0,-0.287674,-0.143837,-0.00139751,0.000132179,-0.00152969,0.00435505,21,False,False,False,i
2016-08-03,2157.75,132.609,0.00290495,0.000825472,0.00485161,-0.000551333,0,-0.323441,-0.16172,-0.000299106,5.07961e-06,-0.000304186,0.00207948,20,False,False,False,i
2016-08-04,2160,132.922,0.00104275,0.00235655,0.0045457,-0.000866294,0,-0.303046,-0.151523,0.000212467,2.89507e-06,0.000209572,-0.00131379,19,False,False,False,i
2016-08-05,2177.75,132.109,0.00821759,-0.00611261,0.00797448,0.00256694,0,-0.531632,-0.265816,-0.00217136,3.2328e-05,-0.00220369,0.0143302,18,False,False,False,i
2016-08-08,2176.25,131.984,-0.000688784,-0.000946186,0.00790392,0.00262863,0,-0.526928,-0.263464,-6.84214e-05,6.6543e-07,-6.90868e-05,-0.000257401,17,False,False,False,i
2016-08-09,2177.5,132.375,0.000574383,0.00295963,0.00600422,0.00205831,0,-0.400282,-0.200141,0.000628427,1.79121e-05,0.000610515,0.00238525,16,False,False,False,i
2016-08-10,2172,132.703,-0.00252583,0.00247875,0.00483087,0.000858647,0,-0.322058,-0.161029,0.00100162,1.10762e-05,0.000990545,0.00500459,15,False,False,False,i
2016-08-11,2182.25,132.094,0.00471915,-0.00459202,0.00709977,0.00308949,0,-0.473318,-0.236659,-0.00149937,2.1372e-05,-0.00152074,-0.00931117,14,False,False,False,i
2016-08-12,2180,132.547,-0.00103105,0.00343033,0.00593283,0.00202234,0,-0.395522,-0.197761,0.00105582,1.09972e-05,0.00104483,0.00446137,13,False,False,False,i
2016-08-15,2187,132.203,0.00321101,-0.00259342,0.00719531,0.00341178,0,-0.479688,-0.239844,-0.00114789,1.18804e-05,-0.00115977,-0.00580443,12,False,False,False,i
2016-08-16,2175.25,132,-0.00537266,-0.00153646,0.00621095,0.00249021,0,-0.414063,-0.207032,0.000920088,9.28582e-06,0.000910802,0.0038362,11,False,False,False,i
2016-08-17,2179.25,132.172,0.00183887,0.00130208,0.00535243,0.00261856,0,-0.356829,-0.178414,-0.000111132,8.09196e-06,-0.000119224,-0.000536786,10,False,False,False,i
2016-08-18,2184.25,132.391,0.00229437,0.00165504,0.00549989,0.00277135,0,-0.366659,-0.18333,-0.000114065,1.3884e-06,-0.000115453,-0.000639325,9,False,False,False,i
2016-08-19,2181.25,131.938,-0.00137347,-0.00342264,0.00598449,0.00326307,0,-0.398966,-0.199483,-0.000375673,4.56567e-06,-0.000380239,-0.00204917,8,False,False,False,i
2016-08-22,2180.5,132.25,-0.00034384,0.00236855,0.00531845,0.00261437,0,-0.354563,-0.177282,0.000541075,6.27607e-06,0.000534798,0.00271239,7,False,False,False,i
2016-08-23,2185,132.25,0.00206375,0,0.00583582,0.00310796,0,-0.389055,-0.194527,-0.000365865,4.87062e-06,-0.000370735,-0.00206375,6,False,False,False,i
2016-08-24,2174.25,132.234,-0.00491991,-0.000118147,0.0046668,0.0019551,0,-0.31112,-0.15556,0.000934074,1.10301e-05,0.000923044,0.00480176,5,False,False,False,i
2016-08-25,2171.75,132.031,-0.00114982,-0.0015361,0.0048037,0.00204777,-1,-0.320247,-0.660123,-6.00892e-05,0.000142896,-0.000202985,-0.000386277,4,False,False,False,i
2016-08-26,2168,131.484,-0.00172672,-0.00414201,0.00543148,0.002628,-1,-0.362099,-0.681049,-0.00159439,5.93112e-06,-0.00160032,-0.00241529,3,False,False,False,i
2016-08-29,2179.25,131.938,0.00518911,0.00344623,0.00582356,0.0030435,-1,-0.388238,-0.694119,-0.00118699,3.69553e-06,-0.00119069,-0.00174289,2,False,False,False,i
2016-08-30,2175,131.891,-0.00195021,-0.000355282,0.00542622,0.0026612,-1,-0.361748,-0.680874,0.00110707,3.74848e-06,0.00110332,0.00159493,1,False,False,False,i
2016-08-31,2168.75,131.75,-0.00287356,-0.00106622,0.00500834,0.00222748,-1,-0.33389,-0.666945,0.00123057,3.94733e-06,0.00122662,0.00180734,0,True,False,False,i
2016-09-01,2168.75,131.922,0,0.00130455,0.00471352,0.00191513,1,-0.314234,0.342883,0.000870066,0.000286171,0.000583895,0.00130455,20,False,True,False,i
2016-09-02,2178.5,130.719,0.00449568,-0.00202791,0.00628171,0.00156271,0,-0.418781,-0.20939,0.00223683,0.000156187,0.00208064,-0.00652359,19,False,False,False,i
2016-09-06,2185.5,131.344,0.00321322,0.00478126,0.00584877,0.00118832,0,-0.389918,-0.194959,0.000328332,4.07537e-06,0.000324256,0.00156804,18,False,False,False,i
2016-09-07,2185.25,131.359,-0.00011439,0.000118963,0.00576687,0.00113237,0,-0.384458,-0.192229,4.54942e-05,7.70973e-07,4.47233e-05,0.000233353,17,False,False,False,i
2016-09-08,2179.75,130.812,-0.00251687,-0.0041632,0.00616338,0.00152837,0,-0.410892,-0.205446,-0.000316471,3.73691e-06,-0.000320208,-0.00164632,16,False,False,False,i
2016-09-09,2126.75,130.359,-0.0243147,-0.00346393,0.00108961,-0.0035507,0,-0.0726409,-0.0363205,0.00428371,4.8359e-05,0.00423535,0.0208508,15,False,False,False,i
2016-09-12,2151.25,130.5,0.0145013,0.00107875,0.00447354,-0.00034901,0,-0.298236,-0.149118,-0.000487513,3.20837e-05,-0.000519597,0.0134225,14,False,False,False,i
2016-09-13,2119.5,130.109,-0.0147589,-0.0029933,0.00168622,-0.00320224,0,-0.112415,-0.0562075,0.00175446,2.66083e-05,0.00172785,-0.0117656,13,False,False,False,i
2016-09-14,2118.5,130.359,-0.000471809,0.00192146,0.00122276,-0.00377785,0,-0.0815176,-0.0407588,0.00013452,4.42525e-06,0.000130094,-0.00239327,12,False,False,False,i
2016-09-15,2140,130.438,0.0101487,0.000599305,0.00378278,-0.00149329,0,-0.252185,-0.126093,-0.000389221,2.43304e-05,-0.000413552,0.00954939,11,False,False,False,i
2016-09-16,2130.5,130.516,-0.00443925,0.000598946,0.00253104,-0.00270688,0,-0.168736,-0.0843681,0.000635279,1.19208e-05,0.000623358,-0.0050382,10,False,False,False,i
2016-09-19,2131.25,130.375,0.00035203,-0.00107746,0.00283792,-0.00236297,0,-0.189195,-0.0945975,-0.000120603,2.92209e-06,-0.000123525,0.00142949,9,False,False,False,i
2016-09-20,2131.75,130.5,0.000234604,0.000958773,0.00265145,-0.00253701,0,-0.176763,-0.0883817,6.85045e-05,1.77538e-06,6.67292e-05,-0.000724169,8,False,False,False,i
2016-09-21,2155.25,130.688,0.0110238,0.00143678,0.00493714,-0.000247728,0,-0.329143,-0.164571,-0.000847318,2.16527e-05,-0.000868971,0.00958703,7,False,False,False,i
2016-09-22,2168.75,130.891,0.00626377,0.00155428,0.0059698,0.000877855,0,-0.397987,-0.198993,-0.000775047,9.75476e-06,-0.000784802,0.00470949,6,False,False,False,i
2016-09-23,2157.25,131,-0.00530259,0.000835621,0.00418132,-0.000598445,0,-0.278754,-0.139377,0.00122146,1.69354e-05,0.00120453,0.00613822,5,False,False,False,i
2016-09-26,2139,131.375,-0.00845984,0.0028626,0.0015201,-0.00332789,1,-0.10134,0.44933,0.00157809,0.000167888,0.0014102,-0.0113224,4,False,False,False,i
2016-09-27,2152.5,131.484,0.00631136,0.00083254,0.00309428,-0.00201478,1,-0.206285,0.396857,0.0024618,1.49212e-05,0.00244688,0.00547882,3,False,False,False,i
2016-09-28,2163.75,131.422,0.00522648,-0.000475342,0.00451583,-0.000648074,1,-0.301056,0.349472,0.00226281,1.34424e-05,0.00224937,0.00570182,2,False,False,False,i
2016-09-29,2143.75,131.516,-0.00924321,0.000713352,0.00196747,-0.00305156,1,-0.131165,0.434418,-0.00347954,2.42002e-05,-0.00350374,-0.00995656,1,False,False,False,i
2016-09-30,2160.5,131.188,0.00781341,-0.00249495,0.00452015,-0.000580403,1,-0.301343,0.349328,0.00447813,2.4155e-05,0.00445398,0.0103084,0,True,False,False,i
2016-10-03,2153.5,130.969,-0.00323999,-0.00166746,0.00404582,-0.00095898,-1,-0.269721,-0.634861,-0.000549329,0.000279805,-0.000829134,-0.00157253,20,False,True,False,i
2016-10-04,2143.5,130.484,-0.0046436,-0.0036984,0.00383336,-0.00022782,0,-0.255558,-0.127779,0.000600072,0.000144471,0.000455601,-0.000945202,19,False,False,False,i
2016-10-05,2153,130.234,0.004432,-0.00191594,0.00535757,0.0012931,0,-0.357171,-0.178586,-0.000811133,1.44459e-05,-0.000825578,0.00634794,18,False,False,False,i
2016-10-06,2154.5,129.969,0.000696702,-0.00203959,0.00595298,0.00194936,0,-0.396866,-0.198433,-0.000488663,5.64137e-06,-0.000494304,-0.00273629,17,False,False,False,i
2016-10-07,2146.75,130.125,-0.00359712,0.00120221,0.00466436,0.000797461,0,-0.310957,-0.155479,0.000952345,1.22294e-05,0.000940116,0.00479933,16,False,False,False,i
2016-10-10,2157.5,129.781,0.00500757,-0.00264169,0.00651723,0.00262848,0,-0.434482,-0.217241,-0.0011893,1.75441e-05,-0.00120684,-0.00764926,15,False,False,False,i
2016-10-11,2130.75,129.828,-0.0123986,0.000361185,0.00337917,-0.000449631,0,-0.225278,-0.112639,0.00277195,2.98836e-05,0.00274207,0.0127598,14,False,False,False,i
2016-10-12,2133.5,129.859,0.00129063,0.000240703,0.00379354,-0.000197774,0,-0.252903,-0.126451,-0.000118262,3.94377e-06,-0.000122206,0.00104992,13,False,False,False,i
2016-10-13,2126.25,130.125,-0.00339817,0.00204548,0.00256294,-0.00150606,0,-0.170862,-0.0854312,0.000688358,1.17304e-05,0.000676628,-0.00544365,12,False,False,False,i
2016-10-14,2127,129.828,0.000352734,-0.00228146,0.00324442,-0.000872621,0,-0.216295,-0.108147,-0.000225042,6.49499e-06,-0.000231537,0.00263419,11,False,False,False,i
2016-10-17,2120.25,130.125,-0.00317348,0.00228668,0.00192834,-0.0021853,0,-0.128556,-0.0642782,0.000590501,1.25614e-05,0.00057794,-0.00546016,10,False,False,False,i
2016-10-18,2133,130.297,0.00601344,0.00132085,0.00309837,-0.00106169,0,-0.206558,-0.103279,-0.000301631,1.11366e-05,-0.000312768,0.0046926,9,False,False,False,i
2016-10-19,2138.75,130.344,0.00269573,0.000359755,0.00362062,-0.000501543,0,-0.241375,-0.120687,-0.000241257,4.96485e-06,-0.000246222,0.00233598,8,False,False,False,i
2016-10-20,2135,130.25,-0.00175336,-0.000719252,0.00335136,-0.000750165,0,-0.223424,-0.111712,0.000124804,2.56176e-06,0.000122242,-0.00103411,7,False,False,False,i
2016-10-21,2135.5,130.359,0.000234192,0.000839731,0.00321609,-0.000895516,0,-0.214406,-0.107203,6.76461e-05,1.28686e-06,6.63592e-05,-0.000605539,6,False,False,False,i
2016-10-24,2144.5,130.156,0.00421447,-0.00155819,0.00460052,0.000488323,0,-0.306701,-0.153351,-0.000618847,1.31449e-05,-0.000631992,0.00577266,5,False,False,False,i
2016-10-25,2137.75,130.156,-0.00314759,0,0.0037935,-0.00026822,1,-0.2529,0.37355,0.000482684,0.000150303,0.000332382,0.00314759,4,False,False,False,i
2016-10-26,2133.25,129.938,-0.00210502,-0.00168067,0.00369042,-0.000370283,1,-0.246028,0.376986,-0.000158514,9.81101e-07,-0.000159495,-0.000424345,3,False,False,False,i
2016-10-27,2127.75,129.5,-0.00257823,-0.003367,0.00388358,-0.000180368,1,-0.258905,0.370547,0.000297358,1.84066e-06,0.000295518,0.000788778,2,False,False,False,i
2016-10-28,2121.25,129.562,-0.00305487,0.000482625,0.00302878,-0.00103089,1,-0.201919,0.399041,-0.00131081,8.157e-06,-0.00131897,-0.0035375,1,False,False,False,i
2016-10-31,2120.75,129.672,-0.00023571,0.000844187,0.00280306,-0.00129023,1,-0.186871,0.406565,-0.000430923,2.15413e-06,-0.000433077,-0.0010799,0,True,False,False,i
2016-11-01,2105.25,129.703,-0.00730874,0.000240993,0.000997803,-0.0031119,-1,-0.0665202,-0.53326,-0.00306945,0.000269993,-0.00333944,-0.00754973,20,False,True,False,i
2016-11-02,2092,130.047,-0.00629379,0.00265028,-0.000972923,-0.00215242,0,0.0648615,0.0324308,0.00476952,0.000162988,0.00460653,-0.00894407,19,False,False,False,i
2016-11-03,2083.5,130.016,-0.0040631,-0.000240298,-0.00161532,-0.00307385,0,0.107688,0.0538438,-0.000123976,6.18128e-06,-0.000130158,-0.0038228,18,False,False,False,i
2016-11-04,2080.25,130.359,-0.00155988,0.00264391,-0.00170893,-0.00408517,0,0.113929,0.0569643,-0.000226348,9.01421e-07,-0.00022725,-0.00420379,17,False,False,False,i
2016-11-07,2126.5,129.859,0.0222329,-0.00383555,0.00452146,0.00211954,0,-0.301431,-0.150715,0.00148497,5.93862e-05,0.00142558,0.0260685,16,False,False,False,i
2016-11-08,2136.5,129.438,0.00470256,-0.00324871,0.00598293,0.00402151,0,-0.398862,-0.199431,-0.00119838,1.39002e-05,-0.00121228,-0.00795127,15,False,False,False,i
2016-11-09,2159.75,127.938,0.0108823,-0.0115886,0.0102153,0.00938544,0,-0.681019,-0.34051,-0.00448139,4.00557e-05,-0.00452144,-0.0224709,14,False,False,False,i
2016-11-10,2164.25,127.391,0.00208357,-0.00427455,0.0112416,0.0108995,0,-0.749442,-0.374721,-0.002165,9.70416e-06,-0.00217471,-0.00635812,13,False,False,False,i
2016-11-11,2159.75,127.172,-0.00207924,-0.00171716,0.0053888,0.0108133,0,-0.359254,-0.179627,0.00013568,5.53919e-05,8.02881e-05,0.000362083,12,False,False,False,i
2016-11-14,2160.25,126.531,0.000231508,-0.00503747,0.00479545,0.0120681,0,-0.319697,-0.159848,-0.00094645,5.61497e-06,-0.000952065,-0.00526898,11,False,False,False,i
2016-11-15,2177.5,126.469,0.00798519,-0.000493949,0.00676393,0.014072,0,-0.450929,-0.225464,-0.00135538,1.85606e-05,-0.00137394,-0.00847914,10,False,False,False,i
2016-11-16,2174,126.5,-0.00160735,0.000247097,0.00557215,0.0136321,0,-0.371476,-0.185738,0.000418111,1.12454e-05,0.000406866,0.00185444,9,False,False,False,i
2016-11-17,2184.25,126.047,0.00471481,-0.00358202,0.00639166,0.0155962,0,-0.426111,-0.213055,-0.00154104,7.71625e-06,-0.00154875,-0.00829683,8,False,False,False,i
2016-11-18,2179.75,125.516,-0.0020602,-0.0042147,0.0068309,0.0161075,0,-0.455393,-0.227697,-0.000459027,4.13962e-06,-0.000463167,-0.0021545,7,False,False,False,i
2016-11-21,2195.5,125.656,0.0072256,0.00112038,0.00797923,0.0175445,0,-0.531949,-0.265974,-0.00139014,1.07871e-05,-0.00140093,-0.00610522,6,False,False,False,i
2016-11-22,2199.75,125.766,0.00193578,0.00087043,0.00727297,0.0177957,0,-0.484865,-0.242432,-0.000283355,6.62859e-06,-0.000289984,-0.00106535,5,False,False,False,i
2016-11-23,2201.75,125.344,0.000909194,-0.00335445,0.00778516,0.0188032,-1,-0.519011,-0.759505,-0.00103365,0.000145531,-0.00117918,-0.00426365,4,False,False,False,i
2016-11-25,2211.5,125.25,0.0044283,-0.000747943,0.00843516,0.0200212,-1,-0.562344,-0.781172,-0.00393138,6.08602e-06,-0.00393747,-0.00517624,3,False,False,False,i
2016-11-28,2200,125.703,-0.00520009,0.00361776,0.00548274,0.0179399,-1,-0.365516,-0.682758,0.00688826,2.77087e-05,0.00686055,0.00881785,2,False,False,False,i
2016-11-29,2203.75,125.734,0.00170455,0.000248602,0.00492997,0.0182833,-1,-0.328665,-0.664332,-0.000994057,5.18376e-06,-0.000999241,-0.00145594,1,False,False,False,i
2016-11-30,2198,125.078,-0.00260919,-0.00521934,0.00561058,0.0189015,-1,-0.374039,-0.687019,-0.00173401,6.39017e-06,-0.0017404,-0.00261015,0,True,False,False,i
2016-12-01,2189.75,124.734,-0.00375341,-0.00274828,0.00534555,0.0186637,1,-0.35637,0.321815,0.000690544,0.00028464,0.000405903,0.00100513,20,False,True,False,i
2016-12-02,2191,124.469,0.000570841,0.00403327,0.00452942,-0.000829362,0,-0.301961,-0.150981,-0.00111426,0.000133364,-0.00124763,0.00346243,19,False,False,False,i
2016-12-05,2203.5,124.438,0.00570516,-0.000251067,0.00598027,0.000596386,0,-0.398685,-0.199342,-0.000899274,1.36066e-05,-0.000912881,0.00595622,18,False,False,False,i
2016-12-06,2211.25,124.516,0.00351713,0.000627825,0.00661363,0.00128784,0,-0.440909,-0.220454,-0.000575961,5.93047e-06,-0.000581892,-0.00288931,17,False,False,False,i
2016-12-07,2239.75,124.828,0.0128886,0.00250973,0.00904182,0.0037545,0,-0.602788,-0.301394,-0.00228808,2.26059e-05,-0.00231068,-0.0103789,16,False,False,False,i
2016-12-08,2245.5,124.469,0.00256725,-0.00287896,0.00991149,0.00505689,0,-0.660766,-0.330383,-0.00164146,8.08719e-06,-0.00164954,-0.00544621,15,False,False,False,i
2016-12-09,2259.5,123.953,0.00623469,-0.00414261,0.0098675,0.0075314,0,-0.657833,-0.328917,-0.00342848,4.08004e-07,-0.00342889,-0.0103773,14,False,False,False,i
2016-12-12,2257,123.984,-0.00110644,0.000252111,0.00757571,0.00720728,0,-0.505047,-0.252524,0.00044685,2.1263e-05,0.000425587,0.00135855,13,False,False,False,i
2016-12-13,2266.5,124,0.00677401,0.000126024,0.00769257,0.0087863,0,-0.512838,-0.256419,-0.00167878,1.08216e-06,-0.00167986,-0.00664799,12,False,False,False,i
2016-12-14,2248.75,123.047,-0.00783146,-0.00768649,0.00759663,0.0087515,0,-0.506442,-0.253221,3.71721e-05,8.91592e-07,3.62805e-05,0.000144966,11,False,False,False,i
2016-12-15,2257.25,122.672,0.00377988,-0.00304762,0.00775158,0.0103758,0,-0.516772,-0.258386,-0.00172886,1.43756e-06,-0.0017303,-0.0068275,10,False,False,False,i
2016-12-16,2254,122.828,-0.00143981,0.00127372,0.00704159,0.00973026,0,-0.469439,-0.23472,0.000701137,6.5911e-06,0.000694546,0.00271353,9,False,False,False,i
2016-12-19,2258.5,123.312,0.00199645,0.00394352,0.00362891,0.00926821,0,-0.241928,-0.120964,0.000457015,3.16532e-05,0.000425362,0.00194707,8,False,False,False,i
2016-12-20,2267,123.141,0.00376356,-0.00139382,0.00487846,0.0104938,0,-0.325231,-0.162615,-0.000623856,1.15704e-05,-0.000635426,-0.00515738,7,False,False,False,i
2016-12-21,2261,123.328,-0.00264667,0.00152265,0.00383359,0.00950139,0,-0.255573,-0.127786,0.000677995,9.68656e-06,0.000668308,0.00416932,6,False,False,False,i
2016-12-22,2257,123.25,-0.00176913,-0.000633473,0.00360014,0.00923074,0,-0.240009,-0.120005,0.000145121,2.16594e-06,0.000142955,0.00113566,5,False,False,False,i
2016-12-23,2259,123.375,0.000886132,0.0010142,0.00358003,0.00920028,-1,-0.238669,-0.619334,1.53686e-05,0.000138927,-0.000123559,0.000128067,4,False,False,False,i
2016-12-27,2264,123.188,0.00221337,-0.00151976,0.00447364,0.0100884,-1,-0.298242,-0.649121,-0.00231205,8.27941e-06,-0.00232033,-0.00373313,3,False,False,False,i
2016-12-28,2245.25,123.594,-0.0082818,0.00329782,0.00166078,0.00732339,-1,-0.110718,-0.555359,0.00751658,2.61584e-05,0.00749042,0.0115796,2,False,False,False,i
2016-12-29,2245,123.906,-0.000111346,0.00252845,0.00113615,0.00669443,-1,-0.075743,-0.537872,0.00146603,4.87908e-06,0.00146115,0.00263979,1,False,False,False,i
2016-12-30,2236.75,124.125,-0.00367483,0.00176545,9.00887e-05,0.00539429,-1,-0.00600591,-0.503003,0.00292617,9.7444e-06,0.00291643,0.00544028,0,True,False,False,i
2017-01-03,2252.5,124.094,0.00704147,-0.000251762,0.00188309,0.00712937,1,-0.125539,0.43723,-0.00366852,0.000261935,-0.00393045,-0.00729323,19,False,True,False,i
2017-01-04,2264.75,124.234,0.0054384,0.00113322,0.00299052,0.00102942,0,-0.199368,-0.0996839,0.00188236,0.000149216,0.00173314,-0.00430519,18,False,False,False,i
2017-01-05,2263.5,124.891,-0.000551937,0.00528235,0.00155686,-0.000367124,0,-0.103791,-0.0518954,0.000581585,1.32843e-05,0.0005683,0.00583429,17,False,False,False,i
2017-01-06,2271.75,124.375,0.0036448,-0.00412861,0.00348651,0.00149807,0,-0.232434,-0.116217,-0.000403404,1.78513e-05,-0.000421256,0.00777341,16,False,False,False,i
2017-01-09,2264.75,124.812,-0.00308132,0.00351759,0.00183515,-8.43908e-05,0,-0.122343,-0.0611716,0.000766906,1.52978e-05,0.000751608,0.00659891,15,False,False,False,i
2017-01-10,2263.75,124.781,-0.00044155,-0.000250376,0.0018394,-0.000130293,0,-0.122627,-0.0613133,1.16944e-05,3.93803e-08,1.16551e-05,-0.000191174,14,False,False,False,i
2017-01-11,2270.25,124.828,0.00287134,0.000375657,0.00243799,0.000467617,0,-0.162533,-0.0812663,-0.000153019,5.53922e-06,-0.000158558,0.00249568,13,False,False,False,i
2017-01-12,2265,124.938,-0.00231252,0.000876205,0.00165058,-0.000298174,0,-0.110038,-0.0550192,0.000259136,7.29404e-06,0.000251842,0.00318873,12,False,False,False,i
2017-01-13,2269.75,124.672,0.00209713,-0.00212606,0.0026916,0.000715232,0,-0.17944,-0.0897201,-0.000232357,9.63438e-06,-0.000241991,0.00422319,11,False,False,False,i
2017-01-17,2262.25,125.25,-0.00330433,0.00463717,0.000750955,-0.00118984,0,-0.0500636,-0.0250318,0.000712512,1.79866e-05,0.000694526,0.0079415,10,False,False,False,i
2017-01-18,2266.5,124.438,0.00187866,-0.00648703,0.00283328,0.000822876,0,-0.188885,-0.0944426,-0.000209408,1.92835e-05,-0.000228692,0.00836569,9,False,False,False,i
2017-01-19,2258.75,124.094,-0.00341937,-0.00276243,0.00256327,0.00066482,0,-0.170885,-0.0854425,6.20429e-05,2.50422e-06,5.95387e-05,0.000656938,8,False,False,False,i
2017-01-20,2266.25,124.203,0.00332042,0.00088139,0.00315199,0.00124849,0,-0.210133,-0.105066,-0.000208397,5.45217e-06,-0.000213849,-0.00243903,7,False,False,False,i
2017-01-23,2261.5,124.797,-0.00209597,0.00478048,0.00148485,-0.000399063,0,-0.0989902,-0.0494951,0.000722484,1.54539e-05,0.00070703,0.00687645,6,False,False,False,i
2017-01-24,2275.5,124.359,0.00619058,-0.0035057,0.00386662,0.00192345,0,-0.257774,-0.128887,-0.000479918,2.20177e-05,-0.000501936,0.00969628,5,False,False,False,i
2017-01-25,2294.5,123.844,0.00834981,-0.00414625,0.00671392,0.00490758,-1,-0.447594,-0.723797,-0.00161058,0.00016438,-0.00177496,-0.0124961,4,False,False,False,i
2017-01-26,2292.5,124,-0.00087165,0.00126167,0.00588433,0.00439772,-1,-0.392289,-0.696144,0.00154409,7.64369e-06,0.00153645,0.00213332,3,False,False,False,i
2017-01-27,2289.25,124.109,-0.00141767,0.000882056,0.00319764,0.00384757,-1,-0.213176,-0.606588,0.00160094,2.47704e-05,0.00157617,0.00229972,2,False,False,False,i
2017-01-30,2275.25,124.125,-0.00611554,0.000125897,0.00171969,0.00234906,-1,-0.114646,-0.557323,0.00378598,1.36634e-05,0.00377232,0.00624144,1,False,False,False,i
2017-01-31,2275,124.484,-0.000109878,0.00289527,0.00105819,0.00163004,-1,-0.0705461,-0.535273,0.00167484,6.11565e-06,0.00166872,0.00300514,0,True,False,False,i
2017-02-01,2275,124.266,0,-0.00175725,0.00174086,0.00205149,1,-0.116058,0.441971,-0.000940608,0.000271045,-0.00121165,-0.00175725,18,False,True,False,i
2017-02-02,2276.25,124.297,0.000549451,0.000251477,0.001796,7.14828e-05,0,-0.119734,-0.0598668,0.000131696,0.000139154,-7.45843e-06,-0.000297973,17,False,False,False,i
2017-02-03,2292,124.375,0.00691928,0.000628536,0.00329402,0.00157455,0,-0.219601,-0.109801,-0.000376607,1.38039e-05,-0.00039041,-0.00629074,16,False,False,False,i
2017-02-06,2288,124.906,-0.0017452,0.00427136,0.00179722,0.000133427,0,-0.119815,-0.0599074,0.000660622,1.38033e-05,0.000646818,0.00601656,15,False,False,False,i
2017-02-07,2287.75,125.062,-0.000109266,0.00125094,0.00150558,-0.000192844,0,-0.100372,-0.050186,8.14863e-05,2.68962e-06,7.87966e-05,0.0013602,14,False,False,False,i
2017-02-08,2290.5,125.469,0.00120205,0.00324838,0.00102866,-0.000683049,0,-0.0685775,-0.0342888,0.000102697,4.39595e-06,9.83007e-05,-0.00204632,13,False,False,False,i
2017-02-09,2304,124.891,0.00589391,-0.00460772,0.00356122,0.00183453,0,-0.237415,-0.118707,-0.000360088,2.32832e-05,-0.000383371,0.0105016,12,False,False,False,i
2017-02-10,2312.75,124.781,0.00379774,-0.000875766,0.0046004,0.00295227,0,-0.306693,-0.153347,-0.00055478,9.53782e-06,-0.000564318,-0.00467351,11,False,False,False,i
2017-02-13,2325.5,124.609,0.00551292,-0.00137741,0.00596205,0.00459726,0,-0.39747,-0.198735,-0.00105661,1.24675e-05,-0.00106908,-0.00689033,10,False,False,False,i
2017-02-14,2335.5,124.188,0.00430015,-0.00338558,0.00773138,0.00643229,0,-0.515425,-0.257713,-0.00152742,1.61697e-05,-0.00154359,-0.00768573,9,False,False,False,i
2017-02-15,2346.75,123.969,0.00481696,-0.00176145,0.00786708,0.00799888,0,-0.524472,-0.262236,-0.00169534,1.23753e-06,-0.00169658,-0.00657841,8,False,False,False,i
2017-02-16,2345.75,124.406,-0.000426121,0.00352912,0.00525918,0.00705726,0,-0.350612,-0.175306,0.00103721,2.37879e-05,0.00101342,0.00395524,7,False,False,False,i
2017-02-17,2348.25,124.734,0.00106576,0.00263753,0.00460904,0.00668296,0,-0.307269,-0.153635,0.000275541,5.92745e-06,0.000269613,0.00157177,6,False,False,False,i
2017-02-21,2362.5,124.672,0.00606835,-0.000501065,0.00618839,0.00824511,0,-0.412559,-0.20628,-0.00100929,1.43615e-05,-0.00102365,-0.00656941,5,False,False,False,i
2017-02-22,2360.5,124.812,-0.000846561,0.00112796,0.00565658,0.00777458,-1,-0.377105,-0.688553,0.000407304,0.000131611,0.000275692,0.00197452,4,False,False,False,i
2017-02-23,2362,125.094,0.000635459,0.00225338,0.00526115,0.00738938,-1,-0.350744,-0.675372,0.00111402,3.59604e-06,0.00111043,0.00161792,3,False,False,False,i
2017-02-24,2365.25,125.562,0.00137595,0.00374719,0.0047109,0.00682522,-1,-0.31406,-0.65703,0.00160147,5.00107e-06,0.00159647,0.00237124,2,False,False,False,i
2017-02-27,2368.75,125.125,0.00147976,-0.00348432,0.00591977,0.00801015,-1,-0.394651,-0.697326,-0.00326155,1.098e-05,-0.00327253,-0.00496408,1,False,False,False,i
2017-02-28,2362.5,125.062,-0.00263852,-0.0004995,0.00536227,0.00749943,-1,-0.357485,-0.678742,0.00149159,5.06944e-06,0.00148653,0.00213902,0,True,False,False,i
2017-03-01,2394.75,124.312,0.0136508,-0.005997,0.0100479,0.0121567,1,-0.669857,0.165072,-0.0133358,0.000228844,-0.0135646,-0.0196478,22,False,True,False,i
2017-03-02,2380.25,123.516,-0.00605491,-0.00189394,0.00887321,-0.00100304,0,-0.591547,-0.295774,-0.000686859,0.00012531,-0.000812169,0.00416097,21,False,False,False,i
2017-03-03,2381.75,123.656,0.000630186,0.00113852,0.00504445,-0.00112504,0,-0.336296,-0.168148,0.000150352,3.46937e-05,0.000115658,-0.000508334,20,False,False,False,i
2017-03-06,2374.75,123.641,-0.00293902,-0.000126358,0.00437587,-0.00180193,0,-0.291724,-0.145862,0.000472943,6.06595e-06,0.000466877,-0.00281266,19,False,False,False,i
2017-03-07,2367.25,123.422,-0.00315823,-0.00176924,0.00406894,-0.00213665,0,-0.271263,-0.135631,0.000202601,2.78849e-06,0.000199812,-0.00138899,18,False,False,False,i
2017-03-08,2362.5,123.078,-0.00200655,-0.00278516,0.00426843,-0.00194902,0,-0.284562,-0.142281,-0.000105605,1.81394e-06,-0.000107419,0.000778615,17,False,False,False,i
2017-03-09,2364.75,122.812,0.000952381,-0.00215818,0.00504149,-0.00120106,0,-0.336099,-0.16805,-0.000442574,7.02679e-06,-0.0004496,0.00311056,16,False,False,False,i
2017-03-10,2373,123.016,0.00348874,0.00165394,0.00544997,-0.000761483,0,-0.363331,-0.181666,-0.000308337,3.70727e-06,-0.000312044,0.0018348,15,False,False,False,i
2017-03-13,2371,122.75,0.000421941,-0.00215928,0.00604998,-0.000141219,0,-0.403332,-0.201666,-0.000468919,5.44755e-06,-0.000474367,0.00258122,14,False,False,False,i
2017-03-14,2362.5,122.828,-0.00358499,0.000636456,0.00494695,-0.00115641,0,-0.329797,-0.164898,0.000851322,1.00302e-05,0.000841291,-0.00422144,13,False,False,False,i
2017-03-15,2382,123.781,0.00825397,0.00775983,0.00510312,-0.00103865,0,-0.340208,-0.170104,-8.14831e-05,1.41505e-06,-8.28981e-05,0.000494141,12,False,False,False,i
2017-03-16,2377.75,123.5,-0.00178421,-0.00227215,0.00524992,-0.000921211,0,-0.349994,-0.174997,-8.30003e-05,1.33112e-06,-8.43314e-05,0.000487939,11,False,False,False,i
2017-03-17,2373,123.766,-0.00199769,0.00215081,0.004254,-0.00191794,0,-0.2836,-0.1418,0.000725975,9.03869e-06,0.000716936,-0.0041485,10,False,False,False,i
2017-03-20,2370,124.031,-0.00126422,0.00214619,0.00347697,-0.00273765,0,-0.231798,-0.115899,0.000483597,7.056e-06,0.000476541,-0.00341042,9,False,False,False,i
2017-03-21,2340,124.391,-0.0126582,0.00289746,-0.000237644,-0.00650349,0,0.0158429,0.00792146,0.00180289,3.39191e-05,0.00176897,-0.0155557,8,False,False,False,i
2017-03-22,2345.25,124.484,0.00224359,0.000753674,0.000473801,-0.00614463,0,-0.0315867,-0.0157934,1.18023e-05,6.49003e-06,5.31229e-06,0.00148992,7,False,False,False,i
2017-03-23,2342.5,124.391,-0.00117258,-0.000753107,0.00114978,-0.0062459,0,-0.0766523,-0.0383261,6.62494e-06,6.16969e-06,4.55254e-07,-0.000419476,6,False,False,False,i
2017-03-24,2341.75,124.422,-0.000320171,0.000251225,0.00101666,-0.00638374,0,-0.0677772,-0.0338886,2.18994e-05,1.2152e-06,2.06842e-05,-0.000571395,5,False,False,False,i
2017-03-27,2337.75,124.656,-0.00170812,0.00188371,0.000160479,-0.00725044,1,-0.0106986,0.494651,0.000121722,0.000144848,-2.31252e-05,-0.00359184,4,False,False,False,i
2017-03-28,2354.5,124.328,0.00716501,-0.00263224,0.00253676,-0.00489289,1,-0.169117,0.415441,0.00484622,2.164e-05,0.00482458,0.00979725,3,False,False,False,i
2017-03-29,2357.5,124.609,0.00127416,0.00226216,0.0022104,-0.00513056,1,-0.14736,0.42632,-0.000410457,2.97039e-06,-0.000413428,-0.000988003,2,False,False,False,i
2017-03-30,2364.5,124.328,0.00296925,-0.00225705,0.00341776,-0.00387209,1,-0.227851,0.386075,0.00222808,1.09748e-05,0.0022171,0.0052263,1,False,False,False,i
2017-03-31,2358.5,124.547,-0.00253753,0.00175946,0.00234048,-0.00490746,1,-0.156032,0.421984,-0.00165896,9.80327e-06,-0.00166876,-0.00429699,0,True,False,False,i
2017-04-03,2354.75,125.125,-0.00158999,0.00464183,0.000833052,-0.00640767,-1,-0.0555368,-0.527768,-0.00262973,0.000259461,-0.00288919,-0.00623182,18,False,True,False,i
2017-04-04,2356.25,124.969,0.00063701,-0.00124875,0.00134278,0.000452636,0,-0.0895184,-0.0447592,-0.000995245,0.000131916,-0.00112716,0.00188576,17,False,False,False,i
2017-04-05,2348.25,125.203,-0.00339523,0.00187547,0.000100381,-0.000813485,0,-0.00669207,-0.00334604,0.000235912,1.13272e-05,0.000224585,0.00527069,16,False,False,False,i
2017-04-06,2354.5,125.109,0.00266156,-0.000748783,0.000966334,4.49013e-06,0,-0.0644223,-0.0322111,-1.14111e-05,7.88596e-06,-1.92971e-05,0.00341034,15,False,False,False,i
2017-04-07,2352.5,124.734,-0.000849437,-0.00299738,0.00152534,0.000520876,0,-0.101689,-0.0508446,-6.91876e-05,5.09254e-06,-7.42801e-05,-0.00214794,14,False,False,False,i
2017-04-10,2353.75,124.891,0.00053135,0.00125266,0.00133274,0.000347978,0,-0.0888492,-0.0444246,3.66748e-05,1.75418e-06,3.49206e-05,0.000721312,13,False,False,False,i
2017-04-11,2350.25,125.438,-0.00148699,0.00437883,-6.5489e-05,-0.0010582,0,0.00436594,0.00218297,0.000260587,1.27432e-05,0.000247843,0.00586582,12,False,False,False,i
2017-04-12,2341,125.766,-0.00393575,0.00261584,-0.0015857,-0.00263403,0,0.105714,0.0528568,-1.43019e-05,1.38789e-05,-2.81808e-05,-0.0065516,11,False,False,False,i
2017-04-13,2325.5,126.031,-0.0066211,0.00211206,-0.00352844,-0.00474107,0,0.235229,0.117615,-0.000461607,1.7788e-05,-0.000479395,-0.00873317,10,False,False,False,i
2017-04-17,2345.5,125.906,0.0086003,-0.000991818,-0.000577777,-0.00244093,0,0.0385185,0.0192592,0.00112817,2.69157e-05,0.00110126,0.00959212,9,False,False,False,i
2017-04-18,2338.25,126.547,-0.00309103,0.00508811,-0.00171952,-0.00440748,0,0.114635,0.0573175,-0.000157524,1.0429e-05,-0.000167953,-0.00817914,8,False,False,False,i
2017-04-19,2334.5,126.219,-0.00160376,-0.00259291,-0.00141864,-0.00416875,0,0.0945759,0.047288,5.66955e-05,2.75028e-06,5.39452e-05,0.000989149,7,False,False,False,i
2017-04-20,2352.5,125.969,0.00771043,-0.00198069,0.000957991,-0.00184379,0,-0.0638661,-0.031933,0.000458273,2.16512e-05,0.000436622,0.00969112,6,False,False,False,i
2017-04-21,2345.25,126.094,-0.00308183,0.00099231,-0.000109558,-0.00282449,0,0.00730389,0.00365194,0.0001301,9.73853e-06,0.000120361,-0.00407414,5,False,False,False,i
2017-04-24,2370.75,125.828,0.010873,-0.00210657,0.00291368,0.000280322,-1,-0.194245,-0.597123,4.74008e-05,0.000163642,-0.000116241,0.0129796,4,False,False,False,i
2017-04-25,2385,125.328,0.00601076,-0.00397367,0.0051801,0.0026712,-1,-0.34534,-0.67267,-0.00596193,2.05246e-05,-0.00598245,-0.00998443,3,False,False,False,i
2017-04-26,2383.5,125.594,-0.000628931,0.00211944,0.00400975,0.00201338,-1,-0.267317,-0.633658,0.00184874,1.06015e-05,0.00183814,0.00274837,2,False,False,False,i
2017-04-27,2385.25,125.641,0.000734214,0.000373227,0.00360852,0.00209982,-1,-0.240568,-0.620284,-0.000228743,3.63336e-06,-0.000232376,-0.000360987,1,False,False,False,i
2017-04-28,2380.25,125.719,-0.00209622,0.000621813,0.00295426,0.00144798,-1,-0.19695,-0.598475,0.00168595,5.93015e-06,0.00168002,0.00271803,0,True,False,False,i
2017-05-01,2385.5,125.516,0.00220565,-0.00161571,0.00389348,0.00236337,1,-0.259565,0.370217,-0.00228699,0.00026315,-0.00255014,-0.00382136,21,False,True,False,i
2017-05-02,2386.75,125.766,0.000523999,0.00199178,0.0035194,-0.000351877,0,-0.234627,-0.117313,-0.0005434,0.00013241,-0.00067581,0.00146778,20,False,False,False,i
2017-05-03,2383.5,125.453,-0.00136168,-0.00248478,0.00380213,-8.17661e-05,0,-0.253476,-0.126738,-0.000131754,2.56111e-06,-0.000134315,0.0011231,19,False,False,False,i
2017-05-04,2386,125.203,0.00104888,-0.00199278,0.00451944,0.000648403,0,-0.301296,-0.150648,-0.000385492,6.49477e-06,-0.000391987,0.00304165,18,False,False,False,i
2017-05-05,2395.75,125.266,0.00408634,0.000499189,0.00534662,0.00150657,0,-0.356442,-0.178221,-0.000540397,7.47641e-06,-0.000547873,-0.00358715,17,False,False,False,i
2017-05-08,2395,124.984,-0.000313054,-0.00224523,0.00577567,0.00197021,0,-0.385044,-0.192522,-0.000344354,3.87841e-06,-0.000348232,-0.00193217,16,False,False,False,i
2017-05-09,2392.75,124.922,-0.000939457,-0.000500063,0.00522952,0.00186485,0,-0.348635,-0.174317,8.45933e-05,4.93897e-06,7.96543e-05,0.000439395,15,False,False,False,i
2017-05-10,2396.5,124.875,0.00156723,-0.000375235,0.00569727,0.00232994,0,-0.379818,-0.189909,-0.000338606,4.22714e-06,-0.000342833,-0.00194247,14,False,False,False,i
2017-05-11,2391.75,124.984,-0.00198206,0.000875876,0.00499627,0.00164481,0,-0.333085,-0.166542,0.000542747,6.34049e-06,0.000536407,0.00285793,13,False,False,False,i
2017-05-12,2387.75,125.531,-0.00167242,0.00437555,0.00352709,0.00019637,0,-0.23514,-0.11757,0.00100724,1.32982e-05,0.000993944,0.00604796,12,False,False,False,i
2017-05-15,2400.25,125.406,0.00523505,-0.000995768,0.00506948,0.00168743,0,-0.337965,-0.168983,-0.000732556,1.39294e-05,-0.000746486,-0.00623082,11,False,False,False,i
2017-05-16,2398.75,125.547,-0.000624935,0.00112136,0.00460577,0.00126895,0,-0.307051,-0.153526,0.000295093,4.18892e-06,0.000290904,0.00174629,10,False,False,False,i
2017-05-17,2356,126.422,-0.0178218,0.00696951,-0.0013519,-0.00472218,0,0.0901266,0.0450633,0.0038061,5.42395e-05,0.00375186,0.0247913,9,False,False,False,i
2017-05-18,2364.75,126.297,0.00371392,-0.000988753,6.28985e-06,-0.00359125,0,-0.000419323,-0.000209662,0.000211918,1.23453e-05,0.000199573,0.00470267,8,False,False,False,i
2017-05-19,2380,126.281,0.00644888,-0.000123716,0.0021876,-0.00201518,0,-0.14584,-0.0729202,-1.37802e-06,1.97719e-05,-2.11499e-05,0.0065726,7,False,False,False,i
2017-05-22,2392.25,126.156,0.00514706,-0.000989854,0.0035933,-0.000543811,0,-0.239553,-0.119777,-0.000447505,1.27133e-05,-0.000460218,0.00613691,6,False,False,False,i
2017-05-23,2397.5,125.859,0.00219459,-0.00235323,0.00450774,0.000547752,0,-0.300516,-0.150258,-0.000544722,8.26248e-06,-0.000552985,0.00454782,5,False,False,False,i
2017-05-24,2402.5,126.172,0.00208551,0.00248293,0.00405352,0.000452627,-1,-0.270234,-0.635117,5.97161e-05,0.000131312,-7.15957e-05,0.000397424,4,False,False,False,i
2017-05-25,2413.75,126.156,0.00468262,-0.000123839,0.00501027,0.00160257,-1,-0.334018,-0.667009,-0.00305267,8.61975e-06,-0.00306129,-0.00480646,3,False,False,False,i
2017-05-26,2413.75,126.219,0,0.000495417,0.00484766,0.00148385,-1,-0.323178,-0.661589,0.000330448,1.46498e-06,0.000328983,0.000495417,2,False,False,False,i
2017-05-30,2411.75,126.469,-0.000828586,0.00198069,0.00414136,0.000810659,-1,-0.27609,-0.638045,0.00185858,6.36565e-06,0.00185222,0.00280927,1,False,False,False,i
2017-05-31,2410.25,126.484,-0.000621955,0.000123548,0.00398895,0.000631801,-1,-0.26593,-0.632965,0.000475665,1.37391e-06,0.000474291,0.000745503,0,True,False,False,i
2017-06-01,2429.5,126.438,0.00798672,-0.000370599,0.00598528,0.00262722,1,-0.399019,0.300491,-0.00528989,0.000251594,-0.00554149,-0.00835732,21,False,True,False,i
2017-06-02,2437.25,126.688,0.00318996,0.00383806,0.00575429,-0.00015501,0,-0.383619,-0.19181,-0.000194749,0.000132509,-0.000327257,0.000648102,20,False,False,False,i
2017-06-05,2435.75,126.453,-0.000615448,-0.00185002,0.00594327,0.000141656,0,-0.396218,-0.198109,-0.000236804,1.696e-06,-0.0002385,0.00123458,19,False,False,False,i
2017-06-06,2428.75,126.797,-0.00287386,0.0027184,0.00459579,-0.00120118,0,-0.306386,-0.153193,0.00110788,1.21077e-05,0.00109577,0.00559226,18,False,False,False,i
2017-06-07,2432.25,126.547,0.00144107,-0.00197166,0.0054631,-0.000381373,0,-0.364206,-0.182103,-0.000522806,7.78836e-06,-0.000530595,0.00341273,17,False,False,False,i
2017-06-08,2433.25,126.422,0.000411142,-0.000987776,0.00577449,-4.54758e-05,0,-0.384966,-0.192483,-0.000254747,2.79582e-06,-0.000257543,0.00139892,16,False,False,False,i
2017-06-09,2430,126.328,-0.00133566,-0.000741565,0.00561955,-0.000188221,0,-0.374637,-0.187318,0.000114354,1.39187e-06,0.000112962,-0.000594097,15,False,False,False,i
2017-06-12,2426.75,126.328,-0.000411904,0,0.00552665,-0.000287118,0,-0.368443,-0.184222,7.71572e-05,8.3509e-07,7.63222e-05,-0.000411904,14,False,False,False,i
2017-06-13,2438.5,126.375,0.00484187,0.000371058,0.00659498,0.000782866,0,-0.439665,-0.219833,-0.00082362,9.58304e-06,-0.000833203,0.00447081,13,False,False,False,i
2017-06-14,2435.5,126.891,-0.00123026,0.00408012,0.00528775,-0.000489659,0,-0.352517,-0.176258,0.0011674,1.17321e-05,0.00115566,0.00531038,12,False,False,False,i
2017-06-15,2430.75,126.656,-0.00195032,-0.00184706,0.00531618,-0.000514497,0,-0.354412,-0.177206,1.81996e-05,2.55332e-07,1.79442e-05,-0.000103255,11,False,False,False,i
2017-06-16,2430.5,126.766,-0.000102849,0.000863558,0.00508634,-0.000746468,0,-0.339089,-0.169545,0.000171253,2.06459e-06,0.000169188,-0.000966407,10,False,False,False,i
2017-06-19,2450.5,126.438,0.00822876,-0.00258844,0.00766963,0.00184119,0,-0.511309,-0.255654,-0.001834,2.3124e-05,-0.00185712,0.0108172,9,False,False,False,i
2017-06-20,2434.5,126.703,-0.00652928,0.00210084,0.00550623,-0.000233246,0,-0.367082,-0.183541,0.00220633,1.94195e-05,0.00218691,0.00863012,8,False,False,False,i
2017-06-21,2433.25,126.641,-0.000513452,-0.000493279,0.00499051,-0.000238091,0,-0.3327,-0.16635,3.70265e-06,4.63041e-06,-9.27765e-07,-2.01734e-05,7,False,False,False,i
2017-06-22,2432,126.703,-0.000513716,0.000493523,0.00474999,-0.000479903,0,-0.316666,-0.158333,0.000167554,2.15996e-06,0.000165394,-0.00100724,6,False,False,False,i
2017-06-23,2435.5,126.734,0.00143914,0.00024664,0.00504401,-0.000193862,0,-0.336268,-0.168134,-0.000188813,2.63886e-06,-0.000191452,0.00119251,5,False,False,False,i
2017-06-26,2436.25,126.781,0.000307945,0.000369868,0.00501823,-0.000208721,1,-0.334548,0.332726,1.04114e-05,0.000134836,-0.000124425,-6.19231e-05,4,False,False,False,i
2017-06-27,2417.25,126.234,-0.00779887,-0.00431353,0.00418062,-0.00105074,1,-0.278708,0.360646,-0.00115966,7.54164e-06,-0.0011672,-0.00348534,3,False,False,False,i
2017-06-28,2438,126.234,0.00858413,0,0.00625497,0.0010007,-1,-0.416998,-0.708499,0.00309583,0.000287736,0.0028081,0.00858413,2,False,False,False,i
2017-06-29,2417,125.828,-0.00861362,-0.00321822,0.00487986,-0.000301525,1,-0.325324,0.337338,0.00382263,0.000282507,0.00354013,0.0053954,1,False,False,False,i
2017-06-30,2420.5,125.5,0.00144808,-0.00260772,0.00590194,0.000672283,-1,-0.393463,-0.696731,0.00136818,0.000279155,0.00108902,0.0040558,0,True,False,False,i
2017-07-03,2423.75,125.078,0.0013427,-0.00336155,0.00698828,0.00180127,-1,-0.465885,-0.732943,-0.0032776,9.76989e-06,-0.00328737,-0.00470425,19,False,True,False,i
2017-07-05,2429.5,125.25,0.00237236,0.00137414,0.00718247,0.0002391,0,-0.478831,-0.239416,-0.000731635,0.00013302,-0.000864655,-0.000998216,18,False,False,False,i
2017-07-06,2408,125.016,-0.00884956,-0.00187126,0.00540866,-0.00144557,0,-0.360578,-0.180289,0.00167071,1.59973e-05,0.00165472,0.0069783,17,False,False,False,i
2017-07-07,2422.75,124.891,0.00612542,-0.000999875,0.00702196,0.000260976,0,-0.46813,-0.234065,-0.00128461,1.45116e-05,-0.00129912,0.00712529,16,False,False,False,i
2017-07-10,2425.25,125.047,0.00103189,0.00125109,0.00690333,0.000208436,0,-0.460222,-0.230111,5.13093e-05,1.06659e-06,5.02427e-05,0.000219209,15,False,False,False,i
2017-07-11,2423.25,125.203,-0.000824657,0.00124953,0.00641057,-0.00028928,0,-0.427371,-0.213686,0.000477293,4.43199e-06,0.000472861,0.00207419,14,False,False,False,i
2017-07-12,2441.25,125.578,0.00742804,0.00299513,0.00748161,0.000768891,0,-0.498774,-0.249387,-0.000947249,9.60279e-06,-0.000956851,0.00443291,13,False,False,False,i
2017-07-13,2445.25,125.406,0.0016385,-0.00136867,0.00815758,0.00148983,0,-0.543839,-0.271919,-0.00074995,6.05638e-06,-0.000756007,-0.00300717,12,False,False,False,i
2017-07-14,2456.75,125.641,0.004703,0.00186893,0.00807572,0.00216674,0,-0.538382,-0.269191,-0.000770638,7.31926e-07,-0.00077137,-0.00283407,11,False,False,False,i
2017-07-17,2456.5,125.75,-0.00010176,0.000870538,0.00685067,0.00193388,0,-0.456711,-0.228356,0.000261734,1.09545e-05,0.000250779,0.000972299,10,False,False,False,i
2017-07-18,2458,126.125,0.000610625,0.00298211,0.0056069,0.00136653,0,-0.373793,-0.186897,0.000541541,1.1119e-05,0.000530422,0.00237148,9,False,False,False,i
2017-07-19,2470.75,126.047,0.00518714,-0.000619425,0.00701137,0.00275452,0,-0.467425,-0.233712,-0.00108523,1.25281e-05,-0.00109776,-0.00580657,8,False,False,False,i
2017-07-20,2471.5,126.062,0.000303552,0.000123962,0.00700075,0.00279752,0,-0.466717,-0.233358,-4.19723e-05,9.47243e-08,-4.20671e-05,-0.00017959,7,False,False,False,i
2017-07-21,2469.75,126.281,-0.000708072,0.00173525,0.00641648,0.00221266,0,-0.427766,-0.213883,0.00057017,5.21266e-06,0.000564957,0.00244332,6,False,False,False,i
2017-07-24,2469,126.156,-0.000303674,-0.000989854,0.00660287,0.00237713,0,-0.440191,-0.220096,-0.000146762,1.66308e-06,-0.000148425,-0.00068618,5,False,False,False,i
2017-07-25,2474.5,125.547,0.00222762,-0.00483032,0.00828145,0.00406862,-1,-0.552097,-0.776048,-0.00155342,0.00014868,-0.0017021,-0.00705794,4,False,False,False,i
2017-07-26,2474.75,125.922,0.000101031,0.00298693,0.00752955,0.00337926,-1,-0.50197,-0.750985,0.0022396,6.7025e-06,0.0022329,0.0028859,3,False,False,False,i
2017-07-27,2472.5,125.797,-0.000909183,-0.000992679,0.00643581,0.00339926,-1,-0.429054,-0.714527,-6.27044e-05,9.75344e-06,-7.24579e-05,-8.34962e-05,2,False,False,False,i
2017-07-28,2469,125.938,-0.00141557,0.00111787,0.00583024,0.00279273,-1,-0.388683,-0.694341,0.00181021,5.40342e-06,0.00180481,0.00253344,1,False,False,False,i
2017-07-31,2467.5,125.906,-0.000607533,-0.000248139,0.00576779,0.00270664,-1,-0.384519,-0.69226,0.000249542,5.57379e-07,0.000248985,0.000359394,0,True,False,False,i
2017-08-01,2473,126.203,0.00222898,0.00235791,0.00574039,0.00267584,1,-0.382693,0.308654,8.9252e-05,0.000267746,-0.000178494,0.000128928,22,False,True,False,i
2017-08-02,2474,126.062,0.000404367,-0.00111428,0.00610426,0.000364548,0,-0.406951,-0.203475,0.000468734,0.000136972,0.000331762,-0.00151864,21,False,False,False,i
2017-08-03,2469.5,126.438,-0.00181892,0.00297471,0.00494608,-0.000785462,0,-0.329739,-0.164869,0.000975386,1.03334e-05,0.000965053,0.00479363,20,False,False,False,i
2017-08-04,2473.75,126.109,0.001721,-0.00259516,0.00602158,0.000251099,0,-0.401439,-0.200719,-0.000711602,9.58869e-06,-0.00072119,0.00431615,19,False,False,False,i
2017-08-07,2477.75,126.156,0.00161698,0.000371701,0.00629614,0.000549569,0,-0.419743,-0.209871,-0.000249951,2.44623e-06,-0.000252397,-0.00124528,18,False,False,False,i
2017-08-08,2472,126.078,-0.00232065,-0.000619272,0.00587794,0.000140754,0,-0.391863,-0.195931,0.000357072,3.72965e-06,0.000353342,0.00170138,17,False,False,False,i
2017-08-09,2471,126.266,-0.000404531,0.00148717,0.0054422,-0.000313042,0,-0.362813,-0.181407,0.000370644,3.88675e-06,0.000366757,0.0018917,16,False,False,False,i
2017-08-10,2436.5,126.656,-0.013962,0.00309368,0.00135652,-0.00443688,0,-0.0904344,-0.0452172,0.003094,3.66619e-05,0.00305734,-0.0170556,15,False,False,False,i
2017-08-11,2439.75,126.812,0.00133388,0.00123365,0.00153907,-0.00441277,0,-0.102605,-0.0513025,-4.53196e-06,1.6372e-06,-6.16917e-06,0.000100226,14,False,False,False,i
2017-08-14,2463.5,126.5,0.0097346,-0.00246427,0.005169,-0.00148855,0,-0.3446,-0.1723,-0.000625832,3.24199e-05,-0.000658252,0.0121989,13,False,False,False,i
2017-08-15,2463.5,126.156,0,-0.00271739,0.00570689,-0.000834863,0,-0.380459,-0.19023,-0.000468206,4.80404e-06,-0.000473011,0.00271739,12,False,False,False,i
2017-08-16,2467.25,126.422,0.00152222,0.00210552,0.00526848,-0.000974707,0,-0.351232,-0.175616,0.000110961,3.91302e-06,0.000107048,-0.000583299,11,False,False,False,i
2017-08-17,2429.25,126.781,-0.0154018,0.00284266,0.000747418,-0.00539263,0,-0.0498278,-0.0249139,0.00320401,4.06204e-05,0.00316339,-0.0182444,10,False,False,False,i
2017-08-18,2424.25,126.734,-0.00205825,-0.000369731,0.000511778,-0.00580021,0,-0.0341185,-0.0170593,4.20676e-05,2.11902e-06,3.99486e-05,-0.00168852,9,False,False,False,i
2017-08-21,2426.75,126.828,0.00103125,0.000739736,0.00160904,-0.00572998,0,-0.107269,-0.0536346,-4.97296e-06,9.86289e-06,-1.48358e-05,0.000291511,8,False,False,False,i
2017-08-22,2451.25,126.562,0.0100958,-0.00209437,0.00451241,-0.00280583,0,-0.300828,-0.150414,-0.000653815,2.59859e-05,-0.000679801,0.0121902,7,False,False,False,i
2017-08-23,2442.75,126.938,-0.00346762,0.00296296,0.00286171,-0.00435408,0,-0.190781,-0.0953905,0.000967248,1.4796e-05,0.000952452,-0.00643058,6,False,False,False,i
2017-08-24,2437.5,126.703,-0.00214922,-0.00184638,0.00273776,-0.00442717,0,-0.182518,-0.0912588,2.88877e-05,1.11204e-06,2.77756e-05,-0.000302836,5,False,False,False,i
2017-08-25,2442.5,126.859,0.00205128,0.0012332,0.00293609,-0.00423046,1,-0.195739,0.40213,-7.46574e-05,0.00013268,-0.000207338,0.000818084,4,False,False,False,i
2017-08-28,2443.25,126.969,0.000307062,0.000862175,0.00279574,-0.00436408,1,-0.186383,0.406809,-0.000223228,1.25789e-06,-0.000224486,-0.000555113,3,False,False,False,i
2017-08-29,2445.25,127.234,0.000818582,0.00209205,0.0024964,-0.00467039,1,-0.166427,0.416787,-0.000518058,2.68197e-06,-0.00052074,-0.00127347,2,False,False,False,i
2017-08-30,2456.75,127.078,0.004703,-0.00122805,0.00392505,-0.00324481,1,-0.26167,0.369165,0.00247198,1.27746e-05,0.00245921,0.00593104,1,False,False,False,i
2017-08-31,2470.75,127.25,0.00569859,0.00135251,0.00490579,-0.00220309,1,-0.327053,0.336474,0.00160442,8.74839e-06,0.00159567,0.00434607,0,True,False,False,i
2017-09-01,2475,126.641,0.00172013,-0.00282972,0.00587083,-0.00110902,-1,-0.391389,-0.695694,0.0015309,0.000276013,0.00125489,0.00454985,19,False,True,False,i
2017-09-05,2457,127.422,-0.00727273,0.00616903,0.00230831,-0.00323215,0,-0.153887,-0.0769437,0.00935136,0.000165973,0.00918538,-0.0134418,18,False,False,False,i
2017-09-06,2465.25,127.125,0.00335775,-0.00232986,0.00381958,-0.00186496,0,-0.254639,-0.127319,-0.000437626,1.34935e-05,-0.000451119,0.00568761,17,False,False,False,i
2017-09-07,2464.75,127.609,-0.000202819,0.00381023,0.00295213,-0.00282822,0,-0.196809,-0.0984044,0.000510938,7.74575e-06,0.000503192,-0.00401305,16,False,False,False,i
2017-09-08,2461,127.5,-0.00152145,-0.000857108,0.00281441,-0.00298823,0,-0.187627,-0.0938137,6.53745e-05,1.23056e-06,6.41439e-05,-0.000664345,15,False,False,False,i
2017-09-11,2485.5,126.922,0.010674,-0.00453431,0.00644452,0.000654159,0,-0.429635,-0.214817,-0.00142675,3.22998e-05,-0.00145905,0.0152083,14,False,False,False,i
2017-09-12,2494.25,126.609,0.00352042,-0.00246214,0.00773093,0.00208757,0,-0.515396,-0.257698,-0.00128516,1.14292e-05,-0.00129659,-0.00598256,13,False,False,False,i
2017-09-13,2495.25,126.422,0.000400922,-0.00148093,0.00778423,0.00253858,0,-0.518949,-0.259474,-0.00048495,4.73434e-07,-0.000485423,-0.00188186,12,False,False,False,i
2017-09-14,2494.5,126.422,-0.000300571,0,0.00680392,0.00246658,0,-0.453595,-0.226797,7.79905e-05,8.70928e-06,6.92812e-05,0.000300571,11,False,False,False,i
2017-09-15,2497.5,126.297,0.00120265,-0.000988753,0.00732926,0.00299125,0,-0.488617,-0.244309,-0.000497003,4.66489e-06,-0.000501668,-0.0021914,10,False,False,False,i
2017-09-18,2502.25,126.078,0.0019019,-0.00173203,0.00817509,0.00386079,0,-0.545006,-0.272503,-0.000887801,7.50471e-06,-0.000895306,-0.00363393,9,False,False,False,i
2017-09-19,2505,125.953,0.00109901,-0.000991449,0.00863949,0.00436071,0,-0.575966,-0.287983,-0.000569657,4.11852e-06,-0.000573775,-0.00209046,8,False,False,False,i
2017-09-20,2506,125.703,0.000399202,-0.00198487,0.00841421,0.00493108,0,-0.560948,-0.280474,-0.000686571,1.9975e-06,-0.000688568,-0.00238407,7,False,False,False,i
2017-09-21,2499,125.594,-0.0027933,-0.000870106,0.00659327,0.00447052,0,-0.439551,-0.219776,0.000539405,1.61654e-05,0.000523239,0.00192319,6,False,False,False,i
2017-09-22,2499,125.766,0,0.0013685,0.00559348,0.00414351,0,-0.372899,-0.186449,0.000300763,8.87561e-06,0.000291887,0.0013685,5,False,False,False,i
2017-09-25,2494.25,126.047,-0.00190076,0.0022363,0.00461789,0.00315385,-1,-0.307859,-0.65393,0.000771352,0.000124601,0.000646751,0.00413706,4,False,False,False,i
2017-09-26,2495,125.953,0.000300692,-0.000743771,0.00490574,0.00340388,-1,-0.32705,-0.663525,-0.000683005,2.55717e-06,-0.000685562,-0.00104446,3,False,False,False,i
2017-09-27,2504.5,125.484,0.00380762,-0.00372162,0.00673063,0.00520421,-1,-0.448709,-0.724354,-0.00499584,1.61854e-05,-0.00501202,-0.00752924,2,False,False,False,i
2017-09-28,2507.25,125.516,0.00109802,0.000249035,0.00686358,0.0054069,-1,-0.457572,-0.728786,-0.000614969,1.17865e-06,-0.000616147,-0.000848989,1,False,False,False,i
2017-09-29,2515.75,125.25,0.00339017,-0.00211627,0.00809047,0.00672073,-1,-0.539365,-0.769682,-0.00401302,1.08611e-05,-0.00402388,-0.00550644,0,True,False,False,i
2017-10-02,2526.25,125.188,0.00417371,-0.000499002,0.00773819,0.00783309,1,-0.515879,0.24206,-0.0035965,0.000268229,-0.00386473,-0.00467271,21,False,True,False,i
2017-10-03,2531.75,125.359,0.00217714,0.00137294,0.00595045,0.00019265,0,-0.396697,-0.198348,0.000194665,0.000116653,7.80118e-05,-0.000804199,20,False,False,False,i
2017-10-04,2535.25,125.359,0.00138244,0,0.0048979,0.000524108,0,-0.326527,-0.163263,-0.000274205,9.28776e-06,-0.000283493,-0.00138244,19,False,False,False,i
2017-10-05,2549.5,125.156,0.00562075,-0.00162034,0.0066108,0.00225648,0,-0.44072,-0.22036,-0.0011822,1.50795e-05,-0.00119728,-0.00724109,18,False,False,False,i
2017-10-06,2546.75,125.047,-0.00107864,-0.000873908,0.00599429,0.00220739,0,-0.399619,-0.19981,4.51155e-05,5.42992e-06,3.96856e-05,0.000204735,17,False,False,False,i
2017-10-09,2542.5,125.141,-0.00166879,0.000749719,0.00446784,0.00162762,0,-0.297856,-0.148928,0.000483242,1.34535e-05,0.000469789,0.00241851,16,False,False,False,i
2017-10-10,2549,125.219,0.00255654,0.000624298,0.00495126,0.0020899,0,-0.330084,-0.165042,-0.000287765,4.25615e-06,-0.000292021,-0.00193224,15,False,False,False,i
2017-10-11,2553.25,125.297,0.00166732,0.000623908,0.00518248,0.00233956,0,-0.345499,-0.172749,-0.000172207,2.03427e-06,-0.000174241,-0.00104341,14,False,False,False,i
2017-10-12,2548.75,125.391,-0.00176246,0.000748223,0.00457257,0.00173773,0,-0.304838,-0.152419,0.000433719,5.36998e-06,0.000428349,0.00251068,13,False,False,False,i
2017-10-13,2552,125.719,0.00127513,0.00261682,0.00427564,0.00141677,0,-0.285042,-0.142521,0.000204499,2.61299e-06,0.000201886,0.00134169,12,False,False,False,i
2017-10-16,2555.5,125.484,0.00137147,-0.00186428,0.00506158,0.00219237,0,-0.337439,-0.168719,-0.000461164,6.9123e-06,-0.000468076,-0.00323575,11,False,False,False,i
2017-10-17,2557.25,125.391,0.000684797,-0.000747105,0.00537381,0.00253535,0,-0.358254,-0.179127,-0.00024159,2.74526e-06,-0.000244335,-0.0014319,10,False,False,False,i
2017-10-18,2559.5,125.141,0.000879851,-0.00199377,0.00604719,0.00322372,0,-0.403146,-0.201573,-0.000514743,5.91846e-06,-0.000520662,-0.00287362,9,False,False,False,i
2017-10-19,2560.5,125.297,0.000390701,0.0012486,0.005816,0.00301854,0,-0.387734,-0.193867,0.000172928,2.03163e-06,0.000170897,0.000857894,8,False,False,False,i
2017-10-20,2572.75,124.812,0.00478422,-0.00386582,0.00734633,0.00508646,0,-0.489755,-0.244878,-0.00167696,1.34216e-05,-0.00169038,-0.00865004,7,False,False,False,i
2017-10-23,2563.75,124.953,-0.0034982,0.00112669,0.00616187,0.00397946,0,-0.410791,-0.205396,0.00113253,1.04033e-05,0.00112213,0.00462489,6,False,False,False,i
2017-10-24,2567.5,124.656,0.0014627,-0.00237589,0.00686271,0.00489765,0,-0.457514,-0.228757,-0.00078843,6.1519e-06,-0.000794582,-0.00383859,5,False,False,False,i
2017-10-25,2554.75,124.516,-0.00496592,-0.0011281,0.00590858,0.00397725,-1,-0.393905,-0.696953,0.000877928,0.000123547,0.000754381,0.00383782,4,False,False,False,i
2017-10-26,2557.5,124.328,0.00107643,-0.00150584,0.00656058,0.00459487,-1,-0.437372,-0.718686,-0.00179971,5.73246e-06,-0.00180545,-0.00258226,3,False,False,False,i
2017-10-27,2578.75,124.672,0.0083089,0.00276486,0.00785158,0.00591217,-1,-0.523439,-0.761719,-0.00398442,1.13117e-05,-0.00399573,-0.00554403,2,False,False,False,i
2017-10-30,2569,125.031,-0.0037809,0.00288257,0.00621066,0.00431921,-1,-0.414044,-0.707022,0.00507569,1.44002e-05,0.00506129,0.00666347,1,False,False,False,i
2017-10-31,2572,124.906,0.00116777,-0.00099975,0.00542598,0.00483734,-1,-0.361732,-0.680866,-0.00153248,6.88286e-06,-0.00153937,-0.00216752,0,True,False,False,i
2017-11-01,2576,124.953,0.00155521,0.000375281,0.00568751,0.00511905,1,-0.379167,0.310416,-0.000803373,0.000260682,-0.00106406,-0.00117993,20,False,True,False,i
2017-11-02,2576.75,125.125,0.000291149,0.00137552,0.00541786,-0.00026006,0,-0.361191,-0.180595,-0.000336605,0.000129108,-0.000465713,0.00108437,19,False,False,False,i
2017-11-03,2585,125.234,0.00320171,0.000874126,0.00598256,0.000297416,0,-0.398838,-0.199419,-0.00042035,4.94296e-06,-0.000425293,0.00232758,18,False,False,False,i
2017-11-06,2588,125.359,0.00116054,0.000998129,0.00599986,0.000336342,0,-0.399991,-0.199995,-3.23882e-05,1.51327e-07,-3.25395e-05,-0.000162413,17,False,False,False,i
2017-11-07,2587.25,125.375,-0.000289799,0.000124642,0.0058556,0.000236892,0,-0.390373,-0.195187,8.28862e-05,1.2623e-06,8.16239e-05,0.000414441,16,False,False,False,i
2017-11-08,2591.5,125.188,0.00164267,-0.00149551,0.00660842,0.000989615,0,-0.440561,-0.220281,-0.000612532,6.58278e-06,-0.000619114,-0.00313818,15,False,False,False,i
2017-11-09,2582,125.188,-0.00366583,0,0.00570279,0.000108604,0,-0.380186,-0.190093,0.000807511,7.93095e-06,0.00079958,0.00366583,14,False,False,False,i
2017-11-10,2580.25,124.672,-0.000677769,-0.00411882,0.00642686,0.000936081,0,-0.428457,-0.214229,-0.00065412,6.3427e-06,-0.000660463,-0.00344105,13,False,False,False,i
2017-11-13,2583,124.609,0.00106579,-0.000501316,0.00676885,0.00131173,0,-0.451257,-0.225628,-0.000335718,2.99453e-06,-0.000338713,-0.0015671,12,False,False,False,i
2017-11-14,2577,124.75,-0.00232288,0.00112853,0.00593017,0.000483516,0,-0.395345,-0.197672,0.000778735,7.35053e-06,0.000771385,0.00345141,11,False,False,False,i
2017-11-15,2563.75,125.109,-0.00514164,0.00288076,0.00404296,-0.00144482,0,-0.26953,-0.134765,0.00158581,1.65757e-05,0.00156923,0.0080224,10,False,False,False,i
2017-11-16,2584.75,124.812,0.00819113,-0.00237292,0.00663328,0.0010836,0,-0.442219,-0.221109,-0.00142367,2.26746e-05,-0.00144634,0.010564,9,False,False,False,i
2017-11-17,2577.75,124.969,-0.00270819,0.00125188,0.00556133,0.000132971,0,-0.370755,-0.185378,0.000875609,9.39391e-06,0.000866215,0.00396007,8,False,False,False,i
2017-11-20,2581.5,124.719,0.00145476,-0.0020005,0.00642304,0.000962081,0,-0.428203,-0.214101,-0.000640527,7.54696e-06,-0.000648074,-0.00345526,7,False,False,False,i
2017-11-21,2598,124.703,0.00639163,-0.000125282,0.0079405,0.00251898,0,-0.529367,-0.264683,-0.00139528,1.32553e-05,-0.00140854,-0.00651691,6,False,False,False,i
2017-11-22,2595.5,125.094,-0.000962279,0.00313244,0.00690529,0.00153899,0,-0.460353,-0.230176,0.0010838,9.0463e-06,0.00107476,0.00409472,5,False,False,False,i
2017-11-24,2601.5,124.938,0.00231169,-0.00124906,0.00637198,0.0023917,-1,-0.424799,-0.712399,-0.000819602,0.000126299,-0.000945901,-0.00356076,4,False,False,False,i
2017-11-27,2600.5,125.094,-0.000384394,0.00125063,0.00594902,0.00200019,-1,-0.396601,-0.698301,0.00116479,3.69314e-06,0.00116109,0.00163502,3,False,False,False,i
2017-11-28,2626.5,125.031,0.00999808,-0.000499625,0.00845576,0.00450085,-1,-0.563717,-0.781859,-0.00733055,2.1799e-05,-0.00735235,-0.0104977,2,False,False,False,i
2017-11-29,2625.25,124.672,-0.000475919,-0.00287428,0.00893159,0.00507506,-1,-0.595439,-0.79772,-0.00187518,4.13866e-06,-0.00187932,-0.00239836,1,False,False,False,i
2017-11-30,2646.75,124.312,0.0081897,-0.00288257,0.00819248,0.00771082,-1,-0.546165,-0.773083,-0.00883256,6.40728e-06,-0.00883897,-0.0110723,0,True,False,False,i
2017-12-01,2642,124.625,-0.00179465,0.00251383,0.00634188,0.00668358,1,-0.422792,0.288604,0.00333081,0.000276314,0.0030545,0.00430848,19,False,True,False,i
2017-12-04,2638.5,124.312,-0.00132475,-0.000502513,0.00527767,-0.000197535,0,-0.351844,-0.175922,-0.000237302,0.000120963,-0.000358265,0.000822241,18,False,False,False,i
2017-12-05,2629,124.375,-0.00360053,0.000502765,0.0043031,-0.00118442,0,-0.286873,-0.143437,0.000721861,8.47172e-06,0.000713389,-0.0041033,17,False,False,False,i
2017-12-06,2629.25,124.594,9.50932e-05,0.00175879,0.00394358,-0.0015838,0,-0.262905,-0.131453,0.000238636,3.12506e-06,0.00023551,-0.0016637,16,False,False,False,i
2017-12-07,2637.5,124.406,0.00313778,-0.00150489,0.00512871,-0.000469515,0,-0.341914,-0.170957,-0.000610291,1.02885e-05,-0.00062058,0.00464267,15,False,False,False,i
2017-12-08,2651.75,124.312,0.00540284,-0.00075358,0.00655249,0.00100427,0,-0.436833,-0.218416,-0.00105248,1.23333e-05,-0.00106482,0.00615642,14,False,False,False,i
2017-12-11,2663.5,124.25,0.00329598,-0.000502765,0.00730136,0.00191359,0,-0.486758,-0.243379,-0.000829708,6.47533e-06,-0.000836184,-0.00379874,13,False,False,False,i
2017-12-12,2667.5,124.141,0.00150178,-0.000880282,0.00783408,0.00248405,0,-0.522272,-0.261136,-0.000579744,4.60345e-06,-0.000584348,-0.00238207,12,False,False,False,i
2017-12-13,2667,124.594,-0.000187441,0.00365009,0.0048727,0.0015662,0,-0.324847,-0.162423,0.00100212,2.55928e-05,0.000976526,0.00383754,11,False,False,False,i
2017-12-14,2655.25,124.5,-0.0044057,-0.000752445,0.00339952,0.000687977,0,-0.226635,-0.113317,0.000593374,1.27544e-05,0.00058062,0.00365325,10,False,False,False,i
2017-12-15,2677.5,124.422,0.00837963,-0.00062751,0.00557816,0.00283816,0,-0.371877,-0.185939,-0.00102066,1.87983e-05,-0.00103946,-0.00900714,9,False,False,False,i
2017-12-18,2694.75,124.219,0.00644258,-0.00163255,0.00741779,0.00476531,0,-0.494519,-0.24726,-0.00150148,1.58322e-05,-0.00151731,-0.00807513,8,False,False,False,i
2017-12-19,2684.25,123.75,-0.00389647,-0.00377358,0.00719087,0.00473582,0,-0.479391,-0.239696,3.03834e-05,1.95603e-06,2.84274e-05,0.00012288,7,False,False,False,i
2017-12-20,2682.75,123.469,-0.000558815,-0.00227273,0.00623073,0.00514601,0,-0.415382,-0.207691,-0.000410817,8.278e-06,-0.000419095,-0.00171391,6,False,False,False,i
2017-12-21,2688.25,123.484,0.00205014,0.00012655,0.00667342,0.00560505,0,-0.444895,-0.222447,-0.000399511,3.81361e-06,-0.000403325,-0.00192358,5,False,False,False,i
2017-12-22,2688.75,123.516,0.000185995,0.000253068,0.00663969,0.00558903,-1,-0.442646,-0.721323,1.49204e-05,0.000128918,-0.000113997,6.70738e-05,4,False,False,False,i
2017-12-26,2687,123.609,-0.00065086,0.000759013,0.0060292,0.00525225,-1,-0.401947,-0.700973,0.00101697,5.26005e-06,0.00101171,0.00140987,3,False,False,False,i
2017-12-27,2684.75,123.984,-0.000837365,0.00303375,0.00511875,0.00432799,-1,-0.34125,-0.670625,0.00271355,7.84725e-06,0.0027057,0.00387112,2,False,False,False,i
2017-12-28,2686.75,123.828,0.000744948,-0.00126024,0.00563353,0.00480749,-1,-0.375569,-0.687784,-0.00134473,4.4356e-06,-0.00134916,-0.00200519,1,False,False,False,i
2017-12-29,2677.5,124.016,-0.00344282,0.0015142,0.00442948,0.00362092,-1,-0.295299,-0.647649,0.00340936,1.03891e-05,0.00339897,0.00495702,0,True,False,False,i
2018-01-02,2695.75,123.703,0.00681606,-0.00251984,0.00670008,0.00584772,1,-0.446672,0.276664,-0.00604639,0.000238608,-0.006285,-0.0093359,20,False,True,False,i
2018-01-03,2712.5,123.797,0.00621348,0.000757863,0.00786883,0.00130409,0,-0.524589,-0.262294,0.00150937,0.000138784,0.00137059,-0.00545562,19,False,False,False,i
2018-01-04,2724,123.656,0.00423963,-0.00113593,0.00909714,0.00259012,0,-0.606476,-0.303238,-0.00140998,1.05254e-05,-0.00142051,-0.00537556,18,False,False,False,i
2018-01-05,2741.25,123.531,0.0063326,-0.00101087,0.0105481,0.00434272,0,-0.703208,-0.351604,-0.00222682,1.24021e-05,-0.00223922,-0.00734347,17,False,False,False,i
2018-01-08,2746.5,123.469,0.00191518,-0.000505945,0.0075502,0.00492108,0,-0.503347,-0.251673,-0.000851279,2.56049e-05,-0.000876884,-0.00242113,16,False,False,False,i
2018-01-09,2753,123.016,0.00236665,-0.00366996,0.00671236,0.00636381,0,-0.447491,-0.223745,-0.00151925,7.14923e-06,-0.0015264,-0.00603661,15,False,False,False,i
2018-01-10,2748.75,123.031,-0.00154377,0.000127016,0.00582457,0.00596466,0,-0.388305,-0.194152,0.000373831,7.58002e-06,0.000366251,0.00167079,14,False,False,False,i
2018-01-11,2768.25,123.047,0.00709413,0.000127,0.00745601,0.00762101,0,-0.497067,-0.248534,-0.00135269,1.38903e-05,-0.00136658,-0.00696713,13,False,False,False,i
2018-01-12,2786.5,122.938,0.00659261,-0.000888889,0.00916925,0.00939823,0,-0.611283,-0.305642,-0.0018594,1.4549e-05,-0.00187395,-0.0074815,12,False,False,False,i
2018-01-16,2777.75,122.969,-0.00314014,0.000254194,0.00605122,0.0085888,0,-0.403415,-0.201707,0.00103745,2.65116e-05,0.00101094,0.00339433,11,False,False,False,i
2018-01-17,2804.5,122.703,0.0096301,-0.0021601,0.00756402,0.0113833,0,-0.504268,-0.252134,-0.00237817,1.28143e-05,-0.00239098,-0.0117902,10,False,False,False,i
2018-01-18,2800.25,122.406,-0.00151542,-0.00241946,0.00767165,0.0115985,0,-0.511444,-0.255722,-0.000227938,9.12316e-07,-0.00022885,-0.000904036,9,False,False,False,i
2018-01-19,2812.5,122.156,0.00437461,-0.00204238,0.00810215,0.01312,0,-0.540143,-0.270072,-0.00164096,3.64251e-06,-0.00164461,-0.00641699,8,False,False,False,i
2018-01-22,2835,122.141,0.008,-0.00012791,0.00979518,0.0150386,0,-0.653012,-0.326506,-0.00219512,1.42804e-05,-0.0022094,-0.00812791,7,False,False,False,i
2018-01-23,2840.5,122.469,0.00194004,0.00268645,0.00607623,0.0148623,0,-0.405082,-0.202541,0.00024371,3.1345e-05,0.000212365,0.000746417,6,False,False,False,i
2018-01-24,2839.25,122.266,-0.000440063,-0.00165859,0.00514201,0.0151511,0,-0.342801,-0.1714,-0.000246801,7.87531e-06,-0.000254676,-0.00121852,5,False,False,False,i
2018-01-25,2839.75,122.453,0.000176103,0.00153355,0.00480667,0.01483,-1,-0.320445,-0.660222,0.000232666,0.000123613,0.000109053,0.00135744,4,False,False,False,i
2018-01-26,2873,122.094,0.0117088,-0.0029348,0.00829811,0.0182769,-1,-0.553207,-0.776604,-0.00966802,2.92976e-05,-0.00969731,-0.0146436,3,False,False,False,i
2018-01-29,2853,121.828,-0.00696136,-0.00217558,0.00701761,0.0171415,-1,-0.467841,-0.73392,0.00371666,1.07742e-05,0.00370588,0.00478578,2,False,False,False,i
2018-01-30,2823.5,121.625,-0.01034,-0.00166731,0.00278916,0.0150779,-1,-0.185944,-0.592972,0.00636506,3.57229e-05,0.00632934,0.00867269,1,False,False,False,i
2018-01-31,2825.75,121.594,0.000796883,-0.000256937,0.00312196,0.0153273,-1,-0.208131,-0.604065,-0.000624886,2.81065e-06,-0.000627697,-0.00105382,0,True,False,False,i
2018-02-01,2822,121.094,-0.00132708,-0.00411205,0.00392209,0.0159881,1,-0.261473,0.369264,-0.0016823,0.000246739,-0.00192904,-0.00278497,18,False,True,False,i
2018-02-02,2760,120.844,-0.0219702,-0.00206452,-0.000932844,-0.00484524,0,0.0621896,0.0310948,-0.00735046,8.64794e-05,-0.00743694,0.0199057,17,False,False,False,i
2018-02-05,2645.25,121.734,-0.0415761,0.00737005,-0.0127637,-0.0169009,0,0.850917,0.425458,-0.00152197,0.000102586,-0.00162456,-0.0489461,16,False,False,False,i
2018-02-06,2694.75,121.25,0.0187128,-0.00397895,-0.00422689,-0.0114353,0,0.281793,0.140896,0.00965439,7.34696e-05,0.00958092,0.0226917,15,False,False,False,i
2018-02-07,2679,120.969,-0.0058447,-0.00231959,-0.00261279,-0.0122927,0,0.174186,0.0870931,-0.000496675,1.39241e-05,-0.000510599,-0.00352511,14,False,False,False,i
2018-02-08,2578.25,121.109,-0.0376073,0.00116249,-0.0128185,-0.0218945,0,0.854566,0.427283,-0.00337658,8.94291e-05,-0.00346601,-0.0387698,13,False,False,False,i
2018-02-09,2618.5,121,0.0156114,-0.000903109,-0.00848578,-0.0179011,0,0.565719,0.282859,0.00705635,3.7725e-05,0.00701863,0.0165145,12,False,False,False,i
2018-02-12,2654,120.875,0.0135574,-0.00103306,0.000948543,-0.0143782,0,-0.0632362,-0.0316181,0.00412704,8.16951e-05,0.00404535,0.0145904,11,False,False,False,i
2018-02-13,2661.75,121.078,0.00292012,0.00168046,0.00111147,-0.0140781,0,-0.074098,-0.037049,-3.91959e-05,1.40916e-06,-4.06051e-05,0.00123967,10,False,False,False,i
2018-02-14,2698.75,120.359,0.0139006,-0.00593625,0.00539454,-0.00929249,0,-0.359636,-0.179818,-0.000734936,3.68389e-05,-0.000771775,0.0198369,9,False,False,False,i
2018-02-15,2731.75,120.359,0.0122279,0,0.00811245,-0.00635733,0,-0.54083,-0.270415,-0.0021988,2.32632e-05,-0.00222206,0.0122279,8,False,False,False,i
2018-02-16,2732.5,120.609,0.000274549,0.00207711,0.00450088,-0.00679173,0,-0.300058,-0.150029,0.00048744,3.0909e-05,0.000456531,-0.00180256,7,False,False,False,i
2018-02-20,2715.25,120.5,-0.0063129,-0.000906853,0.00195469,-0.00810166,0,-0.130313,-0.0651563,0.000811065,2.18463e-05,0.000789219,-0.00540605,6,False,False,False,i
2018-02-21,2700.25,120.188,-0.00552435,-0.00259336,0.00129954,-0.00881274,0,-0.0866363,-0.0433181,0.000190973,5.63367e-06,0.000185339,-0.00293099,5,False,False,False,i
2018-02-22,2703.25,120.375,0.00111101,0.00156006,0.00131318,-0.00892113,1,-0.0875456,0.456227,1.94522e-05,0.000128812,-0.00010936,-0.000449054,4,False,False,False,i
2018-02-23,2747.5,120.719,0.0163692,0.00285566,0.00461934,-0.00568988,1,-0.307956,0.346022,0.00616524,2.82335e-05,0.006137,0.0135135,3,False,False,False,i
2018-02-26,2779.25,120.812,0.011556,0.000776598,0.00705419,-0.00310945,1,-0.470279,0.26486,0.0037299,2.06983e-05,0.0037092,0.0107794,2,False,False,False,i
2018-02-27,2743.5,120.453,-0.0128632,-0.00297465,0.00357282,-0.00551006,1,-0.238188,0.380906,-0.00261908,2.9747e-05,-0.00264883,-0.00988853,1,False,False,False,i
2018-02-28,2713.5,120.672,-0.0109349,0.00181606,9.2945e-05,-0.00860179,1,-0.00619633,0.496902,-0.00485693,2.98651e-05,-0.0048868,-0.012751,0,True,False,False,i
2018-03-01,2676,121.141,-0.0138198,0.0038845,-0.0036425,-0.0129083,-1,0.242833,-0.378583,-0.00879729,0.000226675,-0.00902397,-0.0177043,20,False,True,False,i
2018-03-02,2689.75,120.141,0.00513827,-0.00337006,-0.00115095,0.00203846,0,0.0767302,0.0383651,-0.00322111,0.00010773,-0.00332884,0.00850832,19,False,False,False,i
2018-03-05,2721.25,120,0.0117111,-0.0011705,0.00253067,0.00510456,0,-0.168711,-0.0843556,0.000494205,3.15605e-05,0.000462644,-0.0128816,18,False,False,False,i
2018-03-06,2727.5,120.016,0.00229674,0.000130208,0.00293066,0.00562151,0,-0.195377,-0.0976886,-0.000182759,3.42577e-06,-0.000186185,-0.00216653,17,False,False,False,i
2018-03-07,2726,120.016,-0.000549954,0,0.00228662,0.00549011,0,-0.152442,-0.0762208,5.37243e-05,5.51711e-06,4.82072e-05,0.000549954,16,False,False,False,i
2018-03-08,2739,120.203,0.00476889,0.0015623,0.00305706,0.00625341,0,-0.203804,-0.101902,-0.000244409,6.58742e-06,-0.000250997,-0.0032066,15,False,False,False,i
2018-03-09,2786.5,120,0.0173421,-0.00168985,0.00753901,0.0107522,0,-0.502601,-0.2513,-0.00193939,3.80613e-05,-0.00197746,-0.0190319,14,False,False,False,i
2018-03-12,2782.75,120.219,-0.00134577,0.00182292,0.0062734,0.00999883,0,-0.418227,-0.209113,0.000796293,1.07534e-05,0.00078554,0.00316869,13,False,False,False,i
2018-03-13,2765,120.375,-0.00637858,0.00129971,0.00334108,0.00816596,0,-0.222739,-0.111369,0.00160563,2.4978e-05,0.00158066,0.0076783,12,False,False,False,i
2018-03-14,2754.25,120.547,-0.00541663,0.00142783,0.00177003,0.00653045,0,-0.118002,-0.0590009,0.000762263,1.34032e-05,0.00074886,0.00684446,11,False,False,False,i
2018-03-15,2751.25,120.531,-0.00108923,-0.000129618,0.00173787,0.00630127,0,-0.115858,-0.0579291,5.66178e-05,2.74448e-07,5.63433e-05,0.000959608,10,False,False,False,i
2018-03-16,2753.75,120.359,0.000908678,-0.00142598,0.00276565,0.00685856,0,-0.184377,-0.0921883,-0.000135244,8.76896e-06,-0.000144013,-0.00233466,9,False,False,False,i
2018-03-19,2716.25,120.281,-0.0136178,-0.000649098,-0.000387385,0.00373789,0,0.0258257,0.0129128,0.00119556,2.70491e-05,0.00116851,0.0129687,8,False,False,False,i
2018-03-20,2720.5,120.031,0.00156466,-0.00207846,0.00060771,0.00460936,0,-0.040514,-0.020257,4.7043e-05,8.53134e-06,3.85117e-05,-0.00364312,7,False,False,False,i
2018-03-21,2714.75,120.156,-0.00211358,0.0010414,0.000374888,0.00385449,0,-0.0249926,-0.0124963,6.39104e-05,1.99776e-06,6.19126e-05,0.00315498,6,False,False,False,i
2018-03-22,2645.5,120.562,-0.0255088,0.00338101,-0.00662477,-0.00315495,0,0.441652,0.220826,0.000361015,6.06916e-05,0.000300323,0.0288898,5,False,False,False,i
2018-03-23,2587.75,120.672,-0.0218295,0.000907206,-0.0119086,-0.00869605,1,0.793904,0.896952,-0.00502086,0.000177471,-0.00519833,-0.0227367,4,False,False,False,i
2018-03-26,2660,120.406,0.02792,-0.00220122,0.00112556,-0.00152873,1,-0.0750375,0.462481,0.0270173,0.000112764,0.0269045,0.0301212,3,False,False,False,i
2018-03-27,2613.25,120.984,-0.0175752,0.00480145,-0.00362802,-0.0069525,1,0.241868,0.620934,-0.0103488,4.14236e-05,-0.0103902,-0.0223766,2,False,False,False,i
2018-03-28,2605,120.891,-0.00315699,-0.000774893,-0.00446055,-0.00752866,1,0.29737,0.648685,-0.00147912,7.26419e-06,-0.00148639,-0.00238209,1,False,False,False,i
2018-03-29,2641.75,121.078,0.0141075,0.00155099,-0.00144144,-0.00452392,1,0.0960957,0.548048,0.00814521,2.61928e-05,0.00811902,0.0125565,0,True,False,False,i
2018-04-02,2579.75,121.188,-0.0234693,0.000903342,-0.00749388,-0.0104759,-1,0.499592,-0.250204,-0.0133574,0.000209794,-0.0135672,-0.0243726,20,False,True,False,i
2018-04-03,2614,120.828,0.0132765,-0.00296545,-0.00310267,0.00387181,0,0.206845,0.103422,-0.00406379,9.24361e-05,-0.00415623,0.0162419,19,False,False,False,i
2018-04-04,2643.25,120.766,0.0111897,-0.000517264,-0.000467397,0.00665402,0,0.0311598,0.0155799,0.00121077,2.28575e-05,0.00118791,-0.011707,18,False,False,False,i
2018-04-05,2662.5,120.531,0.0072827,-0.00194074,0.00112088,0.00884695,0,-0.0747254,-0.0373627,0.0001437,1.37356e-05,0.000129965,-0.00922344,17,False,False,False,i
2018-04-06,2602.75,121.016,-0.0224413,0.00401867,-0.00538452,0.00246832,0,0.358968,0.179484,0.000988617,5.6783e-05,0.000931834,0.02646,16,False,False,False,i
2018-04-09,2613.75,120.984,0.0042263,-0.000258231,-0.0036026,0.00353975,0,0.240173,0.120087,0.000804901,1.55268e-05,0.000789374,-0.00448453,15,False,False,False,i
2018-04-10,2656.5,120.781,0.0163558,-0.00167894,0.000657817,0.00781573,0,-0.0438544,-0.0219272,0.00216573,3.68783e-05,0.00212885,-0.0180347,14,False,False,False,i
2018-04-11,2642.5,120.875,-0.00527009,0.000776197,-0.00116802,0.00637025,0,0.0778678,0.0389339,0.000132578,1.58385e-05,0.00011674,0.00604629,13,False,False,False,i
2018-04-12,2663.75,120.484,0.00804163,-0.00323164,0.000986067,0.00905135,0,-0.0657378,-0.0328689,0.000438913,1.86252e-05,0.000420287,-0.0112733,12,False,False,False,i
2018-04-13,2656.25,120.547,-0.00281558,0.000518739,3.37281e-05,0.00825622,0,-0.00224854,-0.00112427,0.000109595,8.2438e-06,0.000101352,0.00333432,11,False,False,False,i
2018-04-16,2678,120.469,0.00818824,-0.000648088,0.00210233,0.0103518,0,-0.140155,-0.0700777,-9.93442e-06,1.78476e-05,-2.7782e-05,-0.00883632,10,False,False,False,i
2018-04-17,2706.5,120.531,0.0106423,0.000518807,0.00443049,0.0127434,0,-0.295366,-0.147683,-0.000709429,2.00015e-05,-0.000729431,-0.0101235,9,False,False,False,i
2018-04-18,2708.75,120.109,0.000831332,-0.00350013,0.00378583,0.0137721,0,-0.252389,-0.126194,-0.000639683,5.53648e-06,-0.00064522,-0.00433146,8,False,False,False,i
2018-04-19,2693.25,119.844,-0.0057222,-0.00221153,0.00175612,0.0129362,0,-0.117075,-0.0585373,0.000443027,1.7472e-05,0.000425555,0.00351067,7,False,False,False,i
2018-04-20,2670.75,119.5,-0.00835422,-0.00286832,2.76198e-05,0.0116265,0,-0.00184132,-0.00092066,0.00032113,1.49295e-05,0.0003062,0.0054859,6,False,False,False,i
2018-04-23,2669.75,119.344,-0.000374427,-0.00130753,0.000302659,0.0118484,0,-0.0201772,-0.0100886,-8.59072e-07,2.37595e-06,-3.23502e-06,-0.000933105,5,False,False,False,i
2018-04-24,2633.75,119.266,-0.0134844,-0.000654622,-0.0027677,0.00877528,-1,0.184513,-0.407743,0.000129435,0.000103626,2.58093e-05,0.0128298,4,False,False,False,i
2018-04-25,2638.75,119.062,0.00189843,-0.00170313,-0.00178245,0.00963264,-1,0.11883,-0.440585,-0.00146851,8.55163e-06,-0.00147707,-0.00360156,3,False,False,False,i
2018-04-26,2666.25,119.328,0.0104216,0.00223097,0.000748226,0.0115679,-1,-0.0498817,-0.524941,-0.00360867,2.18731e-05,-0.00363054,-0.00819063,2,False,False,False,i
2018-04-27,2669,119.484,0.00103141,0.00130941,0.000606553,0.0115019,-1,-0.0404368,-0.520218,0.000145935,1.224e-06,0.000144711,0.000278004,1,False,False,False,i
2018-04-30,2646.5,119.547,-0.00843012,0.000523081,-0.00162156,0.00936433,-1,0.108104,-0.445948,0.00465762,1.93162e-05,0.00463831,0.0089532,0,True,False,False,i
2018-05-01,2651.75,119.391,0.00198375,-0.00130702,-0.000748289,0.0101471,1,0.0498859,0.524943,-0.00146751,0.000252305,-0.00171982,-0.00329077,21,False,True,False,i
2018-05-02,2633.25,119.469,-0.00697652,0.000654365,-0.00256564,-0.00183863,0,0.171042,0.0855212,-0.00400578,0.000114518,-0.0041203,0.00763089,20,False,False,False,i
2018-05-03,2627.5,119.688,-0.00218361,0.00183102,-0.00346091,-0.00280415,0,0.230727,0.115364,-0.000343336,7.78421e-06,-0.000351121,-0.00401464,19,False,False,False,i
2018-05-04,2661.75,119.703,0.0130352,0.000130548,-0.000234745,0.000275959,0,0.0156497,0.00782485,0.00148873,2.79034e-05,0.00146082,0.0129047,18,False,False,False,i
2018-05-07,2670.75,119.656,0.00338123,-0.000391594,0.000520527,0.00117954,0,-0.0347018,-0.0173509,2.95218e-05,6.5235e-06,2.29983e-05,-0.00377283,17,False,False,False,i
2018-05-08,2669.5,119.484,-0.000468033,-0.00143641,0.000565437,0.00141192,0,-0.0376958,-0.0188479,-1.68021e-05,3.87981e-07,-1.71901e-05,-0.000968373,16,False,False,False,i
2018-05-09,2696.25,119.234,0.0100206,-0.00209232,0.00344711,0.00430057,0,-0.229807,-0.114904,-0.000228303,2.47946e-05,-0.000253098,-0.0121129,15,False,False,False,i
2018-05-10,2721.5,119.391,0.00936486,0.00131044,0.00525154,0.00621473,0,-0.350103,-0.175051,-0.000925481,1.54678e-05,-0.000940949,-0.00805441,14,False,False,False,i
2018-05-11,2726.75,119.406,0.00192908,0.000130873,0.00466703,0.00664347,0,-0.311135,-0.155568,-0.000314779,5.00667e-06,-0.000319786,-0.00179821,13,False,False,False,i
2018-05-14,2729.75,119.203,0.00110021,-0.00170113,0.00504486,0.00731195,0,-0.336324,-0.168162,-0.000435797,3.23492e-06,-0.000439032,-0.00280134,12,False,False,False,i
2018-05-15,2709.5,118.672,-0.00741826,-0.00445668,0.00430687,0.00660121,0,-0.287125,-0.143562,0.000498026,6.33734e-06,0.000491689,0.00296158,11,False,False,False,i
2018-05-16,2722.25,118.5,0.00470567,-0.00144832,0.00578752,0.00806643,0,-0.385835,-0.192917,-0.000883481,1.26909e-05,-0.000896172,-0.00615399,10,False,False,False,i
2018-05-17,2719.5,118.469,-0.00101019,-0.000263713,0.00555245,0.0078884,0,-0.370164,-0.185082,0.000144009,2.01563e-06,0.000141994,0.000746481,9,False,False,False,i
2018-05-18,2713,118.859,-0.00239015,0.00329728,0.00415092,0.00653253,0,-0.276728,-0.138364,0.00105264,1.20292e-05,0.00104061,0.00568743,8,False,False,False,i
2018-05-21,2732.5,118.875,0.00718762,0.000131458,0.00588334,0.00820909,0,-0.392223,-0.196111,-0.000976318,1.48266e-05,-0.000991145,-0.00705616,7,False,False,False,i
2018-05-22,2724.5,118.859,-0.00292772,-0.000131441,0.00513713,0.00754154,0,-0.342476,-0.171238,0.000548382,6.39374e-06,0.000541989,0.00279628,6,False,False,False,i
2018-05-23,2732.25,119.312,0.00284456,0.00381228,0.00488121,0.00731154,0,-0.325414,-0.162707,0.00016571,2.19036e-06,0.00016352,0.00096772,5,False,False,False,i
2018-05-24,2726.75,119.516,-0.00201299,0.00170246,0.00400171,0.00642497,-1,-0.266781,-0.63339,0.00060453,0.000120949,0.000483581,0.00371545,4,False,False,False,i
2018-05-25,2719.75,119.953,-0.00256716,0.00366061,0.00254646,0.0049384,-1,-0.169764,-0.584882,0.00394461,1.24778e-05,0.00393213,0.00622777,3,False,False,False,i
2018-05-29,2688.25,121.062,-0.0115819,0.0092484,-0.00227331,-5.6554e-05,1,0.151554,0.575777,0.0121833,0.000299956,0.0118833,0.0208304,2,False,False,False,i
2018-05-30,2723.5,120.609,0.0131126,-0.0037429,0.00223918,0.00396336,-1,-0.149279,-0.574639,0.00970502,0.000295758,0.00940926,0.0168555,1,False,False,False,i
2018-05-31,2705.5,120.547,-0.00660914,-0.000518202,0.000935087,0.00250031,-1,-0.0623391,-0.53117,0.00350009,1.12053e-05,0.00348889,0.00609094,0,True,False,False,i
2018-06-01,2733.75,120.125,0.0104417,-0.00349968,0.00422022,0.0058229,1,-0.281348,0.359326,-0.00740523,0.000228593,-0.00763382,-0.0139414,20,False,True,False,i
2018-06-04,2746.5,119.422,0.00466392,-0.0032603,0.0059127,0.00189898,0,-0.39418,-0.19709,0.00284738,0.000142569,0.00270481,-0.00792423,19,False,False,False,i
2018-06-05,2749,119.734,0.000910249,0.00261677,0.00523185,0.00149071,0,-0.34879,-0.174395,0.000336339,5.81296e-06,0.000330526,0.00170652,18,False,False,False,i
2018-06-06,2771.75,119.312,0.00827574,-0.00352342,0.00787042,0.0043089,0,-0.524695,-0.262347,-0.00205772,2.24541e-05,-0.00208017,-0.0117992,17,False,False,False,i
2018-06-07,2769.5,119.703,-0.000811762,0.00327397,0.00678875,0.00333271,0,-0.452584,-0.226292,0.00107188,9.2079e-06,0.00106267,0.00408573,16,False,False,False,i
2018-06-08,2777.75,119.531,0.00297888,-0.00143584,0.00630168,0.00438795,0,-0.420112,-0.210056,-0.000999015,4.14138e-06,-0.00100316,-0.00441472,15,False,False,False,i
2018-06-11,2781.25,119.453,0.00126001,-0.000653595,0.0067175,0.00484527,0,-0.447833,-0.223917,-0.000401965,3.53376e-06,-0.000405499,-0.00191361,14,False,False,False,i
2018-06-12,2787,119.359,0.00206742,-0.000784827,0.0073214,0.00552634,0,-0.488094,-0.244047,-0.000638664,5.1281e-06,-0.000643792,-0.00285224,13,False,False,False,i
2018-06-13,2779.75,119.219,-0.00394159,-0.00117816,0.00584727,0.00486437,0,-0.389818,-0.194909,0.000674406,1.25305e-05,0.000661875,0.00276343,12,False,False,False,i
2018-06-14,2788.25,119.5,0.00305783,0.00235911,0.00598015,0.0050309,0,-0.398676,-0.199338,-0.000136187,1.12811e-06,-0.000137315,-0.00069872,11,False,False,False,i
2018-06-15,2784.25,119.562,-0.00143459,0.000523013,0.00550605,0.00456278,0,-0.36707,-0.183535,0.000390225,4.02736e-06,0.000386198,0.0019576,10,False,False,False,i
2018-06-18,2777.75,119.609,-0.00233456,0.000392054,0.00487211,0.00391012,0,-0.324807,-0.162404,0.000500429,5.39021e-06,0.000495039,0.00272661,9,False,False,False,i
2018-06-19,2766.25,119.875,-0.00414004,0.00222077,0.00337482,0.00238613,0,-0.224988,-0.112494,0.00103302,1.27518e-05,0.00102027,0.00636081,8,False,False,False,i
2018-06-20,2771.5,119.562,0.00189788,-0.00260688,0.00451136,0.00346498,0,-0.300758,-0.150379,-0.000506759,9.67226e-06,-0.000516431,-0.00450476,7,False,False,False,i
2018-06-21,2752.25,119.828,-0.0069457,0.00222164,0.00245834,0.001264,0,-0.16389,-0.0819448,0.00137857,1.75201e-05,0.00136105,0.00916734,6,False,False,False,i
2018-06-22,2757,119.828,0.00172586,0,0.00295608,0.00167733,0,-0.197072,-0.098536,-0.000141425,4.24469e-06,-0.00014567,-0.00172586,5,False,False,False,i
2018-06-25,2718.5,119.953,-0.0139645,0.00104316,-0.000542937,-0.00194837,1,0.0361958,0.518098,0.00147879,0.000158646,0.00132014,0.0150076,4,False,False,False,i
2018-06-26,2725,120.031,0.00239102,0.000651296,1.3626e-05,-0.00153087,1,-0.000908402,0.499546,0.00090135,4.76848e-06,0.000896581,0.00173973,3,False,False,False,i
2018-06-27,2701,120.375,-0.00880734,0.00286384,-0.0017247,-0.00434711,1,0.11498,0.55749,-0.00583029,1.49464e-05,-0.00584523,-0.0116712,2,False,False,False,i
2018-06-28,2718.75,120.234,0.00657164,-0.00116822,0.000236951,-0.00248935,1,-0.0157967,0.492102,0.0043149,1.68223e-05,0.00429807,0.00773986,1,False,False,False,i
2018-06-29,2721.25,120.156,0.00091954,-0.000649773,0.00114989,-0.00211205,1,-0.0766593,0.46167,0.000772261,7.82611e-06,0.000764435,0.00156931,0,True,False,False,i
2018-07-02,2728,120.078,0.00248048,-0.000650195,0.00188508,-0.0013603,-1,-0.125672,-0.562836,0.00144534,0.000263215,0.00118212,0.00313067,20,False,True,False,i
2018-07-03,2713.25,120.328,-0.00540689,0.00208198,5.74573e-05,-0.00180167,0,-0.00383048,-0.00191524,0.004215,0.000144424,0.00407058,-0.00748887,19,False,False,False,i
2018-07-05,2738.5,120.297,0.00930618,-0.000259707,0.00243549,0.000485065,0,-0.162366,-0.0811831,-1.8321e-05,2.03342e-05,-3.86552e-05,0.00956589,18,False,False,False,i
2018-07-06,2761.5,120.391,0.00839876,0.000779322,0.00416284,0.00230325,0,-0.277523,-0.138761,-0.00061857,1.47213e-05,-0.000633291,-0.00761944,17,False,False,False,i
2018-07-09,2786.5,120.125,0.00905305,-0.00220636,0.00661595,0.00498798,0,-0.441063,-0.220532,-0.00156237,2.08321e-05,-0.0015832,-0.0112594,16,False,False,False,i
2018-07-10,2796.25,120.062,0.00349901,-0.000520291,0.007235,0.00594667,0,-0.482333,-0.241167,-0.000886384,5.24984e-06,-0.000891633,-0.0040193,15,False,False,False,i
2018-07-11,2776,120.25,-0.00724184,0.00156169,0.0039705,0.00383665,0,-0.2647,-0.13235,0.00212312,2.77639e-05,0.00209535,0.00880353,14,False,False,False,i
2018-07-12,2799.75,120.172,0.00855548,-0.000649688,0.00624267,0.00602793,0,-0.416178,-0.208089,-0.0012183,1.92596e-05,-0.00123756,-0.00920516,13,False,False,False,i
2018-07-13,2802.75,120.359,0.00107152,0.00156027,0.00603846,0.00591139,0,-0.402564,-0.201282,0.000101702,1.73026e-06,9.99714e-05,0.000488741,12,False,False,False,i
2018-07-16,2799.25,120.172,-0.00124877,-0.00155783,0.00611685,0.00598529,0,-0.40779,-0.203895,-6.22084e-05,6.64483e-07,-6.28729e-05,-0.000309061,11,False,False,False,i
2018-07-17,2811.5,120.094,0.00437617,-0.000650111,0.00731095,0.00718253,0,-0.487396,-0.243698,-0.00102483,1.01049e-05,-0.00103494,-0.00502628,10,False,False,False,i
2018-07-18,2817.25,120.016,0.00204517,-0.000650533,0.00790686,0.00782485,0,-0.527124,-0.263562,-0.000656939,5.03875e-06,-0.000661977,-0.00269571,9,False,False,False,i
2018-07-19,2805,120.312,-0.00434821,0.00247364,0.00477092,0.00619598,0,-0.318061,-0.159031,0.00179798,2.65615e-05,0.00177142,0.00682185,8,False,False,False,i
2018-07-20,2802.75,119.984,-0.000802139,-0.00272727,0.00483666,0.00665627,0,-0.322444,-0.161222,-0.000306155,5.57042e-07,-0.000306712,-0.00192513,7,False,False,False,i
2018-07-23,2808,119.5,0.00187316,-0.00403698,0.00627713,0.00806721,0,-0.418475,-0.209238,-0.000952846,1.21956e-05,-0.000965042,-0.00591014,6,False,False,False,i
2018-07-24,2820.5,119.547,0.00445157,0.000392259,0.00718868,0.00903187,0,-0.479245,-0.239623,-0.000849359,7.70422e-06,-0.000857064,-0.00405931,5,False,False,False,i
2018-07-25,2847,119.438,0.0093955,-0.000914913,0.00881111,0.0114738,-1,-0.587408,-0.793704,-0.00247061,0.000139977,-0.00261058,-0.0103104,4,False,False,False,i
2018-07-26,2837.75,119.297,-0.00324903,-0.00117739,0.00753559,0.0109804,-1,-0.502373,-0.751186,0.00164427,1.07547e-05,0.00163351,0.00207164,3,False,False,False,i
2018-07-27,2819.25,119.438,-0.00651925,0.00117878,0.00334669,0.00914427,-1,-0.223113,-0.611556,0.00578266,3.54096e-05,0.00574725,0.00769803,2,False,False,False,i
2018-07-30,2803,119.344,-0.00576394,-0.000784929,0.00222214,0.00795428,-1,-0.148143,-0.574071,0.00304495,9.52769e-06,0.00303542,0.00497901,1,False,False,False,i
2018-07-31,2816.5,119.422,0.00481627,0.000654622,0.00337929,0.00894305,-1,-0.225286,-0.612643,-0.00238908,9.78535e-06,-0.00239887,-0.00416165,0,True,False,False,i
2018-08-01,2813.25,119.188,-0.00115391,-0.00196258,0.00371219,0.0091359,1,-0.247479,0.37626,-0.000495423,0.000250992,-0.000746415,-0.000808666,22,False,True,False,i
2018-08-02,2826.5,119.328,0.00470986,0.00117986,0.00454635,0.000844413,0,-0.30309,-0.151545,0.0013282,0.000133715,0.00119448,-0.00352999,21,False,False,False,i
2018-08-03,2839.75,119.578,0.00468778,0.00209506,0.00505321,0.00146396,0,-0.336881,-0.16844,-0.000392912,4.27253e-06,-0.000397185,-0.00259271,20,False,False,False,i
2018-08-06,2850.5,119.688,0.00378554,0.000914674,0.0057135,0.00215031,0,-0.3809,-0.19045,-0.00048357,5.55763e-06,-0.000489128,-0.00287087,19,False,False,False,i
2018-08-07,2858.75,119.438,0.00289423,-0.00208877,0.00687589,0.00334298,0,-0.458393,-0.229196,-0.000949013,9.77275e-06,-0.000958786,-0.004983,18,False,False,False,i
2018-08-08,2857.75,119.516,-0.000349803,0.000654108,0.00635822,0.00310273,0,-0.423881,-0.211941,0.000230093,4.35294e-06,0.00022574,0.00100391,17,False,False,False,i
2018-08-09,2853.5,119.781,-0.00148718,0.00222251,0.00511276,0.00221473,0,-0.340851,-0.170425,0.000786235,1.04786e-05,0.000775757,0.0037097,16,False,False,False,i
2018-08-10,2833.75,120.234,-0.00692132,0.00378294,0.00258279,-0.000356346,0,-0.172186,-0.086093,0.00182428,2.13435e-05,0.00180293,0.0107043,15,False,False,False,i
2018-08-13,2822.75,120.266,-0.00388178,0.000259909,0.00183084,-0.00135286,0,-0.122056,-0.0610279,0.000356571,6.35335e-06,0.000350217,-0.00414169,14,False,False,False,i
2018-08-14,2840.75,120.125,0.00637676,-0.00116929,0.0040234,0.000454167,0,-0.268227,-0.134113,-0.000460519,1.84793e-05,-0.000478999,0.00754605,13,False,False,False,i
2018-08-15,2819.25,120.375,-0.00756842,0.00208117,0.00163751,-0.00186948,0,-0.109167,-0.0545836,0.00129414,2.01685e-05,0.00127397,0.00964959,12,False,False,False,i
2018-08-16,2842.5,120.281,0.00824687,-0.000778816,0.00387962,0.000290048,0,-0.258641,-0.129321,-0.000492655,1.88923e-05,-0.000511547,0.00902569,11,False,False,False,i
2018-08-17,2851.75,120.297,0.00325418,0.000129904,0.00451765,0.00103819,0,-0.301176,-0.150588,-0.000404033,5.36934e-06,-0.000409402,-0.00312427,10,False,False,False,i
2018-08-20,2858,120.625,0.00219164,0.00272763,0.00436104,0.000909975,0,-0.290736,-0.145368,8.07138e-05,1.31676e-06,7.93971e-05,0.00053599,9,False,False,False,i
2018-08-21,2863.5,120.469,0.00192442,-0.00129534,0.00504836,0.00168164,0,-0.336557,-0.168279,-0.00046805,5.77488e-06,-0.000473825,-0.00321976,8,False,False,False,i
2018-08-22,2862.75,120.656,-0.000261917,0.00155642,0.00458439,0.00124605,0,-0.305626,-0.152813,0.000305988,3.8987e-06,0.000302089,0.00181834,7,False,False,False,i
2018-08-23,2858,120.562,-0.00165924,-0.000777001,0.00425337,0.00103426,0,-0.283558,-0.141779,0.000134818,2.78336e-06,0.000132035,0.000882243,6,False,False,False,i
2018-08-24,2875.5,120.594,0.00612316,0.000259202,0.00565825,0.00243509,0,-0.377216,-0.188608,-0.000831386,1.17848e-05,-0.000843171,-0.00586396,5,False,False,False,i
2018-08-27,2897.75,120.359,0.00773778,-0.00194351,0.0079073,0.00474485,-1,-0.527153,-0.763577,-0.00182597,0.000144263,-0.00197023,-0.00968129,4,False,False,False,i
2018-08-28,2899.25,120.109,0.000517643,-0.00207711,0.00830238,0.00536538,-1,-0.553492,-0.776746,-0.00198129,3.30357e-06,-0.0019846,-0.00259476,3,False,False,False,i
2018-08-29,2914.5,120.062,0.00525998,-0.000390269,0.00863818,0.00671114,-1,-0.575879,-0.787939,-0.00438881,2.80232e-06,-0.00439161,-0.00565025,2,False,False,False,i
2018-08-30,2901.5,120.25,-0.00446046,0.00156169,0.00619404,0.00527116,-1,-0.412936,-0.706468,0.00474508,2.04315e-05,0.00472465,0.00602214,1,False,False,False,i
2018-08-31,2901.25,120.281,-8.61623e-05,0.000259875,0.00410341,0.00518849,-1,-0.273561,-0.63678,0.000244464,1.74769e-05,0.000226988,0.000346038,0,True,False,False,i
2018-09-04,2897.25,119.969,-0.00137872,-0.00156047,0.00415013,0.00523198,1,-0.276675,0.361662,-0.000115736,0.000250532,-0.000366268,-0.000181752,18,False,True,False,i
2018-09-05,2889.25,119.953,-0.00276124,-0.000130242,0.00351824,-0.00063252,0,-0.23455,-0.117275,-0.000951532,0.000120304,-0.00107184,0.002631,17,False,False,False,i
2018-09-06,2880,120.156,-0.00320152,0.00169337,0.00237001,-0.00180937,0,-0.158001,-0.0790003,0.000574048,9.62608e-06,0.000564421,-0.00489489,16,False,False,False,i
2018-09-07,2873.75,119.672,-0.00217014,-0.00403121,0.00286224,-0.00136074,0,-0.190816,-0.0954079,-0.000147025,4.12999e-06,-0.000151155,0.00186107,15,False,False,False,i
2018-09-10,2878.75,119.688,0.00173989,0.000130565,0.00328367,-0.000974488,0,-0.218912,-0.109456,-0.000153542,3.53366e-06,-0.000157076,0.00160932,14,False,False,False,i
2018-09-11,2889,119.312,0.00356057,-0.00313316,0.00486922,0.000631897,0,-0.324614,-0.162307,-0.000732668,1.32762e-05,-0.000745944,0.00669373,13,False,False,False,i
2018-09-12,2888.75,119.406,-8.65351e-05,0.000785752,0.00459908,0.000422714,0,-0.306605,-0.153303,0.000141578,2.26205e-06,0.000139316,0.000872287,12,False,False,False,i
2018-09-13,2905.25,119.391,0.00571181,-0.000130856,0.0059305,0.00181974,0,-0.395366,-0.197683,-0.000895696,1.11243e-05,-0.00090682,-0.00584267,11,False,False,False,i
2018-09-14,2905.75,119.141,0.000172102,-0.00209397,0.00641817,0.00236316,0,-0.427878,-0.213939,-0.000447964,4.07438e-06,-0.000452038,-0.00226607,10,False,False,False,i
2018-09-17,2895,119.188,-0.00549639,0.000393443,0.00393096,0.000947955,0,-0.262064,-0.131032,0.00126007,2.08095e-05,0.00123926,0.00588984,9,False,False,False,i
2018-09-18,2911.25,118.797,0.00561313,-0.0032774,0.00607604,0.00307559,0,-0.40507,-0.202535,-0.00116494,1.79084e-05,-0.00118285,-0.00889053,8,False,False,False,i
2018-09-19,2914.25,118.625,0.00103049,-0.0014468,0.00655808,0.00366857,0,-0.437206,-0.218603,-0.000501736,4.02277e-06,-0.000505759,-0.00247728,7,False,False,False,i
2018-09-20,2936.75,118.656,0.00772068,0.000263435,0.00820162,0.00544427,0,-0.546775,-0.273387,-0.00163018,1.36755e-05,-0.00164385,-0.00745725,6,False,False,False,i
2018-09-21,2934.5,118.688,-0.000766153,0.000263366,0.00680696,0.00519825,0,-0.453797,-0.226899,0.000281457,1.1608e-05,0.000269849,0.00102952,5,False,False,False,i
2018-09-24,2924.5,118.578,-0.00340774,-0.000921538,0.0042791,0.00460277,-1,-0.285273,-0.642637,0.000564115,0.000103944,0.000460171,0.0024862,4,False,False,False,i
2018-09-25,2920.75,118.484,-0.00128227,-0.000790618,0.00418442,0.00448511,-1,-0.278961,-0.639481,0.000315954,7.89433e-07,0.000315164,0.000491652,3,False,False,False,i
2018-09-26,2912,118.812,-0.00299581,0.00276935,0.00280939,0.00310577,-1,-0.187293,-0.593646,0.00368671,1.14784e-05,0.00367523,0.00576516,2,False,False,False,i
2018-09-27,2919.75,118.781,0.0026614,-0.000263019,0.0035617,0.00380474,-1,-0.237447,-0.618723,-0.00173607,6.27368e-06,-0.00174235,-0.00292442,1,False,False,False,i
2018-09-28,2919,118.797,-0.000256871,0.000131544,0.00349564,0.00371181,-1,-0.233043,-0.616521,0.000240322,5.50927e-07,0.000239771,0.000388416,0,True,False,False,i
2018-10-01,2929.25,118.609,0.00351148,-0.00157832,0.00471524,0.0049277,1,-0.314349,0.342825,-0.00313797,0.000239709,-0.00337768,-0.0050898,22,False,True,False,i
2018-10-02,2928.25,118.828,-0.000341384,0.00184429,0.00414617,-0.000524282,0,-0.276411,-0.138206,-0.000749305,0.000120209,-0.000869514,0.00218567,21,False,False,False,i
2018-10-03,2930.25,118.141,0.000683002,-0.00578567,0.00569293,0.00103184,0,-0.379529,-0.189764,-0.000894006,1.28812e-05,-0.000906887,0.00646867,20,False,False,False,i
2018-10-04,2906.25,117.875,-0.00819043,-0.00224838,0.00420568,-0.000401356,0,-0.280379,-0.140189,0.00112759,1.24247e-05,0.00111516,0.00594205,19,False,False,False,i
2018-10-05,2890.25,117.656,-0.00550538,-0.00185578,0.00334673,-0.00128111,0,-0.223115,-0.111558,0.000511634,7.19105e-06,0.000504443,-0.0036496,18,False,False,False,i
2018-10-08,2889.75,117.672,-0.000172995,0.000132802,0.00330737,-0.00135458,0,-0.220492,-0.110246,3.4114e-05,3.29482e-07,3.37845e-05,-0.000305798,17,False,False,False,i
2018-10-09,2885.75,117.828,-0.0013842,0.00132784,0.00266099,-0.0020064,0,-0.177399,-0.0886996,0.000298992,5.41473e-06,0.000293577,-0.00271205,16,False,False,False,i
2018-10-10,2792.5,117.953,-0.032314,0.00106087,-0.00546028,-0.0101841,0,0.364018,0.182009,0.00296033,6.89083e-05,0.00289142,-0.0333748,15,False,False,False,i
2018-10-11,2731.75,118.297,-0.0217547,0.00291429,-0.0107839,-0.0162227,0,0.718925,0.359462,-0.00448998,4.5566e-05,-0.00453555,-0.024669,14,False,False,False,i
2018-10-12,2768.75,118.156,0.0135444,-0.00118875,-0.00397784,-0.0126691,0,0.26519,0.132595,0.00529602,5.79438e-05,0.00523808,0.0147332,13,False,False,False,i
2018-10-15,2753,118.234,-0.00568849,0.000661201,-0.00386226,-0.0142128,0,0.257484,0.128742,-0.000841936,9.8626e-07,-0.000842922,-0.00634969,12,False,False,False,i
2018-10-16,2811,118.203,0.0210679,-0.000264306,0.00111644,-0.00909932,0,-0.0744296,-0.0372148,0.00274636,4.21345e-05,0.00270422,0.0213322,11,False,False,False,i
2018-10-17,2812.25,117.906,0.000444682,-0.00251157,0.00149552,-0.00838414,0,-0.0997016,-0.0498508,-0.000110016,3.20756e-06,-0.000113224,0.00295625,10,False,False,False,i
2018-10-18,2772,118.109,-0.0143124,0.00172277,-0.00374638,-0.0122887,0,0.249759,0.124879,0.000799365,4.46067e-05,0.000754758,-0.0160352,9,False,False,False,i
2018-10-19,2769,117.984,-0.00108225,-0.00105834,-0.00360295,-0.0122945,0,0.240196,0.120098,-2.98587e-06,1.2211e-06,-4.20697e-06,-2.391e-05,8,False,False,False,i
2018-10-22,2757.5,117.984,-0.00415312,0,-0.00418363,-0.0133032,0,0.278908,0.139454,-0.000498783,4.95167e-06,-0.000503734,-0.00415312,7,False,False,False,i
2018-10-23,2741.5,118.25,-0.00580236,0.00225136,-0.00608942,-0.015261,0,0.405962,0.202981,-0.00112312,1.62891e-05,-0.00113941,-0.00805371,6,False,False,False,i
2018-10-24,2657.75,118.828,-0.030549,0.00488901,-0.0144365,-0.0240044,0,0.962432,0.481216,-0.00719323,7.22386e-05,-0.00726547,-0.035438,5,False,False,False,i
2018-10-25,2706.75,118.516,0.0184366,-0.00262985,-0.00696385,-0.0189079,1,0.464257,0.732128,0.0101375,6.46662e-05,0.0100729,0.0210665,4,False,False,False,i
2018-10-26,2657.25,119,-0.0182876,0.00408701,-0.00682213,-0.0244034,1,0.454809,0.727404,-0.0163811,1.22659e-06,-0.0163823,-0.0223746,3,False,False,False,i
2018-10-29,2643,118.969,-0.00536269,-0.000262605,-0.00780283,-0.0256533,1,0.520189,0.760094,-0.00370982,8.50659e-06,-0.00371833,-0.00510008,2,False,False,False,i
2018-10-30,2683.25,118.75,0.0152289,-0.00183872,-0.00315804,-0.0215137,1,0.210536,0.605268,0.012973,4.00428e-05,0.012933,0.0170676,1,False,False,False,i
2018-10-31,2711.75,118.484,0.0106214,-0.00223684,-0.000345882,-0.0183946,1,0.0230588,0.511529,0.00778271,2.41409e-05,0.00775857,0.0128583,0,True,False,False,i
2018-11-01,2738.75,118.578,0.00995667,0.000791244,0.000949448,-0.0161778,-1,-0.0632965,-0.531648,0.00468839,0.000267591,0.00442079,0.00916543,20,False,True,False,i
2018-11-02,2721.75,118.062,-0.00620721,-0.0043484,-9.54921e-05,-0.000448566,0,0.00636614,0.00318307,0.000988234,0.000137534,0.0008507,-0.00185881,19,False,False,False,i
2018-11-05,2738,118.125,0.00597042,0.000529381,0.000877746,0.000852837,0,-0.0585164,-0.0292582,1.73192e-05,8.3226e-06,8.99662e-06,0.00544104,18,False,False,False,i
2018-11-06,2754.5,117.969,0.0060263,-0.00132275,0.00258471,0.00260992,0,-0.172314,-0.0861571,-0.00021502,1.45622e-05,-0.000229582,-0.00734905,17,False,False,False,i
2018-11-07,2813.25,117.938,0.0213287,-0.000264901,0.00743968,0.00771588,0,-0.495979,-0.247989,-0.00186044,4.10744e-05,-0.00190152,-0.0215936,16,False,False,False,i
2018-11-08,2807.5,117.75,-0.0020439,-0.00158983,0.00614334,0.00760743,0,-0.409556,-0.204778,0.000112606,1.09762e-05,0.000101629,0.000454074,15,False,False,False,i
2018-11-09,2781,118.125,-0.009439,0.00318471,0.000737792,0.00458411,0,-0.0491861,-0.0245931,0.00258506,4.59404e-05,0.00253912,0.0126237,14,False,False,False,i
2018-11-12,2727.75,118.422,-0.0191478,0.00251323,-0.00439471,-0.000649604,0,0.292981,0.14649,0.000532711,4.39561e-05,0.000488754,0.021661,13,False,False,False,i
2018-11-13,2722.5,118.516,-0.00192466,0.000791661,-0.00387952,-0.00130242,0,0.258635,0.129317,-0.000397915,4.41565e-06,-0.000402331,-0.00271632,12,False,False,False,i
2018-11-14,2703.5,118.75,-0.00697888,0.00197759,-0.00428635,-0.0034616,0,0.285757,0.142878,-0.00115823,3.49673e-06,-0.00116172,-0.00895647,11,False,False,False,i
2018-11-15,2731.75,118.859,0.0104494,0.000921053,-0.00192397,-0.00118336,0,0.128265,0.0641323,0.0013614,2.02203e-05,0.00134118,0.00952836,10,False,False,False,i
2018-11-16,2738,119.188,0.00228791,0.00276062,-0.00140309,-0.00129664,0,0.0935391,0.0467696,-3.03156e-05,4.4543e-06,-3.47699e-05,-0.000472705,9,False,False,False,i
2018-11-19,2692.5,119.328,-0.016618,0.00117986,-0.00571579,-0.00561361,0,0.381053,0.190526,-0.000832397,3.71284e-05,-0.000869525,-0.0177978,8,False,False,False,i
2018-11-20,2642.5,119.266,-0.0185701,-0.000523766,-0.00994974,-0.0100139,0,0.663316,0.331658,-0.0034383,3.6728e-05,-0.00347503,-0.0180463,7,False,False,False,i
2018-11-21,2650.5,119.234,0.00302744,-0.00026202,-0.00761458,-0.00921953,0,0.507639,0.253819,0.00109097,2.02318e-05,0.00107074,0.00328946,6,False,False,False,i
2018-11-23,2628.5,119.328,-0.00830032,0.000786267,-0.00813998,-0.0114264,0,0.542666,0.271333,-0.00230635,4.56753e-06,-0.00231092,-0.00908659,5,False,False,False,i
2018-11-26,2673.75,119.172,0.0172151,-0.00130941,-0.00362469,-0.00698322,1,0.241646,0.620823,0.00502632,9.05184e-05,0.0049358,0.0185246,4,False,False,False,i
2018-11-27,2682.5,119.234,0.00327256,0.000524453,-0.00110701,-0.0063214,1,0.073801,0.5369,0.00170609,2.17074e-05,0.00168438,0.0027481,3,False,False,False,i
2018-11-28,2744.5,119.266,0.0231128,0.000262089,0.00400061,-0.000884443,1,-0.266708,0.366646,0.0122685,4.36364e-05,0.0122249,0.0228507,2,False,False,False,i
2018-11-29,2738.75,119.484,-0.0020951,0.00183414,0.00285217,-0.00182864,1,-0.190145,0.404928,-0.00144064,9.81977e-06,-0.00145046,-0.00392924,1,False,False,False,i
2018-11-30,2756.5,119.609,0.00648106,0.00104616,0.00220457,-0.000527888,1,-0.146971,0.426514,0.00220074,5.52318e-06,0.00219522,0.0054349,0,True,False,False,i
2018-12-03,2790.75,119.641,0.0124252,0.00104589,0.00485919,0.00218301,-1,-0.323946,-0.661973,0.00485343,0.000277141,0.00457629,0.0113793,18,False,True,False,i
2018-12-04,2703.5,120.062,-0.031264,0.00352619,-0.00386372,-0.00849705,0,0.257581,0.128791,0.0230302,0.000203897,0.0228263,0.0347902,17,False,False,False,i
2018-12-06,2696.75,120.344,-0.00249676,0.00234253,-0.00421292,-0.00966696,0,0.280861,0.140431,-0.000623255,3.0044e-06,-0.000626259,-0.00483929,16,False,False,False,i
2018-12-07,2633.5,120.656,-0.0234542,0.00259673,-0.0101499,-0.0160487,0,0.676657,0.338329,-0.00365834,5.15725e-05,-0.00370991,-0.0260509,15,False,False,False,i
2018-12-10,2637.5,120.719,0.00151889,0.000518001,-0.00920322,-0.0158058,0,0.613548,0.306774,0.00033863,8.21807e-06,0.000330412,0.00100089,14,False,False,False,i
2018-12-11,2637.75,120.453,9.47867e-05,-0.00220036,-0.00498722,-0.0152478,0,0.332482,0.166241,0.000704092,3.65991e-05,0.000667493,0.00229515,13,False,False,False,i
2018-12-12,2651.5,120.172,0.00521278,-0.00233493,-0.00319373,-0.0134189,0,0.212916,0.106458,0.00125474,1.55364e-05,0.0012392,0.00754771,12,False,False,False,i
2018-12-13,2649.5,120.219,-0.00075429,0.000390066,-0.00353868,-0.0136965,0,0.235912,0.117956,-0.000121826,2.98908e-06,-0.000124815,-0.00114436,11,False,False,False,i
2018-12-14,2600.75,120.359,-0.0183997,0.00116974,-0.0084487,-0.0184925,0,0.563247,0.281623,-0.00230833,4.28711e-05,-0.00235121,-0.0195694,10,False,False,False,i
2018-12-17,2551.5,120.656,-0.0201613,0.00246657,-0.0137924,-0.0240586,0,0.919493,0.459746,-0.00637253,4.70278e-05,-0.00641956,-0.0226279,9,False,False,False,i
2018-12-18,2548.75,120.859,-0.0010778,0.0016835,-0.012131,-0.024733,0,0.808734,0.404367,-0.0012695,1.46277e-05,-0.00128412,-0.0027613,8,False,False,False,i
2018-12-19,2506.25,121.141,-0.0166748,0.00232708,-0.0100262,-0.0294161,0,0.668412,0.334206,-0.00768375,1.86629e-05,-0.00770241,-0.0190019,7,False,False,False,i
2018-12-20,2466,121.047,-0.0160599,-0.000773894,-0.0128937,-0.0331973,0,0.859577,0.429789,-0.00510866,2.55993e-05,-0.00513425,-0.015286,6,False,False,False,i
2018-12-21,2415.25,121.062,-0.0205799,0.000129082,-0.0106675,-0.0383419,0,0.711163,0.355582,-0.00890048,2.00514e-05,-0.00892053,-0.020709,5,False,False,False,i
2018-12-24,2342.25,121.531,-0.0302246,0.00387197,-0.0156665,-0.0468666,1,1.04444,1.02222,-0.0121241,0.00018254,-0.0123067,-0.0340966,4,False,False,False,i
2018-12-26,2468.25,120.906,0.0537944,-0.00514271,0.00429932,-0.0326881,1,-0.286621,0.356689,0.0602466,0.000178175,0.0600684,0.0589371,3,False,False,False,i
2018-12-27,2491,121.25,0.00921706,0.00284311,0.00574518,-0.0311335,1,-0.383012,0.308494,0.00227352,1.28529e-05,0.00226067,0.00637394,2,False,False,False,i
2018-12-28,2486.25,121.781,-0.00190686,0.00438144,7.98942e-05,-0.0326745,1,-0.00532628,0.497337,-0.00193991,5.04019e-05,-0.00199031,-0.00628831,1,False,False,False,i
2018-12-31,2509.5,122.047,0.00935143,0.00218116,0.0018474,-0.0309254,1,-0.12316,0.43842,0.00356604,1.56634e-05,0.00355038,0.00717027,0,True,False,False,i
2019-01-02,2511,122.281,0.000597729,0.00192037,0.00145722,-0.0312493,-1,-0.0971481,-0.548574,-0.000579872,0.000262332,-0.000842203,-0.00132264,20,False,True,False,i
2019-01-03,2448.25,123.141,-0.02499,0.00702786,-0.00630005,-0.00777907,0,0.420003,0.210002,0.0175642,0.000203789,0.0173604,-0.0320179,19,False,False,False,i
2019-01-04,2532.75,122.266,0.0345144,-0.0071057,0.00386214,0.00209872,0,-0.257476,-0.128738,0.0087403,8.97088e-05,0.00865059,0.0416201,18,False,False,False,i
2019-01-07,2550.5,121.953,0.00700819,-0.00255591,0.00519988,0.00438273,0,-0.346659,-0.173329,-0.00123126,1.17749e-05,-0.00124304,-0.0095641,17,False,False,False,i
2019-01-08,2574.5,121.656,0.00940992,-0.00243434,0.00792858,0.00720143,0,-0.528572,-0.264286,-0.00205296,2.3925e-05,-0.00207688,-0.0118443,16,False,False,False,i
2019-01-09,2586.25,121.734,0.00456399,0.000642178,0.00835882,0.00813399,0,-0.557255,-0.278627,-0.00103648,3.76527e-06,-0.00104025,-0.00392181,15,False,False,False,i
2019-01-10,2596.75,121.672,0.00405993,-0.000513413,0.00709141,0.00922139,0,-0.472761,-0.23638,-0.00127426,1.10732e-05,-0.00128533,-0.00457335,14,False,False,False,i
2019-01-11,2596.25,121.953,-0.000192548,0.00231154,0.0061779,0.0086257,0,-0.41186,-0.20593,0.000591919,7.98189e-06,0.000583937,0.00250409,13,False,False,False,i
2019-01-14,2581.25,121.953,-0.00577756,0,0.00437886,0.00724463,0,-0.291924,-0.145962,0.00118977,1.57568e-05,0.00117402,0.00577756,12,False,False,False,i
2019-01-15,2610.5,121.828,0.0113317,-0.00102498,0.00736755,0.0101727,0,-0.49117,-0.245585,-0.00180361,2.60553e-05,-0.00182966,-0.0123567,11,False,False,False,i
2019-01-16,2616.5,121.734,0.00229841,-0.000769527,0.00792511,0.0109017,0,-0.528341,-0.26417,-0.00075344,4.85618e-06,-0.000758296,-0.00306794,10,False,False,False,i
2019-01-17,2636,121.516,0.0074527,-0.00179695,0.0092068,0.0130919,0,-0.613787,-0.306893,-0.00244348,1.11294e-05,-0.00245461,-0.00924965,9,False,False,False,i
2019-01-18,2670.5,121.156,0.013088,-0.00295744,0.0127431,0.016872,0,-0.849542,-0.424771,-0.00492424,3.05455e-05,-0.00495479,-0.0160455,8,False,False,False,i
2019-01-22,2636,121.469,-0.0129189,0.00257931,0.00589688,0.0131834,0,-0.393125,-0.196563,0.00658321,5.94485e-05,0.00652376,0.0154982,7,False,False,False,i
2019-01-23,2639.25,121.422,0.00123293,-0.000385902,0.00263505,0.0135671,0,-0.17567,-0.087835,-0.000318202,2.83095e-05,-0.000346511,-0.00161883,6,False,False,False,i
2019-01-24,2641.5,121.719,0.000852515,0.00244499,0.00249757,0.0131901,0,-0.166505,-0.0832523,0.000139875,1.19279e-06,0.000138682,0.00159247,5,False,False,False,i
2019-01-25,2663.25,121.438,0.00823396,-0.00231065,0.00502706,0.0156808,-1,-0.335137,-0.667569,-0.000877863,0.00015158,-0.00102944,-0.0105446,4,False,False,False,i
2019-01-28,2642.75,121.484,-0.00769736,0.000386001,0.00298982,0.0137593,-1,-0.199321,-0.599661,0.0053962,1.76717e-05,0.00537853,0.00808336,3,False,False,False,i
2019-01-29,2638.75,121.781,-0.00151357,0.00244373,0.00208775,0.0128212,-1,-0.139183,-0.569592,0.00237304,7.82967e-06,0.00236521,0.0039573,2,False,False,False,i
2019-01-30,2680.25,122.062,0.0157271,0.00230947,0.00530525,0.0159717,-1,-0.353683,-0.676842,-0.00764259,2.77506e-05,-0.00767035,-0.0134177,1,False,False,False,i
2019-01-31,2702.75,122.5,0.00839474,0.00358423,0.00635961,0.0171022,-1,-0.423974,-0.711987,-0.00325595,9.06323e-06,-0.00326502,-0.00481051,0,True,False,False,i
2019-02-01,2704.5,121.906,0.000647489,-0.00484694,0.0073687,0.0184023,1,-0.491247,0.254377,-0.00391196,0.000249139,-0.0041611,-0.00549443,18,False,True,False,i
2019-02-04,2723.75,121.688,0.00711777,-0.00179441,0.00924736,0.00213135,0,-0.616491,-0.308245,0.00226705,0.000144638,0.00212241,-0.00891218,17,False,False,False,i
2019-02-05,2735,121.859,0.00413034,0.00141243,0.00809224,0.0027805,0,-0.539483,-0.269741,-0.000837782,9.88227e-06,-0.000847664,-0.00271791,16,False,False,False,i
2019-02-06,2731,121.969,-0.00146252,0.000897551,0.00475535,0.00221511,0,-0.317024,-0.158512,0.00063661,2.85644e-05,0.000608045,0.00236007,15,False,False,False,i
2019-02-07,2704.5,122.234,-0.00970341,0.00217781,0.00125776,-0.000645293,0,-0.0838508,-0.0419254,0.00188331,3.00572e-05,0.00185326,0.0118812,14,False,False,False,i
2019-02-08,2707.5,122.312,0.00110926,0.000639141,0.00148056,-0.000532508,0,-0.098704,-0.049352,-1.971e-05,1.91381e-06,-2.16238e-05,0.000470121,13,False,False,False,i
2019-02-11,2708.75,122.141,0.000461681,-0.00140521,0.00215406,-8.41269e-05,0,-0.143604,-0.071802,-9.21349e-05,5.7842e-06,-9.79191e-05,0.00186689,12,False,False,False,i
2019-02-12,2744,121.984,0.0130134,-0.00127926,0.00553554,0.0033215,0,-0.369036,-0.184518,-0.00102624,2.88914e-05,-0.00105513,0.0142926,11,False,False,False,i
2019-02-13,2752,121.734,0.00291545,-0.00204944,0.00658934,0.0045086,0,-0.439289,-0.219645,-0.000916113,8.99322e-06,-0.000925106,-0.00496489,10,False,False,False,i
2019-02-14,2745.5,122.172,-0.00236192,0.00359389,0.00456068,0.00308469,0,-0.304046,-0.152023,0.00130816,1.73291e-05,0.00129083,0.00595581,9,False,False,False,i
2019-02-15,2775.75,122.047,0.011018,-0.00102315,0.00617392,0.00594916,0,-0.411594,-0.205797,-0.00183053,1.37207e-05,-0.00184425,-0.0120412,8,False,False,False,i
2019-02-19,2780.25,122.25,0.00162118,0.00166432,0.00599755,0.00593888,0,-0.399837,-0.199918,8.87729e-06,1.49906e-06,7.37823e-06,4.31361e-05,7,False,False,False,i
2019-02-20,2786,122.188,0.00206816,-0.000511247,0.00661311,0.00655413,0,-0.440874,-0.220437,-0.000515671,5.22781e-06,-0.000520898,-0.00257941,6,False,False,False,i
2019-02-21,2775.25,121.875,-0.00385858,-0.00255754,0.00627784,0.0062426,0,-0.418522,-0.209261,0.000286796,2.85175e-06,0.000283944,0.00130103,5,False,False,False,i
2019-02-22,2792.25,122.141,0.00612557,0.00217949,0.00716055,0.0071803,-1,-0.47737,-0.738685,-0.000825763,0.000134768,-0.000960531,-0.00394609,4,False,False,False,i
2019-02-25,2796.5,122.031,0.00152207,-0.000895484,0.00770055,0.00775658,-1,-0.51337,-0.756685,-0.00178581,4.57926e-06,-0.00179039,-0.00241755,3,False,False,False,i
2019-02-26,2793.75,122.281,-0.000983372,0.00204866,0.00647684,0.00703393,-1,-0.431789,-0.715895,0.00229429,1.03813e-05,0.00228391,0.00303203,2,False,False,False,i
2019-02-27,2792.75,121.984,-0.000357942,-0.0024278,0.00690186,0.00752826,-1,-0.460124,-0.730062,-0.0014818,3.60616e-06,-0.00148541,-0.00206986,1,False,False,False,i
2019-02-28,2785,121.703,-0.00277504,-0.00230562,0.00677046,0.00741605,-1,-0.451364,-0.725682,0.000342705,1.11609e-06,0.000341589,0.000469419,0,True,False,False,i
2019-03-01,2804.5,121.562,0.0070018,-0.00320307,0.00920212,0.00984225,1,-0.613475,0.193263,-0.00740549,0.000233521,-0.00763901,-0.0102049,20,False,True,False,i
2019-03-04,2793.25,121.875,-0.00401141,0.00257069,0.00753898,-0.00158189,0,-0.502599,-0.251299,-0.00127207,0.00011315,-0.00138522,0.0065821,19,False,False,False,i
2019-03-05,2790,121.906,-0.00116352,0.00025641,0.00550541,-0.00192332,0,-0.367027,-0.183514,0.000356827,1.72608e-05,0.000339566,-0.00141993,18,False,False,False,i
2019-03-06,2772,122.203,-0.00645161,0.00243527,0.00338975,-0.00406572,0,-0.225983,-0.112992,0.00163086,1.80035e-05,0.00161286,-0.00888689,17,False,False,False,i
2019-03-07,2749,122.578,-0.00829726,0.00306866,0.000742231,-0.00681278,0,-0.0494821,-0.024741,0.00128425,2.2604e-05,0.00126165,-0.0113659,16,False,False,False,i
2019-03-08,2743.25,122.734,-0.00209167,0.0012747,0.000441812,-0.00762572,0,-0.0294541,-0.0147271,8.32874e-05,2.56707e-06,8.07204e-05,-0.00336637,15,False,False,False,i
2019-03-11,2788,122.641,0.014556,-0.000763845,0.00451186,-0.00395697,0,-0.30079,-0.150395,-0.000225617,3.4556e-05,-0.000260173,0.0153199,14,False,False,False,i
2019-03-12,2797.25,122.875,0.00331779,0.00191107,0.00486937,-0.00361919,0,-0.324624,-0.162312,-0.000211564,3.03142e-06,-0.000214595,0.00140672,13,False,False,False,i
2019-03-13,2816.25,122.844,0.00679239,-0.000254323,0.00613686,-0.00192965,0,-0.409124,-0.204562,-0.00114377,1.07189e-05,-0.00115449,0.00704671,12,False,False,False,i
2019-03-14,2814,122.719,-0.000798935,-0.00101755,0.00612431,-0.00187705,0,-0.408287,-0.204144,-4.47209e-05,1.06198e-07,-4.48271e-05,0.000218618,11,False,False,False,i
2019-03-15,2828.25,122.969,0.00506397,0.00203718,0.00655568,-0.00115228,0,-0.437045,-0.218523,-0.000617899,3.64196e-06,-0.000621541,0.00302679,10,False,False,False,i
2019-03-18,2838.5,122.859,0.00362415,-0.000889454,0.00760291,-6.99444e-05,0,-0.506861,-0.25343,-0.000986325,8.82896e-06,-0.000995154,0.0045136,9,False,False,False,i
2019-03-19,2840,122.75,0.000528448,-0.000890245,0.00776349,0.000270575,0,-0.517566,-0.258783,-0.00035954,1.35353e-06,-0.000360894,0.00141869,8,False,False,False,i
2019-03-20,2829.5,123.484,-0.00369718,0.00598269,0.00521127,-0.00205167,0,-0.347418,-0.173709,0.00250499,2.15439e-05,0.00248344,0.00967987,7,False,False,False,i
2019-03-21,2861,123.375,0.0111327,-0.00088574,0.00815333,0.000819548,0,-0.543555,-0.271778,-0.00208771,2.47278e-05,-0.00211244,0.0120184,6,False,False,False,i
2019-03-22,2806,124.172,-0.019224,0.00645897,0.00184523,-0.00539591,0,-0.123016,-0.0615078,0.00698007,5.34223e-05,0.00692665,0.025683,5,False,False,False,i
2019-03-25,2803.5,124.375,-0.000890948,0.00163584,0.00115905,-0.00600491,1,-0.07727,0.461365,0.000155417,0.00013289,2.25266e-05,-0.00252679,4,False,False,False,i
2019-03-26,2823.25,124.359,0.00704477,-0.000125628,0.00362547,-0.00428278,1,-0.241698,0.379151,0.00330817,2.08376e-05,0.00328733,0.00717039,3,False,False,False,i
2019-03-27,2810,124.578,-0.00469317,0.00175901,0.00210507,-0.00583996,1,-0.140338,0.429831,-0.00244635,1.28688e-05,-0.00245922,-0.00645219,2,False,False,False,i
2019-03-28,2820,124.547,0.00355872,-0.000250847,0.00306913,-0.00492319,1,-0.204608,0.397696,0.00163747,8.14849e-06,0.00162932,0.00380957,1,False,False,False,i
2019-03-29,2838,124.297,0.00638298,-0.00200728,0.00503621,-0.00290749,1,-0.335747,0.332126,0.00333677,1.65852e-05,0.00332018,0.00839026,0,True,False,False,i
2019-04-01,2871,123.625,0.0116279,-0.00540541,0.00900941,0.00117083,-1,-0.600627,-0.800314,0.00565721,0.000285156,0.00537206,0.0170333,20,False,True,False,i
2019-04-02,2871.5,123.797,0.000174155,0.00139029,0.00774578,-0.00029168,0,-0.516385,-0.258193,0.000973292,0.0001365,0.000836792,0.00121614,19,False,False,False,i
2019-04-03,2876.5,123.5,0.00174125,-0.00239808,0.00774786,0.000701917,0,-0.516524,-0.258262,-0.00106874,1.74273e-08,-0.00106876,0.00413933,18,False,False,False,i
2019-04-04,2883,123.578,0.00225969,0.000632591,0.00809686,0.00109156,0,-0.539791,-0.269895,-0.000420218,2.92465e-06,-0.000423142,-0.0016271,17,False,False,False,i
2019-04-05,2896.25,123.609,0.00459591,0.000252876,0.00820716,0.00212996,0,-0.547144,-0.273572,-0.00117216,9.22701e-07,-0.00117309,-0.00434303,16,False,False,False,i
2019-04-08,2898.75,123.469,0.000863185,-0.00113766,0.00757921,0.00260927,0,-0.505281,-0.25264,-0.000547374,5.25115e-06,-0.000552625,-0.00200084,15,False,False,False,i
2019-04-09,2883.75,123.609,-0.00517464,0.00113895,0.00287055,0.00109331,0,-0.19137,-0.095685,0.00159507,3.94547e-05,0.00155562,0.0063136,14,False,False,False,i
2019-04-10,2893.5,123.828,0.00338101,0.00176969,0.00331365,0.00147862,0,-0.22091,-0.110455,-0.00015418,3.70798e-06,-0.000157888,-0.00161133,13,False,False,False,i
2019-04-11,2892.25,123.594,-0.000432003,-0.00189274,0.00367382,0.00182911,0,-0.244922,-0.122461,-0.000161346,3.01452e-06,-0.000164361,-0.00146074,12,False,False,False,i
2019-04-12,2912,123.078,0.00682859,-0.00417193,0.0062855,0.00445874,0,-0.419034,-0.209517,-0.00134713,2.18017e-05,-0.00136894,-0.0110005,11,False,False,False,i
2019-04-15,2910,123.203,-0.000686813,0.00101562,0.00577783,0.0040517,0,-0.385189,-0.192594,0.000356687,4.23905e-06,0.000352448,0.00170243,10,False,False,False,i
2019-04-16,2911.75,122.844,0.000601375,-0.00291693,0.0054919,0.00489386,0,-0.366127,-0.183063,-0.000677606,2.38695e-06,-0.000679993,-0.00351831,9,False,False,False,i
2019-04-17,2903.5,122.844,-0.00283335,0,0.00478149,0.00421553,0,-0.318766,-0.159383,0.000518682,5.93701e-06,0.000512745,0.00283335,8,False,False,False,i
2019-04-18,2908.5,123.109,0.00172206,0.0021623,0.00446743,0.00411045,0,-0.297829,-0.148914,7.01668e-05,2.62294e-06,6.75439e-05,0.00044024,7,False,False,False,i
2019-04-22,2911.5,122.938,0.00103146,-0.00139612,0.00505177,0.00469099,0,-0.336785,-0.168392,-0.000361501,4.87827e-06,-0.000366379,-0.00242758,6,False,False,False,i
2019-04-23,2936.75,123.141,0.00867251,0.00165226,0.00669693,0.00635927,0,-0.446462,-0.223231,-0.00118216,1.3689e-05,-0.00119584,-0.00702024,5,False,False,False,i
2019-04-24,2930.25,123.547,-0.00221333,0.00329907,0.0053172,0.00504347,-1,-0.35448,-0.67724,0.00123054,0.000113427,0.00111711,0.0055124,4,False,False,False,i
2019-04-25,2928,123.406,-0.000767853,-0.00113823,0.00494215,0.00513206,-1,-0.329476,-0.664738,-0.000250836,3.12427e-06,-0.00025396,-0.000370379,3,False,False,False,i
2019-04-26,2941.75,123.656,0.00469604,0.00202583,0.00557448,0.00576778,-1,-0.371632,-0.685816,-0.00177499,5.25805e-06,-0.00178025,-0.00267021,2,False,False,False,i
2019-04-29,2945,123.469,0.00110478,-0.0015163,0.00617586,0.00639369,-1,-0.411724,-0.705862,-0.00179758,4.99865e-06,-0.00180258,-0.00262108,1,False,False,False,i
2019-04-30,2946.5,123.688,0.000509338,0.0017717,0.00585065,0.00609269,-1,-0.390043,-0.695022,0.000891056,2.70264e-06,0.000888353,0.00126237,0,True,False,False,i
2019-05-01,2924.75,123.562,-0.00738164,-0.00101061,0.0042931,0.0045642,1,-0.286206,0.356897,0.004428,0.000262994,0.00416501,0.00637103,21,False,True,False,i
2019-05-02,2918.75,123.234,-0.00205146,-0.00265554,0.00449695,0.000145313,0,-0.299796,-0.149898,0.000215595,0.000126806,8.87891e-05,-0.000604081,20,False,False,False,i
2019-05-03,2945.75,123.359,0.00925054,0.00101433,0.00650191,0.00211006,0,-0.433461,-0.21673,-0.00123459,1.66634e-05,-0.00125126,-0.00823621,19,False,False,False,i
2019-05-06,2934,123.625,-0.0039888,0.00215326,0.00495827,0.000636307,0,-0.330551,-0.165276,0.00133117,1.28489e-05,0.00131832,0.00614206,18,False,False,False,i
2019-05-07,2885,123.953,-0.0167007,0.0026542,0.000329129,-0.00404844,0,-0.0219419,-0.010971,0.0031989,3.87819e-05,0.00316012,0.0193549,17,False,False,False,i
2019-05-08,2880.25,123.734,-0.00164645,-0.00176478,0.000537837,-0.00401989,0,-0.0358558,-0.0179279,-1.29822e-06,1.74963e-06,-3.04785e-06,0.000118333,16,False,False,False,i
2019-05-09,2871,124,-0.00321153,0.00214674,-0.000262246,-0.00531145,0,0.0174831,0.00874153,9.60624e-05,6.71553e-06,8.93469e-05,-0.00535826,15,False,False,False,i
2019-05-10,2884,123.891,0.00452804,-0.000882056,0.00108272,-0.00401047,0,-0.0721811,-0.0360905,4.72925e-05,1.12693e-05,3.60232e-05,0.0054101,14,False,False,False,i
2019-05-13,2812.75,124.484,-0.0247053,0.00479253,-0.00599756,-0.0112051,0,0.399837,0.199919,0.00106459,5.99053e-05,0.00100469,-0.0294978,13,False,False,False,i
2019-05-14,2835.75,124.375,0.00817705,-0.000878624,-0.00354832,-0.00902234,0,0.236554,0.118277,0.0018104,2.06568e-05,0.00178974,0.00905568,12,False,False,False,i
2019-05-15,2853,124.703,0.00608305,0.00263819,-0.000855497,-0.00819351,0,0.0570331,0.0285166,0.000407448,2.26575e-05,0.00038479,0.00344486,11,False,False,False,i
2019-05-16,2878,124.5,0.00876271,-0.00162887,0.001597,-0.0056945,0,-0.106467,-0.0532334,0.000296332,2.05658e-05,0.000275766,0.0103916,10,False,False,False,i
2019-05-17,2860.75,124.5,-0.00599375,0,5.9778e-05,-0.00714479,0,-0.0039852,-0.0019926,0.000319067,1.29207e-05,0.000306147,-0.00599375,9,False,False,False,i
2019-05-20,2841.25,124.297,-0.00681639,-0.00163153,-0.00135006,-0.00840222,0,0.0900037,0.0450019,1.03314e-05,1.18815e-05,-1.55012e-06,-0.00518487,8,False,False,False,i
2019-05-21,2866.25,124.109,0.00879894,-0.00150849,0.00116275,-0.00592322,0,-0.0775167,-0.0387584,0.000463853,2.11049e-05,0.000442749,0.0103074,7,False,False,False,i
2019-05-22,2857.5,124.469,-0.00305277,0.00289563,-0.000405892,-0.00735859,0,0.0270595,0.0135297,0.00023055,1.31906e-05,0.00021736,-0.0059484,6,False,False,False,i
2019-05-23,2822.75,125.016,-0.012161,0.00439367,-0.00434695,-0.0113769,0,0.289797,0.144898,-0.00022398,3.32984e-05,-0.000257278,-0.0165547,5,False,False,False,i
2019-05-24,2828,124.984,0.00185989,-0.000249969,-0.00347705,-0.0108666,1,0.231803,0.615902,0.000305715,0.0001193,0.000186415,0.00210986,4,False,False,False,i
2019-05-28,2801.25,125.438,-0.00945898,0.00362545,-0.00637324,-0.0140467,1,0.424883,0.712441,-0.00805872,2.45438e-05,-0.00808327,-0.0130844,3,False,False,False,i
2019-05-29,2782.75,125.391,-0.00660419,-0.000373692,-0.0077608,-0.0155644,1,0.517387,0.758693,-0.00443887,1.17896e-05,-0.00445066,-0.0062305,2,False,False,False,i
2019-05-30,2789.25,125.734,0.00233582,0.00274143,-0.00485094,-0.0156627,1,0.323396,0.661698,-0.000307737,2.47013e-05,-0.000332438,-0.000405614,1,False,False,False,i
2019-05-31,2752,126.406,-0.0133548,0.00534361,-0.0088691,-0.0202298,1,0.591273,0.795637,-0.0123727,3.42915e-05,-0.012407,-0.0186985,0,True,False,False,i
2019-06-03,2743.75,127.312,-0.00299782,0.00406654,-0.0104026,-0.021951,-1,0.693509,-0.153245,-0.00562067,0.000243226,-0.00586389,-0.00706436,19,False,True,False,i
2019-06-04,2803.25,126.938,0.0216856,-0.00294551,0.000482223,0.00584234,0,-0.0321482,-0.0160741,-0.00377461,3.48639e-05,-0.00380948,0.0246312,18,False,False,False,i
2019-06-05,2827.25,126.984,0.00856149,0.000369276,0.00266504,0.00778825,0,-0.17767,-0.0888348,-0.000131683,1.84314e-05,-0.000150114,-0.00819221,17,False,False,False,i
2019-06-06,2845,126.906,0.00627819,-0.000615233,0.00303814,0.00942566,0,-0.202543,-0.101271,-0.000612376,3.14269e-06,-0.000615518,-0.00689342,16,False,False,False,i
2019-06-07,2873.5,127.266,0.0100176,0.00283181,0.00432059,0.0111238,0,-0.288039,-0.14402,-0.000727712,1.07606e-05,-0.000738472,-0.00718576,15,False,False,False,i
2019-06-10,2886.75,126.734,0.0046111,-0.00417434,0.00579704,0.0132092,0,-0.386469,-0.193235,-0.00126528,1.23664e-05,-0.00127764,-0.00878544,14,False,False,False,i
2019-06-11,2886.25,126.719,-0.000173205,-0.000123289,0.00499938,0.0131974,0,-0.333292,-0.166646,9.64546e-06,6.68146e-06,2.96399e-06,4.99158e-05,13,False,False,False,i
2019-06-12,2880.75,127.047,-0.00190559,0.0025894,0.00284263,0.012131,0,-0.189508,-0.0947542,0.000749071,1.80791e-05,0.000730992,0.00449498,12,False,False,False,i
2019-06-13,2893.25,127.328,0.00433915,0.00221375,0.00339115,0.0126339,0,-0.226077,-0.113038,-0.00020139,4.59033e-06,-0.000205981,-0.0021254,11,False,False,False,i
2019-06-14,2888.5,127.359,-0.00164175,0.000245429,0.00294155,0.0121856,0,-0.196103,-0.0980516,0.000213324,3.76488e-06,0.000209559,0.00188718,10,False,False,False,i
2019-06-17,2894.75,127.297,0.000691384,-0.000490737,0.00324189,0.0124662,0,-0.216126,-0.108063,-0.000115909,2.51292e-06,-0.000118422,-0.00118212,9,False,False,False,i
2019-06-18,2923.5,127.453,0.00993177,0.00122745,0.00530068,0.0145187,0,-0.353378,-0.176689,-0.000940616,1.71603e-05,-0.000957776,-0.00870433,8,False,False,False,i
2019-06-19,2931,127.812,0.00256542,0.00281966,0.00516026,0.0144587,0,-0.344018,-0.172009,4.49225e-05,1.1692e-06,4.37533e-05,0.000254246,7,False,False,False,i
2019-06-20,2958.5,127.953,0.00938246,0.00110024,0.00650335,0.0164086,0,-0.433557,-0.216778,-0.00142461,1.11441e-05,-0.00143576,-0.00828222,6,False,False,False,i
2019-06-21,2955,127.578,-0.00118303,-0.00293076,0.00684524,0.0168227,0,-0.456349,-0.228175,-0.00037887,2.83803e-06,-0.000381708,-0.00174773,5,False,False,False,i
2019-06-24,2951,127.953,-0.00135364,0.00293938,0.00432801,0.0158083,-1,-0.288534,-0.644267,0.000979556,0.000103675,0.000875882,0.00429301,4,False,False,False,i
2019-06-25,2922,128.125,-0.00982718,0.00134327,0.00168251,0.0131508,-1,-0.112167,-0.556084,0.00719675,2.2055e-05,0.00717469,0.0111704,3,False,False,False,i
2019-06-26,2918.75,127.625,-0.00111225,-0.00390244,0.00259951,0.0138141,-1,-0.173301,-0.58665,-0.00155158,7.64813e-06,-0.00155923,-0.00279019,2,False,False,False,i
2019-06-27,2928,127.875,0.00316916,0.00195886,0.00309762,0.0141002,-1,-0.206508,-0.603254,-0.000710024,4.1494e-06,-0.000714173,-0.0012103,1,False,False,False,i
2019-06-28,2943.25,127.906,0.00520833,0.000244379,0.00427075,0.0152727,-1,-0.284717,-0.642358,-0.00299453,9.75307e-06,-0.00300428,-0.00496395,0,True,False,False,i
2019-07-01,2968.25,127.766,0.00849401,-0.00109944,0.00650824,0.0175327,1,-0.433883,0.283059,-0.00616243,0.000230069,-0.0063925,-0.00959345,21,False,True,False,i
2019-07-02,2976.75,128.109,0.00286364,0.00269047,0.00629074,4.14442e-05,0,-0.419383,-0.209691,4.90164e-05,0.00012237,-7.33539e-05,-0.000173167,20,False,False,False,i
2019-07-03,3001,128.219,0.00814647,0.000853763,0.00644709,0.00178253,0,-0.429806,-0.214903,-0.00152922,1.29029e-06,-0.00153051,-0.00729271,19,False,False,False,i
2019-07-05,2995,127.531,-0.00199933,-0.00536193,0.0071853,0.00259104,0,-0.47902,-0.23951,-0.000722632,6.09682e-06,-0.000728729,-0.0033626,18,False,False,False,i
2019-07-08,2979.75,127.359,-0.00509182,-0.00134771,0.00396648,0.00169118,0,-0.264432,-0.132216,0.000896752,2.66354e-05,0.000870116,0.00374411,17,False,False,False,i
2019-07-09,2983.5,127.25,0.00125849,-0.00085879,0.00444389,0.00219839,0,-0.29626,-0.14813,-0.000279939,3.94865e-06,-0.000283888,-0.00211729,16,False,False,False,i
2019-07-10,2996.75,127.453,0.00444109,0.00159627,0.00510222,0.00287764,0,-0.340148,-0.170074,-0.000421403,5.43587e-06,-0.000426839,-0.00284483,15,False,False,False,i
2019-07-11,3003.5,126.906,0.00225244,-0.00429079,0.00663995,0.00444474,0,-0.442663,-0.221332,-0.00111283,1.26865e-05,-0.00112552,-0.00654323,14,False,False,False,i
2019-07-12,3017,127.031,0.00449476,0.000984979,0.00741441,0.00528129,0,-0.494294,-0.247147,-0.000776825,6.37861e-06,-0.000783204,-0.00350978,13,False,False,False,i
2019-07-15,3018,127.203,0.000331455,0.00135301,0.00584037,0.00503741,0,-0.389358,-0.194679,0.000252475,1.29625e-05,0.000239513,0.00102156,12,False,False,False,i
2019-07-16,3007.5,126.938,-0.00347913,-0.0020882,0.00551672,0.00470404,0,-0.367781,-0.183891,0.000270785,2.66888e-06,0.000268116,0.00139093,11,False,False,False,i
2019-07-17,2987.25,127.453,-0.00673317,0.00406204,0.00294496,0.00211721,0,-0.19633,-0.0981652,0.00198514,2.12608e-05,0.00196388,0.0107952,10,False,False,False,i
2019-07-18,2997.5,127.75,0.00343125,0.00232929,0.00330781,0.00238042,0,-0.220521,-0.11026,-0.000108174,2.99588e-06,-0.00011117,-0.00110196,9,False,False,False,i
2019-07-19,2979.75,127.5,-0.0059216,-0.00195695,0.00268127,0.00142667,0,-0.178751,-0.0893756,0.000437145,5.18461e-06,0.00043196,0.00396465,8,False,False,False,i
2019-07-22,2987.75,127.562,0.00268479,0.000490196,0.00324251,0.00195179,0,-0.216167,-0.108084,-0.000196143,4.63948e-06,-0.000200783,-0.00219459,7,False,False,False,i
2019-07-23,3007.5,127.406,0.00661033,-0.00122489,0.00509085,0.00382262,0,-0.33939,-0.169695,-0.000846858,1.52414e-05,-0.000862099,-0.00783522,6,False,False,False,i
2019-07-24,3021.5,127.531,0.00465503,0.000981114,0.00589383,0.0046987,0,-0.392922,-0.196461,-0.000623445,6.60982e-06,-0.000630055,-0.00367392,5,False,False,False,i
2019-07-25,3006.75,127.297,-0.00488168,-0.00183778,0.00504116,0.0039684,-1,-0.336077,-0.668039,0.000598007,0.00011667,0.000481337,0.0030439,4,False,False,False,i
2019-07-26,3026.75,127.281,0.0066517,-0.000122745,0.00662046,0.00558238,-1,-0.441364,-0.720682,-0.00452559,1.29918e-05,-0.00453858,-0.00677444,3,False,False,False,i
2019-07-29,3021.5,127.375,-0.00173453,0.000736558,0.00596808,0.00499171,-1,-0.397872,-0.698936,0.00178087,5.37013e-06,0.0017755,0.00247109,2,False,False,False,i
2019-07-30,3014.75,127.375,-0.00223399,0,0.00535617,0.00445711,-1,-0.357078,-0.678539,0.00156142,5.04128e-06,0.00155637,0.00223399,1,False,False,False,i
2019-07-31,2979.5,127.531,-0.0116925,0.00122669,0.00227039,0.00134781,-1,-0.151359,-0.57568,0.00876618,2.55354e-05,0.00874065,0.0129192,0,True,False,False,i
2019-08-01,2954,128.766,-0.00855848,0.009679,-0.00198292,-0.00302988,1,0.132195,0.566097,0.0104989,0.000284378,0.0102146,0.0182375,21,False,True,False,i
2019-08-02,2932,128.906,-0.00744753,0.0010921,-0.0029953,-0.00205781,0,0.199686,0.0998432,-0.00483426,0.00011646,-0.00495072,-0.00853963,20,False,False,False,i
2019-08-05,2844.25,129.781,-0.0299284,0.00678788,-0.0111823,-0.0110206,0,0.745488,0.372744,-0.00366587,6.89685e-05,-0.00373484,-0.0367163,19,False,False,False,i
2019-08-06,2881.5,129.938,0.0130966,0.00120395,-0.00649656,-0.00816503,0,0.433104,0.216552,0.00443292,3.92747e-05,0.00439364,0.0118926,18,False,False,False,i
2019-08-07,2883.25,129.906,0.000607323,-0.0002405,-0.00227438,-0.00796028,0,0.151625,0.0758127,0.000183598,3.53807e-05,0.000148217,0.000847823,17,False,False,False,i
2019-08-08,2939,129.906,0.0193358,0,0.00208109,-0.00334298,0,-0.13874,-0.0693698,0.0014659,3.62303e-05,0.00142967,0.0193358,16,False,False,False,i
2019-08-09,2918.5,129.688,-0.00697516,-0.00168391,0.000630708,-0.00462256,0,-0.0420472,-0.0210236,0.000367053,1.20971e-05,0.000354956,-0.00529125,15,False,False,False,i
2019-08-12,2883.5,130.328,-0.0119925,0.00493976,-0.00417491,-0.00872266,0,0.278327,0.139164,0.000355976,4.02684e-05,0.000315708,-0.0169322,14,False,False,False,i
2019-08-13,2927.25,129.828,0.0151725,-0.00383647,0.000524908,-0.00416254,0,-0.0349938,-0.0174969,0.00264536,3.91545e-05,0.00260621,0.019009,13,False,False,False,i
2019-08-14,2841.25,130.438,-0.0293791,0.00469371,-0.00802552,-0.0124979,0,0.535035,0.267517,0.000596169,7.20594e-05,0.00052411,-0.0340728,12,False,False,False,i
2019-08-15,2848,131.141,0.00237571,0.00539051,-0.0084313,-0.0132259,0,0.562087,0.281043,-0.000806511,3.41662e-06,-0.000809927,-0.0030148,11,False,False,False,i
2019-08-16,2890,130.891,0.0147472,-0.00190635,-0.00197271,-0.0092194,0,0.131514,0.065757,0.00468037,5.40724e-05,0.0046263,0.0166535,10,False,False,False,i
2019-08-19,2924.5,130.359,0.0119377,-0.00405873,0.00173934,-0.00537286,0,-0.115956,-0.057978,0.00105188,3.09365e-05,0.00102094,0.0159964,9,False,False,False,i
2019-08-20,2901,130.828,-0.00803556,0.00359583,-0.00210315,-0.00818589,0,0.14021,0.0701049,0.000674364,3.21229e-05,0.000642241,-0.0116314,8,False,False,False,i
2019-08-21,2924.75,130.516,0.00818683,-0.00238863,0.00015387,-0.00564103,0,-0.010258,-0.005129,0.000741392,1.88095e-05,0.000722582,0.0105755,7,False,False,False,i
2019-08-22,2923.25,130.297,-0.000512864,-0.00167604,0.00035657,-0.00536031,0,-0.0237714,-0.0118857,-5.96595e-06,1.6896e-06,-7.65554e-06,0.00116318,6,False,False,False,i
2019-08-23,2847.75,131,-0.0258274,0.00539633,-0.00724646,-0.012987,0,0.483098,0.241549,0.000371116,6.40182e-05,0.000307097,-0.0312237,5,False,False,False,i
2019-08-26,2879.5,130.844,0.0111492,-0.00119275,-0.00399412,-0.010013,1,0.266275,0.633137,0.00298117,9.84917e-05,0.00288268,0.0123419,4,False,False,False,i
2019-08-27,2868,131.25,-0.00399375,0.00310485,-0.00523535,-0.011732,1,0.349024,0.674512,-0.00449439,1.04226e-05,-0.00450481,-0.0070986,3,False,False,False,i
2019-08-28,2888.25,131.328,0.00706067,0.000595238,-0.00361857,-0.0101729,1,0.241238,0.620619,0.00436101,1.35391e-05,0.00434747,0.00646543,2,False,False,False,i
2019-08-29,2924.75,131.094,0.0126374,-0.00178465,-0.000224008,-0.00670706,1,0.0149339,0.507467,0.00895061,2.82896e-05,0.00892232,0.0144221,1,False,False,False,i
2019-08-30,2923.25,131.109,-0.000512864,0.00011919,-0.00050799,-0.00685961,1,0.033866,0.516933,-0.000320746,2.36712e-06,-0.000323114,-0.000632054,0,True,False,False,i
2019-09-03,2906.25,132.031,-0.00581545,0.00189708,-0.00272643,-0.00872583,-1,0.181762,-0.409119,-0.00398686,0.00023209,-0.00421895,-0.00771253,19,False,True,False,i
2019-09-04,2938.25,132.297,0.0110108,0.00201183,-0.00050664,0.00214385,0,0.033776,0.016888,-0.00368163,0.00010632,-0.00378795,0.00899892,18,False,False,False,i
2019-09-05,2976.25,131.297,0.0129329,-0.00755876,0.00429662,0.00702961,0,-0.286441,-0.143221,0.000346062,3.97642e-05,0.000306298,-0.0204916,17,False,False,False,i
2019-09-06,2978.75,131.359,0.000839983,0.00047602,0.00419533,0.00711637,0,-0.279689,-0.139844,-5.2127e-05,8.3822e-07,-5.29652e-05,-0.000363963,16,False,False,False,i
2019-09-09,2979.25,130.734,0.000167856,-0.00475794,0.00390819,0.00829338,0,-0.260546,-0.130273,-0.000688845,2.37623e-06,-0.000691222,-0.0049258,15,False,False,False,i
2019-09-10,2979.5,129.953,8.39137e-05,-0.00597586,0.00531545,0.00974057,0,-0.354364,-0.177182,-0.000789425,1.16453e-05,-0.00080107,-0.00605977,14,False,False,False,i
2019-09-11,3000.5,129.812,0.00704816,-0.00108212,0.0067401,0.0116678,0,-0.44934,-0.22467,-0.00144054,1.17579e-05,-0.0014523,-0.00813028,13,False,False,False,i
2019-09-12,3009.75,129.547,0.00308282,-0.00204622,0.00685767,0.0128847,0,-0.457178,-0.228589,-0.00115234,9.69251e-07,-0.00115331,-0.00512904,12,False,False,False,i
2019-09-13,3007.5,128.547,-0.00074757,-0.00771921,0.00696435,0.0145445,0,-0.46429,-0.232145,-0.00159364,8.79674e-07,-0.00159452,-0.00697164,11,False,False,False,i
2019-09-16,3000.25,129.047,-0.00315641,0.00388963,0.00439134,0.0128747,0,-0.292756,-0.146378,0.0016357,2.12363e-05,0.00161447,0.00704604,10,False,False,False,i
2019-09-17,3008,129.328,0.00258312,0.00217944,0.00361889,0.0129703,0,-0.24126,-0.12063,-5.90895e-05,6.3692e-06,-6.54587e-05,-0.000403677,9,False,False,False,i
2019-09-18,3009.5,129.344,0.00049867,0.000120817,0.00370554,0.0130599,0,-0.247036,-0.123518,-4.55804e-05,7.14323e-07,-4.62947e-05,-0.000377853,8,False,False,False,i
2019-09-19,3008.25,129.438,-0.000415351,0.000724813,0.00342931,0.0127894,0,-0.228621,-0.11431,0.000140831,2.27755e-06,0.000138553,0.00114016,7,False,False,False,i
2019-09-20,2992.25,129.875,-0.00531871,0.00338001,0.00135456,0.0107214,0,-0.0903039,-0.0451519,0.000994354,1.71412e-05,0.000977213,0.00869872,6,False,False,False,i
2019-09-23,2993.5,130.078,0.000417746,0.001564,0.0011605,0.0104491,0,-0.0773667,-0.0386833,5.17558e-05,1.60302e-06,5.01528e-05,0.00114626,5,False,False,False,i
2019-09-24,2968.75,130.672,-0.00826791,0.00456456,-0.00172591,0.00738751,-1,0.11506,-0.44247,0.000496403,0.000100379,0.000396024,0.0128325,4,False,False,False,i
2019-09-25,2986.5,129.969,0.00597895,-0.00538084,0.00111875,0.0100923,-1,-0.0745835,-0.537292,-0.00502636,2.35191e-05,-0.00504988,-0.0113598,3,False,False,False,i
2019-09-26,2979.75,130.156,-0.00226017,0.00144265,0.000544209,0.0092108,-1,-0.0362806,-0.51814,0.0019895,4.75429e-06,0.00198474,0.00370283,2,False,False,False,i
2019-09-27,2962.75,130.281,-0.00570518,0.000960384,-0.00102528,0.00761897,-1,0.068352,-0.465824,0.0034537,1.30156e-05,0.00344068,0.00666556,1,False,False,False,i
2019-09-30,2977.75,130.312,0.00506286,0.000239866,0.000191162,0.00876523,-1,-0.0127441,-0.506372,-0.00224667,1.00685e-05,-0.00225674,-0.004823,0,True,False,False,i
2019-10-01,2940.5,130.672,-0.0125094,0.00275779,-0.00343689,0.00510511,1,0.229126,0.614563,0.0077309,0.000279675,0.00745123,0.0152672,22,False,True,False,i
2019-10-02,2888,131.078,-0.0178541,0.00310893,-0.00838717,-0.00507922,0,0.559145,0.279572,-0.0128831,8.41604e-05,-0.0129673,0.020963,21,False,False,False,i
2019-10-03,2911,131.688,0.00796399,0.00464895,-0.00505471,-0.00428559,0,0.336981,0.16849,0.000926795,2.78222e-05,0.000898972,0.00331504,20,False,False,False,i
2019-10-04,2950.75,131.844,0.0136551,0.00118652,0.000544358,-0.00130832,0,-0.0362905,-0.0181453,0.00210084,4.65041e-05,0.00205433,0.0124686,19,False,False,False,i
2019-10-07,2937.75,131.484,-0.00440566,-0.00272576,2.57478e-05,-0.00171344,0,-0.00171652,-0.00085826,3.04821e-05,4.31467e-06,2.61675e-05,-0.0016799,18,False,False,False,i
2019-10-08,2891.75,131.734,-0.0156582,0.00190137,-0.00459728,-0.00597034,0,0.306485,0.153243,1.50707e-05,3.86957e-05,-2.3625e-05,-0.0175596,17,False,False,False,i
2019-10-09,2918.5,131.422,0.00925045,-0.0023722,-0.00164718,-0.00318008,0,0.109812,0.0549061,0.00178108,2.46057e-05,0.00175648,0.0116227,16,False,False,False,i
2019-10-10,2938.75,130.688,0.0069385,-0.00558792,0.00141931,-0.000171584,0,-0.0946204,-0.0473102,0.000687776,2.55089e-05,0.000662267,0.0125264,15,False,False,False,i
2019-10-11,2968.5,129.984,0.0101234,-0.0053802,0.00500578,0.00353527,0,-0.333718,-0.166859,-0.000733476,2.97202e-05,-0.000763196,0.0155036,14,False,False,False,i
2019-10-14,2965.75,130.219,-0.000926394,0.0018031,0.00310773,0.00288226,0,-0.207182,-0.103591,0.000455441,1.57342e-05,0.000439707,0.0027295,13,False,False,False,i
2019-10-15,2995.5,129.75,0.0100312,-0.00359971,0.00549839,0.0061307,0,-0.366559,-0.18328,-0.00141204,1.97431e-05,-0.00143178,-0.0136309,12,False,False,False,i
2019-10-16,2990.5,129.969,-0.00166917,0.00168593,0.00457141,0.00532944,0,-0.304761,-0.15238,0.000614922,7.66021e-06,0.000607262,0.0033551,11,False,False,False,i
2019-10-17,2997.75,129.875,0.00242434,-0.000721327,0.00411045,0.00608007,0,-0.27403,-0.137015,-0.000479338,3.80572e-06,-0.000483144,-0.00314567,10,False,False,False,i
2019-10-18,2985,130,-0.00425319,0.000962464,0.0028314,0.0048321,0,-0.18876,-0.0943801,0.000714623,1.05769e-05,0.000704046,0.00521565,9,False,False,False,i
2019-10-21,3005.75,129.594,0.00695142,-0.003125,0.00528481,0.00723334,0,-0.352321,-0.17616,-0.000951014,2.02352e-05,-0.000971249,-0.0100764,8,False,False,False,i
2019-10-22,2995.25,129.797,-0.0034933,0.0015674,0.00398119,0.00602454,0,-0.265412,-0.132706,0.000891496,1.07662e-05,0.000880729,0.0050607,7,False,False,False,i
2019-10-23,3003.5,129.812,0.00275436,0.00012038,0.00413914,0.00665235,0,-0.275942,-0.137971,-0.000349546,1.3031e-06,-0.000350849,-0.00263398,6,False,False,False,i
2019-10-24,3008.5,129.812,0.00166472,0,0.00451257,0.00704919,0,-0.300838,-0.150419,-0.000229684,3.07892e-06,-0.000232763,-0.00166472,5,False,False,False,i
2019-10-25,3021,129.531,0.00415489,-0.00216659,0.00600593,0.00855461,-1,-0.400396,-0.700198,-0.00095087,0.000135776,-0.00108665,-0.00632148,4,False,False,False,i
2019-10-28,3037.75,129.188,0.00554452,-0.0026538,0.00780289,0.010503,-1,-0.520192,-0.760096,-0.00574045,1.47621e-05,-0.00575521,-0.00819832,3,False,False,False,i
2019-10-29,3035.75,129.234,-0.000658382,0.000362845,0.00615434,0.0102601,-1,-0.41029,-0.705145,0.000776231,1.35462e-05,0.000762684,0.00102123,2,False,False,False,i
2019-10-30,3045,129.688,0.00304702,0.00350623,0.00525561,0.0101513,-1,-0.350374,-0.675187,0.000323805,7.37662e-06,0.000316428,0.000459204,1,False,False,False,i
2019-10-31,3036,130.328,-0.00295567,0.00493976,0.00337401,0.00827343,-1,-0.224934,-0.612467,0.00533089,1.54608e-05,0.00531543,0.00789542,0,True,False,False,i
2019-11-01,3064.75,130.094,0.0094697,-0.00179835,0.00612954,0.0109448,1,-0.408636,0.295682,-0.0069013,0.000223078,-0.00712438,-0.011268,19,False,True,False,i
2019-11-04,3076.5,129.594,0.00383392,-0.00384338,0.00781367,0.00184115,0,-0.520912,-0.260456,0.00227004,0.000136416,0.00213362,-0.0076773,18,False,False,False,i
2019-11-05,3072.75,128.969,-0.00121892,-0.00482276,0.00860413,0.00270703,0,-0.573609,-0.286804,-0.000938643,6.46604e-06,-0.000945109,-0.00360385,17,False,False,False,i
2019-11-06,3074,129.312,0.000406802,0.00266537,0.00723212,0.00216692,0,-0.482141,-0.241071,0.000647769,1.12215e-05,0.000636547,0.00225857,16,False,False,False,i
2019-11-07,3084.5,128.438,0.00341574,-0.00676655,0.00830231,0.00460776,0,-0.553488,-0.276744,-0.00245465,8.74192e-06,-0.0024634,-0.0101823,15,False,False,False,i
2019-11-08,3092,128.297,0.00243151,-0.00109489,0.00904759,0.0054499,0,-0.603172,-0.301586,-0.00097591,6.0823e-06,-0.000981993,-0.0035264,14,False,False,False,i
2019-11-11,3085.75,128.391,-0.00202135,0.000730727,0.00627659,0.00479186,0,-0.418439,-0.20922,0.000829987,2.26316e-05,0.000807356,0.00275207,13,False,False,False,i
2019-11-12,3091.25,128.484,0.00178239,0.000730194,0.00553189,0.00504301,0,-0.368793,-0.184396,-0.000220139,6.07817e-06,-0.000226218,-0.00105219,12,False,False,False,i
2019-11-13,3092.5,128.797,0.000404367,0.0024322,0.00503847,0.00455901,0,-0.335898,-0.167949,0.000373925,4.02661e-06,0.000369899,0.00202784,11,False,False,False,i
2019-11-14,3096.25,129.297,0.00121261,0.00388208,0.00442081,0.00392227,0,-0.294721,-0.14736,0.000448335,5.03828e-06,0.000443297,0.00266947,10,False,False,False,i
2019-11-15,3119.25,129.125,0.00742834,-0.00132931,0.00653066,0.00600884,0,-0.435377,-0.217689,-0.00129053,1.71632e-05,-0.00130769,-0.00875765,9,False,False,False,i
2019-11-18,3121,129.312,0.000561032,0.00145208,0.0062161,0.00579629,0,-0.414407,-0.207203,0.000193971,2.55838e-06,0.000191413,0.000891049,8,False,False,False,i
2019-11-19,3119.5,129.438,-0.000480615,0.000966651,0.00587892,0.0054507,0,-0.391928,-0.195964,0.000299878,2.74281e-06,0.000297135,0.00144727,7,False,False,False,i
2019-11-20,3108.25,129.828,-0.00360635,0.00301787,0.0043092,0.00386674,0,-0.28728,-0.14364,0.00129811,1.2786e-05,0.00128532,0.00662421,6,False,False,False,i
2019-11-21,3102.75,129.5,-0.00176948,-0.00252738,0.00455196,0.00404841,0,-0.303464,-0.151732,-0.000108864,1.97874e-06,-0.000110843,-0.000757896,5,False,False,False,i
2019-11-22,3109.75,129.484,0.00225606,-0.000120656,0.00518807,0.00461611,-1,-0.345871,-0.672936,-0.000360625,0.00012734,-0.000487964,-0.00237672,4,False,False,False,i
2019-11-25,3133.25,129.516,0.00755688,0.000241342,0.00690572,0.00635681,-1,-0.460382,-0.730191,-0.00492288,1.39498e-05,-0.00493683,-0.00731554,3,False,False,False,i
2019-11-26,3139.5,129.688,0.00199473,0.00132706,0.0069975,0.0065159,-1,-0.4665,-0.73325,-0.000487529,7.44829e-07,-0.000488274,-0.000667674,2,False,False,False,i
2019-11-27,3153.25,129.359,0.00437968,-0.00253012,0.00782583,0.00816222,-1,-0.521722,-0.760861,-0.00506661,6.71153e-06,-0.00507332,-0.0069098,1,False,False,False,i
2019-11-29,3143.75,129.406,-0.00301276,-0.0003621,0.00712913,0.00752932,-1,-0.475275,-0.737638,0.00201679,5.65125e-06,0.00201114,0.00265066,0,True,False,False,i
2019-12-02,3114.5,129.016,-0.00930417,-0.00301859,0.00347222,0.00602028,1,-0.231482,0.384259,0.00463648,0.000273946,0.00436253,0.00628558,20,False,True,False,i
2019-12-03,3093.25,129.969,-0.00682293,0.00738767,0.000126773,-0.00341443,0,-0.00845154,-0.00422577,-0.00546055,9.51007e-05,-0.00555565,0.0142106,19,False,False,False,i
2019-12-04,3113,129.531,0.00638487,-0.00336619,0.00278124,-0.00107337,0,-0.185416,-0.0927079,-4.12058e-05,2.16095e-05,-6.28153e-05,0.00975106,18,False,False,False,i
2019-12-05,3118,129.281,0.00160617,-0.00193004,0.00373728,-0.000224084,0,-0.249152,-0.124576,-0.000327834,7.7784e-06,-0.000335613,0.0035362,17,False,False,False,i
2019-12-06,3146,128.922,0.00898012,-0.00277979,0.0063836,0.00258681,0,-0.425573,-0.212787,-0.001465,2.146e-05,-0.00148646,0.0117599,16,False,False,False,i
2019-12-09,3136.5,129,-0.00301971,0.000605987,0.00540878,0.00171717,0,-0.360585,-0.180293,0.000771499,7.91393e-06,0.000763585,0.00362569,15,False,False,False,i
2019-12-10,3132.75,128.844,-0.0011956,-0.00121124,0.00515693,0.00172092,0,-0.343795,-0.171898,-2.8198e-06,2.04551e-06,-4.86531e-06,-1.56401e-05,14,False,False,False,i
2019-12-11,3141.75,129.25,0.00287288,0.00315304,0.00509005,0.00165398,0,-0.339337,-0.169668,4.81603e-05,5.42617e-07,4.76177e-05,0.000280169,13,False,False,False,i
2019-12-12,3168.5,128.359,0.00851436,-0.00689072,0.00876427,0.0053373,0,-0.584285,-0.292142,-0.00261375,2.97182e-05,-0.00264347,-0.0154051,12,False,False,False,i
2019-12-13,3169.75,128.984,0.000394508,0.00486914,0.00755899,0.0042706,0,-0.503933,-0.251966,0.00130723,9.74725e-06,0.00129748,0.00447463,11,False,False,False,i
2019-12-16,3196,128.484,0.00732803,-0.00387644,0.00818457,0.00694216,0,-0.545638,-0.272819,-0.00282315,5.04402e-06,-0.00282819,-0.0112045,10,False,False,False,i
2019-12-17,3195.5,128.484,-0.000156446,0,0.00804416,0.00690484,0,-0.536277,-0.268139,4.26813e-05,1.13221e-06,4.15491e-05,0.000156446,9,False,False,False,i
2019-12-18,3196.75,128.188,0.000391175,-0.00231059,0.00554987,0.00754983,0,-0.369992,-0.184996,-0.000724448,2.01096e-05,-0.000744558,-0.00270177,8,False,False,False,i
2019-12-19,3210.25,128.25,0.00422304,0.000487567,0.00641467,0.00843804,0,-0.427644,-0.213822,-0.000691046,6.96158e-06,-0.000698008,-0.00373547,7,False,False,False,i
2019-12-20,3224,128.234,0.00428316,-0.000121832,0.00696294,0.00948482,0,-0.464196,-0.232098,-0.000941884,4.40682e-06,-0.000946291,-0.00440499,6,False,False,False,i
2019-12-23,3226.25,128.141,0.000697891,-0.000731083,0.00657563,0.00982488,0,-0.438375,-0.219188,-0.000331662,3.11231e-06,-0.000334774,-0.00142897,5,False,False,False,i
2019-12-24,3226.5,128.359,7.74893e-05,0.00170711,0.00471898,0.00943741,-1,-0.314598,-0.657299,0.000357192,0.000105611,0.000251581,0.00162962,4,False,False,False,i
2019-12-26,3242.5,128.453,0.00495893,0.000730371,0.00574135,0.0104406,-1,-0.382756,-0.691378,-0.00277943,8.20051e-06,-0.00278763,-0.00422856,3,False,False,False,i
2019-12-27,3241.5,128.641,-0.000308404,0.00145968,0.00528038,0.0100203,-1,-0.352026,-0.676013,0.00122241,3.69782e-06,0.00121871,0.00176808,2,False,False,False,i
2019-12-30,3222.5,128.578,-0.00586148,-0.00048585,0.00378549,0.00873662,-1,-0.252366,-0.626183,0.003634,1.20174e-05,0.00362198,0.00537563,1,False,False,False,i
2019-12-31,3229.75,128.25,0.00224981,-0.00255195,0.00498344,0.00987986,-1,-0.332229,-0.666115,-0.00300678,9.62246e-06,-0.0030164,-0.00480176,0,True,False,False,i
2020-01-02,3258.5,128.656,0.00890162,0.00316764,0.0063003,0.0112351,1,-0.42002,0.28999,-0.00381949,0.000229664,-0.00404915,-0.00573398,20,False,True,False,i
2020-01-03,3234.25,129.359,-0.00744207,0.00546514,0.00315968,-0.00310481,0,-0.210645,-0.105323,-0.00374297,9.52121e-05,-0.00383818,0.0129072,19,False,False,False,i
2020-01-06,3246.5,129.281,0.00378759,-0.000603938,0.00437918,-0.00205029,0,-0.291946,-0.145973,-0.000462527,9.77743e-06,-0.000472304,0.00439152,18,False,False,False,i
2020-01-07,3237.25,129.156,-0.00284922,-0.000966884,0.00388774,-0.00250376,0,-0.259182,-0.129591,0.00027477,3.94424e-06,0.000270826,-0.00188234,17,False,False,False,i
2020-01-08,3253.75,128.891,0.00509692,-0.00205662,0.00558923,-0.000787181,0,-0.372615,-0.186308,-0.000927035,1.36309e-05,-0.000940666,0.00715354,16,False,False,False,i
2020-01-09,3275.5,128.891,0.00668459,0,0.00711344,0.000811766,0,-0.47423,-0.237115,-0.00124539,1.21817e-05,-0.00125757,0.00668459,15,False,False,False,i
2020-01-10,3265.75,129.094,-0.00297664,0.00157595,0.00583747,-0.000281382,0,-0.389165,-0.194582,0.00107949,1.02085e-05,0.00106928,0.00455259,14,False,False,False,i
2020-01-13,3288.5,128.969,0.00696624,-0.000968289,0.00722376,0.00161616,0,-0.481584,-0.240792,-0.00154392,1.10637e-05,-0.00155498,0.00793453,13,False,False,False,i
2020-01-14,3283.25,129.156,-0.00159647,0.00145384,0.00639206,0.000884799,0,-0.426137,-0.213069,0.000734491,6.6414e-06,0.000727849,0.00305031,12,False,False,False,i
2020-01-15,3291,129.406,0.00236047,0.00193564,0.00513904,0.000986459,0,-0.342603,-0.171301,-9.05171e-05,9.9974e-06,-0.000100515,-0.000424826,11,False,False,False,i
2020-01-16,3317.5,129.172,0.00805226,-0.00181116,0.00748192,0.00334203,0,-0.498795,-0.249397,-0.00168962,1.864e-05,-0.00170826,-0.00986342,10,False,False,False,i
2020-01-17,3328.25,129.109,0.00324039,-0.000483851,0.00827767,0.00423175,0,-0.551845,-0.275922,-0.000928816,6.32375e-06,-0.00093514,-0.00372424,9,False,False,False,i
2020-01-21,3321.25,129.562,-0.00210321,0.00350962,0.00622721,0.00288968,0,-0.415148,-0.207574,0.0015487,1.63069e-05,0.0015324,0.00561283,8,False,False,False,i
2020-01-22,3321.5,129.562,7.52729e-05,0,0.00591201,0.0029077,0,-0.394134,-0.197067,-1.56247e-05,2.50668e-06,-1.81314e-05,-7.52729e-05,7,False,False,False,i
2020-01-23,3325.25,129.828,0.00112901,0.00205017,0.00574284,0.00268749,0,-0.382856,-0.191428,0.00018153,1.34481e-06,0.000180186,0.000921161,6,False,False,False,i
2020-01-24,3294.5,130.203,-0.00924743,0.00288843,0.00284057,-0.000231422,0,-0.189371,-0.0946857,0.00232314,2.31475e-05,0.0023,0.0121359,5,False,False,False,i
2020-01-27,3241.25,130.922,-0.0161633,0.00552022,-0.00227663,-0.00547572,1,0.151775,0.575888,0.00205312,0.000161384,0.00189174,-0.0216835,4,False,False,False,i
2020-01-28,3276,130.578,0.0107212,-0.00262561,0.00255957,-0.00227527,1,-0.170638,0.414681,0.00768625,3.86492e-05,0.0076476,0.0133468,3,False,False,False,i
2020-01-29,3272.5,131.062,-0.00106838,0.00370947,0.00169241,-0.00342312,1,-0.112827,0.443586,-0.00198128,6.93267e-06,-0.00198821,-0.00477784,2,False,False,False,i
2020-01-30,3282.75,131.156,0.00313216,0.000715308,0.0020787,-0.0028427,1,-0.13858,0.43071,0.00107208,3.0848e-06,0.001069,0.00241685,1,False,False,False,i
2020-01-31,3222.5,131.734,-0.0183535,0.00440791,-0.00344744,-0.00836896,1,0.22983,0.614915,-0.00980358,4.44243e-05,-0.009848,-0.0227614,0,True,False,False,i
2020-02-03,3247,131.562,0.00760279,-0.00130471,-0.00110069,-0.00622537,-1,0.0733795,-0.46331,0.00547735,0.000259327,0.00521803,0.0089075,18,False,True,False,i
2020-02-04,3296,130.969,0.0150909,-0.00451306,0.00442885,0.00467108,0,-0.295257,-0.147628,-0.0090827,7.55208e-05,-0.00915822,0.0196039,17,False,False,False,i
2020-02-05,3333.5,130.516,0.0113774,-0.00345979,0.0077775,0.00819838,0,-0.5185,-0.25925,-0.0021904,2.65966e-05,-0.00221699,-0.0148372,16,False,False,False,i
2020-02-06,3344.5,130.562,0.00329984,0.000359152,0.00739542,0.00889763,0,-0.493028,-0.246514,-0.000762372,3.03114e-06,-0.000765403,-0.00294068,15,False,False,False,i
2020-02-07,3326.75,131.016,-0.00530722,0.00347056,0.00392862,0.00680335,0,-0.261908,-0.130954,0.00216385,2.75548e-05,0.00213629,0.00877778,14,False,False,False,i
2020-02-10,3351.5,131.234,0.00743969,0.00166965,0.0053826,0.00817296,0,-0.35884,-0.17942,-0.000755611,1.15264e-05,-0.000767137,-0.00577005,13,False,False,False,i
2020-02-11,3356.75,130.969,0.00156646,-0.00202405,0.00618813,0.00902844,0,-0.412542,-0.206271,-0.00064421,6.38231e-06,-0.000650593,-0.00359051,12,False,False,False,i
2020-02-12,3378.25,130.703,0.006405,-0.00202816,0.00816176,0.0110303,0,-0.544117,-0.272059,-0.00173952,1.56023e-05,-0.00175512,-0.00843316,11,False,False,False,i
2020-02-13,3374.75,130.781,-0.00103604,0.000597729,0.0076947,0.0106418,0,-0.51298,-0.25649,0.000444481,3.69363e-06,0.000440787,0.00163377,10,False,False,False,i
2020-02-14,3379.5,130.969,0.00140751,0.00143369,0.00670939,0.0106356,0,-0.447293,-0.223646,6.71493e-06,7.78826e-06,-1.07332e-06,2.61801e-05,9,False,False,False,i
2020-02-18,3370,131.203,-0.00281107,0.00178955,0.00561096,0.00954063,0,-0.374064,-0.187032,0.00102891,8.69102e-06,0.00102022,0.00460062,8,False,False,False,i
2020-02-19,3386.25,131.141,0.00482196,-0.000476361,0.00691524,0.0107982,0,-0.461016,-0.230508,-0.000990955,1.03024e-05,-0.00100126,-0.00529832,7,False,False,False,i
2020-02-20,3372,131.438,-0.00420819,0.00226379,0.005314,0.00925702,0,-0.354266,-0.177133,0.00149184,1.26667e-05,0.00147918,0.00647199,6,False,False,False,i
2020-02-21,3337,131.875,-0.0103796,0.00332858,0.00208321,0.00597714,0,-0.138881,-0.0694403,0.00242817,2.5651e-05,0.00240252,0.0137082,5,False,False,False,i
2020-02-24,3225.5,132.75,-0.0334132,0.00663507,-0.00736381,-0.00375679,1,0.490921,0.74546,0.00278097,0.000196462,0.00258451,0.0400483,4,False,False,False,i
2020-02-25,3127.75,133.078,-0.0303054,0.00247175,-0.0144715,-0.0117845,1,0.964767,0.982383,-0.024434,5.7762e-05,-0.0244918,-0.0327771,3,False,False,False,i
2020-02-26,3116.25,133.031,-0.00367676,-0.000352237,-0.00856444,-0.0125916,1,0.570963,0.785481,-0.00326596,4.80699e-05,-0.00331403,-0.00332453,2,False,False,False,i
2020-02-27,2973.75,133.375,-0.045728,0.00258398,-0.01602,-0.0246106,1,1.068,1.034,-0.0379482,6.1741e-05,-0.0380099,-0.048312,1,False,False,False,i
2020-02-28,2963.75,134.812,-0.00336276,0.0107779,-0.0189871,-0.0280562,1,1.2658,1.1329,-0.0146214,2.46024e-05,-0.014646,-0.0141406,0,True,False,False,i
2020-03-02,3089.5,134.484,0.0424294,-0.00173974,0.00494353,-0.0174911,-1,-0.329568,-0.664784,0.0500393,0.000440269,0.049599,0.0441691,21,False,True,False,i
2020-03-03,3001,135.875,-0.0286454,0.0103404,-0.00333373,-0.00948033,0,0.222248,0.111124,0.0259172,0.000192101,0.0257251,-0.0389858,20,False,False,False,i
2020-03-04,3127,135.688,0.041986,-0.00137994,0.00685228,0.000757773,0,-0.456819,-0.228409,0.00481901,8.27857e-05,0.00473622,0.0433659,19,False,False,False,i
2020-03-05,3021.5,136.547,-0.0337384,0.00633349,-0.00327576,-0.00902697,0,0.218384,0.109192,0.0091528,8.33702e-05,0.00906943,0.0400719,18,False,False,False,i
2020-03-06,2970.5,137.516,-0.016879,0.00709463,-0.00893552,-0.0148633,0,0.595701,0.297851,-0.00261773,4.68891e-05,-0.00266462,-0.0239737,17,False,False,False,i
2020-03-09,2735.75,138.719,-0.0790271,0.00874901,-0.0308785,-0.0371194,0,2.05857,1.02928,-0.0261442,0.000187706,-0.0263319,-0.0877761,16,False,False,False,i
2020-03-10,2881.25,137.156,0.0531847,-0.0112638,-0.00174656,-0.0216491,0,0.116437,0.0582187,0.0663358,0.000244184,0.0660916,0.0644485,15,False,False,False,i
2020-03-11,2738,137.234,-0.049718,0.000569606,-0.00658595,-0.0342722,0,0.439064,0.219532,-0.00292768,4.13839e-05,-0.00296907,-0.0502876,14,False,False,False,i
2020-03-12,2469.75,137.25,-0.097973,0.000113856,-0.0320891,-0.0597829,0,2.13927,1.06964,-0.0215332,0.000227531,-0.0217607,-0.0980868,13,False,False,False,i
2020-03-13,2703.75,136.078,0.0947464,-0.00853825,0.00151638,-0.0352864,0,-0.101092,-0.0505461,0.110477,0.000288827,0.110188,0.103285,12,False,False,False,i
2020-03-16,2387,138.031,-0.117152,0.014353,-0.0280931,-0.069672,0,1.87287,0.936437,0.00664707,0.000268046,0.00637902,-0.131505,11,False,False,False,i
2020-03-17,2549,135.562,0.0678676,-0.0178854,-0.00429175,-0.0488861,0,0.286117,0.143058,0.0803023,0.000209552,0.0800928,0.0857531,10,False,False,False,i
2020-03-18,2392.75,134.391,-0.0548094,-0.00864454,-0.00685634,-0.0607098,0,0.45709,0.228545,-0.00660428,2.31924e-05,-0.00662747,-0.0461649,9,False,False,False,i
2020-03-19,2398.25,134.719,0.00229861,0.00244158,-0.00843642,-0.0607452,0,0.562428,0.281214,-3.26742e-05,1.4275e-05,-4.69492e-05,-0.000142966,8,False,False,False,i
2020-03-20,2284.25,136.969,-0.0475347,0.0167015,-0.0220488,-0.0769968,0,1.46992,0.734959,-0.0180641,0.000125623,-0.0181897,-0.0642361,7,False,False,False,i
2020-03-23,2216.75,138.297,-0.0295502,0.00969655,-0.0311362,-0.0868949,0,2.07575,1.03787,-0.0288448,8.49947e-05,-0.0289297,-0.0392467,6,False,False,False,i
2020-03-24,2433,137.328,0.0975527,-0.00700486,0.0237692,-0.0619376,0,-1.58461,-0.792306,0.108517,0.000492983,0.108025,0.104558,5,False,False,False,i
2020-03-25,2466.75,137.359,0.0138718,0.000227557,0.0260321,-0.0585717,1,-1.73547,-0.367736,-0.0108104,0.000113695,-0.0109241,0.0136442,4,False,False,False,i
2020-03-26,2609,137.562,0.057667,0.00147879,0.0150724,-0.0450524,1,-1.00482,-0.00241168,-0.0206624,9.55689e-05,-0.020758,0.0561882,3,False,False,False,i
2020-03-27,2532,138.578,-0.0295132,0.00738301,0.00262404,-0.054286,1,-0.174936,0.412532,8.89819e-05,0.000109904,-2.09217e-05,-0.0368962,2,False,False,False,i
2020-03-30,2614,138.578,0.0323855,0,0.00851843,-0.0463967,1,-0.567895,0.216052,0.01336,5.13588e-05,0.0133087,0.0323855,1,False,False,False,i
2020-03-31,2571.75,138.859,-0.016163,0.00202954,0.00385088,-0.050929,1,-0.256725,0.371637,-0.00393053,4.09429e-05,-0.00397148,-0.0181925,0,True,False,False,i
2020-04-01,2455.75,138.969,-0.0451055,0.000787667,-0.00814184,-0.0625761,-1,0.542789,-0.228605,-0.0170556,0.000161044,-0.0172166,-0.0458931,20,False,True,False,i
2020-04-02,2516,138.938,0.0245343,-0.000224871,-0.00181324,0.00585651,0,0.120882,0.0604412,-0.00566007,7.67612e-05,-0.00573683,0.0247591,19,False,False,False,i
2020-04-03,2479.5,138.969,-0.0145072,0.000224921,-0.00406801,0.00230769,0,0.271201,0.1356,-0.000890424,2.00829e-05,-0.000910507,0.0147321,18,False,False,False,i
2020-04-06,2646.75,138.406,0.0674531,-0.00404767,0.0126443,0.0187913,0,-0.84295,-0.421475,0.00969553,0.000144878,0.00955065,-0.0715008,17,False,False,False,i
2020-04-07,2649.75,138.031,0.00113347,-0.00270942,0.0114224,0.0196981,0,-0.761496,-0.380748,-0.00161968,1.0587e-05,-0.00163027,-0.00384288,16,False,False,False,i
2020-04-08,2738.5,137.891,0.0334937,-0.00101879,0.0152609,0.0276694,0,-1.01739,-0.508697,-0.0131406,3.28221e-05,-0.0131734,-0.0345125,15,False,False,False,i
2020-04-09,2780,138.141,0.0151543,0.00181303,0.0163986,0.0307558,0,-1.09324,-0.546619,-0.00678665,9.67007e-06,-0.00679632,-0.0133413,14,False,False,False,i
2020-04-13,2753,137.969,-0.00971223,-0.0012442,0.000591684,0.0287705,0,-0.0394456,-0.0197228,0.00462878,0.000134878,0.0044939,0.00846803,13,False,False,False,i
2020-04-14,2837,138.219,0.0305122,0.001812,0.00671826,0.0353392,0,-0.447884,-0.223942,-0.000566047,5.16623e-05,-0.000617709,-0.0287002,12,False,False,False,i
2020-04-15,2775,139.172,-0.0218541,0.00689577,-0.000841504,0.0286018,0,0.0561003,0.0280501,0.00643829,6.43034e-05,0.00637399,0.0287498,11,False,False,False,i
2020-04-16,2788.75,139.219,0.00495495,0.000336814,0.000353894,0.0296764,0,-0.0235929,-0.0117965,0.00012954,1.01482e-05,0.000119391,-0.00461814,10,False,False,False,i
2020-04-17,2864.5,138.938,0.0271627,-0.0020202,0.00765437,0.0363719,0,-0.510291,-0.255146,-0.000344255,6.13307e-05,-0.000405586,-0.0291829,9,False,False,False,i
2020-04-20,2813.25,139.172,-0.0178914,0.00168691,0.00267247,0.0317921,0,-0.178165,-0.0890825,0.00499533,4.21482e-05,0.00495318,0.0195783,8,False,False,False,i
2020-04-21,2727,139.406,-0.0306585,0.00168407,-0.00549239,0.0241245,0,0.366159,0.18308,0.00288116,6.99338e-05,0.00281122,0.0323426,7,False,False,False,i
2020-04-22,2789,139.062,0.0227356,-0.00246581,0.000809826,0.0299592,0,-0.0539884,-0.0269942,0.00461387,5.35003e-05,0.00456037,-0.0252014,6,False,False,False,i
2020-04-23,2788,139.109,-0.000358551,0.000337079,0.000808423,0.029797,0,-0.0538949,-0.0269474,1.8778e-05,1.19165e-08,1.87661e-05,0.00069563,5,False,False,False,i
2020-04-24,2828,139.141,0.0143472,0.000224643,0.00417251,0.0330599,-1,-0.278167,-0.639084,-0.000380567,0.000155047,-0.000535614,-0.0141226,4,False,False,False,i
2020-04-27,2869.25,138.625,0.0145863,-0.00370578,0.00838613,0.0372759,-1,-0.559075,-0.779538,-0.0116902,3.53755e-05,-0.0117255,-0.0182921,3,False,False,False,i
2020-04-28,2856,139.062,-0.00461793,0.003156,0.00549186,0.0354757,-1,-0.366124,-0.683062,0.00606007,2.43425e-05,0.00603573,0.00777393,2,False,False,False,i
2020-04-29,2929.75,139.094,0.0258228,0.000224719,0.0109305,0.0413092,-1,-0.728699,-0.864349,-0.0174851,4.52947e-05,-0.0175304,-0.0255981,1,False,False,False,i
2020-04-30,2901.25,138.875,-0.00972779,-0.00157268,0.00858498,0.0394204,-1,-0.572332,-0.786166,0.00704887,1.96075e-05,0.00702926,0.00815511,0,True,False,False,i
2020-05-01,2824.25,138.938,-0.0265403,0.000450045,-0.0014138,0.0330911,1,0.0942531,0.547127,0.0212189,0.000337884,0.020881,0.0269903,19,False,True,False,i
2020-05-04,2833,138.984,0.00309817,0.000337382,-0.000169739,0.00066127,0,0.0113159,0.00565797,0.0015105,0.000137054,0.00137345,-0.00276079,18,False,False,False,i
2020-05-05,2858.75,138.906,0.0090893,-0.000562114,0.00324483,0.00296427,0,-0.216322,-0.108161,5.46074e-05,2.87079e-05,2.58995e-05,-0.00965142,17,False,False,False,i
2020-05-06,2840,138.609,-0.00655881,-0.00213723,0.00209286,0.00190065,0,-0.139524,-0.0697622,0.000478243,9.70997e-06,0.000468533,0.00442158,16,False,False,False,i
2020-05-07,2874,139.297,0.0119718,0.00495998,0.00367761,0.00356551,0,-0.245174,-0.122587,-0.000489162,1.32963e-05,-0.000502458,-0.00701185,15,False,False,False,i
2020-05-08,2921.5,138.984,0.0165275,-0.00224341,0.00806377,0.00801646,0,-0.537584,-0.268792,-0.00230107,3.65689e-05,-0.00233764,-0.0187709,14,False,False,False,i
2020-05-11,2922.25,138.734,0.000256717,-0.00179876,0.00814669,0.00850662,0,-0.543113,-0.271556,-0.000552497,6.91294e-07,-0.000553189,-0.00205548,13,False,False,False,i
2020-05-12,2862.75,139.031,-0.020361,0.00213988,0.00123471,0.00308367,0,-0.0823142,-0.0411571,0.00611026,5.80807e-05,0.00605218,0.0225009,12,False,False,False,i
2020-05-13,2813.25,139.219,-0.0172911,0.00134862,-0.00306707,-0.00142276,0,0.204471,0.102236,0.000767155,3.63943e-05,0.000730761,0.0186397,11,False,False,False,i
2020-05-14,2846.75,139.328,0.0119079,0.000785634,0.00166208,0.00122999,0,-0.110805,-0.0554027,0.0011371,3.98253e-05,0.00109727,0.0111223,10,False,False,False,i
2020-05-15,2859,139.297,0.00430315,-0.000224291,0.00333491,0.00231275,0,-0.222327,-0.111164,-0.000250832,1.40638e-05,-0.000264896,-0.00452744,9,False,False,False,i
2020-05-18,2946.25,138.703,0.0305177,-0.00426248,0.0111946,0.010507,0,-0.74631,-0.373155,-0.00386629,6.53184e-05,-0.00393161,-0.0347801,8,False,False,False,i
2020-05-19,2916.25,139.031,-0.0101824,0.00236566,0.00742105,0.0075073,0,-0.494736,-0.247368,0.00468238,3.14835e-05,0.0046509,0.0125481,7,False,False,False,i
2020-05-20,2966.25,138.984,0.0171453,-0.000337154,0.00759966,0.0116334,0,-0.506644,-0.253322,-0.00432461,1.48054e-06,-0.00432609,-0.0174825,6,False,False,False,i
2020-05-21,2944,139.062,-0.00750105,0.000562114,0.00546521,0.00970972,0,-0.364347,-0.182174,0.00204258,1.77435e-05,0.00202483,0.00806317,5,False,False,False,i
2020-05-22,2950.25,139.219,0.00212296,0.0011236,0.00505734,0.00994712,-1,-0.337156,-0.668578,-0.000182058,0.000121205,-0.000303264,-0.000999366,4,False,False,False,i
2020-05-26,2987.75,139.062,0.0127108,-0.00112233,0.00832963,0.0132143,-1,-0.555309,-0.777654,-0.00924852,2.70504e-05,-0.00927557,-0.0138331,3,False,False,False,i
2020-05-27,3031.25,139.125,0.0145595,0.000449438,0.0115347,0.0165307,-1,-0.76898,-0.88449,-0.0109727,2.6351e-05,-0.0109991,-0.01411,2,False,False,False,i
2020-05-28,3026.5,139.078,-0.00156701,-0.000336927,0.0102341,0.0162396,-1,-0.682272,-0.841136,0.001088,1.06995e-05,0.0010773,0.00123008,1,False,False,False,i
2020-05-29,3038.25,139.344,0.00388237,0.0019099,0.00637048,0.0167046,-1,-0.424699,-0.712349,-0.00165912,3.17379e-05,-0.00169086,-0.00197247,0,True,False,False,i
2020-06-01,3052.75,139.016,0.00477248,-0.000337079,0.0075683,0.017909,1,-0.504553,0.247723,-0.00363979,0.000236178,-0.00387597,-0.00510956,21,False,True,False,i
2020-06-02,3078,138.859,0.00827123,-0.00112397,0.00897248,0.00224472,0,-0.598165,-0.299083,0.00232741,0.000134103,0.00219331,-0.00939521,20,False,False,False,i
2020-06-03,3119.25,138.25,0.0134016,-0.00438843,0.011571,0.00647945,0,-0.771397,-0.385698,-0.00532068,2.11381e-05,-0.00534182,-0.01779,19,False,False,False,i
2020-06-04,3110,137.828,-0.00296546,-0.00305154,0.00811332,0.00650006,0,-0.540888,-0.270444,-3.32012e-05,2.8158e-05,-6.13592e-05,-8.60806e-05,18,False,False,False,i
2020-06-05,3189.5,137.25,0.0255627,-0.00419454,0.0105166,0.0135048,0,-0.701109,-0.350554,-0.00804766,1.93921e-05,-0.00806706,-0.0297572,17,False,False,False,i
2020-06-08,3229.75,137.375,0.0126195,0.000910747,0.0130079,0.0162589,0,-0.867195,-0.433598,-0.00410456,2.00112e-05,-0.00412458,-0.0117088,16,False,False,False,i
2020-06-09,3205.75,137.766,-0.00743092,0.00284349,0.00482073,0.0138206,0,-0.321382,-0.160691,0.00445496,6.59403e-05,0.00438902,0.0102744,15,False,False,False,i
2020-06-10,3188,138.609,-0.00553693,0.00612453,-0.000283294,0.0110535,0,0.0188863,0.00944314,0.00187389,4.11909e-05,0.0018327,0.0116615,14,False,False,False,i
2020-06-11,3003.5,138.891,-0.0578733,0.00202908,-0.014646,-0.00369319,0,0.9764,0.4882,-0.000565667,0.000118494,-0.000684161,0.0599024,13,False,False,False,i
2020-06-12,3039,138.688,0.0118195,-0.00146248,-0.0085444,-0.000516393,0,0.569627,0.284813,0.00648428,5.01175e-05,0.00643417,0.013282,12,False,False,False,i
2020-06-15,3066.75,138.641,0.00913129,-0.00033799,-0.000558654,0.00174514,0,0.0372436,0.0186218,0.00269698,6.53716e-05,0.00263161,0.00946928,11,False,False,False,i
2020-06-16,3126.75,138.469,0.0195647,-0.00123972,0.00408651,0.00667526,0,-0.272434,-0.136217,0.000387416,3.77543e-05,0.000349661,-0.0208044,10,False,False,False,i
2020-06-17,3102,138.609,-0.00441306,0.00101557,0.00124571,0.00537692,0,-0.0830475,-0.0415238,0.000739473,2.31567e-05,0.000716317,0.00542863,9,False,False,False,i
2020-06-18,3103,138.75,0.000322373,0.00101454,0.000537001,0.00521166,0,-0.0358001,-0.0179,2.87415e-05,5.77634e-06,2.29651e-05,0.000692169,8,False,False,False,i
2020-06-19,3084.5,138.797,-0.00596197,0.000337838,-0.0009163,0.0037012,0,0.0610867,0.0305433,0.000112767,1.18713e-05,0.000100895,0.00629981,7,False,False,False,i
2020-06-22,3106,138.688,0.00697034,-0.000788022,0.000998072,0.00555015,0,-0.0665382,-0.0332691,0.000236966,1.55975e-05,0.000221369,-0.00775836,6,False,False,False,i
2020-06-23,3119.75,138.703,0.00442692,0.000112663,0.0019889,0.00657785,0,-0.132593,-0.0662965,-0.000143531,8.0597e-06,-0.000151591,-0.00431425,5,False,False,False,i
2020-06-24,3040.25,138.891,-0.0254828,0.00135181,-0.00457665,7.69756e-05,-1,0.30511,-0.347445,0.00177904,6.92685e-05,0.00170977,0.0268346,4,False,False,False,i
2020-06-25,3072.5,138.859,0.0106077,-0.000224997,-0.00152155,0.00266044,-1,0.101436,-0.449282,-0.00376376,2.49918e-05,-0.00378875,-0.0108327,3,False,False,False,i
2020-06-26,2999.75,139.188,-0.0236778,0.002363,-0.00743255,-0.00365956,1,0.495503,0.747752,0.0116997,0.00029641,0.0114032,0.0260408,2,False,False,False,i
2020-06-29,3043.5,139.312,0.0145845,0.000898069,-0.00377167,-0.000394552,1,0.251445,0.625722,0.0102341,3.00531e-05,0.010204,0.0136865,1,False,False,False,i
2020-06-30,3088.75,139.344,0.0148678,0.000224316,0.000511493,0.00308965,-1,-0.0340995,-0.51705,0.00916273,0.0002799,0.00888283,0.0146434,0,True,False,False,i
2020-07-01,3104.75,138.984,0.00518009,-0.00257905,0.00197673,0.00494308,1,-0.131782,0.434109,-0.00401186,0.000232524,-0.00424439,-0.00775914,21,False,True,False,i
2020-07-02,3121.5,139.172,0.00539496,0.00134907,0.00246086,0.00096736,0,-0.164057,-0.0820287,0.00175636,0.000125927,0.00163043,-0.00404589,20,False,False,False,i
2020-07-06,3169.25,138.984,0.0152971,-0.00134725,0.0057844,0.00492453,0,-0.385627,-0.192813,-0.00136532,2.68795e-05,-0.0013922,-0.0166444,19,False,False,False,i
2020-07-07,3136.5,139.297,-0.0103337,0.00224845,0.0022162,0.0019013,0,-0.147747,-0.0738734,0.002426,2.89679e-05,0.00239704,0.0125821,18,False,False,False,i
2020-07-08,3160.25,139.141,0.00757213,-0.0011217,0.0031008,0.00397595,0,-0.20672,-0.10336,-0.000642243,7.16175e-06,-0.000649405,-0.00869384,17,False,False,False,i
2020-07-09,3143.25,139.422,-0.00537932,0.00202134,0.00124505,0.00220145,0,-0.0830033,-0.0415017,0.000764933,1.50538e-05,0.000749879,0.00740066,16,False,False,False,i
2020-07-10,3175.25,139.188,0.0101805,-0.00168105,0.00411849,0.00502752,0,-0.274566,-0.137283,-0.000492276,2.32233e-05,-0.000515499,-0.0118616,15,False,False,False,i
2020-07-13,3148,139.328,-0.008582,0.00101033,0.00170442,0.00272421,0,-0.113628,-0.0568139,0.00131686,1.95721e-05,0.00129729,0.00959233,14,False,False,False,i
2020-07-14,3188,139.328,0.0127065,0,0.00467577,0.00574362,0,-0.311718,-0.155859,-0.000721905,2.39797e-05,-0.000745885,-0.0127065,13,False,False,False,i
2020-07-15,3218.25,139.312,0.00948871,-0.000112145,0.00684146,0.00802348,0,-0.456097,-0.228049,-0.00149638,1.74181e-05,-0.0015138,-0.00960085,12,False,False,False,i
2020-07-16,3207.25,139.406,-0.00341801,0.000672948,0.00464467,0.0070467,0,-0.309645,-0.154822,0.000932937,1.76901e-05,0.000915247,0.00409095,11,False,False,False,i
2020-07-17,3216.5,139.391,0.00288409,-0.000112082,0.00499702,0.0077602,0,-0.333135,-0.166567,-0.000463875,2.83441e-06,-0.000466709,-0.00299617,10,False,False,False,i
2020-07-20,3242.75,139.422,0.00816104,0.00022419,0.0068565,0.00964274,0,-0.4571,-0.22855,-0.00132202,1.49146e-05,-0.00133694,-0.00793685,9,False,False,False,i
2020-07-21,3249.5,139.516,0.00208157,0.00067242,0.00711927,0.00997758,0,-0.474618,-0.237309,-0.000322061,2.10608e-06,-0.000324167,-0.00140915,8,False,False,False,i
2020-07-22,3267.75,139.562,0.00561625,0.000335984,0.0079748,0.0112293,0,-0.531653,-0.265827,-0.00125306,6.84318e-06,-0.0012599,-0.00528026,7,False,False,False,i
2020-07-23,3228.75,139.625,-0.0119348,0.000447828,0.0045938,0.00826576,0,-0.306254,-0.153127,0.00329164,2.71606e-05,0.00326448,0.0123826,6,False,False,False,i
2020-07-24,3208,139.609,-0.00642664,-0.000111907,0.00229246,0.00675512,0,-0.152831,-0.0764153,0.000966954,1.85305e-05,0.000948424,0.00631473,5,False,False,False,i
2020-07-27,3231,139.453,0.00716958,-0.00111919,0.00432846,0.00872515,-1,-0.288564,-0.644282,-0.000633389,0.000136822,-0.000770211,-0.00828877,4,False,False,False,i
2020-07-28,3211.75,139.719,-0.00595791,0.00190476,0.00234905,0.00684702,-1,-0.156603,-0.578302,0.00506578,1.59315e-05,0.00504984,0.00786267,3,False,False,False,i
2020-07-29,3250.25,139.859,0.0119872,0.00100649,0.00503164,0.0094469,-1,-0.335443,-0.667721,-0.00635019,2.14989e-05,-0.00637168,-0.0109807,2,False,False,False,i
2020-07-30,3239,140.031,-0.00346127,0.00122891,0.00378047,0.00832871,-1,-0.252031,-0.626016,0.00313174,1.00397e-05,0.0031217,0.00469019,1,False,False,False,i
2020-07-31,3265,140.047,0.00802717,0.000111582,0.00570797,0.0102055,-1,-0.380531,-0.690266,-0.00495528,1.54224e-05,-0.0049707,-0.00791559,0,True,False,False,i
2020-08-03,3286.75,140.047,0.00666156,0,0.00719035,0.0117835,1,-0.479357,0.260322,-0.00459825,0.000227637,-0.00482588,-0.00666156,20,False,True,False,i
2020-08-04,3300,140.391,0.00403134,0.00245454,0.00750388,0.00037715,0,-0.500259,-0.250129,0.000410476,0.000122063,0.000288413,-0.0015768,19,False,False,False,i
2020-08-05,3320,140.062,0.00606061,-0.00233723,0.00771713,0.00238656,0,-0.514475,-0.257238,-0.00210055,1.69609e-06,-0.00210224,-0.00839783,18,False,False,False,i
2020-08-06,3342.5,140.141,0.00677711,0.000557787,0.00837054,0.00386981,0,-0.558036,-0.279018,-0.00159984,5.18486e-06,-0.00160503,-0.00621932,17,False,False,False,i
2020-08-07,3344.75,139.953,0.000673149,-0.00133794,0.00691018,0.00435094,0,-0.460679,-0.230339,-0.000561131,1.15852e-05,-0.000572716,-0.00201109,16,False,False,False,i
2020-08-10,3355,139.859,0.0030645,-0.000669867,0.00620738,0.00524246,0,-0.413826,-0.206913,-0.000860173,5.56939e-06,-0.000865743,-0.00373437,15,False,False,False,i
2020-08-11,3328,139.5,-0.00804769,-0.00256955,0.00485761,0.00392585,0,-0.323841,-0.16192,0.0011335,1.07268e-05,0.00112277,0.00547814,14,False,False,False,i
2020-08-12,3373.5,139.219,0.0136719,-0.00201613,0.00786585,0.00765063,0,-0.52439,-0.262195,-0.00254021,2.37931e-05,-0.002564,-0.015688,13,False,False,False,i
2020-08-13,3367.75,139,-0.00170446,-0.00157127,0.0076903,0.00761882,0,-0.512687,-0.256343,3.49226e-05,1.38931e-06,3.35332e-05,0.000133193,12,False,False,False,i
2020-08-14,3367.75,139.125,0,0.000899281,0.00483598,0.00740449,0,-0.322398,-0.161199,0.000230525,2.25892e-05,0.000207935,0.000899281,11,False,False,False,i
2020-08-17,3378.25,139.312,0.00311781,0.00134771,0.00526627,0.00782558,0,-0.351084,-0.175542,-0.000285339,3.40162e-06,-0.00028874,-0.0017701,10,False,False,False,i
2020-08-18,3385.75,139.422,0.00222008,0.000785105,0.0055922,0.00816707,0,-0.372814,-0.186407,-0.000251899,2.57467e-06,-0.000254474,-0.00143498,9,False,False,False,i
2020-08-19,3371.75,139.312,-0.00413498,-0.00078449,0.00477655,0.00736639,0,-0.318437,-0.159218,0.000624554,6.45239e-06,0.000618101,0.00335049,8,False,False,False,i
2020-08-20,3382,139.547,0.00303996,0.00168237,0.0049963,0.00768933,0,-0.333087,-0.166543,-0.000216154,1.73654e-06,-0.000217891,-0.0013576,7,False,False,False,i
2020-08-21,3393.75,139.609,0.00347428,0.000447878,0.0057053,0.00840919,0,-0.380354,-0.190177,-0.000504027,5.596e-06,-0.000509623,-0.0030264,6,False,False,False,i
2020-08-24,3428.5,139.453,0.0102394,-0.00111919,0.00837433,0.0110998,0,-0.558288,-0.279144,-0.00216014,2.09917e-05,-0.00218113,-0.0113586,5,False,False,False,i
2020-08-25,3440.25,139.297,0.00342715,-0.00112045,0.00935173,0.0121787,-1,-0.623449,-0.811724,-0.00126944,0.000125512,-0.00139495,-0.0045476,4,False,False,False,i
2020-08-26,3475,139.297,0.010101,0,0.00969483,0.0145621,-1,-0.646322,-0.823161,-0.00819924,2.68598e-06,-0.00820192,-0.010101,3,False,False,False,i
2020-08-27,3482.25,138.984,0.00208633,-0.00224341,0.00940546,0.0155873,-1,-0.62703,-0.813515,-0.00356407,2.26376e-06,-0.00356634,-0.00432974,2,False,False,False,i
2020-08-28,3505,139.219,0.00653313,0.00168634,0.00771294,0.0167289,-1,-0.514196,-0.757098,-0.00394294,1.3211e-05,-0.00395615,-0.00484679,1,False,False,False,i
2020-08-31,3492.5,139.156,-0.00356633,0.000561735,0.00615224,0.0157512,-1,-0.41015,-0.705075,0.00312535,1.21969e-05,0.00311316,0.00412807,0,True,False,False,i
2020-09-01,3525,139.438,0.00930565,0.00202111,0.0071393,0.0174636,1,-0.475953,0.262023,-0.00513615,0.000226022,-0.00536217,-0.00728455,20,False,True,False,i
2020-09-02,3576.5,139.562,0.0146099,0.000896459,0.0103132,0.00326147,0,-0.687546,-0.343773,0.00359325,0.000140889,0.00345236,-0.0137135,19,False,False,False,i
2020-09-03,3453.25,139.672,-0.0344611,0.000783699,1.33874e-05,-0.00535026,0,-0.000892495,-0.000446248,0.0121162,8.08062e-05,0.0120354,0.0352448,18,False,False,False,i
2020-09-04,3425.5,139.094,-0.00803591,-0.00413917,-0.00131772,-0.00629564,0,0.0878478,0.0439239,1.73891e-06,1.04722e-05,-8.73329e-06,-0.00389674,17,False,False,False,i
2020-09-08,3332.25,139.375,-0.0272223,0.00202202,-0.00804666,-0.0134598,0,0.536444,0.268222,-0.00128452,5.34517e-05,-0.00133798,-0.0292443,16,False,False,False,i
2020-09-09,3396.5,139.375,0.0192813,0,-0.00316929,-0.00883621,0,0.211286,0.105643,0.00517166,3.84852e-05,0.00513317,0.0192813,15,False,False,False,i
2020-09-10,3338,139.438,-0.0172236,0.00044843,-0.00541912,-0.0131505,0,0.361275,0.180637,-0.00186693,1.78608e-05,-0.00188479,-0.017672,14,False,False,False,i
2020-09-11,3339.75,139.594,0.000524266,0.00112057,-0.00539792,-0.013295,0,0.359861,0.179931,-0.000107715,1.68274e-07,-0.000107884,-0.000596308,13,False,False,False,i
2020-09-14,3373,139.547,0.0131411,-0.000335796,-0.00148943,-0.0100516,0,0.0992953,0.0496477,0.00242491,3.0915e-05,0.00239399,0.0134769,12,False,False,False,i
2020-09-15,3390.25,139.5,0.00511414,-0.000335909,-0.000307088,-0.00873698,0,0.0204725,0.0102363,0.000270582,9.33534e-06,0.000261247,0.00545005,11,False,False,False,i
2020-09-16,3376.75,139.438,-0.00398201,-0.000448029,-0.00172853,-0.00959321,0,0.115235,0.0576175,-3.61747e-05,1.12388e-05,-4.74135e-05,-0.00353398,10,False,False,False,i
2020-09-17,3347.25,139.422,-0.00873621,-0.000112057,-0.00392043,-0.0116897,0,0.261362,0.130681,-0.000496902,1.7384e-05,-0.000514286,-0.00862415,9,False,False,False,i
2020-09-18,3307.75,139.359,-0.0118007,-0.00044828,-0.00659313,-0.014459,0,0.439542,0.219771,-0.00148355,2.12862e-05,-0.00150484,-0.0113525,8,False,False,False,i
2020-09-21,3270.5,139.531,-0.0112614,0.00123332,-0.00908219,-0.0175098,0,0.605479,0.30274,-0.00274599,1.99036e-05,-0.00276589,-0.0124948,7,False,False,False,i
2020-09-22,3303.75,139.531,0.0101666,0,-0.00415274,-0.0150519,0,0.276849,0.138425,0.00307784,3.92764e-05,0.00303857,0.0101666,6,False,False,False,i
2020-09-23,3226.75,139.531,-0.0233068,0,-0.00880328,-0.0207886,0,0.586885,0.293443,-0.00322624,3.73677e-05,-0.00326361,-0.0233068,5,False,False,False,i
2020-09-24,3235.25,139.562,0.00263423,0.000223964,-0.0080037,-0.0202021,1,0.53358,0.76679,0.000707274,0.000113994,0.00059328,0.00241027,4,False,False,False,i
2020-09-25,3287.5,139.641,0.0161502,0.000559785,-0.00110356,-0.0164399,1,0.0735704,0.536785,0.0119546,5.50748e-05,0.0118995,0.0155904,3,False,False,False,i
2020-09-28,3343,139.656,0.0168821,0.000111894,0.00274192,-0.0124044,1,-0.182795,0.408603,0.00900201,3.05121e-05,0.0089715,0.0167702,2,False,False,False,i
2020-09-29,3324.75,139.75,-0.00545917,0.000671291,0.000229458,-0.0138943,1,-0.0152972,0.492351,-0.00250492,1.99738e-05,-0.0025249,-0.00613046,1,False,False,False,i
2020-09-30,3349.5,139.5,0.00744417,-0.00178891,0.0022192,-0.0116626,1,-0.147947,0.426027,0.00454592,1.5777e-05,0.00453014,0.00923308,0,True,False,False,i
2020-10-01,3370.25,139.531,0.00619495,0.000224014,0.00353091,-0.0102218,-1,-0.235394,-0.617697,0.00254378,0.000247737,0.00229604,0.00597094,21,False,True,False,i
2020-10-02,3338.5,139.453,-0.00942067,-0.00055991,0.00134335,-0.00213915,0,-0.0895565,-0.0447782,0.00547326,0.00013644,0.00533682,-0.00886076,20,False,False,False,i
2020-10-05,3397.5,138.812,0.0176726,-0.00459384,0.0064473,0.00316795,0,-0.42982,-0.21491,-0.000997052,4.02689e-05,-0.00103732,0.0222664,19,False,False,False,i
2020-10-06,3349.25,139.016,-0.0142016,0.0014633,0.0024743,-0.000611731,0,-0.164953,-0.0824766,0.00336655,3.15032e-05,0.00333504,0.0156649,18,False,False,False,i
2020-10-07,3407,138.734,0.0172427,-0.00202315,0.00610939,0.00397077,0,-0.407293,-0.203646,-0.00158898,2.86522e-05,-0.00161763,0.0192658,17,False,False,False,i
2020-10-08,3437.5,138.922,0.00895216,0.0013515,0.00773715,0.00577803,0,-0.51581,-0.257905,-0.00154785,1.27906e-05,-0.00156064,-0.00760065,16,False,False,False,i
2020-10-09,3468.75,138.828,0.00909091,-0.00067484,0.0085986,0.00809804,0,-0.57324,-0.28662,-0.00251864,6.748e-06,-0.00252538,-0.00976575,15,False,False,False,i
2020-10-12,3525,138.938,0.0162162,0.000787845,0.00952695,0.0117378,0,-0.63513,-0.317565,-0.00442208,7.23224e-06,-0.00442931,-0.0154284,14,False,False,False,i
2020-10-13,3502.25,139.203,-0.0064539,0.00191183,0.00445681,0.00974446,0,-0.297121,-0.14856,0.00265666,3.95856e-05,0.00261708,0.00836573,13,False,False,False,i
2020-10-14,3480.5,139.234,-0.00621029,0.000224492,0.00163506,0.00820758,0,-0.109004,-0.0545021,0.000955955,2.20781e-05,0.000933876,0.00643479,12,False,False,False,i
2020-10-15,3475.75,139.141,-0.00136475,-0.000673325,0.0018032,0.00804264,0,-0.120214,-0.0601068,3.76839e-05,1.3162e-06,3.63677e-05,0.000691421,11,False,False,False,i
2020-10-16,3473.5,139.078,-0.000647342,-0.000449186,0.00176209,0.00799538,0,-0.117473,-0.0587363,1.19106e-05,3.21928e-07,1.15886e-05,0.000198156,10,False,False,False,i
2020-10-19,3421,138.906,-0.0151144,-0.00123582,-0.00159376,0.00465528,0,0.106251,0.0531253,0.000815178,2.64135e-05,0.000788765,0.0138786,9,False,False,False,i
2020-10-20,3434.25,138.719,0.00387314,-0.00134983,-0.000211773,0.00590157,0,0.0141182,0.00705911,0.000277472,1.08629e-05,0.000266609,-0.00522297,8,False,False,False,i
2020-10-21,3427.25,138.578,-0.00203829,-0.00101374,0.000197427,0.00565652,0,-0.0131618,-0.00658089,-7.2324e-06,3.21873e-06,-1.04511e-05,0.00102455,7,False,False,False,i
2020-10-22,3447.5,138.234,0.00590853,-0.00248055,0.00221456,0.00765494,0,-0.147637,-0.0738187,-5.52076e-05,1.58343e-05,-7.10419e-05,-0.00838908,6,False,False,False,i
2020-10-23,3458.25,138.359,0.0031182,0.000904261,0.00266646,0.00818158,0,-0.177764,-0.088882,-0.00016343,3.54358e-06,-0.000166974,-0.00221394,5,False,False,False,i
2020-10-26,3394.5,138.609,-0.0184342,0.00180689,-0.00233973,0.003307,-1,0.155982,-0.422009,0.00179907,7.8873e-05,0.00172019,0.0202411,4,False,False,False,i
2020-10-27,3383.25,138.844,-0.00331418,0.0016909,-0.00325532,0.00210755,-1,0.217021,-0.391489,0.00211219,7.23436e-06,0.00210496,0.00500509,3,False,False,False,i
2020-10-28,3266.75,138.812,-0.0344343,-0.000225073,-0.0113766,-0.00626238,1,0.758438,0.879219,0.0133926,0.000304959,0.0130876,0.0342093,2,False,False,False,i
2020-10-29,3299.75,138.422,0.0101018,-0.00281405,-0.00566725,-0.00316197,1,0.377817,0.688908,0.0113558,4.55097e-05,0.0113103,0.0129158,1,False,False,False,i
2020-10-30,3265.25,138.125,-0.0104553,-0.00214471,-0.00376922,-0.005176,1,0.251281,0.625641,-0.00572526,1.51862e-05,-0.00574045,-0.00831063,0,True,False,False,i
2020-11-02,3301.75,138.25,0.0111783,0.000904977,-0.00127795,-0.00271729,1,0.0851966,0.542598,0.00642742,1.9854e-05,0.00640756,0.0102733,19,False,True,False,i
2020-11-03,3359.25,138.078,0.017415,-0.00124322,0.00303239,0.00443385,0,-0.202159,-0.10108,0.0101239,0.000152958,0.00997096,0.0186582,18,False,False,False,i
2020-11-04,3435,138.922,0.0225497,0.00611067,0.00673516,0.00830223,0,-0.449011,-0.224505,-0.00166165,2.9103e-05,-0.00169075,-0.016439,17,False,False,False,i
2020-11-05,3502.5,138.891,0.0196507,-0.000224947,0.00898694,0.0129825,0,-0.59913,-0.299565,-0.00446218,1.75806e-05,-0.00447976,-0.0198756,16,False,False,False,i
2020-11-06,3501.75,138.562,-0.000214133,-0.00236247,0.00765273,0.0134927,0,-0.510182,-0.255091,-0.000643566,1.04175e-05,-0.000653984,-0.00214834,15,False,False,False,i
2020-11-09,3546.5,137.781,0.0127793,-0.00563825,0.00959666,0.0178352,0,-0.639777,-0.319889,-0.00469815,1.51128e-05,-0.00471327,-0.0184176,14,False,False,False,i
2020-11-10,3541.75,137.5,-0.00133935,-0.00204128,0.0092255,0.0180013,0,-0.615033,-0.307517,-0.00022454,2.88683e-06,-0.000227426,-0.000701931,13,False,False,False,i
2020-11-11,3567,137.641,0.00712924,0.00102273,0.00665853,0.019436,0,-0.443902,-0.221951,-0.00187785,1.99176e-05,-0.00189777,-0.00610652,12,False,False,False,i
2020-11-12,3533.5,138.203,-0.00939165,0.00408673,0.00337331,0.016245,0,-0.224887,-0.112444,0.00299154,2.55722e-05,0.00296597,0.0134784,11,False,False,False,i
2020-11-13,3581.75,138.078,0.013655,-0.000904466,0.00555273,0.0196606,0,-0.370182,-0.185091,-0.00163712,1.68871e-05,-0.00165401,-0.0145595,10,False,False,False,i
2020-11-16,3626.25,138.016,0.0124241,-0.000452642,0.00847282,0.0226728,0,-0.564855,-0.282427,-0.00238337,2.25328e-05,-0.0024059,-0.0128767,9,False,False,False,i
2020-11-17,3607.5,138.281,-0.00517063,0.0019246,0.00640903,0.0210016,0,-0.427268,-0.213634,0.00200389,1.59528e-05,0.00198794,0.00709523,8,False,False,False,i
2020-11-18,3563.5,138.234,-0.0121968,-0.000338983,0.00233178,0.018189,0,-0.155452,-0.077726,0.00253324,3.16467e-05,0.00250159,0.0118578,7,False,False,False,i
2020-11-19,3578,138.344,0.00406903,0.000791229,0.00340083,0.0189605,0,-0.226722,-0.113361,-0.000254771,8.28639e-06,-0.000263057,-0.0032778,6,False,False,False,i
2020-11-20,3553.5,138.5,-0.0068474,0.00112943,0.00153498,0.017072,0,-0.102332,-0.0511659,0.000904261,1.44961e-05,0.000889765,0.00797683,5,False,False,False,i
2020-11-23,3575.5,138.359,0.00619108,-0.00101534,0.0033302,0.018769,-1,-0.222014,-0.611007,-0.000368723,0.000130213,-0.000498937,-0.00720642,4,False,False,False,i
2020-11-24,3632.5,138.25,0.0159418,-0.000790514,0.00738315,0.0226787,-1,-0.49221,-0.746105,-0.0102236,3.12565e-05,-0.0102548,-0.0167323,3,False,False,False,i
2020-11-25,3627.25,138.266,-0.00144529,0.00011302,0.00685818,0.0223123,-1,-0.457212,-0.728606,0.00116266,4.05053e-06,0.00115861,0.00155831,2,False,False,False,i
2020-11-27,3637,138.547,0.00268799,0.00203413,0.00661964,0.0224656,-1,-0.441309,-0.720655,-0.000476405,1.83889e-06,-0.000478244,-0.000653859,1,False,False,False,i
2020-11-30,3620.75,138.109,-0.00446797,-0.000565355,0.00567969,0.0215457,-1,-0.378646,-0.689323,0.00281244,7.25675e-06,0.00280518,0.00390261,0,True,False,False,i
2020-12-01,3660.75,137.594,0.0110474,-0.00373345,0.00922713,0.0250037,1,-0.615142,0.192429,-0.0101888,0.000203479,-0.0103923,-0.0147809,21,False,True,False,i
2020-12-02,3668,137.422,0.00198047,-0.00124915,0.00985971,0.000774575,0,-0.657314,-0.328657,0.000621472,0.00012017,0.000501301,-0.00322962,20,False,False,False,i
2020-12-03,3667,137.719,-0.000272628,0.00216032,0.00625567,0.000191453,0,-0.417045,-0.208522,0.000799605,2.77074e-05,0.000771898,0.00243295,19,False,False,False,i
2020-12-04,3698.75,137.359,0.0086583,-0.00260948,0.00714812,0.00288411,0,-0.476541,-0.238271,-0.00234959,6.84148e-06,-0.00235643,-0.0112678,18,False,False,False,i
2020-12-07,3691.25,137.688,-0.00202771,0.00238881,0.00599085,0.00182644,0,-0.39939,-0.199695,0.00105233,8.87753e-06,0.00104345,0.00441652,17,False,False,False,i
2020-12-08,3701.75,137.781,0.00284456,0.00068089,0.0064662,0.0023439,0,-0.43108,-0.21554,-0.000432075,3.64302e-06,-0.000435718,-0.00216368,16,False,False,False,i
2020-12-09,3668.75,137.641,-0.0089147,-0.00102064,0.00455146,0.00044208,0,-0.303431,-0.151715,0.00170149,1.47179e-05,0.00168677,0.00789406,15,False,False,False,i
2020-12-10,3667.25,137.844,-0.000408859,0.00147576,0.00417444,-9.90638e-06,0,-0.278296,-0.139148,0.000285926,2.89842e-06,0.000283028,0.00188462,14,False,False,False,i
2020-12-11,3662.5,138.094,-0.00129525,0.00181365,0.00351919,-0.000756086,0,-0.234613,-0.117306,0.000432597,5.03951e-06,0.000427557,-0.0031089,13,False,False,False,i
2020-12-14,3638.75,138.047,-0.00444596,-0.000339443,0.00256265,-0.00174504,0,-0.170843,-0.0854216,0.000481721,7.37268e-06,0.000474348,-0.00410652,12,False,False,False,i
2020-12-15,3687.75,137.953,0.0134662,-0.000679117,0.00609844,0.00162846,0,-0.406563,-0.203281,-0.00120831,2.71321e-05,-0.00123544,0.0141453,11,False,False,False,i
2020-12-16,3694.75,137.891,0.00189818,-0.000453052,0.00646668,0.00219145,0,-0.431112,-0.215556,-0.000477961,2.82394e-06,-0.000480785,-0.00235123,10,False,False,False,i
2020-12-17,3713.5,137.812,0.00507477,-0.000566572,0.00763639,0.00353905,0,-0.509093,-0.254546,-0.00121603,8.95529e-06,-0.00122498,-0.00564134,9,False,False,False,i
2020-12-18,3700.25,137.766,-0.00356806,-0.000340136,0.00681318,0.00276491,0,-0.454212,-0.227106,0.000821657,6.3099e-06,0.000815347,0.00322793,8,False,False,False,i
2020-12-21,3685.5,137.812,-0.00398622,0.000340252,0.00461967,0.00172662,0,-0.307978,-0.153989,0.000982567,1.68354e-05,0.000965732,0.00432647,7,False,False,False,i
2020-12-22,3678.25,137.984,-0.00196717,0.00124717,0.00389089,0.000955773,0,-0.259393,-0.129696,0.000494972,5.59712e-06,0.000489375,0.00321433,6,False,False,False,i
2020-12-23,3681,137.812,0.000747638,-0.00124561,0.00446704,0.00143379,0,-0.297803,-0.148901,-0.000258517,4.4238e-06,-0.000262941,-0.00199325,5,False,False,False,i
2020-12-24,3692.75,137.906,0.00319207,0.000680272,0.00504779,0.00203458,-1,-0.33652,-0.66826,-0.00037401,0.000119506,-0.000493516,-0.0025118,4,False,False,False,i
2020-12-28,3727.75,137.938,0.00947803,0.000226603,0.00722239,0.00423835,-1,-0.481493,-0.740746,-0.00618236,1.66278e-05,-0.00619899,-0.00925143,3,False,False,False,i
2020-12-29,3721.25,137.938,-0.00174368,0,0.00659479,0.00382094,-1,-0.439653,-0.719826,0.00129162,4.80161e-06,0.00128682,0.00174368,2,False,False,False,i
2020-12-30,3725,137.969,0.00100773,0.000226552,0.00643097,0.00400768,-1,-0.428732,-0.714366,-0.00056231,1.25292e-06,-0.000563563,-0.000781174,1,False,False,False,i
2020-12-31,3744.25,138.016,0.00516779,0.000339751,0.00757217,0.00515871,-1,-0.504812,-0.752406,-0.00344898,8.71347e-06,-0.0034577,-0.00482803,0,True,False,False,i
2021-01-04,3693.5,138.125,-0.0135541,0.000792483,0.00408017,0.00170345,1,-0.272011,0.363994,0.0107945,0.00025687,0.0105376,0.0143466,18,False,True,False,i
2021-01-05,3717.5,137.875,0.0064979,-0.00180995,0.00538313,0.00198758,0,-0.358875,-0.179438,0.00302401,0.000124771,0.00289924,-0.00830786,17,False,False,False,i
2021-01-06,3740.5,137.297,0.00618695,-0.00419311,0.0078074,0.00446952,0,-0.520493,-0.260247,-0.00186257,1.85162e-05,-0.00188109,-0.0103801,16,False,False,False,i
2021-01-07,3795.25,136.938,0.0146371,-0.0026175,0.0117926,0.00856287,0,-0.786172,-0.393086,-0.00449045,3.02947e-05,-0.00452074,-0.0172546,15,False,False,False,i
2021-01-08,3817,136.625,0.00573085,-0.00228206,0.011381,0.0104667,0,-0.758732,-0.379366,-0.00314976,3.12313e-06,-0.00315288,-0.00801291,14,False,False,False,i
2021-01-11,3792.25,136.422,-0.00648415,-0.00148673,0.00497184,0.00927294,0,-0.331456,-0.165728,0.00189585,4.87338e-05,0.00184712,0.00499742,13,False,False,False,i
2021-01-12,3792.75,136.422,0.000131848,0,0.00360573,0.00930432,0,-0.240382,-0.120191,-2.18509e-05,1.03872e-05,-3.22381e-05,-0.000131848,12,False,False,False,i
2021-01-13,3802.5,136.734,0.00257069,0.00229069,0.00367134,0.00937081,0,-0.244756,-0.122378,-3.36542e-05,4.98403e-07,-3.41526e-05,-0.000280006,11,False,False,False,i
2021-01-14,3790.25,136.578,-0.00322156,-0.00114273,0.00317028,0.00887478,0,-0.211352,-0.105676,0.000254404,3.81062e-06,0.000250593,0.00207884,10,False,False,False,i
2021-01-15,3761.75,136.875,-0.00751929,0.00217366,0.000861306,0.0065578,0,-0.0574204,-0.0287102,0.00102431,1.7603e-05,0.00100671,0.00969296,9,False,False,False,i
2021-01-19,3790.25,136.953,0.00757626,0.000570776,0.00262282,0.0082216,0,-0.174855,-0.0874275,-0.000201129,1.33965e-05,-0.000214525,-0.00700548,8,False,False,False,i
2021-01-20,3842.75,137,0.0138513,0.00034227,0.00581976,0.0114133,0,-0.387984,-0.193992,-0.00118106,2.42054e-05,-0.00120527,-0.0135091,7,False,False,False,i
2021-01-21,3846.25,136.906,0.000910806,-0.000684307,0.00607689,0.0117922,0,-0.405126,-0.202563,-0.000309439,1.94631e-06,-0.000311385,-0.00159511,6,False,False,False,i
2021-01-22,3832.75,137.047,-0.00350991,0.00102716,0.00418873,0.0107127,0,-0.279249,-0.139624,0.000919044,1.43081e-05,0.000904736,0.00453708,5,False,False,False,i
2021-01-25,3848.5,137.422,0.00410932,0.00273629,0.00447451,0.011038,-1,-0.298301,-0.64915,-0.000191709,0.00011568,-0.000307389,-0.00137303,4,False,False,False,i
2021-01-26,3842.5,137.375,-0.00155905,-0.000341103,0.00419974,0.0107482,-1,-0.279983,-0.639991,0.00079063,2.08047e-06,0.00078855,0.00121795,3,False,False,False,i
2021-01-27,3749,137.484,-0.0243331,0.000796178,-0.00188512,0.0046859,-1,0.125675,-0.437163,0.0160825,4.64409e-05,0.0160361,0.0251293,2,False,False,False,i
2021-01-28,3779.75,137.25,0.00820219,-0.00170474,0.000720704,0.00704396,-1,-0.0480469,-0.524023,-0.00433094,1.98354e-05,-0.00435077,-0.00990693,1,False,False,False,i
2021-01-29,3705,137.109,-0.0197764,-0.00102459,-0.00343987,0.00251466,-1,0.229324,-0.385338,0.00982641,3.18773e-05,0.00979453,0.0187519,0,True,False,False,i
2021-02-01,3764.75,137.25,0.0161269,0.00102564,0.000332699,0.00609502,1,-0.0221799,0.48891,-0.00581907,0.0001999,-0.00601897,-0.0151012,18,False,True,False,i
2021-02-02,3818.5,136.984,0.0142772,-0.00193534,0.00469305,0.00386092,0,-0.31287,-0.156435,0.00792646,0.000146885,0.00777958,-0.0162125,17,False,False,False,i
2021-02-03,3822,136.781,0.00091659,-0.00148283,0.00511812,0.00443491,0,-0.341208,-0.170604,-0.000375354,3.22401e-06,-0.000378578,-0.00239942,16,False,False,False,i
2021-02-04,3865.25,136.797,0.0113161,0.000114233,0.00724346,0.00709488,0,-0.482897,-0.241449,-0.00191108,1.60618e-05,-0.00192714,-0.0112018,15,False,False,False,i
2021-02-05,3880.25,136.656,0.00388073,-0.00102798,0.00803652,0.00826348,0,-0.535768,-0.267884,-0.0011852,5.98601e-06,-0.00119119,-0.00490872,14,False,False,False,i
2021-02-08,3909,136.641,0.00740932,-0.000114338,0.00852903,0.0100482,0,-0.568602,-0.284301,-0.00201547,3.70877e-06,-0.00201917,-0.00752365,13,False,False,False,i
2021-02-09,3906,136.719,-0.00076746,0.000571755,0.00622775,0.00972958,0,-0.415184,-0.207592,0.00038074,1.73335e-05,0.000363407,0.00133921,12,False,False,False,i
2021-02-10,3904.5,136.969,-0.000384025,0.00182857,0.00565546,0.00920332,0,-0.377031,-0.188515,0.000459317,4.31109e-06,0.000455006,0.0022126,11,False,False,False,i
2021-02-11,3911.25,136.844,0.00172877,-0.000912617,0.00630619,0.00983174,0,-0.420413,-0.210206,-0.000497943,4.89926e-06,-0.000502842,-0.00264139,10,False,False,False,i
2021-02-12,3930.75,136.547,0.00498562,-0.00216945,0.00798579,0.0115305,0,-0.532386,-0.266193,-0.00150404,1.26257e-05,-0.00151667,-0.00715506,9,False,False,False,i
2021-02-16,3927.25,135.797,-0.000890415,-0.00549262,0.0090196,0.0126267,0,-0.601307,-0.300653,-0.00122507,7.77349e-06,-0.00123285,-0.0046022,8,False,False,False,i
2021-02-17,3928,135.828,0.000190973,0.000230123,0.00556596,0.0126174,0,-0.371064,-0.185532,1.17705e-05,2.59671e-05,-1.41965e-05,3.91498e-05,7,False,False,False,i
2021-02-18,3911,135.875,-0.0043279,0.000345105,0.00408371,0.0115056,0,-0.272247,-0.136124,0.000866993,1.116e-05,0.000855833,0.00467301,6,False,False,False,i
2021-02-19,3903.5,135.484,-0.00191767,-0.00287489,0.00435638,0.0117336,0,-0.290425,-0.145213,-0.0001303,2.05418e-06,-0.000132354,-0.000957217,5,False,False,False,i
2021-02-22,3874.5,135.344,-0.00742923,-0.00103794,0.00284673,0.010208,-1,-0.189782,-0.594891,0.000928095,0.000101873,0.000826222,0.00639129,4,False,False,False,i
2021-02-23,3878,135.438,0.000903342,0.000692681,0.0029564,0.010258,-1,-0.197093,-0.598547,-0.000125321,8.27963e-07,-0.000126149,-0.000210662,3,False,False,False,i
2021-02-24,3920.5,135.234,0.0109593,-0.00149977,0.00606808,0.0132034,-1,-0.404539,-0.702269,-0.00745731,2.34101e-05,-0.00748072,-0.012459,2,False,False,False,i
2021-02-25,3826.5,133.516,-0.0239765,-0.0127094,0.00321017,0.0104775,-1,-0.214011,-0.607006,0.00791255,2.1668e-05,0.00789088,0.0112671,1,False,False,False,i
2021-02-26,3805.5,134.375,-0.00548804,0.00643651,-0.000526928,0.0076395,-1,0.0351285,-0.482436,0.00723827,2.83841e-05,0.00720989,0.0119246,0,True,False,False,i
2021-03-01,3897.75,133.328,0.0242412,0.000234439,0.00526333,0.0132795,1,-0.350889,0.324556,-0.0115817,0.000182473,-0.0117642,-0.0240068,22,False,True,False,i
2021-03-02,3868.25,133.625,-0.00756847,0.00222665,0.00245229,-0.00235944,0,-0.163486,-0.0817431,-0.00317906,9.20931e-05,-0.00327115,0.00979512,21,False,False,False,i
2021-03-03,3817,133.062,-0.0132489,-0.00420954,0.00025315,-0.00455419,0,-0.0168767,-0.00843834,0.000738904,1.66868e-05,0.000722217,-0.00903934,20,False,False,False,i
2021-03-04,3769.5,132.5,-0.0124443,-0.00422734,-0.0013013,-0.0065518,0,0.0867531,0.0433766,6.93377e-05,1.18428e-05,5.74949e-05,-0.00821699,19,False,False,False,i
2021-03-05,3838,132.344,0.0181722,-0.00117925,0.00362711,-0.00193056,0,-0.241807,-0.120904,0.000839398,3.733e-05,0.000802068,0.0193514,18,False,False,False,i
2021-03-08,3819.75,131.828,-0.00475508,-0.0038961,0.00310862,-0.00213796,0,-0.207241,-0.103621,0.000103853,3.93332e-06,9.992e-05,-0.000858977,17,False,False,False,i
2021-03-09,3873,132.312,0.0139407,0.00367429,0.00528894,0.000306341,0,-0.352596,-0.176298,-0.00106381,1.64669e-05,-0.00108028,0.0102664,16,False,False,False,i
2021-03-10,3897.25,132.547,0.0062613,0.00177137,0.00626301,0.00137886,0,-0.417534,-0.208767,-0.000791564,7.34206e-06,-0.000798906,-0.00448992,15,False,False,False,i
2021-03-11,3936.5,132.594,0.0100712,0.000353648,0.00826533,0.00369402,0,-0.551022,-0.275511,-0.00202871,1.50447e-05,-0.00204375,-0.00971756,14,False,False,False,i
2021-03-12,3943,131.859,0.00165121,-0.00553853,0.00881142,0.00541622,0,-0.587428,-0.293714,-0.00198086,4.10098e-06,-0.00198496,-0.00718975,13,False,False,False,i
2021-03-15,3957.5,131.953,0.0060375,0.000710985,0.00718113,0.00668366,0,-0.478742,-0.239371,-0.00156447,1.22289e-05,-0.0015767,-0.00532651,12,False,False,False,i
2021-03-16,3951.75,131.984,-0.00145294,0.000236827,0.00558313,0.00628014,0,-0.372208,-0.186104,0.00040448,1.19922e-05,0.000392488,0.00168976,11,False,False,False,i
2021-03-17,3964,131.984,0.00309989,0,0.00630431,0.00701871,0,-0.420287,-0.210144,-0.000576903,5.40681e-06,-0.00058231,-0.00309989,10,False,False,False,i
2021-03-18,3906,131.359,-0.0146317,-0.00473541,0.0038881,0.00463234,0,-0.259207,-0.129603,0.00207964,1.81992e-05,0.00206144,0.00989628,9,False,False,False,i
2021-03-19,3898,131.25,-0.00204813,-0.000832639,0.00365307,0.00434132,0,-0.243538,-0.121769,0.000157532,1.77143e-06,0.00015576,0.00121549,8,False,False,False,i
2021-03-22,3929.5,131.578,0.00808107,0.0025,0.00506654,0.00566804,0,-0.337769,-0.168885,-0.000679601,1.06263e-05,-0.000690227,-0.00558107,7,False,False,False,i
2021-03-23,3899,132.047,-0.0077618,0.00356252,0.00230051,0.00295445,0,-0.153367,-0.0766836,0.0019125,2.0846e-05,0.00189166,0.0113243,6,False,False,False,i
2021-03-24,3879,132.125,-0.00512952,0.000591646,0.00108491,0.00158088,0,-0.0723276,-0.0361638,0.00043872,9.17624e-06,0.000429544,0.00572117,5,False,False,False,i
2021-03-25,3900.75,132.047,0.00560712,-0.000591296,0.00276728,0.00306188,-1,-0.184485,-0.592243,-0.000224158,0.000125707,-0.000349865,-0.00619841,4,False,False,False,i
2021-03-26,3963,131.703,0.0159585,-0.00260324,0.00717285,0.0074673,-1,-0.47819,-0.739095,-0.010993,3.30319e-05,-0.0110261,-0.0185617,3,False,False,False,i
2021-03-29,3961.75,131.375,-0.000315418,-0.0024914,0.00752259,0.00798677,-1,-0.501506,-0.750753,-0.00160826,2.62255e-06,-0.00161088,-0.00217598,2,False,False,False,i
2021-03-30,3952,131.234,-0.00246103,-0.00107041,0.00514779,0.0076547,-1,-0.343186,-0.671593,0.00104402,1.78213e-05,0.00102619,0.00139062,1,False,False,False,i
2021-03-31,3968.75,131.062,0.00423836,-0.00130968,0.00648342,0.00897469,-1,-0.432228,-0.716114,-0.00372602,1.00097e-05,-0.00373603,-0.00554804,0,True,False,False,i
2021-04-01,4009.5,131.438,0.0102677,0.00286123,0.0081869,0.0107254,1,-0.545793,0.227103,-0.00530389,0.000211388,-0.00551528,-0.00740649,20,False,True,False,i
2021-04-05,4067,131.172,0.0143409,-0.00202092,0.0115505,0.00389647,0,-0.770036,-0.385018,0.00371583,0.00013658,0.00357925,-0.0163619,19,False,False,False,i
2021-04-06,4064.5,131.719,-0.000614704,0.00416915,0.00772364,0.00275361,0,-0.514909,-0.257455,0.00184187,2.84681e-05,0.0018134,0.00478385,18,False,False,False,i
2021-04-07,4069.5,131.672,0.00123016,-0.000355872,0.00527053,0.00313314,0,-0.351369,-0.175684,-0.000408332,1.82416e-05,-0.000426574,-0.00158604,17,False,False,False,i
2021-04-08,4089.25,132.031,0.00485318,0.00272932,0.00579067,0.00363949,0,-0.386044,-0.193022,-0.000373128,3.86206e-06,-0.00037699,-0.00212385,16,False,False,False,i
2021-04-09,4119.25,131.75,0.00733631,-0.00213018,0.0080234,0.00589634,0,-0.534893,-0.267447,-0.00182724,1.6541e-05,-0.00184378,-0.00946649,15,False,False,False,i
2021-04-12,4121,131.656,0.000424835,-0.000711575,0.00820715,0.0061677,0,-0.547143,-0.273572,-0.000303929,1.36114e-06,-0.00030529,-0.00113641,14,False,False,False,i
2021-04-13,4132.5,132.078,0.00279058,0.00320437,0.00623968,0.00606921,0,-0.415979,-0.207989,0.000113199,1.45616e-05,9.86376e-05,0.000413783,13,False,False,False,i
2021-04-14,4120,131.953,-0.0030248,-0.00094641,0.00574634,0.0055719,0,-0.383089,-0.191545,0.000432284,3.65467e-06,0.000428629,0.00207839,12,False,False,False,i
2021-04-15,4163.25,132.547,0.0104976,0.0044997,0.00718614,0.00699296,0,-0.479076,-0.239538,-0.00114886,1.06322e-05,-0.00115949,-0.00599787,11,False,False,False,i
2021-04-16,4177.25,132.281,0.00336276,-0.00200401,0.00840948,0.00827162,0,-0.560632,-0.280316,-0.00128554,9.02459e-06,-0.00129457,-0.00536677,10,False,False,False,i
2021-04-19,4157.25,132.219,-0.00478784,-0.000472478,0.0057404,0.00724017,0,-0.382693,-0.191347,0.00120966,1.97184e-05,0.00118995,0.00431536,9,False,False,False,i
2021-04-20,4126.5,132.562,-0.00739672,0.00259986,0.00186995,0.00484769,0,-0.124664,-0.0623318,0.00191281,2.86585e-05,0.00188415,0.00999657,8,False,False,False,i
2021-04-21,4164.75,132.578,0.00926936,0.000117869,0.0041427,0.00702266,0,-0.27618,-0.13809,-0.000570428,1.67812e-05,-0.00058721,-0.00915149,7,False,False,False,i
2021-04-22,4127.25,132.609,-0.00900414,0.00023571,0.00185409,0.00480662,0,-0.123606,-0.061803,0.00127593,1.6945e-05,0.00125899,0.00923985,6,False,False,False,i
2021-04-23,4170.75,132.469,0.0105397,-0.00106045,0.00470258,0.00756282,0,-0.313506,-0.156753,-0.000716924,2.10232e-05,-0.000737947,-0.0116002,5,False,False,False,i
2021-04-26,4180.25,132.359,0.00227777,-0.000825666,0.00529538,0.00830199,-1,-0.353025,-0.676513,-0.000486472,0.000115003,-0.000601475,-0.00310343,4,False,False,False,i
2021-04-27,4179,132,-0.000299025,-0.00271515,0.00584466,0.0088784,-1,-0.389644,-0.694822,-0.00163454,4.05151e-06,-0.00163859,-0.00241612,3,False,False,False,i
2021-04-28,4178,132.156,-0.000239292,0.00118371,0.00548267,0.00853963,-1,-0.365511,-0.682756,0.000988734,2.67023e-06,0.000986064,0.001423,2,False,False,False,i
2021-04-29,4203.75,131.984,0.00616324,-0.00130054,0.00723495,0.0103119,-1,-0.48233,-0.741165,-0.00509594,1.29018e-05,-0.00510884,-0.00746378,1,False,False,False,i
2021-04-30,4177.25,132.125,-0.0063039,0.00106547,0.00540281,0.0085532,-1,-0.360187,-0.680094,0.00546191,1.35156e-05,0.0054484,0.00736936,0,True,False,False,i
2021-05-03,4186.25,132.312,0.00215453,0.00141911,0.00325807,0.00872806,1,-0.217205,0.391398,-0.000500152,0.000236976,-0.000737129,-0.000735417,19,False,True,False,i
2021-05-04,4160.75,132.406,-0.00609137,0.00070855,0.00161842,-0.0016375,0,-0.107895,-0.0539475,-0.00266147,9.86773e-05,-0.00276015,0.00679992,18,False,False,False,i
2021-05-05,4161,132.578,6.00853e-05,0.00129809,0.0013849,-0.00193486,0,-0.0923265,-0.0461633,6.67872e-05,1.72476e-06,6.50624e-05,-0.001238,17,False,False,False,i
2021-05-06,4194.5,132.625,0.00805095,0.000353565,0.00329973,-9.36636e-05,0,-0.219982,-0.109991,-0.000355336,1.4108e-05,-0.000369444,0.00769738,16,False,False,False,i
2021-05-07,4224.5,132.781,0.00715222,0.00117813,0.00465194,0.00133343,0,-0.31013,-0.155065,-0.000657095,9.94146e-06,-0.000667037,0.00597409,15,False,False,False,i
2021-05-10,4183.75,132.625,-0.00964611,-0.00117675,0.00243403,-0.00070975,0,-0.162269,-0.0811345,0.0013133,1.63537e-05,0.00129695,0.00846936,14,False,False,False,i
2021-05-11,4146.25,132.469,-0.00896325,-0.00117813,0.000637419,-0.00259027,0,-0.0424946,-0.0212473,0.000631641,1.32836e-05,0.000618358,-0.00778512,13,False,False,False,i
2021-05-12,4057.75,131.969,-0.0213446,-0.00377448,-0.00341386,-0.00687726,0,0.227591,0.113795,0.000373318,3.01528e-05,0.000343165,-0.0175701,12,False,False,False,i
2021-05-13,4105.5,132.266,0.0117676,0.00224959,-0.000719934,-0.00459829,0,0.0479956,0.0239978,0.00108311,1.99782e-05,0.00106313,0.00951802,11,False,False,False,i
2021-05-14,4169,132.453,0.0154671,0.0014176,0.00323817,-0.00124658,0,-0.215878,-0.107939,0.000337156,2.92163e-05,0.00030794,0.0140495,10,False,False,False,i
2021-05-17,4158.5,132.344,-0.00251859,-0.000825764,0.00248842,-0.00165403,0,-0.165894,-0.0829472,0.000182722,5.5385e-06,0.000177184,-0.00169283,9,False,False,False,i
2021-05-18,4123,132.391,-0.00853673,0.000354191,0.000138212,-0.00380143,0,-0.00921411,-0.00460705,0.000737477,1.74065e-05,0.00072007,-0.00889092,8,False,False,False,i
2021-05-19,4111.5,132.062,-0.00278923,-0.00247846,0.000145929,-0.00387645,0,-0.00972858,-0.00486429,1.43173e-06,5.7205e-08,1.37453e-06,-0.00031077,7,False,False,False,i
2021-05-20,4155.5,132.484,0.0107017,0.00319451,0.00212251,-0.00208277,0,-0.141501,-0.0707504,-3.65171e-05,1.46043e-05,-5.11214e-05,0.00750718,6,False,False,False,i
2021-05-21,4152.5,132.484,-0.000721935,0,0.00188072,-0.00225641,0,-0.125381,-0.0626906,5.10772e-05,1.78691e-06,4.92902e-05,-0.000721935,5,False,False,False,i
2021-05-24,4194.5,132.609,0.0101144,0.000943507,0.0040086,-6.53849e-05,1,-0.26724,0.36638,-0.000574928,9.48389e-05,-0.000669767,0.00917088,4,False,False,False,i
2021-05-25,4185.75,132.984,-0.00208607,0.00282785,0.00274903,-0.00124493,1,-0.183268,0.408366,-0.00180036,9.28616e-06,-0.00180965,-0.00491392,3,False,False,False,i
2021-05-26,4193.75,132.891,0.00191125,-0.00070497,0.00315214,-0.000616933,1,-0.210142,0.394929,0.00106837,2.97019e-06,0.0010654,0.00261622,2,False,False,False,i
2021-05-27,4195,132.734,0.000298063,-0.00117578,0.00348086,-0.000262926,1,-0.232057,0.383971,0.000582062,2.42189e-06,0.000579641,0.00147384,1,False,False,False,i
2021-05-28,4203.5,132.75,0.00202622,0.000117716,0.00392333,0.000194637,-1,-0.261555,-0.630778,0.000732811,0.000224148,0.000508663,0.00190851,0,True,False,False,i
2021-06-01,4199.25,131.812,-0.00101106,0,0.00366376,-4.81254e-05,-1,-0.24425,-0.622125,0.000637755,1.9118e-06,0.000635844,0.00101106,21,False,True,False,i
2021-06-02,4206.25,131.953,0.00166696,0.00106686,0.00377048,0.000143821,0,-0.251365,-0.125683,-0.000373342,0.000109638,-0.00048298,0.000600108,20,False,False,False,i
2021-06-03,4190.75,131.625,-0.00368499,-0.00248668,0.00347737,-0.000144665,0,-0.231825,-0.115912,0.000150607,2.16011e-06,0.000148447,0.00119831,19,False,False,False,i
2021-06-04,4228.25,132.203,0.00894828,0.00439221,0.00457086,0.000941186,0,-0.304724,-0.152362,-0.000528105,8.03714e-06,-0.000536142,0.00455607,18,False,False,False,i
2021-06-07,4225.25,132.109,-0.000709513,-0.000709136,0.00452901,0.000941095,0,-0.301934,-0.150967,5.74947e-08,3.07654e-07,-2.5016e-07,3.77356e-07,17,False,False,False,i
2021-06-08,4225.5,132.422,5.91681e-05,0.00236546,0.00368555,0.000388561,0,-0.245704,-0.122852,0.000348175,6.20064e-06,0.000341974,0.0023063,16,False,False,False,i
2021-06-09,4219.25,132.75,-0.00147911,0.00247788,0.00276031,-0.000560711,0,-0.184021,-0.0920103,0.000486123,6.80491e-06,0.000479318,0.00395699,15,False,False,False,i
2021-06-10,4238.5,133.062,0.00456242,0.00235405,0.0033236,-3.23979e-05,0,-0.221573,-0.110787,-0.000203193,4.13715e-06,-0.00020733,0.00220837,14,False,False,False,i
2021-06-11,4245.5,132.891,0.00165153,-0.00129169,0.00400727,0.000673658,0,-0.267151,-0.133576,-0.000326068,5.01888e-06,-0.000331087,0.00294321,13,False,False,False,i
2021-06-14,4247.25,132.531,0.00253747,-0.00270429,0.00523318,0.00193041,0,-0.348879,-0.174439,-0.000700172,8.99835e-06,-0.00070917,-0.00524176,12,False,False,False,i
2021-06-15,4237.5,132.547,-0.0022956,0.000117897,0.00460743,0.00135134,0,-0.307162,-0.153581,0.000421009,4.59628e-06,0.000416413,0.0024135,11,False,False,False,i
2021-06-16,4213.75,131.656,-0.00560472,-0.00671932,0.00450619,0.00162017,0,-0.300413,-0.150206,-0.000171181,7.44814e-07,-0.000171926,-0.0011146,10,False,False,False,i
2021-06-17,4212.5,131.984,-0.000296648,0.00249229,0.00382967,0.00095228,0,-0.255312,-0.127656,0.000418916,4.97803e-06,0.000413938,0.00278893,9,False,False,False,i
2021-06-18,4154.75,132.391,-0.0137092,0.00307802,-0.000188455,-0.00310186,0,0.0125636,0.00628182,0.00214298,2.96902e-05,0.00211329,0.0167872,8,False,False,False,i
2021-06-21,4214,132.172,0.0142608,-0.00165231,0.00375653,0.000697193,0,-0.250435,-0.125218,9.99631e-05,2.90251e-05,7.0938e-05,0.0159131,7,False,False,False,i
2021-06-22,4236,132.406,0.00522069,0.00177326,0.00449211,0.00152093,0,-0.299474,-0.149737,-0.000431679,5.40354e-06,-0.000437083,-0.00344743,6,False,False,False,i
2021-06-23,4231.75,132.141,-0.00100331,-0.00200614,0.00470048,0.00176164,0,-0.313365,-0.156683,-0.000150161,1.53118e-06,-0.000151692,-0.00100283,5,False,False,False,i
2021-06-24,4256,132.125,0.00573049,-0.000118245,0.00608438,0.0031585,-1,-0.405625,-0.702813,-0.000916395,0.000120186,-0.00103658,-0.00584873,4,False,False,False,i
2021-06-25,4270.75,131.938,0.0034657,-0.00141911,0.00710031,0.00432594,-1,-0.473354,-0.736677,-0.0034331,7.44478e-06,-0.00344055,-0.00488481,3,False,False,False,i
2021-06-28,4280.25,132.219,0.00222443,0.00213169,0.00672552,0.00434807,-1,-0.448368,-0.724184,-6.83213e-05,2.74466e-06,-7.10659e-05,-9.27425e-05,2,False,False,False,i
2021-06-29,4282.5,132.266,0.00052567,0.000354526,0.00657911,0.00438897,-1,-0.438607,-0.719304,-0.00012394,1.07204e-06,-0.000125012,-0.000171144,1,False,False,False,i
2021-06-30,4286.25,132.438,0.000875657,0.00129947,0.00647651,0.00428774,-1,-0.431767,-0.715884,0.000304849,7.51039e-07,0.000304098,0.000423812,0,True,False,False,i
2021-07-01,4310.5,132.328,0.00565763,-0.000825861,0.00802278,0.00583332,1,-0.534852,0.232574,-0.00464142,0.000207937,-0.00484936,-0.00648349,20,False,True,False,i
2021-07-02,4343,132.734,0.00753973,0.00307002,0.00902216,0.0010666,0,-0.601477,-0.300739,0.00103954,0.000116663,0.000922876,-0.00446971,19,False,False,False,i
2021-07-06,4334.5,133.297,-0.00195717,0.00423779,0.00531409,-0.000418103,0,-0.354272,-0.177136,0.00186306,2.70538e-05,0.00183601,0.00619496,18,False,False,False,i
2021-07-07,4349.75,133.547,0.00351828,0.00187551,0.00533498,-2.4826e-05,0,-0.355665,-0.177833,-0.000290994,1.52299e-07,-0.000291146,0.00164277,17,False,False,False,i
2021-07-08,4315.5,133.844,-0.00787402,0.002223,0.00294055,-0.00245749,0,-0.196037,-0.0980185,0.00179558,1.74922e-05,0.00177809,-0.010097,16,False,False,False,i
2021-07-09,4360.25,133.422,0.0103696,-0.003152,0.00625452,0.000778312,0,-0.416968,-0.208484,-0.00132537,2.41363e-05,-0.0013495,0.0135216,15,False,False,False,i
2021-07-12,4376.25,133.391,0.00366951,-0.000234219,0.00698337,0.00171263,0,-0.465558,-0.232779,-0.000813866,5.30266e-06,-0.000819169,-0.00390373,14,False,False,False,i
2021-07-13,4361.5,133.031,-0.00337047,-0.00269415,0.00678559,0.00155004,0,-0.452373,-0.226186,0.000157431,1.44038e-06,0.000155991,0.000676311,13,False,False,False,i
2021-07-14,4367.75,133.469,0.00143299,0.0032887,0.00518331,0.00110621,0,-0.345554,-0.172777,0.000419736,1.16638e-05,0.000408072,0.00185571,12,False,False,False,i
2021-07-15,4353,133.797,-0.00337702,0.00245844,0.00380475,-0.000294469,0,-0.25365,-0.126825,0.00100823,1.00452e-05,0.000998188,0.00583547,11,False,False,False,i
2021-07-16,4319,133.766,-0.00781071,-0.000233563,0.00203753,-0.00212216,0,-0.135835,-0.0679176,0.000960971,1.29071e-05,0.000948064,-0.00757714,10,False,False,False,i
2021-07-19,4255,134.594,-0.0148182,0.00619087,-0.00284561,-0.00720555,0,0.189707,0.0948536,0.00142689,3.58234e-05,0.00139106,-0.0210091,9,False,False,False,i
2021-07-20,4314.75,134.609,0.0140423,0.00011609,0.00131354,-0.00387182,0,-0.0875696,-0.0437848,0.00132095,3.03858e-05,0.00129057,0.0139262,8,False,False,False,i
2021-07-21,4351.25,134,0.00845935,-0.00452699,0.00497691,-0.000755256,0,-0.331794,-0.165897,-0.000568604,2.66972e-05,-0.000595301,0.0129863,7,False,False,False,i
2021-07-22,4359.75,134.266,0.00195346,0.00198228,0.00435732,-0.000762162,0,-0.290488,-0.145244,4.78023e-06,4.51271e-06,2.6752e-07,-2.88145e-05,6,False,False,False,i
2021-07-23,4403.75,134.156,0.0100923,-0.000814617,0.00683144,0.00184226,0,-0.455429,-0.227715,-0.00158417,1.79671e-05,-0.00160214,0.0109069,5,False,False,False,i
2021-07-26,4414.5,134.094,0.0024411,-0.000465875,0.00742401,0.00253796,-1,-0.494934,-0.747467,-0.000661961,0.000113154,-0.000775115,-0.00290698,4,False,False,False,i
2021-07-27,4395,134.469,-0.00441726,0.00279655,0.00492839,0.00080767,-1,-0.328559,-0.66428,0.00539209,1.81339e-05,0.00537395,0.00721381,3,False,False,False,i
2021-07-28,4392.75,134.547,-0.000511945,0.00058099,0.00449437,0.000545523,-1,-0.299625,-0.649812,0.000726015,3.15415e-06,0.00072286,0.00109294,2,False,False,False,i
2021-07-29,4411.75,134.219,0.00432531,-0.00243874,0.00619546,0.00216553,-1,-0.413031,-0.706515,-0.00439536,1.23469e-05,-0.00440771,-0.00676405,1,False,False,False,i
2021-07-30,4390,134.531,-0.00493002,0.00232829,0.00439689,0.000423151,-1,-0.293126,-0.646563,0.0051281,1.30732e-05,0.00511503,0.00725831,0,True,False,False,i
2021-08-02,4380,134.969,-0.0022779,0.00325203,0.00314661,-0.000903656,1,-0.209774,0.395113,0.00357545,0.0002273,0.00334815,0.00552994,21,False,True,False,i
2021-08-03,4415.5,135.016,0.00810502,0.000347303,0.00517745,0.00185259,0,-0.345163,-0.172582,0.00306518,0.000123583,0.00294159,0.00775772,20,False,False,False,i
2021-08-04,4394,134.875,-0.00486921,-0.00104155,0.00416827,0.0009323,0,-0.277885,-0.138942,0.000660585,7.33344e-06,0.000653252,0.00382766,19,False,False,False,i
2021-08-05,4421.5,134.5,0.00625853,-0.00278035,0.00635931,0.00309421,0,-0.423954,-0.211977,-0.00125589,1.58928e-05,-0.00127178,-0.00903889,18,False,False,False,i
2021-08-06,4429.25,133.938,0.0017528,-0.00418216,0.00769349,0.00451572,0,-0.5129,-0.25645,-0.00125807,9.67259e-06,-0.00126775,-0.00593495,17,False,False,False,i
2021-08-09,4425.5,133.734,-0.000846644,-0.00151657,0.00752232,0.00467606,0,-0.501488,-0.250744,-0.000171801,1.24128e-06,-0.000173042,-0.000669921,16,False,False,False,i
2021-08-10,4430.25,133.531,0.00107333,-0.00151887,0.00627672,0.00529568,0,-0.418448,-0.209224,-0.000649977,9.02984e-06,-0.000659007,-0.00259219,15,False,False,False,i
2021-08-11,4441,133.656,0.0024265,0.00093611,0.00660786,0.0056511,0,-0.440524,-0.220262,-0.000311825,2.39892e-06,-0.000314224,-0.00149039,14,False,False,False,i
2021-08-12,4454.5,133.516,0.00303986,-0.00105214,0.00708715,0.00662703,0,-0.472476,-0.236238,-0.000901312,3.46899e-06,-0.000904781,-0.004092,13,False,False,False,i
2021-08-13,4462.75,134.031,0.00185206,0.00386191,0.00648977,0.00614868,0,-0.432651,-0.216326,0.000474803,4.32143e-06,0.000470481,0.00200985,12,False,False,False,i
2021-08-16,4473.75,134.281,0.00246485,0.00186524,0.00610762,0.00629151,0,-0.407175,-0.203587,-0.000129711,2.76251e-06,-0.000132474,-0.000599611,11,False,False,False,i
2021-08-17,4444.5,134.203,-0.00653814,-0.000581801,0.00467429,0.00486373,0,-0.311619,-0.15581,0.00121264,1.03811e-05,0.00120225,0.00595634,10,False,False,False,i
2021-08-18,4395.5,134.141,-0.0110249,-0.000465712,0.00218847,0.00232265,0,-0.145898,-0.0729489,0.00164522,1.8062e-05,0.00162715,0.0105592,9,False,False,False,i
2021-08-19,4402.25,134.297,0.00153566,0.00116482,0.00254177,0.00241135,0,-0.169451,-0.0847257,-2.70523e-05,2.56595e-06,-2.96183e-05,-0.000370839,8,False,False,False,i
2021-08-20,4436.5,134.172,0.00778011,-0.000930774,0.00488448,0.00448874,0,-0.325632,-0.162816,-0.000738036,1.69762e-05,-0.000755012,-0.00871089,7,False,False,False,i
2021-08-23,4476,134.234,0.00890341,0.00046582,0.00680972,0.00649486,0,-0.453981,-0.226991,-0.00137377,1.39153e-05,-0.00138769,-0.00843759,6,False,False,False,i
2021-08-24,4483,133.969,0.0015639,-0.00197882,0.00725939,0.00734021,0,-0.483959,-0.24198,-0.000804162,3.24866e-06,-0.000807411,-0.00354271,5,False,False,False,i
2021-08-25,4492.5,133.594,0.00211912,-0.00279916,0.00820955,0.00851289,-1,-0.547303,-0.773652,-0.00119012,0.000115163,-0.00130529,-0.00491828,4,False,False,False,i
2021-08-26,4466,133.578,-0.00589872,-0.000116959,0.00621001,0.00713051,-1,-0.414001,-0.707,0.00447307,1.44617e-05,0.00445861,0.00578176,3,False,False,False,i
2021-08-27,4505,133.922,0.00873265,0.0025734,0.00692694,0.00859041,-1,-0.461796,-0.730898,-0.00435459,5.17227e-06,-0.00435976,-0.00615925,2,False,False,False,i
2021-08-30,4525.75,134.188,0.00460599,0.00198343,0.00749379,0.0092129,-1,-0.499586,-0.749793,-0.00191682,4.0841e-06,-0.00192091,-0.00262256,1,False,False,False,i
2021-08-31,4520.25,134.031,-0.00121527,-0.00116442,0.00737694,0.00920078,-1,-0.491796,-0.745898,3.8129e-05,8.4222e-07,3.72868e-05,5.08527e-05,0,True,False,False,i
2021-09-01,4522,133.484,0.000387147,0.000468439,0.00673094,0.00918143,1,-0.44873,0.275635,6.06357e-05,0.000220854,-0.000160219,8.12922e-05,20,False,True,False,i
2021-09-02,4536,133.547,0.00309598,0.00046822,0.00735729,0.000629374,0,-0.490486,-0.245243,0.000724302,0.000112514,0.000611788,-0.00262776,19,False,False,False,i
2021-09-03,4534.5,133.391,-0.000330688,-0.00117,0.00753334,0.000830838,0,-0.502223,-0.251111,-0.000205836,1.26771e-06,-0.000207103,-0.000839313,18,False,False,False,i
2021-09-07,4519,133,-0.00341824,-0.00292843,0.00598453,0.000712986,0,-0.398968,-0.199484,0.000122997,1.11638e-05,0.000111833,0.000489809,17,False,False,False,i
2021-09-08,4513,133.219,-0.00132773,0.00164474,0.00527934,-8.09243e-08,0,-0.351956,-0.175978,0.00059296,5.08494e-06,0.000587875,0.00297246,16,False,False,False,i
2021-09-09,4493.25,133.5,-0.00437625,0.00211119,0.00375428,-0.00155984,0,-0.250286,-0.125143,0.00114165,1.10106e-05,0.00113063,-0.00648744,15,False,False,False,i
2021-09-10,4458.75,133.156,-0.00767818,-0.00257491,0.0025867,-0.00279315,0,-0.172447,-0.0862233,0.000638638,8.44854e-06,0.00063019,-0.00510328,14,False,False,False,i
2021-09-13,4459.5,133.297,0.00230376,0.00105609,0.00304089,-0.00249356,0,-0.202726,-0.101363,-0.000107578,3.28631e-06,-0.000110864,0.00124767,13,False,False,False,i
2021-09-14,4435.75,133.609,-0.00532571,0.00234439,0.00128616,-0.0043423,0,-0.0857442,-0.0428721,0.000777464,1.27161e-05,0.000764748,-0.0076701,12,False,False,False,i
2021-09-15,4472.25,133.438,0.0082286,-0.0012864,0.00362773,-0.00206062,0,-0.241848,-0.120924,-0.000407928,1.69285e-05,-0.000424856,0.009515,11,False,False,False,i
2021-09-16,4464.5,133.062,-0.00173291,-0.0028103,0.0037705,-0.00180104,0,-0.251366,-0.125683,-0.000130283,1.0327e-06,-0.000131316,0.0010774,10,False,False,False,i
2021-09-17,4420,132.75,-0.00996752,-0.00234852,0.00192532,-0.00364506,0,-0.128355,-0.0641774,0.000957581,1.33854e-05,0.000944195,-0.007619,9,False,False,False,i
2021-09-20,4346.5,133.25,-0.016629,0.00376648,-0.00293177,-0.00859613,0,0.195452,0.0977258,0.00130893,3.54081e-05,0.00127352,-0.0203954,8,False,False,False,i
2021-09-21,4342.75,133.203,-0.000862763,-0.000351782,-0.0026139,-0.00871969,0,0.17426,0.0871299,-4.9936e-05,2.31791e-06,-5.22539e-05,-0.000510981,7,False,False,False,i
2021-09-22,4384.25,133.172,0.00955616,-0.000234604,0.000998656,-0.00636664,0,-0.0665771,-0.0332885,0.000853068,2.62686e-05,0.000826799,0.00979076,6,False,False,False,i
2021-09-23,4437.25,132.328,0.0120887,-0.0063358,0.00530591,-0.0019424,0,-0.353728,-0.176864,-0.000613326,3.12106e-05,-0.000644536,0.0184245,5,False,False,False,i
2021-09-24,4445.5,132.047,0.00185926,-0.0021254,0.00557587,-0.000984799,1,-0.371725,0.314138,-0.000704742,0.000106677,-0.000811419,0.00398466,4,False,False,False,i
2021-09-27,4433.25,131.75,-0.0027556,-0.00224825,0.00423606,-0.00110697,1,-0.282404,0.358798,-0.000159375,9.7109e-06,-0.000169086,-0.000507341,3,False,False,False,i
2021-09-28,4343.75,131.453,-0.0201883,-0.00225332,-0.000104343,-0.00547205,1,0.00695623,0.503478,-0.00643505,3.16473e-05,-0.0064667,-0.017935,2,False,False,False,i
2021-09-29,4350.5,131.594,0.00155396,0.00106977,0.000179416,-0.00535549,1,-0.0119611,0.494019,0.000243776,2.06804e-06,0.000241708,0.000484184,1,False,False,False,i
2021-09-30,4296.75,131.734,-0.0123549,0.00106863,-0.00246877,-0.00861365,1,0.164585,0.582292,-0.00663149,1.93711e-05,-0.00665086,-0.0134235,0,True,False,False,i
2021-10-01,4347,132.141,0.0116949,0.00308386,-0.000290545,-0.00654969,-1,0.0193697,-0.490315,0.00501414,0.00023457,0.00477957,0.00861103,20,False,True,False,i
2021-10-04,4292,132.031,-0.0126524,-0.000827717,-0.00266421,-0.00286059,0,0.177614,0.0888071,0.00579782,0.000127127,0.0056707,-0.0118247,19,False,False,False,i
2021-10-05,4335,131.734,0.0100186,-0.00224852,0.000380822,7.55424e-05,0,-0.0253882,-0.0126941,0.00108941,2.22155e-05,0.0010672,0.0122672,18,False,False,False,i
2021-10-06,4353.5,131.75,0.00426759,0.00011861,0.00146702,0.00106864,0,-0.0978013,-0.0489007,-5.26675e-05,7.91459e-06,-6.05821e-05,-0.00414898,17,False,False,False,i
2021-10-07,4391,131.375,0.00861376,-0.0028463,0.00416453,0.00380553,0,-0.277635,-0.138818,-0.000560404,1.9606e-05,-0.00058001,-0.0114601,16,False,False,False,i
2021-10-08,4383,131.141,-0.00182191,-0.00178402,0.00405009,0.00379645,0,-0.270006,-0.135003,5.26025e-06,8.32209e-07,4.42804e-06,3.78932e-05,15,False,False,False,i
2021-10-11,4350.75,130.797,-0.00735797,-0.00262123,0.00247876,0.00265705,0,-0.165251,-0.0826253,0.000639474,1.14516e-05,0.000628023,0.00473674,14,False,False,False,i
2021-10-12,4340.25,131.203,-0.00241338,0.00310596,0.00120079,0.00133509,0,-0.0800524,-0.0400262,0.000456037,9.32032e-06,0.000446716,0.00551934,13,False,False,False,i
2021-10-13,4355.25,131.312,0.00345602,0.000833631,0.00197378,0.00196225,0,-0.131586,-0.0657928,-0.000104964,5.63179e-06,-0.000110596,-0.00262239,12,False,False,False,i
2021-10-14,4429,131.531,0.0169336,0.00166587,0.00563867,0.00558116,0,-0.375912,-0.187956,-0.00100451,2.65703e-05,-0.00103108,-0.0152677,11,False,False,False,i
2021-10-15,4463.25,131,0.00773312,-0.00403896,0.00830222,0.00838429,0,-0.553481,-0.276741,-0.00221263,1.92675e-05,-0.0022319,-0.0117721,10,False,False,False,i
2021-10-18,4476.75,130.781,0.0030247,-0.00166985,0.0081513,0.00950146,0,-0.54342,-0.27171,-0.00129917,1.09076e-06,-0.00130026,-0.00469455,9,False,False,False,i
2021-10-19,4511.75,130.516,0.00781817,-0.00203106,0.00949935,0.0118364,0,-0.63329,-0.316645,-0.00267614,9.72124e-06,-0.00268586,-0.00984923,8,False,False,False,i
2021-10-20,4529,130.562,0.00382335,0.000359152,0.00912932,0.0126571,0,-0.608621,-0.304311,-0.00109692,2.66553e-06,-0.00109959,-0.0034642,7,False,False,False,i
2021-10-21,4541,130.172,0.00264959,-0.00299186,0.00770203,0.0139952,0,-0.513469,-0.256734,-0.00171675,1.02736e-05,-0.00172703,-0.00564145,6,False,False,False,i
2021-10-22,4536.25,130.422,-0.00104603,0.00192054,0.0052453,0.0132922,0,-0.349687,-0.174843,0.000761619,1.76888e-05,0.00074393,0.00296656,5,False,False,False,i
2021-10-25,4560.25,130.562,0.00529071,0.00107823,0.00559401,0.0142876,-1,-0.372934,-0.686467,-0.000736525,0.000110347,-0.000846872,-0.00421248,4,False,False,False,i
2021-10-26,4564.75,130.609,0.000986788,0.000359023,0.00570508,0.0144362,-1,-0.380338,-0.690169,-0.00043094,7.98288e-07,-0.000431738,-0.000627765,3,False,False,False,i
2021-10-27,4544,131.062,-0.0045457,0.00346931,0.0037381,0.0125347,-1,-0.249207,-0.624603,0.00553172,1.41556e-05,0.00551756,0.00801502,2,False,False,False,i
2021-10-28,4587.75,130.703,0.00962808,-0.00274201,0.00675705,0.0154564,-1,-0.45047,-0.725235,-0.0077264,2.16671e-05,-0.00774807,-0.0123701,1,False,False,False,i
2021-10-29,4597.25,130.672,0.00207073,-0.000239091,0.00715412,0.0160024,-1,-0.476942,-0.738471,-0.00167516,2.84816e-06,-0.00167801,-0.00230982,0,True,False,False,i
2021-11-01,4606,130.719,0.00190331,0.000358723,0.00599291,0.0163673,1,-0.399528,0.300236,-0.00114063,0.000223394,-0.00136403,-0.00154459,20,False,True,False,i
2021-11-02,4623.75,131.031,0.00385367,0.00239063,0.00632681,0.000349986,0,-0.421787,-0.210894,0.000439258,0.000109809,0.000329448,-0.00146304,19,False,False,False,i
2021-11-03,4652.25,130.781,0.00616383,-0.00190794,0.00823402,0.00228097,0,-0.548935,-0.274467,-0.00170228,1.36344e-05,-0.00171592,-0.00807177,18,False,False,False,i
2021-11-04,4674,131.344,0.00467516,0.00430108,0.00676372,0.00237017,0,-0.450915,-0.225457,-0.000102673,1.04972e-05,-0.000113171,-0.000374082,17,False,False,False,i
2021-11-05,4690,131.828,0.00342319,0.00368784,0.00537091,0.00230701,0,-0.358061,-0.17903,5.96673e-05,9.93448e-06,4.97328e-05,0.00026465,16,False,False,False,i
2021-11-08,4694.25,131.266,0.000906183,-0.00426692,0.00661042,0.00354757,0,-0.440695,-0.220347,-0.000926142,8.83879e-06,-0.000934981,-0.0051731,15,False,False,False,i
2021-11-09,4678.75,131.766,-0.00330191,0.00380907,0.00486499,0.00184524,0,-0.324333,-0.162166,0.00156689,1.24579e-05,0.00155443,0.00711098,14,False,False,False,i
2021-11-10,4641.25,130.672,-0.00801496,-0.00830072,0.00453913,0.00191428,0,-0.302609,-0.151304,-4.6341e-05,2.33108e-06,-4.86721e-05,-0.000285762,13,False,False,False,i
2021-11-11,4642.75,130.312,0.000323189,-0.00275021,0.0052718,0.00265137,0,-0.351453,-0.175727,-0.000465019,5.24072e-06,-0.000470259,-0.0030734,12,False,False,False,i
2021-11-12,4677.25,130.594,0.00743094,0.00215827,0.0064963,0.00390728,0,-0.433087,-0.216543,-0.000926548,8.74066e-06,-0.000935289,-0.00527267,11,False,False,False,i
2021-11-15,4679,130.281,0.000374151,-0.00239292,0.00710869,0.00456965,0,-0.473913,-0.236956,-0.000599191,4.37082e-06,-0.000603561,-0.00276707,10,False,False,False,i
2021-11-16,4697.25,130.188,0.00390041,-0.000719597,0.00807786,0.00567185,0,-0.538524,-0.269262,-0.00109474,6.90984e-06,-0.00110165,-0.00462,9,False,False,False,i
2021-11-17,4686.25,130.578,-0.0023418,0.00300048,0.00482095,0.00439563,0,-0.321397,-0.160698,0.00143847,2.32357e-05,0.00141524,0.00534228,8,False,False,False,i
2021-11-18,4702,130.641,0.0033609,0.000478641,0.00499042,0.00508326,0,-0.332694,-0.166347,-0.000463174,1.2079e-06,-0.000464382,-0.00288226,7,False,False,False,i
2021-11-19,4693.75,130.828,-0.00175457,0.00143524,0.00420128,0.00432065,0,-0.280085,-0.140043,0.000530616,5.62741e-06,0.000524988,0.00318981,6,False,False,False,i
2021-11-22,4680,130,-0.00292943,-0.00632987,0.0050473,0.00513725,0,-0.336486,-0.168243,-0.000476207,6.03797e-06,-0.000482245,-0.00340044,5,False,False,False,i
2021-11-23,4687.25,129.672,0.00154915,-0.00252404,0.00598908,0.00611057,-1,-0.399272,-0.699636,-0.000685286,0.000113726,-0.000799012,-0.00407318,4,False,False,False,i
2021-11-24,4698.5,129.891,0.00240013,0.00168695,0.00612139,0.00628048,-1,-0.408093,-0.704046,-0.000498965,9.43215e-07,-0.000499908,-0.000713178,3,False,False,False,i
2021-11-26,4579,131.219,-0.0254336,0.0102249,-0.00256853,-0.00232949,1,0.171235,0.585618,0.0251053,0.00027783,0.0248275,0.0356586,2,False,False,False,i
2021-11-29,4650.5,131.109,0.0156148,-0.000833532,0.00168344,0.00159041,-1,-0.112229,-0.556115,0.00963241,0.000244888,0.00938753,0.0164483,1,False,False,False,i
2021-11-30,4562.75,131.516,-0.0188689,0.00309856,-0.00303899,-0.00372856,1,0.202599,0.6013,0.0122164,0.000249591,0.0119669,0.0219675,0,True,False,False,i
2021-12-01,4508.5,131.078,-0.0118898,0.00215028,-0.00623243,-0.00712961,1,0.415496,0.707748,-0.00844227,2.30337e-05,-0.0084653,-0.01404,21,False,True,False,i
2021-12-02,4577.5,130.656,0.0153044,-0.0032185,3.36114e-05,0.00441068,0,-0.00224076,-0.00112038,0.0131096,0.000152724,0.0129568,0.0185229,20,False,False,False,i
2021-12-03,4537.25,131.234,-0.00879301,0.00442478,-0.00252219,0.00123902,0,0.168146,0.0840731,1.4809e-05,1.8401e-05,-3.59205e-06,0.0132178,19,False,False,False,i
2021-12-06,4591.25,130.75,0.0119015,-0.00369092,0.00113846,0.00495618,0,-0.0758971,-0.0379485,0.0013109,2.6267e-05,0.00128463,-0.0155924,18,False,False,False,i
2021-12-07,4686.25,130.359,0.0206915,-0.00298757,0.00660994,0.0105517,0,-0.440662,-0.220331,-0.000898587,3.90351e-05,-0.000937622,-0.0236791,17,False,False,False,i
2021-12-08,4698.5,130.141,0.00261403,-0.00167805,0.00634244,0.0115713,0,-0.422829,-0.211415,-0.00094568,1.90702e-06,-0.000947587,-0.00429208,16,False,False,False,i
2021-12-09,4666.75,130.375,-0.00675748,0.00180094,0.00313189,0.00953121,0,-0.208792,-0.104396,0.00180937,2.29317e-05,0.00178644,0.00855841,15,False,False,False,i
2021-12-10,4710.75,130.406,0.0094284,0.000239693,0.00523976,0.0117055,0,-0.349317,-0.174659,-0.000959267,1.50163e-05,-0.000974283,-0.00918871,14,False,False,False,i
2021-12-13,4661,130.875,-0.00903582,0.00359454,0.00212559,0.00869302,0,-0.141706,-0.0708529,0.002206,2.2251e-05,0.00218375,0.0126304,13,False,False,False,i
2021-12-14,4628.75,130.625,-0.00691912,-0.00191022,0.00106952,0.00749402,0,-0.071301,-0.0356505,0.000354895,7.56045e-06,0.000347335,0.0050089,12,False,False,False,i
2021-12-15,4700.25,130.531,0.0154469,-0.000717703,0.00495687,0.0113136,0,-0.330458,-0.165229,-0.000576278,2.77104e-05,-0.000603988,-0.0161646,11,False,False,False,i
2021-12-16,4658,131.031,-0.00898888,0.0038305,0.00158214,0.00825538,0,-0.105476,-0.052738,0.00211813,2.4117e-05,0.00209401,0.0128194,10,False,False,False,i
2021-12-17,4608.5,131.141,-0.0106269,0.000834725,-0.00106235,0.00550743,0,0.0708232,0.0354116,0.000604462,1.89554e-05,0.000585506,0.0114616,9,False,False,False,i
2021-12-20,4559,131.141,-0.010741,0,-0.00287429,0.00292495,0,0.19162,0.0958098,-0.000380357,1.30277e-05,-0.000393384,0.010741,8,False,False,False,i
2021-12-21,4640.25,130.688,0.0178219,-0.00345526,0.0032895,0.00797153,0,-0.2193,-0.10965,0.00203856,4.4096e-05,0.00199446,-0.0212772,7,False,False,False,i
2021-12-22,4686.25,130.75,0.00991326,0.00047824,0.00514925,0.0102064,0,-0.343283,-0.171642,-0.00103455,1.32679e-05,-0.00104782,-0.00943502,6,False,False,False,i
2021-12-23,4715,130.562,0.00613497,-0.00143403,0.00630488,0.012001,0,-0.420325,-0.210163,-0.00129916,8.23058e-06,-0.00130739,-0.007569,5,False,False,False,i
2021-12-27,4782.75,130.562,0.014369,0,0.00872496,0.0153833,-1,-0.581664,-0.790832,-0.00301983,0.00012358,-0.00314341,-0.014369,4,False,False,False,i
2021-12-28,4780,130.609,-0.000574983,0.000359023,0.00837095,0.0151622,-1,-0.558064,-0.779032,0.000738642,2.51177e-06,0.000736131,0.000934006,3,False,False,False,i
2021-12-29,4784.5,130.172,0.000941423,-0.00334968,0.00536321,0.0161788,-1,-0.357547,-0.678774,-0.00334291,2.13351e-05,-0.00336424,-0.00429111,2,False,False,False,i
2021-12-30,4772.25,130.453,-0.00256035,0.0021606,0.00419503,0.0150614,-1,-0.279669,-0.639834,0.00320446,8.29216e-06,0.00319617,0.00472096,1,False,False,False,i
2021-12-31,4759.5,130.328,-0.0026717,-0.000958199,0.00383204,0.0146549,-1,-0.255469,-0.627735,0.00109635,2.57857e-06,0.00109378,0.0017135,0,True,False,False,i
2022-01-03,4786.5,129.406,0.00567286,-0.00707349,0.00689479,0.0176716,1,-0.459653,0.270174,-0.00800133,0.000191054,-0.00819238,-0.0127464,19,False,True,False,i
2022-01-04,4783.75,129.391,-0.000574533,-0.000120744,0.0066689,-0.000108952,0,-0.444593,-0.222297,-0.000122602,0.000104803,-0.000227405,0.000453789,18,False,False,False,i
2022-01-05,4692.25,128.922,-0.0191273,-0.00362275,0.00166617,-0.00387909,0,-0.111078,-0.0555392,0.0034466,3.56781e-05,0.00341092,-0.0155045,17,False,False,False,i
2022-01-06,4687,128.594,-0.00111887,-0.00254515,0.0021535,-0.00353512,0,-0.143567,-0.0717833,-7.92144e-05,3.47655e-06,-8.26909e-05,0.00142628,16,False,False,False,i
2022-01-07,4668.75,128.312,-0.00389375,-0.00218712,0.00199379,-0.00394722,0,-0.13292,-0.0664598,0.000122507,1.14056e-06,0.000121367,-0.00170663,15,False,False,False,i
2022-01-10,4662.25,128.234,-0.00139224,-0.000608865,0.00182172,-0.00413603,0,-0.121448,-0.060724,5.20627e-05,1.22938e-06,5.08333e-05,-0.000783371,14,False,False,False,i
2022-01-11,4705,128.422,0.00916939,0.00146217,0.00366449,-0.00229123,0,-0.244299,-0.12215,-0.000468014,1.31322e-05,-0.000481146,0.00770723,13,False,False,False,i
2022-01-12,4718.5,128.516,0.00286929,0.000730016,0.00410456,-0.00177786,0,-0.273637,-0.136819,-0.000261311,3.13359e-06,-0.000264445,0.00213927,12,False,False,False,i
2022-01-13,4653,128.797,-0.0138815,0.00218845,0.000145076,-0.00566921,0,-0.00967177,-0.00483588,0.00219867,2.83044e-05,0.00217037,-0.01607,11,False,False,False,i
2022-01-14,4653.75,128.125,0.000161186,-0.00521655,0.00158732,-0.00437001,0,-0.105822,-0.0529108,-2.60061e-05,1.03095e-05,-3.63156e-05,0.00537773,10,False,False,False,i
2022-01-18,4572.5,127.312,-0.017459,-0.00634146,-0.00096025,-0.0070829,0,0.0640167,0.0320083,0.00058824,1.83013e-05,0.000569938,-0.0111176,9,False,False,False,i
2022-01-19,4524.75,127.562,-0.0104429,0.00196367,-0.00385209,-0.0100937,0,0.256806,0.128403,-0.000397113,2.08368e-05,-0.000417949,-0.0124065,8,False,False,False,i
2022-01-20,4474.25,127.797,-0.0111608,0.00183733,-0.00615423,-0.0132566,0,0.410282,0.205141,-0.00166901,1.66414e-05,-0.00168565,-0.0129982,7,False,False,False,i
2022-01-21,4385.5,128.297,-0.0198357,0.00391246,-0.0105566,-0.0190732,0,0.703771,0.351885,-0.00487173,3.20088e-05,-0.00490374,-0.0237482,6,False,False,False,i
2022-01-24,4404.75,128.266,0.00438947,-0.000243576,-0.00612141,-0.0179481,0,0.408094,0.204047,0.0016303,3.22062e-05,0.00159809,0.00463304,5,False,False,False,i
2022-01-25,4351,128.156,-0.0122027,-0.000852723,-0.00767133,-0.0207299,1,0.511422,0.755711,-0.00231594,0.000120612,-0.00243655,-0.01135,4,False,False,False,i
2022-01-26,4340,127.391,-0.00252815,-0.00597415,-0.00666775,-0.0198867,1,0.444517,0.722258,0.00260418,7.31923e-06,0.00259686,0.003446,3,False,False,False,i
2022-01-27,4317.75,127.672,-0.00512673,0.00220778,-0.00622195,-0.0216769,1,0.414797,0.707398,-0.00529741,3.25623e-06,-0.00530066,-0.0073345,2,False,False,False,i
2022-01-28,4424,127.953,0.0246077,0.00220291,-0.000833329,-0.0162947,1,0.0555553,0.527778,0.0158491,3.90802e-05,0.01581,0.0224048,1,False,False,False,i
2022-01-31,4501.75,128,0.0175746,0.000366345,0.00288503,-0.0121563,1,-0.192335,0.403832,0.00908213,2.68314e-05,0.0090553,0.0172082,0,True,False,False,i
2022-02-01,4534.25,127.844,0.00721941,-0.0012207,0.00441693,-0.0101191,-1,-0.294462,-0.647231,0.00340839,0.000227063,0.00318133,0.00844012,18,False,True,False,i
2022-02-02,4577.25,128.047,0.00948338,0.00158885,0.00444587,0.00188278,0,-0.296391,-0.148196,-0.00510958,0.000107518,-0.0052171,0.00789452,17,False,False,False,i
2022-02-03,4471.75,127.656,-0.0230488,-0.00305064,-0.00104461,-0.00298258,0,0.0696407,0.0348204,0.00296364,3.96952e-05,0.00292394,0.0199981,16,False,False,False,i
2022-02-04,4491.25,126.859,0.00436071,-0.00624235,0.00123899,-0.000431839,0,-0.0825993,-0.0412997,0.000369202,1.64893e-05,0.000352713,0.0106031,15,False,False,False,i
2022-02-07,4476.75,126.844,-0.0032285,-0.000123168,0.000500969,-0.00117887,0,-0.0333979,-0.016699,0.000128249,5.33404e-06,0.000122915,-0.00310533,14,False,False,False,i
2022-02-08,4513.25,126.516,0.00815324,-0.00258684,0.00309607,0.00139139,0,-0.206405,-0.103202,-0.000179348,1.87123e-05,-0.00019806,0.0107401,13,False,False,False,i
2022-02-09,4579.5,126.641,0.014679,0.00098802,0.00624456,0.0046434,0,-0.416304,-0.208152,-0.00141294,2.26084e-05,-0.00143555,-0.013691,12,False,False,False,i
2022-02-10,4498,125.578,-0.0177967,-0.00838988,0.00364613,0.00236259,0,-0.243076,-0.121538,0.00195805,1.87545e-05,0.00193929,0.00940682,11,False,False,False,i
2022-02-11,4408.25,126.594,-0.0199533,0.00808759,-0.00417636,-0.00441347,0,0.278424,0.139212,0.00340803,5.67904e-05,0.00335124,0.0280409,10,False,False,False,i
2022-02-14,4394.75,125.938,-0.00306244,-0.00518391,-0.00305297,-0.00390048,0,0.203531,0.101766,0.000295334,8.16304e-06,0.000287171,0.00212147,9,False,False,False,i
2022-02-15,4464.5,125.688,0.0158712,-0.00198511,0.00190799,0.00036179,0,-0.127199,-0.0635996,0.00181716,3.58836e-05,0.00178127,0.0178563,8,False,False,False,i
2022-02-16,4470.25,125.938,0.00128794,0.00198906,0.00157684,0.000193834,0,-0.105122,-0.0525612,4.45911e-05,2.39439e-06,4.21967e-05,0.000701122,7,False,False,False,i
2022-02-17,4375,126.453,-0.0213075,0.00409429,-0.00522425,-0.00597036,0,0.348284,0.174142,0.00133515,4.94846e-05,0.00128567,0.0254018,6,False,False,False,i
2022-02-18,4346,126.688,-0.00662857,0.00185345,-0.00703749,-0.00802241,0,0.469166,0.234583,-0.00147708,1.32188e-05,-0.00149029,-0.00848203,5,False,False,False,i
2022-02-22,4300,126.688,-0.0105844,0,-0.00795343,-0.0105951,1,0.530228,0.765114,-0.00248293,0.000116396,-0.00259933,-0.0105844,4,False,False,False,i
2022-02-23,4223,126.219,-0.017907,-0.00370005,-0.0100288,-0.0140753,1,0.668589,0.834294,-0.0108699,1.526e-05,-0.0108852,-0.0142069,3,False,False,False,i
2022-02-24,4285.75,126.516,0.0148591,0.00235207,-0.00580686,-0.01107,1,0.387124,0.693562,0.0104346,3.09065e-05,0.0104036,0.012507,2,False,False,False,i
2022-02-25,4380,126.422,0.0219915,-0.000741015,0.00232018,-0.00563535,1,-0.154678,0.422661,0.0157664,5.91124e-05,0.0157073,0.0227325,1,False,False,False,i
2022-02-28,4369.5,127.422,-0.00239726,0.00853327,-0.00114355,-0.00826529,1,0.0762364,0.538118,-0.00461991,2.52113e-05,-0.00464512,-0.0109305,0,True,False,False,i
2022-03-01,4303.25,128.594,-0.0151619,0.00919681,-0.00724733,-0.0141808,-1,0.483156,-0.258422,-0.0131079,0.000174718,-0.0132826,-0.0243587,22,False,True,False,i
2022-03-02,4381.5,127.031,0.0181839,-0.0121507,0.00090734,0.00723652,0,-0.0604893,-0.0302447,-0.00783913,4.97848e-05,-0.00788892,0.0303346,21,False,False,False,i
2022-03-03,4360.5,127.5,-0.00479288,0.00369004,-0.00156957,0.00521038,0,0.104638,0.0523189,0.000256563,1.80395e-05,0.000238523,0.00848292,20,False,False,False,i
2022-03-04,4325.5,128.438,-0.0080266,0.00735294,-0.00559522,0.00152854,0,0.373015,0.186507,-0.000804641,2.93888e-05,-0.00083403,0.0153795,19,False,False,False,i
2022-03-07,4198,127.922,-0.0294764,-0.0040146,-0.0117099,-0.00469474,0,0.780662,0.390331,-0.0047488,4.50405e-05,-0.00479385,0.0254618,18,False,False,False,i
2022-03-08,4165.25,127.219,-0.00780133,-0.00549652,-0.00988123,-0.00525385,0,0.658749,0.329374,-0.00089964,1.3502e-05,-0.000913142,-0.00230482,17,False,False,False,i
2022-03-09,4277.25,126.641,0.0268891,-0.00454434,0.00133577,0.00221664,0,-0.0890512,-0.0445256,0.0103534,8.21615e-05,0.0102712,0.0314335,16,False,False,False,i
2022-03-10,4258,126.156,-0.00450056,-0.0038248,0.000887007,0.00205407,0,-0.0591338,-0.0295669,3.00884e-05,3.29149e-06,2.6797e-05,0.000675756,15,False,False,False,i
2022-03-11,4203.5,126.062,-0.0127994,-0.000743126,-0.0038779,-0.00085774,0,0.258527,0.129263,0.000356468,3.50841e-05,0.000321383,0.0120563,14,False,False,False,i
2022-03-14,4165,124.781,-0.00715137,-0.0101636,-0.00303452,-0.00012819,0,0.202301,0.101151,0.000389372,6.22719e-06,0.000383145,0.00301224,13,False,False,False,i
2022-03-15,4256.25,124.75,0.0219088,-0.000250438,0.00236757,0.00512211,0,-0.157838,-0.0789191,0.00224141,3.9627e-05,0.00220179,0.0221592,12,False,False,False,i
2022-03-16,4351,124.484,0.0222614,-0.00212926,0.00793565,0.0108775,0,-0.529044,-0.264522,-0.00192489,4.05788e-05,-0.00196547,-0.0243906,11,False,False,False,i
2022-03-17,4405,124.297,0.0124109,-0.00150621,0.00920914,0.0141628,0,-0.613943,-0.306971,-0.00368139,9.24734e-06,-0.00369064,-0.0139172,10,False,False,False,i
2022-03-18,4452.75,124.562,0.01084,0.00213702,0.00853343,0.0162097,0,-0.568895,-0.284448,-0.00267155,4.8913e-06,-0.00267644,-0.00870293,9,False,False,False,i
2022-03-21,4453,123.203,5.61451e-05,-0.0109132,0.00882915,0.0188148,0,-0.58861,-0.294305,-0.0031202,2.14063e-06,-0.00312234,-0.0109693,8,False,False,False,i
2022-03-22,4505.5,122.672,0.0117898,-0.00431198,0.0104132,0.0225916,0,-0.694213,-0.347107,-0.00473884,1.14276e-05,-0.00475026,-0.0161018,7,False,False,False,i
2022-03-23,4446.75,123.281,-0.0130396,0.00496752,0.00315915,0.0183338,0,-0.21061,-0.105305,0.0062504,5.25306e-05,0.00619787,0.0180071,6,False,False,False,i
2022-03-24,4513.25,122.75,0.0149547,-0.00430925,0.00590077,0.0228458,0,-0.393384,-0.196692,-0.00202859,1.97688e-05,-0.00204836,-0.019264,5,False,False,False,i
2022-03-25,4536,121.641,0.00504071,-0.00903768,0.00905796,0.0261538,-1,-0.603864,-0.801932,-0.00276911,0.000130736,-0.00289985,-0.0140784,4,False,False,False,i
2022-03-28,4569,121.828,0.00727513,0.00154143,0.00998065,0.0274891,-1,-0.665377,-0.832688,-0.00459804,6.62986e-06,-0.00460467,-0.00573371,3,False,False,False,i
2022-03-29,4627,122.297,0.0126942,0.00384763,0.00880755,0.0295377,-1,-0.58717,-0.793585,-0.00736647,8.3991e-06,-0.00737487,-0.00884661,2,False,False,False,i
2022-03-30,4598,122.688,-0.00626756,0.00319407,0.00568231,0.027325,-1,-0.378821,-0.68941,0.00750861,2.24159e-05,0.00748619,0.00946163,1,False,False,False,i
2022-03-31,4527.75,122.781,-0.0152784,0.000764137,0.00118413,0.0235392,-1,-0.0789417,-0.539471,0.0110599,3.24049e-05,0.0110275,0.0160425,0,True,False,False,i
2022-04-01,4538,122.078,0.00226382,-0.00572665,0.00325055,0.0254163,1,-0.216703,0.391648,-0.00431062,0.000201104,-0.00451173,-0.00799047,19,False,True,False,i
2022-04-04,4577.75,122.109,0.00875937,0.000255984,0.00558922,0.00202994,0,-0.372615,-0.186307,0.00333034,0.000124518,0.00320582,-0.00850338,18,False,False,False,i
2022-04-05,4521.25,120.875,-0.0123423,-0.0101088,0.00497152,0.0014886,0,-0.331435,-0.165717,0.000416125,4.45172e-06,0.000411674,0.00223354,17,False,False,False,i
2022-04-06,4475.5,120.703,-0.0101189,-0.00142192,0.00278564,-0.000610023,0,-0.18571,-0.0928548,0.00144124,1.57997e-05,0.00142544,0.00869696,16,False,False,False,i
2022-04-07,4497.5,120.562,0.00491565,-0.00116505,0.00431843,0.000846473,0,-0.287896,-0.143948,-0.000564622,1.10635e-05,-0.000575686,0.0060807,15,False,False,False,i
2022-04-08,4487,120.125,-0.00233463,-0.00362882,0.0046222,0.00115775,0,-0.308147,-0.154073,-0.000186296,2.19402e-06,-0.00018849,-0.00129419,14,False,False,False,i
2022-04-11,4409.25,119.797,-0.0173278,-0.00273153,0.00108063,-0.0023827,0,-0.0720422,-0.0360211,0.0022489,2.57097e-05,0.00222319,0.0145963,13,False,False,False,i
2022-04-12,4391.25,120.438,-0.00408233,0.00534759,-0.00104432,-0.00465098,0,0.0696211,0.0348106,0.000339676,1.54443e-05,0.000324232,-0.00942992,12,False,False,False,i
2022-04-13,4442.5,120.703,0.0116709,0.0022055,0.00172054,-0.00238841,0,-0.114703,-0.0573514,0.000329497,2.00274e-05,0.00030947,0.00946544,11,False,False,False,i
2022-04-14,4387.25,119.812,-0.0124367,-0.00737864,0.000940971,-0.00361752,0,-0.0627314,-0.0313657,0.000290086,5.66749e-06,0.000284419,-0.00505805,10,False,False,False,i
2022-04-18,4389,119.594,0.000398883,-0.00182577,0.00144266,-0.00308175,0,-0.0961772,-0.0480886,-6.97778e-05,3.64685e-06,-7.34247e-05,0.00222465,9,False,False,False,i
2022-04-19,4459,118.891,0.015949,-0.00587928,0.00661631,0.00213298,0,-0.441087,-0.220544,-0.00104969,3.74354e-05,-0.00108713,0.0218282,8,False,False,False,i
2022-04-20,4455.75,119.484,-0.000728863,0.00499409,0.0050526,0.000764062,0,-0.33684,-0.16842,0.00126216,1.13171e-05,0.00125084,0.00572295,7,False,False,False,i
2022-04-21,4388.75,118.859,-0.0150368,-0.00523081,0.00215685,-0.00161431,0,-0.14379,-0.071895,0.00165152,2.105e-05,0.00163047,0.00980594,6,False,False,False,i
2022-04-22,4269.25,119,-0.0272287,0.00118312,-0.00466668,-0.00855199,0,0.311112,0.155556,0.00204267,5.00084e-05,0.00199266,-0.0284118,5,False,False,False,i
2022-04-25,4293,119.562,0.00556304,0.00472689,-0.00348293,-0.008351,1,0.232195,0.616098,0.000130068,0.00010109,2.89781e-05,0.000836147,4,False,False,False,i
2022-04-26,4168,120.266,-0.0291172,0.00588082,-0.00916732,-0.0169338,1,0.611154,0.805577,-0.0215622,4.19617e-05,-0.0216041,-0.034998,3,False,False,False,i
2022-04-27,4179.5,119.781,0.00275912,-0.00402754,-0.00719916,-0.0152838,1,0.479944,0.739972,0.00546718,1.45167e-05,0.00545266,0.00678666,2,False,False,False,i
2022-04-28,4285.25,119.547,0.0253021,-0.00195669,0.00332903,-0.00875603,1,-0.221935,0.389032,0.0201707,7.70732e-05,0.0200936,0.0272588,1,False,False,False,i
2022-04-29,4127.75,119.031,-0.036754,-0.00431316,-0.00487393,-0.0167848,1,0.324929,0.662464,-0.0126205,6.07328e-05,-0.0126813,-0.0324408,0,True,False,False,i
2022-05-02,4151.5,118.328,0.00575374,-0.00590706,-0.00141971,-0.0139529,-1,0.0946474,-0.452676,0.00772487,0.000247254,0.00747761,0.0116608,20,False,True,False,i
2022-05-03,4170.25,118.406,0.00451644,0.00066024,-0.00060339,0.000922744,0,0.040226,0.020113,-0.00174561,0.000104686,-0.0018503,0.0038562,19,False,False,False,i
2022-05-04,4297,119.125,0.0303939,0.0060702,0.00479886,0.00663769,0,-0.319924,-0.159962,0.000489222,3.95159e-05,0.000449706,-0.0243237,18,False,False,False,i
2022-05-05,4144.5,118.25,-0.0354899,-0.00734523,-0.00268127,-0.00024653,0,0.178751,0.0893756,0.00450208,5.53127e-05,0.00444676,0.0281447,17,False,False,False,i
2022-05-06,4119,117.75,-0.00615273,-0.00422833,-0.00312565,-0.000710981,0,0.208377,0.104188,-0.000171995,3.29224e-06,-0.000175287,-0.0019244,16,False,False,False,i
2022-05-09,3987.25,118.547,-0.0319859,0.00676752,-0.0123006,-0.010173,0,0.820039,0.41002,-0.00403766,6.86601e-05,-0.00410632,-0.0387534,15,False,False,False,i
2022-05-10,3995,118.766,0.0019437,0.00184526,-0.0119131,-0.0101492,0,0.794205,0.397102,4.03598e-05,2.8982e-06,3.74616e-05,9.84339e-05,14,False,False,False,i
2022-05-11,3932,119.25,-0.0157697,0.00407841,-0.00977444,-0.014988,0,0.651629,0.325815,-0.00788174,1.60747e-05,-0.00789781,-0.0198481,13,False,False,False,i
2022-05-12,3927.75,119.609,-0.00108087,0.00301363,-0.0105792,-0.0159814,0,0.705278,0.352639,-0.00133405,6.05071e-06,-0.0013401,-0.0040945,12,False,False,False,i
2022-05-13,4020.25,119.141,0.0235504,-0.00391901,-0.000626619,-0.00938787,0,0.0417746,0.0208873,0.00968678,7.42881e-05,0.00961249,0.0274694,11,False,False,False,i
2022-05-16,4006.5,119.609,-0.00342019,0.00393443,-0.00236251,-0.0111669,0,0.157501,0.0787504,-0.000153618,1.29709e-05,-0.000166589,-0.00735461,10,False,False,False,i
2022-05-17,4086.25,118.781,0.0199052,-0.00692358,0.00336978,-0.00472853,0,-0.224652,-0.112326,0.00211277,4.25722e-05,0.0020702,0.0268287,9,False,False,False,i
2022-05-18,3923.75,119.359,-0.0397675,0.00486714,-0.00779906,-0.0157206,0,0.519937,0.259969,0.00501363,8.40044e-05,0.00492963,-0.0446347,8,False,False,False,i
2022-05-19,3897,119.75,-0.00681746,0.00327268,-0.00912407,-0.0181779,0,0.608271,0.304136,-0.00262312,9.98748e-06,-0.00263311,-0.0100901,7,False,False,False,i
2022-05-20,3898.25,120.078,0.00032076,0.00274008,-0.00927876,-0.0187658,0,0.618584,0.309292,-0.000735803,1.16592e-06,-0.000736969,-0.00241932,6,False,False,False,i
2022-05-23,3972,119.531,0.0189187,-0.00455433,-0.00274975,-0.0131039,0,0.183317,0.0916583,0.00726004,4.89182e-05,0.00721112,0.0234731,5,False,False,False,i
2022-05-24,3943.25,120.359,-0.00723817,0.0069281,-0.00559889,-0.0165432,1,0.373259,0.68663,-0.00129846,0.000134039,-0.0014325,-0.0141663,4,False,False,False,i
2022-05-25,3979,120.625,0.00906613,0.00220693,-0.00405527,-0.0148865,1,0.270351,0.635176,0.00470973,1.15591e-05,0.00469817,0.00685919,3,False,False,False,i
2022-05-26,4055.5,120.594,0.0192259,-0.000259067,0.000588138,-0.0102085,1,-0.0392092,0.480395,0.0123764,3.45657e-05,0.0123418,0.019485,2,False,False,False,i
2022-05-27,4156.25,120.562,0.0248428,-0.000259134,0.00610464,-0.0042225,1,-0.406976,0.296512,0.0120589,4.07573e-05,0.0120181,0.0251019,1,False,False,False,i
2022-05-31,4132.25,119.391,-0.00577444,-0.00714657,0.00332799,-0.00388995,1,-0.221866,0.389067,0.000406854,2.05508e-05,0.000386303,0.00137213,0,True,False,False,i
2022-06-01,4098.25,118.719,-0.00822796,-0.00562754,0.0020965,-0.00452056,-1,-0.139766,-0.569883,-0.00101174,0.000213463,-0.0012252,-0.00260043,20,False,True,False,i
2022-06-02,4175.75,118.859,0.0189105,0.00118452,0.0063171,0.00420454,0,-0.42114,-0.21057,-0.0101017,7.95279e-05,-0.0101813,0.017726,19,False,False,False,i
2022-06-03,4108,118.641,-0.0162246,-0.00184041,0.00268517,0.000728064,0,-0.179011,-0.0895056,0.00302889,2.69294e-05,0.00300196,0.0143842,18,False,False,False,i
2022-06-06,4119.25,117.969,0.00273856,-0.00566311,0.00455284,0.00274448,0,-0.303522,-0.151761,-0.000751997,1.38365e-05,-0.000765833,-0.00840167,17,False,False,False,i
2022-06-07,4158.75,118.297,0.00958912,0.00278146,0.00609152,0.00436339,0,-0.406101,-0.203051,-0.00103314,1.13661e-05,-0.00104451,-0.00680767,16,False,False,False,i
2022-06-08,4114.25,118,-0.0107003,-0.00250958,0.00377872,0.00239019,0,-0.251914,-0.125957,0.00166314,1.71406e-05,0.001646,0.00819075,15,False,False,False,i
2022-06-09,4015,117.891,-0.0241235,-0.000926907,-0.00192268,-0.0032498,0,0.128178,0.0640892,0.00292178,4.25738e-05,0.0028792,0.0231966,14,False,False,False,i
2022-06-10,3898,116.812,-0.0291407,-0.00914513,-0.00631907,-0.00816513,0,0.421272,0.210636,-0.0012815,3.31358e-05,-0.00131464,-0.0199956,13,False,False,False,i
2022-06-13,3750.25,115.203,-0.0379041,-0.0137774,-0.0108142,-0.0141616,0,0.720946,0.360473,-0.00508193,3.43039e-05,-0.00511624,-0.0241266,12,False,False,False,i
2022-06-14,3738,114.453,-0.00326645,-0.00651024,-0.00714167,-0.0133709,0,0.476111,0.238056,0.0011693,2.80563e-05,0.00114124,0.00324379,11,False,False,False,i
2022-06-15,3795.5,115.797,0.0143649,0.0117406,-0.00540783,-0.0127428,0,0.360522,0.180261,0.000624735,1.31801e-05,0.000611554,0.00262432,10,False,False,False,i
2022-06-16,3673.5,116.312,-0.0321433,0.00445284,-0.014407,-0.021767,0,0.96047,0.480235,-0.00659686,6.91442e-05,-0.006666,-0.0365962,9,False,False,False,i
2022-06-17,3675.25,116.234,0.000476385,-0.000671682,-0.0134953,-0.021487,0,0.899689,0.449844,0.000551342,7.00391e-06,0.000544338,0.00114807,8,False,False,False,i
2022-06-21,3768.5,115.812,0.0253724,-0.00362952,0.00465518,-0.0145071,0,-0.310345,-0.155173,0.0130464,0.000138294,0.0129081,0.0290019,7,False,False,False,i
2022-06-22,3760.75,116.969,-0.00205652,0.00998381,0.00152021,-0.0174206,0,-0.101348,-0.0506738,0.00186833,2.39023e-05,0.00184443,-0.0120403,6,False,False,False,i
2022-06-23,3798.75,117.594,0.0101044,0.00534331,0.0018298,-0.0162721,0,-0.121987,-0.0609934,-0.000241261,2.35275e-06,-0.000243614,0.00476106,5,False,False,False,i
2022-06-24,3919,117.281,0.0316551,-0.00265745,0.00986302,-0.00807687,1,-0.657535,0.171233,-0.00209284,5.24195e-05,-0.00214526,0.0343126,4,False,False,False,i
2022-06-27,3905.5,116.75,-0.00344476,-0.00452971,0.00945671,-0.00781378,1,-0.630448,0.184776,0.000185779,3.06049e-06,0.000182719,0.00108495,3,False,False,False,i
2022-06-28,3825.25,116.875,-0.0205479,0.00107066,-0.000188541,-0.0130967,1,0.0125694,0.506285,-0.0039946,7.31358e-05,-0.00406774,-0.0216186,2,False,False,False,i
2022-06-29,3820.5,117.547,-0.00124175,0.00574866,-0.00166142,-0.0147887,1,0.110761,0.555381,-0.00353914,1.11727e-05,-0.00355031,-0.00699041,1,False,False,False,i
2022-06-30,3789.5,118.328,-0.00811412,0.00664628,-0.00382455,-0.0183788,1,0.25497,0.627485,-0.00819765,1.64518e-05,-0.0082141,-0.0147604,0,True,False,False,i
2022-07-01,3828,119.469,0.0101597,0.00963951,-0.00316011,-0.0182535,-1,0.210674,-0.394663,0.000326382,0.000232461,9.39203e-05,0.000520143,19,False,True,False,i
2022-07-05,3835.5,119.797,0.00195925,0.00274653,-0.00216,-0.00018852,0,0.144,0.0719998,0.000310713,0.000106064,0.000204649,-0.000787286,18,False,False,False,i
2022-07-06,3849.5,118.906,0.00365011,-0.00743446,0.000514173,0.00247429,0,-0.0342782,-0.0171391,0.000798087,2.0236e-05,0.000777851,0.0110846,17,False,False,False,i
2022-07-07,3904.75,118.297,0.0143525,-0.00512484,0.00505379,0.00710846,0,-0.33692,-0.16846,-0.000333824,3.41965e-05,-0.000368021,-0.0194773,16,False,False,False,i
2022-07-08,3902,117.75,-0.00070427,-0.0046229,0.0052674,0.00804527,0,-0.35116,-0.17558,-0.000660132,1.60941e-06,-0.000661741,-0.00391863,15,False,False,False,i
2022-07-11,3857.75,118.406,-0.0113403,0.00557325,0.000235276,0.00399524,0,-0.0156851,-0.00784253,0.00296969,3.8053e-05,0.00293163,0.0169136,14,False,False,False,i
2022-07-12,3824,118.656,-0.00874862,0.00211138,-0.00224705,0.00138608,0,0.149803,0.0749017,8.51699e-05,1.88244e-05,6.63455e-05,0.01086,13,False,False,False,i
2022-07-13,3803,118.938,-0.00549163,0.00237029,-0.00333902,-0.000503039,0,0.222602,0.111301,-0.000588872,8.29554e-06,-0.000597167,0.00786192,12,False,False,False,i
2022-07-14,3794.25,118.359,-0.00230082,-0.00486075,-0.00231742,0.000113652,0,0.154495,0.0772475,0.000284922,7.76671e-06,0.000277156,0.00255993,11,False,False,False,i
2022-07-15,3865.5,118.641,0.0187784,0.00237624,0.00205943,0.00400228,0,-0.137295,-0.0686475,0.00126703,3.30766e-05,0.00123395,-0.0164022,10,False,False,False,i
2022-07-18,3834,118.375,-0.00814901,-0.0022389,0.00048558,0.00258043,0,-0.032372,-0.016186,0.000405714,1.1925e-05,0.000393789,0.00591011,9,False,False,False,i
2022-07-19,3936.5,117.953,0.0267345,-0.00356389,0.0075633,0.00973113,0,-0.50422,-0.25211,-0.000490409,5.31793e-05,-0.000543589,-0.0302984,8,False,False,False,i
2022-07-20,3962.5,117.797,0.00660485,-0.00132468,0.00917199,0.0116114,0,-0.611466,-0.305733,-0.00199911,1.20621e-05,-0.00201118,-0.00792953,7,False,False,False,i
2022-07-21,4002.75,118.953,0.0101577,0.00981563,0.00642343,0.0116919,0,-0.428229,-0.214114,-0.000104592,2.05437e-05,-0.000125136,-0.000342103,6,False,False,False,i
2022-07-22,3965.5,120.062,-0.0093061,0.00932615,0.000940749,0.00725708,0,-0.0627166,-0.0313583,0.00398943,4.10997e-05,0.00394833,0.0186323,5,False,False,False,i
2022-07-25,3970,119.719,0.00113479,-0.00286309,0.00207195,0.00821097,-1,-0.13813,-0.569065,-0.000125367,0.000120881,-0.000246248,-0.00399788,4,False,False,False,i
2022-07-26,3923,119.719,-0.0118388,0,-0.000291644,0.00536944,-1,0.0194429,-0.490279,0.00673704,1.77784e-05,0.00671926,0.0118388,3,False,False,False,i
2022-07-27,4024,120.016,0.0257456,0.00247977,0.00531202,0.010837,-1,-0.354135,-0.677067,-0.0114067,4.18149e-05,-0.0114486,-0.0232658,2,False,False,False,i
2022-07-28,4073.25,121.016,0.0122391,0.00833225,0.0058811,0.0117559,-1,-0.392074,-0.696037,-0.00264518,4.23054e-06,-0.00264941,-0.00390682,1,False,False,False,i
2022-07-29,4133.75,121.047,0.014853,0.000258231,0.00929868,0.0151907,-1,-0.619912,-0.809956,-0.0101585,2.52917e-05,-0.0101838,-0.0145948,0,True,False,False,i
2022-08-01,4119.75,121.422,-0.00338676,0.00309797,0.00734937,0.0136542,1,-0.489958,0.255021,0.00525235,0.000236685,0.00501566,0.00648473,22,False,True,False,i
2022-08-02,4094,120,-0.00625038,-0.0117102,0.00629038,0.0013215,0,-0.419358,-0.209679,0.00139237,0.000103476,0.00128889,-0.00545983,21,False,False,False,i
2022-08-03,4157,120.359,0.0153884,0.00299479,0.00916682,0.00426195,0,-0.611121,-0.305561,-0.00259868,2.12507e-05,-0.00261993,-0.0123936,20,False,False,False,i
2022-08-04,4153.25,120.859,-0.000902093,0.00415423,0.00768706,0.00305416,0,-0.512471,-0.256235,0.00154501,1.09353e-05,0.00153408,0.00505632,19,False,False,False,i
2022-08-05,4146,119.375,-0.00174562,-0.0122818,0.00805346,0.00559136,0,-0.536898,-0.268449,-0.00269975,2.70912e-06,-0.00270246,-0.0105362,18,False,False,False,i
2022-08-08,4141.5,119.859,-0.00108538,0.00405759,0.00667979,0.00436411,0,-0.445319,-0.22266,0.00138063,1.01601e-05,0.00137047,0.00514298,17,False,False,False,i
2022-08-09,4125,119.547,-0.00398406,-0.00260722,0.00518034,0.00403376,0,-0.345356,-0.172678,0.000306567,1.11038e-05,0.000295463,0.00137684,16,False,False,False,i
2022-08-10,4210.5,119.672,0.0207273,0.00104561,0.00989485,0.00868105,0,-0.659657,-0.329828,-0.00339859,3.46956e-05,-0.00343329,-0.0196817,15,False,False,False,i
2022-08-11,4211.5,119.031,0.000237501,-0.00535318,0.0110482,0.0100153,0,-0.73655,-0.368275,-0.00184397,8.48757e-06,-0.00185245,-0.00559068,14,False,False,False,i
2022-08-12,4281,119.375,0.0165024,0.0028879,0.00908155,0.0132183,0,-0.605436,-0.302718,-0.00501389,1.44018e-05,-0.00502829,-0.0136145,13,False,False,False,i
2022-08-15,4299,119.688,0.00420463,0.0026178,0.00702379,0.0135933,0,-0.468253,-0.234126,-0.000480361,1.50498e-05,-0.00049541,-0.00158682,12,False,False,False,i
2022-08-16,4307,119.453,0.0018609,-0.00195822,0.00576329,0.0144985,0,-0.384219,-0.19211,-0.000894158,9.21389e-06,-0.000903372,-0.00381912,11,False,False,False,i
2022-08-17,4276.5,118.766,-0.0070815,-0.0057554,0.0054093,0.0141822,0,-0.36062,-0.18031,0.000254756,2.59299e-06,0.000252163,0.0013261,10,False,False,False,i
2022-08-18,4288.5,118.891,0.00280603,0.00105249,0.00486855,0.0145969,0,-0.32457,-0.162285,-0.000316181,3.95773e-06,-0.000320138,-0.00175354,9,False,False,False,i
2022-08-19,4230,118.188,-0.0136411,-0.00591405,0.00298603,0.0127469,0,-0.199068,-0.0995342,0.00125399,1.38349e-05,0.00124016,0.00772708,8,False,False,False,i
2022-08-22,4142.75,117.766,-0.0206265,-0.00356954,-0.0010488,0.0086419,0,0.0699203,0.0349602,0.00169775,2.98399e-05,0.00166791,0.0170569,7,False,False,False,i
2022-08-23,4131,117.578,-0.00283628,-0.00159215,-0.00118863,0.00834485,0,0.0792422,0.0396211,-4.34952e-05,1.035e-06,-4.45302e-05,0.00124413,6,False,False,False,i
2022-08-24,4143.75,117.203,0.00308642,-0.00318937,0.00113559,0.00983919,0,-0.0757059,-0.0378529,0.000248654,1.71877e-05,0.000231466,-0.00627579,5,False,False,False,i
2022-08-25,4202.25,117.766,0.0141176,0.00479936,0.00328885,0.0120333,-1,-0.219257,-0.609628,-0.000352725,0.000126311,-0.000479036,-0.00931829,4,False,False,False,i
2022-08-26,4059,117.562,-0.0340889,-0.00172482,-0.00485381,0.00417943,-1,0.323587,-0.338206,0.01973,6.05982e-05,0.0196694,0.0323641,3,False,False,False,i
2022-08-29,4032,117.047,-0.00665188,-0.00438596,-0.00477469,0.0036344,-1,0.318313,-0.340844,0.000766348,5.90048e-07,0.000765758,0.00226592,2,False,False,False,i
2022-08-30,3986.25,117.016,-0.0113467,-0.000266987,-0.00554781,0.000964899,-1,0.369854,-0.315073,0.00377646,5.78603e-06,0.00377067,0.0110797,1,False,False,False,i
2022-08-31,3955.75,116.625,-0.0076513,-0.00387028,-0.00636179,5.25832e-05,-1,0.424119,-0.28794,0.0011913,6.10654e-06,0.00118519,0.00378102,0,True,False,False,i
2022-09-01,3967.5,115.984,0.00297036,-0.00549303,-0.00344259,0.00208455,1,0.229506,0.614753,-0.00243695,0.000202973,-0.00263993,-0.00846339,20,False,True,False,i
2022-09-02,3925.5,116.531,-0.010586,0.00471507,-0.00647668,-0.00368873,0,0.431779,0.215889,-0.00940639,8.99868e-05,-0.00949638,0.0153011,19,False,False,False,i
2022-09-06,3911,115.578,-0.0036938,-0.00817914,-0.0051201,-0.00260303,0,0.34134,0.17067,0.000968337,1.02138e-05,0.000958123,0.00448534,18,False,False,False,i
2022-09-07,3980.5,116.156,0.0177704,0.00500203,-0.000848993,0.000429639,0,0.0565995,0.0282998,0.00217918,3.19795e-05,0.0021472,0.0127684,17,False,False,False,i
2022-09-08,4005.75,115.797,0.00634342,-0.00309389,0.00113775,0.00268797,0,-0.0758501,-0.0379251,0.000267074,1.48462e-05,0.000252228,-0.00943732,16,False,False,False,i
2022-09-09,4066.75,115.75,0.0152281,-0.000404804,0.00452197,0.0063979,0,-0.301464,-0.150732,-0.000592879,2.51707e-05,-0.00061805,-0.0156329,15,False,False,False,i
2022-09-12,4111.25,115.625,0.0109424,-0.00107991,0.00599445,0.00924967,0,-0.39963,-0.199815,-0.00181215,1.09153e-05,-0.00182307,-0.0120223,14,False,False,False,i
2022-09-13,3932.25,114.984,-0.0435391,-0.00554054,-0.0041469,-6.36396e-05,0,0.27646,0.13823,0.00759268,7.62243e-05,0.00751646,0.0379985,13,False,False,False,i
2022-09-14,3964.25,114.891,0.0032901,-0.000815328,-0.00252262,0.000920094,0,0.168175,0.0840873,0.000567494,1.21773e-05,0.000555316,0.00410543,12,False,False,False,i
2022-09-15,3918.75,114.531,-0.0114776,-0.00312797,-0.00330154,-0.00109871,0,0.220103,0.110051,-0.000702096,5.86092e-06,-0.000707956,0.00834961,11,False,False,False,i
2022-09-16,3888.75,114.719,-0.0076555,0.00163711,-0.00546853,-0.00333977,0,0.364569,0.182284,-0.00102267,1.6345e-05,-0.00103901,-0.00929261,10,False,False,False,i
2022-09-19,3918.75,114.406,0.00771456,-0.00272405,-0.00258581,-0.000836421,0,0.172388,0.0861938,0.0019028,2.16906e-05,0.00188111,0.0104386,9,False,False,False,i
2022-09-20,3874,113.875,-0.0114195,-0.00464354,-0.00419037,-0.00247806,0,0.279358,0.139679,-0.000584042,1.21173e-05,-0.00059616,-0.00677592,8,False,False,False,i
2022-09-21,3804,114.141,-0.0180692,0.0023326,-0.0091548,-0.00743332,0,0.61032,0.30516,-0.0028497,3.77109e-05,-0.00288741,-0.0204018,7,False,False,False,i
2022-09-22,3771.25,112.781,-0.00860936,-0.0119097,-0.00815894,-0.00662851,0,0.543929,0.271965,0.00100712,7.58603e-06,0.000999531,0.00330029,6,False,False,False,i
2022-09-23,3707.5,112.766,-0.0169042,-0.000138543,-0.00845946,-0.010715,0,0.563964,0.281982,-0.00455967,2.30201e-06,-0.00456197,-0.0167657,5,False,False,False,i
2022-09-26,3671,111.312,-0.00984491,-0.0128862,-0.0075602,-0.00997064,1,0.504013,0.752007,0.000857601,0.000108366,0.000749235,0.00304133,4,False,False,False,i
2022-09-27,3661,110.781,-0.00272405,-0.0047726,-0.00489648,-0.00947333,1,0.326432,0.663216,0.00154052,2.04894e-05,0.00152003,0.00204855,3,False,False,False,i
2022-09-28,3732.5,112.812,0.0195302,0.0183357,-0.00463305,-0.00918989,1,0.30887,0.654435,0.000792211,2.01349e-06,0.000790197,0.0011945,2,False,False,False,i
2022-09-29,3654.5,112.312,-0.0208975,-0.00443213,-0.0086673,-0.0132276,1,0.57782,0.78891,-0.0107755,3.10499e-05,-0.0108066,-0.0164654,1,False,False,False,i
2022-09-30,3597.25,112.062,-0.0156656,-0.00222593,-0.0117935,-0.0165197,1,0.786233,0.893117,-0.0106027,2.41881e-05,-0.0106269,-0.0134397,0,True,False,False,i
2022-10-03,3691.25,113.094,0.0261311,0.00920245,-0.00487935,-0.0124825,-1,0.32529,-0.337355,0.0151192,0.000283174,0.0148361,0.0169286,20,False,True,False,i
2022-10-04,3804.75,113.344,0.0307484,0.00221056,0.00382714,0.00671918,0,-0.255143,-0.127571,-0.00962738,4.78037e-05,-0.00967518,0.0285378,19,False,False,False,i
2022-10-05,3797,112.531,-0.00203693,-0.00716846,0.00357026,0.0079486,0,-0.238017,-0.119009,-0.000654636,1.95245e-06,-0.000656588,-0.00513153,18,False,False,False,i
2022-10-06,3756,111.938,-0.010798,-0.00527631,0.000967135,0.00662106,0,-0.0644757,-0.0322378,0.000657129,1.98555e-05,0.000637273,0.00552169,17,False,False,False,i
2022-10-07,3651.25,111.453,-0.0278887,-0.00432719,-0.00539837,0.000891854,0,0.359892,0.179946,0.000759572,4.90071e-05,0.000710565,0.0235615,16,False,False,False,i
2022-10-10,3623.5,111.031,-0.00760014,-0.00378522,-0.00610174,-2.86364e-05,0,0.406783,0.203391,-0.000686478,5.42888e-06,-0.000691906,0.00381491,15,False,False,False,i
2022-10-11,3599.75,111.156,-0.00655444,0.00112581,-0.00621658,-0.00187838,0,0.414438,0.207219,-0.0015621,8.883e-07,-0.00156298,-0.00768025,14,False,False,False,i
2022-10-12,3587.5,111.5,-0.00340301,0.00309249,-0.00771312,-0.00344096,0,0.514208,0.257104,-0.00134599,1.15896e-05,-0.00135758,-0.00649551,13,False,False,False,i
2022-10-13,3682,110.984,0.0263415,-0.00462444,0.000239454,0.00391,0,-0.0159636,-0.00798181,0.00796146,6.10559e-05,0.0079004,0.0309659,12,False,False,False,i
2022-10-14,3599.25,110.547,-0.0224742,-0.003942,-0.00486191,-0.000591069,0,0.324128,0.162064,0.00014792,3.9463e-05,0.000108457,0.0185322,11,False,False,False,i
2022-10-17,3690,110.656,0.0252136,0.000989399,0.000841006,0.00513675,0,-0.0560671,-0.0280335,0.00392586,4.37528e-05,0.00388211,0.0242242,10,False,False,False,i
2022-10-18,3733.75,110.922,0.0118564,0.00240045,0.00277615,0.00737801,0,-0.185077,-0.0925383,-0.000265083,1.47891e-05,-0.000279872,-0.00945592,9,False,False,False,i
2022-10-19,3707,110.031,-0.00716438,-0.0080293,0.0020223,0.00758582,0,-0.13482,-0.0674101,-8.00383e-05,5.77477e-06,-8.58131e-05,-0.000864921,8,False,False,False,i
2022-10-20,3674.5,109.359,-0.0087672,-0.00610622,0.000669617,0.00694644,0,-0.0446412,-0.0223206,0.000179377,1.03922e-05,0.000168985,0.00266098,7,False,False,False,i
2022-10-21,3763.75,109.734,0.024289,0.00342906,0.00561887,0.011844,0,-0.374591,-0.187296,-0.000465606,3.77253e-05,-0.000503332,-0.02086,6,False,False,False,i
2022-10-24,3809.5,109.719,0.0121554,-0.000142389,0.00834555,0.0147433,0,-0.55637,-0.278185,-0.00230333,2.07028e-05,-0.00232403,-0.0122978,5,False,False,False,i
2022-10-25,3870,110.688,0.0158813,0.00882939,0.00691931,0.0163917,-1,-0.461287,-0.730644,-0.00196175,0.000102541,-0.00206429,-0.00705196,4,False,False,False,i
2022-10-26,3842,111.047,-0.00723514,0.00324675,0.00277626,0.0139052,-1,-0.185084,-0.592542,0.00765853,3.13709e-05,0.00762716,0.0104819,3,False,False,False,i
2022-10-27,3820,111.703,-0.00572618,0.00590967,0.00011745,0.0111438,-1,-0.00782998,-0.503915,0.00689473,2.01695e-05,0.00687456,0.0116359,2,False,False,False,i
2022-10-28,3910.75,111.109,0.0237565,-0.00531543,0.00711656,0.0179677,-1,-0.474437,-0.737219,-0.0146498,5.26979e-05,-0.0147025,-0.029072,1,False,False,False,i
2022-10-31,3882.75,110.688,-0.00715975,-0.00379693,0.00557298,0.0171691,-1,-0.371532,-0.685766,0.00247913,1.16485e-05,0.00246748,0.00336282,0,True,False,False,i
2022-11-01,3865,110.562,-0.0045715,-0.00112931,0.003931,0.0163532,1,-0.262067,0.368967,0.00236054,0.000239134,0.00212141,0.0034422,20,False,True,False,i
2022-11-02,3767,110.453,-0.0253558,-0.000989259,-0.00195761,-0.00594069,0,0.130507,0.0652536,-0.00899042,6.94315e-05,-0.00905986,0.0243665,19,False,False,False,i
2022-11-03,3726.25,109.953,-0.0108176,-0.00452681,-0.00296125,-0.00747038,0,0.197417,0.0987084,-0.000410498,7.67527e-06,-0.000418174,-0.00629082,18,False,False,False,i
2022-11-04,3780.25,109.922,0.0144918,-0.000284212,0.00189445,-0.00393285,0,-0.126297,-0.0631485,0.00145851,3.69598e-05,0.00142156,0.014776,17,False,False,False,i
2022-11-07,3816,109.609,0.00945705,-0.00284293,0.00492131,-0.00098461,0,-0.328087,-0.164044,-0.000776725,2.29692e-05,-0.000799694,0.0123,16,False,False,False,i
2022-11-08,3835.25,110.172,0.00504455,0.00513186,0.00429168,-0.00100548,0,-0.286112,-0.143056,1.43228e-05,4.7702e-06,9.55262e-06,-8.7311e-05,15,False,False,False,i
2022-11-09,3755.5,110.547,-0.020794,0.00340377,-0.00216823,-0.00688296,0,0.144549,0.0722743,0.00346163,4.92755e-05,0.00341235,-0.0241977,14,False,False,False,i
2022-11-10,3961,112.5,0.0547197,0.0176678,0.0066223,0.00171778,0,-0.441487,-0.220743,0.0026779,6.59197e-05,0.00261198,0.0370519,13,False,False,False,i
2022-11-11,4000.75,112.328,0.0100353,-0.00152778,0.00851776,0.00447396,0,-0.56785,-0.283925,-0.00255248,1.41695e-05,-0.00256665,-0.0115631,12,False,False,False,i
2022-11-14,3967.5,112.078,-0.00831094,-0.00222562,0.00695334,0.00301041,0,-0.463556,-0.231778,0.00172778,1.17254e-05,0.00171605,0.00608532,11,False,False,False,i
2022-11-15,4001,112.672,0.0084436,0.00529764,0.00712335,0.00375814,0,-0.47489,-0.237445,-0.000729165,1.27084e-06,-0.000730435,-0.00314596,10,False,False,False,i
2022-11-16,3969.5,113.25,-0.00787303,0.00513105,0.00398453,0.00063863,0,-0.265635,-0.132818,0.00308775,2.3522e-05,0.00306423,0.0130041,9,False,False,False,i
2022-11-17,3956,112.609,-0.00340093,-0.00565673,0.00464664,0.00118207,0,-0.309776,-0.154888,-0.00029961,4.96707e-06,-0.000304577,-0.0022558,8,False,False,False,i
2022-11-18,3973.25,112.234,0.00436047,-0.0033301,0.00660226,0.00302359,0,-0.440151,-0.220075,-0.00119117,1.46509e-05,-0.00120583,-0.00769056,7,False,False,False,i
2022-11-21,3958,112.234,-0.00383817,0,0.00561338,0.00210266,0,-0.374225,-0.187113,0.000844686,7.41735e-06,0.000837268,0.00383817,6,False,False,False,i
2022-11-22,4010,112.578,0.0131379,0.00306279,0.00799765,0.00449458,0,-0.533177,-0.266588,-0.00188519,1.78109e-05,-0.001903,-0.0100752,5,False,False,False,i
2022-11-23,4034.5,112.984,0.00610973,0.00360861,0.00849851,0.0050895,-1,-0.566567,-0.783284,-0.000666769,0.000115575,-0.000782344,-0.00250112,4,False,False,False,i
2022-11-25,4034.25,113.078,-6.19655e-05,0.000829761,0.00799763,0.00487648,-1,-0.533175,-0.766588,0.000698475,3.73469e-06,0.00069474,0.000891726,3,False,False,False,i
2022-11-28,3968.5,113,-0.0162979,-0.000690894,0.00412648,0.0011082,-1,-0.275099,-0.637549,0.0119642,2.90123e-05,0.0119352,0.0156071,2,False,False,False,i
2022-11-29,3961.25,112.656,-0.00182689,-0.00304204,0.00456321,0.00140024,-1,-0.304214,-0.652107,-0.000774717,3.27493e-06,-0.000777992,-0.00121515,1,False,False,False,i
2022-11-30,4082.25,113.797,0.0305459,0.00774872,0.0103037,0.00675033,-1,-0.686911,-0.843456,-0.0148662,4.26457e-05,-0.0149089,-0.0227972,0,True,False,False,i
2022-12-01,4081,114.734,-0.000306204,0.00823836,0.00807153,0.00471777,1,-0.538102,0.230949,0.00720696,0.000239474,0.00696749,0.00854457,20,False,True,False,i
2022-12-02,4075.25,114.828,-0.00140897,0.000817105,0.0047763,-0.000534535,0,-0.31842,-0.15921,-0.000514109,8.70003e-05,-0.00060111,0.00222607,19,False,False,False,i
2022-12-05,4002,113.828,-0.0179744,-0.00870867,0.00255037,-0.00279148,0,-0.170025,-0.0850124,0.00147519,1.66384e-05,0.00145855,-0.00926569,18,False,False,False,i
2022-12-06,3943.75,114.297,-0.0145552,0.00411805,-0.00186593,-0.00731516,0,0.124396,0.0621978,0.00158746,3.31632e-05,0.0015543,-0.0186733,17,False,False,False,i
2022-12-07,3936.25,115.109,-0.00190174,0.00710868,-0.00329016,-0.00948653,0,0.219344,0.109672,-0.000560429,1.07013e-05,-0.00057113,-0.00901042,16,False,False,False,i
2022-12-08,3965.75,114.469,0.00749444,-0.00556536,0.00101988,-0.00633533,0,-0.0679921,-0.0339961,0.00143229,3.23086e-05,0.00139999,0.0130598,15,False,False,False,i
2022-12-09,3936.25,113.938,-0.00743869,-0.004641,0.000748478,-0.00701449,0,-0.0498986,-0.0249493,9.51104e-05,2.03926e-06,9.30712e-05,-0.00279769,14,False,False,False,i
2022-12-12,3992.5,113.828,0.0142903,-0.000959956,0.00430796,-0.00336331,0,-0.287197,-0.143599,-0.000380482,2.66262e-05,-0.000407108,0.0152502,13,False,False,False,i
2022-12-13,4023,114.703,0.00763932,0.00768703,0.00415701,-0.00337471,0,-0.277134,-0.138567,6.85029e-06,1.12647e-06,5.72382e-06,-4.77044e-05,12,False,False,False,i
2022-12-14,4029.25,114.891,-0.00665639,0.00163465,0.00133445,-0.00537669,0,-0.0889635,-0.0444817,0.00114887,2.10536e-05,0.00112781,-0.00829105,11,False,False,False,i
2022-12-15,3927,114.969,-0.0253769,0.000679995,-0.00492937,-0.0117521,0,0.328625,0.164312,0.00115906,4.70999e-05,0.00111196,-0.0260569,10,False,False,False,i
2022-12-16,3877.75,114.766,-0.0125414,-0.00176678,-0.00698005,-0.0143831,0,0.465337,0.232668,-0.0017704,1.54817e-05,-0.00178588,-0.0107746,9,False,False,False,i
2022-12-19,3844.25,114.109,-0.00863903,-0.00571818,-0.00589973,-0.0150972,0,0.393315,0.196658,-0.000679591,8.17859e-06,-0.000687769,-0.00292085,8,False,False,False,i
2022-12-20,3849.25,113.469,0.00130064,-0.00561413,-0.00307077,-0.0134157,0,0.204718,0.102359,0.00135984,2.14077e-05,0.00133844,0.00691477,7,False,False,False,i
2022-12-21,3906.5,113.547,0.014873,0.000688516,0.000943802,-0.0100067,0,-0.0629201,-0.0314601,0.00145191,3.02371e-05,0.00142168,0.0141845,6,False,False,False,i
2022-12-22,3850,113.469,-0.0144631,-0.000688042,-0.00271317,-0.0133685,0,0.180878,0.0904391,0.000433364,2.76719e-05,0.000405692,-0.013775,5,False,False,False,i
2022-12-23,3871.25,113.141,0.00551948,-0.00289177,-0.000682018,-0.011333,1,0.0454679,0.522734,0.000760705,9.79612e-05,0.000662744,0.00841125,4,False,False,False,i
2022-12-27,3855.75,112.375,-0.00400387,-0.00676702,-4.20071e-05,-0.0106605,1,0.00280047,0.5014,0.00144439,4.84058e-06,0.00143955,0.00276315,3,False,False,False,i
2022-12-28,3806.75,112.156,-0.0127083,-0.00194661,-0.00277546,-0.0132868,1,0.18503,0.592515,-0.00539591,2.0759e-05,-0.00541667,-0.0107617,2,False,False,False,i
2022-12-29,3872.25,112.453,0.0172063,0.00264698,0.000786942,-0.00979546,1,-0.0524628,0.473769,0.00862661,2.69066e-05,0.0085997,0.0145593,1,False,False,False,i
2022-12-30,3861.25,112.141,-0.00284073,-0.00277894,0.000547599,-0.00981045,1,-0.0365066,0.481747,-2.92742e-05,1.80939e-06,-3.10836e-05,-6.179e-05,0,True,False,False,i
2023-01-03,3844.75,112.672,-0.00427323,0.00473736,-0.00175023,-0.0119911,-1,0.116682,-0.441659,-0.00434082,0.000209711,-0.00455053,-0.00901058,19,False,True,False,i
2023-01-04,3873.75,113.312,0.00754275,0.00568576,-0.00122378,0.000442669,0,0.0815851,0.0407926,-0.000820158,0.000109305,-0.000929463,0.001857,18,False,False,False,i
2023-01-05,3829,113.078,-0.0115521,-0.00206839,-0.003403,-0.00185038,0,0.226867,0.113433,-0.000386865,1.65189e-05,-0.000403384,0.00948372,17,False,False,False,i
2023-01-06,3916.25,114.281,0.0227866,0.0106398,-0.00044333,0.00101796,0,0.0295553,0.0147777,0.00137786,2.22741e-05,0.00135559,0.0121469,16,False,False,False,i
2023-01-09,3913.75,114.547,-0.000638366,0.00232431,-0.00126464,0.000307909,0,0.0843091,0.0421545,-4.37814e-05,6.1823e-06,-4.99637e-05,0.00296268,15,False,False,False,i
2023-01-10,3941.75,114.047,0.00715426,-0.00436503,0.00152284,0.0030648,0,-0.101523,-0.0507613,0.00048559,2.09352e-05,0.000464655,-0.0115193,14,False,False,False,i
2023-01-11,3989.75,114.547,0.0121773,0.00438416,0.0032679,0.00491351,0,-0.21786,-0.10893,-0.000395592,1.30565e-05,-0.000408648,-0.00779317,13,False,False,False,i
2023-01-12,4002.75,115.344,0.00325835,0.00695676,0.00118758,0.00403377,0,-0.0791721,-0.039586,0.000402868,1.55491e-05,0.000387319,0.00369841,12,False,False,False,i
2023-01-13,4017.75,114.891,0.00374742,-0.00392847,0.00267214,0.00586837,0,-0.178142,-0.0890712,-0.000303858,1.10832e-05,-0.000314942,-0.0076759,11,False,False,False,i
2023-01-17,4010.25,114.672,-0.00186672,-0.00190398,0.00261027,0.00587729,0,-0.174018,-0.087009,-3.31953e-06,4.62139e-07,-3.78167e-06,-3.72683e-05,10,False,False,False,i
2023-01-18,3946.75,115.875,-0.0158344,0.0104919,-0.00407319,-0.000443678,0,0.271546,0.135773,0.00229063,5.01758e-05,0.00224045,0.0263263,9,False,False,False,i
2023-01-19,3916.75,115.625,-0.00760119,-0.0021575,-0.00514643,-0.00175777,0,0.343096,0.171548,-0.000739106,8.0768e-06,-0.000747183,-0.00544369,8,False,False,False,i
2023-01-20,3987.75,115.016,0.0181273,-0.00527027,0.00174203,0.00381714,0,-0.116135,-0.0580677,0.0040138,5.15474e-05,0.00396225,0.0233975,7,False,False,False,i
2023-01-23,4035.5,114.656,0.0119742,-0.00312458,0.00516734,0.00740758,0,-0.344489,-0.172245,-0.000876749,2.55372e-05,-0.000902286,-0.0150987,6,False,False,False,i
2023-01-24,4030.5,115.062,-0.001239,0.0035432,0.00212523,0.00626792,0,-0.141682,-0.0708409,0.000823709,2.2689e-05,0.00080102,0.0047822,5,False,False,False,i
2023-01-25,4032.5,115.188,0.000496216,0.00108637,0.00202808,0.00612715,-1,-0.135206,-0.567603,4.18068e-05,0.000111133,-6.93264e-05,0.00059015,4,False,False,False,i
2023-01-26,4074.75,114.812,0.0104774,-0.00325556,0.00535644,0.00938918,-1,-0.357096,-0.678548,-0.00779485,2.47402e-05,-0.00781959,-0.0137329,3,False,False,False,i
2023-01-27,4084,114.609,0.00227008,-0.00176919,0.00619463,0.01035,-1,-0.412975,-0.706488,-0.00274084,6.22605e-06,-0.00274706,-0.00403927,2,False,False,False,i
2023-01-30,4033.25,114.297,-0.0124265,-0.00272665,0.00320553,0.00802302,-1,-0.213702,-0.606851,0.00685285,2.22889e-05,0.00683056,0.00969989,1,False,False,False,i
2023-01-31,4090.25,114.812,0.0141325,0.00451128,0.00502725,0.0102925,-1,-0.33515,-0.667575,-0.00583866,1.35254e-05,-0.00585219,-0.00962125,0,True,False,False,i
2023-02-01,4134.5,115.516,0.0108184,0.00612412,0.00605335,0.0113991,1,-0.403557,0.298222,-0.00313379,0.000214409,-0.0033482,-0.00469429,18,False,True,False,i
2023-02-02,4192.75,115.469,0.0140888,-0.000405789,0.00931161,0.00345009,0,-0.620774,-0.310387,0.00432259,0.00013454,0.00418805,-0.0144946,17,False,False,False,i
2023-02-03,4147.75,114.391,-0.0107328,-0.00933694,0.0076777,0.00311262,0,-0.511846,-0.255923,0.00043326,1.20793e-05,0.000421181,0.00139587,16,False,False,False,i
2023-02-06,4122.75,113.438,-0.00602736,-0.0083322,0.00557506,0.00366818,0,-0.371671,-0.185835,-0.00058986,1.55732e-05,-0.000605433,-0.00230483,15,False,False,False,i
2023-02-07,4175,113.266,0.0126736,-0.00151515,0.00891834,0.00703911,0,-0.594556,-0.297278,-0.00263677,2.46673e-05,-0.00266144,-0.0141887,14,False,False,False,i
2023-02-08,4129.25,113.547,-0.0109581,0.0024831,0.00451098,0.00381451,0,-0.300732,-0.150366,0.00399577,3.26275e-05,0.00396314,0.0134412,13,False,False,False,i
2023-02-09,4092,113.109,-0.00902101,-0.00385303,0.00279291,0.00256954,0,-0.186194,-0.0930972,0.000777087,1.27541e-05,0.000764333,0.00516797,12,False,False,False,i
2023-02-10,4100,112.672,0.00195503,-0.00386794,0.00423545,0.00396452,0,-0.282363,-0.141182,-0.000542102,1.07023e-05,-0.000552804,-0.00582297,11,False,False,False,i
2023-02-13,4148.25,112.844,0.0117683,0.00152545,0.00660641,0.00639577,0,-0.440427,-0.220214,-0.0014461,1.75275e-05,-0.00146363,-0.0102428,10,False,False,False,i
2023-02-14,4146.25,112.312,-0.000482131,-0.00470784,0.00752311,0.00740653,0,-0.501541,-0.25077,-0.000930558,6.77781e-06,-0.000937336,-0.00422571,9,False,False,False,i
2023-02-15,4158.75,112.094,0.00301477,-0.00194769,0.00839473,0.00858864,0,-0.559648,-0.279824,-0.00124444,6.43852e-06,-0.00125088,-0.00496246,8,False,False,False,i
2023-02-16,4099.75,111.781,-0.014187,-0.00278784,0.00486646,0.00584661,0,-0.32443,-0.162215,0.00318975,2.6177e-05,0.00316357,0.0113991,7,False,False,False,i
2023-02-17,4088.25,112.062,-0.00280505,0.00251607,0.00258614,0.00457504,0,-0.17241,-0.0862048,0.000863167,1.69327e-05,0.000846235,0.00532112,6,False,False,False,i
2023-02-21,4006.25,111.031,-0.0200575,-0.00920245,-5.36099e-06,0.00193843,0,0.000357399,0.0001787,0.000935756,1.93646e-05,0.000916391,0.010855,5,False,False,False,i
2023-02-22,4000.25,111.172,-0.00149766,0.00126654,5.35681e-05,0.00127584,-1,-0.00357121,-0.501786,-4.93961e-07,0.000112578,-0.000113072,0.0027642,4,False,False,False,i
2023-02-23,4018.75,111.453,0.00462471,0.00252987,0.000579872,0.00177617,-1,-0.0386582,-0.519329,-0.00105116,3.92891e-06,-0.00105509,-0.00209484,3,False,False,False,i
2023-02-24,3975.75,110.906,-0.0106998,-0.00490677,-0.000683171,0.000376155,-1,0.0455447,-0.477228,0.00300851,9.46045e-06,0.00299905,0.00579307,2,False,False,False,i
2023-02-27,3988.25,111.141,0.00314406,0.00211327,-0.000382425,0.000622793,-1,0.025495,-0.487252,-0.000491921,2.25043e-06,-0.000494172,-0.00103079,1,False,False,False,i
2023-02-28,3972,111.219,-0.00407447,0.000702938,-0.00128841,-0.000525676,1,0.0858939,0.542947,0.0023278,0.000231561,0.00209624,0.00477741,0,True,False,False,i
2023-03-01,3957.75,110.984,-0.00358761,-0.00615643,-0.000624262,9.39701e-05,1,0.0416175,0.520809,0.00139473,4.98169e-06,0.00138975,0.00256882,22,False,True,False,i
2023-03-02,3986.25,110.531,0.00720106,-0.00408278,0.00214518,0.00270086,0,-0.143012,-0.071506,0.00587672,0.000132987,0.00574374,-0.0112838,21,False,False,False,i
2023-03-03,4049.25,111.141,0.0158043,0.00551315,0.00447816,0.00513658,0,-0.298544,-0.149272,-0.000735881,1.73751e-05,-0.000753256,-0.0102912,20,False,False,False,i
2023-03-06,4052.25,111.031,0.000740878,-0.000984114,0.00440166,0.00554873,0,-0.293444,-0.146722,-0.000257493,5.69565e-07,-0.000258062,-0.00172499,19,False,False,False,i
2023-03-07,3989.5,110.953,-0.0154852,-0.000703631,0.000674289,0.00198359,0,-0.0449526,-0.0224763,0.00216879,2.78887e-05,0.0021409,0.0147816,18,False,False,False,i
2023-03-08,3995.5,110.906,0.00150395,-0.000422476,0.00121774,0.00244482,0,-0.0811824,-0.0405912,-4.32989e-05,4.06423e-06,-4.73631e-05,-0.00192642,17,False,False,False,i
2023-03-09,3920.25,111.531,-0.0188337,0.00563539,-0.00439033,-0.0034695,0,0.292689,0.146344,0.000993229,4.2192e-05,0.000951038,0.0244691,16,False,False,False,i
2023-03-10,3862.5,113.172,-0.0147312,0.01471,-0.0112717,-0.0105757,0,0.751445,0.375722,-0.00430855,5.20163e-05,-0.00436057,-0.0294412,15,False,False,False,i
2023-03-13,3857,114.5,-0.00142395,0.0117355,-0.0111792,-0.0137477,0,0.745279,0.37264,-0.00494429,6.99377e-07,-0.00494499,-0.0131594,14,False,False,False,i
2023-03-14,3919,113.656,0.0160747,-0.007369,-0.0018688,-0.00809725,0,0.124587,0.0622934,0.00873604,7.00532e-05,0.00866599,0.0234437,13,False,False,False,i
2023-03-15,3928.75,115.25,-0.00607172,0.0140225,-0.00549609,-0.0129408,0,0.366406,0.183203,-0.00125174,2.7271e-05,-0.00127901,-0.0200943,12,False,False,False,i
2023-03-16,3994.75,114.312,0.0167992,-0.00813449,0.000658158,-0.00693539,0,-0.0438772,-0.0219386,0.00456793,4.60279e-05,0.0045219,0.0249337,11,False,False,False,i
2023-03-17,3948,115.531,-0.0117029,0.0106616,-0.00508395,-0.0123469,0,0.33893,0.169465,0.000490645,4.31043e-05,0.00044754,-0.0223644,10,False,False,False,i
2023-03-20,3984.5,115.047,0.00924519,-0.00419259,-0.00165178,-0.0091027,0,0.110119,0.0550593,0.00227723,2.569e-05,0.00225154,0.0134378,9,False,False,False,ii
2023-03-21,4038.5,114.172,0.0135525,-0.0076056,0.00353148,-0.00401291,0,-0.235432,-0.117716,0.00116495,3.86346e-05,0.00112632,0.0211581,8,False,False,False,ii
2023-03-22,3969,115.438,-0.0172094,0.0110853,-0.00347423,-0.0108655,0,0.231615,0.115808,0.00333073,5.25022e-05,0.00327823,-0.0282946,7,False,False,False,ii
2023-03-23,3975.75,116.156,0.00170068,0.00622631,-0.00439054,-0.011957,0,0.292703,0.146351,-0.000524103,6.86335e-06,-0.000530966,-0.00452563,6,False,False,False,ii
2023-03-24,4002.5,116.109,0.00672829,-0.000403551,-0.00263799,-0.0102359,0,0.175866,0.087933,0.00104375,1.30995e-05,0.00103065,0.00713184,5,False,False,False,ii
2023-03-27,4010.25,114.938,0.00193629,-0.0100929,0.000173977,-0.00731676,1,-0.0115985,0.494201,0.00105776,9.10448e-05,0.000966714,0.0120291,4,False,False,False,ii
2023-03-28,4001.25,114.719,-0.00224425,-0.00190321,-1.939e-05,-0.00739927,1,0.00129267,0.500646,-0.000168543,1.44547e-06,-0.000169988,-0.000341041,3,False,False,False,ii
2023-03-29,4058.75,114.516,0.0143705,-0.00177063,0.00345551,-0.00353253,1,-0.230367,0.384816,0.008081,2.58609e-05,0.00805514,0.0161411,2,False,False,False,ii
2023-03-30,4080.75,114.562,0.00542039,0.000409333,0.00450273,-0.00233048,1,-0.300182,0.349909,0.00192834,7.78062e-06,0.00192055,0.00501106,1,False,False,False,ii
2023-03-31,4138,115.047,0.0140293,0.00422804,0.00489726,2.79575e-06,-1,-0.326484,-0.663242,0.00342954,0.000224864,0.00320468,0.00980124,0,True,False,False,ii
2023-04-03,4153.5,115.516,0.00374577,0.00407443,0.00379225,-7.57767e-05,-1,-0.252817,-0.626408,0.000217978,8.16574e-06,0.000209812,0.000328655,18,False,True,False,ii
2023-04-04,4130.25,116.156,-0.00559769,0.00554579,1.9754e-05,-0.00267749,0,-0.00131693,-0.000658466,0.00698037,0.000138961,0.00684141,-0.0111435,17,False,False,False,ii
2023-04-05,4117.25,116.438,-0.00314751,0.00242131,-0.00121477,-0.00401816,0,0.0809845,0.0404922,3.66687e-06,9.14722e-06,-5.48034e-06,-0.00556882,16,False,False,False,ii
2023-04-06,4132.5,116.484,0.00370393,0.000402576,-6.32859e-05,-0.00322511,0,0.00421906,0.00210953,0.000133679,8.5223e-06,0.000125157,0.00330135,15,False,False,False,ii
2023-04-10,4137.5,115.484,0.00120992,-0.00858484,0.00226344,-0.00086168,0,-0.150896,-0.0754479,2.06623e-05,1.72141e-05,3.44822e-06,0.00979476,14,False,False,False,ii
2023-04-11,4137.75,115.438,6.0423e-05,-0.000405899,0.0022845,-0.000749669,0,-0.1523,-0.0761499,-3.5183e-05,1.55799e-07,-3.53388e-05,0.000466322,13,False,False,False,ii
2023-04-12,4120.75,115.75,-0.00410851,0.00270709,0.000394505,-0.00238869,0,-0.0263003,-0.0131502,0.000519008,1.40003e-05,0.000505007,-0.00681561,12,False,False,False,ii
2023-04-13,4173.25,115.5,0.0127404,-0.00215983,0.00400781,0.00117039,0,-0.267187,-0.133594,-0.00019594,2.6663e-05,-0.000222603,0.0149002,11,False,False,False,ii
2023-04-14,4163.25,114.938,-0.00239621,-0.00487013,0.00439117,0.00176556,0,-0.292745,-0.146372,-0.000330499,2.83094e-06,-0.00033333,-0.00247392,10,False,False,False,ii
2023-04-17,4177.25,114.344,0.00336276,-0.00516585,0.0062533,0.00380946,0,-0.416887,-0.208443,-0.00124835,1.37369e-05,-0.00126209,-0.00852861,9,False,False,False,ii
2023-04-18,4179.25,114.422,0.000478784,0.000683247,0.00571775,0.00376058,0,-0.381184,-0.190592,4.2619e-05,3.95017e-06,3.86688e-05,0.000204463,8,False,False,False,ii
2023-04-19,4178.5,114.203,-0.000179458,-0.00191178,0.00512243,0.00417537,0,-0.341495,-0.170748,-0.000330167,4.3913e-06,-0.000334559,-0.00173233,7,False,False,False,ii
2023-04-20,4153.5,114.719,-0.00598301,0.00451498,0.00259357,0.0016602,0,-0.172904,-0.0864522,0.00179251,1.86876e-05,0.00177382,0.010498,6,False,False,False,ii
2023-04-21,4156,114.469,0.000601902,-0.00217924,0.00335686,0.00232708,0,-0.223791,-0.111895,-0.000240436,5.63954e-06,-0.000246076,-0.00278114,5,False,False,False,ii
2023-04-24,4160.5,114.891,0.00108277,0.0036855,0.00282223,0.00170497,-1,-0.188149,-0.594074,0.000291234,0.000106841,0.000184393,0.00260273,4,False,False,False,ii
2023-04-25,4093.5,115.922,-0.0161038,0.00897593,-0.00319493,-0.00434253,1,0.212995,0.606498,0.0148992,0.000267344,0.0146319,0.0250798,3,False,False,False,ii
2023-04-26,4074.75,115.5,-0.00458043,-0.0036393,-0.00318936,-0.00457015,1,0.212624,0.606312,-0.000570792,4.13934e-08,-0.000570833,-0.000941128,2,False,False,False,ii
2023-04-27,4154.25,114.734,0.0195104,-0.00662879,0.00478527,0.00167083,-1,-0.319018,-0.659509,0.0158485,0.000280607,0.0155679,0.0261392,1,False,False,False,ii
2023-04-28,4189.5,115.453,0.00848529,0.00626447,0.00507303,0.00219907,-1,-0.338202,-0.669101,-0.00146465,2.12089e-06,-0.00146677,-0.00222082,0,True,False,False,ii
2023-05-01,4184.75,114.406,-0.00113379,-0.00906753,0.00540297,0.00410783,-1,-0.360198,-0.680099,-0.00530848,2.43265e-06,-0.00531091,-0.00793375,21,False,True,False,ii
2023-05-02,4137.25,115.641,-0.0113507,0.0107894,2.67002e-05,-0.00532692,0,-0.00178001,-0.000890007,0.0150575,0.000150755,0.0149067,0.0221401,20,False,False,False,ii
2023-05-03,4107.5,116.328,-0.00719077,0.00594514,-0.0027949,-0.00849908,0,0.186327,0.0931633,1.16911e-05,2.09219e-05,-9.23084e-06,-0.0131359,19,False,False,False,ii
2023-05-04,4077.25,116.375,-0.00736458,0.000402955,-0.00404306,-0.0103838,0,0.269537,0.134769,-0.000723649,9.27604e-06,-0.000732925,-0.00776753,18,False,False,False,ii
2023-05-05,4151.75,115.797,0.0182721,-0.00496778,0.00273882,-0.00480919,0,-0.182588,-0.091294,0.00313201,5.01228e-05,0.00308189,0.0232399,17,False,False,False,ii
2023-05-08,4153.25,115.219,0.000361293,-0.00499258,0.00398189,-0.0035169,0,-0.265459,-0.13273,-0.000488776,9.18612e-06,-0.000497963,0.00535387,16,False,False,False,ii
2023-05-09,4134.5,115.094,-0.00451454,-0.00108489,0.00194241,-0.00434498,0,-0.129494,-0.0647469,0.000455215,1.50923e-05,0.000440123,-0.00342964,15,False,False,False,ii
2023-05-10,4152.5,115.844,0.00435361,0.00651643,0.00122827,-0.00486319,0,-0.0818846,-0.0409423,0.000140036,5.27769e-06,0.000134758,-0.00216282,14,False,False,False,ii
2023-05-11,4144,116.078,-0.00204696,0.0020232,0.000271981,-0.00584428,0,-0.0181321,-0.00906604,0.000166642,7.07164e-06,0.00015957,-0.00407016,13,False,False,False,ii
2023-05-12,4138,115.453,-0.00144788,-0.0053843,0.00134604,-0.00489217,0,-0.089736,-0.044868,-3.56878e-05,7.94606e-06,-4.36339e-05,0.00393643,12,False,False,False,ii
2023-05-15,4151.5,115.297,0.00326245,-0.00135336,0.0024672,-0.00378152,0,-0.16448,-0.0822401,-0.000207102,8.28633e-06,-0.000215388,0.00461581,11,False,False,False,ii
2023-05-16,4123,115,-0.00686499,-0.00257487,0.00139189,-0.00481966,0,-0.0927927,-0.0463964,0.00035282,7.96416e-06,0.000344855,-0.00429011,10,False,False,False,ii
2023-05-17,4172.25,114.594,0.0119452,-0.00353261,0.0050812,-0.00111149,0,-0.338747,-0.169373,-0.000718113,2.72258e-05,-0.000745339,0.0154778,9,False,False,False,ii
2023-05-18,4211.25,113.922,0.00934747,-0.0058631,0.00856188,0.00253059,0,-0.570792,-0.285396,-0.00257627,2.56141e-05,-0.00260188,0.0152106,8,False,False,False,ii
2023-05-19,4204.5,113.484,-0.00160285,-0.00384035,0.00839067,0.00306778,0,-0.559378,-0.279689,-0.000638574,1.26053e-06,-0.000639835,-0.0022375,7,False,False,False,ii
2023-05-22,4205.75,113.422,0.000297301,-0.000550737,0.00658915,0.00327079,0,-0.439276,-0.219638,-0.000237187,1.32625e-05,-0.000250449,-0.000848037,6,False,False,False,ii
2023-05-23,4158,113.578,-0.0113535,0.0013776,0.00293487,0.000204465,0,-0.195658,-0.0978291,0.00279624,2.69952e-05,0.00276924,0.0127311,5,False,False,False,ii
2023-05-24,4126.75,113.266,-0.00751563,-0.00275141,0.00190639,-0.000945204,1,-0.127093,0.436454,0.00046608,0.00011868,0.0003474,0.00476422,4,False,False,False,ii
2023-05-25,4160,112.562,0.00805719,-0.00620775,0.00562714,0.00247307,-1,-0.375143,-0.687571,0.00622599,0.000249069,0.00597692,0.0142649,3,False,False,False,ii
2023-05-26,4213.5,112.562,0.0128606,0,0.00858937,0.00552949,-1,-0.572625,-0.786312,-0.00884256,2.17953e-05,-0.00886436,-0.0128606,2,False,False,False,ii
2023-05-30,4215,113.297,0.000355999,0.00652415,0.0065081,0.00406024,-1,-0.433873,-0.716937,0.0048501,1.53118e-05,0.00483478,0.00616815,1,False,False,False,ii
2023-05-31,4191.25,113.609,-0.00563464,0.00275824,0.00308522,0.00204825,-1,-0.205681,-0.602841,0.00601716,2.52249e-05,0.00599194,0.00839288,0,True,False,False,ii
2023-06-01,4228.75,114.734,0.00894721,0.00259421,0.00480788,0.00356064,1,-0.320525,0.339737,-0.00382985,0.000207832,-0.00403768,-0.006353,20,False,True,False,ii
2023-06-02,4289.25,113.844,0.0143068,-0.00776249,0.0100703,0.00526777,0,-0.671356,-0.335678,0.00749777,0.000148293,0.00734948,-0.0220693,19,False,False,False,ii
2023-06-05,4280.5,113.859,-0.00203998,0.00013725,0.00908845,0.00474698,0,-0.605897,-0.302948,0.000730849,7.19043e-06,0.000723659,0.00217723,18,False,False,False,ii
2023-06-06,4289.75,113.812,0.00216096,-0.000411692,0.00516593,0.00536121,0,-0.344395,-0.172198,-0.000779381,2.87064e-05,-0.000808088,-0.00257265,17,False,False,False,ii
2023-06-07,4274.5,113.141,-0.00355499,-0.00590335,0.0057058,0.00592476,0,-0.380387,-0.190193,-0.000404383,3.95519e-06,-0.000408338,-0.00234836,16,False,False,False,ii
2023-06-08,4297.75,113.734,0.00543923,0.00524789,0.00572948,0.0059702,0,-0.381965,-0.190983,-3.63914e-05,1.73157e-07,-3.65645e-05,-0.000191339,15,False,False,False,ii
2023-06-09,4305,113.375,0.00168693,-0.00315977,0.0061151,0.00712771,0,-0.407673,-0.203837,-0.000925636,2.81916e-06,-0.000928455,-0.0048467,14,False,False,False,ii
2023-06-12,4343.5,113.531,0.00894309,0.00137817,0.00786557,0.00892141,0,-0.524371,-0.262186,-0.00154201,1.27634e-05,-0.00155477,-0.00756492,13,False,False,False,ii
2023-06-13,4371,112.766,0.0063313,-0.00674374,0.0102463,0.0120313,0,-0.683088,-0.341544,-0.00342809,1.73269e-05,-0.00344541,-0.013075,12,False,False,False,ii
2023-06-14,4419.5,112.828,0.000735918,0.000554247,0.007445,0.0120744,0,-0.496334,-0.248167,-6.20488e-05,2.03221e-05,-8.23709e-05,-0.000181672,11,False,False,False,ii
2023-06-15,4472.75,113.531,0.0120489,0.00623182,0.00642741,0.0134422,0,-0.428494,-0.214247,-0.0014436,7.35651e-06,-0.00145096,-0.00581705,10,False,False,False,ii
2023-06-16,4455.75,113.062,-0.00380079,-0.00412882,0.00645283,0.0135203,0,-0.430188,-0.215094,-7.02785e-05,1.83922e-07,-7.04624e-05,-0.000328025,9,False,False,False,ii
2023-06-20,4434,113.297,-0.00488133,0.00207297,0.0042287,0.0118677,0,-0.281914,-0.140957,0.00149583,1.61195e-05,0.00147971,0.0069543,8,False,False,False,ii
2023-06-21,4409.5,113.328,-0.00552548,0.000275824,0.00242568,0.0104854,0,-0.161712,-0.0808559,0.000817734,1.30887e-05,0.000804645,0.00580131,7,False,False,False,ii
2023-06-22,4423.75,112.75,0.00323166,-0.00510134,0.00459295,0.012467,0,-0.306197,-0.153098,-0.000673772,1.57181e-05,-0.00068949,-0.008333,6,False,False,False,ii
2023-06-23,4390.25,113.062,-0.00757276,0.00277162,0.00203462,0.010003,0,-0.135642,-0.0678208,0.00158371,1.85954e-05,0.00156511,0.0103444,5,False,False,False,ii
2023-06-26,4371.25,113.266,-0.00432777,0.00179657,0.0006794,0.00854315,-1,-0.0452933,-0.522647,0.000415358,9.9304e-05,0.000316054,0.00612434,4,False,False,False,ii
2023-06-27,4418,112.875,0.0106949,-0.00344875,0.00424781,0.0118951,-1,-0.283187,-0.641594,-0.00739212,2.58896e-05,-0.00741801,-0.0141436,3,False,False,False,ii
2023-06-28,4420.75,113.234,0.000622454,0.00318383,0.00343824,0.0112878,-1,-0.229216,-0.614608,0.00164336,5.87251e-06,0.00163749,0.00256138,2,False,False,False,ii
2023-06-29,4436.5,112.219,0.00356274,-0.00896923,0.00635843,0.0142695,-1,-0.423895,-0.711948,-0.00770225,2.11609e-05,-0.00772341,-0.012532,1,False,False,False,ii
2023-06-30,4486.25,112.312,0.0112138,0.000835422,0.00870216,0.016711,-1,-0.580144,-0.790072,-0.00738886,1.69289e-05,-0.00740579,-0.0103784,0,True,False,False,ii
2023-07-03,4492,111.906,0.00128169,-0.00361714,0.00937697,0.0178697,1,-0.625131,0.187434,-0.00387043,0.00021174,-0.00408217,-0.00489883,19,False,True,False,ii
2023-07-05,4483.75,111.453,-0.0018366,-0.00404915,0.00603028,0.000532461,0,-0.402019,-0.201009,0.000414708,8.41863e-05,0.000330522,-0.00221255,18,False,False,False,ii
2023-07-06,4446.5,110.641,-0.00830778,-0.00729006,0.00545338,0.000286373,0,-0.363559,-0.181779,0.000204571,4.1777e-06,0.000200393,0.00101772,17,False,False,False,ii
2023-07-07,4434.75,110.547,-0.00264253,-0.000847338,0.00479683,-0.0001452,0,-0.319789,-0.159894,0.000326329,4.75818e-06,0.00032157,0.00179519,16,False,False,False,ii
2023-07-10,4445.5,111.141,0.00242404,0.00537102,0.00411167,-0.000850023,0,-0.274111,-0.137056,0.000471207,4.96202e-06,0.000466245,-0.00294699,15,False,False,False,ii
2023-07-11,4473,111.234,0.00618603,0.000843526,0.00541112,0.000427914,0,-0.360741,-0.180371,-0.000732221,9.39402e-06,-0.000741615,0.0053425,14,False,False,False,ii
2023-07-12,4509.25,112.219,0.00810418,0.00884956,0.00518946,0.000250577,0,-0.345964,-0.172982,0.000134444,1.59869e-06,0.000132845,0.000745377,13,False,False,False,ii
2023-07-13,4542.75,113.031,0.00742917,0.00724032,0.00524107,0.000295561,0,-0.349405,-0.174702,-3.26677e-05,3.71451e-07,-3.30392e-05,-0.00018885,12,False,False,False,ii
2023-07-14,4539.25,112.531,-0.000770458,-0.00442356,0.00611398,0.00117405,0,-0.407599,-0.203799,-0.000638205,6.28386e-06,-0.000644489,-0.0036531,11,False,False,False,ii
2023-07-17,4554.5,112.641,0.00335959,0.000971952,0.00664877,0.00174514,0,-0.443252,-0.221626,-0.000486598,3.84618e-06,-0.000490444,-0.00238763,10,False,False,False,ii
2023-07-18,4587.75,112.703,0.00730047,0.000554862,0.00759088,0.00335429,0,-0.506059,-0.253029,-0.001495,6.76152e-06,-0.00150176,-0.00674561,9,False,False,False,ii
2023-07-19,4596,112.984,0.00179827,0.00249549,0.00725041,0.00318777,0,-0.483361,-0.24168,0.000176419,2.44232e-06,0.000173977,0.000697227,8,False,False,False,ii
2023-07-20,4565,112.188,-0.006745,-0.00705297,0.00651187,0.003262,0,-0.434124,-0.217062,-7.44304e-05,5.30803e-06,-7.97385e-05,-0.000307971,7,False,False,False,ii
2023-07-21,4563.75,112.234,-0.000273823,0.000417827,0.00634396,0.00309646,0,-0.422931,-0.211465,0.000150131,1.20684e-06,0.000148924,0.00069165,6,False,False,False,ii
2023-07-24,4584.25,111.953,0.00449192,-0.00250592,0.00801749,0.00476867,0,-0.5345,-0.26725,-0.0014798,1.20136e-05,-0.00149181,-0.00699784,5,False,False,False,ii
2023-07-25,4595.25,111.734,0.00239952,-0.00195394,0.00898975,0.00580855,-1,-0.599316,-0.799658,-0.00116346,0.000114581,-0.00127804,-0.00435346,4,False,False,False,ii
2023-07-26,4596.25,112.078,0.000217616,0.00307649,0.00734707,0.00512675,-1,-0.489805,-0.744902,0.00228612,1.17834e-05,0.00227434,0.00285888,3,False,False,False,ii
2023-07-27,4563.5,111.094,-0.00712537,-0.00878294,0.00598863,0.00552593,-1,-0.399242,-0.699621,-0.00123472,9.7643e-06,-0.00124449,-0.00165756,2,False,False,False,ii
2023-07-28,4606.75,111.406,0.00947737,0.00281294,0.0075534,0.007107,-1,-0.50356,-0.75178,-0.00466258,1.12173e-05,-0.0046738,-0.00666444,1,False,False,False,ii
2023-07-31,4616,111.484,0.00200792,0.000701262,0.00780335,0.00741821,-1,-0.520224,-0.760112,-0.000982322,1.79081e-06,-0.000984112,-0.00130666,0,True,False,False,ii
2023-08-01,4601,111,-0.00324957,-0.00434478,0.00569128,0.00768034,1,-0.379419,0.310291,-0.000832484,0.000230282,-0.00106277,-0.00109521,22,False,True,False,ii
2023-08-02,4536.25,110.844,-0.014073,-0.00140766,0.00262893,-0.00306732,0,-0.175262,-0.0876311,-0.00392995,8.59528e-05,-0.0040159,0.0126654,21,False,False,False,ii
2023-08-03,4520.25,110.25,-0.00352714,-0.00535664,0.00284004,-0.00262525,0,-0.189336,-0.0946679,-0.000160321,1.52153e-06,-0.000161842,0.0018295,20,False,False,False,ii
2023-08-04,4499.25,111.234,-0.00464576,0.00892857,-0.000333127,-0.00588745,0,0.0222085,0.0111042,0.00128505,2.29009e-05,0.00126215,-0.0135743,19,False,False,False,ii
2023-08-07,4538.25,111.031,0.00866811,-0.0018261,0.00229962,-0.00336795,0,-0.153308,-0.076654,0.00011653,1.89538e-05,9.75764e-05,0.0104942,18,False,False,False,ii
2023-08-08,4517.25,111.453,-0.00462733,0.00379961,0.000387317,-0.00539849,0,-0.0258212,-0.0129106,0.000645959,1.37854e-05,0.000632174,-0.00842694,17,False,False,False,ii
2023-08-09,4486.25,111.406,-0.00686258,-0.00042058,-0.00108676,-0.00695797,0,0.0724506,0.0362253,8.317e-05,1.06474e-05,7.25226e-05,-0.006442,16,False,False,False,ii
2023-08-10,4486.25,110.703,0,-0.00631136,0.000767717,-0.00543084,0,-0.0511812,-0.0255906,0.000228631,1.3395e-05,0.000215236,0.00631136,15,False,False,False,ii
2023-08-11,4482,110.156,-0.000947339,-0.00494001,0.00208301,-0.0044659,0,-0.138867,-0.0694336,-0.000102175,9.50303e-06,-0.000111678,0.00399268,14,False,False,False,ii
2023-08-14,4506.75,109.953,0.00552209,-0.00184397,0.00371096,-0.00269612,0,-0.247398,-0.123699,-0.000511452,1.17434e-05,-0.000523195,0.00736606,13,False,False,False,ii
2023-08-15,4454,109.812,-0.0117047,-0.00127895,0.000966604,-0.0052228,0,-0.0644403,-0.0322201,0.00128965,1.98641e-05,0.00126978,-0.0104257,12,False,False,False,ii
2023-08-16,4419.75,109.484,-0.00768972,-0.00298805,-4.12662e-05,-0.00636258,0,0.00275108,0.00137554,0.000151488,7.31147e-06,0.000144177,-0.00470167,11,False,False,False,ii
2023-08-17,4383.5,109.391,-0.00820182,-0.000856287,-0.00162877,-0.00814385,0,0.108585,0.0542923,-1.01041e-05,1.15441e-05,-2.16482e-05,-0.00734553,10,False,False,False,ii
2023-08-18,4384.75,109.656,0.00028516,0.00242822,-0.00196304,-0.00866093,0,0.130869,0.0654345,-0.000116352,2.43053e-06,-0.000118782,-0.00214306,9,False,False,False,ii
2023-08-21,4412.75,109.078,0.00638577,-0.00527216,0.00140947,-0.00584827,0,-0.0939649,-0.0469825,0.000762831,2.44768e-05,0.000738354,0.0116579,8,False,False,False,ii
2023-08-22,4399.75,109.047,-0.00294601,-0.000286492,0.000659617,-0.00649077,0,-0.0439745,-0.0219872,0.000124951,5.44694e-06,0.000119504,-0.00265952,7,False,False,False,ii
2023-08-23,4448,109.953,0.0109665,0.00831065,0.00125182,-0.0058563,0,-0.0834549,-0.0417274,-5.83956e-05,4.28814e-06,-6.26837e-05,0.00265589,6,False,False,False,ii
2023-08-24,4385,109.594,-0.0141637,-0.00326844,-0.00141028,-0.00850939,0,0.0940185,0.0470093,0.00045463,1.93564e-05,0.000435274,-0.0108952,5,False,False,False,ii
2023-08-25,4415,109.469,0.00684151,-0.00114058,0.000601938,-0.00658756,1,-0.0401292,0.479935,0.000375232,9.42478e-05,0.000280984,0.00798208,4,False,False,False,ii
2023-08-28,4441.75,109.703,0.00605889,0.00214102,0.00149609,-0.00564649,1,-0.0997391,0.45013,0.00188032,6.47714e-06,0.00187385,0.00391787,3,False,False,False,ii
2023-08-29,4506,110.391,0.014465,0.00626691,0.00340328,-0.00369172,1,-0.226885,0.386557,0.00369022,1.37584e-05,0.00367646,0.00819811,2,False,False,False,ii
2023-08-30,4524,110.375,0.00399467,-0.000141543,0.00431592,-0.00269834,1,-0.287728,0.356136,0.00159888,6.57621e-06,0.00159231,0.00413622,1,False,False,False,ii
2023-08-31,4514.25,111.016,-0.00215517,0.00155061,0.00309337,-0.00359029,1,-0.206224,0.396888,-0.00131976,8.8148e-06,-0.00132858,-0.00370578,0,True,False,False,ii
2023-09-01,4522.75,110.5,0.00188293,-0.00464462,0.00441131,-0.00201789,-1,-0.294087,-0.647044,0.0025907,0.000225686,0.00236502,0.00652754,19,False,True,False,ii
2023-09-05,4502.25,109.984,-0.00453264,-0.00466629,0.00438311,3.22236e-05,0,-0.292207,-0.146104,-8.64768e-05,0.000108439,-0.000194915,0.000133649,18,False,False,False,ii
2023-09-06,4471,109.672,-0.00694097,-0.00284131,0.00339648,-0.000956912,0,-0.226432,-0.113216,0.000598975,7.13349e-06,0.000591842,0.00409966,17,False,False,False,ii
2023-09-07,4455.25,109.969,-0.0035227,0.00270694,0.00194235,-0.00245475,0,-0.12949,-0.0647448,0.000705295,1.05244e-05,0.000694771,-0.00622964,16,False,False,False,ii
2023-09-08,4461.5,109.938,0.00140284,-0.000284172,0.00240377,-0.00204934,0,-0.160252,-0.0801258,-0.000109225,3.33826e-06,-0.000112564,0.00168701,15,False,False,False,ii
2023-09-11,4490.5,109.812,0.00650006,-0.00113701,0.00426351,-0.000219622,0,-0.284234,-0.142117,-0.000611926,1.34293e-05,-0.000625355,0.00763707,14,False,False,False,ii
2023-09-12,4464.75,109.875,-0.00573433,0.000569152,0.00268107,-0.00173761,0,-0.178738,-0.0893689,0.000895831,1.14459e-05,0.000884385,-0.00630348,13,False,False,False,ii
2023-09-13,4518,110,0.000997009,0.00113766,0.00269383,-0.00177138,0,-0.179589,-0.0897944,1.25695e-05,9.20176e-08,1.24775e-05,-0.000140647,12,False,False,False,ii
2023-09-14,4555,109.75,0.00818946,-0.00227273,0.00519003,0.000733239,0,-0.346002,-0.173001,-0.000939446,1.79518e-05,-0.000957398,0.0104622,11,False,False,False,ii
2023-09-15,4497.75,109.469,-0.0125686,-0.00256264,0.00268233,-0.00168747,0,-0.178822,-0.0894109,0.00173104,1.81e-05,0.00171294,0.010006,10,False,False,False,ii
2023-09-18,4501,109.484,0.000722584,0.000142735,0.00265723,-0.00154818,0,-0.177149,-0.0885744,-5.18448e-05,1.81091e-07,-5.20259e-05,0.000579849,9,False,False,False,ii
2023-09-19,4491,109.141,-0.00222173,-0.00313972,0.00287225,-0.00132701,0,-0.191484,-0.0957418,-8.13103e-05,1.55265e-06,-8.2863e-05,0.000917989,8,False,False,False,ii
2023-09-20,4448,109.016,-0.0095747,-0.00114531,0.000833161,-0.00336491,0,-0.0555441,-0.027772,0.000807046,1.4765e-05,0.000792281,-0.00842939,7,False,False,False,ii
2023-09-21,4373,108.406,-0.0168615,-0.0055898,-0.00182526,-0.0061114,0,0.121684,0.0608419,0.000313038,1.93452e-05,0.000293693,-0.0112717,6,False,False,False,ii
2023-09-22,4361.5,108.75,-0.00262977,0.00317094,-0.00273518,-0.00751083,0,0.182345,0.0911726,-0.000352926,6.62659e-06,-0.000359553,-0.00580072,5,False,False,False,ii
2023-09-25,4379.5,108.172,0.00412702,-0.00531609,3.98152e-05,-0.00523146,1,-0.00265435,0.498673,0.000860953,8.89221e-05,0.000772031,0.00944311,4,False,False,False,ii
2023-09-26,4314,108.156,-0.014956,-0.000144446,-0.00352701,-0.00883359,1,0.235134,0.617567,-0.00738614,2.60598e-05,-0.0074122,-0.0148116,3,False,False,False,ii
2023-09-27,4315,107.703,0.000231803,-0.00418954,-0.00232343,-0.00776332,1,0.154895,0.577448,0.00273048,8.79299e-06,0.00272168,0.00442134,2,False,False,False,ii
2023-09-28,4338.25,107.984,0.00538818,0.00261134,-0.00130611,-0.00709557,1,0.0870739,0.543537,0.00160348,7.42035e-06,0.00159606,0.00277684,1,False,False,False,ii
2023-09-29,4326.25,108.031,-0.00276609,0.000434091,-0.00210159,-0.00786913,1,0.140106,0.570053,-0.00173942,5.80703e-06,-0.00174522,-0.00320018,0,True,False,False,ii
2023-10-02,4324.75,107.328,-0.000346721,-0.00650853,-0.00058659,-0.00637671,-1,0.039106,-0.480447,0.00351256,0.000230084,0.00328248,0.00616181,21,False,True,False,ii
2023-10-03,4266.5,106.609,-0.013469,-0.00669675,-0.00228736,-0.00164301,0,0.152491,0.0762453,0.0032537,0.00012242,0.00313128,-0.00677223,20,False,False,False,ii
2023-10-04,4296.25,107.156,0.00697293,0.00512971,-0.00177365,-0.00120279,0,0.118243,0.0591217,0.000140537,3.75782e-06,0.000136779,0.00184322,19,False,False,False,ii
2023-10-05,4291.5,107.328,-0.00110562,0.00160397,-0.00244177,-0.00185374,0,0.162785,0.0813924,-0.000160195,4.88896e-06,-0.000165084,-0.00270958,18,False,False,False,ii
2023-10-06,4342,106.797,0.0117674,-0.00494977,0.00158282,0.00214434,0,-0.105521,-0.0527606,0.00136065,2.93481e-05,0.00133131,0.0167172,17,False,False,False,ii
2023-10-09,4370,107.922,0.00644864,0.010534,0.000457909,0.00117346,0,-0.0305273,-0.0152636,0.000215547,8.18756e-06,0.000207359,0.00408537,16,False,False,False,ii
2023-10-10,4391.5,107.75,0.00491991,-0.00159259,0.0017596,0.0027313,0,-0.117307,-0.0586533,-9.94043e-05,9.46062e-06,-0.000108865,-0.0065125,15,False,False,False,ii
2023-10-11,4408.75,108.094,0.00392804,0.00319026,0.00187578,0.00290732,0,-0.125052,-0.062526,-4.32736e-05,8.43449e-07,-4.41171e-05,-0.000737788,14,False,False,False,ii
2023-10-12,4380.75,107.281,-0.00635101,-0.00751662,0.00208346,0.0031883,0,-0.138897,-0.0694486,-7.28814e-05,1.51046e-06,-7.43919e-05,-0.00116562,13,False,False,False,ii
2023-10-13,4358,107.75,-0.00519317,0.00436936,-0.000387538,0.000896281,0,0.0258359,0.0129179,0.000664104,1.79995e-05,0.000646105,0.00956253,12,False,False,False,ii
2023-10-16,4402.5,107.219,0.0102111,-0.00493039,0.003331,0.00451244,0,-0.222067,-0.111033,0.000195597,2.70065e-05,0.000168591,-0.0151415,11,False,False,False,ii
2023-10-17,4402.5,106.25,0,-0.00903527,0.00530022,0.00668031,0,-0.353348,-0.176674,-0.00100322,1.43018e-05,-0.00101752,-0.00903527,10,False,False,False,ii
2023-10-18,4343,105.891,-0.013515,-0.00338235,0.00233694,0.00423919,0,-0.155796,-0.0778981,0.00179018,2.16073e-05,0.00176858,0.0101327,9,False,False,False,ii
2023-10-19,4301.5,105.469,-0.00955561,-0.00398406,0.000762198,0.00289698,0,-0.0508132,-0.0254066,0.000434013,1.15152e-05,0.000422498,0.00557154,8,False,False,False,ii
2023-10-20,4248.5,106.062,-0.0123213,0.00562963,-0.0033663,-0.00142312,0,0.22442,0.11221,0.000456072,3.03011e-05,0.000425771,0.0179509,7,False,False,False,ii
2023-10-23,4240.5,106.391,-0.00188302,0.00309369,-0.00386456,-0.0026188,0,0.257638,0.128819,-0.000558437,3.65906e-06,-0.000562096,-0.00497671,6,False,False,False,ii
2023-10-24,4271,106.469,0.00719255,0.000734322,-0.00157067,-0.00107259,0,0.104711,0.0523555,0.000831941,1.68095e-05,0.000815132,0.00645823,5,False,False,False,ii
2023-10-25,4210.25,105.734,-0.0142238,-0.00689756,-0.00342408,-0.00285254,1,0.228272,0.614136,-0.000383571,0.000124032,-0.000507603,-0.00732627,4,False,False,False,ii
2023-10-26,4156.75,106.359,-0.0127071,0.00591104,-0.00785927,-0.00735481,1,0.523951,0.761976,-0.0114341,3.27671e-05,-0.0114668,-0.0186181,3,False,False,False,ii
2023-10-27,4138,106.5,-0.00451074,0.00132217,-0.00840825,-0.00876598,1,0.56055,0.780275,-0.00444453,4.06148e-06,-0.00444859,-0.0058329,2,False,False,False,ii
2023-10-30,4186,106.219,0.0115998,-0.00264085,-0.00163059,-0.00534412,1,0.108706,0.554353,0.0111116,4.99669e-05,0.0110617,0.0142407,1,False,False,False,ii
2023-10-31,4212.25,106.047,0.0062709,-0.00161812,0.000156397,-0.00344838,1,-0.0104265,0.494787,0.00437331,1.31494e-05,0.00436016,0.00788903,0,True,False,False,ii
2023-11-01,4256.5,107.031,0.0105051,0.00928245,-3.17703e-05,-0.00315704,-1,0.00211802,-0.498941,0.000604938,0.000218681,0.000386257,0.00122262,20,False,True,False,ii
2023-11-02,4336.25,107.469,0.0187361,0.00408759,0.00313062,0.00347094,0,-0.208708,-0.104354,-0.00730872,8.63559e-05,-0.00739507,0.0146485,19,False,False,False,ii
2023-11-03,4375,108.234,0.00893629,0.00712416,0.00342734,0.00390103,0,-0.228489,-0.114245,-0.000189103,2.15893e-06,-0.000191262,-0.00181213,18,False,False,False,ii
2023-11-06,4384.5,107.688,0.00217143,-0.00505269,0.00303731,0.00563027,0,-0.202487,-0.101244,-0.000825316,2.83604e-06,-0.000828152,-0.00722412,17,False,False,False,ii
2023-11-07,4396.5,108.125,0.00273691,0.00406268,0.00265426,0.00531465,0,-0.17695,-0.0884752,0.000134225,2.78308e-06,0.000131442,0.00132577,16,False,False,False,ii
2023-11-08,4398.5,108.344,0.000454907,0.00202312,0.00161459,0.00494039,0,-0.107639,-0.0538197,0.000138748,7.55271e-06,0.000131195,0.00156821,15,False,False,False,ii
2023-11-09,4363,107.438,-0.00807093,-0.00836458,0.00170001,0.00501115,0,-0.113334,-0.0566669,-1.5804e-05,6.21968e-07,-1.6426e-05,-0.000293647,14,False,False,False,ii
2023-11-10,4430.25,107.5,0.0154137,0.000581734,0.00521808,0.00852204,0,-0.347872,-0.173936,-0.000840481,2.55038e-05,-0.000865985,-0.014832,13,False,False,False,ii
2023-11-13,4425.5,107.469,-0.00107217,-0.000290698,0.00489559,0.00833573,0,-0.326372,-0.163186,0.000135927,2.33857e-06,0.000133588,0.000781477,12,False,False,False,ii
2023-11-14,4510.75,108.859,0.0192634,0.0129398,0.00539812,0.00981752,0,-0.359875,-0.179937,-0.00103192,3.62416e-06,-0.00103554,-0.00632355,11,False,False,False,ii
2023-11-15,4519.5,108.156,0.00193981,-0.00645902,0.00734979,0.0118186,0,-0.489986,-0.244993,-0.00151126,1.40672e-05,-0.00152533,-0.00839883,10,False,False,False,ii
2023-11-16,4523,108.797,0.000774422,0.00592314,0.00535518,0.0105992,0,-0.357012,-0.178506,0.0012614,1.43735e-05,0.00124703,0.00514872,9,False,False,False,ii
2023-11-17,4528.25,108.75,0.00116073,-0.000430849,0.00459686,0.0109774,0,-0.306457,-0.153229,-0.000284107,5.46275e-06,-0.00028957,-0.00159158,8,False,False,False,ii
2023-11-20,4562.25,108.859,0.00750842,0.00100575,0.00616155,0.0125153,0,-0.41077,-0.205385,-0.000996396,1.12476e-05,-0.00100764,-0.00650267,7,False,False,False,ii
2023-11-21,4551,108.969,-0.00246589,0.00100474,0.00527242,0.0116907,0,-0.351495,-0.175747,0.000712814,6.3959e-06,0.000706418,0.00347063,6,False,False,False,ii
2023-11-22,4566.75,108.859,0.00346078,-0.00100373,0.00604114,0.0127493,0,-0.402743,-0.201371,-0.000784625,5.52431e-06,-0.00079015,-0.00446451,5,False,False,False,ii
2023-11-24,4568.25,108.469,0.000328461,-0.00358835,0.00693621,0.0136798,-1,-0.462414,-0.731207,-0.000788732,0.000114218,-0.00090295,-0.00391681,4,False,False,False,ii
2023-11-27,4560.25,109.031,-0.00175122,0.00518583,0.00504965,0.0120367,-1,-0.336643,-0.668322,0.00507241,1.3563e-05,0.00505885,0.00693704,3,False,False,False,ii
2023-11-28,4563.25,109.484,0.000657859,0.00415592,0.0039095,0.0112078,-1,-0.260633,-0.630317,0.00233783,8.19539e-06,0.00232963,0.00349806,2,False,False,False,ii
2023-11-29,4560,109.969,-0.000712212,0.00442415,0.00281125,0.0099888,-1,-0.187417,-0.593708,0.00323753,7.89577e-06,0.00322964,0.00513636,1,False,False,False,ii
2023-11-30,4574.75,109.891,0.00323465,-0.00382436,0.0046912,0.0116673,-1,-0.312746,-0.656373,-0.00419099,1.35033e-05,-0.0042045,-0.00705901,0,True,False,False,ii
2023-12-01,4601.25,110.703,0.00579267,0.00739372,0.00422796,0.0112895,1,-0.281864,0.359068,0.00105089,0.000218454,0.000832431,0.00160105,19,False,True,False,ii
2023-12-04,4576.75,110.312,-0.00532464,-0.00352858,0.00381121,-0.000433049,0,-0.254081,-0.12704,-0.000644907,0.000104736,-0.000749643,0.00179606,18,False,False,False,ii
2023-12-05,4575.75,110.875,-0.000218496,0.00509915,0.00255835,-0.00170731,0,-0.170556,-0.0852782,0.000675556,8.99858e-06,0.000666558,-0.00531765,17,False,False,False,ii
2023-12-06,4556,111.156,-0.00431623,0.00253664,0.000963863,-0.0033569,0,-0.0642575,-0.0321288,0.000584401,1.14663e-05,0.000572934,-0.00685287,16,False,False,False,ii
2023-12-07,4588.5,111.016,0.00713345,-0.00126511,0.00317689,-0.00134324,0,-0.211793,-0.105896,-0.000269835,1.58823e-05,-0.000285718,0.00839856,15,False,False,False,ii
2023-12-08,4607.75,110.359,0.00419527,-0.00591133,0.00559985,0.0010847,0,-0.373323,-0.186662,-0.00107025,1.73683e-05,-0.00108762,0.0101066,14,False,False,False,ii
2023-12-11,4625,110.359,0.00374369,0,0.00622846,0.00198036,0,-0.415231,-0.207615,-0.000698804,4.50131e-06,-0.000703305,-0.00374369,13,False,False,False,ii
2023-12-12,4646.25,110.562,0.00459459,0.00184058,0.00672143,0.00263792,0,-0.448095,-0.224048,-0.000571777,3.52541e-06,-0.000575302,-0.00275402,12,False,False,False,ii
2023-12-13,4761,111.984,0.01341,0.0128604,0.00667258,0.00276781,0,-0.444839,-0.222419,-0.000123134,3.46977e-07,-0.000123481,-0.000549589,11,False,False,False,ii
2023-12-14,4775.25,112.641,0.00299307,0.00586019,0.00592149,0.00208414,0,-0.394766,-0.197383,0.000637704,5.33062e-06,0.000632373,0.00286712,10,False,False,False,ii
2023-12-15,4766.75,112.484,-0.00178001,-0.00138715,0.00526078,0.00198986,0,-0.350719,-0.175359,7.75432e-05,4.69145e-06,7.28518e-05,0.000392857,9,False,False,False,ii
2023-12-18,4792.75,112.281,0.00545445,-0.00180581,0.00699432,0.00372496,0,-0.466288,-0.233144,-0.00127315,1.22908e-05,-0.00128545,-0.00726026,8,False,False,False,ii
2023-12-19,4820.25,112.438,0.00573783,0.00139159,0.00796003,0.0047606,0,-0.530669,-0.265334,-0.0010133,6.83622e-06,-0.00102014,-0.00434624,7,False,False,False,ii
2023-12-20,4749.75,112.891,-0.0146258,0.00403002,0.00296921,0.000268812,0,-0.197947,-0.0989737,0.00495003,3.54731e-05,0.00491456,0.0186558,6,False,False,False,ii
2023-12-21,4795.25,112.734,0.00957945,-0.00138408,0.00436325,0.00288587,0,-0.290883,-0.145442,-0.0010851,9.88234e-06,-0.00109498,-0.0109635,5,False,False,False,ii
2023-12-22,4805.25,112.656,0.0020854,-0.000693001,0.00492627,0.00355041,-1,-0.328418,-0.664209,-0.000404095,0.000110263,-0.000514358,-0.0027784,4,False,False,False,ii
2023-12-26,4825,112.625,0.00411009,-0.000277393,0.00569442,0.00459775,-1,-0.379628,-0.689814,-0.0029142,5.43622e-06,-0.00291964,-0.00438748,3,False,False,False,ii
2023-12-27,4834.75,113.344,0.00202073,0.0063818,0.00461639,0.00355908,-1,-0.307759,-0.65388,0.00300833,7.62506e-06,0.0030007,0.00436107,2,False,False,False,ii
2023-12-28,4833,112.906,-0.000361963,-0.00385994,0.00536725,0.00439753,-1,-0.357817,-0.678908,-0.00228726,5.31149e-06,-0.00229257,-0.00349798,1,False,False,False,ii
2023-12-29,4818.75,112.734,-0.00294848,-0.00152228,0.00499339,0.00405571,-1,-0.332893,-0.666446,0.000968258,2.64675e-06,0.000965611,0.0014262,0,True,False,False,ii
2024-01-02,4788,112.344,-0.00638132,-0.003465,0.00430605,0.00335454,1,-0.28707,0.356465,0.00194357,0.000217633,0.00172594,0.00291632,20,False,True,False,ii
2024-01-03,4747,112.531,-0.00856307,0.00166898,0.00187557,-0.00246672,0,-0.125038,-0.0625189,-0.00364737,8.93541e-05,-0.00373672,0.0102321,19,False,False,False,ii
2024-01-04,4729.75,111.969,-0.00363387,-0.00499861,0.00229878,-0.00213714,0,-0.153252,-0.0766261,-8.53219e-05,3.01159e-06,-8.83335e-05,0.00136474,18,False,False,False,ii
2024-01-05,4735.5,111.656,0.00121571,-0.00279096,0.0034259,-0.00117347,0,-0.228393,-0.114197,-0.000307015,8.01783e-06,-0.000315033,0.00400667,17,False,False,False,ii
2024-01-08,4801.5,111.938,0.0139373,0.00251889,0.00609579,0.00154419,0,-0.406386,-0.203193,-0.00130394,1.89201e-05,-0.00132286,0.0114184,16,False,False,False,ii
2024-01-09,4793,111.938,-0.00177028,0,0.00556826,0.00111942,0,-0.371218,-0.185609,0.000359709,3.74014e-06,0.000355969,0.00177028,15,False,False,False,ii
2024-01-10,4819.25,111.812,0.00547674,-0.00111669,0.00690513,0.00269587,0,-0.460342,-0.230171,-0.0012238,9.4641e-06,-0.00123326,-0.00659343,14,False,False,False,ii
2024-01-11,4814.75,112.281,-0.000933755,0.00419229,0.00562287,0.00146977,0,-0.374858,-0.187429,0.00117987,9.07986e-06,0.00117079,0.00512604,13,False,False,False,ii
2024-01-12,4816.75,112.578,0.00041539,0.00264403,0.00466378,0.000936253,0,-0.310919,-0.155459,0.000417712,6.79065e-06,0.000410921,0.00222864,12,False,False,False,ii
2024-01-16,4798.5,111.875,-0.00378886,-0.00624566,0.00527436,0.00152825,0,-0.351624,-0.175812,-0.000381933,4.32758e-06,-0.00038626,-0.0024568,11,False,False,False,ii
2024-01-17,4771,111.438,-0.00573096,-0.00391061,0.0048145,0.00108973,0,-0.320967,-0.160483,0.000320038,3.26449e-06,0.000316773,0.00182034,10,False,False,False,ii
2024-01-18,4811,111.25,0.00838399,-0.00168256,0.00722662,0.003493,0,-0.481775,-0.240887,-0.00161551,1.70842e-05,-0.0016326,-0.0100665,9,False,False,False,ii
2024-01-19,4870.75,111.188,0.0124195,-0.000561798,0.0102076,0.00657684,0,-0.680509,-0.340254,-0.00312702,2.10425e-05,-0.00314806,-0.0129813,8,False,False,False,ii
2024-01-22,4881.75,111.453,0.00225838,0.00238898,0.00924307,0.00654575,0,-0.616205,-0.308102,4.44384e-05,6.80452e-06,3.76339e-05,0.000130603,7,False,False,False,ii
2024-01-23,4894.75,111.25,0.00266298,-0.00182252,0.00631603,0.00761524,0,-0.421068,-0.210534,-0.00138199,2.0634e-05,-0.00140263,-0.00448549,6,False,False,False,ii
2024-01-24,4898.75,110.969,0.000817202,-0.00252809,0.00707348,0.00841322,0,-0.471566,-0.235783,-0.000704298,5.33847e-06,-0.000709637,-0.00334529,5,False,False,False,ii
2024-01-25,4924,111.344,0.00515438,0.00337933,0.00668451,0.00883424,-1,-0.445634,-0.722817,-0.000418525,0.000102834,-0.00052136,-0.00177505,4,False,False,False,ii
2024-01-26,4917,111.141,-0.00142161,-0.00182431,0.00676443,0.00893029,-1,-0.450962,-0.725481,-0.000291076,5.62677e-07,-0.000291639,-0.000402697,3,False,False,False,ii
2024-01-29,4954.75,111.656,0.00767745,0.00463939,0.00738982,0.00964909,-1,-0.492655,-0.746327,-0.00220405,4.39425e-06,-0.00220844,-0.00303805,2,False,False,False,ii
2024-01-30,4949.25,111.656,-0.00111005,0,0.00709711,0.00938475,-1,-0.473141,-0.73657,0.000828458,2.05733e-06,0.0008264,0.00111005,1,False,False,False,ii
2024-01-31,4868.75,112.453,-0.0162651,0.00713686,0.00133838,0.0037743,-1,-0.0892256,-0.544613,0.0172372,4.06545e-05,0.0171965,0.023402,0,True,False,False,ii
2024-02-01,4929.75,112.922,0.0125289,0.0041684,0.0035412,0.00575612,1,-0.23608,0.38196,-0.00455322,0.000195578,-0.0047488,-0.00836048,19,False,True,False,ii
2024-02-02,4979.5,111.688,0.0100918,-0.0109312,0.00888849,0.00503705,0,-0.592566,-0.296283,0.00802995,0.000142777,0.00788717,-0.021023,18,False,False,False,ii
2024-02-05,4961,110.797,-0.00371523,-0.00797426,0.00971452,0.00606034,0,-0.647635,-0.323817,-0.00126188,5.80204e-06,-0.00126768,-0.00425903,17,False,False,False,ii
2024-02-06,4975,111.297,0.00282201,0.00451276,0.00689862,0.00565807,0,-0.459908,-0.229954,0.000547495,1.9764e-05,0.000527731,0.00169075,16,False,False,False,ii
2024-02-07,5015.5,111.141,0.0081407,-0.0014039,0.00899399,0.00792774,0,-0.5996,-0.2998,-0.00219482,1.46751e-05,-0.00220949,-0.00954461,15,False,False,False,ii
2024-02-08,5017,110.812,0.000299073,-0.00295234,0.00968116,0.00870348,0,-0.645411,-0.322705,-0.000974773,4.81221e-06,-0.000979585,-0.00325141,14,False,False,False,ii
2024-02-09,5044,110.656,0.0053817,-0.00141004,0.00862321,0.0103168,0,-0.574881,-0.28744,-0.00219173,7.39826e-06,-0.00219913,-0.00679174,13,False,False,False,ii
2024-02-12,5041.5,110.703,-0.000495638,0.000423609,0.00714902,0.0100981,0,-0.476601,-0.238301,0.000264229,1.03104e-05,0.000253918,0.000919248,12,False,False,False,ii
2024-02-13,4971.75,109.625,-0.0138352,-0.00973888,0.0036899,0.00911162,0,-0.245993,-0.122997,0.000976146,2.42827e-05,0.000951864,0.00409628,11,False,False,False,ii
2024-02-14,5015.25,110,0.00874943,0.00342075,0.00499439,0.0103719,0,-0.332959,-0.16648,-0.00065541,9.13618e-06,-0.000664546,-0.00532868,10,False,False,False,ii
2024-02-15,5046.75,110.203,0.00628084,0.00184659,0.00600029,0.0114217,0,-0.400019,-0.20001,-0.000738213,7.03328e-06,-0.000745246,-0.00443425,9,False,False,False,ii
2024-02-16,5020.5,109.75,-0.00520137,-0.00411173,0.00569816,0.0111616,0,-0.379878,-0.189939,0.000217939,2.11539e-06,0.000215823,0.00108964,8,False,False,False,ii
2024-02-20,4992.5,109.953,-0.00557713,0.0018508,0.00289576,0.00939163,0,-0.193051,-0.0965254,0.00141085,1.96507e-05,0.0013912,0.00742793,7,False,False,False,ii
2024-02-21,4995.75,109.641,0.000650976,-0.00284212,0.00380124,0.0102237,0,-0.253416,-0.126708,-0.000337173,6.34822e-06,-0.000343521,-0.0034931,6,False,False,False,ii
2024-02-22,5097.5,109.547,0.0203673,-0.000855066,0.00882159,0.0152111,0,-0.588106,-0.294053,-0.00268905,3.50099e-05,-0.00272406,-0.0212224,5,False,False,False,ii
2024-02-23,5099.75,109.906,0.000441393,0.00328056,0.00795285,0.0145401,-1,-0.53019,-0.765095,0.000834865,9.85345e-05,0.000736331,0.00283917,4,False,False,False,ii
2024-02-26,5080,109.719,-0.00387274,-0.001706,0.00427373,0.0140252,-1,-0.284916,-0.642458,0.00165776,2.56799e-05,0.00163208,0.00216674,3,False,False,False,ii
2024-02-27,5088.5,109.547,0.00167323,-0.00156651,0.00506809,0.0147927,-1,-0.337873,-0.668936,-0.00208139,5.54213e-06,-0.00208693,-0.00323973,2,False,False,False,ii
2024-02-28,5081.5,109.859,-0.00137565,0.00285266,0.00402819,0.0137916,-1,-0.268546,-0.634273,0.00282847,7.25786e-06,0.00282121,0.00422831,1,False,False,False,ii
2024-02-29,5096.75,110.5,0.00300108,0.0009908,0.00454689,0.0142671,-1,-0.303126,-0.651563,-0.00127507,3.61737e-06,-0.00127869,-0.00201028,0,True,False,False,ii
2024-03-01,5145,110.984,0.00946682,0.00438348,0.00573453,0.0154626,1,-0.382302,0.308849,-0.00331211,0.000200439,-0.00351255,-0.00508333,19,False,True,False,ii
2024-03-04,5137.75,110.766,-0.00140914,-0.001971,0.00582235,0.000135068,0,-0.388156,-0.194078,0.000173531,0.000105,6.85308e-05,-0.000561863,18,False,False,False,ii
2024-03-05,5085.75,111.312,-0.0101212,0.00493723,0.00220649,-0.00349341,0,-0.1471,-0.0735498,0.00292251,2.52308e-05,0.00289727,0.0150584,17,False,False,False,ii
2024-03-06,5112,111.484,0.00516148,0.00154408,0.00330745,-0.00262597,0,-0.220497,-0.110248,-0.000266059,7.67191e-06,-0.000273731,0.0036174,16,False,False,False,ii
2024-03-07,5159.75,111.641,0.00934077,0.00140154,0.00522727,-0.000728098,0,-0.348485,-0.174242,-0.000875286,1.33457e-05,-0.000888632,0.00793923,15,False,False,False,ii
2024-03-08,5128.25,111.781,-0.00610495,0.00125962,0.00338928,-0.00250226,0,-0.225952,-0.112976,0.00128322,1.27972e-05,0.00127042,-0.00736457,14,False,False,False,ii
2024-03-11,5122.75,111.609,-0.00107249,-0.0015376,0.0035309,-0.00239026,0,-0.235393,-0.117697,-5.25464e-05,9.86285e-07,-5.35327e-05,0.000465111,13,False,False,False,ii
2024-03-12,5177.25,111.156,0.0106388,-0.00405992,0.00702651,0.00112776,0,-0.468434,-0.234217,-0.00172999,2.42784e-05,-0.00175427,0.0146987,12,False,False,False,ii
2024-03-13,5233,110.922,-0.00162167,-0.00210852,0.00700782,0.0012447,0,-0.467188,-0.233594,-0.000114027,1.29466e-07,-0.000114157,-0.000486845,11,False,False,False,ii
2024-03-14,5220.25,110.234,-0.00243646,-0.00619806,0.00525411,0.00215011,0,-0.350274,-0.175137,-0.000878686,1.21541e-05,-0.00089084,-0.0037616,10,False,False,False,ii
2024-03-15,5182.75,110.016,-0.00718356,-0.00198441,0.00397071,0.000898167,0,-0.264714,-0.132357,0.000910565,8.91128e-06,0.000901654,0.00519916,9,False,False,False,ii
2024-03-18,5215.25,109.844,0.0062708,-0.00156228,0.00581605,0.0027708,0,-0.387737,-0.193868,-0.00103676,1.27924e-05,-0.00104956,-0.00783308,8,False,False,False,ii
2024-03-19,5242.5,110.109,0.00522506,0.00241821,0.0064115,0.00344012,0,-0.427433,-0.213717,-0.00054416,4.12226e-06,-0.000548283,-0.00280685,7,False,False,False,ii
2024-03-20,5287.75,110.391,0.00863138,0.00255428,0.00740319,0.00488538,0,-0.493546,-0.246773,-0.00129878,6.85031e-06,-0.00130563,-0.0060771,6,False,False,False,ii
2024-03-21,5302.75,110.344,0.00283675,-0.000424628,0.00776029,0.00566364,0,-0.517353,-0.258676,-0.000804819,2.46497e-06,-0.000807284,-0.00326137,5,False,False,False,ii
2024-03-22,5292,110.766,-0.00202725,0.00382328,0.00458153,0.00426672,-1,-0.305436,-0.652718,0.00151339,8.16412e-05,0.00143175,0.00585053,4,False,False,False,ii
2024-03-25,5277,110.516,-0.00283447,-0.00225702,0.00449714,0.00412827,-1,-0.299809,-0.649905,0.000376911,5.83289e-07,0.000376328,0.000577449,3,False,False,False,ii
2024-03-26,5266,110.656,-0.00208452,0.00127244,0.00375877,0.00332483,-1,-0.250584,-0.625292,0.00218171,5.10584e-06,0.0021766,0.00335696,2,False,False,False,ii
2024-03-27,5310.25,110.906,0.00840296,0.00225925,0.00525063,0.00478644,-1,-0.350042,-0.675021,-0.00384162,1.02943e-05,-0.00385191,-0.00614371,1,False,False,False,ii
2024-03-28,5305.25,110.719,-0.000941575,-0.00169062,0.00537343,0.0049657,-1,-0.358229,-0.679114,-0.000505619,8.47528e-07,-0.000506467,-0.000749042,0,True,False,False,ii
2024-04-01,5294,109.938,-0.00212054,-0.00705617,0.00655029,0.00615005,1,-0.436686,0.281657,-0.00335185,0.000199042,-0.0035509,-0.00493563,21,False,True,False,ii
2024-04-02,5261,109.781,-0.00623347,-0.00142126,0.00535121,-0.00115993,0,-0.356748,-0.178374,-0.00135539,9.54569e-05,-0.00145085,0.00481221,20,False,False,False,ii
2024-04-03,5265.25,109.859,0.000807831,0.000711642,0.00538529,-0.00113684,0,-0.359019,-0.17951,-1.71576e-05,2.35611e-07,-1.73932e-05,9.61887e-05,19,False,False,False,ii
2024-04-04,5197.5,110.156,-0.0128674,0.00270232,0.00164016,-0.00490202,0,-0.109344,-0.054672,0.00279491,2.59851e-05,0.00276892,-0.0155697,18,False,False,False,ii
2024-04-05,5251.25,109.531,0.0103415,-0.00567376,0.00560714,-0.00105786,0,-0.37381,-0.186905,-0.000875587,2.74515e-05,-0.000903039,0.0160153,17,False,False,False,ii
2024-04-08,5254.25,109.25,0.000571293,-0.00256776,0.00621989,-0.000303312,0,-0.41466,-0.20733,-0.000586704,4.2396e-06,-0.000590944,0.00313905,16,False,False,False,ii
2024-04-09,5260,109.641,0.00109435,0.00357551,0.00559988,-0.000897701,0,-0.373325,-0.186663,0.000514419,4.28865e-06,0.00051013,-0.00248116,15,False,False,False,ii
2024-04-10,5205.25,108.297,-0.0104087,-0.0122559,0.00606885,-0.000449039,0,-0.40459,-0.202295,-0.000344804,3.2526e-06,-0.000348057,0.0018472,14,False,False,False,ii
2024-04-11,5242.5,108.141,0.00715624,-0.00144279,0.00809669,0.00160786,0,-0.53978,-0.26989,-0.00173954,1.40387e-05,-0.00175358,0.00859903,13,False,False,False,ii
2024-04-12,5167.75,108.547,-0.0142585,0.00375668,0.00369344,-0.00274073,0,-0.246229,-0.123115,0.0048621,3.0597e-05,0.00483151,0.0180151,12,False,False,False,ii
2024-04-15,5103.25,107.953,-0.0124813,-0.00546999,0.00143341,-0.00444367,0,-0.0955605,-0.0477803,0.00086319,1.57559e-05,0.000847434,-0.00701127,11,False,False,False,ii
2024-04-16,5092,107.641,-0.00220448,-0.00289477,0.00166462,-0.00427698,0,-0.110975,-0.0554873,-3.29826e-05,1.61284e-06,-3.45954e-05,0.000690297,10,False,False,False,ii
2024-04-17,5060.75,108.141,-0.00613708,0.00464509,-0.000747392,-0.00687835,0,0.0498261,0.0249131,0.000598274,1.68525e-05,0.000581421,-0.0107822,9,False,False,False,ii
2024-04-18,5048.25,107.75,-0.00246999,-0.00361219,-0.000372622,-0.0066019,0,0.0248414,0.0124207,2.84558e-05,2.62019e-06,2.58356e-05,0.00114221,8,False,False,False,ii
2024-04-19,5003.25,107.906,-0.00891398,0.00145012,-0.0024401,-0.00911432,0,0.162673,0.0813365,-0.00012873,1.44891e-05,-0.000143219,-0.0103641,7,False,False,False,ii
2024-04-22,5048.5,107.891,0.00904412,-0.000144802,-0.000146279,-0.00690467,0,0.00975192,0.00487596,0.000747395,1.60369e-05,0.000731358,0.00918892,6,False,False,False,ii
2024-04-23,5107.75,108.047,0.0117362,0.00144823,0.00266267,-0.00444045,0,-0.177511,-0.0887557,5.01636e-05,1.95782e-05,3.05854e-05,0.0102879,5,False,False,False,ii
2024-04-24,5105.25,107.812,-0.000489452,-0.0021692,0.00297113,-0.00403538,1,-0.198075,0.400962,-0.000149087,0.000102412,-0.000251499,0.00167975,4,False,False,False,ii
2024-04-25,5082.75,107.391,-0.00440723,-0.00391304,0.00261731,-0.00415488,1,-0.174487,0.412756,-0.000198149,2.4693e-06,-0.000200619,-0.000494184,3,False,False,False,ii
2024-04-26,5129.5,107.594,0.00919778,0.00189146,0.00436046,-0.00240634,1,-0.290697,0.354651,0.00301573,1.21362e-05,0.00300359,0.00730632,2,False,False,False,ii
2024-04-29,5147.25,107.906,0.00346038,0.00290444,0.00442594,-0.00227308,1,-0.295062,0.352469,0.000197162,4.5544e-07,0.000196707,0.000555932,1,False,False,False,ii
2024-04-30,5065,107.469,-0.0159794,-0.00405445,0.00112606,-0.00517286,1,-0.0750704,0.462465,-0.00420318,2.30508e-05,-0.00422623,-0.011925,0,True,False,False,ii
2024-05-01,5046,107.844,-0.00375123,0.00348939,-0.000499936,-0.00691933,-1,0.0333291,-0.483335,-0.00334853,0.000198399,-0.00354693,-0.00724062,21,False,True,False,ii
2024-05-02,5091.75,108.297,0.00906659,0.00420168,0.00090482,0.00115932,0,-0.0603213,-0.0301607,-0.00235138,9.4836e-05,-0.00244622,0.00486491,20,False,False,False,ii
2024-05-03,5154.25,108.812,0.0122748,0.00476122,0.0029781,0.00294426,0,-0.19854,-0.0992701,-0.000226613,1.44165e-05,-0.00024103,-0.00751354,19,False,False,False,ii
2024-05-06,5207,108.875,0.0102343,0.000574383,0.00509418,0.00524216,0,-0.339612,-0.169806,-0.000958938,1.46752e-05,-0.000973613,-0.00965989,18,False,False,False,ii
2024-05-07,5212.25,109.047,0.00100826,0.00157865,0.00486945,0.00510605,0,-0.32463,-0.162315,9.68552e-05,1.55815e-06,9.52971e-05,0.000570387,17,False,False,False,ii
2024-05-08,5211.75,108.797,-9.59279e-05,-0.00229259,0.00466549,0.00563145,0,-0.311032,-0.155516,-0.000356551,1.41416e-06,-0.000357966,-0.00219666,16,False,False,False,ii
2024-05-09,5239.25,109.031,0.00527654,0.00215424,0.0053885,0.00637418,0,-0.359234,-0.179617,-0.000485568,5.00622e-06,-0.000490574,-0.00312229,15,False,False,False,ii
2024-05-10,5245.25,108.703,0.0011452,-0.00300946,0.00635275,0.00736632,0,-0.423517,-0.211758,-0.000746247,6.67453e-06,-0.000752921,-0.00415466,14,False,False,False,ii
2024-05-13,5245.75,108.781,9.53243e-05,0.000718701,0.00579552,0.00721771,0,-0.386368,-0.193184,0.000132005,3.8571e-06,0.000128148,0.000623376,13,False,False,False,ii
2024-05-14,5268.5,109.047,0.00433684,0.00244183,0.0061706,0.00766807,0,-0.411373,-0.205687,-0.000366087,2.5934e-06,-0.00036868,-0.00189502,12,False,False,False,ii
2024-05-15,5333.5,109.734,0.0123375,0.00630463,0.00757905,0.00909214,0,-0.50527,-0.252635,-0.00124088,9.70787e-06,-0.00125058,-0.00603285,11,False,False,False,ii
2024-05-16,5320,109.469,-0.00253117,-0.00242062,0.00749749,0.00906576,0,-0.499833,-0.249916,2.79295e-05,5.62547e-07,2.7367e-05,0.000110553,10,False,False,False,ii
2024-05-17,5327.75,109.172,0.00145677,-0.00271196,0.00784831,0.0100585,0,-0.523221,-0.26161,-0.00104183,2.41874e-06,-0.00104425,-0.00416873,9,False,False,False,ii
2024-05-20,5333.25,109.031,0.00103233,-0.00128811,0.00836282,0.0106105,0,-0.557521,-0.278761,-0.00060705,3.54635e-06,-0.000610597,-0.00232044,8,False,False,False,ii
2024-05-21,5346,109.25,0.00239066,0.00200631,0.00782584,0.0107016,0,-0.521723,-0.260861,-0.000107144,3.69901e-06,-0.000110843,-0.000384357,7,False,False,False,ii
2024-05-22,5329.25,109.078,-0.00313318,-0.00157323,0.00723331,0.0103298,0,-0.482221,-0.24111,0.000406932,4.08489e-06,0.000402847,0.00155996,6,False,False,False,ii
2024-05-23,5286.25,108.703,-0.00806868,-0.0034379,0.00613655,0.00922156,0,-0.409103,-0.204552,0.00111653,7.57668e-06,0.00110895,0.00463077,5,False,False,False,ii
2024-05-24,5321.75,108.75,0.00671554,0.00043122,0.00767322,0.0107113,-1,-0.511548,-0.755774,-0.00128547,0.000114044,-0.00139951,-0.00628432,4,False,False,False,ii
2024-05-28,5325.5,108.281,0.000704655,-0.00431034,0.00880853,0.0119051,-1,-0.587235,-0.793618,-0.00379021,7.82822e-06,-0.00379803,-0.005015,3,False,False,False,ii
2024-05-29,5287.5,107.828,-0.00713548,-0.0041847,0.00805527,0.0112001,-1,-0.537018,-0.768509,0.00234179,5.20333e-06,0.00233658,0.00295078,2,False,False,False,ii
2024-05-30,5251.5,108.266,-0.00680851,0.00405738,0.00441799,0.00861133,-1,-0.294533,-0.647266,0.00835054,2.51697e-05,0.00832537,0.0108659,1,False,False,False,ii
2024-05-31,5296.75,108.969,0.00861659,0.00374208,0.00567598,0.00976471,-1,-0.378399,-0.689199,-0.0031551,8.68608e-06,-0.00316379,-0.0048745,0,True,False,False,ii
2024-06-03,5299.5,109.547,0.000519186,0.00530542,0.00457974,0.00862853,1,-0.305316,0.347342,0.00329867,0.000214683,0.00308399,0.00478623,18,False,True,False,ii
2024-06-04,5304,110.047,0.000849137,0.00456426,0.00373789,-0.000889551,0,-0.249193,-0.124596,-0.00129042,9.77241e-05,-0.00138814,0.00371512,17,False,False,False,ii
2024-06-05,5366.5,110.328,0.0117836,0.00255573,0.00603972,0.00130899,0,-0.402648,-0.201324,-0.00114975,1.58408e-05,-0.0011656,0.00922783,16,False,False,False,ii
2024-06-06,5365.25,110.312,-0.000232926,-0.000141623,0.0059271,0.0012871,0,-0.39514,-0.19757,1.83816e-05,7.75066e-07,1.76065e-05,9.13035e-05,15,False,False,False,ii
2024-06-07,5356,109.297,-0.00172406,-0.0092068,0.00763925,0.0030895,0,-0.509283,-0.254642,-0.00147837,1.17885e-05,-0.00149015,-0.00748274,14,False,False,False,ii
2024-06-10,5372.75,109.109,0.00312733,-0.00171551,0.00872291,0.00424735,0,-0.581528,-0.290764,-0.00123319,7.45542e-06,-0.00124064,-0.00484284,13,False,False,False,ii
2024-06-11,5384,109.578,0.0020939,0.00429615,0.00804132,0.00372228,0,-0.536088,-0.268044,0.000640334,4.68679e-06,0.000635647,0.00220225,12,False,False,False,ii
2024-06-12,5426.75,110.078,0.00794019,0.00456295,0.00569319,0.00452495,0,-0.379546,-0.189773,-0.000905248,1.6114e-05,-0.000921362,-0.00337724,11,False,False,False,ii
2024-06-13,5436.5,110.703,0.00179666,0.00567779,0.00473847,0.00360016,0,-0.315898,-0.157949,0.000736534,6.54884e-06,0.000729985,0.00388113,10,False,False,False,ii
2024-06-14,5437.25,110.844,0.000137956,0.00127029,0.00438212,0.00332938,0,-0.292142,-0.146071,0.000178851,2.44426e-06,0.000176407,0.00113233,9,False,False,False,ii
2024-06-17,5479.75,110.406,0.00781645,-0.003947,0.00719598,0.00613581,0,-0.479732,-0.239866,-0.0017183,1.92633e-05,-0.00173756,-0.0117634,8,False,False,False,ii
2024-06-18,5492.75,110.781,0.00237237,0.00339655,0.00684414,0.00589198,0,-0.456276,-0.228138,0.000245665,2.40721e-06,0.000243258,0.00102418,7,False,False,False,ii
2024-06-20,5545.25,110.531,-0.00292187,-0.0022567,0.00553741,0.00573272,0,-0.36916,-0.18458,0.000151751,8.91946e-06,0.000142832,0.000665174,6,False,False,False,ii
2024-06-21,5530.25,110.516,-0.00270502,-0.000141363,0.00493025,0.00511943,0,-0.328683,-0.164342,0.0004732,4.14707e-06,0.000469053,0.00256366,5,False,False,False,ii
2024-06-24,5514.5,110.562,-0.00284797,0.000424148,0.00417086,0.00433634,-1,-0.278057,-0.639029,0.000537746,9.73367e-05,0.000440409,0.00327212,4,False,False,False,ii
2024-06-25,5535.25,110.625,0.00376281,0.000565291,0.00496376,0.005099,-1,-0.330917,-0.665459,-0.0020433,5.41459e-06,-0.00204872,-0.00319752,3,False,False,False,ii
2024-06-26,5541.5,110.062,0.00112913,-0.00508475,0.00645175,0.0065858,-1,-0.430117,-0.715058,-0.00413508,1.01584e-05,-0.00414523,-0.00621387,2,False,False,False,ii
2024-06-27,5548,110.25,0.00117297,0.00170358,0.00626786,0.00645935,-1,-0.417857,-0.708929,0.000379417,1.25504e-06,0.000378162,0.00053061,1,False,False,False,ii
2024-06-28,5523.25,109.859,-0.00446107,-0.00354308,0.00600019,0.00623936,-1,-0.400013,-0.700006,0.000650785,1.82885e-06,0.000648956,0.000917983,0,True,False,False,ii
2024-07-01,5533.75,109.172,0.00190105,-0.006258,0.00795906,0.00818959,1,-0.530604,0.234698,-0.00571139,0.0001915,-0.00590289,-0.00815905,21,False,True,False,ii
2024-07-02,5569.5,109.469,0.00646036,0.00271934,0.0087708,0.00089341,0,-0.58472,-0.29236,0.00087801,0.000107811,0.000770198,-0.00374102,20,False,False,False,ii
2024-07-03,5591,109.938,0.00386031,0.00428204,0.0061426,0.000792676,0,-0.409507,-0.204753,0.000123298,1.79033e-05,0.000105395,0.000421733,19,False,False,False,ii
2024-07-05,5622,110.562,0.00554463,0.00568505,0.00417809,0.000759184,0,-0.278539,-0.13927,2.87521e-05,1.33642e-05,1.53879e-05,0.000140423,18,False,False,False,ii
2024-07-08,5627.5,110.562,0.0009783,0,0.00441317,0.000993689,0,-0.294211,-0.147106,-0.000136247,1.59883e-06,-0.000137846,-0.0009783,17,False,False,False,ii
2024-07-09,5631.75,110.438,0.00075522,-0.00113058,0.00485498,0.0014459,0,-0.323666,-0.161833,-0.000277412,3.00431e-06,-0.000280416,-0.0018858,16,False,False,False,ii
2024-07-10,5686.25,110.484,0.00967728,0.000424448,0.0070356,0.00365068,0,-0.46904,-0.23452,-0.00149741,1.47934e-05,-0.0015122,-0.00925283,15,False,False,False,ii
2024-07-11,5636,111.094,-0.00883711,0.00551549,0.00351615,0.000205884,0,-0.23441,-0.117205,0.00336597,2.39276e-05,0.00334204,0.0143526,14,False,False,False,ii
2024-07-12,5670.25,111.266,0.006077,0.00154712,0.00419263,0.00128825,0,-0.279509,-0.139754,-0.000530925,4.59243e-06,-0.000535518,-0.00452989,13,False,False,False,ii
2024-07-15,5685.5,111.016,0.00268948,-0.00224688,0.00533054,0.00247084,0,-0.35537,-0.177685,-0.000689877,7.71988e-06,-0.000697597,-0.00493635,12,False,False,False,ii
2024-07-16,5717.75,111.344,0.00567232,0.00295567,0.00584394,0.00311851,0,-0.389596,-0.194798,-0.000482709,3.47824e-06,-0.000486187,-0.00271666,11,False,False,False,ii
2024-07-17,5637.25,111.406,-0.014079,0.000561325,0.00218157,-0.000415104,0,-0.145438,-0.072719,0.0028519,2.48979e-05,0.002827,0.0146403,10,False,False,False,ii
2024-07-18,5593.25,111.141,-0.00780522,-0.00238429,0.00101212,-0.00172395,0,-0.0674745,-0.0337373,0.000394205,7.96552e-06,0.000386239,-0.00542093,9,False,False,False,ii
2024-07-19,5553.75,110.844,-0.00706208,-0.00267117,0.000352751,-0.00278489,0,-0.0235167,-0.0117584,0.000148138,4.49899e-06,0.000143639,-0.00439092,8,False,False,False,ii
2024-07-22,5609.5,110.734,0.0100383,-0.000986749,0.00302356,-0.000147599,0,-0.20157,-0.100785,-0.000129636,1.81788e-05,-0.000147815,0.011025,7,False,False,False,ii
2024-07-23,5598.75,110.797,-0.00191639,0.000564414,0.00230746,-0.000743616,0,-0.15383,-0.0769152,0.000250028,4.87641e-06,0.000245152,-0.00248081,6,False,False,False,ii
2024-07-24,5471.75,110.641,-0.0226836,-0.00141024,-0.00283821,-0.00592575,0,0.189214,0.0946071,0.00163625,3.52395e-05,0.00160101,-0.0212734,5,False,False,False,ii
2024-07-25,5441.25,110.828,-0.00557409,0.00169468,-0.00439177,-0.00768323,1,0.292785,0.646392,-0.000687676,0.000113523,-0.0008012,-0.00726876,4,False,False,False,ii
2024-07-26,5499.25,111.219,0.0106593,0.0035246,-0.00115288,-0.0059736,1,0.0768587,0.538429,0.00461182,2.21535e-05,0.00458967,0.00713471,3,False,False,False,ii
2024-07-29,5503,111.375,0.000681911,0.00140489,-0.00112739,-0.00614779,1,0.0751593,0.53758,-0.000389272,1.74324e-07,-0.000389447,-0.000722978,2,False,False,False,ii
2024-07-30,5472.75,111.531,-0.005497,0.00140292,-0.00284139,-0.00781649,1,0.189426,0.594713,-0.00370926,1.17376e-05,-0.00372099,-0.00689992,1,False,False,False,ii
2024-07-31,5556.5,112.219,0.0153031,0.00616419,-0.000604644,-0.00563468,1,0.0403096,0.520155,0.00543502,1.52599e-05,0.00541976,0.0091389,0,True,False,False,ii
2024-08-01,5480.75,112.656,-0.0136327,0.00389864,-0.00471984,-0.00988914,-1,0.314656,-0.342672,-0.009119,0.000177196,-0.0092962,-0.0175313,21,False,True,False,ii
2024-08-02,5376.25,114.094,-0.0190667,0.0127601,-0.0121859,-0.00768714,0,0.812395,0.406197,0.0109061,0.000154537,0.0107516,-0.0318268,20,False,False,False,ii
2024-08-05,5218.75,114.141,-0.0292955,0.000410846,-0.01744,-0.014986,0,1.16267,0.581334,-0.0120666,3.64166e-05,-0.0121031,-0.0297064,19,False,False,False,ii
2024-08-06,5264.75,113.312,0.00881437,-0.0072553,-0.00480125,-0.0110931,0,0.320083,0.160042,0.00934186,8.74028e-05,0.00925445,0.0160697,18,False,False,False,ii
2024-08-07,5228.75,113.016,-0.00683793,-0.00261997,-0.000848283,-0.0121195,0,0.0565522,0.0282761,-0.00067505,2.73847e-05,-0.000702434,-0.00421796,17,False,False,False,ii
2024-08-08,5348.25,112.688,0.0228544,-0.00290336,0.00508298,-0.00595441,0,-0.338865,-0.169433,0.000728329,4.08531e-05,0.000687476,0.0257578,16,False,False,False,ii
2024-08-09,5368.5,112.984,0.00378629,0.0026345,0.00492667,-0.00567757,0,-0.328445,-0.164222,-0.00019515,1.07559e-06,-0.000196226,0.00115179,15,False,False,False,ii
2024-08-12,5371.75,113.266,0.000605383,0.00248928,0.00256012,-0.00613116,0,-0.170675,-0.0853374,0.000309378,1.62821e-05,0.000293096,-0.0018839,14,False,False,False,ii
2024-08-13,5458.75,113.656,0.0161958,0.00344875,0.00559627,-0.00309022,0,-0.373084,-0.186542,-0.0010878,2.0805e-05,-0.00110861,0.0127471,13,False,False,False,ii
2024-08-14,5475.25,113.688,0.00302267,0.000274952,0.00613492,-0.00243036,0,-0.408995,-0.204497,-0.000512565,3.68832e-06,-0.000516254,0.00274772,12,False,False,False,ii
2024-08-15,5568.5,113.016,0.0170312,-0.00590984,0.0100068,0.00304381,0,-0.667119,-0.333559,-0.00469138,2.64012e-05,-0.00471778,0.022941,11,False,False,False,ii
2024-08-16,5578.25,113.141,0.00175092,0.00110604,0.00961607,0.00319795,0,-0.641072,-0.320536,-0.000215105,2.66296e-06,-0.000217768,-0.000644879,10,False,False,False,ii
2024-08-19,5631,113.203,0.00945637,0.00055241,0.00690214,0.00531657,0,-0.460142,-0.230071,-0.00285404,1.84551e-05,-0.00287249,-0.00890396,9,False,False,False,ii
2024-08-20,5621,113.578,-0.00177588,0.00331263,0.00560682,0.00410116,0,-0.373788,-0.186894,0.00117072,8.81215e-06,0.00116191,0.00508851,8,False,False,False,ii
2024-08-21,5640.25,113.797,0.00342466,0.00192599,0.00511164,0.00445858,0,-0.340776,-0.170388,-0.000280092,3.36592e-06,-0.000283458,-0.00149867,7,False,False,False,ii
2024-08-22,5595.25,113.297,-0.00797837,-0.00439379,0.00423576,0.00359589,0,-0.282384,-0.141192,0.000610769,5.96537e-06,0.000604804,0.00358458,6,False,False,False,ii
2024-08-23,5651.25,113.734,0.0100085,0.00386154,0.00572772,0.0050556,0,-0.381848,-0.190924,-0.000867901,1.01366e-05,-0.000878038,-0.00614695,5,False,False,False,ii
2024-08-26,5637.25,113.562,-0.00247733,-0.0015112,0.00544021,0.00482425,-1,-0.36268,-0.68134,0.000184458,0.00010002,8.44377e-05,0.000966131,4,False,False,False,ii
2024-08-27,5643.75,113.516,0.00115304,-0.000412768,0.00582293,0.0051983,-1,-0.388195,-0.694098,-0.00106685,2.60114e-06,-0.00106945,-0.00156581,3,False,False,False,ii
2024-08-28,5611.5,113.516,-0.00571429,0,0.00443935,0.00382823,-1,-0.295956,-0.647978,0.00396627,9.41652e-06,0.00395686,0.00571429,2,False,False,False,ii
2024-08-29,5610.25,113.328,-0.000222757,-0.00165175,0.00484467,0.00417034,-1,-0.322978,-0.661489,-0.00092596,2.75876e-06,-0.000928718,-0.001429,1,False,False,False,ii
2024-08-30,5658.25,113.516,0.00855577,-0.00301908,0.00758661,0.00692749,-1,-0.505774,-0.752887,-0.00765663,1.86237e-05,-0.00767526,-0.0115748,0,True,False,False,ii
2024-09-03,5543.25,114.078,-0.0203243,0.00495526,0.00138988,0.000833327,1,-0.0926585,0.453671,0.0190327,0.000247092,0.0187856,0.0252796,19,False,True,False,ii
2024-09-04,5528,114.609,-0.00275109,0.0046569,-0.000277057,-0.00177754,0,0.0184705,0.00923525,-0.00336079,9.10784e-05,-0.00345187,0.00740799,18,False,False,False,ii
2024-09-05,5515,114.766,-0.00235166,0.00136333,-0.00110111,-0.00267122,0,0.0734074,0.0367037,-3.43089e-05,5.6324e-06,-3.99413e-05,-0.00371499,17,False,False,False,ii
2024-09-06,5420.5,114.938,-0.0171351,0.00149762,-0.0052878,-0.00719647,0,0.35252,0.17626,-0.000683889,2.87395e-05,-0.000712629,-0.0186327,16,False,False,False,ii
2024-09-09,5479.5,115.047,0.0108846,0.000951604,-0.00209284,-0.00481506,0,0.139523,0.0697613,0.00175079,2.18725e-05,0.00172892,0.009933,15,False,False,False,ii
2024-09-10,5502,115.453,0.00410621,0.00353117,-0.000554592,-0.00467704,0,0.0369728,0.0184864,4.01159e-05,1.05201e-05,2.95958e-05,0.000575045,14,False,False,False,ii
2024-09-11,5556.75,115.328,0.00995093,-0.00108269,0.00197848,-0.0020334,0,-0.131898,-0.0659492,0.000203972,1.72813e-05,0.00018669,0.0110336,13,False,False,False,ii
2024-09-12,5603.5,115.156,0.00841319,-0.00149031,0.00423949,0.000336925,0,-0.282633,-0.141316,-0.000653128,1.53936e-05,-0.000668521,0.0099035,12,False,False,False,ii
2024-09-13,5630,115.344,0.00472919,0.00162822,0.00421039,0.00107836,0,-0.280692,-0.140346,-0.000438217,1.97918e-07,-0.000438415,-0.00310096,11,False,False,False,ii
2024-09-16,5639,115.547,0.00159858,0.00176104,0.00369154,0.00103947,0,-0.246103,-0.123051,2.28008e-05,3.52697e-06,1.92739e-05,0.000162461,10,False,False,False,ii
2024-09-17,5640.75,115.359,0.000310339,-0.00162272,0.00415568,0.00150321,0,-0.277046,-0.138523,-0.000237866,3.15488e-06,-0.00024102,-0.00193306,9,False,False,False,ii
2024-09-18,5680.75,114.938,-0.00372676,-0.00365705,0.0041211,0.00148644,0,-0.27474,-0.13737,9.65678e-06,2.34675e-07,9.4221e-06,6.97126e-05,8,False,False,False,ii
2024-09-19,5778,114.844,0.0171192,-0.000815661,0.00808348,0.00574299,0,-0.538899,-0.269449,-0.00246371,2.67776e-05,-0.00249049,-0.0179349,7,False,False,False,ii
2024-09-20,5763,114.797,-0.00259605,-0.000408163,0.00739722,0.00521958,0,-0.493148,-0.246574,0.000589526,4.64061e-06,0.000584885,0.00218789,6,False,False,False,ii
2024-09-23,5776.25,114.688,0.00229915,-0.00095277,0.00620197,0.00599577,0,-0.413464,-0.206732,-0.000801839,8.07805e-06,-0.000809917,-0.00325192,5,False,False,False,ii
2024-09-24,5793,114.859,0.00289981,0.00149864,0.00650564,0.00632953,-1,-0.433709,-0.716855,-0.000289666,0.000103358,-0.000393024,-0.00140117,4,False,False,False,ii
2024-09-25,5779.5,114.516,-0.0023304,-0.00299279,0.00665121,0.00648805,-1,-0.443414,-0.721707,-0.000474838,9.83678e-07,-0.000475822,-0.000662391,3,False,False,False,ii
2024-09-26,5803,114.391,0.0040661,-0.00109155,0.00712362,0.00771648,-1,-0.474908,-0.737454,-0.00372231,3.18925e-06,-0.0037255,-0.00515765,2,False,False,False,ii
2024-09-27,5791,114.734,-0.0020679,0.00300505,0.00586612,0.00650701,-1,-0.391075,-0.695537,0.00374107,8.49357e-06,0.00373257,0.00507295,1,False,False,False,ii
2024-09-30,5816,114.375,0.00431704,-0.00313223,0.00637039,0.00828236,-1,-0.424692,-0.712346,-0.00518125,3.40251e-06,-0.00518465,-0.00744928,0,True,False,False,ii
2024-10-01,5760.5,114.719,-0.00954264,0.00300546,0.00329304,0.00527856,1,-0.219536,0.390232,0.0089386,0.000223698,0.0087149,0.0125481,22,False,True,False,ii
2024-10-02,5760.75,114.453,4.3399e-05,-0.00231545,0.00303696,0.000566633,0,-0.202464,-0.101232,0.000920497,9.97102e-05,0.000820786,-0.00235884,21,False,False,False,ii
2024-10-03,5749,113.922,-0.00203966,-0.00464164,0.00363991,0.00119274,0,-0.242661,-0.12133,-0.000263403,4.07961e-06,-0.000267483,-0.00260197,20,False,False,False,ii
2024-10-04,5799.75,112.875,0.00882762,-0.00918941,0.00791898,0.00550542,0,-0.527932,-0.263966,-0.00218601,2.88919e-05,-0.00221491,-0.018017,19,False,False,False,ii
2024-10-07,5747,112.516,-0.00909522,-0.00318383,0.00612225,0.00408376,0,-0.40815,-0.204075,0.00156041,1.21579e-05,0.00154825,0.00591139,18,False,False,False,ii
2024-10-08,5800.75,112.562,0.00935271,0.000416609,0.00771348,0.00620862,0,-0.514232,-0.257116,-0.00182363,1.07434e-05,-0.00183438,-0.0089361,17,False,False,False,ii
2024-10-09,5839.75,112.219,0.00672327,-0.00305386,0.00992834,0.00853593,0,-0.66189,-0.330945,-0.00251385,1.49302e-05,-0.00252878,-0.00977713,16,False,False,False,ii
2024-10-10,5828.75,112.219,-0.00188364,0,0.00823899,0.00808669,0,-0.549266,-0.274633,0.000623382,1.13928e-05,0.000611989,0.00188364,15,False,False,False,ii
2024-10-11,5859.5,112.188,0.00527557,-0.000278474,0.00830497,0.00940623,0,-0.553665,-0.276832,-0.00152532,4.44433e-07,-0.00152577,-0.00555405,14,False,False,False,ii
2024-10-14,5909.25,112,0.00849049,-0.00167131,0.0106639,0.0118142,0,-0.71093,-0.355465,-0.00281311,1.58572e-05,-0.00282897,-0.0101618,13,False,False,False,ii
2024-10-15,5863,112.438,-0.00782671,0.00390625,0.00630367,0.00901846,0,-0.420244,-0.210122,0.00417066,2.93645e-05,0.00414129,0.011733,12,False,False,False,ii
2024-10-16,5886,112.562,0.00392291,0.00111173,0.00406376,0.00968596,0,-0.270917,-0.135459,-0.000590691,1.50708e-05,-0.000605762,-0.00281118,11,False,False,False,ii
2024-10-17,5886.25,112.094,4.24737e-05,-0.00416435,0.00512816,0.0106887,0,-0.341877,-0.170939,-0.000569851,7.16158e-06,-0.000577012,-0.00420683,10,False,False,False,ii
2024-10-18,5906.25,112.203,0.00339775,0.000975746,0.00566651,0.0112631,0,-0.377768,-0.188884,-0.000414014,3.61929e-06,-0.000417633,-0.002422,9,False,False,False,ii
2024-10-21,5897,111.516,-0.00156614,-0.00612728,0.00667597,0.0123505,0,-0.445064,-0.222532,-0.000861526,6.78895e-06,-0.000868315,-0.00456114,8,False,False,False,ii
2024-10-22,5892.5,111.375,-0.0007631,-0.00126103,0.00662346,0.0124688,0,-0.441564,-0.220782,-0.000110806,3.53175e-07,-0.00011116,-0.000497934,7,False,False,False,ii
2024-10-23,5837.25,111.094,-0.00937633,-0.00252525,0.00403098,0.0108317,0,-0.268732,-0.134366,0.00151259,1.74774e-05,0.00149512,0.00685107,6,False,False,False,ii
2024-10-24,5849,111.25,0.00201293,0.00140647,0.0042394,0.0109756,0,-0.282627,-0.141313,-8.14881e-05,1.40445e-06,-8.28926e-05,-0.000606464,5,False,False,False,ii
2024-10-25,5845.5,111.016,-0.000598393,-0.00210674,0.00465293,0.0113346,-1,-0.310195,-0.655098,-0.00021315,0.000103877,-0.000317026,-0.00150835,4,False,False,False,ii
2024-10-28,5862.75,110.766,0.00295099,-0.00225194,0.00588143,0.0125697,-1,-0.392095,-0.696048,-0.00340842,8.27344e-06,-0.0034167,-0.00520292,3,False,False,False,ii
2024-10-29,5871.75,110.797,0.00153512,0.000282127,0.00613229,0.0128667,-1,-0.408819,-0.70441,-0.00087214,1.68886e-06,-0.000873828,-0.00125299,2,False,False,False,ii
2024-10-30,5853,110.594,-0.00319326,-0.00183331,0.00572179,0.0125432,-1,-0.381452,-0.690726,0.000957959,2.76566e-06,0.000955193,0.00135995,1,False,False,False,ii
2024-10-31,5735.5,110.469,-0.0200752,-0.00113026,0.00115301,0.00798892,-1,-0.0768672,-0.538434,0.0130857,3.09303e-05,0.0130548,0.0189449,0,True,False,False,ii
2024-11-01,5756.75,109.938,0.003705,-0.00480905,0.0033702,0.0100174,1,-0.22468,0.38766,-0.00458425,0.000187921,-0.00477217,-0.00851405,19,False,True,False,ii
2024-11-04,5744.25,110.422,-0.00217136,0.00440591,0.00211116,-0.00157782,0,-0.140744,-0.070372,-0.00254975,9.29914e-05,-0.00264274,0.00657728,18,False,False,False,ii
2024-11-05,5813,110.422,0.0119685,0,0.00501806,0.00127791,0,-0.334537,-0.167269,-0.000842247,1.96165e-05,-0.000861864,0.0119685,17,False,False,False,ii
2024-11-06,5957.5,109.453,0.0248581,-0.00877317,0.012804,0.0092495,0,-0.853601,-0.426801,-0.00562546,5.22383e-05,-0.00567769,-0.0336312,16,False,False,False,ii
2024-11-07,6002.5,110.281,0.0075535,0.00756602,0.0124941,0.00924654,0,-0.832942,-0.416471,5.34367e-06,2.07551e-06,3.26816e-06,1.25203e-05,15,False,False,False,ii
2024-11-08,6027,110.312,0.00408163,0.000283366,0.00700781,0.0101484,0,-0.467187,-0.233594,-0.00158187,3.67103e-05,-0.00161858,-0.00379827,14,False,False,False,ii
2024-11-11,6032.25,110,0.00087108,-0.00283286,0.00785678,0.01103,0,-0.523785,-0.261893,-0.000865217,5.6795e-06,-0.000870896,-0.00370394,13,False,False,False,ii
2024-11-12,6012.5,109.406,-0.00327407,-0.00539773,0.00630382,0.0115368,0,-0.420255,-0.210127,-0.00055617,1.0397e-05,-0.000566567,-0.00212366,12,False,False,False,ii
2024-11-13,6015.75,109.484,0.000540541,0.000714082,0.00414721,0.0114956,0,-0.276481,-0.13824,3.64657e-05,1.44366e-05,2.20291e-05,0.000173541,11,False,False,False,ii
2024-11-14,5976.75,109.344,-0.00648298,-0.00128443,0.00281285,0.010255,0,-0.187523,-0.0937616,0.00071865,8.9459e-06,0.000709704,0.00519855,10,False,False,False,ii
2024-11-15,5897,109.422,-0.0133434,0.00071449,-0.000530686,0.00688496,0,0.0353791,0.0176895,0.00131809,2.24865e-05,0.0012956,0.0140579,9,False,False,False,ii
2024-11-18,5920.25,109.609,0.00394268,0.00171355,0.000314216,0.00741515,0,-0.0209477,-0.0104739,3.94323e-05,5.67703e-06,3.37553e-05,-0.00222913,8,False,False,False,ii
2024-11-19,5939,109.781,0.0031671,0.00156807,0.000834838,0.0077955,0,-0.0556559,-0.0278279,-1.6748e-05,3.49555e-06,-2.02436e-05,-0.00159903,7,False,False,False,ii
2024-11-20,5939.25,109.625,4.20946e-05,-0.00142328,0.00117173,0.008145,0,-0.078115,-0.0390575,-4.07785e-05,2.2619e-06,-4.30404e-05,-0.00146538,6,False,False,False,ii
2024-11-21,5970,109.547,0.00517742,-0.000712657,0.00256633,0.00954462,0,-0.171089,-0.0855444,-0.000230052,9.35226e-06,-0.000239404,-0.00589008,5,False,False,False,ii
2024-11-22,5986,109.594,0.00268007,0.000427899,0.00294762,0.0100797,-1,-0.196508,-0.598254,-0.00019266,0.000103083,-0.000295743,-0.00225217,4,False,False,False,ii
2024-11-25,6005.5,110.531,0.0032576,0.00855432,0.00156241,0.00882634,-1,-0.104161,-0.55208,0.00316878,9.27641e-06,0.00315951,0.00529672,3,False,False,False,ii
2024-11-26,6037,110.344,0.00524519,-0.00169635,0.0032705,0.0104753,-1,-0.218033,-0.609017,-0.00383229,1.14248e-05,-0.00384372,-0.00694154,2,False,False,False,ii
2024-11-27,6015.75,110.703,-0.00351996,0.00325687,0.00158335,0.00886243,-1,-0.105557,-0.552778,0.0041272,1.12939e-05,0.00411591,0.00677683,1,False,False,False,ii
2024-11-29,6051.5,111.172,0.00594273,0.00253628,0.00245858,0.00966995,-1,-0.163905,-0.581953,-0.00188301,5.85084e-06,-0.00188886,-0.00340645,0,True,False,False,ii
2024-12-02,6062,111.156,0.00173511,-0.000140548,0.00287603,0.0101159,1,-0.191735,0.404132,-0.00109154,0.000197679,-0.00128922,-0.00187566,20,False,True,False,ii
2024-12-03,6062.75,110.891,0.000123722,-0.00238965,0.00346096,0.000603742,0,-0.23073,-0.115365,0.00101574,0.00010414,0.000911597,-0.00251338,19,False,False,False,ii
2024-12-04,6099,111.234,0.00597913,0.0030999,0.00412336,0.00129109,0,-0.274891,-0.137445,-0.000332163,4.42018e-06,-0.000336583,-0.00287923,18,False,False,False,ii
2024-12-05,6088.75,111.219,-0.0016806,-0.000140469,0.00365639,0.000921464,0,-0.243759,-0.12188,0.000211684,3.11725e-06,0.000208567,0.00154013,17,False,False,False,ii
2024-12-06,6098.5,111.469,0.00160131,0.00224782,0.00351625,0.00076671,0,-0.234416,-0.117208,7.87963e-05,9.35203e-07,7.78611e-05,0.000646509,16,False,False,False,ii
2024-12-09,6065.75,111.156,-0.00537017,-0.00280348,0.00290541,0.000148411,0,-0.193694,-0.0968469,0.000300838,4.08122e-06,0.000296757,0.0025667,15,False,False,False,ii
2024-12-10,6047.5,110.953,-0.0030087,-0.00182738,0.0026457,-0.00013579,0,-0.17638,-0.0881899,0.000114407,1.73642e-06,0.00011267,0.00118131,14,False,False,False,ii
2024-12-11,6092.25,110.703,0.00739975,-0.0022532,0.00501455,0.00217301,0,-0.334304,-0.167152,-0.000851293,1.58113e-05,-0.000867104,0.00965296,13,False,False,False,ii
2024-12-12,6059.75,110.344,-0.00533465,-0.00324629,0.00442445,0.00167046,0,-0.294963,-0.147482,0.000349072,3.94356e-06,0.000345128,0.00208835,12,False,False,False,ii
2024-12-13,6055.75,109.875,-0.000660093,-0.00424809,0.00457984,0.00253217,0,-0.305323,-0.152661,-0.000529164,1.03858e-06,-0.000530202,-0.003588,11,False,False,False,ii
2024-12-16,6080,109.891,0.00400446,0.000142207,0.00546763,0.00345486,0,-0.364509,-0.182254,-0.000589616,5.92845e-06,-0.000595545,-0.00386225,10,False,False,False,ii
2024-12-17,6054,109.859,-0.00427632,-0.000284374,0.00447596,0.00249702,0,-0.298397,-0.149199,0.000727549,6.62865e-06,0.00072092,0.00399194,9,False,False,False,ii
2024-12-18,5939.25,109,-0.0307617,-0.0078225,-0.00177976,-0.00311833,0,0.118651,0.0593253,0.0034225,4.20016e-05,0.0033805,0.0229392,8,False,False,False,ii
2024-12-19,5934.25,108.641,-0.000841857,-0.00329702,-0.000972307,-0.0025265,0,0.0648205,0.0324102,0.000145653,5.42239e-06,0.000140231,0.00245516,7,False,False,False,ii
2024-12-20,6002.25,108.938,0.0114589,0.00273263,0.0017936,-0.000444384,0,-0.119573,-0.0597865,0.000282821,1.8525e-05,0.000264296,0.00872627,6,False,False,False,ii
2024-12-23,6036.75,108.531,0.00574784,-0.0037292,0.00398027,0.00182651,0,-0.265351,-0.132676,-0.0005666,1.4626e-05,-0.000581226,0.00947705,5,False,False,False,ii
2024-12-24,6099,108.516,0.0103118,-0.000143968,0.00604512,0.00431674,-1,-0.403008,-0.701504,-0.00138723,0.000113873,-0.0015011,-0.0104558,4,False,False,False,ii
2024-12-26,6094.75,108.641,-0.000696836,0.00115191,0.00498233,0.00387469,-1,-0.332155,-0.666078,0.0012969,7.09304e-06,0.00128981,0.00184874,3,False,False,False,ii
2024-12-27,6028.5,108.422,-0.01087,-0.00201352,0.00205769,0.00174041,-1,-0.137179,-0.56859,0.00589911,1.95683e-05,0.00587954,0.00885649,2,False,False,False,ii
2024-12-30,5958,108.969,-0.0116945,0.00504395,-0.00188986,-0.0022912,1,0.125991,0.562995,0.00951729,0.00022776,0.00928953,0.0167384,1,False,False,False,ii
2024-12-31,5935,108.75,-0.00386036,-0.00200746,-0.00170527,-0.00273812,1,0.113685,0.556842,-0.00104317,1.23955e-06,-0.00104441,-0.0018529,0,True,False,False,ii
2025-01-02,5917.25,108.828,-0.00299073,0.000718391,-0.00178047,-0.00363166,1,0.118698,0.559349,-0.0020654,5.05358e-07,-0.0020659,-0.00370912,19,False,True,False,ii
2025-01-03,5988,108.625,0.0119566,-0.00186648,0.00155476,0.00329634,0,-0.103651,-0.0518255,0.00773191,0.00012287,0.00760904,0.013823,18,False,False,False,ii
2025-01-06,6022.5,108.547,0.00576152,-0.000719217,0.0029011,0.00484245,0,-0.193407,-0.0967033,-0.000335868,9.0102e-06,-0.000344878,-0.00648074,17,False,False,False,ii
2025-01-07,5955,108.156,-0.011208,-0.00359868,0.00100472,0.00300872,0,-0.066981,-0.0334905,0.000735844,1.27247e-05,0.000723119,0.00760929,16,False,False,False,ii
2025-01-08,5959,108.281,0.000671704,0.00115574,0.000824751,0.00289295,0,-0.0549834,-0.0274917,1.62104e-05,1.20736e-06,1.50031e-05,0.000484031,15,False,False,False,ii
2025-01-10,5866.5,107.453,-0.0155227,-0.00764791,-0.00108297,0.000983952,0,0.0721983,0.0360991,0.000216492,1.28458e-05,0.000203647,0.00787483,14,False,False,False,ii
2025-01-13,5875.25,107.297,0.00149152,-0.00145412,-0.000302095,0.0016901,0,0.0201397,0.0100698,0.000106335,5.25627e-06,0.000101079,-0.00294564,13,False,False,False,ii
2025-01-14,5882,107.359,0.00114889,0.000582496,-9.17625e-05,0.00182572,0,0.0061175,0.00305875,5.70347e-06,1.41541e-06,4.28806e-06,-0.000566391,12,False,False,False,ii
2025-01-15,5988.5,108.344,0.0181061,0.00916897,0.00201723,0.00393662,0,-0.134482,-0.0672409,2.73364e-05,1.41327e-05,1.32037e-05,-0.00893712,11,False,False,False,ii
2025-01-16,5976.25,108.594,-0.00204559,0.00230747,0.000892626,0.00289505,0,-0.0595084,-0.0297542,0.000292704,7.53975e-06,0.000285164,0.00435306,10,False,False,False,ii
2025-01-17,6033,108.531,0.00949592,-0.00057554,0.00324213,0.0052931,0,-0.216142,-0.108071,-0.000299668,1.57175e-05,-0.000315386,-0.0100715,9,False,False,False,ii
2025-01-21,6086.5,108.828,0.00886789,0.00273539,0.00460806,0.00674885,0,-0.307204,-0.153602,-0.000662746,9.11906e-06,-0.000671865,-0.00613251,8,False,False,False,ii
2025-01-22,6120.25,108.547,0.00554506,-0.00258435,0.00596885,0.00868402,0,-0.397923,-0.198962,-0.00124869,9.07326e-06,-0.00125777,-0.00812941,7,False,False,False,ii
2025-01-23,6153.5,108.344,0.00543278,-0.00187131,0.00711548,0.0104193,0,-0.474365,-0.237183,-0.00145324,7.63585e-06,-0.00146087,-0.0073041,6,False,False,False,ii
2025-01-24,6132.75,108.5,-0.00337206,0.00144217,0.00575609,0.00927273,0,-0.38374,-0.19187,0.00114185,9.05966e-06,0.00113279,0.00481423,5,False,False,False,ii
2025-01-27,6046.75,109.125,-0.0140231,0.00576037,-0.000202267,0.00453326,-1,0.0134845,-0.493258,0.00379584,6.0454e-05,0.00373539,0.0197834,4,False,False,False,ii
2025-01-28,6096,109.125,0.00814487,0,0.00215464,0.00647094,-1,-0.143643,-0.571821,-0.00401752,1.57293e-05,-0.00403325,-0.00814487,3,False,False,False,ii
2025-01-29,6068.25,109,-0.00455217,-0.00114548,0.00145562,0.00565527,-1,-0.0970412,-0.548521,0.00194802,4.66995e-06,0.00194335,0.00340669,2,False,False,False,ii
2025-01-30,6099.25,109.172,0.00510856,0.00157683,0.00228724,0.00649565,-1,-0.152483,-0.576241,-0.00193722,5.54932e-06,-0.00194277,-0.00353172,1,False,False,False,ii
2025-01-31,6064.75,109,-0.00565643,-0.00157435,0.00127304,0.00551746,-1,-0.0848694,-0.542435,0.00235226,6.77646e-06,0.00234549,0.00408208,0,True,False,False,ii
2025-02-03,6023,109.016,-0.00688404,0.000143349,-0.000380615,0.00383193,1,0.0253743,0.512687,0.0038119,0.000211834,0.00360007,0.00702739,18,False,True,False,ii
2025-02-04,6062.5,109.203,0.00655819,0.00171994,0.000840569,0.00115584,0,-0.056038,-0.028019,0.00248051,0.000108393,0.00237212,-0.00483826,17,False,False,False,ii
2025-02-05,6086,109.719,0.00387629,0.00472171,0.000677683,0.000953985,0,-0.0451788,-0.0225894,2.36877e-05,1.08747e-06,2.26003e-05,0.000845417,16,False,False,False,ii
2025-02-06,6107,109.562,0.00345054,-0.0014241,0.00185285,0.00212121,0,-0.123523,-0.0617616,-0.000110115,7.83946e-06,-0.000117955,-0.00487464,15,False,False,False,ii
2025-02-07,6049.25,109.203,-0.00945636,-0.00328009,0.000317557,0.000631121,0,-0.0211705,-0.0105852,0.000381456,1.02642e-05,0.000371192,0.00617627,14,False,False,False,ii
2025-02-10,6088.25,109.172,0.00644708,-0.000286164,0.00198427,0.0022402,0,-0.132285,-0.0661423,-7.1273e-05,1.11264e-05,-8.23993e-05,-0.00673324,13,False,False,False,ii
2025-02-11,6092.5,108.969,0.000698066,-0.0018606,0.00253558,0.00285332,0,-0.169039,-0.0845194,-0.000169236,3.67979e-06,-0.000172916,-0.00255866,12,False,False,False,ii
2025-02-12,6072.75,108.281,-0.00324169,-0.00630915,0.00318451,0.00359102,0,-0.212301,-0.10615,-0.00025926,4.33454e-06,-0.000263594,-0.00306746,11,False,False,False,ii
2025-02-13,6135.25,108.922,0.0102919,0.00591631,0.00419443,0.00462908,0,-0.279629,-0.139814,-0.000464468,6.73002e-06,-0.000471198,-0.00437557,10,False,False,False,ii
2025-02-14,6131.75,109.281,-0.000570474,0.00329938,0.00309604,0.00370486,0,-0.206403,-0.103201,0.000541061,7.32051e-06,0.000533741,0.00386986,9,False,False,False,ii
2025-02-18,6148,108.781,0.00265014,-0.00457535,0.0048287,0.0054339,0,-0.321913,-0.160957,-0.000745681,1.15408e-05,-0.000757221,-0.00722549,8,False,False,False,ii
2025-02-19,6163,108.953,0.00243982,0.00158001,0.00496705,0.00563886,0,-0.331137,-0.165568,-0.000138392,9.21038e-07,-0.000139313,-0.000859812,7,False,False,False,ii
2025-02-20,6137.25,109.125,-0.00417816,0.00157751,0.00350641,0.00426154,0,-0.233761,-0.11688,0.000952958,9.73287e-06,0.000943225,0.00575567,6,False,False,False,ii
2025-02-21,6030.25,109.641,-0.0174345,0.00472509,-0.0017884,-0.00108379,0,0.119227,0.0596133,0.00259002,3.54244e-05,0.0025546,0.0221596,5,False,False,False,ii
2025-02-24,6002.25,109.844,-0.00464326,0.00185264,-0.00288608,-0.00264739,1,0.192405,0.596203,-0.000387242,0.000107816,-0.000495058,-0.0064959,4,False,False,False,ii
2025-02-25,5970.5,110.562,-0.00528968,0.00654339,-0.00436749,-0.00549501,1,0.291166,0.645583,-0.00705491,9.93412e-06,-0.00706484,-0.0118331,3,False,False,False,ii
2025-02-26,5972,110.812,0.000251235,0.00226116,-0.00414878,-0.00597902,1,0.276586,0.638293,-0.00129758,1.4665e-06,-0.00129904,-0.00200993,2,False,False,False,ii
2025-02-27,5877.5,110.703,-0.0158238,-0.000987028,-0.00761006,-0.00959248,1,0.507337,0.753669,-0.00947023,2.32965e-05,-0.00949353,-0.0148368,1,False,False,False,ii
2025-02-28,5964,111.25,0.0147171,0.00451467,-0.00476837,-0.00715098,1,0.317891,0.658946,0.00768928,1.90609e-05,0.00767022,0.0102025,0,True,False,False,ii
2025-03-03,5862.75,111.562,-0.0169769,0.00280899,-0.00806637,-0.0119699,-1,0.537758,-0.231121,-0.0130378,0.000179828,-0.0132176,-0.0197858,20,False,True,False,ii
2025-03-04,5790.75,111.312,-0.0122809,-0.0022409,-0.0103266,-0.00242969,0,0.688442,0.344221,0.00232046,0.000116583,0.00220388,-0.01004,19,False,False,False,ii
2025-03-05,5850.75,110.766,0.0103614,-0.00491297,-0.00261233,0.00122807,0,0.174155,0.0870775,0.00525775,5.19781e-05,0.00520577,0.0152743,18,False,False,False,ii
2025-03-06,5747.75,110.75,-0.0176046,-0.000141064,-0.00647831,-0.00300389,0,0.431887,0.215944,-0.00152068,2.61591e-05,-0.00154684,0.0174635,17,False,False,False,ii
2025-03-07,5775,110.594,0.00474099,-0.00141084,-0.00479092,-0.00152716,0,0.319395,0.159697,0.00132845,1.14048e-05,0.00131704,0.00615182,16,False,False,False,ii
2025-03-10,5623.5,111.25,-0.0262338,0.00593388,-0.0125942,-0.00936148,0,0.83961,0.419805,-0.00513709,5.30803e-05,-0.00519017,-0.0321676,15,False,False,False,ii
2025-03-11,5575.75,110.922,-0.00849115,-0.00294944,-0.0134,-0.0107098,0,0.89333,0.446665,-0.00232644,5.4928e-06,-0.00233193,-0.00554171,14,False,False,False,ii
2025-03-12,5602.75,110.672,0.0048424,-0.00225384,-0.00301584,-0.00899559,0,0.201056,0.100528,0.00316964,7.07002e-05,0.00309894,0.00709624,13,False,False,False,ii
2025-03-13,5528.25,111,-0.013297,0.00296485,-0.00703378,-0.0129527,0,0.468919,0.234459,-0.00163477,2.74463e-05,-0.00166222,-0.0162619,12,False,False,False,ii
2025-03-14,5637.5,110.594,0.0197621,-0.00365991,-0.00128853,-0.00733136,0,0.085902,0.042951,0.00549152,3.90575e-05,0.00545246,0.023422,11,False,False,False,ii
2025-03-17,5680.5,110.609,0.00762749,0.000141283,0.00142207,-0.00553234,0,-0.0948047,-0.0474024,0.00032154,1.83933e-05,0.000303147,0.00748621,10,False,False,False,ii
2025-03-18,5620.5,110.734,-0.0105625,0.0011301,-0.00166396,-0.00836763,0,0.11093,0.0554652,0.000554255,2.0995e-05,0.00053326,-0.0116926,9,False,False,False,ii
2025-03-19,5730.75,111.016,0.0103579,0.00253986,0.000170898,-0.0064922,0,-0.0113932,-0.00569659,0.000433629,1.24243e-05,0.000421205,0.00781804,8,False,False,False,ii
2025-03-20,5714.5,111.156,-0.00283558,0.00126671,-0.000886295,-0.00748307,0,0.0590863,0.0295432,2.33691e-05,7.16345e-06,1.62056e-05,-0.00410229,7,False,False,False,ii
2025-03-21,5714.5,111.125,0,-0.000281136,-0.000814655,-0.00741518,0,0.0543103,0.0271552,8.30564e-06,4.85428e-07,7.82021e-06,0.000281136,6,False,False,False,ii
2025-03-24,5813.5,110.516,0.0173244,-0.00548369,0.00461537,-0.00195256,0,-0.307692,-0.153846,0.000619356,3.66424e-05,0.000582714,0.022808,5,False,False,False,ii
2025-03-25,5826,110.703,0.00215017,0.00169659,0.00451477,-0.00184374,1,-0.300985,0.349508,-6.97806e-05,0.000101848,-0.000171629,0.000453575,4,False,False,False,ii
2025-03-26,5758.25,110.516,-0.0116289,-0.00169372,3.38638e-05,-0.00425019,1,-0.00225759,0.498871,-0.00347242,3.03067e-05,-0.00350273,-0.00993519,3,False,False,False,ii
2025-03-27,5740.5,110.469,-0.00308253,-0.000424148,-0.000512889,-0.0048917,1,0.0341926,0.517096,-0.00132619,3.70071e-06,-0.00132989,-0.00265839,2,False,False,False,ii
2025-03-28,5624.5,111.188,-0.0202073,0.00650636,-0.00672777,-0.0113895,1,0.448518,0.724259,-0.0138135,4.22739e-05,-0.0138558,-0.0267137,1,False,False,False,ii
2025-03-31,5656.25,111.406,0.00564495,0.0019674,-0.005229,-0.0105026,1,0.3486,0.6743,0.0026635,1.01808e-05,0.00265332,0.00367755,0,True,False,False,ii
2025-04-01,5674.75,111.703,0.00327072,0.0026648,-0.00302475,-0.0103565,-1,0.20165,-0.399175,0.000408573,0.000218582,0.000189991,0.000605922,20,False,True,False,ii
2025-04-02,5710,111.547,0.00621173,-0.0013988,-0.00120521,0.00182076,0,0.0803475,0.0401738,-0.00303793,8.93266e-05,-0.00312726,0.00761052,19,False,False,False,ii
2025-04-03,5436,112.719,-0.047986,0.0105057,-0.0156796,-0.0125507,0,1.0453,0.522652,-0.00234983,9.92881e-05,-0.00244912,0.0584917,18,False,False,False,ii
2025-04-04,5108.5,112.906,-0.0602465,0.00166343,-0.0302106,-0.0280941,0,2.01404,1.00702,-0.0323574,0.000101277,-0.0324586,-0.0619099,17,False,False,False,ii
2025-04-07,5098.75,111.844,-0.00190858,-0.00941046,-0.00681189,-0.026248,0,0.454126,0.227063,0.00755455,0.000163163,0.00739139,0.00750188,16,False,False,False,ii
2025-04-08,5017.5,111.469,-0.0159353,-0.00335289,-0.00186704,-0.029358,0,0.124469,0.0622347,-0.00285699,3.46278e-05,-0.00289162,-0.0125824,15,False,False,False,ii
2025-04-09,5489.5,110.984,0.0940708,-0.00434539,0.0206811,-0.00643299,0,-1.37874,-0.689371,0.0061249,0.000154294,0.00597061,0.0984161,14,False,False,False,ii
2025-04-10,5299.5,110.562,-0.0346115,-0.00380121,0.0116386,-0.0140337,0,-0.775908,-0.387954,0.0212397,6.24278e-05,0.0211773,-0.0308103,13,False,False,False,ii
2025-04-11,5390,109.891,0.0170771,-0.00607688,0.00810995,-0.00845812,0,-0.540664,-0.270332,-0.00898267,2.42569e-05,-0.00900693,0.023154,12,False,False,False,ii
2025-04-14,5442.5,110.688,0.00974026,0.00725153,0.00856331,-0.00786199,0,-0.570887,-0.285444,-0.000672783,3.10889e-06,-0.000675892,0.00248873,11,False,False,False,ii
2025-04-15,5427.75,110.953,-0.00271015,0.00239977,0.00638262,-0.00909686,0,-0.425508,-0.212754,0.0014586,1.49643e-05,0.00144363,-0.00510993,10,False,False,False,ii
2025-04-16,5305.25,111.406,-0.0225692,0.00408393,-0.00019699,-0.015616,0,0.0131326,0.00656632,0.00567056,4.54119e-05,0.00562515,-0.0266531,9,False,False,False,ii
2025-04-17,5310.75,111.125,0.00103671,-0.00252454,0.000906849,-0.0147506,0,-0.0604566,-0.0302283,2.33843e-05,7.61658e-06,1.57678e-05,0.00356125,8,False,False,False,ii
2025-04-21,5183.5,110.719,-0.0239608,-0.00365579,-0.00255762,-0.0197571,0,0.170508,0.085254,0.000613787,2.40546e-05,0.000589733,-0.020305,7,False,False,False,ii
2025-04-22,5314.25,110.719,0.0252243,0,0.00360769,-0.0137021,0,-0.240513,-0.120256,0.00215047,4.2534e-05,0.00210794,0.0252243,6,False,False,False,ii
2025-04-23,5398.25,110.719,0.0158066,0,0.0069659,-0.00990336,0,-0.464393,-0.232197,-0.00190084,2.30762e-05,-0.00192392,0.0158066,5,False,False,False,ii
2025-04-24,5510.5,111.219,0.0207938,0.00451595,0.0106495,-0.00602086,1,-0.709967,0.145017,-0.00377966,7.73632e-05,-0.00385702,0.0162778,4,False,False,False,ii
2025-04-25,5548.25,111.547,0.00685056,0.00295027,0.0105479,-0.00508516,1,-0.703192,0.148404,0.000565607,6.93488e-07,0.000564914,0.00390029,3,False,False,False,ii
2025-04-28,5551.5,111.906,0.00058577,0.00322174,0.00848286,-0.00571936,1,-0.565524,0.217238,-0.000391188,1.40914e-05,-0.000405279,-0.00263597,2,False,False,False,ii
2025-04-29,5583.5,112.203,0.00576421,0.00265289,0.00815623,-0.00497255,1,-0.543748,0.228126,0.000675896,2.22579e-06,0.00067367,0.00311132,1,False,False,False,ii
2025-04-30,5584,112.438,8.95496e-05,0.00208885,0.00765172,-0.00545389,1,-0.510114,0.244943,-0.000456091,3.43777e-06,-0.000459529,-0.0019993,0,True,False,False,ii
2025-05-01,5625,111.953,0.00734241,-0.00430795,0.0104177,-0.00265277,-1,-0.694513,-0.847256,0.00285367,0.000222871,0.0026308,0.0116504,20,False,True,False,ii
2025-05-02,5706,111.266,0.0144,-0.00614096,0.0151635,0.00489953,0,-1.0109,-0.505449,-0.0174035,6.95066e-05,-0.017473,0.020541,19,False,False,False,ii
2025-05-05,5674.5,111.094,-0.0055205,-0.00154473,0.00795246,0.00394557,0,-0.530164,-0.265082,0.00200955,4.89443e-05,0.00196061,0.00397578,18,False,False,False,ii
2025-05-06,5625.5,111.312,-0.00863512,0.00196906,-0.000597029,0.0013978,0,0.0398019,0.019901,0.00281098,5.81515e-05,0.00275283,0.0106042,17,False,False,False,ii
2025-05-07,5648.75,111.531,0.00413297,0.00196519,2.00185e-05,0.00191576,0,-0.00133456,-0.000667282,4.31409e-05,4.19279e-06,3.89481e-05,-0.00216778,16,False,False,False,ii
2025-05-08,5686.5,110.75,0.00668289,-0.00700476,0.00362554,0.00519146,0,-0.241703,-0.120851,-9.13352e-06,2.44597e-05,-3.35933e-05,-0.0136877,15,False,False,False,ii
2025-05-09,5677.75,110.781,-0.00153873,0.000282167,0.00306332,0.00475603,0,-0.204221,-0.102111,0.000220058,3.81552e-06,0.000216243,0.0018209,14,False,False,False,ii
2025-05-12,5864.25,110.125,0.0328475,-0.00592384,0.0115778,0.0138638,0,-0.771855,-0.385928,-0.00395897,5.73385e-05,-0.00401631,-0.0387714,13,False,False,False,ii
2025-05-13,5903.5,110.047,0.0066931,-0.000709421,0.0129782,0.0156118,0,-0.865212,-0.432606,-0.00285684,9.41545e-06,-0.00286625,-0.00740252,12,False,False,False,ii
2025-05-14,5909.5,109.688,0.00101635,-0.00326565,0.00696037,0.0166257,0,-0.464024,-0.232012,-0.00185242,4.04519e-05,-0.00189287,-0.004282,11,False,False,False,ii
2025-05-15,5938.25,110.297,0.00486505,0.00555556,0.00630387,0.0164633,0,-0.420258,-0.210129,0.000160206,4.40794e-06,0.000155798,0.000690508,10,False,False,False,ii
2025-05-16,5975.25,110.297,0.00623079,0,0.00682981,0.0179308,0,-0.455321,-0.22766,-0.00130927,3.52624e-06,-0.0013128,-0.00623079,9,False,False,False,ii
2025-05-19,5981.25,110.25,0.00100414,-0.000424989,0.0071133,0.0182681,0,-0.47422,-0.23711,-0.000325357,1.90021e-06,-0.000327257,-0.00142913,8,False,False,False,ii
2025-05-20,5959.25,110.172,-0.00367816,-0.000708617,0.00429093,0.0175654,0,-0.286062,-0.143031,0.000704108,1.89348e-05,0.000685173,0.00296954,7,False,False,False,ii
2025-05-21,5859.25,109.578,-0.0167806,-0.00538931,0.00156105,0.0148412,0,-0.10407,-0.0520351,0.00162931,1.83873e-05,0.00161093,0.0113913,6,False,False,False,ii
2025-05-22,5858.5,109.922,-0.000128003,0.00313703,0.000886009,0.0140689,0,-0.0590673,-0.0295336,0.000169896,4.54694e-06,0.000165349,0.00326503,5,False,False,False,ii
2025-05-23,5817,110.125,-0.00708372,0.0018479,-0.000904194,0.0119444,-1,0.0602796,-0.46986,0.000263783,8.91283e-05,0.000174655,0.00893163,4,False,False,False,ii
2025-05-27,5936,110.438,0.0204573,0.00283768,0.00335371,0.0160723,-1,-0.223581,-0.61179,-0.00827875,2.85917e-05,-0.00830734,-0.0176196,3,False,False,False,ii
2025-05-28,5901.5,110.203,-0.00581199,-0.00212224,0.00213214,0.0151957,-1,-0.142142,-0.571071,0.00225736,8.21407e-06,0.00224914,0.00368975,2,False,False,False,ii
2025-05-29,5923.25,110.594,0.0036855,0.00354459,0.00219997,0.015229,-1,-0.146665,-0.573332,-8.04712e-05,4.55765e-07,-8.0927e-05,-0.000140913,1,False,False,False,ii
2025-05-30,5914.75,110.906,-0.00143502,0.00254237,0.00124613,0.0142875,-1,-0.0830751,-0.541538,0.00228037,6.41045e-06,0.00227396,0.0039774,0,True,False,False,ii
2025-06-02,5947.25,110.562,0.00549474,-0.00309946,0.00333873,0.0163194,1,-0.222582,0.388709,-0.00465408,0.000187314,-0.0048414,-0.0085942,19,False,True,False,ii
2025-06-03,5981.5,110.453,0.00575896,-0.000989259,0.00485988,0.00161463,0,-0.323992,-0.161996,0.0026231,0.000110741,0.00251235,-0.00674822,18,False,False,False,ii
2025-06-04,5978.25,111.141,-0.000543342,0.00622436,0.00318381,-3.92744e-06,0,-0.212254,-0.106127,0.00109634,1.12361e-05,0.0010851,0.0067677,17,False,False,False,ii
2025-06-05,5947.75,110.781,-0.00510183,-0.00323352,0.00279724,-0.000454285,0,-0.186482,-0.0932412,0.000198279,2.59466e-06,0.000195684,-0.00186831,16,False,False,False,ii
2025-06-06,6006.5,109.953,0.00987768,-0.00747532,0.00695651,0.00369984,0,-0.463767,-0.231884,-0.00161801,2.78526e-05,-0.00164587,0.017353,15,False,False,False,ii
2025-06-09,6010,110.109,0.000582702,0.00142106,0.00659698,0.00349945,0,-0.439798,-0.219899,0.000194401,2.40729e-06,0.000191994,0.000838358,14,False,False,False,ii
2025-06-10,6045,110.25,0.00582363,0.00127714,0.00588022,0.00458301,0,-0.392014,-0.196007,-0.000999769,4.7927e-06,-0.00100456,-0.00454649,13,False,False,False,ii
2025-06-11,6028.5,110.656,-0.00272953,0.00368481,0.00430656,0.00304929,0,-0.287104,-0.143552,0.00125726,1.05291e-05,0.00124673,0.00641434,12,False,False,False,ii
2025-06-12,6050.5,111.062,0.00364933,0.00367128,0.00423311,0.00304406,0,-0.282207,-0.141104,3.15053e-06,4.91088e-07,2.65945e-06,2.1947e-05,11,False,False,False,ii
2025-06-13,5980,110.688,-0.0116519,-0.00337648,0.00223788,0.00104635,0,-0.149192,-0.0745961,0.0011677,1.33748e-05,0.00115432,0.00827545,10,False,False,False,ii
2025-06-16,6038,110.453,0.009699,-0.00211745,0.0051309,0.00386576,0,-0.34206,-0.17103,-0.000881461,1.93497e-05,-0.00090081,-0.0118164,9,False,False,False,ii
2025-06-17,5985,110.859,-0.00877774,0.00367803,0.00198893,0.000874691,0,-0.132595,-0.0662976,0.00213031,2.10578e-05,0.00210925,0.0124558,8,False,False,False,ii
2025-06-18,6035.5,110.891,-0.00045543,0.000281889,0.00192769,0.000697835,0,-0.128513,-0.0642564,4.88824e-05,4.09606e-07,4.84728e-05,0.000737319,7,False,False,False,ii
2025-06-20,6016.75,110.953,-0.00310662,0.000563618,0.00129839,-0.000183955,0,-0.0865592,-0.0432796,0.000235836,4.21248e-06,0.000231624,0.00367024,6,False,False,False,ii
2025-06-23,6076.75,111.312,0.00997216,0.00323898,0.00293462,0.00142058,0,-0.195641,-0.0978205,-0.000291409,1.09276e-05,-0.000302337,0.00673318,5,False,False,False,ii
2025-06-24,6143.75,111.641,0.0110256,0.00294778,0.00487173,0.00334195,-1,-0.324782,-0.662391,-0.000790179,0.000112832,-0.000903011,-0.00807785,4,False,False,False,ii
2025-06-25,6147.5,111.734,0.000610376,0.000839748,0.00474296,0.0032871,-1,-0.316197,-0.658099,0.000151934,8.57702e-07,0.000151076,0.000229372,3,False,False,False,ii
2025-06-26,6196.25,112.062,0.00793005,0.00293665,0.00573235,0.00447511,-1,-0.382156,-0.691078,-0.00328615,6.57836e-06,-0.00329273,-0.0049934,2,False,False,False,ii
2025-06-27,6223.25,111.797,0.00435747,-0.00237033,0.0072904,0.0060809,-1,-0.486027,-0.743013,-0.00464944,1.03492e-05,-0.00465979,-0.0067278,1,False,False,False,ii
2025-06-30,6251.5,112.141,0.00453943,0.00307477,0.00728916,0.0064292,-1,-0.485944,-0.742972,-0.00108826,8.18774e-09,-0.00108827,-0.00146466,0,True,False,False,ii
2025-07-01,6249,111.875,-0.000399904,-0.00236868,0.00734996,0.00689965,1,-0.489997,0.255001,-0.00146274,0.000198683,-0.00166143,-0.00196877,21,False,True,False,ii
2025-07-02,6275.25,111.641,0.00420067,-0.00209497,0.0085379,0.00150842,0,-0.569193,-0.284597,0.0016054,0.000107326,0.00149807,-0.00629564,20,False,False,False,ii
2025-07-03,6323.5,111.25,0.00768894,-0.00349895,0.011136,0.00418147,0,-0.742398,-0.371199,-0.00318404,1.71956e-05,-0.00320123,-0.0111879,19,False,False,False,ii
2025-07-07,6275.5,111,-0.00759073,-0.00224719,0.00805652,0.00289655,0,-0.537102,-0.268551,0.00198352,2.04164e-05,0.0019631,0.00534354,18,False,False,False,ii
2025-07-08,6270.5,110.828,-0.000796749,-0.00154842,0.00602238,0.00307671,0,-0.401492,-0.200746,-0.000201863,1.34886e-05,-0.000215351,-0.000751674,17,False,False,False,ii
2025-07-09,6307,111.281,0.00582091,0.00408854,0.00646948,0.00348928,0,-0.431299,-0.215649,-0.000347766,2.96091e-06,-0.000350727,-0.00173237,16,False,False,False,ii
2025-07-10,6324.5,111.219,0.00277469,-0.00056164,0.00724851,0.00428647,0,-0.483234,-0.241617,-0.000719478,5.15594e-06,-0.000724634,-0.00333633,15,False,False,False,ii
2025-07-11,6299,110.766,-0.00403194,-0.00407418,0.00722787,0.00429661,0,-0.481858,-0.240929,-1.02056e-05,1.36725e-07,-1.03424e-05,-4.22389e-05,14,False,False,False,ii
2025-07-14,6310.75,110.766,0.00186538,0,0.00720086,0.00474216,0,-0.480057,-0.240029,-0.000449423,1.78872e-07,-0.000449602,-0.00186538,13,False,False,False,ii
2025-07-15,6282.25,110.344,-0.0045161,-0.00380872,0.00701426,0.00457236,0,-0.467617,-0.233809,0.000169793,1.23684e-06,0.000168556,0.000707386,12,False,False,False,ii
2025-07-16,6302.75,110.656,0.00326316,0.00283206,0.00712331,0.0046751,0,-0.474888,-0.237444,-0.000100796,7.22326e-07,-0.000101518,-0.000431103,11,False,False,False,ii
2025-07-17,6342.25,110.562,0.00626711,-0.000847218,0.00881004,0.00636988,0,-0.587336,-0.293668,-0.00168925,1.11565e-05,-0.00170041,-0.00711432,10,False,False,False,ii
2025-07-18,6334.75,110.812,-0.00118255,0.00226116,0.00792472,0.00554805,0,-0.528314,-0.264157,0.00101131,5.85733e-06,0.00100545,0.00344371,9,False,False,False,ii
2025-07-21,6345.25,111.109,0.00165752,0.00267908,0.00394399,0.00530455,0,-0.262933,-0.131466,0.00026985,2.63268e-05,0.000243523,0.00102155,8,False,False,False,ii
2025-07-22,6345.5,111.375,3.93996e-05,0.00239066,0.00339159,0.00474335,0,-0.226106,-0.113053,0.000309112,3.65328e-06,0.000305459,0.00235126,7,False,False,False,ii
2025-07-23,6399,111,0.00843117,-0.003367,0.00622582,0.00755287,0,-0.415055,-0.207527,-0.00133382,1.87093e-05,-0.00135253,-0.0117982,6,False,False,False,ii
2025-07-24,6401.75,110.828,0.000429755,-0.00154842,0.0065897,0.00802469,0,-0.439313,-0.219657,-0.000410526,2.40183e-06,-0.000412928,-0.00197818,5,False,False,False,ii
2025-07-25,6425.75,111,0.00374897,0.00155082,0.0065946,0.00854707,-1,-0.43964,-0.71982,-0.000482838,9.89593e-05,-0.000581798,-0.00219815,4,False,False,False,ii
2025-07-28,6423,110.828,-0.000427966,-0.00154842,0.00684196,0.00881421,-1,-0.45613,-0.728065,-0.000806528,1.6315e-06,-0.000808159,-0.00112046,3,False,False,False,ii
2025-07-29,6406,111.375,-0.00264674,0.00493444,0.00419013,0.00700926,-1,-0.279342,-0.639671,0.00551959,1.7501e-05,0.00550209,0.00758118,2,False,False,False,ii
2025-07-30,6397.5,111.047,-0.00132688,-0.00294613,0.00464801,0.00739629,-1,-0.309868,-0.654934,-0.00103579,3.02271e-06,-0.00103881,-0.00161925,1,False,False,False,ii
2025-07-31,6371,111.062,-0.00414224,0.000140706,0.00363116,0.00637243,-1,-0.242078,-0.621039,0.00280505,6.71895e-06,0.00279833,0.00428295,0,True,False,False,ii
2025-08-01,6263.5,112.266,-0.0168733,0.0108329,-0.00299645,-0.000280318,1,0.199763,0.599882,0.0172066,0.000242942,0.0169637,0.0277062,20,False,True,False,ii
2025-08-04,6357,112.375,0.0149278,0.000974252,0.00088209,0.00331783,0,-0.058806,-0.029403,0.00837045,0.000124803,0.00824565,0.0139535,19,False,False,False,ii
2025-08-05,6325.25,112.266,-0.00499449,-0.000973304,0.000621319,0.00235218,0,-0.0414213,-0.0207106,0.000118235,1.72583e-06,0.000116509,0.00402119,18,False,False,False,ii
2025-08-06,6371.75,112.219,0.00735149,-0.000417537,0.00242373,0.00420515,0,-0.161582,-0.0807909,-0.000160902,1.19093e-05,-0.000172811,-0.00776902,17,False,False,False,ii
2025-08-07,6367.5,112.109,-0.000667007,-0.000974659,0.00242606,0.00427878,0,-0.161737,-0.0808685,-2.48555e-05,1.54015e-08,-2.48709e-05,-0.000307652,16,False,False,False,ii
2025-08-08,6414,111.812,0.00730271,-0.00264808,0.00472426,0.00665029,0,-0.314951,-0.157475,-0.000804706,1.51631e-05,-0.000819869,-0.00995079,15,False,False,False,ii
2025-08-11,6400,111.859,-0.00218273,0.000419229,0.00401005,0.00602868,0,-0.267337,-0.133668,0.000409744,4.71449e-06,0.000405029,0.00260195,14,False,False,False,ii
2025-08-12,6467.5,111.797,0.0105469,-0.000558737,0.00639777,0.00866396,0,-0.426518,-0.213259,-0.00148447,1.5725e-05,-0.00150019,-0.0111056,13,False,False,False,ii
2025-08-13,6489,112.188,0.00332431,0.00349406,0.0062555,0.00862367,0,-0.417034,-0.208517,3.61999e-05,9.36268e-07,3.52637e-05,0.000169746,12,False,False,False,ii
2025-08-14,6488.75,111.844,-3.85267e-05,-0.00306407,0.00657503,0.00934524,0,-0.438335,-0.219168,-0.000630876,2.1028e-06,-0.000632979,-0.00302554,11,False,False,False,ii
2025-08-15,6471.5,111.641,-0.00265845,-0.00181615,0.00634561,0.00914427,0,-0.423041,-0.21152,0.000184604,1.5107e-06,0.000183094,0.000842298,10,False,False,False,ii
2025-08-18,6468.75,111.547,-0.00042494,-0.000839748,0.00633201,0.00924308,0,-0.422134,-0.211067,-8.77403e-05,8.95842e-08,-8.78299e-05,-0.000414808,9,False,False,False,ii
2025-08-19,6432.75,111.781,-0.00556522,0.00210113,0.00449381,0.00741329,0,-0.299588,-0.149794,0.00161811,1.21202e-05,0.00160599,0.00766635,8,False,False,False,ii
2025-08-20,6413.75,111.891,-0.00295364,0.000978474,0.00362352,0.0064743,0,-0.241568,-0.120784,0.000589005,5.74207e-06,0.000583263,0.00393211,7,False,False,False,ii
2025-08-21,6388.25,111.578,-0.00397583,-0.00279291,0.00345919,0.00619099,0,-0.230613,-0.115306,0.000142879,1.08519e-06,0.000141793,0.00118293,6,False,False,False,ii
2025-08-22,6483.25,112.125,0.0148711,0.00490127,0.00592389,0.00854524,0,-0.394926,-0.197463,-0.00114958,1.62233e-05,-0.0011658,-0.00996978,5,False,False,False,ii
2025-08-25,6454.5,111.938,-0.0044345,-0.00167224,0.00517109,0.007885,-1,-0.344739,-0.67237,0.000545445,9.387e-05,0.000451575,0.00276226,4,False,False,False,ii
2025-08-26,6481,112.203,0.00410566,0.00237298,0.00548918,0.0082966,-1,-0.365946,-0.682973,-0.00116501,2.09393e-06,-0.0011671,-0.00173269,3,False,False,False,ii
2025-08-27,6494.25,112.406,0.00204444,0.00181033,0.00552905,0.00835227,-1,-0.368603,-0.684302,-0.000159887,2.62315e-07,-0.00016015,-0.000234105,2,False,False,False,ii
2025-08-28,6517,112.547,0.0035031,0.00125104,0.00606336,0.00888744,-1,-0.404224,-0.702112,-0.00154109,3.51299e-06,-0.0015446,-0.00225206,1,False,False,False,ii
2025-08-29,6475.25,112.531,-0.00640632,-0.000555093,0.00464003,0.00748825,-1,-0.309336,-0.654668,0.00410822,9.37124e-06,0.00409885,0.00585123,0,True,False,False,ii
2025-09-02,6426,112.234,-0.00760588,-0.00263816,0.00351557,0.00629697,1,-0.234371,0.382814,0.00325221,0.000205268,0.00304694,0.00496773,20,False,True,False,ii
2025-09-03,6458.5,112.516,0.00505758,0.00250592,0.0041697,0.000609937,0,-0.27798,-0.13899,0.000976813,0.000103126,0.000873687,-0.00255166,19,False,False,False,ii
2025-09-04,6511.25,112.891,0.00816753,0.00333287,0.00531776,0.00176248,0,-0.354517,-0.177259,-0.00067197,7.5497e-06,-0.000679519,-0.00483466,18,False,False,False,ii
2025-09-05,6491,113.328,-0.00311,0.00387543,0.00360407,8.79059e-05,0,-0.240271,-0.120136,0.00123823,1.1277e-05,0.00122695,0.00698543,17,False,False,False,ii
2025-09-08,6507,113.562,0.00246495,0.00206811,0.00378338,0.000182922,0,-0.252225,-0.126113,-4.76749e-05,1.17928e-06,-4.88542e-05,-0.000396842,16,False,False,False,ii
2025-09-09,6521,113.312,0.00215153,-0.00220143,0.00482052,0.00122704,0,-0.321368,-0.160684,-0.000548963,6.81807e-06,-0.000555781,-0.00435296,15,False,False,False,ii
2025-09-10,6539.25,113.516,0.00279865,0.00179261,0.00502021,0.00146767,0,-0.334681,-0.16734,-0.000161655,1.31199e-06,-0.000162967,-0.00100604,14,False,False,False,ii
2025-09-11,6592.25,113.594,0.0081049,0.000688231,0.00672101,0.00323637,0,-0.448067,-0.224034,-0.00124111,1.11546e-05,-0.00125226,-0.00741667,13,False,False,False,ii
2025-09-12,6587.75,113.266,-0.00068262,-0.00288858,0.00718005,0.00376517,0,-0.47867,-0.239335,-0.00049421,3.01104e-06,-0.000497221,-0.00220596,12,False,False,False,ii
2025-09-15,6621.75,113.438,0.00516109,0.00151745,0.00715862,0.00463362,0,-0.477241,-0.238621,-0.000872051,1.40424e-07,-0.000872192,-0.00364364,11,False,False,False,ii
2025-09-16,6611.5,113.5,-0.00154793,0.000550964,0.00580812,0.00413152,0,-0.387208,-0.193604,0.000500839,8.85162e-06,0.000491988,0.00209889,10,False,False,False,ii
2025-09-17,6660.25,113.203,-0.00119972,-0.00261564,0.00521341,0.00447074,0,-0.347561,-0.17378,-0.000274128,3.89175e-06,-0.00027802,-0.00141592,9,False,False,False,ii
2025-09-18,6692.25,112.891,0.00480462,-0.00276052,0.00700441,0.00627619,0,-0.466961,-0.23348,-0.00131467,1.17083e-05,-0.00132638,-0.00756515,8,False,False,False,ii
2025-09-19,6721.75,112.844,0.00440808,-0.000415225,0.00808236,0.00742466,0,-0.538824,-0.269412,-0.00112615,7.0403e-06,-0.00113319,-0.00482331,7,False,False,False,ii
2025-09-22,6751.75,112.672,0.00446312,-0.00152312,0.00703809,0.00884913,0,-0.469206,-0.234603,-0.00161277,6.81387e-06,-0.00161958,-0.00598625,6,False,False,False,ii
2025-09-23,6715.75,112.906,-0.00533195,0.00208016,0.00322402,0.00707962,0,-0.214935,-0.107467,0.0017389,2.49151e-05,0.00171399,0.00741211,5,False,False,False,ii
2025-09-24,6692,112.641,-0.00353646,-0.00235262,0.00289386,0.00679636,-1,-0.192924,-0.596462,0.000127225,9.59018e-05,3.13232e-05,0.00118385,4,False,False,False,ii
2025-09-25,6660.5,112.359,-0.00470711,-0.00249688,0.00237369,0.00626698,-1,-0.158246,-0.579123,0.00131832,3.40397e-06,0.00131492,0.00221023,3,False,False,False,ii
2025-09-26,6696.25,112.297,0.00536746,-0.000556251,0.00390855,0.00767674,-1,-0.26057,-0.630285,-0.00343056,1.00325e-05,-0.00344059,-0.00592372,2,False,False,False,ii
2025-09-29,6714.25,112.516,0.00268807,0.00194796,0.00403063,0.00785276,-1,-0.268709,-0.634354,-0.00046648,7.97561e-07,-0.000467278,-0.00074011,1,False,False,False,ii
2025-09-30,6737.25,112.5,0.00342555,-0.00013887,0.00487455,0.00870068,-1,-0.32497,-0.662485,-0.00226111,5.50909e-06,-0.00226661,-0.00356442,0,True,False,False,ii
2025-10-01,6760.5,112.844,0.00345096,0.00305556,0.0049359,0.00879455,1,-0.32906,0.33547,-0.000261951,0.000195296,-0.000457248,-0.000395407,22,False,True,False,ii
2025-10-02,6766.75,112.922,0.000924488,0.000692329,0.00482359,5.56718e-05,0,-0.321573,-0.160786,7.78823e-05,9.70965e-05,-1.92142e-05,-0.000232159,21,False,False,False,ii
2025-10-03,6765,112.641,-0.000258618,-0.00249066,0.00535548,0.000591955,0,-0.357032,-0.178516,-0.000358882,3.46919e-06,-0.000362351,-0.00223204,20,False,False,False,ii
2025-10-06,6788.5,112.375,0.00347376,-0.00235816,0.00672635,0.00198932,0,-0.448423,-0.224212,-0.00104109,8.93464e-06,-0.00105003,-0.00583193,19,False,False,False,ii
2025-10-07,6762.5,112.625,-0.00383001,0.00222469,0.00391406,0.000536567,0,-0.260938,-0.130469,0.00135753,1.8344e-05,0.00133919,0.0060547,18,False,False,False,ii
2025-10-08,6802,112.609,0.00584104,-0.000138735,0.00530111,0.00196613,0,-0.353407,-0.176704,-0.000780173,9.03632e-06,-0.00078921,-0.00597977,17,False,False,False,ii
2025-10-09,6781.25,112.516,-0.00305057,-0.000832524,0.00471505,0.00143353,0,-0.314336,-0.157168,0.000391938,3.82055e-06,0.000388117,0.00221805,16,False,False,False,ii
2025-10-10,6595,113.109,-0.0274654,0.00527704,-0.00324034,-0.00653001,0,0.216023,0.108011,0.00514608,5.21703e-05,0.00509391,0.0327425,15,False,False,False,ii
2025-10-13,6694.5,113.188,0.0150872,0.000690703,0.000497651,-0.00308845,0,-0.0331767,-0.0165884,0.00155498,2.44346e-05,0.00153055,0.0143965,14,False,False,False,ii
2025-10-14,6686,113.406,-0.0012697,0.00193263,0.000151382,-0.00385894,0,-0.0100921,-0.00504606,5.31215e-05,2.26411e-06,5.08574e-05,-0.00320233,13,False,False,False,ii
2025-10-15,6715,113.281,0.00433742,-0.00110223,0.00148336,-0.0025521,0,-0.0988907,-0.0494454,-2.74488e-05,8.70124e-06,-3.61501e-05,0.00543965,12,False,False,False,ii
2025-10-16,6668.5,113.766,-0.0069248,0.00427586,-0.00125812,-0.00525243,0,0.0838744,0.0419372,0.000553821,1.79354e-05,0.000535885,-0.0112007,11,False,False,False,ii
2025-10-17,6703.75,113.5,0.00528605,-0.00233484,0.000672102,-0.00341965,0,-0.0448068,-0.0224034,0.000319599,1.26138e-05,0.000306985,0.00762089,10,False,False,False,ii
2025-10-20,6773.25,113.609,0.0103673,0.000963656,0.00286806,-0.00117122,0,-0.191204,-0.0956021,-0.000210674,1.4319e-05,-0.000224993,0.00940368,9,False,False,False,ii
2025-10-21,6772,113.766,-0.00018455,0.00137533,0.00240853,-0.00154579,0,-0.160568,-0.0802842,0.000149127,2.99658e-06,0.000146131,-0.00155988,8,False,False,False,ii
2025-10-22,6737,113.781,-0.00516834,0.000137344,0.00100445,-0.00282467,0,-0.0669634,-0.0334817,0.000425963,9.16584e-06,0.000416797,-0.00530568,7,False,False,False,ii
2025-10-23,6774.75,113.406,0.00560338,-0.0032958,0.00318298,-0.000688222,0,-0.212199,-0.106099,-0.00029796,1.42047e-05,-0.000312165,0.00889918,6,False,False,False,ii
2025-10-24,6827.25,113.453,0.00774936,0.000413337,0.00481557,0.001065,0,-0.321038,-0.160519,-0.000778348,1.06276e-05,-0.000788976,0.00733603,5,False,False,False,ii
2025-10-27,6907.5,113.438,0.0117544,-0.000137722,0.0075706,0.0038967,-1,-0.504707,-0.752353,-0.0019089,0.000115298,-0.0020242,-0.0118921,4,False,False,False,ii
2025-10-28,6925.5,113.5,0.00260586,0.000550964,0.00702986,0.00438737,-1,-0.468657,-0.734329,-0.00154601,3.50962e-06,-0.00154952,-0.0020549,3,False,False,False,ii
2025-10-29,6928,112.828,0.000360985,-0.0059196,0.00740708,0.00589227,-1,-0.493805,-0.746903,-0.00461202,2.44812e-06,-0.00461446,-0.00628059,2,False,False,False,ii
2025-10-30,6853.75,112.703,-0.0107174,-0.00110788,0.0050416,0.00358164,-1,-0.336107,-0.668053,0.00717736,1.53861e-05,0.00716197,0.0096095,1,False,False,False,ii
2025-10-31,6872,112.719,0.00266278,0.000138639,0.00556676,0.00418459,-1,-0.371117,-0.685559,-0.00168626,3.41396e-06,-0.00168967,-0.00252414,0,True,False,False,ii
2025-11-03,6885.25,112.703,0.00192811,-0.000138619,0.00603655,0.00467829,1,-0.402437,0.298782,-0.00141687,0.000191893,-0.00160876,-0.00206673,18,False,True,False,ii
2025-11-04,6803.5,112.828,-0.0118732,0.00110911,0.00289712,-0.00313671,0,-0.193141,-0.0965706,-0.00387888,7.72655e-05,-0.00395614,0.0129823,17,False,False,False,ii
2025-11-05,6824.25,112.344,0.0030499,-0.00429303,0.00485324,-0.00137003,0,-0.323549,-0.161775,-0.000709112,1.27349e-05,-0.000721847,0.00734293,16,False,False,False,ii
2025-11-06,6750,112.844,-0.0108803,0.00445063,0.0011141,-0.00507112,0,-0.0742737,-0.0371368,0.00248016,2.43992e-05,0.00245576,-0.0153309,15,False,False,False,ii
2025-11-07,6753.25,112.859,0.000481481,0.000138466,0.0014127,-0.00498849,0,-0.0941802,-0.0470901,-1.27385e-05,1.94826e-06,-1.46868e-05,0.000343016,14,False,False,False,ii
2025-11-10,6857,112.688,0.015363,-0.00152291,0.0058829,-0.000953841,0,-0.392193,-0.196097,-0.000795158,2.90732e-05,-0.000824231,0.0168859,13,False,False,False,ii
2025-11-11,6872.75,113.016,0.00229692,0.00291181,0.0055819,-0.00110116,0,-0.372126,-0.186063,0.000120578,1.95671e-06,0.000118621,-0.000614891,12,False,False,False,ii
2025-11-12,6876,113.016,0.000472882,0,0.00510178,-0.000987594,0,-0.340119,-0.170059,-8.7986e-05,3.12079e-06,-9.11067e-05,0.000472882,11,False,False,False,ii
2025-11-13,6762,112.719,-0.0165794,-0.00262685,0.00172647,-0.00437617,0,-0.115098,-0.0575489,0.00237276,2.20168e-05,0.00235074,-0.0139526,10,False,False,False,ii
2025-11-14,6758,112.547,-0.000591541,-0.00152481,0.00208052,-0.00415117,0,-0.138701,-0.0693506,-5.37088e-05,2.30973e-06,-5.60185e-05,0.000933272,9,False,False,False,ii
2025-11-17,6693.75,112.641,-0.00950725,0.000832986,-6.62575e-05,-0.00665457,0,0.00441716,0.00220858,0.000717102,1.40334e-05,0.000703068,-0.0103402,8,False,False,False,ii
2025-11-18,6637.5,112.797,-0.00840336,0.00138715,-0.00233031,-0.00902739,0,0.155354,0.0776769,-2.16232e-05,1.48268e-05,-3.645e-05,-0.00979052,7,False,False,False,ii
2025-11-19,6661.75,112.719,0.00365348,-0.000692617,-0.000183144,-0.0079788,0,0.0122096,0.00610481,0.000337592,1.40503e-05,0.000323541,0.0043461,6,False,False,False,ii
2025-11-20,6558.75,112.969,-0.0154614,0.00221791,-0.00379353,-0.0122844,0,0.252902,0.126451,-0.000107929,2.37047e-05,-0.000131633,-0.0176793,5,False,False,False,ii
2025-11-21,6622.5,113.25,0.00971984,0.00248963,-0.00177622,-0.0105442,1,0.118415,0.559207,0.000914269,8.50623e-05,0.000829206,0.00723021,4,False,False,False,ii
2025-11-24,6718.75,113.375,0.0145338,0.00110375,0.00151171,-0.00732325,1,-0.100781,0.44961,0.00751017,2.14761e-05,0.0074887,0.01343,3,False,False,False,ii
2025-11-25,6780.25,113.641,0.00915349,0.00234289,0.00282226,-0.00568952,1,-0.18815,0.405925,0.00306211,8.5437e-06,0.00305357,0.0068106,2,False,False,False,ii
2025-11-26,6825.25,113.656,0.00663692,0.000137495,0.00393984,-0.00412872,1,-0.262656,0.368672,0.00263828,7.27558e-06,0.002631,0.00649943,1,False,False,False,ii
2025-11-28,6857.25,113.344,0.00468847,-0.00220083,0.00540276,-0.00247287,1,-0.360184,0.319908,0.00253989,9.51444e-06,0.00253038,0.0068893,0,True,False,False,ii
2025-12-01,6829,112.844,-0.00411973,-0.00441136,0.00515903,-0.00240243,-1,-0.343935,-0.671968,9.32954e-05,0.000193694,-0.000100399,0.000291632,21,False,True,False,ii
2025-12-02,6839.25,112.922,0.00150095,0.000692329,0.00477862,0.000193841,0,-0.318575,-0.159287,-0.000543368,0.000100085,-0.000643453,0.000808623,20,False,False,False,ii
2025-12-03,6862.5,113.094,0.0033995,0.00152207,0.00521868,0.00064316,0,-0.347912,-0.173956,-0.00029905,2.86158e-06,-0.000301912,-0.00187743,19,False,False,False,ii
2025-12-04,6867.5,112.781,0.000728597,-0.00276319,0.00603616,0.0014813,0,-0.402411,-0.201205,-0.000607418,5.31502e-06,-0.000612733,-0.00349179,18,False,False,False,ii
2025-12-05,6876.75,112.531,0.00134692,-0.00221668,0.00658515,0.00233556,0,-0.43901,-0.219505,-0.000717016,3.56839e-06,-0.000720585,-0.0035636,17,False,False,False,ii
2025-12-08,6856.5,112.297,-0.0029447,-0.00208275,0.00595367,0.00212856,0,-0.396911,-0.198456,0.000189202,4.10712e-06,0.000185095,0.00086195,16,False,False,False,ii
2025-12-09,6849.25,112.094,-0.00105739,-0.00180882,0.00605943,0.00230883,0,-0.403962,-0.201981,-0.000149126,6.88038e-07,-0.000149814,-0.000751431,15,False,False,False,ii
2025-12-10,6892,112.406,0.00624156,0.00278784,0.00687297,0.0031321,0,-0.458198,-0.229099,-0.000697585,5.28545e-06,-0.00070287,-0.00345371,14,False,False,False,ii
2025-12-11,6908,112.438,0.00232153,0.000278009,0.007328,0.00362051,0,-0.488533,-0.244267,-0.000468169,2.95485e-06,-0.000471124,-0.00204352,13,False,False,False,ii
2025-12-12,6831.25,112.203,-0.0111103,-0.00208449,0.00500099,0.00144457,0,-0.333399,-0.1667,0.00220471,1.51463e-05,0.00218956,0.00902582,12,False,False,False,ii
2025-12-15,6820.75,112.297,-0.00153705,0.000835538,0.00455207,0.000875505,0,-0.303471,-0.151736,0.00039551,2.92294e-06,0.000392587,0.00237259,11,False,False,False,ii
2025-12-16,6800.25,112.516,-0.00300553,0.00194796,0.00338868,-0.000313686,0,-0.225912,-0.112956,0.000751622,7.57965e-06,0.000744042,0.0049535,10,False,False,False,ii
2025-12-17,6777,112.5,-0.0114146,-0.00013887,0.000717607,-0.00303938,0,-0.0478405,-0.0239202,0.00127366,1.7415e-05,0.00125625,-0.0112757,9,False,False,False,ii
2025-12-18,6828.5,112.766,0.00759923,0.00236111,0.00269972,-0.00178597,0,-0.179981,-0.0899907,-0.000125297,1.29025e-05,-0.0001382,0.00523812,8,False,False,False,ii
2025-12-19,6888.5,112.469,0.0087867,-0.00263267,0.00537432,0.000947244,0,-0.358288,-0.179144,-0.00102764,1.73783e-05,-0.00104502,0.0114194,7,False,False,False,ii
2025-12-22,6929.5,112.375,0.00595195,-0.000833565,0.00673235,0.00256921,0,-0.448823,-0.224412,-0.00121558,8.81303e-06,-0.0012244,-0.00678551,6,False,False,False,ii
2025-12-23,6960.25,112.281,0.00443755,-0.00083426,0.00749493,0.00382875,0,-0.499662,-0.249831,-0.00118306,4.94422e-06,-0.001188,-0.00527181,5,False,False,False,ii
2025-12-24,6980,112.516,0.00283754,0.00208739,0.00751388,0.00400775,-1,-0.500925,-0.750463,-0.000187411,9.73198e-05,-0.00028473,-0.00075015,4,False,False,False,ii
2025-12-26,6980,112.594,0,0.000694348,0.00734148,0.00384172,-1,-0.489432,-0.744716,0.000521082,1.11713e-06,0.000519965,0.000694348,3,False,False,False,ii
2025-12-29,6955,112.75,-0.00358166,0.00138773,0.00601041,0.00265104,-1,-0.400694,-0.700347,0.00370079,8.63142e-06,0.00369216,0.00496939,2,False,False,False,ii
2025-12-30,6945.25,112.641,-0.00140187,-0.000970067,0.00595315,0.00254751,-1,-0.396877,-0.698438,0.000302412,3.71434e-07,0.00030204,0.000431803,1,False,False,False,ii
2025-12-31,6891.75,112.281,-0.00770311,-0.00319046,0.00492285,0.00146038,-1,-0.32819,-0.664095,0.00315181,6.6938e-06,0.00314511,0.00451265,0,True,False,False,ii
2026-01-02,6900.25,112.188,0.00123336,-0.000834957,0.00545877,0.00195596,1,-0.363918,0.318041,-0.00137356,0.000191377,-0.00156493,-0.00206832,19,False,True,False,ii
2026-01-05,6946,112.453,0.00663019,0.00236769,0.00647556,0.00101799,0,-0.431704,-0.215852,0.00135565,0.00010389,0.00125176,-0.00426251,18,False,False,False,ii
2026-01-06,6986.25,112.406,0.0057947,-0.00041684,0.00791378,0.00250256,0,-0.527586,-0.263793,-0.00134077,9.31767e-06,-0.00135009,-0.00621154,17,False,False,False,ii
2026-01-07,6963,112.562,-0.00332797,0.00139005,0.00663416,0.00137099,0,-0.442277,-0.221139,0.00124458,8.29589e-06,0.00123628,0.00471801,16,False,False,False,ii
2026-01-08,6960.75,112.25,-0.000323137,-0.00277624,0.00699565,0.00195982,0,-0.466377,-0.233188,-0.000542475,2.34372e-06,-0.000544819,-0.0024531,15,False,False,False,ii
2026-01-09,7004.75,112.234,0.00632116,-0.000139198,0.008529,0.00350197,0,-0.5686,-0.2843,-0.00150648,9.92857e-06,-0.00151641,-0.00646036,14,False,False,False,ii
2026-01-12,7016,112.141,0.00160605,-0.000835306,0.00905074,0.00408578,0,-0.603383,-0.301691,-0.000694079,3.37719e-06,-0.000697456,-0.00244136,13,False,False,False,ii
2026-01-13,7000.75,112.266,-0.0021736,0.00111467,0.00724783,0.00329865,0,-0.483188,-0.241594,0.000992045,1.16754e-05,0.000980369,0.00328828,12,False,False,False,ii
2026-01-14,6968,112.438,-0.00467807,0.00153097,0.00569091,0.00180935,0,-0.379394,-0.189697,0.00150007,1.00921e-05,0.00148998,0.00620904,11,False,False,False,ii
2026-01-15,6984.75,112.172,0.00240385,-0.00236242,0.00688582,0.00295093,0,-0.459055,-0.229527,-0.000904147,7.74168e-06,-0.000911889,-0.00476627,10,False,False,False,ii
2026-01-16,6976.5,111.781,-0.00118114,-0.00348238,0.00747949,0.00350301,0,-0.498633,-0.249316,-0.000528196,3.84727e-06,-0.000532043,-0.00230123,9,False,False,False,ii
2026-01-20,6833.75,111.422,-0.0204615,-0.00321498,0.00328936,-0.000680872,0,-0.219291,-0.109645,0.00429985,2.72711e-05,0.00427258,0.0172466,8,False,False,False,ii
2026-01-21,6911,111.656,0.0113042,0.00210349,0.00563536,0.00151184,0,-0.375691,-0.187845,-0.00100881,1.52329e-05,-0.00102405,0.0092007,7,False,False,False,ii
2026-01-22,6946,111.609,0.00506439,-0.000419815,0.0070367,0.00282261,0,-0.469114,-0.234557,-0.00103018,9.08959e-06,-0.00103927,-0.00548421,6,False,False,False,ii
2026-01-23,6945.5,111.719,-7.19839e-05,0.00097998,0.0067354,0.00257082,0,-0.449027,-0.224513,0.000246745,1.95438e-06,0.000244791,0.00105196,5,False,False,False,ii
2026-01-26,6980.75,111.828,0.00507523,0.000979021,0.00767821,0.00354841,-1,-0.51188,-0.75594,-0.000919654,0.000103304,-0.00102296,-0.00409621,4,False,False,False,ii
2026-01-27,7008.75,111.75,0.00401103,-0.000698617,0.00876076,0.00467291,-1,-0.58405,-0.792025,-0.00356021,7.00877e-06,-0.00356722,-0.00470965,3,False,False,False,ii
2026-01-28,7006.5,111.672,-0.000321027,-0.000699105,0.00868572,0.00476333,-1,-0.579048,-0.789524,-0.000299447,4.85806e-07,-0.000299933,-0.000378078,2,False,False,False,ii
2026-01-29,6989.75,111.781,-0.00239064,0.000979432,0.00766893,0.00395695,-1,-0.511262,-0.755631,0.00266075,6.58673e-06,0.00265416,0.00337007,1,False,False,False,ii
2026-01-30,6968,111.734,-0.0031117,-0.000419346,0.00705701,0.00331164,-1,-0.470467,-0.735234,0.00203443,3.96652e-06,0.00203046,0.00269235,0,True,False,False,ii
2026-02-02,7003,111.578,0.00502296,-0.00139841,0.00860952,0.00484465,1,-0.573968,0.213016,-0.00472121,0.000184209,-0.00490542,-0.00642137,18,False,True,False,ii
2026-02-03,6940.5,111.641,-0.00892475,0.000560146,0.00627638,-0.00228811,0,-0.418425,-0.209213,-0.00202043,8.21751e-05,-0.00210261,0.00948489,17,False,False,False,ii
2026-02-04,6906.25,111.594,-0.0049348,-0.000419874,0.00456942,-0.00337714,0,-0.304628,-0.152314,0.000944581,1.10851e-05,0.000933495,-0.00451493,16,False,False,False,ii
2026-02-05,6817.75,112.219,-0.0128145,0.00560067,0.000439352,-0.007833,0,-0.0292901,-0.0146451,0.00280489,2.68934e-05,0.00277799,-0.0184152,15,False,False,False,ii
2026-02-06,6948.75,112.125,0.0192146,-0.000835422,0.00566263,-0.00304369,0,-0.377508,-0.188754,-0.000293633,3.38772e-05,-0.00032751,0.02005,14,False,False,False,ii
2026-02-09,6980.25,112.188,0.00453319,0.000557414,0.00649133,-0.00208991,0,-0.432755,-0.216378,-0.000750444,5.36976e-06,-0.000755814,0.00397578,13,False,False,False,ii
2026-02-10,6961.25,112.531,-0.00272197,0.00306407,0.00485368,-0.00348151,0,-0.323579,-0.161789,0.00125197,1.06175e-05,0.00124135,-0.00578603,12,False,False,False,ii
2026-02-11,6958.75,112.25,-0.000359131,-0.00249931,0.00541913,-0.00296577,0,-0.361275,-0.180638,-0.000346257,3.66632e-06,-0.000349924,0.00214017,11,False,False,False,ii
2026-02-12,6850.5,112.828,-0.015556,0.00515033,0.000416851,-0.00798357,0,-0.0277901,-0.013895,0.00374034,3.25402e-05,0.0037078,-0.0207063,10,False,False,False,ii
2026-02-13,6850,113.203,-7.29874e-05,0.00332364,-0.00020421,-0.00880289,0,0.013614,0.00680699,4.71962e-05,4.04011e-06,4.31561e-05,-0.00339663,9,False,False,False,ii
2026-02-17,6862.5,113.109,0.00182482,-0.000828157,0.00138352,-0.00816218,0,-0.0922347,-0.0461174,1.80588e-05,1.03245e-05,7.73426e-06,0.00265297,8,False,False,False,ii
2026-02-18,6895.5,112.906,0.00480874,-0.00179583,0.00313481,-0.00657011,0,-0.208988,-0.104494,-0.000304585,1.13767e-05,-0.000315962,0.00660457,7,False,False,False,ii
2026-02-19,6878.25,112.969,-0.00250163,0.000553557,0.0023418,-0.00730817,0,-0.15612,-0.0780599,0.000319248,5.15427e-06,0.000314094,-0.00305519,6,False,False,False,ii
2026-02-20,6924.75,112.938,0.00676044,-0.000276625,0.00393467,-0.00561595,0,-0.262311,-0.131156,-0.000549313,1.03385e-05,-0.000559651,0.00703707,5,False,False,False,ii
2026-02-23,6854,113.375,-0.010217,0.00387382,0.000484063,-0.00902849,1,-0.0322708,0.483865,0.00184809,0.00012001,0.00172808,-0.0140908,4,False,False,False,ii
2026-02-24,6903.25,113.281,0.00718559,-0.000826902,0.00260313,-0.00709921,1,-0.173542,0.413229,0.00387696,1.37626e-05,0.0038632,0.00801249,3,False,False,False,ii
2026-02-25,6959.5,113.188,0.00814834,-0.000827586,0.004669,-0.00494239,1,-0.311266,0.344367,0.00370911,1.33945e-05,0.00369572,0.00897592,2,False,False,False,ii
2026-02-26,6921.5,113.453,-0.00546016,0.00234677,0.00255974,-0.00682792,1,-0.170649,0.414675,-0.00268845,1.36914e-05,-0.00270214,-0.00780693,1,False,False,False,ii
2026-02-27,6888.25,113.75,-0.00480387,0.00316935,0.000617233,-0.00875502,1,-0.0411489,0.479426,-0.0033063,1.26216e-05,-0.00331892,-0.00797323,0,True,False,False,ii
2026-03-02,6887.25,113.109,-0.000145175,-0.00563187,0.0021558,-0.00742585,-1,-0.14372,-0.57186,0.00263046,0.000204931,0.00242553,0.00548669,21,False,True,False,ii
2026-03-03,6825.75,113,-0.00892954,-0.000966984,0.000186616,-0.00192206,0,-0.0124411,-0.00622055,0.00455347,0.00011047,0.004443,-0.00796256,20,False,False,False,ii
2026-03-04,6873,112.734,0.00692232,-0.00235066,0.00250118,0.00029989,0,-0.166745,-0.0833725,-5.7683e-05,1.50461e-05,-7.27291e-05,0.00927298,19,False,False,False,ii
2026-03-05,6835,112.422,-0.00552888,-0.002772,0.00176404,-0.000364536,0,-0.117603,-0.0588013,0.000229848,4.7974e-06,0.000225051,0.00275688,18,False,False,False,ii
2026-03-06,6742.5,112.344,-0.0135333,-0.000694927,-0.00137264,-0.00347276,0,0.0915091,0.0457545,0.000754912,2.04728e-05,0.00073444,-0.0128384,17,False,False,False,ii
2026-03-09,6801.75,112.609,0.00878754,0.00236439,0.000280297,-0.00193635,0,-0.0186865,-0.00934324,0.000293888,1.07686e-05,0.000283119,0.00642315,16,False,False,False,ii
2026-03-10,6788,112.312,-0.00202154,-0.00263633,0.00061303,-0.00178822,0,-0.0408687,-0.0204343,-5.74411e-06,2.16862e-06,-7.91273e-06,0.000614787,15,False,False,False,ii
2026-03-11,6779.75,111.906,-0.00121538,-0.00361714,0.00118465,-0.00120969,0,-0.0789767,-0.0394883,-4.90783e-05,3.72656e-06,-5.28049e-05,0.00240176,14,False,False,False,ii
2026-03-12,6676.25,111.516,-0.015266,-0.00349065,-0.00169069,-0.00406876,0,0.112713,0.0563564,0.000464991,1.88066e-05,0.000446185,-0.0117754,13,False,False,False,ii
2026-03-13,6637,111.406,-0.00587905,-0.000980804,-0.00276241,-0.00525286,0,0.184161,0.0920805,-0.000276047,7.01861e-06,-0.000283066,-0.00489824,12,False,False,False,ii
2026-03-16,6703,111.859,0.00994425,0.00406732,0.000289969,-0.00384702,0,-0.0193313,-0.00966564,0.000541151,1.99475e-05,0.000521203,0.00587693,11,False,False,False,ii
2026-03-17,6720.5,111.984,0.00261077,0.00111747,0.000667041,-0.00348822,0,-0.0444694,-0.0222347,-1.44337e-05,2.46282e-06,-1.68965e-05,0.0014933,10,False,False,False,ii
2026-03-18,6677.25,111.484,-0.013955,-0.00446491,-0.00171394,-0.00579572,0,0.114263,0.0571315,0.00021101,1.55727e-05,0.000195438,-0.00949013,9,False,False,False,ii
2026-03-19,6658.75,111.438,-0.0027706,-0.000420463,-0.00219121,-0.00636343,0,0.146081,0.0730403,-0.000134267,3.12337e-06,-0.00013739,-0.00235014,8,False,False,False,ii
2026-03-20,6562.75,110.531,-0.0144171,-0.00813236,-0.00317927,-0.00789772,0,0.211951,0.105976,-0.000459041,6.48644e-06,-0.000465527,-0.00628476,7,False,False,False,ii
2026-03-23,6631.5,110.844,0.0104758,0.00282725,-0.000733241,-0.00606395,0,0.0488827,0.0244414,0.000810559,1.60217e-05,0.000794537,0.00764854,6,False,False,False,ii
2026-03-24,6607,110.453,-0.00369449,-0.0035241,-0.000739777,-0.00610519,0,0.0493185,0.0246592,-4.1644e-06,4.28462e-08,-4.20725e-06,-0.000170384,5,False,False,False,ii
2026-03-25,6642,110.953,0.00529741,0.00452681,-0.000554074,-0.00592026,1,0.0369383,0.518469,1.90025e-05,9.70017e-05,-7.79992e-05,0.000770605,4,False,False,False,ii
2026-03-26,6523,110.125,-0.0179163,-0.00746374,-0.00310566,-0.00847582,1,0.207044,0.603522,-0.00541933,1.67728e-05,-0.0054361,-0.0104526,3,False,False,False,ii
2026-03-27,6407.25,110.172,-0.0177449,0.000425653,-0.00742519,-0.012912,1,0.495013,0.747506,-0.0109663,2.8506e-05,-0.0109948,-0.0181706,2,False,False,False,ii
2026-03-30,6387.75,110.812,-0.00304343,0.00581478,-0.00886746,-0.0150581,1,0.591164,0.795582,-0.00662157,9.52438e-06,-0.00663109,-0.00885821,1,False,False,False,ii
2026-03-31,6569,111,0.0283746,0.00169205,0.0018596,-0.00869014,1,-0.123973,0.438013,0.0212282,7.04066e-05,0.0211578,0.0266826,0,True,False,False,ii
2026-04-01,6619.5,110.891,0.00768762,-0.00098536,0.00362928,-0.00660285,-1,-0.241952,-0.620976,0.00379888,0.000208175,0.00359071,0.00867298,20,False,True,False,ii
2026-04-02,6623.25,111.047,0.000566508,0.00140905,0.00206272,-0.000202027,0,-0.137514,-0.0687572,0.000523196,0.000108541,0.000414655,-0.000842538,19,False,False,False,ii
2026-04-06,6653,110.797,0.00449175,-0.0022513,0.00322608,0.00141368,0,-0.215072,-0.107536,-0.000463634,7.61479e-06,-0.000471249,0.00674305,18,False,False,False,ii
2026-04-07,6655.5,111.047,0.00037577,0.00225638,0.00271434,0.000963377,0,-0.180956,-0.0904782,0.000202233,3.34928e-06,0.000198884,0.00188061,17,False,False,False,ii
2026-04-08,6823.5,111.266,0.0252423,0.00196989,0.00817142,0.0064566,0,-0.544761,-0.272381,-0.00210564,3.55281e-05,-0.00214117,-0.0232724,16,False,False,False,ii
2026-04-09,6861.75,111.266,0.00560563,0,0.00929139,0.00778994,0,-0.619426,-0.309713,-0.00152686,7.28298e-06,-0.00153415,-0.00560563,15,False,False,False,ii
2026-04-10,6855.5,111.078,-0.000910846,-0.00168516,0.00480312,0.00797475,0,-0.320208,-0.160104,-0.000239814,2.91921e-05,-0.000269006,-0.00077431,14,False,False,False,ii
2026-04-13,6921.25,111.25,0.00959084,0.00154733,0.00600689,0.00987959,0,-0.40046,-0.20023,-0.0012878,7.81386e-06,-0.00129561,-0.00804351,13,False,False,False,ii
2026-04-14,7006,111.562,0.0122449,0.00280899,0.00816689,0.0121056,0,-0.544459,-0.27223,-0.00188935,1.39856e-05,-0.00190334,-0.00943591,12,False,False,False,ii
2026-04-15,7060,111.375,0.00770768,-0.00168067,0.00997506,0.0143256,0,-0.665004,-0.332502,-0.00255579,1.16892e-05,-0.00256748,-0.00938835,11,False,False,False,ii
2026-04-16,7076.75,111.203,0.00237252,-0.00154321,0.00971428,0.0152526,0,-0.647619,-0.323809,-0.00130199,1.68504e-06,-0.00130367,-0.00391573,10,False,False,False,ii
2026-04-17,7161.5,111.688,0.0119758,0.00435577,0.00980092,0.0170402,0,-0.653395,-0.326697,-0.00246745,5.58464e-07,-0.00246801,-0.00762007,9,False,False,False,ii
2026-04-20,7148.25,111.609,-0.00185017,-0.000699496,0.00818326,0.0167679,0,-0.54555,-0.272775,0.000375922,1.04312e-05,0.000365491,0.00115067,8,False,False,False,ii
2026-04-21,7100.5,111.141,-0.00667996,-0.00419992,0.00685175,0.0161784,0,-0.456783,-0.228392,0.000676494,8.59769e-06,0.000667896,0.00248004,7,False,False,False,ii
2026-04-22,7170.25,111.219,0.00982325,0.000702938,0.00903671,0.0183218,0,-0.602447,-0.301224,-0.002083,1.40806e-05,-0.00209708,-0.00912031,6,False,False,False,ii
2026-04-23,7141.75,111.031,-0.00397476,-0.00168587,0.00840643,0.0177799,0,-0.560429,-0.280214,0.000689468,4.06502e-06,0.000685403,0.00228889,5,False,False,False,ii
2026-04-24,7194.75,111.219,0.00742115,0.00168871,0.00766085,0.0191265,-1,-0.510723,-0.755362,-0.00160631,9.17968e-05,-0.00169811,-0.00573244,4,False,False,False,ii
2026-04-27,7207.25,111.031,0.00173738,-0.00168587,0.00842386,0.0199334,-1,-0.56159,-0.780795,-0.00258579,4.91198e-06,-0.0025907,-0.00342324,3,False,False,False,ii
2026-04-28,7171.5,110.891,-0.00496028,-0.00126654,0.00538623,0.01906,-1,-0.359082,-0.679541,0.00288406,1.95748e-05,0.00286449,0.00369375,2,False,False,False,ii
2026-04-29,7170.25,110.375,-0.000174301,-0.00464985,0.00510678,0.0201174,-1,-0.340452,-0.670226,-0.00304132,1.80083e-06,-0.00304312,-0.00447555,1,False,False,False,ii
2026-04-30,7238.25,110.562,0.00948363,0.00169875,0.00691354,0.0219394,-1,-0.460903,-0.730451,-0.00521763,1.16212e-05,-0.00522925,-0.00778488,0,True,False,False,ii
2026-05-01,7257.5,110.609,0.00265948,0.000423968,0.00737447,0.0224641,1,-0.491631,0.254184,-0.00163293,0.000189897,-0.00182283,-0.00223551,19,False,True,False,ii
2026-05-04,7231,110.219,-0.0036514,-0.00353157,0.00388801,-2.88615e-05,0,-0.259201,-0.1296,-3.04571e-05,7.4071e-05,-0.000104528,0.000119823,18,False,False,False,ii
2026-05-05,7287,110.297,0.00774443,0.000708818,0.00483425,0.00165144,0,-0.322284,-0.161142,-0.000911819,6.07814e-06,-0.000917897,0.00703562,17,False,False,False,ii
2026-05-06,7386.75,110.797,0.0136888,0.00453322,0.00693607,0.00382391,0,-0.462405,-0.231202,-0.00147534,1.34646e-05,-0.0014888,-0.00915554,16,False,False,False,ii
2026-05-07,7364.25,110.531,-0.00304599,-0.00239741,0.00619177,0.00366832,0,-0.412785,-0.206392,0.000149955,4.77101e-06,0.000145184,0.000648589,15,False,False,False,ii
2026-05-08,7421,110.734,0.00770615,0.00183772,0.0065843,0.00506484,0,-0.438953,-0.219477,-0.0012112,2.5123e-06,-0.00121371,-0.00586843,14,False,False,False,ii
2026-05-11,7438.75,110.391,0.00239186,-0.00310428,0.00784166,0.00637792,0,-0.522777,-0.261389,-0.00120627,8.04375e-06,-0.00121432,-0.00549614,13,False,False,False,ii
2026-05-12,7428.25,110.016,-0.00141153,-0.00339703,0.00627045,0.00685287,0,-0.41803,-0.209015,-0.000518987,1.00543e-05,-0.000529041,-0.0019855,12,False,False,False,ii
2026-05-13,7468.5,110.078,0.0054185,0.000568101,0.00657454,0.00800604,0,-0.438303,-0.219151,-0.00101381,1.94385e-06,-0.00101575,-0.0048504,11,False,False,False,ii
2026-05-14,7526,109.938,0.007699,-0.0012775,0.00849604,0.0101365,0,-0.566402,-0.283201,-0.00196721,1.22645e-05,-0.00197948,-0.0089765,10,False,False,False,ii
2026-05-15,7432.5,109.172,-0.0124236,-0.00696418,0.00695391,0.00882441,0,-0.463594,-0.231797,0.00154611,9.86712e-06,0.00153625,0.00545941,9,False,False,False,ii
2026-05-18,7426.25,109.156,-0.000840901,-0.000143123,0.00585243,0.00865813,0,-0.390162,-0.195081,0.000161743,7.04888e-06,0.000154694,0.000697779,8,False,False,False,ii
2026-05-19,7377.5,108.75,-0.00656455,-0.00372173,0.00523379,0.00797728,0,-0.348919,-0.17446,0.00055458,3.96409e-06,0.000550616,0.00284282,7,False,False,False,ii
2026-05-20,7451.5,109.391,0.0100305,0.0058908,0.00624088,0.00895571,0,-0.416059,-0.208029,-0.000722209,6.44057e-06,-0.00072865,-0.00413969,6,False,False,False,ii
2026-05-21,7465.25,109.422,0.00184527,0.000285673,0.0065748,0.00932663,0,-0.43832,-0.21916,-0.000324441,2.13466e-06,-0.000326576,-0.00155959,5,False,False,False,ii
2026-05-22,7490.75,109.438,0.00341583,0.000142796,0.00733976,0.0101041,-1,-0.489317,-0.744659,-0.000717317,0.000100716,-0.000818033,-0.00327303,4,False,False,False,ii
2026-05-26,7539.25,109.828,0.00647465,0.00356939,0.00799872,0.0107915,-1,-0.533248,-0.766624,-0.00216343,4.20454e-06,-0.00216763,-0.00290526,3,False,False,False,ii
2026-05-27,7540,109.875,9.94794e-05,0.000426803,0.00781137,0.0107137,-1,-0.520758,-0.760379,0.000250934,1.1954e-06,0.000249739,0.000327324,2,False,False,False,ii
2026-05-28,7582,110.047,0.00557029,0.00156428,0.00859784,0.0116623,-1,-0.573189,-0.786595,-0.00304609,5.0127e-06,-0.0030511,-0.00400601,1,False,False,False,ii
2026-05-29,7595,109.891,0.00171459,0.000996299,0.00873185,0.0118327,-1,-0.582123,-0.791062,-0.000565001,8.53826e-07,-0.000565855,-0.000718288,0,True,False,False,ii
2026-06-01,7614,109.719,0.00250165,-0.00156406,0.00859357,0.0127974,1,-0.572905,0.213548,-0.00321622,0.000191934,-0.00340815,-0.0040657,20,False,True,False,ii
2026-06-02,7623.5,109.734,0.0012477,0.00014241,0.00874124,0.000265057,0,-0.582749,-0.291375,0.000236032,9.64441e-05,0.000139588,-0.00110529,19,False,False,False,ii
2026-06-03,7572.5,109.469,-0.00668984,-0.00242062,0.0060618,-0.000764461,0,-0.40412,-0.20206,0.00124394,1.70819e-05,0.00122686,0.00426922,18,False,False,False,ii
2026-06-04,7599.5,109.609,0.00356553,0.00128461,0.00644372,-0.000218141,0,-0.429581,-0.214791,-0.000460882,2.43313e-06,-0.000463315,0.00228092,17,False,False,False,ii
2026-06-05,7400.25,109.047,-0.0262188,-0.00513186,0.00129897,-0.00537156,0,-0.0865981,-0.0432991,0.00452928,3.29462e-05,0.00449634,-0.021087,16,False,False,False,ii
2026-06-08,7416,108.938,0.00212831,-0.00100301,0.00224691,-0.00461742,0,-0.149794,-0.0748971,-0.000135583,6.06795e-06,-0.000141651,0.00313132,15,False,False,False,ii
2026-06-09,7392,109.188,-0.00323625,0.00229489,0.00134992,-0.00595121,0,-0.0899944,-0.0449972,0.000414267,5.74552e-06,0.000408521,-0.00553114,14,False,False,False,ii
2026-06-10,7276,109.094,-0.0156926,-0.000858615,-0.00218946,-0.00956344,0,0.145964,0.0729819,0.000667489,2.27419e-05,0.000644747,-0.014834,13,False,False,False,ii
2026-06-11,7394.25,109.766,0.0162521,0.00615869,0.000534847,-0.00715187,0,-0.0356564,-0.0178282,0.000736633,1.74488e-05,0.000719184,0.0100934,12,False,False,False,ii
2026-06-12,7433.5,109.562,0.00530818,-0.00185053,0.00378434,-0.00542804,0,-0.252289,-0.126145,-0.000127627,2.0791e-05,-0.000148418,0.00715871,11,False,False,False,ii
2026-06-15,7564.5,109.656,0.0176229,0.000855676,0.00752856,-0.00142947,0,-0.501904,-0.250952,-0.0021151,2.38749e-05,-0.00213897,0.0167672,10,False,False,False,ii
2026-06-16,7519.25,109.891,-0.00598189,0.00213736,0.00543407,-0.00338572,0,-0.362271,-0.181136,0.00203754,1.3371e-05,0.00202417,-0.00811925,9,False,False,False,ii
2026-06-17,7492.25,109.25,-0.0126186,-0.00582966,0.00321633,-0.00503589,0,-0.214422,-0.107211,0.00122972,1.41677e-05,0.00121555,-0.00678895,8,False,False,False,ii
2026-06-18,7564.25,109.594,0.00960993,0.00314645,0.00481552,-0.00348913,0,-0.321035,-0.160517,-0.000692957,1.01972e-05,-0.000703154,0.00646348,7,False,False,False,ii
2026-06-22,7540.25,109.234,-0.00317282,-0.00327916,0.00478573,-0.00346345,0,-0.319049,-0.159524,-1.70688e-05,1.90042e-07,-1.72589e-05,0.000106336,6,False,False,False,ii
2026-06-23,7434.75,109.359,-0.0139916,0.00114433,0.00113826,-0.00713532,0,-0.0758841,-0.037942,0.00241455,2.33366e-05,0.00239121,-0.0151359,5,False,False,False,ii
2026-06-24,7428.25,109.953,-0.000874273,0.00542935,-0.000229472,-0.0086543,1,0.0152981,0.507649,0.000239172,0.000104739,0.000134433,-0.00630362,4,False,False,False,ii
2026-06-25,7428.5,110.062,3.36553e-05,0.000994742,0.000200459,-0.00888645,1,-0.013364,0.493318,-0.000487895,2.75116e-06,-0.000490646,-0.000961087,3,False,False,False,ii
2026-06-26,7380.25,110.281,-0.00649525,0.00198751,-0.00140958,-0.0109429,1,0.0939721,0.546986,-0.0041847,1.0316e-05,-0.00419502,-0.00848276,2,False,False,False,ii
2026-06-29,7497,110.25,0.0158192,-0.000283366,0.00250156,-0.00708055,1,-0.166771,0.416615,0.00880791,2.49827e-05,0.00878292,0.0161026,1,False,False,False,ii
2026-06-30,7544.75,109.781,0.00636921,-0.0042517,0.00477257,-0.00452225,1,-0.318171,0.340914,0.00442483,1.44884e-05,0.00441034,0.0106209,0,True,False,False,ii
2026-07-01,7542,109.547,-0.000364492,-0.00213493,0.00509835,-0.00409532,-1,-0.33989,-0.669945,0.000603567,0.000193483,0.000410084,0.00177044,21,False,True,False,ii
2026-07-02,7526.25,109.641,-0.00208831,0.000855798,0.00379218,-0.000707229,0,-0.252812,-0.126406,0.00197239,0.000104078,0.00186831,-0.0029441,20,False,False,False,ii
2026-07-06,7593.5,109.688,0.00893539,0.000427533,0.00584312,0.00132463,0,-0.389541,-0.194771,-0.00107544,1.30681e-05,-0.00108851,0.00850786,19,False,False,False,ii
2026-07-07,7553,109.203,-0.00533351,-0.00441595,0.00554482,0.00110356,0,-0.369655,-0.184827,0.000178713,1.90261e-06,0.00017681,0.000917555,18,False,False,False,ii
2026-07-08,7526.75,109,-0.00347544,-0.00186007,0.00489869,0.00071513,0,-0.326579,-0.16329,0.000298566,4.12405e-06,0.000294441,0.00161537,17,False,False,False,ii
2026-07-09,7590.75,109.172,0.00850301,0.00157683,0.00655923,0.00236694,0,-0.437282,-0.218641,-0.00113097,1.05813e-05,-0.00114155,-0.00692617,16,False,False,False,ii
2026-07-10,7620.75,109.078,0.00395218,-0.000858738,0.00764131,0.00351691,0,-0.509421,-0.25471,-0.00105186,6.88999e-06,-0.00105875,-0.00481092,15,False,False,False,ii
2026-07-13,7563.25,108.688,-0.00754519,-0.00358115,0.00641796,0.00256268,0,-0.427864,-0.213932,0.00100968,7.80093e-06,0.00100188,0.00396404,14,False,False,False,ii
2026-07-14,7590,108.953,0.00353684,0.00244393,0.00640108,0.0028236,0,-0.426739,-0.213369,-0.000233808,1.07538e-07,-0.000233915,-0.00109291,13,False,False,False,ii
2026-07-15,7617,109.219,0.00355731,0.00243798,0.00665732,0.00309077,0,-0.443821,-0.221911,-0.000238832,1.63169e-06,-0.000240464,-0.00111934,12,False,False,False,ii
2026-07-16,7577,109.172,-0.00525141,-0.000429185,0.00549262,0.00193259,0,-0.366175,-0.183087,0.0010701,7.42428e-06,0.00106268,0.00482223,11,False,False,False,ii
2026-07-17,7497,109.234,-0.0105583,0.000572492,0.0028625,-0.000750887,0,-0.190833,-0.0954167,0.0020379,1.68001e-05,0.0020211,0.0111308,10,False,False,False,ii
2026-07-20,7486,108.906,-0.00146725,-0.00300386,0.00349902,-0.000381101,0,-0.233268,-0.116634,-0.000146618,4.067e-06,-0.000150685,0.00153661,9,False,False,False,ii
2026-07-21,7545.75,108.625,0.00798157,-0.0025825,0.00626604,0.0021456,0,-0.417736,-0.208868,-0.00123213,1.76523e-05,-0.00124978,0.0105641,8,False,False,False,ii
2026-07-22,7536.5,108.391,-0.00122586,-0.00215765,0.00639166,0.00236918,0,-0.42611,-0.213055,-0.000194622,8.01586e-07,-0.000195424,-0.000931797,7,False,False,False,ii
2026-07-23,7444,108.125,-0.0122736,-0.00245063,0.00379281,-3.47652e-06,0,-0.252854,-0.126427,0.00209284,1.66234e-05,0.00207621,0.00982297,6,False,False,False,ii
2026-07-24,7447.75,108.312,0.000503761,0.0017341,0.00359027,-0.000298466,0,-0.239352,-0.119676,0.000155548,1.29538e-06,0.000154253,-0.00123034,5,False,False,False,ii
2026-07-27,7449.25,108.547,0.000201403,0.00216388,0.00333828,-0.000769112,1,-0.222552,0.388724,0.000234861,9.75451e-05,0.000137316,-0.00196247,4,False,False,False,ii
2026-07-28,7466,108.812,0.00224855,0.0024471,0.00330898,-0.000816684,1,-0.220599,0.389701,-7.71815e-05,1.87323e-07,-7.73688e-05,-0.000198551,3,False,False,False,ii
2026-07-29,7350.25,108.453,-0.0155036,-0.0033027,0.000359742,-0.00377832,1,-0.0239828,0.488009,-0.00475471,1.89118e-05,-0.00477362,-0.0122009,2,False,False,False,ii
2026-07-30,7472.75,108.531,0.0166661,0.000720357,0.00425953,2.16146e-05,-1,-0.283969,-0.641984,0.00778166,0.000216675,0.00756498,0.0159457,1,False,False,False,ii
2026-07-31,7520,108.234,0.00632297,-0.00273539,0.00633176,0.00218973,-1,-0.422118,-0.711059,-0.00581533,1.32287e-05,-0.00582856,-0.00905836,0,True,False,False,ii
2026-08-03,7628.5,108.406,0.0144282,0.00158799,0.00928459,0.00523729,-1,-0.618972,-0.809486,-0.00913014,1.8798e-05,-0.00914894,-0.0128402,20,False,True,False,ii
2026-08-04,7764,108.859,0.0177623,0.00417988,0.0119606,0.00322009,0,-0.797371,-0.398685,-0.0109948,7.81931e-05,-0.011073,-0.0135825,19,False,False,False,ii
2026-08-05,7747.75,108.891,-0.00209299,0.000287068,0.00796481,0.00264978,0,-0.530987,-0.265494,0.000948895,2.53622e-05,0.000923533,0.00238006,18,False,False,False,ii
2026-08-06,7735.25,108.531,-0.00161337,-0.00330033,0.00471026,0.00305467,0,-0.314017,-0.157009,-0.000447877,2.06639e-05,-0.000468541,-0.00168696,17,False,False,False,ii
2026-08-07,7778.25,108.719,0.00555897,0.00172761,0.00560663,0.00396813,0,-0.373776,-0.186888,-0.000601556,5.6853e-06,-0.000607241,-0.00383135,16,False,False,False,ii
2026-08-10,7778,108.312,-3.21409e-05,-0.00373671,0.00645741,0.00485555,0,-0.430494,-0.215247,-0.000692338,5.39617e-06,-0.000697734,-0.00370457,15,False,False,False,ii
2026-08-11,7749.75,108.438,-0.00363204,0.00115407,0.00519396,0.00370965,0,-0.346264,-0.173132,0.0010302,8.01914e-06,0.00102218,0.00478611,14,False,False,False,ii
2026-08-12,7769.5,108.516,0.00254847,0.000720461,0.00563324,0.0041462,0,-0.37555,-0.187775,-0.000316486,2.78681e-06,-0.000319273,-0.00182801,13,False,False,False,ii
2026-08-13,7823.25,108.891,0.00691808,0.00345572,0.00646602,0.00496966,0,-0.431068,-0.215534,-0.000650143,5.27616e-06,-0.000655419,-0.00346235,12,False,False,False,ii
2026-08-14,7805.5,108.609,-0.00226888,-0.00258287,0.00650934,0.00504488,0,-0.433956,-0.216978,-6.76752e-05,2.74583e-07,-6.79498e-05,-0.000313989,11,False,False,False,ii
2026-08-17,7768.75,108.453,-0.00470822,-0.00143864,0.0057236,0.00426089,0,-0.381573,-0.190787,0.000709426,4.98472e-06,0.000704441,0.00326958,10,False,False,False,ii
2026-08-18,7715.25,108.531,-0.00688656,0.000720357,0.0039305,0.00243477,0,-0.262033,-0.131017,0.0014513,1.13904e-05,0.00143991,0.00760692,9,False,False,False,ii
2026-08-19,7731.25,108.891,0.00207381,0.00331126,0.00370583,0.00213915,0,-0.247055,-0.123528,0.000162126,1.42664e-06,0.000160699,0.00123744,8,False,False,False,ii
2026-08-20,7665.25,108.516,-0.00853678,-0.00344382,0.00256856,0.000911045,0,-0.171237,-0.0856185,0.000629121,7.23335e-06,0.000621888,0.00509296,7,False,False,False,ii
2026-08-21,7691.75,108.297,0.00345716,-0.00201584,0.00392457,0.00222189,0,-0.261638,-0.130819,-0.00046859,8.61889e-06,-0.000477209,-0.005473,6,False,False,False,ii
2026-08-24,7669.75,108.453,-0.00286021,0.00144279,0.00289805,0.00118992,0,-0.193204,-0.0966018,0.000562914,6.52815e-06,0.000556386,0.004303,5,False,False,False,ii
2026-08-25,7691,108.953,0.00277062,0.00461029,0.00249902,0.000750384,-1,-0.166601,-0.583301,0.000177715,9.28064e-05,8.49083e-05,0.00183966,4,False,False,False,ii
2026-08-26,7692,108.734,0.000130022,-0.00200774,0.00308486,0.0012635,-1,-0.205658,-0.602829,-0.00124696,3.72366e-06,-0.00125068,-0.00213777,3,False,False,False,ii
2026-08-27,7741.25,108.578,0.00640276,-0.00143699,0.00493527,0.0031369,-1,-0.329018,-0.664509,-0.00472602,1.17469e-05,-0.00473777,-0.00783974,2,False,False,False,ii
2026-08-28,7722.5,108.094,-0.00242209,-0.00446107,0.00535195,0.00362654,-1,-0.356797,-0.678398,-0.00135492,2.64643e-06,-0.00135757,-0.00203898,1,False,False,False,ii
2026-08-31,7698,107.766,-0.00317255,-0.000869187,0.0046709,0.00307419,-1,-0.311393,-0.655697,0.0015626,4.32815e-06,0.00155827,0.00230336,0,True,False,False,ii
2026-09-01,7644.25,107.422,-0.00698233,-0.00318979,0.00378082,0.00216135,1,-0.252054,0.373973,0.00248676,0.000196572,0.00229018,0.00379254,20,False,True,False,ii
2026-09-02,7678.25,107.484,0.00444779,0.000581818,0.00473798,0.000925148,0,-0.315865,-0.157933,0.00144577,0.000101459,0.00134431,-0.00386597,19,False,False,False,ii
2026-09-03,7756.25,107.578,0.0101586,0.00087222,0.00692831,0.00313787,0,-0.461887,-0.230944,-0.00146662,1.38998e-05,-0.00148052,-0.00928634,18,False,False,False,ii
2026-09-04,7723.75,107.5,-0.00419017,-0.000726216,0.00601451,0.00230639,0,-0.400967,-0.200484,0.000799977,5.80357e-06,0.000794174,0.00346395,17,False,False,False,ii
2026-09-08,7681,107.359,-0.00553488,-0.00130814,0.00418648,0.00129002,0,-0.279099,-0.139549,0.000847391,1.16221e-05,0.000835769,0.00422674,16,False,False,False,ii
2026-09-09,7644.75,107.078,-0.00471944,-0.00261971,0.00372166,0.000784672,0,-0.24811,-0.124055,0.000293016,2.95794e-06,0.000290058,0.00209973,15,False,False,False,ii
2026-09-10,7598.75,106.344,-0.0060172,-0.00685831,0.00400222,0.000987695,0,-0.266815,-0.133407,-0.000104344,1.78745e-06,-0.000106131,-0.000841109,14,False,False,False,ii
2026-09-11,7659,106.125,0.00792894,-0.00205701,0.00637303,0.00337293,0,-0.424868,-0.212434,-0.0013322,1.50813e-05,-0.00134728,-0.00998594,13,False,False,False,ii
2026-09-14,7624.75,106.016,-0.00447186,-0.00103062,0.00545735,0.00254683,0,-0.363823,-0.181912,0.000731037,5.82986e-06,0.000725207,0.00344124,12,False,False,False,ii
2026-09-15,7589.75,105.891,-0.00459031,-0.00117907,0.00413129,0.00172724,0,-0.275419,-0.13771,0.000620545,8.45015e-06,0.000612095,0.00341124,11,False,False,False,ii
2026-09-16,7622,105.734,-0.00457098,-0.00147558,0.00342026,0.000982935,0,-0.228017,-0.114009,0.000426267,4.52725e-06,0.000421739,0.0030954,10,False,False,False,ii
2026-09-17,7707.25,106.25,0.0111847,0.00487661,0.0049452,0.00248264,0,-0.32968,-0.16484,-0.00071918,9.68888e-06,-0.000728869,-0.00630812,9,False,False,False,ii
2026-09-18,7712.25,105.781,0.00064874,-0.00441176,0.00610082,0.00369627,0,-0.406721,-0.203361,-0.000834173,7.34147e-06,-0.000841514,-0.0050605,8,False,False,False,ii
2026-09-21,7833.25,106.094,0.0156893,0.00295421,0.00906194,0.00671103,0,-0.60413,-0.302065,-0.00258982,1.87562e-05,-0.00260858,-0.0127351,7,False,False,False,ii
2026-09-22,7831,106.109,-0.000287237,0.000147275,0.00867916,0.00660733,0,-0.578611,-0.289305,0.000131251,2.42471e-06,0.000128826,0.000434513,6,False,False,False,ii
2026-09-23,7773.75,105.109,-0.00731069,-0.00942424,0.00509652,0.00711584,0,-0.339768,-0.169884,-0.000611461,2.27257e-05,-0.000634187,-0.00211355,5,False,False,False,ii
2026-09-24,7765.5,104.656,-0.00106126,-0.00431099,0.00585513,0.0078928,-1,-0.390342,-0.695171,-0.000552076,9.99811e-05,-0.000652057,-0.00324972,4,False,False,False,ii
2026-09-25,7804.75,105.016,0.00505441,0.00343386,0.0062103,0.00827737,-1,-0.41402,-0.70701,-0.00112656,2.25125e-06,-0.00112881,-0.00162055,3,False,False,False,ii
2026-09-28,7746.5,104.5,-0.0074634,-0.00490998,0.00552133,0.007665,-1,-0.368089,-0.684044,0.00180529,4.3732e-06,0.00180092,0.00255342,2,False,False,False,ii
2026-09-29,7732.5,104.453,-0.00180727,-0.000448565,0.00496583,0.00734066,-1,-0.331055,-0.665528,0.000929413,3.52728e-06,0.000925886,0.0013587,1,False,False,False,ii
2026-09-30,7712.75,104.312,-0.00255415,-0.0013463,0.00468917,0.00705201,-1,-0.312611,-0.656306,0.000803862,1.75754e-06,0.000802104,0.00120786,0,True,False,False,ii
