date,contract,pre_bp,post_bp,y_bp
2024-05-01,ZT,1.927,10.005,-8.078
2024-05-02,ZT,10.778,11.531,-0.753
2024-05-03,ZT,12.301,-4.223,16.524
2024-05-06,ZT,-0.384,-1.152,0.768
2024-05-07,ZT,3.84,-1.92,5.761
2024-05-08,ZT,-1.92,4.61,-6.53
2024-05-09,ZT,2.305,-11.517,13.821
2024-05-10,ZT,-9.215,0.384,-9.599
2024-05-13,ZT,2.69,6.533,-3.842
2024-05-14,ZT,6.917,14.976,-8.058
2024-05-15,ZT,15.745,-11.887,27.632
2024-05-16,ZT,-9.969,-7.293,-2.676
2024-05-17,ZT,-4.991,-4.225,-0.766
2024-05-20,ZT,-2.305,2.305,-4.61
2024-05-21,ZT,4.227,-7.683,11.91
2024-05-22,ZT,-6.53,-9.612,3.082
2024-05-23,ZT,-11.534,-2.694,-8.84
2024-05-24,ZT,-3.464,-3.08,-0.384
2024-05-28,ZT,-0.385,-3.851,3.467
2024-05-30,ZT,6.165,12.285,-6.12
2024-05-31,ZT,6.912,14.19,-7.278
2024-06-03,ZT,8.816,9.574,-0.758
2024-06-04,ZT,9.957,9.948,0.009
2024-06-05,ZT,6.122,0.765,5.357
2024-06-06,ZT,-0.382,-32.103,31.72
2024-06-07,ZT,-26.756,-2.3,-24.457
2024-06-10,ZT,1.15,10.352,-9.202
2024-06-11,ZT,3.834,12.64,-8.806
2024-06-12,ZT,30.641,11.471,19.17
2024-06-13,ZT,16.449,-1.146,17.595
2024-06-14,ZT,0.0,-16.801,16.801
2024-06-17,ZT,-11.457,9.178,-20.636
2024-06-18,ZT,11.474,-4.584,16.059
2024-06-20,ZT,-5.349,-0.764,-4.585
2024-06-21,ZT,-2.675,-0.382,-2.293
2024-06-24,ZT,-3.44,0.0,-3.44
2024-06-25,ZT,-4.205,-10.705,6.5
2024-06-27,ZT,4.593,-0.765,5.358
2024-06-28,ZT,-2.295,-8.799,6.504
2024-07-01,ZT,-13.006,5.745,-18.751
2024-07-02,ZT,5.361,5.741,-0.38
2024-07-03,ZT,9.952,18.742,-8.79
2024-07-05,ZT,17.213,-5.344,22.557
2024-07-08,ZT,-3.818,-1.146,-2.672
2024-07-09,ZT,-1.91,0.382,-2.292
2024-07-10,ZT,-0.764,22.155,-22.919
2024-07-11,ZT,23.679,9.527,14.152
2024-07-12,ZT,6.098,1.904,4.194
2024-07-15,ZT,0.381,4.95,-4.569
2024-07-16,ZT,-3.807,1.523,-5.33
2024-07-17,ZT,-4.567,-8.754,4.187
2024-07-18,ZT,-3.045,-8.379,5.334
2024-07-19,ZT,-7.999,-2.668,-5.331
2024-07-22,ZT,-7.243,5.339,-12.581
2024-07-23,ZT,4.194,3.049,1.146
2024-07-24,ZT,10.672,-4.951,15.623
2024-07-25,ZT,0.381,9.527,-9.146
2024-07-26,ZT,9.146,-1.142,10.288
2024-07-29,ZT,0.381,4.95,-4.569
2024-07-30,ZT,6.473,17.124,-10.651
2024-07-31,ZT,0.761,33.477,-32.715
2024-08-01,ZT,13.296,52.324,-39.028
2024-08-02,ZT,47.393,-2.64,50.033
2024-08-05,ZT,-4.526,-20.745,16.219
2024-08-06,ZT,-23.387,-1.89,-21.498
2024-08-08,ZT,-11.34,-2.27,-9.07
2024-08-09,ZT,-1.892,6.813,-8.705
2024-08-12,ZT,3.028,12.483,-9.455
2024-08-13,ZT,10.591,-3.4,13.991
2024-08-14,ZT,-1.889,-27.961,26.072
2024-08-15,ZT,-27.967,5.684,-33.651
2024-08-16,ZT,2.652,-0.379,3.031
2024-08-19,ZT,1.894,10.984,-9.091
2024-08-20,ZT,11.742,11.729,0.014
2024-08-21,ZT,12.486,-17.758,30.244
2024-08-22,ZT,-16.628,16.275,-32.903
2024-08-23,ZT,11.355,-4.157,15.512
2024-08-26,ZT,-2.267,5.67,-7.937
2024-08-27,ZT,2.646,-1.511,4.158
2024-08-28,ZT,-1.511,-6.424,4.912
2024-08-29,ZT,-4.913,-4.889,-0.024
2024-08-30,ZT,-5.64,10.164,-15.803
2024-09-03,ZT,6.399,23.698,-17.299
2024-09-05,ZT,1.876,18.011,-16.134
2024-09-06,ZT,10.881,-4.868,15.749
2024-09-09,ZT,-1.498,11.238,-12.736
2024-09-10,ZT,10.865,-7.484,18.349
2024-09-11,ZT,-6.735,-3.744,-2.991
2024-09-12,ZT,-9.362,9.363,-18.725
2024-09-13,ZT,13.111,1.871,11.24
2024-09-16,ZT,7.484,-10.471,17.954
2024-09-17,ZT,-7.107,-9.358,2.251
2024-09-18,ZT,-8.61,1.872,-10.482
2024-09-19,ZT,2.997,2.996,0.001
2024-09-20,ZT,2.995,-2.995,5.99
2024-09-23,ZT,1.123,6.364,-5.24
2024-09-24,ZT,7.114,-8.606,15.72
2024-09-25,ZT,-7.856,-13.105,5.249
2024-09-26,ZT,-11.609,11.247,-22.856
2024-09-27,ZT,10.498,-16.478,26.975
2024-09-30,ZT,-7.49,7.128,-14.618
2024-10-01,ZT,8.252,-4.124,12.377
2024-10-02,ZT,-4.499,-13.504,9.006
2024-10-03,ZT,-10.503,-41.325,30.823
2024-10-04,ZT,-40.568,-10.941,-29.627
2024-10-07,ZT,-12.072,7.179,-19.251
2024-10-08,ZT,3.777,-7.553,11.33
2024-10-09,ZT,-9.817,8.693,-18.51
2024-10-10,ZT,1.89,9.069,-7.179
2024-10-11,ZT,4.532,-2.265,6.797
2024-10-15,ZT,-2.265,3.776,-6.041
2024-10-16,ZT,3.398,-8.304,11.702
2024-10-17,ZT,-9.814,5.667,-15.481
2024-10-18,ZT,2.267,-15.105,17.372
2024-10-21,ZT,-15.482,-3.782,-11.7
2024-10-22,ZT,-4.917,-6.81,1.894
2024-10-23,ZT,-7.567,4.545,-12.111
2024-10-24,ZT,5.301,-6.435,11.736
2024-10-25,ZT,-1.893,-6.439,4.546
2024-10-28,ZT,-8.712,3.791,-12.503
2024-10-29,ZT,-4.169,-9.095,4.926
2024-10-30,ZT,-4.926,-2.275,-2.651
2024-10-31,ZT,-1.517,-7.967,6.449
2024-11-01,ZT,-4.552,6.454,-11.006
2024-11-04,ZT,4.936,-6.451,11.387
2024-11-05,ZT,-13.279,-15.188,1.909
2024-11-06,ZT,-13.67,11.405,-25.075
2024-11-07,ZT,11.789,-6.078,17.867
2024-11-08,ZT,-6.456,-16.726,10.27
2024-11-12,ZT,-17.105,12.565,-29.67
2024-11-14,ZT,1.141,-3.424,4.565
2024-11-15,ZT,8.378,2.283,6.095
2024-11-18,ZT,1.522,-0.0,1.522
2024-11-19,ZT,1.141,-7.608,8.749
2024-11-20,ZT,-2.283,-6.09,3.807
2024-11-21,ZT,-2.665,-5.713,3.048
2024-11-22,ZT,-3.047,17.145,-20.192
2024-11-25,ZT,12.195,0.0,12.195
2024-11-26,ZT,-6.846,4.945,-11.792
2024-11-27,ZT,7.227,8.341,-1.114
2024-11-29,ZT,11.763,-1.516,13.279
2024-12-02,ZT,-3.791,4.551,-8.342
2024-12-03,ZT,5.687,9.476,-3.789
2024-12-04,ZT,10.614,-5.301,15.915
2024-12-06,ZT,7.956,-4.921,12.877
2024-12-09,ZT,-7.191,-5.302,-1.889
2024-12-10,ZT,-8.332,-2.274,-6.058
2024-12-11,ZT,-0.0,-7.58,7.58
2024-12-12,ZT,-3.411,-11.378,7.967
2024-12-13,ZT,-8.724,-0.759,-7.965
2024-12-16,ZT,-0.759,0.38,-1.139
2024-12-17,ZT,0.0,-22.025,22.025
2024-12-18,ZT,2.658,6.851,-4.193
2024-12-19,ZT,5.328,2.282,3.046
2024-12-20,ZT,4.184,-5.705,9.889
2024-12-23,ZT,-4.564,1.522,-6.086
2024-12-24,ZT,1.142,1.142,0.0
2024-12-26,ZT,-4.566,1.141,-5.708
2024-12-27,ZT,3.424,12.935,-9.51
2024-12-30,ZT,12.174,0.0,12.174
2024-12-31,ZT,-0.38,-1.14,0.76
2025-01-02,ZT,-1.14,-5.319,4.179
2025-01-03,ZT,-1.52,2.281,-3.801
2025-01-06,ZT,3.041,-4.941,7.983
2025-01-07,ZT,-3.801,4.564,-8.365
2025-01-08,ZT,3.042,4.943,-1.901
2025-01-09,ZT,2.281,-22.804,25.085
2025-01-10,ZT,-20.144,0.0,-20.144
2025-01-13,ZT,-1.524,5.716,-7.24
2025-01-14,ZT,1.905,18.281,-16.376
2025-01-15,ZT,15.997,4.562,11.435
2025-01-16,ZT,4.942,-6.46,11.402
2025-01-17,ZT,-4.94,1.141,-6.08
2025-01-21,ZT,-3.802,-2.281,-1.521
2025-01-22,ZT,-4.942,2.282,-7.225
2025-01-23,ZT,1.902,3.803,-1.901
2025-01-24,ZT,4.563,14.065,-9.502
2025-01-27,ZT,13.684,-0.759,14.443
2025-01-28,ZT,-4.555,-3.797,-0.758
2025-01-29,ZT,-3.416,2.659,-6.075
2025-01-30,ZT,3.418,-1.519,4.937
2025-01-31,ZT,0.38,-3.799,4.179
2025-02-03,ZT,-7.594,8.363,-15.957
2025-02-04,ZT,6.461,4.938,1.524
2025-02-05,ZT,7.596,-5.315,12.911
2025-02-06,ZT,-3.417,-14.811,11.394
2025-02-07,ZT,-12.914,0.761,-13.674
2025-02-10,ZT,4.184,-4.182,8.366
2025-02-11,ZT,-3.802,-12.932,9.129
2025-02-13,ZT,8.378,8.371,0.008
2025-02-14,ZT,10.273,-7.603,17.876
2025-02-18,ZT,-5.703,4.945,-10.648
2025-02-19,ZT,2.663,0.38,2.283
2025-02-20,ZT,1.141,12.165,-11.025
2025-02-21,ZT,7.984,3.797,4.188
2025-02-24,ZT,2.658,12.144,-9.486
2025-02-25,ZT,12.524,3.411,9.113
2025-02-26,ZT,-2.653,0.0,-2.653
2025-02-27,ZT,-5.305,18.54,-23.845
2025-02-28,ZT,13.237,7.927,5.31
2025-03-03,ZT,-2.642,9.057,-11.699
2025-03-04,ZT,8.675,-9.053,17.728
2025-03-05,ZT,-7.918,1.887,-9.805
2025-03-06,ZT,2.643,-6.413,9.056
2025-03-07,ZT,3.773,20.011,-16.237
2025-03-10,ZT,12.458,-8.666,21.123
2025-03-12,ZT,-9.805,8.683,-18.488
2025-03-13,ZT,5.663,-13.958,19.62
2025-03-14,ZT,-11.316,-7.176,-4.14
2025-03-17,ZT,0.756,1.512,-0.756
2025-03-18,ZT,1.89,10.959,-9.069
2025-03-19,ZT,-6.425,4.152,-10.577
2025-03-20,ZT,3.397,2.641,0.756
2025-03-21,ZT,1.887,-17.353,19.239
2025-03-24,ZT,-14.334,4.156,-18.49
2025-03-25,ZT,6.424,-6.797,13.221
2025-03-26,ZT,-2.644,2.645,-5.289
2025-03-27,ZT,3.401,16.62,-13.219
2025-03-28,ZT,15.486,2.64,12.847
2025-03-31,ZT,1.886,6.788,-4.902
2025-04-01,ZT,5.278,-9.419,14.697
2025-04-02,ZT,-9.798,38.083,-47.881
2025-04-03,ZT,34.318,9.77,24.548
2025-04-04,ZT,17.279,-15.391,32.67
2025-04-07,ZT,-4.505,4.51,-9.015
2025-04-08,ZT,1.88,-25.557,27.437
2025-04-09,ZT,-13.899,16.981,-30.88
2025-04-10,ZT,6.029,-21.095,27.124
2025-04-11,ZT,-12.808,20.76,-33.569
2025-04-14,ZT,16.609,-3.013,19.622
2025-04-15,ZT,3.39,9.414,-6.024
2025-04-16,ZT,9.041,-1.505,10.546
2025-04-17,ZT,-4.138,3.764,-7.902
2025-04-18,ZT,1.505,4.515,-3.01
2025-04-21,ZT,7.902,-12.409,20.31
2025-04-22,ZT,-9.402,-12.422,3.02
2025-04-23,ZT,-9.789,12.439,-22.228
2025-04-24,ZT,10.553,4.518,6.035
2025-04-25,ZT,2.259,13.922,-11.664
2025-04-28,ZT,13.17,4.885,8.286
2025-04-29,ZT,4.885,11.643,-6.758
2025-04-30,ZT,5.258,-15.389,20.647
2025-05-01,ZT,-14.256,-23.308,9.053
2025-05-02,ZT,-26.315,0.754,-27.069
2025-05-05,ZT,-5.275,9.423,-14.699
2025-05-06,ZT,7.538,-0.377,7.915
2025-05-07,ZT,-1.883,-18.076,16.193
2025-05-08,ZT,-18.829,1.509,-20.338
2025-05-09,ZT,3.018,-21.502,24.52
2025-05-12,ZT,-17.731,-2.646,-15.085
2025-05-13,ZT,-3.402,-7.564,4.162
2025-05-14,ZT,-7.941,15.517,-23.459
2025-05-16,ZT,-2.645,1.89,-4.535
2025-05-19,ZT,1.891,2.268,-0.378
2025-05-20,ZT,2.268,-6.425,8.692
2025-05-21,ZT,-6.047,3.782,-9.83
2025-05-22,ZT,0.378,1.891,-1.512
2025-05-23,ZT,0.756,2.269,-1.512
2025-05-27,ZT,-0.0,-7.559,7.559
2025-05-28,ZT,-7.938,7.565,-15.503
2025-05-29,ZT,6.808,9.043,-2.235
2025-05-30,ZT,8.671,-4.896,13.567
2025-06-02,ZT,-9.412,-3.769,-5.643
2025-06-03,ZT,-5.652,16.587,-22.24
2025-06-04,ZT,18.85,-9.41,28.26
2025-06-05,ZT,-6.398,-22.605,16.207
2025-06-06,ZT,-22.229,6.042,-28.271
2025-06-09,ZT,7.552,-2.264,9.816
2025-06-10,ZT,1.51,13.964,-12.455
2025-06-11,ZT,9.813,8.669,1.144
2025-06-13,ZT,-14.688,-3.77,-10.917
2025-06-16,ZT,-0.754,4.525,-5.279
2025-06-17,ZT,4.149,3.77,0.379
2025-06-18,ZT,4.523,6.407,-1.884
2025-06-20,ZT,6.029,10.923,-4.894
2025-06-23,ZT,15.443,2.633,12.81
2025-06-24,ZT,6.773,1.504,5.269
2025-06-25,ZT,-0.752,12.029,-12.781
2025-06-26,ZT,7.518,-6.383,13.9
2025-06-27,ZT,-1.877,3.005,-4.882
2025-06-30,ZT,2.254,-12.017,14.272
2025-07-01,ZT,-11.641,-1.88,-9.762
2025-07-02,ZT,-2.632,-16.923,14.291
2025-07-03,ZT,-18.801,-3.767,-15.034
2025-07-07,ZT,-1.13,0.377,-1.507
2025-07-08,ZT,-2.638,8.669,-11.307
2025-07-09,ZT,3.768,-1.883,5.651
2025-07-10,ZT,-5.649,-4.897,-0.752
2025-07-11,ZT,-6.78,2.639,-9.419
2025-07-14,ZT,-1.507,-10.176,8.669
2025-07-15,ZT,-10.177,13.206,-23.383
2025-07-16,ZT,9.055,-5.652,14.707
2025-07-17,ZT,-5.652,7.164,-12.816
2025-07-18,ZT,9.049,3.768,5.281
2025-07-21,ZT,5.275,3.013,2.262
2025-07-22,ZT,5.273,-10.918,16.191
2025-07-23,ZT,-7.53,-7.16,-0.37
2025-07-24,ZT,-5.276,1.509,-6.785
2025-07-25,ZT,0.754,-2.263,3.017
2025-07-28,ZT,-2.64,9.053,-11.692
2025-07-29,ZT,5.28,-11.683,16.964
2025-07-30,ZT,-3.392,-1.887,-1.505
2025-07-31,ZT,1.132,48.311,-47.179
2025-08-01,ZT,42.645,3.006,39.639
2025-08-04,ZT,-2.254,-7.136,4.883
2025-08-05,ZT,-5.259,2.631,-7.89
2025-08-06,ZT,-1.503,-4.133,2.63
2025-08-07,ZT,-5.636,-5.64,0.003
2025-08-08,ZT,-7.518,-0.752,-6.766
2025-08-11,ZT,1.881,4.138,-2.257
2025-08-12,ZT,5.267,8.648,-3.381
2025-08-13,ZT,8.272,-8.642,16.914
2025-08-14,ZT,-11.646,-4.137,-7.509
2025-08-15,ZT,-4.889,-1.881,-3.007
2025-08-18,ZT,-1.505,4.14,-5.645
2025-08-20,ZT,5.267,-7.524,12.791
2025-08-21,ZT,-10.157,16.942,-27.099
2025-08-22,ZT,18.07,-7.892,25.962
2025-08-25,ZT,-6.39,7.522,-13.912
2025-08-26,ZT,6.77,3.758,3.012
2025-08-27,ZT,4.134,-2.254,6.388
2025-08-28,ZT,-2.254,4.122,-6.375
2025-08-29,ZT,1.874,-4.496,6.369
2025-09-02,ZT,-9.364,6.748,-16.112
2025-09-03,ZT,6.746,5.619,1.128
2025-09-04,ZT,6.744,11.233,-4.489
2025-09-05,ZT,17.596,2.617,14.979
2025-09-08,ZT,5.236,-11.213,16.449
2025-09-09,ZT,-9.718,0.0,-9.718
2025-09-10,ZT,2.245,-0.748,2.993
2025-09-11,ZT,4.116,-6.359,10.474
2025-09-12,ZT,-5.611,2.994,-8.606
2025-09-15,ZT,3.743,3.741,0.002
2025-09-16,ZT,4.864,-6.731,11.595
2025-09-17,ZT,-7.106,-5.24,-1.866
2025-09-18,ZT,-3.368,-1.123,-2.245
2025-09-19,ZT,-0.749,-4.494,3.745
2025-09-22,ZT,-4.493,1.124,-5.617
2025-09-23,ZT,1.499,-6.368,7.867
2025-09-24,ZT,-5.619,-11.62,6.0
2025-09-25,ZT,-9.746,3.753,-13.499
2025-09-26,ZT,0.751,3.002,-2.251
2025-09-29,ZT,3.001,4.126,-1.125
2025-09-30,ZT,6.376,11.246,-4.87
2025-10-01,ZT,10.123,-0.374,10.497
2025-10-02,ZT,-0.374,-5.993,5.618
2025-10-03,ZT,-4.12,-4.871,0.752
2025-10-06,ZT,-2.249,3.374,-5.622
2025-10-07,ZT,5.249,-4.122,9.37
2025-10-08,ZT,-1.124,-2.624,1.499
2025-10-09,ZT,-2.249,13.497,-15.746
2025-10-10,ZT,12.372,8.611,3.761
2025-10-14,ZT,7.488,-4.489,11.977
2025-10-15,ZT,-5.985,15.345,-21.331
2025-10-16,ZT,10.105,-6.354,16.459
2025-10-17,ZT,-8.222,0.748,-8.97
2025-10-20,ZT,-1.122,1.87,-2.992
2025-10-21,ZT,1.122,1.496,-0.374
2025-10-23,ZT,-6.357,-0.374,-5.982
2025-10-24,ZT,0.374,-4.116,4.491
2025-10-27,ZT,-5.239,1.123,-6.362
2025-10-28,ZT,-0.374,-18.344,17.969
2025-10-29,ZT,-3.369,-5.25,1.881
2025-10-30,ZT,-3.0,2.251,-5.251
2025-10-31,ZT,1.125,1.876,-0.75
2025-11-03,ZT,-1.5,4.501,-6.002
2025-11-04,ZT,3.001,-9.375,12.376
2025-11-05,ZT,-8.999,12.762,-21.761
2025-11-06,ZT,12.762,1.125,11.637
2025-11-07,ZT,4.124,-6.372,10.496
2025-11-10,ZT,-5.998,4.876,-10.874
2025-11-12,ZT,5.626,-4.874,10.5
2025-11-13,ZT,-4.499,-4.501,0.002
2025-11-14,ZT,-3.751,1.126,-4.877
2025-11-17,ZT,-0.375,6.004,-6.38
2025-11-18,ZT,1.501,-0.75,2.251
2025-11-19,ZT,-1.125,8.255,-9.38
2025-11-20,ZT,5.252,8.999,-3.747
2025-11-21,ZT,3.749,1.124,2.625
2025-11-24,ZT,0.375,3.746,-3.372
2025-11-25,ZT,3.746,-3.37,7.117
2025-11-26,ZT,-4.868,-3.363,-1.505
2025-11-28,ZT,-2.99,-8.23,5.24
2025-12-01,ZT,-7.482,4.867,-12.349
2025-12-02,ZT,1.872,5.24,-3.368
2025-12-03,ZT,2.62,-7.108,9.727
2025-12-04,ZT,-7.855,-6.365,-1.49
2025-12-05,ZT,-8.61,-2.997,-5.613
2025-12-08,ZT,-5.62,-6.746,1.126
2025-12-09,ZT,-4.872,13.876,-18.748
2025-12-10,ZT,5.251,7.12,-1.869
2025-12-11,ZT,3.745,-0.374,4.12
2025-12-12,ZT,-1.872,4.12,-5.992
2025-12-15,ZT,4.12,4.867,-0.747
2025-12-16,ZT,5.241,-0.748,5.989
2025-12-17,ZT,-3.368,4.864,-8.232
2025-12-18,ZT,1.497,-5.236,6.733
2025-12-19,ZT,-5.236,-4.116,-1.12
2025-12-22,ZT,-2.994,-6.364,3.37
2025-12-23,ZT,-7.487,4.495,-11.982
2025-12-24,ZT,4.87,4.118,0.751
2025-12-26,ZT,2.621,4.116,-1.496
2025-12-29,ZT,3.742,1.496,2.246
2025-12-30,ZT,1.122,-4.115,5.237
2025-12-31,ZT,-3.74,-1.497,-2.244
2026-01-02,ZT,-0.748,4.117,-4.865
2026-01-05,ZT,4.866,-1.122,5.988
2026-01-06,ZT,-4.863,0.374,-5.238
2026-01-07,ZT,-1.122,-4.491,3.368
2026-01-08,ZT,-2.994,-8.236,5.242
2026-01-09,ZT,-8.611,-0.375,-8.237
2026-01-12,ZT,-1.873,3.373,-5.246
2026-01-13,ZT,2.623,1.499,1.125
2026-01-14,ZT,2.997,-10.113,13.111
2026-01-15,ZT,-7.867,-5.249,-2.617
2026-01-16,ZT,-4.874,0.375,-5.25
2026-01-20,ZT,0.75,1.125,-0.375
2026-01-22,ZT,-3.751,3.002,-6.754
2026-01-23,ZT,0.375,2.251,-1.876
2026-01-26,ZT,0.75,2.626,-1.875
2026-01-27,ZT,3.001,-2.625,5.626
2026-01-28,ZT,-2.25,3.376,-5.626
2026-01-29,ZT,6.001,2.249,3.752
2026-01-30,ZT,4.499,-8.244,12.743
2026-02-02,ZT,-4.872,-0.375,-4.497
2026-02-03,ZT,-1.125,2.25,-3.375
2026-02-05,ZT,11.998,-2.621,14.619
2026-02-06,ZT,-5.989,1.873,-7.862
2026-02-09,ZT,1.873,4.868,-2.995
2026-02-10,ZT,5.617,-10.853,16.47
2026-02-11,ZT,-8.234,8.992,-17.225
2026-02-12,ZT,7.868,10.108,-2.24
2026-02-13,ZT,6.363,-4.862,11.225
2026-02-17,ZT,-5.236,-5.239,0.003
2026-02-18,ZT,-4.49,-2.995,-1.495
2026-02-19,ZT,-1.123,-2.995,1.872
2026-02-20,ZT,-2.621,5.993,-8.614
2026-02-23,ZT,5.993,-3.743,9.736
2026-02-24,ZT,-4.117,-2.621,-1.496
2026-02-25,ZT,-2.247,5.993,-8.24
2026-02-26,ZT,4.495,12.346,-7.851
2026-02-27,ZT,8.603,-21.279,29.882
2026-03-03,ZT,-4.863,-8.982,4.119
2026-03-04,ZT,-5.24,-7.866,2.626
2026-03-05,ZT,-9.739,6.75,-16.489
2026-03-06,ZT,9.371,1.124,8.247
2026-03-09,ZT,-3.373,0.375,-3.748
2026-03-10,ZT,-0.0,-14.618,14.618
2026-03-11,ZT,-9.749,-19.516,9.767
2026-03-12,ZT,-15.765,6.019,-21.784
2026-03-13,ZT,2.632,10.904,-8.272
2026-03-16,ZT,6.391,1.502,4.889
2026-03-17,ZT,3.005,-19.905,22.909
2026-03-18,ZT,-7.511,-9.778,2.267
2026-03-19,ZT,-16.181,-15.823,-0.358
2026-03-20,ZT,-22.211,12.074,-34.284
2026-03-23,ZT,8.301,-18.085,26.386
2026-03-24,ZT,-13.19,9.814,-23.004
2026-03-25,ZT,11.701,-22.25,33.951
2026-03-26,ZT,-18.1,14.736,-32.837
2026-03-27,ZT,14.74,16.226,-1.486
2026-03-30,ZT,17.356,5.651,11.704
2026-03-31,ZT,6.781,-1.506,8.288
2026-04-01,ZT,-0.377,1.13,-1.506
2026-04-02,ZT,1.883,-9.038,10.922
2026-04-03,ZT,-9.414,-1.131,-8.284
2026-04-06,ZT,-0.754,6.785,-7.539
2026-04-07,ZT,-2.262,9.044,-11.306
2026-04-08,ZT,7.534,2.259,5.275
2026-04-09,ZT,5.271,-3.765,9.036
2026-04-10,ZT,-4.518,4.896,-9.414
2026-04-13,ZT,3.013,6.4,-3.387
2026-04-14,ZT,2.259,-2.258,4.516
2026-04-15,ZT,-4.139,-3.011,-1.128
2026-04-16,ZT,-2.258,13.552,-15.81
2026-04-17,ZT,15.435,-3.759,19.194
2026-04-20,ZT,-3.383,-16.17,12.786
2026-04-21,ZT,-11.282,-3.388,-7.894
2026-04-22,ZT,0.377,-6.025,6.402
2026-04-24,ZT,9.42,-3.764,13.184
2026-04-27,ZT,-4.518,-6.402,1.885
2026-04-28,ZT,-7.908,-15.829,7.921
2026-04-29,ZT,-13.566,8.305,-21.871
2026-04-30,ZT,7.172,-1.132,8.304
2026-05-01,ZT,1.132,-11.316,12.448
2026-05-04,ZT,-15.089,4.155,-19.244
2026-05-05,ZT,3.021,12.081,-9.06
2026-05-06,ZT,12.082,-8.296,20.378
2026-05-08,ZT,4.151,-10.185,14.337
2026-05-11,ZT,-7.167,-8.307,1.14
2026-05-12,ZT,-8.308,3.023,-11.331
2026-05-13,ZT,0.378,-3.779,4.157
2026-05-14,ZT,-0.756,-15.117,14.361
2026-05-15,ZT,-12.853,1.514,-14.367
2026-05-18,ZT,0.378,-3.786,4.165
2026-05-19,ZT,-7.947,13.637,-21.584
2026-05-20,ZT,11.362,-4.161,15.523
2026-05-21,ZT,-9.079,-3.785,-5.293
2026-05-22,ZT,-10.216,13.633,-23.85
2026-05-26,ZT,7.574,1.891,5.683
2026-05-27,ZT,1.135,1.891,-0.756
2026-05-28,ZT,4.916,4.917,-0.002
2026-05-29,ZT,5.674,-4.917,10.591
2026-06-01,ZT,-12.477,1.893,-14.37
2026-06-02,ZT,-1.135,-5.678,4.542
2026-06-03,ZT,-7.948,7.954,-15.902
2026-06-04,ZT,7.196,-22.331,29.527
2026-06-05,ZT,-20.438,0.0,-20.438
2026-06-08,ZT,0.379,4.931,-4.551
2026-06-09,ZT,6.828,-1.516,8.344
2026-06-10,ZT,0.379,14.404,-14.025
2026-06-11,ZT,-1.896,-1.893,-0.002
2026-06-12,ZT,-5.678,4.545,-10.223
2026-06-15,ZT,4.923,2.65,2.273
2026-06-16,ZT,4.543,-31.411,35.954
2026-06-17,ZT,-3.406,-1.896,-1.51
2026-06-18,ZT,11.769,-9.104,20.873
2026-06-22,ZT,-9.104,7.974,-17.078
2026-06-23,ZT,8.733,9.485,-0.752
2026-06-24,ZT,9.106,1.895,7.211
2026-06-25,ZT,7.202,6.44,0.761
2026-06-26,ZT,7.578,-3.029,10.607
2026-06-29,ZT,-5.679,-7.954,2.275
2026-06-30,ZT,-5.302,-5.306,0.004
2026-07-01,ZT,-1.516,7.204,-8.72
2026-07-02,ZT,7.964,4.926,3.037
2026-07-06,ZT,-0.379,-10.987,10.608
2026-07-07,ZT,-7.197,-7.962,0.765
2026-07-08,ZT,-7.207,5.312,-12.518
2026-07-10,ZT,-6.068,-11.004,4.937
2026-07-13,ZT,-12.142,12.914,-25.055
2026-07-14,ZT,10.636,8.725,1.911
2026-07-15,ZT,7.966,-5.304,13.27
2026-07-16,ZT,-3.79,-3.791,0.001
2026-07-17,ZT,-2.275,-5.688,3.414
2026-07-20,ZT,-8.343,-8.728,0.384
2026-07-21,ZT,-8.347,-7.975,-0.372
2026-07-22,ZT,-5.317,-9.121,3.804
2026-07-23,ZT,-7.981,4.565,-12.546
2026-07-24,ZT,6.467,2.281,4.185
2026-07-27,ZT,4.943,7.982,-3.039
2026-07-28,ZT,10.644,5.697,4.947
2026-07-29,ZT,-10.255,-0.759,-9.496
2026-07-30,ZT,3.037,-7.211,10.248
2026-07-31,ZT,-9.869,7.219,-17.089
2026-08-03,ZT,2.279,9.872,-7.593
2026-08-04,ZT,10.631,2.655,7.976
2026-08-05,ZT,-0.759,-11.754,10.995
2026-08-07,ZT,7.592,-7.207,14.799
2026-08-10,ZT,-8.344,2.277,-10.621
2026-08-11,ZT,3.416,3.415,0.002
2026-08-12,ZT,6.83,10.24,-3.41
2026-08-13,ZT,10.24,-6.061,16.302
2026-08-14,ZT,-1.894,-2.274,0.38
2026-08-17,ZT,1.137,1.137,-0.0
2026-08-18,ZT,1.896,1.895,0.0
2026-08-19,ZT,-3.032,-1.137,-1.895
2026-08-20,ZT,-3.411,-7.961,4.55
2026-08-21,ZT,-7.582,-0.759,-6.824
2026-08-24,ZT,-1.518,9.865,-11.383
2026-08-25,ZT,5.692,-2.654,8.346
2026-08-26,ZT,-7.581,0.0,-7.581
2026-08-27,ZT,-0.0,-20.485,20.485
2026-08-28,ZT,-18.967,0.382,-19.349
2026-08-31,ZT,-1.14,-9.517,8.377
2026-09-01,ZT,-9.514,3.429,-12.943
2026-09-02,ZT,3.048,8.0,-4.952
2026-09-03,ZT,6.855,-5.328,12.184
2026-09-04,ZT,-3.045,-2.285,-0.76
2026-09-08,ZT,-3.427,-5.715,2.288
2026-09-09,ZT,-6.095,-26.685,20.59
2026-09-10,ZT,-20.967,-14.138,-6.829
2026-09-11,ZT,-8.027,-1.914,-6.113
2026-09-14,ZT,4.974,-6.505,11.48
2026-09-15,ZT,0.383,-12.634,13.016
2026-09-16,ZT,11.487,8.815,2.672
2026-09-17,ZT,7.666,-13.406,21.072
2026-09-18,ZT,-11.871,-0.0,-11.871
2026-09-21,ZT,4.986,2.301,2.685
2026-09-22,ZT,-1.15,-21.855,20.705
2026-09-23,ZT,-27.983,-3.843,-24.141
2026-09-24,ZT,1.153,8.838,-7.686
2026-09-25,ZT,7.304,-11.521,18.825
2026-09-28,ZT,-13.054,5.767,-18.821
2026-09-29,ZT,-1.538,1.153,-2.691
2024-05-01,ZF,6.71,17.08,-10.37
2024-05-02,ZF,24.543,28.906,-4.363
2024-05-03,ZF,30.395,-2.216,32.612
2024-05-06,ZF,3.695,4.433,-0.738
2024-05-07,ZF,15.519,-11.079,26.598
2024-05-08,ZF,-9.601,14.05,-23.651
2024-05-09,ZF,5.176,-22.883,28.059
2024-05-10,ZF,-19.938,5.179,-25.117
2024-05-13,ZF,8.139,14.789,-6.65
2024-05-14,ZF,15.53,41.338,-25.807
2024-05-15,ZF,45.038,-19.853,64.891
2024-05-16,ZF,-17.643,-18.415,0.772
2024-05-17,ZF,-16.209,-8.855,-7.354
2024-05-20,ZF,-6.642,7.383,-14.024
2024-05-21,ZF,14.771,-13.28,28.051
2024-05-22,ZF,-8.853,-23.648,14.795
2024-05-23,ZF,-28.073,-0.741,-27.333
2024-05-24,ZF,-1.481,-20.739,19.258
2024-05-28,ZF,-9.629,-21.526,11.897
2024-05-29,ZF,-25.978,27.534,-53.512
2024-05-30,ZF,25.292,32.554,-7.262
2024-05-31,ZF,16.277,44.307,-28.029
2024-06-03,ZF,27.28,28.674,-1.394
2024-06-04,ZF,29.407,21.263,8.145
2024-06-05,ZF,12.463,2.928,9.536
2024-06-06,ZF,-2.195,-67.301,65.106
2024-06-07,ZF,-59.267,-10.308,-48.959
2024-06-10,ZF,-8.101,27.272,-35.373
2024-06-11,ZF,6.633,31.613,-24.98
2024-06-12,ZF,68.362,27.082,41.28
2024-06-13,ZF,38.842,0.73,38.112
2024-06-14,ZF,-1.46,-30.646,29.186
2024-06-17,ZF,-26.274,23.421,-49.694
2024-06-18,ZF,23.421,-13.142,36.562
2024-06-20,ZF,-17.525,-0.731,-16.794
2024-06-21,ZF,-4.386,0.731,-5.117
2024-06-24,ZF,-6.58,3.656,-10.236
2024-06-25,ZF,-8.043,-27.782,19.739
2024-06-26,ZF,-30.702,12.465,-43.167
2024-06-27,ZF,10.997,-15.378,26.375
2024-06-28,ZF,-15.379,-41.783,26.404
2024-07-01,ZF,-42.538,17.669,-60.207
2024-07-02,ZF,13.986,24.252,-10.266
2024-07-03,ZF,32.336,38.845,-6.509
2024-07-05,ZF,38.856,-6.569,45.425
2024-07-08,ZF,-5.111,-5.841,0.731
2024-07-09,ZF,-8.764,2.923,-11.687
2024-07-10,ZF,2.192,43.103,-40.912
2024-07-11,ZF,51.863,11.634,40.229
2024-07-12,ZF,6.547,-5.086,11.633
2024-07-15,ZF,-8.715,17.451,-26.166
2024-07-16,ZF,2.181,5.083,-2.902
2024-07-19,ZF,-19.625,-6.554,-13.071
2024-07-22,ZF,-15.293,7.288,-22.58
2024-07-23,ZF,9.472,-5.824,15.296
2024-07-24,ZF,16.749,3.641,13.108
2024-07-25,ZF,11.654,26.21,-14.556
2024-07-26,ZF,19.654,4.358,15.296
2024-07-29,ZF,3.631,11.616,-7.985
2024-07-30,ZF,13.793,42.775,-28.982
2024-07-31,ZF,10.152,59.382,-49.229
2024-08-01,ZF,25.267,92.113,-66.846
2024-08-02,ZF,83.507,-3.565,87.072
2024-08-05,ZF,-9.27,-43.515,34.246
2024-08-06,ZF,-47.785,-15.758,-32.027
2024-08-07,ZF,-15.763,-13.642,-2.121
2024-08-08,ZF,-23.675,11.506,-35.18
2024-08-09,ZF,12.941,17.957,-5.016
2024-08-12,ZF,12.929,25.816,-12.887
2024-08-13,ZF,22.227,0.0,22.227
2024-08-14,ZF,3.576,-53.621,57.198
2024-08-15,ZF,-55.079,11.505,-66.584
2024-08-16,ZF,3.594,2.155,1.439
2024-08-19,ZF,8.619,22.982,-14.363
2024-08-20,ZF,22.982,19.347,3.635
2024-08-21,ZF,22.929,-35.025,57.954
2024-08-22,ZF,-34.327,30.129,-64.457
2024-08-23,ZF,19.367,-10.013,29.38
2024-08-26,ZF,-3.576,3.579,-7.155
2024-08-27,ZF,-0.0,-2.147,2.147
2024-08-28,ZF,-1.431,-13.598,12.167
2024-08-29,ZF,-10.735,-17.823,7.088
2024-08-30,ZF,-15.677,28.567,-44.244
2024-09-03,ZF,21.426,41.328,-19.903
2024-09-04,ZF,26.35,9.938,16.412
2024-09-05,ZF,4.967,17.729,-12.762
2024-09-06,ZF,7.8,0.0,7.8
2024-09-09,ZF,2.832,26.184,-23.352
2024-09-10,ZF,18.399,-8.47,26.87
2024-09-11,ZF,-10.587,-11.303,0.715
2024-09-12,ZF,-17.662,10.605,-28.267
2024-09-13,ZF,18.388,4.236,14.151
2024-09-16,ZF,11.3,-14.816,26.116
2024-09-17,ZF,-13.409,-24.023,10.615
2024-09-18,ZF,-16.251,-8.491,-7.76
2024-09-19,ZF,-7.791,4.252,-12.043
2024-09-20,ZF,5.666,-8.497,14.163
2024-09-23,ZF,-1.417,8.5,-9.917
2024-09-24,ZF,8.504,-18.407,26.911
2024-09-25,ZF,-15.571,-18.436,2.865
2024-09-26,ZF,-19.15,23.439,-42.589
2024-09-27,ZF,22.732,-26.927,49.66
2024-09-30,ZF,-12.046,24.173,-36.22
2024-10-01,ZF,27.711,-12.77,40.48
2024-10-02,ZF,-15.604,-31.257,15.653
2024-10-03,ZF,-25.572,-74.84,49.268
2024-10-04,ZF,-74.111,-19.394,-54.717
2024-10-07,ZF,-21.544,8.639,-30.183
2024-10-08,ZF,3.598,-16.555,20.154
2024-10-09,ZF,-20.86,7.931,-28.792
2024-10-10,ZF,-7.21,12.981,-20.191
2024-10-11,ZF,6.484,5.041,1.443
2024-10-15,ZF,5.762,7.918,-2.156
2024-10-17,ZF,-26.611,9.373,-35.984
2024-10-18,ZF,7.93,-39.617,47.546
2024-10-21,ZF,-36.738,-11.569,-25.169
2024-10-22,ZF,-10.124,-17.375,7.251
2024-10-23,ZF,-16.65,12.335,-28.985
2024-10-24,ZF,13.779,-15.217,28.996
2024-10-25,ZF,-2.899,-18.864,15.965
2024-10-28,ZF,-21.772,5.816,-27.588
2024-10-29,ZF,-16.719,-17.443,0.724
2024-10-30,ZF,-5.813,-10.186,4.374
2024-10-31,ZF,-5.825,-24.771,18.946
2024-11-01,ZF,-15.295,21.174,-36.469
2024-11-04,ZF,18.989,-2.187,21.176
2024-11-05,ZF,-26.23,-41.566,15.337
2024-11-06,ZF,-39.373,38.065,-77.438
2024-11-07,ZF,35.149,-3.649,38.798
2024-11-08,ZF,-5.834,-48.189,42.355
2024-11-12,ZF,-48.912,11.004,-59.916
2024-11-13,ZF,11.005,-12.462,23.468
2024-11-14,ZF,10.991,-5.13,16.122
2024-11-15,ZF,14.68,6.597,8.083
2024-11-18,ZF,6.599,7.324,-0.725
2024-11-19,ZF,8.057,-11.707,19.764
2024-11-20,ZF,-1.464,-11.719,10.255
2024-11-21,ZF,-4.395,-3.667,-0.729
2024-11-22,ZF,0.733,47.664,-46.931
2024-11-25,ZF,37.415,-6.569,43.984
2024-11-26,ZF,-16.786,21.183,-37.969
2024-11-27,ZF,27.023,17.439,9.584
2024-11-29,ZF,21.818,-5.082,26.9
2024-12-02,ZF,-7.26,-6.539,-0.721
2024-12-03,ZF,1.453,15.991,-14.538
2024-12-04,ZF,18.904,-6.53,25.434
2024-12-05,ZF,-7.983,18.151,-26.134
2024-12-06,ZF,14.521,-14.497,29.018
2024-12-09,ZF,-16.669,-12.339,-4.33
2024-12-10,ZF,-16.696,-15.987,-0.708
2024-12-11,ZF,-5.814,-19.649,13.835
2024-12-12,ZF,-7.279,-29.159,21.88
2024-12-13,ZF,-24.063,-0.731,-23.332
2024-12-16,ZF,-2.193,-2.194,0.0
2024-12-17,ZF,2.193,-58.497,60.69
2024-12-18,ZF,5.851,-10.292,16.143
2024-12-19,ZF,-8.826,18.405,-27.231
2024-12-20,ZF,25.756,-22.777,48.533
2024-12-23,ZF,-17.637,1.473,-19.11
2024-12-24,ZF,-0.0,5.892,-5.892
2024-12-26,ZF,-13.994,-8.834,-5.16
2024-12-27,ZF,-4.417,33.891,-38.307
2024-12-30,ZF,30.946,-8.076,39.022
2024-12-31,ZF,-8.811,0.735,-9.546
2025-01-02,ZF,-0.735,-12.488,11.753
2025-01-03,ZF,-4.408,-2.207,-2.201
2025-01-06,ZF,-0.736,-17.659,16.923
2025-01-07,ZF,-14.713,9.581,-24.295
2025-01-08,ZF,4.422,5.158,-0.736
2025-01-09,ZF,-1.473,-52.294,50.822
2025-01-10,ZF,-44.192,-5.926,-38.266
2025-01-13,ZF,-5.183,7.415,-12.597
2025-01-14,ZF,-0.0,58.523,-58.523
2025-01-15,ZF,53.345,16.203,37.143
2025-01-16,ZF,16.203,-9.558,25.761
2025-01-17,ZF,-5.882,11.038,-16.921
2025-01-21,ZF,0.736,-11.766,12.502
2025-01-23,ZF,-2.209,9.575,-11.784
2025-01-24,ZF,10.313,38.275,-27.962
2025-01-27,ZF,33.113,-0.733,33.846
2025-01-28,ZF,-12.465,-4.401,-8.064
2025-01-29,ZF,-5.866,10.274,-16.14
2025-01-30,ZF,11.741,-7.328,19.069
2025-01-31,ZF,3.666,3.672,-0.006
2025-02-03,ZF,-2.933,15.42,-18.353
2025-02-04,ZF,10.277,23.457,-13.18
2025-02-05,ZF,30.059,-13.16,43.218
2025-02-06,ZF,-10.238,-26.352,16.114
2025-02-07,ZF,-27.818,-0.734,-27.085
2025-02-10,ZF,4.404,-13.941,18.345
2025-02-11,ZF,-13.21,-40.408,27.198
2025-02-12,ZF,-40.411,33.941,-74.352
2025-02-13,ZF,30.245,22.057,8.188
2025-02-14,ZF,27.208,-24.941,52.149
2025-02-18,ZF,-19.074,12.5,-31.574
2025-02-19,ZF,3.677,8.814,-5.137
2025-02-20,ZF,10.281,30.083,-19.802
2025-02-21,ZF,24.95,10.239,14.711
2025-02-24,ZF,8.047,39.451,-31.404
2025-02-25,ZF,35.07,15.285,19.785
2025-02-26,ZF,-0.728,-2.18,1.452
2025-02-27,ZF,-13.081,40.684,-53.765
2025-02-28,ZF,27.585,23.885,3.7
2025-03-03,ZF,0.723,3.614,-2.891
2025-03-04,ZF,7.943,-28.921,36.863
2025-03-05,ZF,-26.734,-3.623,-23.111
2025-03-06,ZF,-1.45,-13.043,11.593
2025-03-07,ZF,14.498,46.447,-31.949
2025-03-10,ZF,35.554,-20.94,56.494
2025-03-11,ZF,-2.167,-14.481,12.314
2025-03-12,ZF,-19.537,23.205,-42.742
2025-03-13,ZF,10.877,-26.779,37.655
2025-03-14,ZF,-21.705,-8.704,-13.0
2025-03-17,ZF,9.434,7.26,2.174
2025-03-18,ZF,7.986,17.405,-9.419
2025-03-19,ZF,-15.961,8.687,-24.648
2025-03-20,ZF,7.24,2.17,5.07
2025-03-21,ZF,0.723,-36.887,37.61
2025-03-24,ZF,-29.65,11.614,-41.264
2025-03-25,ZF,16.697,-15.218,31.915
2025-03-26,ZF,-7.975,-0.725,-7.25
2025-03-27,ZF,2.903,46.437,-43.534
2025-03-28,ZF,44.254,6.499,37.756
2025-03-31,ZF,2.167,23.837,-21.67
2025-04-01,ZF,16.597,-18.006,34.603
2025-04-02,ZF,-23.06,85.149,-108.209
2025-04-03,ZF,80.092,13.602,66.491
2025-04-04,ZF,36.491,-60.03,96.521
2025-04-07,ZF,-27.881,-18.67,-9.211
2025-04-08,ZF,8.628,-41.748,50.375
2025-04-09,ZF,-58.273,24.666,-82.94
2025-04-10,ZF,1.446,-46.313,47.759
2025-04-11,ZF,-39.079,60.377,-99.456
2025-04-14,ZF,36.35,7.951,28.399
2025-04-15,ZF,20.969,23.096,-2.127
2025-04-16,ZF,19.502,-8.641,28.142
2025-04-17,ZF,-7.921,6.488,-14.409
2025-04-18,ZF,2.883,-13.689,16.571
2025-04-21,ZF,-0.72,-11.537,10.816
2025-04-23,ZF,-9.384,33.974,-43.359
2025-04-24,ZF,27.461,16.568,10.892
2025-04-25,ZF,11.527,28.049,-16.523
2025-04-28,ZF,23.732,17.93,5.802
2025-04-29,ZF,15.061,26.499,-11.437
2025-04-30,ZF,7.159,-22.179,29.339
2025-05-01,ZF,-30.714,-43.756,13.042
2025-05-02,ZF,-58.081,-0.721,-57.36
2025-05-05,ZF,-16.571,18.03,-34.6
2025-05-06,ZF,8.652,7.199,1.453
2025-05-07,ZF,1.44,-51.072,52.512
2025-05-08,ZF,-43.162,-0.0,-43.162
2025-05-09,ZF,8.676,-49.87,58.546
2025-05-12,ZF,-40.483,-4.357,-36.126
2025-05-13,ZF,-4.358,-18.17,13.812
2025-05-14,ZF,-20.343,39.316,-59.659
2025-05-15,ZF,39.318,-0.725,40.044
2025-05-16,ZF,1.45,0.725,0.725
2025-05-19,ZF,-3.628,4.354,-7.982
2025-05-20,ZF,0.725,-28.285,29.011
2025-05-21,ZF,-19.585,21.102,-40.687
2025-05-22,ZF,10.91,16.709,-5.799
2025-05-23,ZF,8.713,15.959,-7.246
2025-05-27,ZF,12.33,-18.823,31.152
2025-05-28,ZF,-19.555,21.76,-41.315
2025-05-29,ZF,21.034,20.237,0.797
2025-05-30,ZF,20.248,-10.11,30.358
2025-06-02,ZF,-25.247,-6.509,-18.738
2025-06-03,ZF,-13.735,40.521,-54.256
2025-06-04,ZF,45.593,-27.389,72.982
2025-06-05,ZF,-18.737,-52.753,34.016
2025-06-06,ZF,-50.593,13.079,-63.672
2025-06-09,ZF,15.983,2.176,13.806
2025-06-10,ZF,7.983,31.191,-23.208
2025-06-11,ZF,21.758,20.972,0.786
2025-06-12,ZF,16.632,-21.651,38.283
2025-06-13,ZF,-33.918,-7.235,-26.683
2025-06-16,ZF,-1.447,20.269,-21.716
2025-06-17,ZF,15.929,4.335,11.594
2025-06-18,ZF,12.281,10.837,1.444
2025-06-20,ZF,10.833,23.095,-12.261
2025-06-23,ZF,35.364,8.632,26.731
2025-06-24,ZF,19.441,6.468,12.973
2025-06-25,ZF,-2.875,25.144,-28.019
2025-06-26,ZF,13.646,-15.051,28.697
2025-06-27,ZF,-5.016,14.352,-19.368
2025-06-30,ZF,11.484,-21.501,32.985
2025-07-01,ZF,-24.364,-10.054,-14.31
2025-07-02,ZF,-13.646,-27.32,13.674
2025-07-03,ZF,-30.192,-10.814,-19.378
2025-07-07,ZF,-7.93,-5.775,-2.155
2025-07-08,ZF,-11.547,26.73,-38.278
2025-07-09,ZF,14.447,-2.882,17.329
2025-07-10,ZF,-12.969,-19.466,6.497
2025-07-11,ZF,-23.066,2.891,-25.957
2025-07-14,ZF,-2.89,-24.565,21.675
2025-07-15,ZF,-23.121,27.53,-50.652
2025-07-16,ZF,15.934,-5.78,21.714
2025-07-17,ZF,-7.225,19.527,-26.752
2025-07-18,ZF,20.243,16.604,3.639
2025-07-21,ZF,23.098,8.644,14.454
2025-07-22,ZF,16.577,-25.185,41.762
2025-07-24,ZF,-10.821,8.669,-19.49
2025-07-25,ZF,7.945,-5.775,13.72
2025-07-28,ZF,-6.496,28.898,-35.393
2025-07-29,ZF,18.056,-22.334,40.39
2025-07-30,ZF,-10.805,0.722,-11.527
2025-07-31,ZF,7.221,85.952,-78.731
2025-08-01,ZF,72.207,10.033,62.174
2025-08-04,ZF,-0.716,-12.168,11.452
2025-08-05,ZF,-5.727,-1.433,-4.295
2025-08-06,ZF,-5.016,-10.029,5.012
2025-08-07,ZF,-7.881,-17.214,9.333
2025-08-08,ZF,-20.077,-0.718,-19.359
2025-08-11,ZF,6.466,1.437,5.03
2025-08-12,ZF,2.155,21.544,-19.389
2025-08-13,ZF,22.264,-17.92,40.184
2025-08-14,ZF,-23.647,-6.464,-17.183
2025-08-15,ZF,-11.489,-2.875,-8.614
2025-08-18,ZF,-3.594,12.945,-16.538
2025-08-19,ZF,10.067,5.747,4.32
2025-08-20,ZF,10.774,-19.384,30.158
2025-08-21,ZF,-24.41,40.288,-64.697
2025-08-22,ZF,41.001,-15.045,56.046
2025-08-25,ZF,-10.032,19.369,-29.4
2025-08-26,ZF,17.938,12.886,5.052
2025-08-27,ZF,9.308,1.43,7.878
2025-08-28,ZF,0.715,2.853,-2.138
2025-08-29,ZF,-0.0,-12.847,12.847
2025-09-02,ZF,-22.829,17.878,-40.707
2025-09-03,ZF,19.295,14.268,5.027
2025-09-04,ZF,19.273,21.38,-2.106
2025-09-05,ZF,31.346,7.107,24.238
2025-09-08,ZF,7.823,-17.047,24.869
2025-09-09,ZF,-16.335,2.134,-18.469
2025-09-10,ZF,7.826,-4.975,12.802
2025-09-11,ZF,8.534,-20.614,29.148
2025-09-12,ZF,-17.067,9.259,-26.327
2025-09-15,ZF,11.397,3.557,7.84
2025-09-16,ZF,8.539,-22.041,30.58
2025-09-17,ZF,-15.646,-9.267,-6.379
2025-09-18,ZF,-5.7,-5.706,0.006
2025-09-19,ZF,-3.568,-4.999,1.431
2025-09-22,ZF,-4.996,8.571,-13.567
2025-09-23,ZF,3.572,-14.276,17.848
2025-09-24,ZF,-14.272,-22.872,8.599
2025-09-25,ZF,-20.729,2.149,-22.879
2025-09-26,ZF,-2.866,9.314,-12.179
2025-09-29,ZF,10.745,2.863,7.882
2025-09-30,ZF,11.452,22.895,-11.442
2025-10-02,ZF,2.141,-16.419,18.561
2025-10-03,ZF,-10.708,-16.44,5.732
2025-10-06,ZF,-10.726,12.169,-22.895
2025-10-07,ZF,17.899,-7.147,25.047
2025-10-08,ZF,0.715,-7.152,7.867
2025-10-09,ZF,-7.153,35.791,-42.944
2025-10-10,ZF,33.639,19.255,14.383
2025-10-14,ZF,17.118,-7.118,24.237
2025-10-15,ZF,-10.677,33.492,-44.169
2025-10-16,ZF,21.371,-14.918,36.289
2025-10-17,ZF,-17.756,6.404,-24.16
2025-10-20,ZF,-0.0,8.535,-8.535
2025-10-21,ZF,7.111,2.844,4.268
2025-10-22,ZF,-3.553,-22.74,19.187
2025-10-23,ZF,-17.056,-0.712,-16.344
2025-10-24,ZF,2.849,-5.696,8.545
2025-10-27,ZF,-9.967,2.849,-12.817
2025-10-28,ZF,1.425,-39.889,41.314
2025-10-29,ZF,-7.121,-8.577,1.455
2025-10-30,ZF,-4.291,5.008,-9.298
2025-10-31,ZF,4.292,2.146,2.146
2025-11-03,ZF,-5.72,7.154,-12.874
2025-11-04,ZF,5.006,-24.308,29.315
2025-11-05,ZF,-22.875,31.539,-54.414
2025-11-06,ZF,31.534,4.288,27.247
2025-11-07,ZF,11.433,-12.857,24.29
2025-11-10,ZF,-11.429,15.733,-27.162
2025-11-12,ZF,19.311,-16.423,35.733
2025-11-13,ZF,-10.71,-10.726,0.015
2025-11-14,ZF,-7.152,3.58,-10.732
2025-11-17,ZF,2.147,12.881,-10.734
2025-11-18,ZF,5.726,-2.859,8.585
2025-11-19,ZF,-0.715,20.027,-20.742
2025-11-20,ZF,13.585,22.856,-9.27
2025-11-21,ZF,8.566,2.851,5.715
2025-11-24,ZF,1.425,14.96,-13.535
2025-11-25,ZF,19.238,-3.556,22.794
2025-11-26,ZF,-5.691,-9.954,4.263
2025-11-28,ZF,-10.665,-29.184,18.519
2025-12-01,ZF,-27.76,7.853,-35.613
2025-12-02,ZF,2.142,12.843,-10.702
2025-12-03,ZF,7.847,-20.664,28.511
2025-12-04,ZF,-19.953,-12.857,-7.096
2025-12-05,ZF,-18.565,-12.875,-5.69
2025-12-08,ZF,-17.165,-12.178,-4.987
2025-12-09,ZF,-7.878,25.102,-32.98
2025-12-10,ZF,8.606,16.478,-7.872
2025-12-11,ZF,10.731,-11.444,22.175
2025-12-12,ZF,-11.444,8.594,-20.038
2025-12-15,ZF,7.161,16.459,-9.298
2025-12-16,ZF,14.311,-0.714,15.026
2025-12-18,ZF,7.145,-14.983,22.128
2025-12-19,ZF,-13.557,-8.574,-4.983
2025-12-22,ZF,-8.574,-10.013,1.438
2025-12-23,ZF,-10.727,11.451,-22.178
2025-12-24,ZF,13.603,7.864,5.739
2025-12-26,ZF,4.289,9.286,-4.997
2025-12-29,ZF,7.143,-0.714,7.857
2025-12-30,ZF,-2.141,-18.565,16.424
2025-12-31,ZF,-12.85,-4.293,-8.557
2026-01-02,ZF,-1.431,15.03,-16.461
2026-01-05,ZF,17.178,0.0,17.178
2026-01-06,ZF,-8.576,7.151,-15.727
2026-01-07,ZF,6.433,-17.149,23.582
2026-01-08,ZF,-12.148,-8.588,-3.56
2026-01-09,ZF,-12.168,-0.716,-11.452
2026-01-12,ZF,-1.433,8.6,-10.032
2026-01-13,ZF,8.598,6.444,2.155
2026-01-14,ZF,12.888,-22.173,35.061
2026-01-15,ZF,-14.31,-24.366,10.056
2026-01-16,ZF,-18.638,-9.341,-9.297
2026-01-20,ZF,-6.466,10.07,-16.535
2026-01-21,ZF,5.754,-5.749,11.503
2026-01-22,ZF,-5.748,8.63,-14.378
2026-01-23,ZF,-3.595,6.469,-10.064
2026-01-26,ZF,5.03,0.0,5.03
2026-01-27,ZF,4.31,-6.461,10.771
2026-01-28,ZF,-7.182,11.498,-18.679
2026-01-29,ZF,12.931,1.435,11.496
2026-01-30,ZF,5.024,-17.929,22.953
2026-02-02,ZF,-12.196,1.437,-13.633
2026-02-03,ZF,-5.748,2.155,-7.903
2026-02-04,ZF,2.155,40.227,-38.072
2026-02-05,ZF,30.168,-1.432,31.6
2026-02-06,ZF,-11.447,5.013,-16.461
2026-02-09,ZF,2.148,17.177,-15.029
2026-02-10,ZF,17.18,-19.294,36.474
2026-02-11,ZF,-12.861,30.782,-43.643
2026-02-12,ZF,25.775,24.272,1.503
2026-02-13,ZF,15.701,-4.986,20.687
2026-02-17,ZF,-7.834,-12.827,4.993
2026-02-18,ZF,-10.689,-0.713,-9.976
2026-02-19,ZF,0.0,-0.713,0.713
2026-02-20,ZF,-4.28,24.971,-29.252
2026-02-23,ZF,26.398,-7.117,33.515
2026-02-24,ZF,-6.405,-8.545,2.14
2026-02-25,ZF,-3.561,14.253,-17.814
2026-02-26,ZF,12.116,27.751,-15.635
2026-02-27,ZF,22.053,-46.106,68.159
2026-03-02,ZF,-48.244,-5.702,-42.542
2026-03-03,ZF,-9.976,-17.827,7.85
2026-03-05,ZF,-25.002,6.447,-31.448
2026-03-06,ZF,11.451,10.018,1.434
2026-03-09,ZF,0.716,-0.716,1.432
2026-03-10,ZF,0.0,-31.48,31.48
2026-03-11,ZF,-20.05,-37.303,17.253
2026-03-12,ZF,-25.12,7.206,-32.326
2026-03-13,ZF,-2.16,26.647,-28.808
2026-03-16,ZF,18.002,5.745,12.257
2026-03-17,ZF,12.929,-37.321,50.251
2026-03-18,ZF,-15.073,-12.239,-2.834
2026-03-19,ZF,-25.214,-38.256,13.042
2026-03-20,ZF,-48.295,22.465,-70.761
2026-03-23,ZF,12.318,-31.803,44.121
2026-03-24,ZF,-25.307,27.558,-52.866
2026-03-25,ZF,29.73,-51.356,81.086
2026-03-26,ZF,-41.947,15.991,-57.938
2026-03-27,ZF,18.904,38.47,-19.566
2026-03-30,ZF,43.541,12.293,31.248
2026-03-31,ZF,18.077,-7.222,25.298
2026-04-01,ZF,1.444,4.335,-2.891
2026-04-02,ZF,5.782,-17.337,23.119
2026-04-03,ZF,-19.5,0.724,-20.224
2026-04-06,ZF,1.447,14.471,-13.023
2026-04-07,ZF,-7.236,24.59,-31.825
2026-04-08,ZF,19.507,3.608,15.899
2026-04-09,ZF,10.822,-10.101,20.923
2026-04-10,ZF,-11.542,12.998,-24.54
2026-04-13,ZF,7.222,19.478,-12.255
2026-04-14,ZF,7.933,-10.081,18.014
2026-04-15,ZF,-14.4,-7.929,-6.471
2026-04-16,ZF,-7.929,31.741,-39.671
2026-04-17,ZF,35.348,-7.91,43.259
2026-04-20,ZF,-7.91,-34.537,26.627
2026-04-21,ZF,-23.75,-6.491,-17.258
2026-04-22,ZF,2.888,-15.153,18.041
2026-04-23,ZF,0.0,15.897,-15.897
2026-04-24,ZF,17.344,-10.101,27.445
2026-04-27,ZF,-11.543,-13.0,1.457
2026-04-28,ZF,-16.611,-31.103,14.492
2026-04-29,ZF,-26.034,15.237,-41.271
2026-04-30,ZF,11.609,-1.449,13.058
2026-05-01,ZF,2.898,-26.081,28.979
2026-05-04,ZF,-31.157,7.266,-38.423
2026-05-05,ZF,7.99,27.584,-19.594
2026-05-06,ZF,28.316,-18.098,46.414
2026-05-07,ZF,-10.135,10.877,-21.012
2026-05-08,ZF,11.603,-23.901,35.504
2026-05-11,ZF,-15.936,-22.505,6.568
2026-05-12,ZF,-20.328,2.182,-22.511
2026-05-13,ZF,-2.183,-6.549,4.366
2026-05-14,ZF,1.455,-53.11,54.565
2026-05-15,ZF,-44.419,-0.0,-44.419
2026-05-18,ZF,0.731,-14.64,15.372
2026-05-20,ZF,33.722,-2.921,36.643
2026-05-21,ZF,-16.801,2.925,-19.725
2026-05-22,ZF,-16.07,27.051,-43.121
2026-05-26,ZF,17.544,1.458,16.086
2026-05-27,ZF,3.646,8.017,-4.371
2026-05-28,ZF,13.85,9.475,4.375
2026-05-29,ZF,13.12,-8.016,21.136
2026-06-01,ZF,-24.761,5.839,-30.6
2026-06-02,ZF,-2.188,-11.675,9.487
2026-06-03,ZF,-18.236,13.154,-31.39
2026-06-04,ZF,11.688,-41.606,53.294
2026-06-05,ZF,-36.491,-5.13,-31.361
2026-06-08,ZF,-2.199,10.259,-12.458
2026-06-09,ZF,13.931,-5.124,19.054
2026-06-10,ZF,-1.464,36.609,-38.073
2026-06-11,ZF,0.732,-8.03,8.762
2026-06-12,ZF,-13.861,10.959,-24.82
2026-06-15,ZF,11.689,10.217,1.472
2026-06-16,ZF,16.786,-53.936,70.722
2026-06-17,ZF,-2.916,1.463,-4.379
2026-06-18,ZF,30.045,-25.587,55.632
2026-06-22,ZF,-22.667,10.994,-33.661
2026-06-23,ZF,16.857,31.476,-14.619
2026-06-24,ZF,30.749,4.377,26.372
2026-06-25,ZF,13.135,14.58,-1.446
2026-06-26,ZF,16.771,-3.64,20.411
2026-06-29,ZF,-8.736,-24.769,16.033
2026-06-30,ZF,-16.022,-17.517,1.495
2026-07-01,ZF,-7.303,8.042,-15.345
2026-07-02,ZF,7.312,12.424,-5.113
2026-07-06,ZF,-0.0,-27.019,27.019
2026-07-07,ZF,-18.978,-21.947,2.969
2026-07-08,ZF,-20.502,12.463,-32.966
2026-07-09,ZF,15.397,-15.37,30.767
2026-07-10,ZF,-10.983,-24.927,13.943
2026-07-13,ZF,-26.389,20.573,-46.962
2026-07-14,ZF,21.314,21.27,0.044
2026-07-15,ZF,18.331,-10.241,28.572
2026-07-16,ZF,-9.515,0.0,-9.515
2026-07-17,ZF,0.732,-18.303,19.035
2026-07-20,ZF,-22.701,-17.608,-5.092
2026-07-21,ZF,-18.337,-17.637,-0.7
2026-07-22,ZF,-11.025,-19.137,8.113
2026-07-23,ZF,-15.459,14.014,-29.473
2026-07-24,ZF,17.699,7.364,10.335
2026-07-27,ZF,12.521,15.448,-2.927
2026-07-28,ZF,22.813,-8.814,31.626
2026-07-29,ZF,-24.238,-11.012,-13.226
2026-07-30,ZF,8.822,-19.837,28.658
2026-07-31,ZF,-26.457,23.588,-50.045
2026-08-03,ZF,8.098,26.474,-18.377
2026-08-04,ZF,27.21,1.467,25.743
2026-08-05,ZF,-5.868,-24.93,19.063
2026-08-06,ZF,-25.665,16.909,-42.575
2026-08-07,ZF,12.496,-19.091,31.587
2026-08-10,ZF,-22.018,5.149,-27.167
2026-08-11,ZF,9.564,3.674,5.889
2026-08-12,ZF,13.968,22.769,-8.801
2026-08-13,ZF,23.507,-17.584,41.091
2026-08-14,ZF,-12.458,-2.936,-9.521
2026-08-17,ZF,-0.734,2.937,-3.671
2026-08-18,ZF,3.672,9.542,-5.87
2026-08-19,ZF,-0.734,-10.273,9.539
2026-08-21,ZF,-13.956,6.621,-20.577
2026-08-24,ZF,5.885,27.937,-22.052
2026-08-25,ZF,19.85,-8.069,27.919
2026-08-26,ZF,-20.528,-5.875,-14.652
2026-08-27,ZF,-4.405,-38.945,34.54
2026-08-28,ZF,-37.478,-1.481,-35.997
2026-08-31,ZF,-2.961,-17.74,14.779
2026-09-01,ZF,-20.684,7.406,-28.09
2026-09-02,ZF,1.481,11.846,-10.365
2026-09-03,ZF,15.541,-14.043,29.583
2026-09-04,ZF,-4.437,-5.182,0.745
2026-09-08,ZF,-5.921,-14.819,8.898
2026-09-09,ZF,-19.999,-53.428,33.43
2026-09-10,ZF,-41.555,-23.863,-17.693
2026-09-11,ZF,-9.699,-6.728,-2.97
2026-09-14,ZF,11.212,-17.191,28.404
2026-09-15,ZF,-1.496,-19.463,17.966
2026-09-16,ZF,23.959,25.485,-1.526
2026-09-17,ZF,24.751,-29.922,54.673
2026-09-18,ZF,-29.159,9.748,-38.907
2026-09-21,ZF,17.257,3.746,13.51
2026-09-22,ZF,-6.742,-59.207,52.465
2026-09-23,ZF,-68.909,-15.837,-53.072
2026-09-24,ZF,-4.524,18.108,-22.631
2026-09-25,ZF,15.107,-26.381,41.488
2026-09-28,ZF,-35.397,6.046,-41.443
2026-09-29,ZF,-11.336,-3.777,-7.559
2024-05-01,ZN,15.993,17.344,-1.351
2024-05-02,ZN,33.324,41.817,-8.493
2024-05-03,ZN,43.284,1.435,41.848
2024-05-06,ZN,7.18,14.349,-7.169
2024-05-07,ZN,30.138,-20.066,50.204
2024-05-08,ZN,-14.329,20.103,-34.432
2024-05-09,ZN,8.617,-35.806,44.423
2024-05-10,ZN,-30.095,7.187,-37.282
2024-05-13,ZN,15.811,18.662,-2.851
2024-05-14,ZN,22.982,58.722,-35.741
2024-05-15,ZN,65.912,-22.786,88.698
2024-05-16,ZN,-17.087,-29.966,12.879
2024-05-17,ZN,-27.12,-12.881,-14.239
2024-05-20,ZN,-11.45,14.323,-25.772
2024-05-21,ZN,24.362,-12.876,37.238
2024-05-22,ZN,-11.442,-28.666,17.224
2024-05-23,ZN,-37.244,2.874,-40.118
2024-05-24,ZN,0.0,-44.534,44.534
2024-05-28,ZN,-22.989,-43.284,20.295
2024-05-29,ZN,-46.176,46.397,-92.573
2024-05-30,ZN,40.574,43.217,-2.643
2024-05-31,ZN,23.042,68.936,-45.894
2024-06-03,ZN,50.186,45.643,4.544
2024-06-04,ZN,44.216,29.83,14.387
2024-06-05,ZN,17.038,2.834,14.205
2024-06-06,ZN,-2.832,-96.276,93.444
2024-06-07,ZN,-84.986,-18.582,-66.404
2024-06-10,ZN,-18.585,44.4,-62.985
2024-06-11,ZN,8.592,48.495,-39.903
2024-06-12,ZN,96.963,38.254,58.708
2024-06-13,ZN,53.939,11.29,42.649
2024-06-14,ZN,7.057,-39.47,46.527
2024-06-17,ZN,-39.47,35.386,-74.856
2024-06-18,ZN,32.55,-23.974,56.524
2024-06-21,ZN,-7.068,5.656,-12.724
2024-06-24,ZN,-5.655,8.482,-14.137
2024-06-25,ZN,-9.893,-46.63,36.737
2024-06-26,ZN,-49.435,17.036,-66.471
2024-06-27,ZN,18.455,-36.843,55.298
2024-06-28,ZN,-32.596,-72.464,39.867
2024-07-01,ZN,-68.269,27.193,-95.462
2024-07-02,ZN,20.037,42.82,-22.783
2024-07-03,ZN,52.812,53.993,-1.181
2024-07-05,ZN,54.008,-5.65,59.658
2024-07-08,ZN,-2.826,-15.539,12.712
2024-07-09,ZN,-21.198,5.66,-26.859
2024-07-10,ZN,4.244,55.155,-50.91
2024-07-11,ZN,72.126,9.84,62.286
2024-07-12,ZN,2.813,-16.861,19.674
2024-07-15,ZN,-21.064,33.793,-54.858
2024-07-16,ZN,14.075,5.613,8.461
2024-07-17,ZN,2.807,-26.64,29.447
2024-07-18,ZN,-14.025,-32.317,18.292
2024-07-19,ZN,-28.118,-8.459,-19.658
2024-07-22,ZN,-21.145,8.469,-29.613
2024-07-23,ZN,15.521,-21.139,36.66
2024-07-25,ZN,26.832,36.661,-9.829
2024-07-26,ZN,29.607,15.456,14.151
2024-07-29,ZN,12.644,18.246,-5.602
2024-07-30,ZN,18.238,57.415,-39.177
2024-07-31,ZN,23.816,75.461,-51.645
2024-08-01,ZN,41.771,121.985,-80.214
2024-08-02,ZN,115.118,1.369,113.749
2024-08-05,ZN,-5.478,-69.834,64.356
2024-08-06,ZN,-68.446,-33.072,-35.375
2024-08-07,ZN,-20.684,-19.374,-1.309
2024-08-08,ZN,-30.416,29.126,-59.542
2024-08-09,ZN,27.732,27.666,0.065
2024-08-12,ZN,16.595,37.257,-20.662
2024-08-13,ZN,30.349,5.501,24.848
2024-08-14,ZN,10.998,-65.925,76.923
2024-08-15,ZN,-71.468,17.986,-89.453
2024-08-16,ZN,5.53,8.288,-2.758
2024-08-19,ZN,15.191,31.742,-16.55
2024-08-20,ZN,31.746,22.017,9.729
2024-08-21,ZN,24.763,-52.133,76.896
2024-08-22,ZN,-50.803,40.0,-90.803
2024-08-23,ZN,24.824,-12.368,37.192
2024-08-26,ZN,-8.243,-8.252,0.009
2024-08-27,ZN,-6.879,-1.376,-5.503
2024-08-28,ZN,1.376,-17.892,19.268
2024-08-29,ZN,-13.765,-28.81,15.045
2024-08-30,ZN,-26.067,44.023,-70.09
2024-09-03,ZN,37.164,53.454,-16.289
2024-09-04,ZN,32.872,17.73,15.142
2024-09-05,ZN,10.907,16.34,-5.433
2024-09-06,ZN,8.169,4.076,4.093
2024-09-09,ZN,6.797,35.312,-28.515
2024-09-11,ZN,-13.534,-16.256,2.722
2024-09-12,ZN,-24.387,13.565,-37.952
2024-09-13,ZN,24.423,9.475,14.949
2024-09-16,ZN,18.965,-17.577,36.542
2024-09-17,ZN,-17.579,-36.57,18.991
2024-09-18,ZN,-21.671,-21.721,0.05
2024-09-19,ZN,-21.751,5.447,-27.198
2024-09-20,ZN,6.803,-13.605,20.408
2024-09-23,ZN,-2.722,8.169,-10.891
2024-09-24,ZN,9.537,-28.571,38.108
2024-09-25,ZN,-23.126,-13.641,-9.485
2024-09-26,ZN,-20.467,27.311,-47.778
2024-09-27,ZN,27.319,-31.322,58.641
2024-09-30,ZN,-14.98,39.655,-54.636
2024-10-01,ZN,43.716,-20.436,64.152
2024-10-02,ZN,-25.879,-45.057,19.179
2024-10-03,ZN,-35.495,-91.894,56.399
2024-10-04,ZN,-89.151,-29.078,-60.073
2024-10-07,ZN,-31.838,5.556,-37.394
2024-10-08,ZN,-0.0,-20.842,20.842
2024-10-09,ZN,-29.15,1.393,-30.543
2024-10-11,ZN,6.962,16.704,-9.742
2024-10-15,ZN,18.106,12.509,5.597
2024-10-16,ZN,11.117,-38.878,49.995
2024-10-17,ZN,-45.808,12.549,-58.357
2024-10-18,ZN,15.333,-61.273,76.606
2024-10-21,ZN,-58.488,-14.01,-44.478
2024-10-22,ZN,-14.011,-21.053,7.041
2024-10-23,ZN,-21.044,19.702,-40.745
2024-10-24,ZN,22.504,-22.469,44.972
2024-10-25,ZN,-4.213,-25.327,21.114
2024-10-28,ZN,-32.372,8.469,-40.84
2024-10-29,ZN,-32.445,-14.108,-18.336
2024-10-30,ZN,1.41,-21.171,22.582
2024-10-31,ZN,-9.89,-46.683,36.793
2024-11-01,ZN,-28.289,36.927,-65.215
2024-11-04,ZN,39.795,7.08,32.715
2024-11-05,ZN,-33.961,-86.329,52.368
2024-11-06,ZN,-80.657,65.602,-146.258
2024-11-07,ZN,64.24,11.344,52.896
2024-11-08,ZN,5.667,-79.343,85.01
2024-11-12,ZN,-82.153,7.141,-89.294
2024-11-13,ZN,7.141,-8.567,15.707
2024-11-14,ZN,25.689,-11.411,37.099
2024-11-15,ZN,14.29,7.133,7.157
2024-11-18,ZN,12.852,14.253,-1.402
2024-11-19,ZN,17.106,-19.915,37.021
2024-11-20,ZN,-2.847,-11.398,8.551
2024-11-21,ZN,-1.425,7.134,-8.559
2024-11-22,ZN,8.558,82.668,-74.11
2024-11-25,ZN,65.583,-18.375,83.958
2024-11-26,ZN,-25.445,33.99,-59.435
2024-11-27,ZN,39.649,26.759,12.889
2024-11-29,ZN,31.0,-1.405,32.405
2024-12-02,ZN,-4.216,-19.688,15.471
2024-12-03,ZN,-7.028,22.526,-29.554
2024-12-04,ZN,29.59,-2.809,32.399
2024-12-05,ZN,-4.214,23.886,-28.101
2024-12-06,ZN,16.859,-26.637,43.495
2024-12-10,ZN,-25.302,-25.341,0.039
2024-12-11,ZN,-9.858,-32.463,22.605
2024-12-12,ZN,-14.114,-46.709,32.595
2024-12-13,ZN,-39.649,2.845,-42.493
2024-12-16,ZN,-4.266,1.422,-5.689
2024-12-17,ZN,5.687,-82.457,88.144
2024-12-18,ZN,4.267,-35.827,40.094
2024-12-19,ZN,-37.271,33.098,-70.369
2024-12-20,ZN,47.462,-43.005,90.466
2024-12-23,ZN,-28.686,4.322,-33.008
2024-12-24,ZN,4.319,11.519,-7.2
2024-12-26,ZN,-17.279,-20.135,2.857
2024-12-27,ZN,-12.944,48.991,-61.935
2024-12-30,ZN,46.116,-20.075,66.191
2024-12-31,ZN,-21.508,2.872,-24.381
2025-01-02,ZN,1.437,-17.231,18.668
2025-01-03,ZN,-8.615,-8.629,0.015
2025-01-06,ZN,-2.877,-35.987,33.11
2025-01-07,ZN,-28.789,10.111,-38.901
2025-01-08,ZN,4.334,5.78,-1.446
2025-01-09,ZN,-5.772,-67.88,62.108
2025-01-10,ZN,-57.77,-10.183,-47.587
2025-01-13,ZN,-7.271,13.116,-20.386
2025-01-14,ZN,-4.369,91.69,-96.058
2025-01-16,ZN,24.517,-7.193,31.71
2025-01-17,ZN,-2.878,24.467,-27.345
2025-01-21,ZN,11.517,-18.678,30.196
2025-01-22,ZN,-33.022,-18.713,-14.309
2025-01-23,ZN,-17.274,12.978,-30.251
2025-01-24,ZN,14.422,60.501,-46.08
2025-01-27,ZN,56.164,-2.863,59.026
2025-01-28,ZN,-20.046,-2.866,-17.18
2025-01-29,ZN,-10.023,18.641,-28.664
2025-01-30,ZN,17.202,-21.456,38.658
2025-01-31,ZN,4.294,15.791,-11.497
2025-02-03,ZN,11.468,22.946,-11.478
2025-02-04,ZN,10.033,47.217,-37.184
2025-02-05,ZN,52.94,-18.505,71.446
2025-02-06,ZN,-17.089,-32.801,15.712
2025-02-07,ZN,-37.079,-4.292,-32.787
2025-02-10,ZN,4.292,-22.89,27.182
2025-02-11,ZN,-21.468,-61.666,40.198
2025-02-12,ZN,-58.79,60.615,-119.405
2025-02-13,ZN,56.277,31.555,24.722
2025-02-14,ZN,40.166,-47.177,87.343
2025-02-18,ZN,-35.745,8.612,-44.357
2025-02-19,ZN,1.436,15.775,-14.339
2025-02-20,ZN,20.077,42.937,-22.859
2025-02-21,ZN,40.092,14.245,25.847
2025-02-24,ZN,14.251,62.571,-48.32
2025-02-25,ZN,56.899,26.863,30.036
2025-02-26,ZN,2.826,-12.687,15.513
2025-02-27,ZN,-25.381,52.244,-77.625
2025-02-28,ZN,33.864,40.782,-6.918
2025-03-03,ZN,8.427,-8.415,16.842
2025-03-04,ZN,-0.0,-43.539,43.539
2025-03-05,ZN,-42.111,-11.274,-30.837
2025-03-06,ZN,-7.053,-18.333,11.28
2025-03-07,ZN,18.341,62.182,-43.841
2025-03-10,ZN,52.275,-37.889,90.164
2025-03-11,ZN,-8.427,-14.098,5.671
2025-03-12,ZN,-22.538,31.065,-53.603
2025-03-13,ZN,14.118,-32.39,46.508
2025-03-14,ZN,-25.338,-2.824,-22.513
2025-03-17,ZN,19.78,11.301,8.479
2025-03-19,ZN,-18.343,14.077,-32.42
2025-03-20,ZN,11.26,-2.811,14.071
2025-03-21,ZN,-7.028,-50.64,43.612
2025-03-24,ZN,-42.182,15.55,-57.732
2025-03-25,ZN,24.035,-22.57,46.605
2025-03-26,ZN,-15.526,-9.891,-5.635
2025-03-27,ZN,-7.069,67.912,-74.981
2025-03-28,ZN,63.649,18.266,45.383
2025-03-31,ZN,7.026,43.552,-36.525
2025-04-01,ZN,29.453,-19.572,49.025
2025-04-02,ZN,-30.774,109.305,-140.078
2025-04-03,ZN,102.255,23.582,78.674
2025-04-04,ZN,58.22,-102.323,160.543
2025-04-07,ZN,-59.507,-50.209,-9.298
2025-04-08,ZN,12.573,-43.454,56.027
2025-04-09,ZN,-107.934,18.406,-126.34
2025-04-10,ZN,-19.71,-66.384,46.674
2025-04-11,ZN,-53.703,86.857,-140.56
2025-04-14,ZN,45.5,16.928,28.572
2025-04-16,ZN,21.124,-26.644,47.768
2025-04-17,ZN,-22.44,7.033,-29.474
2025-04-18,ZN,2.812,-39.359,42.171
2025-04-21,ZN,-21.085,-7.051,-14.034
2025-04-22,ZN,8.467,-5.642,14.109
2025-04-23,ZN,2.822,50.833,-48.011
2025-04-24,ZN,40.926,28.094,12.832
2025-04-25,ZN,23.883,35.029,-11.146
2025-04-28,ZN,28.015,26.529,1.486
2025-04-29,ZN,23.736,25.077,-1.34
2025-04-30,ZN,4.178,-23.67,27.848
2025-05-01,ZN,-37.521,-53.08,15.559
2025-05-02,ZN,-76.762,-5.623,-71.139
2025-05-05,ZN,-26.682,22.51,-49.191
2025-05-06,ZN,4.219,19.652,-15.432
2025-05-07,ZN,14.037,-70.048,84.085
2025-05-08,ZN,-56.038,-1.41,-54.628
2025-05-09,ZN,9.876,-62.042,71.918
2025-05-12,ZN,-52.186,-11.346,-40.84
2025-05-13,ZN,-9.932,-26.992,17.061
2025-05-14,ZN,-29.817,51.26,-81.077
2025-05-15,ZN,58.405,2.834,55.57
2025-05-16,ZN,5.667,-8.496,14.163
2025-05-19,ZN,-18.416,1.418,-19.835
2025-05-20,ZN,-2.834,-56.713,53.879
2025-05-21,ZN,-32.619,38.527,-71.147
2025-05-22,ZN,18.537,27.031,-8.494
2025-05-23,ZN,14.215,29.8,-15.585
2025-05-27,ZN,29.796,-26.867,56.662
2025-05-28,ZN,-26.882,34.023,-60.905
2025-05-29,ZN,34.028,16.932,17.096
2025-05-30,ZN,21.181,-15.521,36.703
2025-06-02,ZN,-36.63,-2.828,-33.802
2025-06-03,ZN,-18.372,62.244,-80.616
2025-06-04,ZN,67.902,-29.532,97.434
2025-06-05,ZN,-21.088,-76.153,55.065
2025-06-06,ZN,-70.522,18.482,-89.004
2025-06-09,ZN,21.316,8.511,12.805
2025-06-10,ZN,12.771,39.694,-26.922
2025-06-11,ZN,28.345,35.296,-6.951
2025-06-12,ZN,31.065,-33.765,64.829
2025-06-13,ZN,-52.054,-15.537,-36.517
2025-06-16,ZN,-2.823,33.941,-36.765
2025-06-18,ZN,19.732,11.279,8.453
2025-06-20,ZN,12.681,28.153,-15.472
2025-06-23,ZN,53.514,16.823,36.69
2025-06-24,ZN,28.074,6.997,21.077
2025-06-25,ZN,-6.998,34.98,-41.978
2025-06-26,ZN,12.586,-19.529,32.114
2025-06-27,ZN,-4.183,29.346,-33.529
2025-06-30,ZN,22.362,-23.687,46.049
2025-07-01,ZN,-29.26,-20.95,-8.31
2025-07-02,ZN,-29.33,-33.595,4.265
2025-07-03,ZN,-36.389,-22.472,-13.917
2025-07-07,ZN,-21.067,-9.859,-11.208
2025-07-08,ZN,-23.93,45.134,-69.064
2025-07-09,ZN,23.967,-4.213,28.18
2025-07-11,ZN,-40.742,4.234,-44.975
2025-07-14,ZN,-2.821,-36.682,33.86
2025-07-15,ZN,-38.087,34.004,-72.091
2025-07-16,ZN,12.744,-4.238,16.982
2025-07-17,ZN,-7.06,26.863,-33.923
2025-07-18,ZN,28.265,29.619,-1.355
2025-07-21,ZN,40.891,15.456,25.435
2025-07-22,ZN,28.125,-36.466,64.591
2025-07-23,ZN,-33.67,-18.294,-15.376
2025-07-24,ZN,-14.077,16.92,-30.997
2025-07-25,ZN,12.689,-12.672,25.361
2025-07-28,ZN,-14.077,55.015,-69.091
2025-07-29,ZN,36.656,-26.663,63.319
2025-07-30,ZN,-18.238,5.631,-23.869
2025-07-31,ZN,14.071,108.329,-94.258
2025-08-01,ZN,94.26,15.318,78.942
2025-08-04,ZN,4.175,-11.122,15.297
2025-08-05,ZN,-5.562,-8.347,2.786
2025-08-06,ZN,-13.918,-12.528,-1.39
2025-08-07,ZN,-2.785,-25.091,22.306
2025-08-08,ZN,-25.087,1.397,-26.484
2025-08-11,ZN,12.577,-6.983,19.56
2025-08-12,ZN,-6.984,34.941,-41.925
2025-08-13,ZN,36.338,-29.252,65.59
2025-08-14,ZN,-34.819,-15.372,-19.447
2025-08-15,ZN,-23.75,-4.201,-19.549
2025-08-18,ZN,-6.998,22.415,-29.413
2025-08-19,ZN,18.21,9.785,8.425
2025-08-20,ZN,13.978,-25.143,39.121
2025-08-21,ZN,-37.704,51.828,-89.532
2025-08-22,ZN,51.813,-18.113,69.927
2025-08-25,ZN,-12.542,19.534,-32.076
2025-08-27,ZN,11.141,13.902,-2.762
2025-08-28,ZN,9.73,-5.551,15.281
2025-08-29,ZN,-8.326,-22.225,13.899
2025-09-02,ZN,-33.324,33.44,-66.764
2025-09-03,ZN,34.804,24.976,9.829
2025-09-04,ZN,30.551,44.315,-13.764
2025-09-05,ZN,52.595,15.158,37.437
2025-09-08,ZN,12.409,-20.641,33.05
2025-09-09,ZN,-23.39,15.164,-38.554
2025-09-10,ZN,17.926,-0.0,17.926
2025-09-11,ZN,17.894,-34.369,52.263
2025-09-12,ZN,-31.637,15.175,-46.811
2025-09-15,ZN,17.934,1.377,16.557
2025-09-16,ZN,11.019,-31.646,42.665
2025-09-17,ZN,-17.896,-20.718,2.822
2025-09-18,ZN,-12.422,-12.446,0.024
2025-09-19,ZN,-6.92,-6.929,0.009
2025-09-22,ZN,-6.923,16.634,-23.558
2025-09-23,ZN,5.547,-20.764,26.311
2025-09-24,ZN,-20.758,-24.969,4.21
2025-09-25,ZN,-24.969,-2.782,-22.187
2025-09-26,ZN,-11.125,22.269,-33.394
2025-09-29,ZN,22.262,-1.389,23.651
2025-09-30,ZN,11.11,30.556,-19.446
2025-10-01,ZN,22.222,6.923,15.299
2025-10-02,ZN,11.077,-23.526,34.603
2025-10-03,ZN,-17.988,-26.349,8.361
2025-10-06,ZN,-22.194,20.854,-43.048
2025-10-07,ZN,27.809,-5.547,33.356
2025-10-08,ZN,6.937,-6.939,13.875
2025-10-09,ZN,-8.325,55.563,-63.889
2025-10-10,ZN,51.382,24.862,26.52
2025-10-14,ZN,22.103,-9.646,31.748
2025-10-15,ZN,-12.4,46.916,-59.316
2025-10-17,ZN,-24.722,13.772,-38.494
2025-10-20,ZN,4.13,15.131,-11.001
2025-10-21,ZN,16.504,4.121,12.382
2025-10-22,ZN,-4.12,-34.327,30.206
2025-10-23,ZN,-27.465,-2.754,-24.711
2025-10-24,ZN,5.511,-1.377,6.888
2025-10-27,ZN,-8.263,6.888,-15.151
2025-10-28,ZN,2.755,-56.458,59.213
2025-10-29,ZN,-12.39,-17.991,5.601
2025-10-30,ZN,-12.464,2.773,-15.237
2025-10-31,ZN,1.386,2.774,-1.387
2025-11-03,ZN,-4.159,13.868,-18.026
2025-11-04,ZN,9.705,-37.412,47.116
2025-11-05,ZN,-41.545,45.903,-87.449
2025-11-06,ZN,45.897,4.155,41.742
2025-11-07,ZN,15.231,-15.229,30.46
2025-11-10,ZN,-15.229,27.728,-42.957
2025-11-12,ZN,34.664,-24.889,59.554
2025-11-13,ZN,-13.826,-19.399,5.573
2025-11-14,ZN,-12.476,9.72,-22.195
2025-11-17,ZN,8.33,13.872,-5.542
2025-11-19,ZN,1.385,26.349,-24.963
2025-11-20,ZN,19.407,33.223,-13.816
2025-11-21,ZN,12.448,11.038,1.411
2025-11-24,ZN,8.278,23.429,-15.151
2025-11-25,ZN,28.942,1.375,27.567
2025-11-26,ZN,-2.75,-19.264,16.514
2025-11-28,ZN,-22.008,-44.114,22.105
2025-12-01,ZN,-42.735,9.695,-52.43
2025-12-02,ZN,1.385,17.993,-16.608
2025-12-03,ZN,11.07,-27.632,38.702
2025-12-04,ZN,-27.632,-16.634,-10.998
2025-12-05,ZN,-26.323,-19.442,-6.881
2025-12-08,ZN,-29.159,-13.92,-15.239
2025-12-09,ZN,-9.74,29.276,-39.016
2025-12-10,ZN,11.151,18.098,-6.947
2025-12-11,ZN,16.681,-20.845,37.525
2025-12-12,ZN,-22.235,9.749,-31.984
2025-12-15,ZN,6.963,22.269,-15.306
2025-12-16,ZN,18.088,-2.777,20.865
2025-12-17,ZN,-6.943,22.219,-29.163
2025-12-18,ZN,13.889,-24.945,38.833
2025-12-19,ZN,-23.555,-11.111,-12.444
2025-12-22,ZN,-9.725,-5.563,-4.162
2025-12-23,ZN,-9.733,18.086,-27.819
2025-12-24,ZN,20.874,6.943,13.93
2025-12-26,ZN,1.389,13.877,-12.489
2025-12-29,ZN,11.102,-6.931,18.033
2025-12-30,ZN,-6.929,-30.522,23.593
2025-12-31,ZN,-18.033,-5.568,-12.465
2026-01-02,ZN,-2.783,22.281,-25.064
2026-01-05,ZN,25.07,0.0,25.07
2026-01-06,ZN,-12.505,20.865,-33.37
2026-01-07,ZN,19.461,-27.762,47.223
2026-01-08,ZN,-20.822,-1.392,-19.43
2026-01-09,ZN,-8.352,-6.962,-1.39
2026-01-12,ZN,-1.392,11.147,-12.539
2026-01-13,ZN,13.933,15.31,-1.376
2026-01-14,ZN,20.877,-27.782,48.658
2026-01-15,ZN,-16.676,-38.986,22.31
2026-01-20,ZN,-22.365,22.44,-44.806
2026-01-21,ZN,12.621,-5.597,18.218
2026-01-22,ZN,-1.399,12.603,-14.003
2026-01-23,ZN,-7.0,13.992,-20.992
2026-01-26,ZN,11.189,-8.382,19.571
2026-01-27,ZN,-2.794,-12.577,9.782
2026-01-28,ZN,-13.982,12.596,-26.578
2026-01-29,ZN,16.79,-11.175,27.965
2026-01-30,ZN,1.398,-22.356,23.754
2026-02-02,ZN,-9.789,5.601,-15.39
2026-02-03,ZN,-7.002,-1.4,-5.602
2026-02-04,ZN,-0.0,56.007,-56.007
2026-02-05,ZN,44.805,-0.0,44.805
2026-02-06,ZN,-12.531,5.574,-18.105
2026-02-09,ZN,1.394,29.244,-27.85
2026-02-10,ZN,26.462,-23.608,50.07
2026-02-11,ZN,-11.108,47.308,-58.416
2026-02-12,ZN,38.976,37.406,1.569
2026-02-13,ZN,23.542,-5.523,29.065
2026-02-17,ZN,-6.901,-19.337,12.436
2026-02-18,ZN,-12.433,2.767,-15.2
2026-02-20,ZN,-9.682,38.738,-48.42
2026-02-23,ZN,41.505,-9.646,51.151
2026-02-24,ZN,-8.269,-9.654,1.385
2026-02-25,ZN,-1.379,23.468,-24.847
2026-02-26,ZN,17.946,34.453,-16.507
2026-02-27,ZN,28.933,-60.415,89.348
2026-03-02,ZN,-63.187,-5.528,-57.659
2026-03-03,ZN,-12.433,-24.886,12.453
2026-03-04,ZN,-11.062,-31.865,20.803
2026-03-05,ZN,-33.264,4.174,-37.438
2026-03-06,ZN,11.119,16.678,-5.559
2026-03-09,ZN,6.954,-2.782,9.736
2026-03-10,ZN,-2.775,-48.631,45.856
2026-03-11,ZN,-30.607,-41.859,11.252
2026-03-13,ZN,-9.808,40.673,-50.481
2026-03-16,ZN,28.05,8.379,19.672
2026-03-17,ZN,19.556,-46.038,65.594
2026-03-18,ZN,-18.139,-9.805,-8.333
2026-03-19,ZN,-21.023,-61.815,40.792
2026-03-20,ZN,-74.313,29.69,-104.003
2026-03-23,ZN,15.55,-42.259,57.809
2026-03-24,ZN,-32.422,46.689,-79.111
2026-03-25,ZN,46.683,-67.644,114.326
2026-03-26,ZN,-61.963,0.0,-61.963
2026-03-27,ZN,12.77,61.002,-48.232
2026-03-30,ZN,69.494,18.333,51.161
2026-03-31,ZN,23.971,-12.665,36.636
2026-04-01,ZN,5.631,5.631,-0.001
2026-04-02,ZN,11.272,-21.115,32.387
2026-04-03,ZN,-25.327,2.821,-28.148
2026-04-06,ZN,5.643,19.738,-14.095
2026-04-07,ZN,-9.872,36.646,-46.517
2026-04-08,ZN,23.92,4.215,19.705
2026-04-09,ZN,15.447,-15.449,30.897
2026-04-10,ZN,-18.256,15.473,-33.729
2026-04-13,ZN,7.033,29.499,-22.465
2026-04-14,ZN,15.449,-15.408,30.858
2026-04-15,ZN,-21.008,-15.432,-5.576
2026-04-16,ZN,-14.029,42.147,-56.176
2026-04-17,ZN,51.988,-9.79,61.778
2026-04-20,ZN,-6.995,-46.18,39.185
2026-04-21,ZN,-30.799,-8.422,-22.377
2026-04-22,ZN,7.029,-22.466,29.495
2026-04-23,ZN,1.405,16.887,-15.482
2026-04-24,ZN,19.702,-16.859,36.56
2026-04-27,ZN,-15.454,-14.071,-1.383
2026-04-28,ZN,-18.294,-45.096,26.801
2026-04-29,ZN,-35.226,18.406,-53.632
2026-04-30,ZN,14.156,1.413,12.743
2026-05-01,ZN,8.479,-36.723,45.203
2026-05-04,ZN,-45.204,11.346,-56.55
2026-05-05,ZN,12.759,41.065,-28.306
2026-05-06,ZN,42.499,-22.567,65.066
2026-05-07,ZN,-15.513,21.21,-36.723
2026-05-08,ZN,16.964,-32.449,49.413
2026-05-11,ZN,-23.988,-35.381,11.393
2026-05-12,ZN,-29.724,2.84,-32.564
2026-05-13,ZN,-1.42,-5.682,4.262
2026-05-14,ZN,8.517,-83.735,92.252
2026-05-15,ZN,-68.221,-1.431,-66.789
2026-05-18,ZN,2.862,-24.366,27.228
2026-05-19,ZN,-37.217,64.692,-101.91
2026-05-20,ZN,53.161,0.0,53.161
2026-05-22,ZN,-15.708,38.56,-54.268
2026-05-26,ZN,25.7,2.845,22.855
2026-05-27,ZN,7.113,12.795,-5.682
2026-05-28,ZN,19.909,8.535,11.374
2026-05-29,ZN,15.651,-8.537,24.188
2026-06-01,ZN,-31.281,12.831,-44.113
2026-06-02,ZN,-0.0,-21.364,21.364
2026-06-03,ZN,-28.478,15.705,-44.183
2026-06-04,ZN,15.701,-48.481,64.182
2026-06-05,ZN,-41.34,-12.892,-28.448
2026-06-08,ZN,-5.731,14.331,-20.062
2026-06-09,ZN,20.08,-10.016,30.096
2026-06-10,ZN,-2.862,58.706,-61.568
2026-06-11,ZN,10.026,-8.549,18.575
2026-06-12,ZN,-19.929,12.841,-32.769
2026-06-15,ZN,11.409,19.946,-8.537
2026-06-17,ZN,1.422,2.852,-1.43
2026-06-18,ZN,41.476,-35.633,77.109
2026-06-22,ZN,-31.366,10.011,-41.377
2026-06-23,ZN,21.456,54.293,-32.837
2026-06-24,ZN,51.436,5.682,45.754
2026-06-25,ZN,15.632,17.031,-1.399
2026-06-26,ZN,18.455,-1.417,19.872
2026-06-29,ZN,-9.918,-38.282,28.364
2026-06-30,ZN,-25.51,-31.281,5.771
2026-07-01,ZN,-14.233,5.704,-19.937
2026-07-02,ZN,4.279,11.409,-7.13
2026-07-06,ZN,-2.85,-38.483,35.633
2026-07-07,ZN,-29.915,-30.013,0.098
2026-07-08,ZN,-27.186,15.768,-42.954
2026-07-09,ZN,21.502,-17.16,38.662
2026-07-10,ZN,-10.019,-31.528,21.509
2026-07-13,ZN,-37.244,22.998,-60.242
2026-07-14,ZN,24.439,27.256,-2.816
2026-07-15,ZN,24.38,-11.437,35.816
2026-07-16,ZN,-12.876,10.023,-22.898
2026-07-17,ZN,5.725,-32.89,38.615
2026-07-20,ZN,-38.621,-22.962,-15.659
2026-07-21,ZN,-22.956,-24.446,1.491
2026-07-22,ZN,-14.384,-27.381,12.997
2026-07-23,ZN,-18.74,18.789,-37.529
2026-07-24,ZN,24.566,20.193,4.373
2026-07-27,ZN,23.081,21.586,1.496
2026-07-28,ZN,28.789,-33.027,61.816
2026-07-29,ZN,-31.591,-22.982,-8.609
2026-07-30,ZN,12.966,-30.225,43.191
2026-07-31,ZN,-44.63,37.616,-82.246
2026-08-03,ZN,12.993,38.905,-25.912
2026-08-04,ZN,40.357,4.307,36.051
2026-08-05,ZN,-8.612,-34.433,25.821
2026-08-06,ZN,-37.308,20.161,-57.469
2026-08-07,ZN,11.517,-30.203,41.72
2026-08-10,ZN,-34.493,7.21,-41.702
2026-08-11,ZN,12.983,1.44,11.543
2026-08-12,ZN,15.85,30.225,-14.374
2026-08-13,ZN,34.557,-28.69,63.248
2026-08-14,ZN,-24.394,-12.95,-11.444
2026-08-17,ZN,-5.755,7.204,-12.958
2026-08-18,ZN,5.763,31.668,-25.905
2026-08-19,ZN,15.836,-24.418,40.255
2026-08-20,ZN,-37.308,-20.158,-17.15
2026-08-21,ZN,-20.158,15.873,-36.031
2026-08-24,ZN,17.314,46.103,-28.789
2026-08-26,ZN,-30.116,-7.19,-22.926
2026-08-27,ZN,-8.622,-44.611,35.989
2026-08-28,ZN,-44.611,-11.586,-33.025
2026-08-31,ZN,-17.384,-21.771,4.387
2026-09-01,ZN,-30.448,10.186,-40.634
2026-09-02,ZN,-1.455,16.002,-17.457
2026-09-03,ZN,20.352,-14.514,34.866
2026-09-04,ZN,0.0,-10.177,10.177
2026-09-08,ZN,-10.174,-20.387,10.213
2026-09-09,ZN,-27.652,-68.583,40.931
2026-09-10,ZN,-49.613,-22.036,-27.577
2026-09-11,ZN,-7.346,-8.835,1.489
2026-09-14,ZN,16.196,-25.022,41.218
2026-09-15,ZN,-4.422,-19.174,14.753
2026-09-16,ZN,32.463,41.347,-8.884
2026-09-18,ZN,-41.176,25.1,-66.276
2026-09-21,ZN,29.542,5.894,23.648
2026-09-22,ZN,-11.782,-84.021,72.239
2026-09-23,ZN,-97.187,-37.186,-60.002
2026-09-24,ZN,-16.352,16.393,-32.745
2026-09-25,ZN,11.944,-35.757,47.701
2026-09-28,ZN,-52.076,-2.991,-49.085
2026-09-29,ZN,-22.428,-10.474,-11.954
2024-05-01,ZB,41.152,-2.717,43.869
2024-05-02,ZB,21.822,65.147,-43.324
2024-05-03,ZB,65.217,26.961,38.256
2024-05-06,ZB,18.878,45.711,-26.833
2024-05-07,ZB,72.6,-37.493,110.093
2024-05-08,ZB,-26.767,29.554,-56.321
2024-05-09,ZB,0.0,-61.547,61.547
2024-05-10,ZB,-56.255,16.155,-72.41
2024-05-13,ZB,35.003,34.909,0.094
2024-05-14,ZB,40.323,107.009,-66.687
2024-05-15,ZB,120.417,-13.238,133.655
2024-05-16,ZB,-5.294,-53.008,47.714
2024-05-17,ZB,-53.022,-23.974,-29.048
2024-05-20,ZB,-23.981,26.695,-50.676
2024-05-21,ZB,37.383,10.655,26.728
2024-05-22,ZB,5.325,-39.979,45.303
2024-05-23,ZB,-61.203,10.701,-71.904
2024-05-24,ZB,5.352,-98.878,104.229
2024-05-28,ZB,-64.137,-89.093,24.956
2024-05-29,ZB,-105.263,81.833,-187.096
2024-05-30,ZB,68.101,78.427,-10.325
2024-05-31,ZB,40.541,131.933,-91.393
2024-06-03,ZB,99.276,90.353,8.922
2024-06-04,ZB,90.353,63.241,27.112
2024-06-05,ZB,44.772,10.482,34.29
2024-06-06,ZB,-5.237,-162.219,156.982
2024-06-07,ZB,-143.979,-50.518,-93.461
2024-06-10,ZB,-58.511,72.173,-130.684
2024-06-11,ZB,2.672,76.964,-74.292
2024-06-12,ZB,156.582,57.697,98.884
2024-06-13,ZB,89.544,54.759,34.786
2024-06-14,ZB,33.898,-67.462,101.361
2024-06-17,ZB,-85.581,70.551,-156.132
2024-06-18,ZB,49.634,-49.299,98.934
2024-06-20,ZB,-64.868,2.608,-67.476
2024-06-21,ZB,-10.43,26.089,-36.519
2024-06-24,ZB,-5.215,20.833,-26.048
2024-06-25,ZB,-13.011,-106.632,93.621
2024-06-26,ZB,-101.351,28.909,-130.261
2024-06-27,ZB,42.061,-117.894,159.955
2024-06-28,ZB,-86.478,-187.583,101.105
2024-07-01,ZB,-156.416,53.821,-210.237
2024-07-03,ZB,104.39,74.251,30.139
2024-07-05,ZB,79.618,5.262,74.356
2024-07-08,ZB,5.265,-39.391,44.655
2024-07-09,ZB,-52.59,21.103,-73.693
2024-07-10,ZB,10.546,84.233,-73.687
2024-07-11,ZB,123.717,15.645,108.071
2024-07-12,ZB,5.221,-62.533,67.753
2024-07-15,ZB,-67.691,91.767,-159.458
2024-07-16,ZB,68.17,7.794,60.376
2024-07-17,ZB,12.99,-67.427,80.418
2024-07-18,ZB,-41.537,-57.381,15.844
2024-07-19,ZB,-44.386,-20.986,-23.4
2024-07-22,ZB,-44.596,7.893,-52.489
2024-07-23,ZB,28.917,-81.386,110.303
2024-07-24,ZB,2.629,52.952,-50.323
2024-07-25,ZB,71.466,60.574,10.892
2024-07-26,ZB,50.04,39.277,10.762
2024-07-29,ZB,31.414,41.786,-10.373
2024-07-30,ZB,31.299,98.83,-67.531
2024-07-31,ZB,72.822,129.366,-56.544
2024-08-01,ZB,97.862,206.527,-108.665
2024-08-02,ZB,209.451,40.0,169.451
2024-08-05,ZB,17.487,-159.442,176.929
2024-08-06,ZB,-139.442,-83.375,-56.067
2024-08-07,ZB,-30.38,-30.62,0.24
2024-08-08,ZB,-53.503,79.406,-132.909
2024-08-09,ZB,66.547,27.961,38.586
2024-08-12,ZB,22.872,60.821,-37.949
2024-08-13,ZB,63.371,37.812,25.559
2024-08-14,ZB,42.821,-95.31,138.131
2024-08-15,ZB,-107.986,40.568,-148.554
2024-08-16,ZB,20.258,37.908,-17.649
2024-08-19,ZB,40.404,57.876,-17.472
2024-08-20,ZB,57.905,17.522,40.383
2024-08-21,ZB,25.019,-102.193,127.212
2024-08-22,ZB,-97.451,50.403,-147.855
2024-08-23,ZB,32.737,-12.541,45.278
2024-08-26,ZB,-12.538,-27.604,15.066
2024-08-27,ZB,-32.647,-10.068,-22.579
2024-08-29,ZB,-32.754,-78.239,45.485
2024-08-30,ZB,-58.047,86.273,-144.32
2024-09-03,ZB,96.668,88.072,8.595
2024-09-04,ZB,57.862,39.94,17.922
2024-09-05,ZB,22.449,12.432,10.018
2024-09-06,ZB,4.973,22.349,-17.376
2024-09-09,ZB,17.383,52.019,-34.636
2024-09-10,ZB,42.121,-14.771,56.892
2024-09-11,ZB,-14.786,-32.051,17.266
2024-09-12,ZB,-44.379,12.364,-56.743
2024-09-13,ZB,29.681,41.934,-12.253
2024-09-16,ZB,49.395,-31.941,81.336
2024-09-17,ZB,-17.195,-96.083,78.888
2024-09-18,ZB,-32.043,-52.058,20.014
2024-09-19,ZB,-49.751,9.993,-59.744
2024-09-20,ZB,-2.492,-24.944,22.452
2024-09-23,ZB,-2.496,-12.484,9.989
2024-09-24,ZB,-2.501,-67.466,64.966
2024-09-25,ZB,-45.0,0.0,-45.0
2024-09-26,ZB,-20.126,37.688,-57.814
2024-09-27,ZB,47.775,-37.547,85.322
2024-09-30,ZB,-12.516,70.476,-82.991
2024-10-01,ZB,80.402,-55.0,135.402
2024-10-02,ZB,-69.983,-70.387,0.405
2024-10-03,ZB,-47.763,-116.426,68.664
2024-10-04,ZB,-113.924,-51.256,-62.668
2024-10-07,ZB,-53.777,5.151,-58.928
2024-10-08,ZB,-15.456,-28.387,12.931
2024-10-09,ZB,-51.48,-23.292,-28.188
2024-10-10,ZB,-69.876,5.2,-75.076
2024-10-11,ZB,-0.0,62.289,-62.289
2024-10-15,ZB,59.771,23.238,36.534
2024-10-16,ZB,23.214,-105.588,128.802
2024-10-17,ZB,-105.616,13.021,-118.636
2024-10-18,ZB,33.837,-137.77,171.606
2024-10-21,ZB,-119.636,-15.794,-103.842
2024-10-22,ZB,-5.271,-26.378,21.107
2024-10-23,ZB,-15.819,52.938,-68.757
2024-10-24,ZB,50.251,-50.0,100.251
2024-10-25,ZB,-13.165,-42.283,29.118
2024-10-28,ZB,-52.896,7.966,-60.862
2024-10-29,ZB,-63.694,7.964,-71.658
2024-10-30,ZB,34.492,-2.648,37.14
2024-11-01,ZB,-84.746,96.36,-181.106
2024-11-04,ZB,96.437,39.83,56.607
2024-11-05,ZB,-45.069,-177.202,132.133
2024-11-06,ZB,-182.491,77.936,-260.427
2024-11-07,ZB,78.083,82.733,-4.65
2024-11-08,ZB,58.667,-119.363,178.03
2024-11-12,ZB,-153.52,-26.874,-126.646
2024-11-13,ZB,-32.215,40.464,-72.679
2024-11-14,ZB,83.535,-40.214,123.75
2024-11-15,ZB,-10.747,5.375,-16.122
2024-11-18,ZB,18.843,40.301,-21.458
2024-11-19,ZB,40.29,-37.423,77.713
2024-11-20,ZB,-0.0,-26.81,26.81
2024-11-21,ZB,-8.049,2.69,-10.74
2024-11-22,ZB,13.441,169.309,-155.868
2024-11-26,ZB,-34.355,55.673,-90.029
2024-11-27,ZB,66.225,60.453,5.773
2024-11-29,ZB,68.41,20.915,47.495
2024-12-02,ZB,15.686,-57.441,73.128
2024-12-03,ZB,-33.916,47.182,-81.098
2024-12-04,ZB,55.147,10.438,44.709
2024-12-05,ZB,7.827,18.248,-10.421
2024-12-06,ZB,10.428,-67.603,78.03
2024-12-09,ZB,-62.451,-36.649,-25.802
2024-12-10,ZB,-49.738,-73.529,23.791
2024-12-11,ZB,-44.666,-79.344,34.678
2024-12-12,ZB,-44.974,-85.288,40.314
2024-12-13,ZB,-74.647,2.689,-77.336
2024-12-16,ZB,-13.441,10.761,-24.202
2024-12-17,ZB,18.817,-110.097,128.914
2024-12-18,ZB,2.687,-89.625,92.313
2024-12-19,ZB,-127.613,41.118,-168.732
2024-12-20,ZB,68.512,-76.378,144.889
2024-12-23,ZB,-54.6,16.511,-71.111
2024-12-24,ZB,13.744,10.989,2.755
2024-12-26,ZB,-19.231,-60.357,41.126
2024-12-27,ZB,-49.396,68.946,-118.343
2024-12-30,ZB,66.243,-30.137,96.38
2024-12-31,ZB,-24.651,-2.746,-21.905
2025-01-02,ZB,-2.748,-21.978,19.23
2025-01-03,ZB,-10.986,-44.029,33.043
2025-01-06,ZB,-16.52,-91.16,74.64
2025-01-07,ZB,-77.391,11.148,-88.539
2025-01-08,ZB,-5.576,11.167,-16.743
2025-01-09,ZB,-11.136,-69.716,58.58
2025-01-10,ZB,-58.561,-19.663,-38.898
2025-01-13,ZB,-11.233,8.458,-19.691
2025-01-14,ZB,-36.589,155.017,-191.606
2025-01-15,ZB,138.028,36.091,101.937
2025-01-16,ZB,36.081,2.765,33.316
2025-01-17,ZB,16.598,60.79,-44.193
2025-01-21,ZB,46.987,-21.996,68.983
2025-01-22,ZB,-46.69,-46.832,0.141
2025-01-23,ZB,-49.6,24.91,-74.51
2025-01-24,ZB,19.374,107.675,-88.301
2025-01-27,ZB,96.632,-16.393,113.025
2025-01-28,ZB,-46.435,0.0,-46.435
2025-01-29,ZB,-5.473,30.12,-35.594
2025-01-30,ZB,41.085,-51.785,92.87
2025-01-31,ZB,10.92,49.383,-38.463
2025-02-03,ZB,60.274,35.529,24.745
2025-02-04,ZB,8.19,117.102,-108.912
2025-02-05,ZB,119.826,-5.381,125.206
2025-02-07,ZB,-61.911,-13.524,-48.387
2025-02-10,ZB,-10.817,-54.157,43.34
2025-02-11,ZB,-56.88,-119.76,62.881
2025-02-12,ZB,-100.735,124.001,-224.736
2025-02-13,ZB,118.457,43.502,74.955
2025-02-14,ZB,68.046,-83.897,151.943
2025-02-18,ZB,-62.263,-5.451,-56.812
2025-02-19,ZB,-13.646,29.997,-43.644
2025-02-20,ZB,35.451,92.391,-56.94
2025-02-21,ZB,92.442,16.151,76.291
2025-02-24,ZB,10.77,120.87,-110.1
2025-02-25,ZB,118.248,47.809,70.439
2025-02-26,ZB,10.616,-34.355,44.971
2025-02-27,ZB,-52.868,90.398,-143.266
2025-02-28,ZB,37.176,84.678,-47.502
2025-03-03,ZB,18.455,-52.604,71.059
2025-03-04,ZB,-36.736,-71.372,34.636
2025-03-06,ZB,-37.274,-37.353,0.08
2025-03-07,ZB,10.678,99.143,-88.464
2025-03-10,ZB,88.377,-71.561,159.938
2025-03-11,ZB,-31.839,-37.423,5.584
2025-03-12,ZB,-42.712,61.662,-104.374
2025-03-13,ZB,37.564,-40.021,77.585
2025-03-14,ZB,-31.974,21.413,-53.388
2025-03-17,ZB,56.255,13.358,42.897
2025-03-18,ZB,-5.342,23.987,-29.329
2025-03-19,ZB,-18.677,23.936,-42.613
2025-03-20,ZB,23.93,-23.892,47.821
2025-03-21,ZB,-34.492,-87.859,53.368
2025-03-24,ZB,-69.186,10.738,-79.924
2025-03-25,ZB,32.232,-45.576,77.808
2025-03-26,ZB,-34.862,-40.344,5.482
2025-03-27,ZB,-32.319,124.324,-156.643
2025-03-28,ZB,113.422,48.026,65.396
2025-03-31,ZB,21.356,90.57,-69.214
2025-04-01,ZB,63.728,-28.986,92.714
2025-04-02,ZB,-50.158,119.174,-169.332
2025-04-03,ZB,113.636,60.178,53.458
2025-04-04,ZB,138.707,-266.978,405.685
2025-04-07,ZB,-192.458,-180.659,-11.799
2025-04-08,ZB,0.0,-10.796,10.796
2025-04-09,ZB,-219.156,-79.105,-140.051
2025-04-10,ZB,-124.291,-41.152,-83.138
2025-04-11,ZB,-5.499,99.365,-104.864
2025-04-14,ZB,33.058,13.65,19.408
2025-04-15,ZB,54.66,43.549,11.11
2025-04-16,ZB,21.81,-73.171,94.981
2025-04-17,ZB,-65.041,5.464,-70.505
2025-04-18,ZB,-2.73,-136.537,133.807
2025-04-21,ZB,-103.768,41.471,-145.239
2025-04-22,ZB,74.751,63.309,11.442
2025-04-23,ZB,66.079,84.862,-18.782
2025-04-24,ZB,73.851,67.824,6.027
2025-04-25,ZB,62.432,51.268,11.164
2025-04-28,ZB,26.947,69.817,-42.87
2025-04-29,ZB,48.322,-29.365,77.687
2025-04-30,ZB,-26.667,-48.206,21.539
2025-05-01,ZB,-50.87,-72.816,21.945
2025-05-02,ZB,-115.716,-35.336,-80.38
2025-05-05,ZB,-59.766,24.557,-84.323
2025-05-07,ZB,46.271,-102.925,149.196
2025-05-08,ZB,-59.621,-8.197,-51.424
2025-05-09,ZB,13.684,-87.432,101.115
2025-05-12,ZB,-62.893,-55.051,-7.842
2025-05-13,ZB,-46.858,-30.505,-16.353
2025-05-14,ZB,-47.052,75.104,-122.157
2025-05-15,ZB,86.231,27.64,58.591
2025-05-16,ZB,22.087,-35.823,57.91
2025-05-19,ZB,-66.152,-27.709,-38.444
2025-05-20,ZB,-38.717,-141.627,102.911
2025-05-21,ZB,-63.907,47.941,-111.848
2025-05-22,ZB,11.268,47.793,-36.525
2025-05-23,ZB,28.066,103.583,-75.517
2025-05-27,ZB,103.525,-49.834,153.359
2025-05-28,ZB,-47.104,69.541,-116.645
2025-05-29,ZB,66.778,30.469,36.309
2025-05-30,ZB,27.694,-47.118,74.811
2025-06-02,ZB,-102.21,8.375,-110.585
2025-06-03,ZB,-27.847,128.241,-156.088
2025-06-05,ZB,5.505,-115.734,121.239
2025-06-06,ZB,-107.438,16.722,-124.16
2025-06-09,ZB,25.091,33.389,-8.298
2025-06-10,ZB,16.694,63.871,-47.177
2025-06-11,ZB,33.278,96.578,-63.3
2025-06-12,ZB,74.503,-76.545,151.048
2025-06-13,ZB,-114.785,-57.947,-56.838
2025-06-16,ZB,-19.284,91.565,-110.849
2025-06-17,ZB,72.162,8.249,63.914
2025-06-18,ZB,35.744,2.751,32.993
2025-06-20,ZB,-0.0,30.22,-30.22
2025-06-23,ZB,88.009,30.063,57.946
2025-06-24,ZB,43.824,0.0,43.824
2025-06-25,ZB,-27.248,49.1,-76.348
2025-06-26,ZB,2.725,-40.783,43.508
2025-06-27,ZB,8.143,76.419,-68.276
2025-06-30,ZB,65.52,-8.115,73.635
2025-07-01,ZB,-13.543,-56.864,43.322
2025-07-02,ZB,-83.92,-38.147,-45.773
2025-07-03,ZB,-40.85,-79.3,38.45
2025-07-07,ZB,-76.586,-2.76,-73.826
2025-07-08,ZB,-44.101,99.558,-143.659
2025-07-09,ZB,46.935,10.956,35.979
2025-07-10,ZB,-21.906,-112.175,90.269
2025-07-11,ZB,-103.967,-13.835,-90.132
2025-07-14,ZB,-19.369,-60.959,41.59
2025-07-15,ZB,-63.73,25.119,-88.848
2025-07-16,ZB,-27.878,8.361,-36.24
2025-07-17,ZB,-0.0,33.454,-33.454
2025-07-18,ZB,30.632,72.242,-41.61
2025-07-21,ZB,108.363,35.823,72.541
2025-07-22,ZB,66.207,-54.84,121.046
2025-07-23,ZB,-57.661,-11.028,-46.632
2025-07-24,ZB,0.0,33.103,-33.103
2025-07-25,ZB,41.402,-30.261,71.664
2025-07-28,ZB,-32.994,135.359,-168.353
2025-07-29,ZB,96.578,-46.385,142.963
2025-07-30,ZB,-51.785,27.457,-79.243
2025-08-01,ZB,125.958,16.207,109.751
2025-08-04,ZB,16.207,8.088,8.119
2025-08-05,ZB,13.484,-48.439,61.924
2025-08-06,ZB,-43.103,-8.112,-34.991
2025-08-07,ZB,16.225,-45.983,62.208
2025-08-08,ZB,-46.008,16.304,-62.312
2025-08-11,ZB,32.609,-40.706,73.314
2025-08-12,ZB,-48.833,70.864,-119.697
2025-08-13,ZB,76.294,-64.935,141.229
2025-08-14,ZB,-67.659,-54.496,-13.163
2025-08-15,ZB,-65.359,-13.706,-51.653
2025-08-18,ZB,-16.438,49.437,-65.875
2025-08-19,ZB,38.43,21.864,16.566
2025-08-20,ZB,10.932,-32.769,43.701
2025-08-21,ZB,-65.449,71.233,-136.681
2025-08-22,ZB,73.973,-24.49,98.462
2025-08-25,ZB,-19.042,-5.45,-13.593
2025-08-26,ZB,-8.183,0.0,-8.183
2025-08-27,ZB,-21.81,49.073,-70.883
2025-08-28,ZB,38.168,-46.284,84.452
2025-08-29,ZB,-43.561,-68.362,24.801
2025-09-02,ZB,-71.116,82.645,-153.761
2025-09-04,ZB,46.448,138.776,-92.327
2025-09-05,ZB,122.216,85.883,36.333
2025-09-08,ZB,59.045,-29.279,88.323
2025-09-09,ZB,-37.254,32.017,-69.271
2025-09-10,ZB,37.373,18.582,18.791
2025-09-11,ZB,39.894,-47.682,87.576
2025-09-12,ZB,-55.644,29.271,-84.915
2025-09-15,ZB,37.264,5.305,31.959
2025-09-16,ZB,15.919,-31.788,47.707
2025-09-17,ZB,-0.0,-69.149,69.149
2025-09-19,ZB,-26.781,-18.802,-7.979
2025-09-22,ZB,-13.412,40.312,-53.724
2025-09-23,ZB,16.146,-18.757,34.903
2025-09-24,ZB,-29.443,0.0,-29.443
2025-09-25,ZB,-26.846,-10.756,-16.09
2025-09-26,ZB,-26.874,64.655,-91.53
2025-09-29,ZB,67.295,-18.722,86.016
2025-09-30,ZB,16.06,32.163,-16.103
2025-10-01,ZB,16.077,24.045,-7.968
2025-10-02,ZB,34.731,-29.318,64.049
2025-10-03,ZB,-23.987,-61.464,37.477
2025-10-06,ZB,-53.462,37.624,-91.086
2025-10-08,ZB,29.451,-5.352,34.803
2025-10-09,ZB,-10.701,120.579,-131.28
2025-10-10,ZB,96.386,23.822,72.563
2025-10-14,ZB,15.886,-21.136,37.022
2025-10-15,ZB,-18.484,71.523,-90.007
2025-10-16,ZB,47.657,-28.925,76.581
2025-10-17,ZB,-26.302,29.016,-55.318
2025-10-20,ZB,18.46,39.463,-21.003
2025-10-21,ZB,42.083,10.49,31.593
2025-10-22,ZB,-5.241,-49.777,44.536
2025-10-23,ZB,-52.397,-18.402,-33.995
2025-10-24,ZB,-2.633,21.075,-23.708
2025-10-27,ZB,7.901,21.047,-13.146
2025-10-28,ZB,13.144,-84.012,97.156
2025-10-29,ZB,-18.378,-50.225,31.847
2025-10-30,ZB,-37.066,-10.633,-26.434
2025-10-31,ZB,-15.94,-7.991,-7.949
2025-11-03,ZB,-29.271,24.006,-53.277
2025-11-04,ZB,18.662,-79.872,98.534
2025-11-06,ZB,72.464,-10.664,83.128
2025-11-07,ZB,5.329,-5.339,10.668
2025-11-10,ZB,-13.344,53.433,-66.777
2025-11-12,ZB,69.444,-53.149,122.594
2025-11-13,ZB,-21.26,-56.03,34.77
2025-11-14,ZB,-34.731,21.459,-56.191
2025-11-17,ZB,24.148,0.0,24.148
2025-11-18,ZB,-16.06,-8.032,-8.028
2025-11-19,ZB,8.032,37.534,-29.501
2025-11-20,ZB,26.795,29.404,-2.609
2025-11-21,ZB,5.342,37.323,-31.982
2025-11-24,ZB,37.313,29.193,8.12
2025-11-25,ZB,53.121,18.523,34.597
2025-11-26,ZB,7.939,-34.501,42.44
2025-11-28,ZB,-37.097,-101.145,64.048
2025-12-01,ZB,-101.145,2.688,-103.833
2025-12-02,ZB,5.378,29.562,-24.184
2025-12-03,ZB,24.187,-42.861,67.048
2025-12-05,ZB,-59.188,-29.746,-29.442
2025-12-08,ZB,-51.365,10.858,-62.223
2025-12-09,ZB,13.561,40.695,-27.133
2025-12-10,ZB,29.826,18.96,10.867
2025-12-11,ZB,18.914,-81.059,99.973
2025-12-12,ZB,-81.103,21.804,-102.907
2025-12-15,ZB,21.792,48.98,-27.187
2025-12-16,ZB,29.916,-5.417,35.333
2025-12-17,ZB,-18.955,43.384,-62.339
2025-12-18,ZB,29.81,-40.508,70.318
2025-12-19,ZB,-35.097,-10.84,-24.257
2025-12-22,ZB,-10.846,19.006,-29.852
2025-12-23,ZB,8.139,40.661,-32.523
2025-12-24,ZB,37.94,-13.499,51.439
2025-12-26,ZB,-24.298,40.573,-64.871
2025-12-29,ZB,24.331,-5.392,29.723
2025-12-30,ZB,-5.388,-51.268,45.88
2025-12-31,ZB,-24.278,-24.41,0.132
2026-01-02,ZB,-13.561,29.875,-43.436
2026-01-05,ZB,46.221,-5.42,51.641
2026-01-06,ZB,-27.078,56.972,-84.051
2026-01-07,ZB,67.787,-45.834,113.622
2026-01-09,ZB,24.377,-10.796,35.173
2026-01-12,ZB,-5.397,8.106,-13.503
2026-01-13,ZB,10.808,37.766,-26.958
2026-01-14,ZB,51.296,-13.43,64.726
2026-01-15,ZB,2.687,-72.522,75.21
2026-01-16,ZB,-48.413,-100.162,51.749
2026-01-20,ZB,-89.286,57.44,-146.726
2026-01-21,ZB,30.079,24.47,5.609
2026-01-23,ZB,-16.273,40.628,-56.902
2026-01-26,ZB,35.192,-37.777,72.969
2026-01-27,ZB,-26.976,-35.164,8.188
2026-01-28,ZB,-40.628,2.715,-43.344
2026-01-29,ZB,2.714,-40.683,43.398
2026-01-30,ZB,-8.143,-48.86,40.717
2026-02-02,ZB,-8.17,10.908,-19.078
2026-02-03,ZB,-13.639,-5.453,-8.186
2026-02-04,ZB,-16.344,90.041,-106.385
2026-02-05,ZB,76.378,13.543,62.835
2026-02-06,ZB,-16.225,5.413,-21.638
2026-02-09,ZB,-5.41,81.103,-86.513
2026-02-11,ZB,-10.727,99.596,-110.323
2026-02-12,ZB,53.836,42.633,11.203
2026-02-13,ZB,39.979,18.577,21.401
2026-02-17,ZB,7.96,-37.076,45.036
2026-02-18,ZB,-13.245,5.313,-18.559
2026-02-19,ZB,-7.974,-21.243,13.268
2026-02-20,ZB,-37.175,45.249,-82.424
2026-02-23,ZB,55.881,0.0,55.881
2026-02-24,ZB,10.599,-7.943,18.542
2026-02-25,ZB,7.945,34.455,-26.51
2026-02-26,ZB,21.198,50.306,-29.108
2026-02-27,ZB,42.349,-84.41,126.759
2026-03-02,ZB,-92.348,-7.987,-84.361
2026-03-03,ZB,-29.263,-31.974,2.711
2026-03-04,ZB,-13.323,-58.745,45.422
2026-03-06,ZB,-5.372,45.736,-51.108
2026-03-09,ZB,24.246,-34.946,59.192
2026-03-10,ZB,-26.781,-123.822,97.041
2026-03-11,ZB,-89.021,-48.993,-40.028
2026-03-12,ZB,-24.53,-41.062,16.532
2026-03-13,ZB,-49.234,68.7,-117.934
2026-03-16,ZB,54.975,24.543,30.432
2026-03-17,ZB,35.48,-51.715,87.195
2026-03-18,ZB,-21.763,27.345,-49.108
2026-03-19,ZB,32.832,-172.178,205.01
2026-03-20,ZB,-152.713,63.942,-216.656
2026-03-23,ZB,38.932,-44.162,83.094
2026-03-24,ZB,-44.199,91.565,-135.764
2026-03-25,ZB,74.854,-79.802,154.656
2026-03-27,ZB,-5.548,128.169,-133.717
2026-03-30,ZB,136.414,5.507,130.908
2026-03-31,ZB,22.008,-32.931,54.939
2026-04-01,ZB,38.525,21.984,16.541
2026-04-02,ZB,35.793,-32.922,68.715
2026-04-03,ZB,-38.388,27.525,-65.913
2026-04-06,ZB,30.278,-2.744,33.022
2026-04-07,ZB,-52.155,63.309,-115.463
2026-04-08,ZB,43.92,-2.737,46.657
2026-04-09,ZB,24.617,-27.382,51.999
2026-04-10,ZB,-35.587,32.958,-68.545
2026-04-13,ZB,8.237,54.795,-46.557
2026-04-14,ZB,27.375,-32.698,60.072
2026-04-16,ZB,-43.74,71.409,-115.149
2026-04-17,ZB,87.936,-0.0,87.936
2026-04-20,ZB,-5.454,-70.864,65.41
2026-04-21,ZB,-43.632,-8.21,-35.422
2026-04-22,ZB,21.96,-24.637,46.597
2026-04-23,ZB,10.956,19.215,-8.259
2026-04-24,ZB,16.465,-27.412,43.878
2026-04-27,ZB,-30.137,-2.75,-27.387
2026-04-28,ZB,-24.739,-71.586,46.847
2026-04-29,ZB,-60.506,8.319,-68.826
2026-04-30,ZB,11.093,13.843,-2.75
2026-05-01,ZB,27.709,-74.606,102.315
2026-05-04,ZB,-80.177,47.354,-127.531
2026-05-05,ZB,41.759,80.399,-38.64
2026-05-07,ZB,-27.503,35.902,-63.404
2026-05-08,ZB,44.211,-49.532,93.743
2026-05-11,ZB,-44.029,-63.624,19.595
2026-05-12,ZB,-58.075,-8.35,-49.726
2026-05-13,ZB,-13.92,8.364,-22.283
2026-05-14,ZB,36.212,-161.156,197.368
2026-05-15,ZB,-136.49,-8.475,-128.016
2026-05-18,ZB,2.824,-48.131,50.955
2026-05-19,ZB,-59.372,102.477,-161.849
2026-05-20,ZB,91.038,30.995,60.044
2026-05-21,ZB,-16.906,62.007,-78.913
2026-05-22,ZB,-2.809,61.659,-64.468
2026-05-26,ZB,44.818,16.708,28.109
2026-05-27,ZB,16.713,38.921,-22.208
2026-05-28,ZB,41.701,-0.022,41.723
2026-05-29,ZB,11.11,13.924,-2.814
2026-06-01,ZB,-22.247,33.417,-55.664
2026-06-02,ZB,11.123,-36.111,47.235
2026-06-03,ZB,-52.734,25.098,-77.831
2026-06-04,ZB,25.091,-58.447,83.538
2026-06-05,ZB,-36.161,-47.552,11.391
2026-06-08,ZB,-16.797,28.035,-44.832
2026-06-10,ZB,-11.183,109.244,-120.426
2026-06-11,ZB,25.217,-19.417,44.635
2026-06-12,ZB,-33.25,11.123,-44.374
2026-06-15,ZB,13.897,47.196,-33.299
2026-06-16,ZB,55.556,-30.37,85.926
2026-06-17,ZB,13.816,33.177,-19.361
2026-06-18,ZB,58.156,-66.134,124.29
2026-06-22,ZB,-68.89,13.866,-82.755
2026-06-23,ZB,27.739,108.003,-80.264
2026-06-24,ZB,105.234,-8.215,113.449
2026-06-25,ZB,8.219,8.219,0.0
2026-06-26,ZB,8.221,5.475,2.746
2026-06-29,ZB,-2.737,-93.074,90.337
2026-06-30,ZB,-51.984,-79.868,27.884
2026-07-02,ZB,-11.105,5.559,-16.664
2026-07-06,ZB,-22.21,-80.645,58.435
2026-07-07,ZB,-69.444,-47.579,-21.865
2026-07-08,ZB,-36.445,5.618,-42.063
2026-07-09,ZB,25.309,-22.428,47.737
2026-07-10,ZB,-8.422,-42.182,33.76
2026-07-13,ZB,-47.766,14.108,-61.875
2026-07-14,ZB,28.241,25.366,2.874
2026-07-15,ZB,22.542,-14.045,36.587
2026-07-16,ZB,-16.868,30.968,-47.837
2026-07-17,ZB,28.129,-64.516,92.646
2026-07-20,ZB,-67.359,-31.065,-36.294
2026-07-21,ZB,-36.702,-33.985,-2.718
2026-07-22,ZB,-16.997,-48.282,31.285
2026-07-24,ZB,39.954,51.267,-11.313
2026-07-27,ZB,51.282,51.006,0.276
2026-07-28,ZB,53.84,-124.118,177.958
2026-07-29,ZB,-50.747,-82.176,31.429
2026-07-30,ZB,8.569,-65.696,74.264
2026-07-31,ZB,-88.571,69.244,-157.816
2026-08-03,ZB,31.627,80.229,-48.602
2026-08-04,ZB,68.768,17.07,51.698
2026-08-05,ZB,-2.843,-53.977,51.135
2026-08-06,ZB,-62.482,22.864,-85.346
2026-08-07,ZB,5.713,-54.27,59.983
2026-08-10,ZB,-62.732,8.608,-71.34
2026-08-12,ZB,14.335,54.441,-40.106
2026-08-13,ZB,54.457,-65.546,120.003
2026-08-14,ZB,-74.095,-51.68,-22.416
2026-08-17,ZB,-34.423,28.86,-63.283
2026-08-18,ZB,25.974,135.174,-109.2
2026-08-19,ZB,106.475,-48.323,154.798
2026-08-20,ZB,-73.78,-48.53,-25.25
2026-08-21,ZB,-42.845,54.519,-97.364
2026-08-24,ZB,65.978,85.641,-19.663
2026-08-25,ZB,68.493,-2.835,71.328
2026-08-26,ZB,-39.626,-5.68,-33.946
2026-08-27,ZB,-14.18,-31.268,17.087
2026-08-28,ZB,-31.259,-42.883,11.625
2026-08-31,ZB,-51.543,-28.769,-22.774
2026-09-01,ZB,-37.346,11.544,-48.89
2026-09-02,ZB,0.0,28.86,-28.86
2026-09-03,ZB,40.357,-2.875,43.233
2026-09-04,ZB,23.022,-8.628,31.65
2026-09-08,ZB,-2.876,-20.185,17.309
2026-09-09,ZB,-54.692,-130.02,75.328
2026-09-11,ZB,20.492,0.0,20.492
2026-09-14,ZB,38.045,-46.715,84.76
2026-09-15,ZB,-17.559,8.795,-26.354
2026-09-16,ZB,55.735,84.845,-29.11
2026-09-17,ZB,76.157,-61.011,137.168
2026-09-18,ZB,-72.527,55.474,-128.001
2026-09-21,ZB,67.232,8.716,58.516
2026-09-22,ZB,-14.518,-142.442,127.924
2026-09-23,ZB,-142.235,-103.306,-38.929
2026-09-24,ZB,-53.082,-35.693,-17.389
2026-09-25,ZB,-35.789,-65.75,29.961
2026-09-28,ZB,-98.507,-39.145,-59.363
2026-09-29,ZB,-78.219,-39.334,-38.885
2024-05-01,UB,62.68,-20.65,83.33
2024-05-02,UB,5.191,95.632,-90.441
2024-05-03,UB,80.186,33.257,46.93
2024-05-06,UB,20.481,66.293,-45.811
2024-05-07,UB,99.439,-60.806,160.245
2024-05-08,UB,-37.994,28.004,-65.998
2024-05-09,UB,-7.647,-65.89,58.242
2024-05-10,UB,-60.929,28.076,-89.005
2024-05-13,UB,43.367,48.309,-4.942
2024-05-14,UB,50.904,139.1,-88.196
2024-05-15,UB,151.822,-7.491,159.312
2024-05-16,UB,-7.483,-74.963,67.479
2024-05-17,UB,-72.464,-30.204,-42.26
2024-05-20,UB,-27.694,37.841,-65.534
2024-05-21,UB,55.542,15.087,40.455
2024-05-22,UB,10.053,-55.304,65.357
2024-05-23,UB,-75.32,17.686,-93.006
2024-05-24,UB,10.111,-148.727,158.838
2024-05-28,UB,-95.839,-125.384,29.545
2024-05-29,UB,-140.737,103.815,-244.552
2024-05-30,UB,88.106,79.513,8.593
2024-05-31,UB,41.01,173.558,-132.548
2024-06-03,UB,139.949,120.421,19.528
2024-06-04,UB,112.895,81.886,31.009
2024-06-06,UB,-14.767,-201.722,186.955
2024-06-07,UB,-172.371,-72.773,-99.598
2024-06-10,UB,-80.341,106.222,-186.563
2024-06-11,UB,10.111,77.578,-67.466
2024-06-12,UB,185.185,91.313,93.872
2024-06-13,UB,114.229,95.425,18.804
2024-06-14,UB,48.912,-89.806,138.718
2024-06-17,UB,-118.759,95.565,-214.324
2024-06-18,UB,53.882,-65.582,119.464
2024-06-20,UB,-87.379,-2.446,-84.933
2024-06-21,UB,-19.56,44.064,-63.624
2024-06-24,UB,-2.446,24.39,-26.836
2024-06-25,UB,-26.81,-129.142,102.333
2024-06-26,UB,-131.387,32.099,-163.486
2024-06-27,UB,37.028,-194.39,231.418
2024-06-28,UB,-135.368,-239.342,103.974
2024-07-01,UB,-180.678,68.93,-249.608
2024-07-02,UB,15.326,124.397,-109.071
2024-07-03,UB,134.381,92.709,41.673
2024-07-05,UB,95.286,7.442,87.844
2024-07-08,UB,7.448,-56.959,64.407
2024-07-09,UB,-74.368,34.895,-109.263
2024-07-10,UB,17.435,96.822,-79.388
2024-07-11,UB,151.515,22.097,129.418
2024-07-12,UB,4.918,-98.16,103.077
2024-07-15,UB,-100.441,136.24,-236.681
2024-07-16,UB,106.568,2.443,104.124
2024-07-17,UB,7.331,-90.244,97.575
2024-07-18,UB,-56.18,-73.764,17.585
2024-07-19,UB,-61.531,-42.11,-19.42
2024-07-22,UB,-61.927,-7.465,-54.463
2024-07-23,UB,32.338,-121.83,154.168
2024-07-24,UB,-7.47,88.161,-95.631
2024-07-25,UB,103.197,74.925,28.272
2024-07-26,UB,59.925,59.509,0.416
2024-07-29,UB,49.579,54.334,-4.756
2024-07-30,UB,41.903,103.169,-61.266
2024-07-31,UB,93.343,146.556,-53.213
2024-08-01,UB,123.997,278.578,-154.581
2024-08-02,UB,286.471,70.126,216.345
2024-08-05,UB,39.72,-206.881,246.6
2024-08-06,UB,-178.737,-120.653,-58.084
2024-08-07,UB,-35.604,-45.585,9.981
2024-08-08,UB,-69.444,106.075,-175.52
2024-08-09,UB,98.819,28.64,70.179
2024-08-12,UB,28.626,57.075,-28.449
2024-08-13,UB,76.154,75.758,0.397
2024-08-14,UB,68.574,-112.597,181.171
2024-08-16,UB,26.097,52.083,-25.986
2024-08-19,UB,54.425,80.057,-25.632
2024-08-20,UB,80.075,9.35,70.725
2024-08-21,UB,14.015,-134.978,148.993
2024-08-22,UB,-126.109,68.493,-194.602
2024-08-23,UB,42.463,-18.784,61.247
2024-08-26,UB,-16.42,-32.902,16.482
2024-08-27,UB,-39.991,-4.721,-35.269
2024-08-28,UB,-11.79,-37.798,26.009
2024-08-29,UB,-35.427,-117.495,82.068
2024-08-30,UB,-82.256,113.69,-195.946
2024-09-03,UB,125.981,119.522,6.459
2024-09-04,UB,77.283,69.557,7.726
2024-09-05,UB,46.318,-2.303,48.621
2024-09-06,UB,4.605,29.926,-25.321
2024-09-09,UB,41.465,55.046,-13.581
2024-09-10,UB,50.493,-22.769,73.262
2024-09-11,UB,-18.248,-54.72,36.471
2024-09-12,UB,-54.77,13.755,-68.525
2024-09-13,UB,25.218,70.873,-45.656
2024-09-16,UB,73.26,-36.339,109.599
2024-09-17,UB,-15.891,-132.088,116.197
2024-09-18,UB,-47.869,-85.038,37.169
2024-09-19,UB,-87.699,-9.3,-78.399
2024-09-20,UB,-13.908,-32.543,18.635
2024-09-23,UB,6.982,-18.618,25.599
2024-09-25,UB,-58.289,11.743,-70.031
2024-09-26,UB,-11.756,39.85,-51.606
2024-09-27,UB,53.953,-42.017,95.969
2024-09-30,UB,-18.678,84.527,-103.205
2024-10-01,UB,103.141,-79.162,182.303
2024-10-02,UB,-95.46,-86.875,-8.585
2024-10-03,UB,-53.978,-141.978,88.0
2024-10-04,UB,-118.427,-62.44,-55.987
2024-10-07,UB,-62.41,7.25,-69.66
2024-10-08,UB,-16.916,-26.66,9.744
2024-10-09,UB,-55.542,-53.424,-2.118
2024-10-10,UB,-109.356,-12.237,-97.119
2024-10-11,UB,-9.766,107.632,-117.398
2024-10-15,UB,98.015,48.497,49.519
2024-10-16,UB,33.882,-149.614,183.496
2024-10-17,UB,-152.027,9.809,-161.836
2024-10-18,UB,39.196,-181.018,220.214
2024-10-21,UB,-149.437,-14.929,-134.507
2024-10-22,UB,4.983,-29.903,34.885
2024-10-23,UB,-9.968,67.568,-77.535
2024-10-24,UB,59.985,-64.596,124.581
2024-10-25,UB,-22.371,-34.965,12.594
2024-10-28,UB,-52.513,22.573,-75.086
2024-10-29,UB,-72.682,45.09,-117.772
2024-10-30,UB,67.568,-9.955,77.523
2024-10-31,UB,22.444,-151.817,174.261
2024-11-01,UB,-104.634,131.214,-235.848
2024-11-04,UB,126.358,64.87,61.488
2024-11-05,UB,-52.304,-272.817,220.514
2024-11-06,UB,-297.471,94.124,-391.595
2024-11-07,UB,101.989,141.165,-39.176
2024-11-08,UB,105.847,-159.601,265.448
2024-11-12,UB,-198.857,-96.349,-102.508
2024-11-13,UB,-73.492,56.324,-129.816
2024-11-14,UB,120.328,-58.42,178.748
2024-11-15,UB,-28.004,-12.739,-15.265
2024-11-18,UB,10.22,48.469,-38.25
2024-11-19,UB,56.122,-50.684,106.807
2024-11-21,UB,-10.188,23.018,-33.206
2024-11-22,UB,28.068,247.134,-219.065
2024-11-25,UB,211.789,-27.343,239.132
2024-11-26,UB,-42.268,82.418,-124.685
2024-11-27,UB,74.776,71.721,3.055
2024-11-29,UB,79.186,36.846,42.34
2024-12-02,UB,31.933,-83.272,115.205
2024-12-03,UB,-46.5,71.411,-117.911
2024-12-04,UB,79.032,17.111,61.921
2024-12-05,UB,17.115,-0.0,17.115
2024-12-06,UB,-9.761,-90.222,80.461
2024-12-09,UB,-87.826,-44.313,-43.513
2024-12-10,UB,-59.055,-118.519,59.463
2024-12-11,UB,-74.184,-117.441,43.257
2024-12-12,UB,-74.963,-103.614,28.651
2024-12-13,UB,-96.081,23.0,-119.081
2024-12-16,UB,-2.554,45.954,-48.507
2024-12-17,UB,40.796,-132.047,172.842
2024-12-18,UB,-7.624,-141.57,133.946
2024-12-19,UB,-185.28,36.544,-221.824
2024-12-20,UB,78.329,-96.179,174.508
2024-12-23,UB,-78.023,28.909,-106.933
2024-12-24,UB,31.496,13.103,18.393
2024-12-26,UB,-23.585,-83.726,60.141
2024-12-27,UB,-68.045,60.622,-128.667
2024-12-30,UB,71.24,-62.844,134.084
2024-12-31,UB,-34.058,-7.891,-26.168
2025-01-02,UB,2.635,-28.97,31.605
2025-01-03,UB,-18.426,-47.518,29.093
2025-01-06,UB,-13.207,-129.836,116.629
2025-01-08,UB,-8.054,16.159,-24.213
2025-01-09,UB,-10.732,-45.711,34.979
2025-01-10,UB,-34.956,-2.703,-32.252
2025-01-13,UB,-8.104,16.273,-24.377
2025-01-14,UB,-56.787,178.959,-235.746
2025-01-15,UB,151.638,45.309,106.329
2025-01-16,UB,39.957,7.958,32.0
2025-01-17,UB,18.573,87.464,-68.891
2025-01-21,UB,66.26,-28.947,95.208
2025-01-22,UB,-60.431,-89.662,29.232
2025-01-23,UB,-89.733,39.915,-129.648
2025-01-24,UB,31.932,129.905,-97.973
2025-01-27,UB,106.016,-18.329,124.346
2025-01-28,UB,-62.811,-5.255,-57.556
2025-01-29,UB,-13.116,28.894,-42.011
2025-01-30,UB,49.947,-73.183,123.131
2025-01-31,UB,7.858,79.135,-71.277
2025-02-03,UB,92.154,39.298,52.856
2025-02-04,UB,5.234,161.753,-156.519
2025-02-05,UB,167.015,-12.824,179.838
2025-02-06,UB,-12.837,-71.887,59.05
2025-02-07,UB,-92.45,-31.04,-61.41
2025-02-10,UB,-33.618,-59.678,26.06
2025-02-11,UB,-67.462,-135.77,68.308
2025-02-12,UB,-107.022,156.126,-263.148
2025-02-13,UB,148.227,44.236,103.99
2025-02-14,UB,67.744,-121.699,189.442
2025-02-18,UB,-90.674,-10.471,-80.202
2025-02-19,UB,-20.97,31.422,-52.392
2025-02-20,UB,44.549,112.125,-67.576
2025-02-21,UB,125.294,18.037,107.257
2025-02-24,UB,12.893,172.192,-159.299
2025-02-25,UB,162.037,73.362,88.675
2025-02-27,UB,-92.918,121.519,-214.437
2025-02-28,UB,45.559,113.293,-67.734
2025-03-03,UB,22.517,-97.354,119.871
2025-03-04,UB,-77.172,-88.161,10.989
2025-03-05,UB,-83.186,-45.651,-37.536
2025-03-06,UB,-35.578,-55.98,20.401
2025-03-07,UB,7.643,110.087,-102.444
2025-03-10,UB,107.472,-91.001,198.473
2025-03-11,UB,-45.581,-48.556,2.975
2025-03-12,UB,-56.122,76.963,-133.085
2025-03-13,UB,43.657,-43.367,87.024
2025-03-14,UB,-43.279,33.265,-76.544
2025-03-17,UB,79.426,17.857,61.569
2025-03-18,UB,-5.101,22.877,-27.978
2025-03-19,UB,-15.279,17.762,-33.041
2025-03-20,UB,20.289,-60.837,81.126
2025-03-21,UB,-68.389,-102.041,33.652
2025-03-24,UB,-66.31,-2.575,-63.734
2025-03-25,UB,28.351,-69.498,97.849
2025-03-26,UB,-43.792,-59.478,15.686
2025-03-27,UB,-46.656,145.871,-192.528
2025-03-28,UB,137.877,84.637,53.24
2025-03-31,UB,48.78,140.629,-91.849
2025-04-01,UB,91.556,-30.189,121.745
2025-04-03,UB,93.364,102.654,-9.29
2025-04-04,UB,213.033,-349.926,562.959
2025-04-07,UB,-265.18,-206.212,-58.968
2025-04-08,UB,5.107,2.592,2.515
2025-04-09,UB,-288.537,-123.457,-165.08
2025-04-10,UB,-207.308,2.652,-209.959
2025-04-11,UB,61.17,103.779,-42.608
2025-04-14,UB,7.953,26.323,-18.369
2025-04-15,UB,65.841,47.207,18.635
2025-04-16,UB,7.876,-96.581,104.457
2025-04-17,UB,-96.581,-5.277,-91.303
2025-04-18,UB,-15.814,-153.115,137.301
2025-04-21,UB,-118.796,42.838,-161.634
2025-04-22,UB,91.153,82.579,8.574
2025-04-23,UB,98.64,103.12,-4.48
2025-04-24,UB,87.186,65.394,21.793
2025-04-25,UB,62.811,83.312,-20.501
2025-04-28,UB,41.58,90.486,-48.906
2025-04-29,UB,54.222,-64.168,118.39
2025-04-30,UB,-40.994,-61.935,20.941
2025-05-01,UB,-54.25,-83.312,29.062
2025-05-02,UB,-127.24,-52.549,-74.691
2025-05-05,UB,-78.761,31.704,-110.465
2025-05-06,UB,-47.544,58.017,-105.56
2025-05-07,UB,55.307,-117.894,173.2
2025-05-08,UB,-55.06,-15.869,-39.191
2025-05-09,UB,10.604,-97.935,108.54
2025-05-12,UB,-68.874,-64.051,-4.823
2025-05-13,UB,-58.808,-43.08,-15.728
2025-05-14,UB,-61.778,89.213,-150.991
2025-05-15,UB,105.462,26.831,78.631
2025-05-16,UB,24.116,-42.769,66.885
2025-05-19,UB,-72.25,-51.13,-21.12
2025-05-20,UB,-67.114,-173.02,105.906
2025-05-21,UB,-78.442,57.851,-136.293
2025-05-22,UB,11.004,38.44,-27.436
2025-05-23,UB,16.434,150.52,-134.086
2025-05-27,UB,164.114,-59.235,223.349
2025-05-28,UB,-62.011,81.235,-143.246
2025-05-30,UB,10.744,-70.043,80.787
2025-06-02,UB,-120.935,16.327,-137.262
2025-06-03,UB,-27.13,154.849,-181.979
2025-06-04,UB,182.016,8.026,173.99
2025-06-05,UB,21.402,-130.981,152.383
2025-06-06,UB,-117.616,8.123,-125.739
2025-06-09,UB,18.96,48.688,-29.728
2025-06-10,UB,24.351,45.847,-21.496
2025-06-11,UB,21.534,112.691,-91.157
2025-06-12,UB,88.591,-98.195,186.786
2025-06-13,UB,-132.661,-75.188,-57.473
2025-06-16,UB,-26.802,108.079,-134.881
2025-06-17,UB,94.697,13.365,81.332
2025-06-18,UB,42.769,-5.35,48.12
2025-06-20,UB,-10.678,26.731,-37.409
2025-06-23,UB,104.39,39.894,64.496
2025-06-24,UB,58.651,5.295,53.356
2025-06-25,UB,-29.139,66.295,-95.434
2025-06-26,UB,-7.939,-44.902,36.964
2025-06-27,UB,10.537,100.822,-90.285
2025-06-30,UB,90.21,7.868,82.342
2025-07-01,UB,0.0,-57.697,57.697
2025-07-03,UB,-71.221,-103.586,32.364
2025-07-07,UB,-106.213,5.376,-111.59
2025-07-08,UB,-53.677,126.65,-180.327
2025-07-09,UB,51.048,21.311,29.737
2025-07-10,UB,-26.61,-146.16,119.55
2025-07-11,UB,-138.224,-18.883,-119.341
2025-07-14,UB,-26.969,-62.179,35.21
2025-07-15,UB,-72.973,16.34,-89.313
2025-07-16,UB,-51.687,10.89,-62.577
2025-07-17,UB,-2.719,27.233,-29.952
2025-07-18,UB,27.196,84.216,-57.02
2025-07-21,UB,130.364,40.333,90.031
2025-07-22,UB,83.513,-74.866,158.379
2025-07-23,UB,-77.665,-8.084,-69.581
2025-07-24,UB,8.082,43.115,-35.033
2025-07-25,UB,51.241,-48.335,99.576
2025-07-28,UB,-40.247,178.234,-218.481
2025-07-29,UB,132.218,-45.177,177.395
2025-07-30,UB,-61.024,32.12,-93.144
2025-07-31,UB,45.382,122.569,-77.187
2025-08-01,UB,136.073,23.672,112.401
2025-08-04,UB,31.587,34.112,-2.525
2025-08-05,UB,26.24,-65.325,91.565
2025-08-06,UB,-65.377,-18.407,-46.97
2025-08-07,UB,26.302,-65.772,92.074
2025-08-08,UB,-60.59,15.894,-76.484
2025-08-11,UB,37.076,-60.814,97.891
2025-08-12,UB,-63.475,93.184,-156.66
2025-08-13,UB,95.77,-73.859,169.629
2025-08-14,UB,-81.773,-58.557,-23.215
2025-08-15,UB,-85.039,-24.109,-60.929
2025-08-18,UB,-24.096,64.447,-88.543
2025-08-19,UB,59.076,18.677,40.4
2025-08-20,UB,5.336,-32.026,37.362
2025-08-22,UB,74.967,-23.949,98.915
2025-08-25,UB,-18.617,-26.638,8.021
2025-08-26,UB,-26.674,-10.687,-15.987
2025-08-27,UB,-34.722,64.154,-98.876
2025-08-28,UB,53.49,-85.114,138.605
2025-08-29,UB,-66.515,-80.451,13.936
2025-09-02,UB,-83.177,116.311,-199.487
2025-09-03,UB,127.061,50.721,76.341
2025-09-04,UB,48.128,172.964,-124.836
2025-09-05,UB,146.082,138.743,7.339
2025-09-08,UB,99.398,-51.653,151.051
2025-09-09,UB,-54.222,38.911,-93.132
2025-09-11,UB,64.599,-46.213,110.813
2025-09-12,UB,-64.168,30.952,-95.12
2025-09-15,UB,46.428,7.71,38.718
2025-09-16,UB,20.571,-35.907,56.477
2025-09-17,UB,5.136,-95.336,100.472
2025-09-18,UB,-77.22,-41.548,-35.672
2025-09-19,UB,-28.616,-20.893,-7.723
2025-09-22,UB,-13.038,60.115,-73.153
2025-09-23,UB,18.32,-20.833,39.153
2025-09-24,UB,-44.167,13.065,-57.232
2025-09-25,UB,-31.315,-7.833,-23.482
2025-09-26,UB,-28.706,91.575,-120.281
2025-09-29,UB,86.229,-38.85,125.079
2025-09-30,UB,-0.0,28.638,-28.638
2025-10-01,UB,5.2,31.153,-25.952
2025-10-03,UB,-20.704,-70.075,49.371
2025-10-06,UB,-67.462,52.26,-119.723
2025-10-07,UB,62.729,7.8,54.928
2025-10-08,UB,31.193,-5.198,36.391
2025-10-09,UB,-2.598,161.29,-163.888
2025-10-10,UB,124.805,30.722,94.083
2025-10-14,UB,17.921,-15.334,33.255
2025-10-15,UB,-12.762,87.112,-99.874
2025-10-16,UB,56.309,-25.394,81.703
2025-10-17,UB,-27.94,48.42,-76.36
2025-10-20,UB,17.821,55.823,-38.003
2025-10-21,UB,58.331,12.626,45.705
2025-10-22,UB,-2.523,-65.574,63.05
2025-10-23,UB,-70.618,-20.284,-50.334
2025-10-24,UB,-2.539,35.578,-38.117
2025-10-27,UB,22.866,35.479,-12.613
2025-10-29,UB,-37.879,-71.319,33.441
2025-10-30,UB,-56.137,-28.234,-27.903
2025-10-31,UB,-30.785,-20.608,-10.177
2025-11-03,UB,-38.61,36.176,-74.786
2025-11-04,UB,25.813,-103.066,128.879
2025-11-05,UB,-110.711,85.893,-196.603
2025-11-06,UB,83.312,-12.917,96.228
2025-11-07,UB,2.581,2.589,-0.008
2025-11-10,UB,-15.52,67.323,-82.843
2025-11-12,UB,82.816,-82.283,165.099
2025-11-13,UB,-36.008,-75.091,39.082
2025-11-14,UB,-54.446,20.86,-75.307
2025-11-17,UB,31.307,-7.808,39.116
2025-11-18,UB,-31.226,-13.028,-18.198
2025-11-19,UB,13.024,36.525,-23.501
2025-11-21,UB,0.0,54.475,-54.475
2025-11-24,UB,54.461,25.786,28.674
2025-11-25,UB,56.76,33.419,23.341
2025-11-26,UB,18.004,-43.746,61.75
2025-11-28,UB,-56.519,-118.832,62.313
2025-12-01,UB,-121.416,2.614,-124.029
2025-12-02,UB,7.843,20.899,-13.056
2025-12-03,UB,20.904,-54.716,75.62
2025-12-04,UB,-41.71,-44.584,2.874
2025-12-05,UB,-65.496,-28.978,-36.519
2025-12-08,UB,-55.321,18.514,-73.835
2025-12-09,UB,18.494,31.687,-13.193
2025-12-10,UB,42.239,2.635,39.604
2025-12-11,UB,21.058,-102.659,123.717
2025-12-12,UB,-100.105,15.97,-116.076
2025-12-15,UB,21.277,50.505,-29.228
2025-12-16,UB,29.232,-2.646,31.878
2025-12-17,UB,-21.158,50.331,-71.49
2025-12-19,UB,-42.172,-15.89,-26.282
2025-12-22,UB,-10.599,29.201,-39.8
2025-12-23,UB,18.568,58.263,-39.695
2025-12-24,UB,52.938,-31.596,84.534
2025-12-26,UB,-47.393,37.017,-84.411
2025-12-29,UB,15.848,-7.911,23.759
2025-12-30,UB,-10.537,-79.197,68.66
2025-12-31,UB,-34.31,-31.898,-2.412
2026-01-02,UB,-5.322,26.631,-31.953
2026-01-05,UB,48.0,-0.0,48.0
2026-01-06,UB,-31.873,69.241,-101.114
2026-01-07,UB,77.107,-60.766,137.873
2026-01-08,UB,-42.317,66.489,-108.806
2026-01-09,UB,45.189,-29.07,74.258
2026-01-12,UB,-18.494,13.252,-31.746
2026-01-13,UB,13.252,55.541,-42.289
2026-01-15,UB,13.151,-78.782,91.932
2026-01-16,UB,-42.094,-119.174,77.08
2026-01-20,UB,-103.229,77.769,-180.998
2026-01-21,UB,24.122,39.915,-15.793
2026-01-22,UB,39.915,29.178,10.737
2026-01-23,UB,-21.203,47.619,-68.822
2026-01-26,UB,44.962,-57.956,102.917
2026-01-27,UB,-42.127,-34.401,-7.727
2026-01-28,UB,-42.395,7.97,-50.366
2026-01-29,UB,2.655,-63.694,66.35
2026-01-30,UB,-26.546,-58.557,32.011
2026-02-02,UB,-5.342,16.056,-21.398
2026-02-03,UB,-10.71,-13.376,2.667
2026-02-04,UB,-29.388,104.502,-133.89
2026-02-06,UB,-15.911,10.616,-26.527
2026-02-09,UB,-7.955,106.016,-113.972
2026-02-10,UB,95.44,-41.995,137.435
2026-02-11,UB,-15.736,137.095,-152.83
2026-02-12,UB,63.258,46.826,16.432
2026-02-13,UB,39.012,23.316,15.696
2026-02-17,UB,10.357,-43.916,54.274
2026-02-18,UB,-15.508,5.187,-20.695
2026-02-19,UB,-10.379,-23.334,12.955
2026-02-20,UB,-51.84,39.012,-90.852
2026-02-23,UB,51.975,7.766,44.209
2026-02-25,UB,18.107,46.584,-28.477
2026-02-26,UB,25.867,54.211,-28.344
2026-02-27,UB,43.858,-95.091,138.949
2026-03-02,UB,-102.854,-5.195,-97.659
2026-03-03,UB,-31.136,-31.193,0.057
2026-03-04,UB,-12.994,-46.887,33.893
2026-03-05,UB,-44.329,-26.199,-18.13
2026-03-06,UB,-7.851,62.91,-70.761
2026-03-09,UB,49.908,-70.57,120.478
2026-03-10,UB,-49.492,-147.136,97.644
2026-03-11,UB,-113.188,-37.274,-75.914
2026-03-12,UB,-16.0,-48.128,32.128
2026-03-13,UB,-53.447,69.836,-123.284
2026-03-16,UB,48.361,15.987,32.374
2026-03-17,UB,26.674,-47.911,74.584
2026-03-18,UB,-10.641,56.135,-66.776
2026-03-20,UB,-154.173,65.023,-219.196
2026-03-23,UB,24.364,-51.103,75.467
2026-03-24,UB,-43.069,81.059,-124.128
2026-03-25,UB,83.806,-69.761,153.568
2026-03-26,UB,-88.448,-64.795,-23.653
2026-03-27,UB,-8.106,130.541,-138.647
2026-03-30,UB,141.304,-8.058,149.362
2026-03-31,UB,13.423,-40.204,53.627
2026-04-01,UB,37.634,29.53,8.104
2026-04-02,UB,32.293,-34.834,67.127
2026-04-03,UB,-45.503,37.645,-83.148
2026-04-06,UB,37.645,-8.036,45.681
2026-04-07,UB,-69.649,67.277,-136.926
2026-04-08,UB,34.853,-13.376,48.229
2026-04-10,UB,-37.503,26.874,-64.378
2026-04-13,UB,5.372,50.938,-45.566
2026-04-14,UB,26.802,-37.363,64.166
2026-04-15,UB,-40.011,-64.257,24.246
2026-04-16,UB,-45.54,75.39,-120.93
2026-04-17,UB,91.62,5.348,86.272
2026-04-20,UB,-5.345,-64.103,58.758
2026-04-21,UB,-34.741,-10.715,-24.026
2026-04-22,UB,24.194,-24.122,48.316
2026-04-23,UB,13.408,10.75,2.659
2026-04-24,UB,5.373,-40.29,45.664
2026-04-27,UB,-37.584,5.392,-42.976
2026-04-29,UB,-59.283,-13.583,-45.7
2026-04-30,UB,0.0,19.017,-19.017
2026-05-01,UB,35.365,-81.279,116.643
2026-05-04,UB,-94.902,57.408,-152.311
2026-05-05,UB,46.435,70.614,-24.178
2026-05-06,UB,67.953,-51.241,119.194
2026-05-07,UB,-32.362,35.211,-67.574
2026-05-08,UB,43.372,-59.379,102.751
2026-05-11,UB,-48.583,-65.182,16.599
2026-05-12,UB,-54.304,-21.876,-32.428
2026-05-13,UB,-24.604,19.194,-43.797
2026-05-14,UB,49.329,-171.943,221.272
2026-05-15,UB,-145.047,-13.893,-131.154
2026-05-18,UB,-5.554,-50.181,44.627
2026-05-19,UB,-61.213,103.67,-164.884
2026-05-20,UB,95.265,41.597,53.667
2026-05-21,UB,-13.866,80.399,-94.265
2026-05-22,UB,2.762,60.556,-57.794
2026-05-26,UB,41.254,21.882,19.372
2026-05-27,UB,19.152,43.656,-24.504
2026-05-28,UB,43.668,-0.052,43.72
2026-05-29,UB,10.867,19.12,-8.254
2026-06-01,UB,-10.911,38.22,-49.131
2026-06-02,UB,13.631,-35.365,48.996
2026-06-04,UB,27.3,-46.347,73.647
2026-06-05,UB,-21.798,-68.343,46.545
2026-06-08,UB,-21.912,27.45,-49.362
2026-06-09,UB,35.783,-30.112,65.895
2026-06-10,UB,-13.687,120.746,-134.434
2026-06-11,UB,38.44,-21.698,60.138
2026-06-12,UB,-32.538,2.72,-35.258
2026-06-15,UB,-2.718,57.112,-59.83
2026-06-16,UB,62.551,0.0,62.551
2026-06-17,UB,18.929,40.508,-21.579
2026-06-18,UB,48.622,-75.309,123.932
2026-06-22,UB,-75.309,10.834,-86.144
2026-06-23,UB,29.81,140.769,-110.959
2026-06-24,UB,129.87,-8.011,137.881
2026-06-26,UB,-8.017,13.373,-21.39
2026-06-29,UB,2.674,-112.239,114.913
2026-06-30,UB,-61.432,-107.643,46.211
2026-07-01,UB,-51.351,-5.436,-45.915
2026-07-02,UB,-10.881,-2.723,-8.158
2026-07-06,UB,-32.635,-95.472,62.837
2026-07-07,UB,-81.722,-41.22,-40.501
2026-07-08,UB,-30.295,5.516,-35.81
2026-07-09,UB,11.038,-11.013,22.051
2026-07-10,UB,-8.269,-49.683,41.414
2026-07-13,UB,-60.639,2.772,-63.412
2026-07-14,UB,19.417,11.08,8.337
2026-07-15,UB,16.63,-5.531,22.161
2026-07-17,UB,33.204,-74.442,107.646
2026-07-20,UB,-79.978,-27.793,-52.185
2026-07-21,UB,-36.111,-30.641,-5.47
2026-07-22,UB,-8.361,-36.303,27.942
2026-07-23,UB,-27.941,8.41,-36.351
2026-07-24,UB,25.224,58.807,-33.583
2026-07-27,UB,53.221,55.679,-2.458
2026-07-29,UB,-47.065,-103.237,56.171
2026-07-30,UB,-2.816,-73.26,70.444
2026-07-31,UB,-95.856,65.508,-161.364
2026-08-03,UB,31.223,67.873,-36.65
2026-08-04,UB,62.252,28.106,34.147
2026-08-05,UB,5.618,-56.07,61.688
2026-08-06,UB,-61.659,25.374,-87.033
2026-08-07,UB,5.639,-62.024,67.663
2026-08-10,UB,-70.304,5.667,-75.971
2026-08-11,UB,28.369,-22.631,51.0
2026-08-12,UB,8.496,53.855,-45.359
2026-08-13,UB,53.87,-70.462,124.332
2026-08-14,UB,-78.94,-71.063,-7.877
2026-08-17,UB,-59.608,25.751,-85.359
2026-08-19,UB,139.84,-73.034,212.874
2026-08-20,UB,-89.787,-48.05,-41.737
2026-08-21,UB,-39.615,73.906,-113.521
2026-08-24,UB,85.203,104.372,-19.169
2026-08-25,UB,90.293,2.797,87.496
2026-08-26,UB,-44.668,-8.403,-36.264
2026-08-27,UB,-22.371,-33.651,11.28
2026-08-28,UB,-30.838,-53.564,22.726
2026-08-31,UB,-64.925,-22.727,-42.198
2026-09-01,UB,-34.023,5.696,-39.72
2026-09-02,UB,-2.847,28.49,-31.337
2026-09-03,UB,48.392,2.838,45.554
2026-09-04,UB,34.091,-2.837,36.928
2026-09-08,UB,-2.837,-31.294,28.458
2026-09-09,UB,-70.942,-119.897,48.955
2026-09-10,UB,-74.201,5.779,-79.98
2026-09-11,UB,28.893,11.551,17.343
2026-09-14,UB,46.203,-60.397,106.6
2026-09-15,UB,-25.959,17.346,-43.305
2026-09-16,UB,54.977,95.101,-40.124
2026-09-17,UB,83.694,-57.192,140.886
2026-09-18,UB,-77.077,60.345,-137.422
2026-09-21,UB,63.273,5.718,57.555
2026-09-22,UB,-19.994,-151.645,131.651
2026-09-23,UB,-145.714,-119.221,-26.494
2026-09-25,UB,-47.087,-76.787,29.7
2026-09-28,UB,-109.145,-41.716,-67.428
2026-09-29,UB,-92.262,-56.92,-35.342
