t,D,M,M_next,root,RB,BM,Skew,vol,hold,p_entry,ret
12,2011-06-29,2011-06-30,2011-07-29,CL,-0.02901574503738162,-0.024236534494843198,-0.27774800307218206,0.020228510734282622,CL:182068,95.43,0.0045059205700512805
12,2011-06-29,2011-06-30,2011-07-29,HO,0.026388481510594336,-0.0026707643825296667,-0.4255109150562482,0.018043664573015337,HO:751659,2.956,0.048951285520974164
12,2011-06-29,2011-06-30,2011-07-29,RB,0.39879386032025776,0.010475330271033645,-0.3278380370057348,0.02005740248611617,RB:751660,2.9286,0.044594686881103796
12,2011-06-29,2011-06-30,2011-07-29,NG,0.22384368355554762,-0.05171986561472919,-0.22650139531489843,0.019149062216434014,NG:192057,4.39,-0.05466970387243719
12,2011-06-29,2011-06-30,2011-07-29,GC,0.008908427760705794,-0.005874441942473441,-0.4929176611592637,0.007369432654900263,GC:103821,1503.4,0.08287880803512038
12,2011-06-29,2011-06-30,2011-07-29,SI,-0.015933066032139016,-0.051787231174073245,-1.4113398571671523,0.03305959138459819,SI:115252,34.77,0.14725337935001437
12,2011-06-29,2011-06-30,2011-07-29,HG,-0.009085924066155392,0.017346220125276313,-0.26141118980041916,0.013774037138352535,HG:107166,4.26,0.05269953051643195
12,2011-06-29,2011-06-30,2011-07-29,PL,0.15494258981511966,-0.026321676070455657,-0.3985200391470099,0.01004640376712111,PL:142333,1746.2,0.006872065055549159
12,2011-06-29,2011-06-30,2011-07-29,PA,-0.11932508653939167,0.010309692674955961,-0.17564059662317053,0.01692208679614796,PA:186940,756.0,0.09821428571428581
12,2011-06-29,2011-06-30,2011-07-29,ZC,0.23460695835428613,-0.152035123538089,0.35462349795064513,0.022381662580014654,ZC:37891,605.25,0.1020239570425443
12,2011-06-29,2011-06-30,2011-07-29,ZW,-0.03854876199271268,-0.08743498166346608,0.07814248125274702,0.024476832269520275,ZW:181151,600.0,0.12041666666666662
12,2011-06-29,2011-06-30,2011-07-29,KE,,,,,,,
12,2011-06-29,2011-06-30,2011-07-29,ZS,0.053010415192548455,-0.02086909264513781,-0.09409855034319975,0.010676813872074128,ZS:95722,1298.25,0.037165414981706224
12,2011-06-29,2011-06-30,2011-07-29,ZM,0.11819453363510846,-0.06184284623014902,0.20492570881457722,0.011706937803495044,ZM:205479,335.7,0.053321417932678195
12,2011-06-29,2011-06-30,2011-07-29,ZL,-0.033237385249749514,-0.016838220171843554,-0.23426191441621733,0.009558905041117543,ZL:155663,55.5,0.0030630630630630318
12,2011-06-29,2011-06-30,2011-07-29,LE,-0.0951010010340255,-0.11583135372988118,-0.07803792285057136,0.011323255338201289,LE:45725,117.0,0.0032051282051281937
12,2011-06-29,2011-06-30,2011-07-29,GF,-0.057255700535525915,-0.04366444322332641,-0.2098415109144952,0.011003065415868723,GF:2104,138.025,-0.00018112660749869391
12,2011-06-29,2011-06-30,2011-07-29,HE,0.2551638188628245,-0.0681383446345385,-0.09874761800703649,0.013114122465496628,HE:46254,91.15,0.12616566099835436
13,2011-07-28,2011-07-29,2011-08-31,CL,-0.0021588459121787487,-0.02292086681573302,-0.28300499739524076,0.01590938556720907,CL:182069,96.3,-0.07860851505711308
13,2011-07-28,2011-07-29,2011-08-31,HO,0.011006709270020398,0.0003290277778047468,-0.37481398862948573,0.013991898447178418,HO:815574,3.113,-0.010825570189527789
13,2011-07-28,2011-07-29,2011-08-31,RB,0.09389331898121146,0.01649234940156763,-0.32089439757109584,0.01428969959858722,RB:815639,2.9187,-0.01706239079042038
13,2011-07-28,2011-07-29,2011-08-31,NG,0.14635053889719823,-0.05033729505649254,-0.2203885918925849,0.016250464966941033,NG:192063,4.16,-0.02548076923076925
13,2011-07-28,2011-07-29,2011-08-31,GC,0.011603927192967437,-0.004544692645432669,-0.504614692301197,0.006056672579915415,GC:103821,1628.0,0.12334152334152337
13,2011-07-28,2011-07-29,2011-08-31,SI,-0.3716610987901498,-0.06825985228118991,-1.2628536990405679,0.02012760966267774,SI:197709,39.925,0.04508453350031316
13,2011-07-28,2011-07-29,2011-08-31,HG,0.015124698901530266,0.013624737835495893,-0.30455327736848264,0.010624394825940313,HG:115261,4.492,-0.06800979519145156
13,2011-07-28,2011-07-29,2011-08-31,PL,-0.007035529750496248,-0.06448802971968104,-0.39307564387523175,0.010041064629668597,PL:174401,1781.9,0.04018182838543116
13,2011-07-28,2011-07-29,2011-08-31,PA,,0.0018642545699576463,-0.1863900008085837,0.012881807298295496,PA:198785,833.5,-0.052789442111577656
13,2011-07-28,2011-07-29,2011-08-31,ZC,-0.014837028615130227,-0.22045532678695157,-0.15407124640313286,0.02495124524128327,ZC:85982,668.75,0.14691588785046727
13,2011-07-28,2011-07-29,2011-08-31,ZW,-0.06160719309700423,-0.0670672459308409,-0.2889999332974002,0.027515240216858097,ZW:422857,714.75,0.10213361315145164
13,2011-07-28,2011-07-29,2011-08-31,KE,,,,,,,
13,2011-07-28,2011-07-29,2011-08-31,ZS,-0.021522967868091613,-0.02849800545782477,-0.10515052633801296,0.008735538491592759,ZS:847605,1354.75,0.07399889278464666
13,2011-07-28,2011-07-29,2011-08-31,ZM,-0.01137681025053651,-0.07667782827709169,0.17842179215028242,0.01009415911348849,ZM:414305,355.3,0.07514776245426402
13,2011-07-28,2011-07-29,2011-08-31,ZL,-0.005102467818495486,-0.013441715579744828,-0.21846923283883382,0.007873589745637507,ZL:404907,55.87,0.04868444603543942
13,2011-07-28,2011-07-29,2011-08-31,LE,0.006111064374507397,-0.11168263013765012,-0.07051200555880735,0.011436188804020244,LE:45725,117.375,-0.03024494142705003
13,2011-07-28,2011-07-29,2011-08-31,GF,-0.04058577006050039,-0.051040193588472116,-0.24635190211530578,0.011455491580672847,GF:66293,139.45,-0.05216923628540682
13,2011-07-28,2011-07-29,2011-08-31,HE,0.40891187126344586,-0.026770396971135257,-0.07642306986295791,0.01351212849989944,HE:41831,92.4,-0.07792207792207795
14,2011-08-30,2011-08-31,2011-09-30,CL,0.005736016936428709,-0.007325114811153277,-0.5702454474122455,0.020849431262983394,CL:182070,89.05,-0.11566535654126897
14,2011-08-30,2011-08-31,2011-09-30,HO,-0.0007382121350442139,0.004919428019986016,-0.489602207146936,0.015128020525832545,HO:856150,3.0826,-0.09621747875170306
14,2011-08-30,2011-08-31,2011-09-30,RB,0.12143139295220597,0.03952508676616828,-0.42578653711337716,0.018338991371871,RB:856155,2.8139,-0.09751590319485415
14,2011-08-30,2011-08-31,2011-09-30,NG,-0.3212924072796231,-0.013075376900479885,-0.1380452417359153,0.014949264209556808,NG:192058,4.174,-0.12266411116435083
14,2011-08-30,2011-08-31,2011-09-30,GC,-0.004032106452279867,-0.006776381013638311,-0.7792209539008156,0.014403430910575726,GC:197210,1829.9,-0.11115361495163678
14,2011-08-30,2011-08-31,2011-09-30,SI,-0.056660637808069556,-0.03318001584390684,-1.25697477638646,0.0229528048473845,SI:197709,41.725,-0.28148591971240267
14,2011-08-30,2011-08-31,2011-09-30,HG,0.027663312961887704,0.008390774718282534,-0.23427915598728977,0.01388347471847743,HG:103831,4.208,-0.25950570342205326
14,2011-08-30,2011-08-31,2011-09-30,PL,-0.017279942010686705,-0.06374935594715625,-0.6071285276077744,0.010822979198205213,PL:191163,1855.0,-0.1778436657681941
14,2011-08-30,2011-08-31,2011-09-30,PA,,,-0.23401613406672586,0.015946238311802367,PA:198785,789.5,-0.22279924002533247
14,2011-08-30,2011-08-31,2011-09-30,ZC,-0.026409031095061493,-0.21475685840443903,-0.3272284325681696,0.024267674952561876,ZC:85982,767.0,-0.22750977835723596
14,2011-08-30,2011-08-31,2011-09-30,ZW,-0.09981094416345727,-0.07093706002360345,-0.4913207803776415,0.026228142769715718,ZW:422857,787.75,-0.22945096794668363
14,2011-08-30,2011-08-31,2011-09-30,KE,,,,,,,
14,2011-08-30,2011-08-31,2011-09-30,ZS,-0.0318737883825913,-0.020825298125103142,-0.4271960109209702,0.009521573115684035,ZS:847605,1455.0,-0.19123711340206184
14,2011-08-30,2011-08-31,2011-09-30,ZM,-0.08913558978085553,-0.07637273569289249,-0.1459851311065972,0.009429061923481771,ZM:223476,386.9,-0.20547945205479456
14,2011-08-30,2011-08-31,2011-09-30,ZL,-0.011391549491129565,-0.012202451445125329,-0.44214095221047867,0.009053726572470312,ZL:213435,58.93,-0.14983879178686577
14,2011-08-30,2011-08-31,2011-09-30,LE,0.03210427036403296,-0.08885711144748099,-0.072622314881781,0.010981717067206104,LE:12021,115.775,0.06067803930036697
14,2011-08-30,2011-08-31,2011-09-30,GF,-0.06813134184599945,-0.041145287781105155,-0.22840050151136718,0.010847010369073819,GF:37542,132.375,0.061945231350330365
14,2011-08-30,2011-08-31,2011-09-30,HE,0.4417792595821467,-0.01944354971895179,-0.03432689245691905,0.013207690645337325,HE:41831,85.2,0.09595070422535201
15,2011-09-29,2011-09-30,2011-10-31,CL,0.059379105328944824,-0.013265222189499437,-0.5157174274164157,0.024063863960627003,CL:182020,78.9,0.1733840304182508
15,2011-09-29,2011-09-30,2011-10-31,HO,-0.12974387963179243,0.004279068313759904,-0.48541117811632645,0.014909165185006032,HO:69878,2.7801,0.09438509406136464
15,2011-09-29,2011-09-30,2011-10-31,RB,-0.05149242728961643,0.0420389105750294,-0.512563983138981,0.01835708752483897,RB:69880,2.4909,0.04163153880123649
15,2011-09-29,2011-09-30,2011-10-31,NG,-0.36546985770486573,-0.04211188264486043,-0.1089679740531282,0.0157026657424329,NG:192064,3.949,-0.0022790579893643415
15,2011-09-29,2011-09-30,2011-10-31,GC,-0.0077334483172326295,0.00017659501044398063,-0.8906987925963181,0.018899535813207212,GC:197210,1626.5,0.054841684598831986
15,2011-09-29,2011-09-30,2011-10-31,SI,0.07362315698128352,-0.016898188001072567,-1.761367478068071,0.03412666923301453,SI:197709,29.98,0.1407605070046698
15,2011-09-29,2011-09-30,2011-10-31,HG,0.05973711127095985,-0.000674800426022526,-0.8710451699436538,0.02069927833933114,HG:101143,3.1115,0.15442712518078094
15,2011-09-29,2011-09-30,2011-10-31,PL,0.007581824429593205,-0.046619011665956944,-0.9099083941968705,0.015120498641851299,PL:191163,1525.1,0.04753786636941837
15,2011-09-29,2011-09-30,2011-10-31,PA,0.11218530152870665,,-0.6375402330558512,0.019551366999846803,PA:198785,613.6,0.052558670143415975
15,2011-09-29,2011-09-30,2011-10-31,ZC,-0.008566355647618804,-0.1711529175270312,-0.36308629181345137,0.01758367659913153,ZC:85982,592.5,0.09071729957805896
15,2011-09-29,2011-09-30,2011-10-31,ZW,-0.06635679203399282,-0.0495097041160899,-0.44174407324265585,0.01894449983632007,ZW:422857,607.0,0.037479406919275204
15,2011-09-29,2011-09-30,2011-10-31,KE,,,,,,,
15,2011-09-29,2011-09-30,2011-10-31,ZS,-0.015272765430195998,-0.017669557933710056,-0.5348886476360688,0.01094134070118332,ZS:9482,1186.5,0.02402022756005051
15,2011-09-29,2011-09-30,2011-10-31,ZM,-0.01467091018246662,-0.04558795064779386,-0.30962663938226953,0.011153922010708086,ZM:223476,307.4,0.02635003253090451
15,2011-09-29,2011-09-30,2011-10-31,ZL,-0.03660364195954938,-0.009940598976415638,-0.4505133057261992,0.010002035423332221,ZL:213435,50.1,0.019760479041916135
15,2011-09-29,2011-09-30,2011-10-31,LE,0.042594685731345935,-0.05721376017660029,-0.044651597743574585,0.010041532763232677,LE:12021,122.8,-0.034812703583061766
15,2011-09-29,2011-09-30,2011-10-31,GF,-0.07870570892201692,-0.05292868811013074,-0.2642292723452087,0.010202136777089598,GF:49111,142.9,-0.021518544436669118
15,2011-09-29,2011-09-30,2011-10-31,HE,-0.10513033405860112,-0.007607649417211926,-0.033350196629257305,0.012686581729155023,HE:23302,88.0,-0.006818181818181723
16,2011-10-28,2011-10-31,2011-11-30,CL,0.0012481453301535703,-0.013001766771673973,-0.4692611807013226,0.023795989587755216,CL:187485,92.48,0.08747837370242206
16,2011-10-28,2011-10-31,2011-11-30,HO,-0.04691523090936557,0.0064278374602992905,-0.438488854203533,0.015034037386038254,HO:48254,3.0438,-0.005190879821276084
16,2011-10-28,2011-10-31,2011-11-30,RB,-7.974628743753157e-05,0.037752865298729565,-0.46433995865827793,0.01753383272586242,RB:48260,2.5866,-0.010902342843887691
16,2011-10-28,2011-10-31,2011-11-30,NG,-0.12828266465067836,-0.02742490926472252,-0.06923093866992902,0.016639219462303748,NG:194184,4.071,-0.12232866617538685
16,2011-10-28,2011-10-31,2011-11-30,GC,-0.0015036093351938583,-0.003511558150740335,-0.8071324834185941,0.018559895245884726,GC:143862,1716.5,0.020798135741334045
16,2011-10-28,2011-10-31,2011-11-30,SI,-0.005900137031288347,-0.014433148802200924,-1.6710767874041128,0.03488290234883295,SI:136480,34.1,-0.04120234604105577
16,2011-10-28,2011-10-31,2011-11-30,HG,0.0830126387338307,0.00593136962603491,-0.23014234269278228,0.026393438013196453,HG:168216,3.614,-0.0118981737686773
16,2011-10-28,2011-10-31,2011-11-30,PL,0.00533526093291378,-0.05055854508964741,-0.7460123842179678,0.01609674661826278,PL:191163,1597.6,-0.020530796194291434
16,2011-10-28,2011-10-31,2011-11-30,PA,,,-0.2927538894137237,0.023157672354942056,PA:143770,644.65,-0.04126270069029714
16,2011-10-28,2011-10-31,2011-11-30,ZC,-0.02473860597769745,-0.14892354608981795,-0.3449569586978504,0.018970838409235434,ZC:12993,658.25,-0.07823775161412838
16,2011-10-28,2011-10-31,2011-11-30,ZW,-0.051344559693060815,-0.04752972779836373,-0.5072448335162577,0.022192410187705885,ZW:161185,664.0,-0.07228915662650603
16,2011-10-28,2011-10-31,2011-11-30,KE,,,,,,,
16,2011-10-28,2011-10-31,2011-11-30,ZS,-0.0035658846172224312,-0.018547742765076092,-0.20580856656779947,0.013308632346505308,ZS:9482,1215.0,-0.06666666666666665
16,2011-10-28,2011-10-31,2011-11-30,ZM,-0.014417707323709165,-0.04369461364028493,-0.06876117014713878,0.013563640000440151,ZM:242897,317.2,-0.08291298865069363
16,2011-10-28,2011-10-31,2011-11-30,ZL,-0.0021097108384584354,-0.010171879252864224,-0.26275344246049454,0.012293168718305327,ZL:852987,51.34,-0.03311258278145701
16,2011-10-28,2011-10-31,2011-11-30,LE,-0.2756998251789086,-0.053414427559621114,-0.07154001102368411,0.009687741635943088,LE:27489,121.2,0.01980198019801982
16,2011-10-28,2011-10-31,2011-11-30,GF,-0.013592834647520969,-0.07248232444259073,-0.26239662045368356,0.008572531783267733,GF:36623,144.425,0.013848018002423412
16,2011-10-28,2011-10-31,2011-11-30,HE,-0.042912663032599524,0.055058997592588366,-0.033315034721756426,0.012488921915497029,HE:23302,87.4,0.009153318077803174
17,2011-11-29,2011-11-30,2011-12-30,CL,-0.019603608334901143,-0.017206452227931823,-0.5617958357588888,0.020173501922893803,CL:187486,100.66,-0.015895092390224463
17,2011-11-29,2011-11-30,2011-12-30,HO,-0.029965061748792026,-0.0042006141274009146,-0.40496610567177116,0.013160050419451366,HO:116505,3.039,-0.044817374136229104
17,2011-11-29,2011-11-30,2011-12-30,RB,0.5044618504480356,0.004448918361718457,-0.5113635601752479,0.01623123901852006,RB:116526,2.5744,0.024316345556246288
17,2011-11-29,2011-11-30,2011-12-30,NG,0.06845051500677603,-0.029535325324521522,-0.0074442256818207765,0.016736969270110858,NG:194190,3.604,-0.17647058823529416
17,2011-11-29,2011-11-30,2011-12-30,GC,-0.004363473077989108,-0.0019241277917352306,-0.7701358711778586,0.014611988607802563,GC:143862,1752.2,-0.10569569683826052
17,2011-11-29,2011-11-30,2011-12-30,SI,0.00839182755293575,-0.00435110471160427,-1.6143022952602537,0.03449492814044271,SI:115500,32.775,-0.14965675057208228
17,2011-11-29,2011-11-30,2011-12-30,HG,0.17096949887787743,-0.0061393919526500085,-0.19914157354039916,0.027427725062531962,HG:165524,3.572,-0.039753639417693165
17,2011-11-29,2011-11-30,2011-12-30,PL,,-0.04865820282702982,-0.6865261219825499,0.015563152024158384,PL:106233,1566.1,-0.10408019922099487
17,2011-11-29,2011-11-30,2011-12-30,PA,-0.05385233385610418,,-0.42951772531339455,0.02472596931649853,PA:143770,618.05,0.061079200711916526
17,2011-11-29,2011-11-30,2011-12-30,ZC,-0.03953635014700976,-0.1453611333954825,-0.3053681052010539,0.0189143041737586,ZC:12993,606.75,0.06674907292954257
17,2011-11-29,2011-11-30,2011-12-30,ZW,-0.04789190093105726,-0.03376813994365324,-0.44856349369813897,0.022575702724824943,ZW:161185,616.0,0.06047077922077926
17,2011-11-29,2011-11-30,2011-12-30,KE,,,,,,,
17,2011-11-29,2011-11-30,2011-12-30,ZS,-0.0017107904132985033,-0.014840793703875588,-0.288086771337048,0.0140574538765584,ZS:13562,1144.0,0.05965909090909083
17,2011-11-29,2011-11-30,2011-12-30,ZM,0.017638012737878232,-0.034335182572372114,-0.26480287096070054,0.013716927697593764,ZM:769299,293.1,0.06891845786421014
17,2011-11-29,2011-11-30,2011-12-30,ZL,-0.01332340805068635,-0.010288451905731688,-0.22517809745136205,0.014052651083413649,ZL:809822,50.07,0.046734571599760244
17,2011-11-29,2011-11-30,2011-12-30,LE,-0.21051630132347007,-0.039311685972867716,-0.005039924732941627,0.00905336923038141,LE:27489,123.6,-0.01314724919093846
17,2011-11-29,2011-11-30,2011-12-30,GF,-0.05137098621600689,-0.08288778840480271,-0.19927503974255922,0.0072831640414221435,GF:36623,146.425,-0.0003414717432133063
17,2011-11-29,2011-11-30,2011-12-30,HE,0.5380918531003253,0.060781575825804346,-0.0008320174127153593,0.010952698226691291,HE:67251,91.65,-0.07883251500272781
18,2011-12-29,2011-12-30,2012-01-31,CL,-0.0276284754011003,-0.011897444809020552,-0.7748302798884423,0.01602703460236472,CL:187487,99.23,-0.007860526050589511
18,2011-12-29,2011-12-30,2012-01-31,HO,-0.04814093080302943,-0.008171531405681831,-0.5747713791816768,0.011694952865513942,HO:207638,2.8961,0.05276060909498992
18,2011-12-29,2011-12-30,2012-01-31,RB,-0.511707878687544,0.011695643533214506,-0.6469837283720359,0.01555526135643008,RB:207639,2.6385,0.09827553534205036
18,2011-12-29,2011-12-30,2012-01-31,NG,-0.03509259430678022,-0.025497878411626762,-0.045363407750968504,0.017402263850392594,NG:194185,2.996,-0.18991989319092117
18,2011-12-29,2011-12-30,2012-01-31,GC,0.016200688664447724,-0.0012418222688219682,-0.7193096038111233,0.012652219547487176,GC:169060,1569.4,0.10755702816362933
18,2011-12-29,2011-12-30,2012-01-31,SI,0.01733036535128323,-0.0012138410943934863,-1.5480127326464395,0.023421563809208453,SI:115500,27.87,0.19052744886975237
18,2011-12-29,2011-12-30,2012-01-31,HG,-0.02843124864149852,0.007545959110473288,-0.0912263706746086,0.023761116947168634,HG:164691,3.43,0.10408163265306114
18,2011-12-29,2011-12-30,2012-01-31,PL,0.005239274900276555,-0.03562887411110649,-0.6740629946653823,0.013137571760055151,PL:106233,1403.1,0.13641223006200565
18,2011-12-29,2011-12-30,2012-01-31,PA,0.11042400683276699,,-0.21121244827621272,0.024473136361709724,PA:143770,655.8,0.04536444037816412
18,2011-12-29,2011-12-30,2012-01-31,ZC,-0.021569618447107607,-0.1370584699504569,-0.31017667799920456,0.015180262700813305,ZC:12993,647.25,-0.011201235998455017
18,2011-12-29,2011-12-30,2012-01-31,ZW,-0.04237860534220167,-0.03568156909324216,-0.4369981247390353,0.01959410882687964,ZW:161185,653.25,0.01990049751243772
18,2011-12-29,2011-12-30,2012-01-31,KE,,,,,,,
18,2011-12-29,2011-12-30,2012-01-31,ZS,-0.0016832236476853474,-0.01110132603458358,-0.3239855779753817,0.01277631246699938,ZS:13562,1212.25,-0.009692720148484213
18,2011-12-29,2011-12-30,2012-01-31,ZM,0.010863302718042492,-0.02901722898679371,-0.20088392279052172,0.013495974498673954,ZM:769299,313.3,0.01755505904883492
18,2011-12-29,2011-12-30,2012-01-31,ZL,-0.009441535088275659,-0.010110827940745803,-0.2783255092083903,0.01315669643750344,ZL:809822,52.41,-0.03281816447242891
18,2011-12-29,2011-12-30,2012-01-31,LE,0.06719921104909271,-0.03762132040054922,0.09181159507225686,0.00877187987228205,LE:3970,125.725,0.023463909325909915
18,2011-12-29,2011-12-30,2012-01-31,GF,-0.02365814322620033,-0.06830838430277653,-0.17579698243172637,0.006621160027204873,GF:80371,150.2,0.04893475366178435
18,2011-12-29,2011-12-30,2012-01-31,HE,0.537973129322743,0.025380541599269613,0.02433234416156633,0.009495954652317201,HE:67251,84.425,0.039680189517323106
19,2012-01-30,2012-01-31,2012-02-29,CL,0.07097746338905103,-0.00017468795392905356,-0.8599198503754579,0.014322340800797874,CL:187488,98.82,0.08308034810767051
19,2012-01-30,2012-01-31,2012-02-29,HO,0.044376604066644953,-0.007175723067997408,-0.5956115400186803,0.011751659421521718,HO:252091,3.0273,0.06223367357050846
19,2012-01-30,2012-01-31,2012-02-29,RB,-0.083642321781781,0.04325498735936373,-0.7153471905926715,0.013810371099293426,RB:252095,3.0072,0.08522878425113056
19,2012-01-30,2012-01-31,2012-02-29,NG,-0.056728354688058036,-0.02833151417736257,0.5982273277949577,0.031493796696306184,NG:194191,2.574,0.005050505050505194
19,2012-01-30,2012-01-31,2012-02-29,GC,-0.002429584131307866,-0.004027492576755831,-0.7084983111000399,0.011624088620436939,GC:169060,1738.2,-0.019790587964561124
19,2012-01-30,2012-01-31,2012-02-29,SI,,-0.0008748873108306299,-1.4845258550457427,0.0226529121241953,SI:149277,33.185,0.05167997589272244
19,2012-01-30,2012-01-31,2012-02-29,HG,-0.056164475470963,0.007919528083552896,-0.181414386602454,0.01642078496150877,HG:188750,3.7995,0.017765495459928893
19,2012-01-30,2012-01-31,2012-02-29,PL,-0.023415684756149757,-0.04812458497705219,-0.5496141807403822,0.013385864785320131,PL:106233,1594.5,0.05230479774223906
19,2012-01-30,2012-01-31,2012-02-29,PA,0.0015040236012850688,,-0.17169334208463805,0.02244991181427393,PA:184951,688.85,0.02213834651956148
19,2012-01-30,2012-01-31,2012-02-29,ZC,-0.5461522014280992,-0.12192096271629949,-0.49242487324262746,0.016155474659491895,ZC:254896,645.75,0.018583042973286945
19,2012-01-30,2012-01-31,2012-02-29,ZW,0.015514779277422952,-0.026916923612611332,-0.5553523231901113,0.018405016266826058,ZW:171197,681.0,-0.018722466960352402
19,2012-01-30,2012-01-31,2012-02-29,KE,,,,,,,
19,2012-01-30,2012-01-31,2012-02-29,ZS,-0.05967969669553469,-0.008617735235614599,-0.08794266121569178,0.013424633775177571,ZS:650024,1210.0,0.09028925619834705
19,2012-01-30,2012-01-31,2012-02-29,ZM,-0.05826944318983455,-0.02253558564991609,0.03168865470465624,0.014915693960378945,ZM:75927,320.7,0.09853445587776744
19,2012-01-30,2012-01-31,2012-02-29,ZL,0.004674118316585554,-0.010107376383944211,-0.09191253645515618,0.013315980534102736,ZL:294240,51.13,0.06688832388030508
19,2012-01-30,2012-01-31,2012-02-29,LE,0.12080398314971855,-0.007391596387715027,0.12031758114010468,0.0084619507640348,LE:3970,128.675,0.008742957062366497
19,2012-01-30,2012-01-31,2012-02-29,GF,-0.028173864114022992,-0.0693224382208415,-0.197451681897458,0.006617862751526108,GF:80371,157.55,0.0188828943192636
19,2012-01-30,2012-01-31,2012-02-29,HE,-0.8799348464029026,0.0824999810284408,0.05367449363379167,0.00870744281275513,HE:51074,89.225,-0.0016811431773604557
20,2012-02-28,2012-02-29,2012-03-30,CL,-0.01360769402609734,0.0022445973287885668,-0.6990299412336324,0.011119471575885909,CL:187489,107.45,-0.04206607724523026
20,2012-02-28,2012-02-29,2012-03-30,HO,0.013182947461478054,-0.005360462853060355,-0.2097605478016772,0.009454813852152183,HO:305094,3.214,-0.012974486621032955
20,2012-02-28,2012-02-29,2012-03-30,RB,-0.032527928135881456,0.042026530997504974,-0.587653001182312,0.010422644641865009,RB:305112,3.2559,0.0213765779047268
20,2012-02-28,2012-02-29,2012-03-30,NG,-0.10459727934475543,-0.0350219771813986,0.5253726573297164,0.034738523707719474,NG:194186,2.686,-0.21072226358897983
20,2012-02-28,2012-02-29,2012-03-30,GC,0.0016562797239497908,-0.0027146413479772757,-0.7186426920659019,0.008202658216693009,GC:100686,1705.5,-0.02040457343887425
20,2012-02-28,2012-02-29,2012-03-30,SI,-0.015385834208421618,0.004413958086334491,-1.5388248400382525,0.01791050708836348,SI:149277,34.9,-0.0759312320916905
20,2012-02-28,2012-02-29,2012-03-30,HG,0.11064362245373124,0.006068064883343105,-0.20714399742642392,0.014513627329304555,HG:196436,3.8705,-0.01201395168582875
20,2012-02-28,2012-02-29,2012-03-30,PL,,-0.047694330210661495,-0.5365953389400594,0.012413608132960982,PL:157083,1681.3,-0.022363647177779056
20,2012-02-28,2012-02-29,2012-03-30,PA,0.0502699591923647,,-0.18136301580768982,0.016293829094132246,PA:184951,704.1,-0.07115466553046446
20,2012-02-28,2012-02-29,2012-03-30,ZC,-0.606085366010399,-0.11555639643130111,-1.0156241203260057,0.014824973339869896,ZC:254896,657.75,-0.020904599011782543
20,2012-02-28,2012-02-29,2012-03-30,ZW,0.015946216094939444,-0.019271046502409184,-0.5794743862379279,0.018413100478962184,ZW:171197,668.25,-0.014216236438458707
20,2012-02-28,2012-02-29,2012-03-30,KE,,,,,,,
20,2012-02-28,2012-02-29,2012-03-30,ZS,-0.09899079776134678,-0.006245482748581832,-0.19512219400850342,0.011817530125249375,ZS:650024,1319.25,0.06272503316278177
20,2012-02-28,2012-02-29,2012-03-30,ZM,-0.06778809012839021,-0.018421342492363157,-0.02162165568220385,0.014407645210856936,ZM:75927,352.3,0.1058756741413569
20,2012-02-28,2012-02-29,2012-03-30,ZL,-0.015793791003587652,-0.007403625233435074,-0.1713187005278505,0.010731438125848135,ZL:294240,54.55,0.005682859761686476
20,2012-02-28,2012-02-29,2012-03-30,LE,0.08354340632600131,0.013629461042206859,0.10797498037963046,0.007984002804965388,LE:7814,127.2,-0.08569182389937113
20,2012-02-28,2012-02-29,2012-03-30,GF,-0.06056923728196288,-0.06687685096527218,-0.23514376725161465,0.006150721912547181,GF:80371,160.525,-0.07304158230805169
20,2012-02-28,2012-02-29,2012-03-30,HE,-0.9371703192198559,0.11638918710496504,0.04640851256458805,0.008547827189811856,HE:51074,89.075,-0.06258770698849292
21,2012-03-29,2012-03-30,2012-04-30,CL,-0.010039363710582297,-0.0026697838735260104,-0.7027282092718722,0.010739703489209976,CL:187490,103.44,0.013631090487238984
21,2012-03-29,2012-03-30,2012-04-30,HO,-0.026950801150903016,-0.013679929259393653,-0.22230618612438535,0.008329673135949558,HO:356354,3.18,-0.0004716981132075748
21,2012-03-29,2012-03-30,2012-04-30,RB,0.0054286720490062945,0.046208082619252355,-0.5795033272960198,0.008903305228761474,RB:356356,3.262,-0.04635193133047222
21,2012-03-29,2012-03-30,2012-04-30,NG,-0.3029482676426898,-0.03492608987090812,0.5754236180023808,0.03368669696238601,NG:194192,2.25,0.032888888888888745
21,2012-03-29,2012-03-30,2012-04-30,GC,0.0014220682159848657,-0.005180640689634197,-0.7762032937292912,0.010179244601683506,GC:100686,1670.7,-0.001735799365535473
21,2012-03-29,2012-03-30,2012-04-30,SI,0.08433356374670899,0.002533382542659224,-1.370911039774522,0.01770163096205264,SI:100276,32.3,-0.03699690402476774
21,2012-03-29,2012-03-30,2012-04-30,HG,-0.03138231790704358,0.0025324942411274476,-0.1622901357650997,0.0126978572161162,HG:192336,3.832,0.0006524008350730082
21,2012-03-29,2012-03-30,2012-04-30,PL,-0.0012146408833523296,-0.03934428993031169,-0.5441024447042087,0.011770151867687994,PL:157083,1643.7,-0.04258684674819002
21,2012-03-29,2012-03-30,2012-04-30,PA,-0.005162998248903077,,-0.16051968771206396,0.01589835264583671,PA:184951,654.0,0.04365443425076454
21,2012-03-29,2012-03-30,2012-04-30,ZC,0.45802152359688175,-0.09726202769147929,-1.0803688734969161,0.014577967621680005,ZC:205740,642.0,-0.014797507788162023
21,2012-03-29,2012-03-30,2012-04-30,ZW,-0.02241685848789096,-0.018251373190932285,-0.5792327771640599,0.017944760229158734,ZW:181144,672.75,-0.029728725380899323
21,2012-03-29,2012-03-30,2012-04-30,KE,,,,,,,
21,2012-03-29,2012-03-30,2012-04-30,ZS,-0.12879935635221848,-0.0032430104242544555,-0.21589878419369943,0.010846048525286518,ZS:56007,1407.25,0.06679694439509687
21,2012-03-29,2012-03-30,2012-04-30,ZM,-0.07343693004991789,-0.01030148927657104,-0.04551147962134177,0.012892535871389695,ZM:126846,390.5,0.11190781049935983
21,2012-03-29,2012-03-30,2012-04-30,ZL,0.004234908795463753,-0.007157930641992771,-0.0954556177675959,0.01032997559713553,ZL:305842,55.26,-0.004343105320303908
21,2012-03-29,2012-03-30,2012-04-30,LE,0.13073552743612762,0.0038163135952401506,0.2667296389152159,0.0076640855472565,LE:7814,116.3,-0.01870163370593292
21,2012-03-29,2012-03-30,2012-04-30,GF,-0.017523927572420626,-0.05027608729712152,-0.1609003886359109,0.006735765530301013,GF:19296,149.25,0.004522613065326642
21,2012-03-29,2012-03-30,2012-04-30,HE,0.13512150633481806,0.1010533623453701,-0.008791826281124892,0.00820593252189186,HE:57953,91.3,-0.07940854326396496
22,2012-04-27,2012-04-30,2012-05-31,CL,-0.01227512734792149,0.00035888980437859264,-0.7216094082669405,0.010529617481025346,CL:187491,105.2,-0.1770912547528518
22,2012-04-27,2012-04-30,2012-05-31,HO,-0.005928024524208177,-0.009274029254868088,-0.11425934347083665,0.008778786202128274,HO:403628,3.18,-0.1470754716981133
22,2012-04-27,2012-04-30,2012-05-31,RB,0.005291624811189666,0.03329639256897554,-0.5819733011575666,0.009272905447872622,RB:403634,3.0735,-0.11566617862371897
22,2012-04-27,2012-04-30,2012-05-31,NG,-0.1846783033562234,-0.03190141914662148,0.5827701495463189,0.020613129667963005,NG:194187,2.433,-0.020139745170571266
22,2012-04-27,2012-04-30,2012-05-31,GC,-0.003959094223403632,-0.0058091821538390764,-0.7991878934519421,0.009603839560762464,GC:171052,1668.7,-0.06400191766045427
22,2012-04-27,2012-04-30,2012-05-31,SI,-0.01838309453004864,0.0052727310728925,-1.4204307579886593,0.016872776025357198,SI:100276,31.105,-0.10995016878315389
22,2012-04-27,2012-04-30,2012-05-31,HG,-0.01996102481577945,-0.0025078016367074962,-0.18856837510222832,0.012695909895568064,HG:188232,3.837,-0.12366432108418046
22,2012-04-27,2012-04-30,2012-05-31,PL,-0.004029353037002937,-0.022313860529030616,-0.5217070067678156,0.011085900107007036,PL:157083,1573.7,-0.10624642562114761
22,2012-04-27,2012-04-30,2012-05-31,PA,0.04542853370863929,,-0.18735811580564762,0.016628103201975022,PA:158589,684.15,-0.10809033106774824
22,2012-04-27,2012-04-30,2012-05-31,ZC,0.6147070033256398,-0.06935966570177754,-0.9496903427927147,0.014881953509980733,ZC:205740,632.5,-0.11422924901185771
22,2012-04-27,2012-04-30,2012-05-31,ZW,0.0122461345724265,-0.00848427815385433,-0.6083771355388636,0.017523576224016582,ZW:181144,652.75,-0.011489850631941745
22,2012-04-27,2012-04-30,2012-05-31,KE,,,,,,,
22,2012-04-27,2012-04-30,2012-05-31,ZS,-0.2383488606215223,0.010535297450672942,-0.137139420310939,0.00864771339070106,ZS:56007,1501.25,-0.10474604496253126
22,2012-04-27,2012-04-30,2012-05-31,ZM,-0.3047027492273656,0.011018697117808562,0.08992827417982585,0.010851313238648653,ZM:126846,434.2,-0.09097190234914787
22,2012-04-27,2012-04-30,2012-05-31,ZL,-0.004346058753903426,-0.005087910680787289,-0.09195990060266714,0.007992543429098659,ZL:305842,55.02,-0.10105416212286444
22,2012-04-27,2012-04-30,2012-05-31,LE,-0.14117644924441575,0.013550794379046271,0.15173205806252663,0.008400965315190806,LE:68958,116.225,0.02624220262422039
22,2012-04-27,2012-04-30,2012-05-31,GF,-0.011339906741354822,-0.03315248031936924,-0.1772594505656728,0.007905808090614017,GF:40093,153.625,0.02359641985353944
22,2012-04-27,2012-04-30,2012-05-31,HE,-0.06556647860258025,0.07419240390653514,0.020370185350073202,0.00893637717302067,HE:15822,86.4,0.04137731481481466
23,2012-05-30,2012-05-31,2012-06-29,CL,0.001236054575511021,0.00076305718035663,-0.556744116613579,0.011923957391158913,CL:187492,86.84,-0.023030861354214616
23,2012-05-30,2012-05-31,2012-06-29,HO,0.06767187072728821,-0.010092073881493135,-0.0007104841128046132,0.00890263513334979,HO:453938,2.722,-0.007678177810433562
23,2012-05-30,2012-05-31,2012-06-29,RB,-0.5112589641817282,0.040226885099731824,-0.2773078973931671,0.009522341541128677,RB:453958,2.6612,-0.011724034270254036
23,2012-05-30,2012-05-31,2012-06-29,NG,0.19419287937248833,-0.0315933563959756,0.5390517735559912,0.024343172280264426,NG:194193,2.44,0.15532786885245908
23,2012-05-30,2012-05-31,2012-06-29,GC,-1.2881576560364733e-05,-0.0011905579619844175,-0.690490486740886,0.007922790963102676,GC:171052,1561.9,0.023497022856776795
23,2012-05-30,2012-05-31,2012-06-29,SI,,0.007874187007917977,-1.4916747364726943,0.013303410217368009,SI:171756,27.73,-0.00991705733862247
23,2012-05-30,2012-05-31,2012-06-29,HG,0.01993404067960279,-0.008363535187907112,-0.10365660607763424,0.012481605455693484,HG:167514,3.3695,0.038284611960231585
23,2012-05-30,2012-05-31,2012-06-29,PL,-0.003864128209590458,-0.018552899980644688,-0.44785072391100145,0.008546738610230933,PL:190690,1414.8,0.02636415040995188
23,2012-05-30,2012-05-31,2012-06-29,PA,,,-0.1469869827764815,0.014586222397305497,PA:158589,610.2,-0.04588659455916089
23,2012-05-30,2012-05-31,2012-06-29,ZC,0.13636971311470655,-0.1033822962175508,-0.15709956507875605,0.017509164665122107,ZC:603071,526.0,0.19296577946768068
23,2012-05-30,2012-05-31,2012-06-29,ZW,-0.03152143001556999,-0.007504227811556796,0.11627938201676989,0.019908254267832395,ZW:385807,661.75,0.14620324896108805
23,2012-05-30,2012-05-31,2012-06-29,KE,,,,,,,
23,2012-05-30,2012-05-31,2012-06-29,ZS,0.16443125054681518,0.00393636661051977,-0.21374293952753462,0.011340763421301855,ZS:510049,1326.0,0.11726998491704377
23,2012-05-30,2012-05-31,2012-06-29,ZM,-0.05482357302404983,0.018511367591981687,-0.01200950805059108,0.0136314126696195,ZM:124032,384.3,0.1165755919854281
23,2012-05-30,2012-05-31,2012-06-29,ZL,-0.0032315460445021885,-0.004207396131523766,-0.11591100706302193,0.009403801543578824,ZL:610378,49.61,0.05785123966942152
23,2012-05-30,2012-05-31,2012-06-29,LE,-0.07417489264986737,0.03325483377635663,0.32908564255542255,0.009304939372778945,LE:68958,119.275,0.010689582896667327
23,2012-05-30,2012-05-31,2012-06-29,GF,0.017460868383876907,-0.03105273149762966,0.08864171738991579,0.008652603112926628,GF:40093,157.25,-0.038473767885532695
23,2012-05-30,2012-05-31,2012-06-29,HE,-0.6457306251092632,0.05310513835373798,0.20306432068674338,0.010003874070858619,HE:70608,91.05,0.061230093355299386
24,2012-06-28,2012-06-29,2012-07-31,CL,0.11463091385834036,0.0005021895860588543,-0.4243536255285919,0.016857859118717504,CL:187493,85.26,0.029439361951677068
24,2012-06-28,2012-06-29,2012-07-31,HO,0.021487628509047826,-0.004306037883090363,-0.054374879469347166,0.011724904997290933,HO:713327,2.7037,0.049672670784480566
24,2012-06-28,2012-06-29,2012-07-31,RB,0.7150327030292869,0.044024644354681675,-0.37296973293689156,0.011809301687911609,RB:502330,2.5578,0.08393932285557915
24,2012-06-28,2012-06-29,2012-07-31,NG,0.6563569030244748,-0.03137886975077786,0.9956137587425026,0.03321987385058402,NG:194188,2.832,0.14053672316384191
24,2012-06-28,2012-06-29,2012-07-31,GC,0.0017633036887262886,-8.211261033341799e-07,-0.583663878054795,0.00973283899592609,GC:197066,1600.6,0.008621766837435985
24,2012-06-28,2012-06-29,2012-07-31,SI,0.05486513880599368,0.010058714454241557,-1.5632679634134414,0.01444048222346287,SI:171756,27.455,0.016208340921507913
24,2012-06-28,2012-06-29,2012-07-31,HG,0.11554852487160325,-0.011426168639626644,-0.14348530649589275,0.01226526732246771,HG:188717,3.5025,-0.024982155603140543
24,2012-06-28,2012-06-29,2012-07-31,PL,,-0.019880790563911455,-0.35323295719605413,0.009438654960944159,PL:190690,1452.1,-0.028441567385166233
24,2012-06-28,2012-06-29,2012-07-31,PA,,,-0.08657211338562155,0.013957257330954114,PA:158589,582.2,0.00910340089316386
24,2012-06-28,2012-06-29,2012-07-31,ZC,0.02555576458685445,-0.11733558369413499,-0.017454853788058264,0.01933471448881003,ZC:603071,627.5,0.2960159362549801
24,2012-06-28,2012-06-29,2012-07-31,ZW,-0.03412050789042524,0.009651085665257852,0.026510526686117798,0.0191674250516329,ZW:385807,758.5,0.1763348714568227
24,2012-06-28,2012-06-29,2012-07-31,KE,,,,,,,
24,2012-06-28,2012-06-29,2012-07-31,ZS,0.05499148297363718,0.0022053491952309656,-0.180522963268004,0.012340116318544581,ZS:150151,1450.25,0.1542837441820375
24,2012-06-28,2012-06-29,2012-07-31,ZM,0.08214232265594362,-0.0069981301286210496,-0.0436330102528956,0.015192513870788958,ZM:110431,423.5,0.23116883116883113
24,2012-06-28,2012-06-29,2012-07-31,ZL,0.011030178995929799,-0.0042339382949698745,-0.12823688138011166,0.010701409350442058,ZL:893989,52.7,0.007020872865275196
24,2012-06-28,2012-06-29,2012-07-31,LE,-0.050381388217007675,0.04158335462996399,0.28411221352392907,0.0096473513412463,LE:36603,124.3,0.0028157683024940816
24,2012-06-28,2012-06-29,2012-07-31,GF,-0.10061869193239406,-0.04673290832805588,-0.0909616020751706,0.008801209692961847,GF:40093,151.2,-0.08234126984126977
24,2012-06-28,2012-06-29,2012-07-31,HE,0.5970698738207842,0.03552478656572444,0.15493178256428916,0.011174174126104343,HE:17124,94.75,-0.01715039577836408
25,2012-07-30,2012-07-31,2012-08-31,CL,0.0007882186222068627,0.0013692113988301724,0.137740105733873,0.021199166747157227,CL:187494,88.07,0.0964005904394234
25,2012-07-30,2012-07-31,2012-08-31,HO,-0.07186558262984521,-0.006200565656784063,0.12762274504976068,0.015040284630317903,HO:663023,2.8459,0.11792403106223004
25,2012-07-30,2012-07-31,2012-08-31,RB,0.051132906265047684,0.05424881355153355,-0.11207283187530978,0.01589952882553242,RB:553425,2.5795,0.15196743554952508
25,2012-07-30,2012-07-31,2012-08-31,NG,0.28318453094060003,-0.0343601406226709,0.8221395584714835,0.03288259116708557,NG:194194,3.234,-0.13358070500927643
25,2012-07-30,2012-07-31,2012-08-31,GC,0.0005824721321070099,-1.3897789786998516e-05,-0.2941114449342629,0.01006712842465565,GC:197066,1614.4,0.047447968285430964
25,2012-07-30,2012-07-31,2012-08-31,SI,0.05303486805957229,0.008890211012058558,-0.10530012072398828,0.015050822536830618,SI:118953,28.0,0.13535714285714273
25,2012-07-30,2012-07-31,2012-08-31,HG,0.1162759982075753,-0.01247599177751224,0.43659811365481294,0.013105523101551797,HG:138574,3.426,0.01021599532983064
25,2012-07-30,2012-07-31,2012-08-31,PL,-0.01076888746607459,-0.002380330975641276,0.13982308487646844,0.011383323830886027,PL:190690,1410.8,0.09221718174085636
25,2012-07-30,2012-07-31,2012-08-31,PA,,,0.010537923828757506,0.013911428196166817,PA:15297,591.9,0.06420003378949146
25,2012-07-30,2012-07-31,2012-08-31,ZC,-0.05011325739849457,-0.07887007790002509,-0.024663975601142907,0.020843281646984835,ZC:895463,812.25,-0.015081563558017819
25,2012-07-30,2012-07-31,2012-08-31,ZW,-0.1332707721805053,0.012650537396566186,-0.03146084267739002,0.021608731173070286,ZW:214777,907.5,-0.02066115702479343
25,2012-07-30,2012-07-31,2012-08-31,KE,,,,,,,
25,2012-07-30,2012-07-31,2012-08-31,ZS,-0.39354276032094915,0.011086463949016467,-0.29397737148688974,0.01569997776753921,ZS:65937,1658.5,0.05758215254748267
25,2012-07-30,2012-07-31,2012-08-31,ZM,-0.1426930234282437,0.03433662136025939,-0.15563458173161426,0.018666814699759213,ZM:165435,506.7,0.05723307677126521
25,2012-07-30,2012-07-31,2012-08-31,ZL,0.009952514786517326,-0.006981746838113256,-0.12438992360500804,0.012354662305909493,ZL:119407,53.29,0.06098705197973353
25,2012-07-30,2012-07-31,2012-08-31,LE,0.03096444857633543,0.043019220679116676,0.3552190237259226,0.00888758638236402,LE:36603,124.65,0.011833132771760901
25,2012-07-30,2012-07-31,2012-08-31,GF,0.09947045710688365,-0.0323983853589368,-0.4649646080229021,0.011016596323632215,GF:38722,140.425,0.03133345202065141
25,2012-07-30,2012-07-31,2012-08-31,HE,0.5607023973665504,-0.009294901883116546,0.19997969569886412,0.010493002768571872,HE:51042,80.45,-0.0789310130515849
26,2012-08-30,2012-08-31,2012-09-28,CL,0.024057995956112334,0.00020395719783183885,0.10811194206957402,0.01857854538572353,CL:187495,96.87,-0.04924125116135036
26,2012-08-30,2012-08-31,2012-09-28,HO,0.0019429948494047785,-0.006379630182334672,0.11488359478157022,0.012908986259478197,HO:639111,3.18,-0.010062893081761004
26,2012-08-30,2012-08-31,2012-09-28,RB,0.11967493728662845,0.06565398273911516,0.002413645843622686,0.01458418538683206,RB:607654,2.8848,0.010468663338879747
26,2012-08-30,2012-08-31,2012-09-28,NG,-0.5304003467030395,-0.03918029741401918,0.6771301955536236,0.02733874712263709,NG:194189,2.965,0.11871838111298483
26,2012-08-30,2012-08-31,2012-09-28,GC,-0.001407586589797779,-5.441065189293326e-05,-0.4587239804644403,0.007828990985479173,GC:118951,1692.6,0.047796289731773633
26,2012-08-30,2012-08-31,2012-09-28,SI,-0.21249037183007508,0.0016888774972733112,-0.33813961819145777,0.013543900562500231,SI:118953,31.79,0.08619062598301364
26,2012-08-30,2012-08-31,2012-09-28,HG,0.025690813335180918,-0.013436747992812248,0.09828021984690656,0.011985618463463209,HG:179379,3.457,0.08663581139716525
26,2012-08-30,2012-08-31,2012-09-28,PL,,-0.0020227076055855386,0.17606832314614898,0.011348031302577737,PL:53033,1543.1,0.08158900913745071
26,2012-08-30,2012-08-31,2012-09-28,PA,-0.1272977577629372,,-0.21938049520369773,0.015075385547362822,PA:15297,629.9,0.012144784886489957
26,2012-08-30,2012-08-31,2012-09-28,ZC,-0.05021555531237573,-0.08448877245174824,0.26179675629693955,0.018626131095171156,ZC:895463,800.0,-0.0546875
26,2012-08-30,2012-08-31,2012-09-28,ZW,-0.08858098819777285,0.002541128877332932,0.2241575343197882,0.01999189581191874,ZW:214777,888.75,0.012095639943741299
26,2012-08-30,2012-08-31,2012-09-28,KE,,,,,,,
26,2012-08-30,2012-08-31,2012-09-28,ZS,-0.25171166582454535,0.0013457709192312706,-0.16031444968667447,0.016576116939282973,ZS:65937,1754.0,-0.08893956670467507
26,2012-08-30,2012-08-31,2012-09-28,ZM,-0.20561158894961146,0.025887056571879397,-0.09089419677045003,0.01873602665258263,ZM:175376,533.0,-0.08724202626641653
26,2012-08-30,2012-08-31,2012-09-28,ZL,-0.05454039052210549,-0.00809992348685129,-0.017139620709361383,0.012263090561710774,ZL:126322,56.96,-0.079002808988764
26,2012-08-30,2012-08-31,2012-09-28,LE,0.0013818524259834597,0.040046310618356284,0.3845104663902861,0.00806627507316427,LE:44028,128.7,-0.031857031857031815
26,2012-08-30,2012-08-31,2012-09-28,GF,-0.005725385400018504,-0.03998120681189998,-0.5113953017146785,0.011338100540868956,GF:6749,146.825,-0.020943299846756247
26,2012-08-30,2012-08-31,2012-09-28,HE,0.8190344756158547,0.009576347398759122,0.16129255327061667,0.01144811147315271,HE:51042,74.1,0.04048582995951411
27,2012-09-27,2012-09-28,2012-10-31,CL,0.011901154830885975,-0.0038277573187612823,0.12260952926790326,0.013088691651849478,CL:182032,92.44,-0.06836867157074855
27,2012-09-27,2012-09-28,2012-10-31,HO,-0.003860964506932449,-0.007601306019874743,0.05581276420341324,0.011114169843665912,HO:599249,3.1333,-0.02339386589219039
27,2012-09-27,2012-09-28,2012-10-31,RB,0.17507797162240463,0.09382099905577168,0.06580449818422714,0.01300449020626414,RB:688146,2.784,-0.05445402298850566
27,2012-09-27,2012-09-28,2012-10-31,NG,-0.4606404337280689,-0.03263735362122977,0.6317923756896696,0.02595087454868142,NG:194195,3.615,0.023236514522821494
27,2012-09-27,2012-09-28,2012-10-31,GC,-0.0013744977360979314,0.00035936564244143376,-0.4229418188373708,0.006510828723608602,GC:118951,1773.5,-0.029884409360022568
27,2012-09-27,2012-09-28,2012-10-31,SI,-0.004431263289753275,0.021969160352900863,-0.13819731372455868,0.012189246925880585,SI:118953,34.53,-0.06458152331306122
27,2012-09-27,2012-09-28,2012-10-31,HG,0.09295875712953294,-0.014760590403833262,0.2199789312711985,0.010628516236779729,HG:195819,3.7535,-0.06247502331157584
27,2012-09-27,2012-09-28,2012-10-31,PL,,0.0029750749292980494,0.09234365883680459,0.010542768338388126,PL:53033,1669.0,-0.058897543439185074
27,2012-09-27,2012-09-28,2012-10-31,PA,-0.0318808112539043,,-0.14430874694581153,0.014485308911758425,PA:15297,637.55,-0.04885891302642931
27,2012-09-27,2012-09-28,2012-10-31,ZC,-0.04201921003584462,-0.09264870843852258,0.10640027843004628,0.015071477440501508,ZC:895463,756.25,-0.0009917355371901193
27,2012-09-27,2012-09-28,2012-10-31,ZW,-0.06120572311599844,0.013721572510593694,0.16700515974346725,0.019042306901911953,ZW:214777,899.5,-0.03613118399110615
27,2012-09-27,2012-09-28,2012-10-31,KE,,,,,,,
27,2012-09-27,2012-09-28,2012-10-31,ZS,0.012519638036778274,-0.00014913662212112655,-0.2992975129345837,0.017764966630228904,ZS:730065,1600.25,-0.030776441181065484
27,2012-09-27,2012-09-28,2012-10-31,ZM,-0.14111781890182845,0.021381071361375792,-0.15254469438410312,0.020132407724332398,ZM:175376,486.5,-0.007194244604316502
27,2012-09-27,2012-09-28,2012-10-31,ZL,-0.019119612813275837,-0.008517012728821438,-0.1927710976000606,0.012527038578498094,ZL:126322,52.46,-0.04403354937094939
27,2012-09-27,2012-09-28,2012-10-31,LE,-0.016840371704582885,0.018411124383990507,0.4116237724064104,0.007562837734277229,LE:44028,124.6,0.00943017656500822
27,2012-09-27,2012-09-28,2012-10-31,GF,-0.010541672175995026,-0.031026736509502495,-0.5302213380200711,0.01063373997032696,GF:24087,144.325,0.011778971072232913
27,2012-09-27,2012-09-28,2012-10-31,HE,0.060215044283958075,-0.006430745891602863,0.12008221146324642,0.010983322957776735,HE:81979,73.95,0.06727518593644355
28,2012-10-30,2012-10-31,2012-11-30,CL,-0.00865216485727524,-0.005678230563934572,0.24264176054748288,0.012708043018455737,CL:403391,86.55,0.027614095898324642
28,2012-10-30,2012-10-31,2012-11-30,HO,-0.012470816881128124,-0.005540588465375196,0.14064892959675904,0.010222294067046783,HO:514651,3.0475,0.003970467596390526
28,2012-10-30,2012-10-31,2012-11-30,RB,0.06422460143513942,0.07815111363254124,0.2968225183639073,0.01315017040891494,RB:739093,2.601,0.05151864667435602
28,2012-10-30,2012-10-31,2012-11-30,NG,-0.08338421865427796,-0.03909093665439367,0.5871374899449007,0.02114130001234243,NG:116982,3.827,-0.06610922393519736
28,2012-10-30,2012-10-31,2012-11-30,GC,-0.004106253919036827,0.00023517690148755488,-0.1761431663002246,0.006760178804308422,GC:170024,1722.5,-0.003425253991291788
28,2012-10-30,2012-10-31,2012-11-30,SI,-0.01934054699943258,0.018713345566986894,0.14522549570503543,0.013087462029723645,SI:116085,32.39,0.03226304414942893
28,2012-10-30,2012-10-31,2012-11-30,HG,0.02295271757872167,-0.009072305193816077,0.04735331817975417,0.009876296725602253,HG:180475,3.523,0.030513766676128373
28,2012-10-30,2012-10-31,2012-11-30,PL,-0.02611448540835172,0.008783676311696853,0.30537609565160445,0.011316669489074725,PL:53033,1570.7,0.020818743235500037
28,2012-10-30,2012-10-31,2012-11-30,PA,,,-0.42220683555424576,0.015320495321002792,PA:64929,607.25,0.1272128447920955
28,2012-10-30,2012-10-31,2012-11-30,ZC,-0.02861756816517341,-0.0919664060295513,0.2714632264728396,0.01463771708389199,ZC:390221,756.25,-0.0033057851239669533
28,2012-10-30,2012-10-31,2012-11-30,ZW,-0.14705044299158498,0.0028752585489670857,0.2109473209312761,0.015556151250448796,ZW:643520,881.5,-0.020986954055587037
28,2012-10-30,2012-10-31,2012-11-30,KE,,,,,,,
28,2012-10-30,2012-10-31,2012-11-30,ZS,-0.08025095803503324,-0.013978900321434784,-0.28625934908689865,0.013635037084537257,ZS:730065,1551.0,-0.07108317214700188
28,2012-10-30,2012-10-31,2012-11-30,ZM,-0.15617729189077165,0.027930891763556343,-0.1813536168238977,0.014583164447531084,ZM:413902,475.7,-0.08366617616144634
28,2012-10-30,2012-10-31,2012-11-30,ZL,-0.00804226405654828,-0.00869737908249113,-0.14232845970653116,0.011901611943377818,ZL:146145,50.53,-0.014842667722145264
28,2012-10-30,2012-10-31,2012-11-30,LE,-0.34966085631033283,0.0327231255396927,0.3281772567994652,0.006060810296034273,LE:2150,129.65,0.0067489394523718715
28,2012-10-30,2012-10-31,2012-11-30,GF,0.004632703154324833,-0.009626998802588105,-0.5638183801980846,0.007489487942481413,GF:8404,148.4,-0.018362533692722338
28,2012-10-30,2012-10-31,2012-11-30,HE,0.0021379708691420807,-0.001661335264576902,0.05358832036997703,0.010788239553176081,HE:81979,78.925,0.06651884700665178
29,2012-11-29,2012-11-30,2012-12-31,CL,-0.014650915790518748,-0.0015632497419422187,0.1375328313666882,0.01432769915234422,CL:503306,89.44,0.02627459749552785
29,2012-11-29,2012-11-30,2012-12-31,HO,-0.033019449215053585,-0.004520240427779321,0.14183813706524842,0.01179307921407436,HO:471143,3.067,-0.01183567003586572
29,2012-11-29,2012-11-30,2012-12-31,RB,0.47233174563555136,0.09942728295081871,0.27571115495735676,0.01364303747701275,RB:783585,2.735,0.01067641681901299
29,2012-11-29,2012-11-30,2012-12-31,NG,0.022155637579720604,-0.0396373429034923,0.6105192735330933,0.019214462323140842,NG:116987,3.598,-0.06559199555308504
29,2012-11-29,2012-11-30,2012-12-31,GC,0.002252858219688081,0.0004453199272939079,-0.25803645946540743,0.006159366436206344,GC:170024,1716.6,-0.023884422696027086
29,2012-11-29,2012-11-30,2012-12-31,SI,0.017417645765343014,0.010045234790565294,-0.07284060592255986,0.012070948291694195,SI:179536,33.5,-0.09432835820895524
29,2012-11-29,2012-11-30,2012-12-31,HG,0.03398203340735739,-0.009651107469820008,0.04864597504996992,0.009194494201137405,HG:176138,3.637,0.002337091009073422
29,2012-11-29,2012-11-30,2012-12-31,PL,,-0.00026894804279242734,0.281051491459055,0.009533775218869483,PL:83897,1607.2,-0.03932304629168748
29,2012-11-29,2012-11-30,2012-12-31,PA,,,-0.3291800489370185,0.015556143537529205,PA:64929,684.5,0.027465303140978836
29,2012-11-29,2012-11-30,2012-12-31,ZC,-0.05966466920944373,-0.09991279091118277,0.6475516504518395,0.013719676634337303,ZC:390221,753.75,-0.07164179104477608
29,2012-11-29,2012-11-30,2012-12-31,ZW,-0.0842056710080264,-0.0013492974709765626,0.43190272410262354,0.01361491145106991,ZW:643520,863.0,-0.09733487833140209
29,2012-11-29,2012-11-30,2012-12-31,KE,,,,,,,
29,2012-11-29,2012-11-30,2012-12-31,ZS,0.04964179884591392,-0.02636135644911386,-0.3381756408384733,0.012761773583929105,ZS:842650,1434.75,-0.017947377591915004
29,2012-11-29,2012-11-30,2012-12-31,ZM,0.08429175405618865,0.016017237340105295,-0.2380593585274089,0.013800458029970982,ZM:37127,428.1,-0.021723896285914535
29,2012-11-29,2012-11-30,2012-12-31,ZL,-0.013239618842211434,-0.007050830883484571,-0.21232754164644232,0.011265574714675566,ZL:348768,50.29,-0.010538874527739162
29,2012-11-29,2012-11-30,2012-12-31,LE,-0.3503514212861044,0.0225465268213495,0.2789316003975796,0.005521532243243501,LE:2150,130.525,0.01551426929706956
29,2012-11-29,2012-11-30,2012-12-31,GF,0.010489104729864446,-0.010629477548555588,-0.6450114756914423,0.005892725678030098,GF:8404,145.675,0.03947142611978727
29,2012-11-29,2012-11-30,2012-12-31,HE,0.6487458496799654,0.03767660008894136,0.07781228936453344,0.008909155394865946,HE:44521,87.125,-0.013486370157819172
30,2012-12-28,2012-12-31,2013-01-31,CL,-0.002965318602885028,0.0005619792575999316,0.1743800618527246,0.011691798974704895,CL:553122,92.23,0.05876612815786619
30,2012-12-28,2012-12-31,2013-01-31,HO,0.18570511607926837,-0.0025248022479120724,0.17493234306858624,0.010280382095370565,HO:148829,3.0167,0.03454105479497449
30,2012-12-28,2012-12-31,2013-01-31,RB,-0.5657018640809687,0.09437212314082721,0.31734846909525455,0.01181613662725005,RB:822758,2.7615,0.09726597863480002
30,2012-12-28,2012-12-31,2013-01-31,NG,0.02511987949317898,-0.04414516580133687,0.6177523837417669,0.019675809124808725,NG:116988,3.377,-0.01569440331655314
30,2012-12-28,2012-12-31,2013-01-31,GC,-1.1467122151229484e-05,0.0004676007276476213,0.57259872731399,0.006134592391251667,GC:118305,1677.5,-0.008166915052160939
30,2012-12-28,2012-12-31,2013-01-31,SI,-1.4874907235968432e-06,-0.0012375038508900538,0.060417550627023184,0.013113992724057126,SI:179536,30.34,0.037079762689518736
30,2012-12-28,2012-12-31,2013-01-31,HG,0.005491622506895355,-0.0132333952739625,0.014101231463022066,0.009043078553840168,HG:140153,3.65,0.02356164383561654
30,2012-12-28,2012-12-31,2013-01-31,PL,-0.002927971575996627,0.0002947342943990794,0.4245170834859771,0.008159517560734577,PL:83897,1544.0,0.08613989637305708
30,2012-12-28,2012-12-31,2013-01-31,PA,,,-0.36081407019456635,0.013898259214033433,PA:64929,703.3,0.05787004123418171
30,2012-12-28,2012-12-31,2013-01-31,ZC,-0.049500322223909446,-0.09218980106466113,0.719842398154615,0.008464909769887046,ZC:390221,699.75,0.05859235441229016
30,2012-12-28,2012-12-31,2013-01-31,ZW,-0.029149475261983332,-0.0025465669788282685,0.5013172558582516,0.010025025536887293,ZW:643520,779.0,0.003209242618742003
30,2012-12-28,2012-12-31,2013-01-31,KE,,,,,,,
30,2012-12-28,2012-12-31,2013-01-31,ZS,0.027529037382754265,-0.03937489373621972,-0.27386160516752917,0.010119473124165392,ZS:842650,1409.0,0.043825408090844675
30,2012-12-28,2012-12-31,2013-01-31,ZM,0.05762818867112566,-0.005029042988240473,-0.23044800414307334,0.01102993150242427,ZM:37127,418.8,0.019102196752626588
30,2012-12-28,2012-12-31,2013-01-31,ZL,-0.0005098755871458457,-0.009019715685914864,-0.09909725421592912,0.009641641352605075,ZL:348768,49.76,0.0637057877813505
30,2012-12-28,2012-12-31,2013-01-31,LE,0.20546687893716617,0.02964602326403032,0.1394958454528874,0.0048230300682745985,LE:4087,136.325,-0.027141023289932065
30,2012-12-28,2012-12-31,2013-01-31,GF,-0.010399111107712244,-0.0045108832963389744,-0.7080429250566387,0.005977192265918298,GF:39252,154.15,-0.02951670450859556
30,2012-12-28,2012-12-31,2013-01-31,HE,0.6449378684214633,0.07082139842161139,0.06397555391485373,0.008494382135680927,HE:44521,85.95,0.019197207678882888
31,2013-01-30,2013-01-31,2013-02-28,CL,-0.004900263128440482,0.004341049588551971,0.10029685273047498,0.007822298827802655,CL:115211,98.12,-0.0636975132490828
31,2013-01-30,2013-01-31,2013-02-28,HO,-0.2386530711456608,-0.004942322892703022,0.10413438815019281,0.008132457318087124,HO:855837,3.1067,-0.04854025171403731
31,2013-01-30,2013-01-31,2013-02-28,RB,-0.11249077309541433,0.0835714388786537,0.2531805297397377,0.009493814497281311,RB:852130,3.1781,-0.023095560240395274
31,2013-01-30,2013-01-31,2013-02-28,NG,-0.0002800308622678549,-0.018239608505012272,0.5842179155127002,0.01937035381147895,NG:116983,3.374,0.03349140486069957
31,2013-01-30,2013-01-31,2013-02-28,GC,0.008906849385863742,0.0002696092965817076,0.7264809652414244,0.005927369351003541,GC:118305,1663.8,-0.050066113715590777
31,2013-01-30,2013-01-31,2013-02-28,SI,0.019962445923209338,0.00539906514797861,0.16518443153336496,0.012539692867220117,SI:111871,31.515,-0.09328891004283679
31,2013-01-30,2013-01-31,2013-02-28,HG,-0.010259301572511259,-0.009983857254096784,0.13463871347581263,0.008053275360647674,HG:133563,3.7405,-0.05226573987434835
31,2013-01-30,2013-01-31,2013-02-28,PL,-0.04963660318864709,-0.00023741778312280637,0.49550527474876005,0.008719332642346745,PL:83897,1677.0,-0.05485986881335714
31,2013-01-30,2013-01-31,2013-02-28,PA,,,-0.1710945624987479,0.010803351050601333,PA:87825,744.4,-0.018538420204191275
31,2013-01-30,2013-01-31,2013-02-28,ZC,-0.9367989202116587,-0.09873579731459281,0.6931524506096254,0.008531859824708686,ZC:582585,742.0,-0.052560646900269514
31,2013-01-30,2013-01-31,2013-02-28,ZW,0.025029989447745767,-0.00823473573222433,0.5457385883970854,0.009903389504286519,ZW:68034,790.0,-0.09303797468354436
31,2013-01-30,2013-01-31,2013-02-28,KE,,,,,,,
31,2013-01-30,2013-01-31,2013-02-28,ZS,-0.22591201490721607,-0.039636848640261846,-0.23632980457218367,0.009445211335600822,ZS:160105,1461.5,-0.008894970920287348
31,2013-01-30,2013-01-31,2013-02-28,ZM,-0.23389860526182527,-0.024224640194300928,-0.21067065698135481,0.011526003983535437,ZM:619783,423.4,0.026452527161077155
31,2013-01-30,2013-01-31,2013-02-28,ZL,-0.05480153495701435,-0.006277236338259939,-0.07440193515848552,0.009875804523772262,ZL:314182,53.36,-0.07908545727136429
31,2013-01-30,2013-01-31,2013-02-28,LE,0.23316892943851106,0.02203959177882253,0.12960249840026525,0.005582711308156723,LE:4087,132.625,-0.01602262016965128
31,2013-01-30,2013-01-31,2013-02-28,GF,-0.018555216777944944,-0.009584414898901161,-0.6130099242414577,0.006016987381089429,GF:39252,149.6,-0.045287433155080214
31,2013-01-30,2013-01-31,2013-02-28,HE,-0.7011660294552411,0.06408752827304076,0.036237117393836484,0.00771693326525084,HE:53025,89.175,-0.08887019904681803
32,2013-02-27,2013-02-28,2013-03-31,CL,0.03194825973563148,0.0037569308158231784,0.1980451467239403,0.008255990556633818,CL:204050,92.26,0.053761109906785176
32,2013-02-27,2013-02-28,2013-03-31,HO,0.02617237028816463,-0.011028208719712773,0.12569116110639528,0.007582181011730329,HO:415868,3.0322,0.005078820658267924
32,2013-02-27,2013-02-28,2013-03-31,RB,0.012142798942583688,0.07713278548843938,0.19414245584854514,0.010176871682008993,RB:30152,3.0678,0.013103852923919357
32,2013-02-27,2013-02-28,2013-03-31,NG,0.10392738021988063,-0.013666689859285097,0.5876610300998758,0.018283094730566246,NG:116986,3.534,0.12733446519524616
32,2013-02-27,2013-02-28,2013-03-31,GC,0.0007477604043033548,-0.0012426031246467462,0.6054441312574225,0.006779565231953429,GC:119585,1582.4,0.009226491405460058
32,2013-02-27,2013-02-28,2013-03-31,SI,0.0019386572989710596,-0.0007835807557907692,0.19354985220598117,0.012387131663382733,SI:111871,28.575,-0.011373578302712128
32,2013-02-27,2013-02-28,2013-03-31,HG,-0.012592339363879056,-0.006455479082061122,0.18403439745626188,0.00876463714554749,HG:133448,3.555,-0.05246132208157528
32,2013-02-27,2013-02-28,2013-03-31,PL,,0.00455357354539998,0.3923187309527078,0.009832174753227974,PL:51095,1586.4,-0.007879475542107883
32,2013-02-27,2013-02-28,2013-03-31,PA,,,-0.2003772359669896,0.011578070231236592,PA:87825,730.6,0.05050643306871061
32,2013-02-27,2013-02-28,2013-03-31,ZC,-0.8149258988422678,-0.08076705892325875,0.6704681109658885,0.008340723854819154,ZC:582585,703.0,-0.041963015647226154
32,2013-02-27,2013-02-28,2013-03-31,ZW,0.052582211241208356,-0.001749716332871798,0.43892386835839164,0.010229194911580078,ZW:68034,716.5,-0.04431263084438242
32,2013-02-27,2013-02-28,2013-03-31,KE,,,,,,,
32,2013-02-27,2013-02-28,2013-03-31,ZS,-0.32172288205324967,-0.035673441432156006,-0.24201858318768238,0.010118046648242666,ZS:160105,1448.5,-0.02865032792544009
32,2013-02-27,2013-02-28,2013-03-31,ZM,-0.4403022747445967,-0.03169834092962942,-0.23589494887777016,0.013462742461465926,ZM:619783,434.6,-0.06695812241141286
32,2013-02-27,2013-02-28,2013-03-31,ZL,-0.03257606451608821,-0.007441262226768552,-0.031155545451998334,0.01014554633620265,ZL:314182,49.14,0.021571021571021642
32,2013-02-27,2013-02-28,2013-03-31,LE,0.17503954610616884,0.014495938016626408,0.18181924903218846,0.005887176309702545,LE:59192,125.475,-0.00856744371388718
32,2013-02-27,2013-02-28,2013-03-31,GF,-0.019048707492423378,-0.007696331753265229,-0.5246515306149528,0.006973700220072619,GF:20325,145.825,-0.01662952168695342
32,2013-02-27,2013-02-28,2013-03-31,HE,-0.823148981068181,0.05800841758310493,0.08818085913604759,0.007384039024516015,HE:53025,81.25,-0.00492307692307703
33,2013-03-28,2013-03-31,2013-04-30,CL,-0.026896513471122683,0.006770129371209466,0.19296259546576106,0.008769710336074793,CL:176503,97.5,-0.04389743589743589
33,2013-03-28,2013-03-31,2013-04-30,HO,0.016789533218006608,-0.009258543916984663,0.1245340350957084,0.008209779341290569,HO:161623,3.033,-0.06693043191559511
33,2013-03-28,2013-03-31,2013-04-30,RB,-0.04051996141536948,0.06058352161730518,0.20622111612122299,0.010901060545444239,RB:74769,3.0834,-0.09599792436920296
33,2013-03-28,2013-03-31,2013-04-30,NG,-0.07066791195378755,0.03227401296376731,0.60069261559624,0.016763912353668788,NG:116985,4.03,0.07915632754342439
33,2013-03-28,2013-03-31,2013-04-30,GC,-0.007494562277954988,-0.001063031443480189,0.11532984514062254,0.005875571131614577,GC:119585,1597.0,-0.07595491546649968
33,2013-03-28,2013-03-31,2013-04-30,SI,-0.015260917872779493,0.0007829423926265511,0.14221578487319472,0.01002706689045237,SI:6774,28.3,-0.14222614840989412
33,2013-03-28,2013-03-31,2013-04-30,HG,0.011234245081152096,-0.00935611792188884,0.3069969976487482,0.007940136866600136,HG:134164,3.378,-0.0553582001184133
33,2013-03-28,2013-03-31,2013-04-30,PL,0.010823597360044191,-0.0015372606099911534,0.4229113454389689,0.008604686869330077,PL:6468,1575.5,-0.033513170422088234
33,2013-03-28,2013-03-31,2013-04-30,PA,0.008462788484587744,,-0.12198558666739731,0.012590306398582485,PA:87825,767.5,-0.08996742671009761
33,2013-03-28,2013-03-31,2013-04-30,ZC,0.5627759659128502,-0.0828778666161325,0.6992325414272333,0.010457592307078772,ZC:78774,653.5,-0.007268553940321332
33,2013-03-28,2013-03-31,2013-04-30,ZW,0.006103900367032858,0.0008785116988779818,-0.011621239677966947,0.013577440908001247,ZW:867282,688.5,0.06027596223674658
33,2013-03-28,2013-03-31,2013-04-30,KE,,,,,,,
33,2013-03-28,2013-03-31,2013-04-30,ZS,-0.22111881774865255,-0.030467540957385575,-0.23925225578140794,0.010028090373782814,ZS:891885,1387.5,0.006306306306306242
33,2013-03-28,2013-03-31,2013-04-30,ZM,-0.2680928061684767,-0.030975553950927326,-0.25279276162120723,0.013088054437059607,ZM:828390,401.4,0.03039362232187348
33,2013-03-28,2013-03-31,2013-04-30,ZL,-0.028065994312822896,-0.006048606633024978,-0.03866688884135104,0.008404493039858803,ZL:534314,50.46,-0.02477209671026559
33,2013-03-28,2013-03-31,2013-04-30,LE,0.16692412298733444,0.025079723718627434,0.2005625024911171,0.00625071406521407,LE:59192,124.4,-0.019292604501607746
33,2013-03-28,2013-03-31,2013-04-30,GF,-0.05316865030548862,-0.004225829177929907,-0.4582865243304494,0.007506734699744726,GF:27314,145.075,-0.03911769774254681
33,2013-03-28,2013-03-31,2013-04-30,HE,-0.22456364499690995,0.056081732689281405,0.091361209384192,0.00800331414681767,HE:66363,89.4,0.007829977628635243
34,2013-04-29,2013-04-30,2013-05-31,CL,-0.02347612549530973,0.0038362767240613938,-0.5119927955580948,0.012579750200982126,CL:453304,93.42,-0.019374866195675522
34,2013-04-29,2013-04-30,2013-05-31,HO,0.013876721490829146,-0.012727386310887878,-0.12888960525123144,0.010223293791903251,HO:738745,2.8285,-0.017005479936361922
34,2013-04-29,2013-04-30,2013-05-31,RB,-0.018847354296420663,0.056282171050170415,-0.12218700754126177,0.012811921805193088,RB:129860,2.7682,-0.007441658839679399
34,2013-04-29,2013-04-30,2013-05-31,NG,-0.022330003246631445,0.01393705914280119,-0.17693098492889553,0.017241649444597284,NG:116980,4.401,-0.09497841399681883
34,2013-04-29,2013-04-30,2013-05-31,GC,-0.008117843621811794,-0.0007256919730227462,-4.198582085690968,0.01662746510710553,GC:17311,1476.9,-0.06019364885909684
34,2013-04-29,2013-04-30,2013-05-31,SI,-0.016161951944048535,-0.007157884508966705,-2.437750500411145,0.02285314366427627,SI:113863,24.3,-0.0864197530864198
34,2013-04-29,2013-04-30,2013-05-31,HG,-0.04215763900362948,-0.003679614933743025,0.0982020853318761,0.012509505576006157,HG:155238,3.1925,0.024902114330461966
34,2013-04-29,2013-04-30,2013-05-31,PL,-0.08355027940152612,0.0023887067279954044,0.5920236365962694,0.011486435326076568,PL:51095,1505.8,-0.03340417054057643
34,2013-04-29,2013-04-30,2013-05-31,PA,0.0404309954959045,,-0.4740808144113675,0.01750344496902146,PA:51895,700.4,0.07295830953740734
34,2013-04-29,2013-04-30,2013-05-31,ZC,0.527211829182784,-0.1167196075237249,0.6638865010781617,0.015371948491407956,ZC:78774,648.75,0.02389210019267818
34,2013-04-29,2013-04-30,2013-05-31,ZW,0.012734780634442694,-0.00547170105420447,0.053383900222734045,0.01608414044492534,ZW:867282,730.0,-0.0318493150684932
34,2013-04-29,2013-04-30,2013-05-31,KE,,,,,,,
34,2013-04-29,2013-04-30,2013-05-31,ZS,-0.12342520519353761,-0.016590976046465977,-0.2598280749457012,0.01037701095890752,ZS:891885,1396.25,0.08111011638316912
34,2013-04-29,2013-04-30,2013-05-31,ZM,-0.008459920107195207,-0.004193687389258072,-0.23568934628101043,0.013454982820739354,ZM:828390,413.6,0.07857833655706004
34,2013-04-29,2013-04-30,2013-05-31,ZL,-0.0002566537029852628,-0.001988777742508163,-0.030984702671608074,0.008781560570936353,ZL:534314,49.21,-0.014631172525909397
34,2013-04-29,2013-04-30,2013-05-31,LE,-0.0948047509997877,0.017104037958607377,0.41957324784760097,0.0066965618168734285,LE:98503,122.65,-0.018344883815735846
34,2013-04-29,2013-04-30,2013-05-31,GF,-0.014971543621982553,-0.01580848322282924,-0.5126043558052216,0.007979012767977956,GF:46108,148.675,-0.027913233563141127
34,2013-04-29,2013-04-30,2013-05-31,HE,-0.12587939696472092,0.08972043180014966,-0.02635503045998019,0.009082415936969939,HE:66367,92.15,0.03906673901247948
35,2013-05-30,2013-05-31,2013-06-28,CL,0.0,0.0019829973867169226,-0.5464845078344877,0.013694780033408672,CL:8418,91.85,0.05051714752313563
35,2013-05-30,2013-05-31,2013-06-28,HO,-0.0027137356791198317,-0.015633416857664395,-0.06436747632051099,0.010731821375344711,HO:546369,2.7908,0.024186613157517467
35,2013-05-30,2013-05-31,2013-06-28,RB,-0.5453579150829191,0.051061414980982045,-0.11194299565728014,0.013012431418664934,RB:212193,2.729,-0.006375961890802584
35,2013-05-30,2013-05-31,2013-06-28,NG,0.06419052199719612,0.00914121952209146,-0.024224590791814233,0.019518344321751854,NG:116981,4.003,-0.10916812390706976
35,2013-05-30,2013-05-31,2013-06-28,GC,-0.00042750389164935513,0.0013452526522395036,-3.5249200516505206,0.017776705182546874,GC:17311,1388.0,-0.1103746397694525
35,2013-05-30,2013-05-31,2013-06-28,SI,-0.037952971564749964,-0.011692935968205531,-2.0330430594182203,0.024819065896706106,SI:47752,22.24,-0.11892985611510787
35,2013-05-30,2013-05-31,2013-06-28,HG,0.033326012344521816,-0.0022218442605564936,0.2203187375961096,0.01568483995802641,HG:182198,3.2815,-0.06673777236020106
35,2013-05-30,2013-05-31,2013-06-28,PL,,0.009230304260045452,0.4439171787759212,0.01204526778107184,PL:31956,1461.0,-0.08021902806297065
35,2013-05-30,2013-05-31,2013-06-28,PA,,,-0.5614738412095348,0.01726981622345992,PA:51895,751.5,-0.12042581503659344
35,2013-05-30,2013-05-31,2013-06-28,ZC,0.26903845020312556,-0.0710181091838995,0.4716819342868796,0.017719017178275828,ZC:500462,598.0,-0.08486622073578598
35,2013-05-30,2013-05-31,2013-06-28,ZW,-0.0009010859424710416,-6.957570820187442e-05,-0.18268212988166585,0.016974145991106523,ZW:538116,716.75,-0.08371119637251478
35,2013-05-30,2013-05-31,2013-06-28,KE,,,,,,,
35,2013-05-30,2013-05-31,2013-06-28,ZS,0.5714789463836676,-0.017389933122874845,-0.3031239572523201,0.010593460053576073,ZS:372191,1435.75,-0.0045272505659063045
35,2013-05-30,2013-05-31,2013-06-28,ZM,-0.02173605118655131,-0.04213072724093303,-0.23312503297615014,0.013872679147015366,ZM:228408,424.1,0.022871964159396407
35,2013-05-30,2013-05-31,2013-06-28,ZL,-0.036583858280226055,-0.0074253431565207695,-0.09914164247858448,0.00837953656942427,ZL:218567,48.49,-0.04351412662404619
35,2013-05-30,2013-05-31,2013-06-28,LE,-0.09360127360982372,0.00705142970181083,0.26982406355103616,0.00681014644908374,LE:98503,120.4,0.015157807308969984
35,2013-05-30,2013-05-31,2013-06-28,GF,-0.06648267149520792,-0.017511336785664633,-0.5276007486339233,0.00825551233712551,GF:46108,144.525,0.0390935824251859
35,2013-05-30,2013-05-31,2013-06-28,HE,-0.5923775515626712,0.12408144802835908,-0.01569574764518585,0.00957759873617759,HE:49736,94.075,0.07706617060855692
36,2013-06-27,2013-06-28,2013-07-31,CL,-0.016896563502645,0.004986945336022064,-0.5684438323632738,0.013661393983319106,CL:53213,96.36,0.0935035284350354
36,2013-06-27,2013-06-28,2013-07-31,HO,-0.0007699808334801026,-0.015452768828604357,-0.14656561349021213,0.011188627762239407,HO:223503,2.8624,0.06711151481274458
36,2013-06-27,2013-06-28,2013-07-31,RB,0.4394770453895808,0.032102030790529534,-0.20577650399198774,0.012402790248793514,RB:177692,2.6991,0.11040717276129075
36,2013-06-27,2013-06-28,2013-07-31,NG,0.1822104224414739,-0.008878931175982374,0.05421993423802871,0.019798871821613065,NG:116989,3.56,-0.03342696629213493
36,2013-06-27,2013-06-28,2013-07-31,GC,0.010863664906117577,-0.0005476099836433379,-3.1050871110267213,0.018522618623563237,GC:62390,1235.8,0.0722608836381291
36,2013-06-27,2013-06-28,2013-07-31,SI,0.06320610559698736,-0.008343011242830434,-1.9777260603208546,0.026448789853319592,SI:47752,19.595,0.009951518244450064
36,2013-06-27,2013-06-28,2013-07-31,HG,0.0008119686369004869,-0.0012005682116951188,0.21021043294251304,0.016677341163685792,HG:104938,3.0585,0.017982671244074044
36,2013-06-27,2013-06-28,2013-07-31,PL,,0.011500631053178112,-0.07380938063337758,0.016382860152644313,PL:31956,1343.8,0.07367167733293645
36,2013-06-27,2013-06-28,2013-07-31,PA,0.03252573505227787,,-0.7642792564118025,0.01922402359223896,PA:51895,661.0,0.10310136157337357
36,2013-06-27,2013-06-28,2013-07-31,ZC,0.32786056187389034,-0.02314624432338408,0.5037454343421395,0.01800942213176405,ZC:500462,547.25,-0.08862494289629963
36,2013-06-27,2013-06-28,2013-07-31,ZW,-0.011137934497943591,-0.012435202061161554,-0.1995948917457849,0.015217942159282263,ZW:538116,656.75,0.010277883517320063
36,2013-06-27,2013-06-28,2013-07-31,KE,,,,,,,
36,2013-06-27,2013-06-28,2013-07-31,ZS,0.21624119115617293,0.007150562453222431,-0.2732039902122356,0.00989289514440542,ZS:887452,1301.25,-0.04169068203650339
36,2013-06-27,2013-06-28,2013-07-31,ZM,0.520220539987934,0.007469726677204358,-0.22019691961781743,0.013301954094985562,ZM:358781,399.8,0.006503251625812778
36,2013-06-27,2013-06-28,2013-07-31,ZL,0.09618156207193192,-0.002049083014009634,-0.01841001288922157,0.00885999780460281,ZL:82361,45.96,-0.08115752828546574
36,2013-06-27,2013-06-28,2013-07-31,LE,-0.04392283019192769,0.004631929520946598,0.36688625999704993,0.007091194154368782,LE:74197,125.95,-0.0035728463676062416
36,2013-06-27,2013-06-28,2013-07-31,GF,-0.024857226444428587,-0.007382594036759116,-0.48881292060461917,0.008223392137184388,GF:46108,150.175,0.024471449975028925
36,2013-06-27,2013-06-28,2013-07-31,HE,0.6009348612347625,0.12589944653505858,-0.12171560655345548,0.009045928266063147,HE:52474,97.7,0.0005117707267143778
37,2013-07-30,2013-07-31,2013-08-30,CL,0.003983814518181306,0.0016366674760903699,-0.5035748154551438,0.011252817898218985,CL:603475,104.52,0.030998851894374457
37,2013-07-30,2013-07-31,2013-08-30,HO,-0.02395875249123605,-0.013132904093513531,-0.23695892815144926,0.009916383109891224,HO:354002,3.0605,0.024342427707890746
37,2013-07-30,2013-07-31,2013-08-30,RB,0.05891841160821776,0.035753371606495055,-0.32525186448809,0.01133946743311099,RB:186343,2.8481,0.01558934026192893
37,2013-07-30,2013-07-31,2013-08-30,NG,0.1995018310639307,-0.02010383113442815,0.0026249542783549867,0.01727103918617789,NG:116984,3.464,0.035796766743648956
37,2013-07-30,2013-07-31,2013-08-30,GC,-0.0009244330496046428,-0.0010031696161855175,-2.783103602948634,0.014401248957137354,GC:62390,1325.1,0.053354463814051734
37,2013-07-30,2013-07-31,2013-08-30,SI,0.094295308812194,-0.007818629960572365,-1.8350405800412752,0.02155639287779042,SI:118471,19.825,0.1883984867591424
37,2013-07-30,2013-07-31,2013-08-30,HG,0.0003745955359553462,0.005313047243744817,0.1575923089347072,0.01200775773372542,HG:8375,3.1225,0.03554843875100078
37,2013-07-30,2013-07-31,2013-08-30,PL,0.00907923659778989,0.017799208514971188,-0.12762493551217863,0.01493522062153988,PL:31956,1442.8,0.056764624341558045
37,2013-07-30,2013-07-31,2013-08-30,PA,-0.06562506940761464,,-0.69419897607349,0.016853942221532223,PA:97192,733.8,-0.012673753066230531
37,2013-07-30,2013-07-31,2013-08-30,ZC,-0.0010212713257355677,-0.03950462206631078,0.34315699479866796,0.017784771195671057,ZC:361413,478.5,0.00940438871473348
37,2013-07-30,2013-07-31,2013-08-30,ZW,0.0011996127445444982,-0.012589371393328053,-0.27408884114899845,0.012099920648454193,ZW:345738,676.25,-0.032162661737523135
37,2013-07-30,2013-07-31,2013-08-30,KE,,,,,,,
37,2013-07-30,2013-07-31,2013-08-30,ZS,-0.022328252356857058,0.01876120030725248,-0.3552522645419963,0.011536092293688616,ZS:23298,1203.75,0.12689511941848397
37,2013-07-30,2013-07-31,2013-08-30,ZM,0.11094909576266704,0.03760493381691987,-0.3173701887058118,0.018177138464257604,ZM:541806,368.1,0.1643575115457756
37,2013-07-30,2013-07-31,2013-08-30,ZL,0.010328871215436582,-0.009388182239472798,-0.15507028383857513,0.008082498550348085,ZL:45741,42.43,0.03464529813810979
37,2013-07-30,2013-07-31,2013-08-30,LE,-0.05296845500682622,-0.004362737441699127,0.15452118333760587,0.00609072314664788,LE:74197,125.5,0.010756972111553686
37,2013-07-30,2013-07-31,2013-08-30,GF,-0.10661957838828691,-0.022263763281021864,0.07225087707443233,0.006952857634522902,GF:42522,157.2,-0.001749363867684317
37,2013-07-30,2013-07-31,2013-08-30,HE,0.36559666909101574,0.1519707837873987,-0.321437242026884,0.008702035393432154,HE:74701,83.35,0.050989802039592025
38,2013-08-29,2013-08-30,2013-09-30,CL,-0.0313501646789385,-0.006794085832464214,-0.39495887810036867,0.012101432709552199,CL:353303,107.04,-0.043628550074738426
38,2013-08-29,2013-08-30,2013-09-30,HO,0.10890589959590155,-0.018040299673967253,-0.15532279812986607,0.009333515411400352,HO:292122,3.1326,-0.051363084977335216
38,2013-08-29,2013-08-30,2013-09-30,RB,0.00961816498723797,0.012872439825827309,-0.3325482941462103,0.010866932688652044,RB:155142,2.8537,-0.07916038826786265
38,2013-08-29,2013-08-30,2013-09-30,NG,-0.22452417127725222,-0.004271007562357099,0.03925235454630325,0.01628329225780031,NG:116978,3.692,-0.03710725893824485
38,2013-08-29,2013-08-30,2013-09-30,GC,-0.019354067849906394,-0.0014061726404182018,-2.638951744131185,0.013841348022348692,GC:118470,1396.2,-0.04820226328606214
38,2013-08-29,2013-08-30,2013-09-30,SI,-0.1977119027040585,-0.050460113199116585,-1.6138442078622106,0.021653667158576258,SI:118471,23.56,-0.07746179966044142
38,2013-08-29,2013-08-30,2013-09-30,HG,0.03909349449799044,0.0031256804331566412,0.1597897170029739,0.011958973875775557,HG:41480,3.236,0.02595797280593315
38,2013-08-29,2013-08-30,2013-09-30,PL,,0.01480398085976986,0.00043014392934796275,0.014297549251269151,PL:71372,1524.2,-0.07794252722739792
38,2013-08-29,2013-08-30,2013-09-30,PA,-0.009697825502255663,,-0.6226453147166685,0.01617249769100431,PA:97192,724.5,-0.0016563146997929934
38,2013-08-29,2013-08-30,2013-09-30,ZC,-0.004851555309443492,-0.03280204784131846,0.4613594738947749,0.02146097907512243,ZC:361413,483.0,-0.08436853002070388
38,2013-08-29,2013-08-30,2013-09-30,ZW,-0.005188920975299938,-0.007496967054930415,-0.48576620304816087,0.010776629154861791,ZW:345738,654.5,0.03819709702062646
38,2013-08-29,2013-08-30,2013-09-30,KE,,,,,,,
38,2013-08-29,2013-08-30,2013-09-30,ZS,-0.10929733319951956,0.02597023725683767,0.3142249757980421,0.014356875750676335,ZS:23298,1356.5,-0.055473645410984096
38,2013-08-29,2013-08-30,2013-09-30,ZM,-0.1028919535780422,0.04019149615229911,-0.024014335678592253,0.019816289342290457,ZM:827470,424.0,-0.04410377358490558
38,2013-08-29,2013-08-30,2013-09-30,ZL,-0.009299050861518329,-0.012060411620307798,0.43903671461600124,0.010636107163210132,ZL:667788,44.17,-0.06995698437853759
38,2013-08-29,2013-08-30,2013-09-30,LE,-0.023652466407977135,-0.011886876358498832,0.23219986046511887,0.005411855461943238,LE:22874,130.45,0.010157148332694543
38,2013-08-29,2013-08-30,2013-09-30,GF,-0.07751768794068466,-0.0171239189925102,-0.012947480866239309,0.005409661863619901,GF:41729,158.675,0.03355916180872853
38,2013-08-29,2013-08-30,2013-09-30,HE,0.32690239303229157,0.187562268061769,-0.13450147937483023,0.009498697207771885,HE:74701,87.6,0.044520547945205546
39,2013-09-27,2013-09-30,2013-10-31,CL,-0.028140397720721536,-0.014960993607355366,-0.19028410372971366,0.011343557115678733,CL:176500,101.9,-0.05446516192345452
39,2013-09-27,2013-09-30,2013-10-31,HO,-0.0036200750684916468,-0.02184548521316343,-0.19053959362929207,0.009622748485774204,HO:99798,2.9681,-0.004278831575755593
39,2013-09-27,2013-09-30,2013-10-31,RB,0.07362130688908661,-0.020154720220891154,-0.2034927667256303,0.011306119329818565,RB:288050,2.6104,-0.008197977321483196
39,2013-09-27,2013-09-30,2013-10-31,NG,-0.3197069745059647,-0.006066583157163685,-0.046469711063762464,0.015509846513184312,NG:116979,3.72,-0.042204301075268846
39,2013-09-27,2013-09-30,2013-10-31,GC,0.01504429811340642,-0.0023879623856247756,-2.088279998438708,0.012035822295536586,GC:118470,1328.9,-0.004515012416284159
39,2013-09-27,2013-09-30,2013-10-31,SI,-0.05158155033067603,-0.016620660575632384,-1.3910895126448342,0.02030284395482489,SI:118471,21.735,0.008281573498964745
39,2013-09-27,2013-09-30,2013-10-31,HG,-0.02307552727784091,0.0028522783795242868,0.1849049295982598,0.010812699104438196,HG:172733,3.3215,-0.006021375884389557
39,2013-09-27,2013-09-30,2013-10-31,PL,0.0144044253741563,0.01850543443893804,0.049973038035063796,0.011180966045291441,PL:71372,1405.4,0.03337128219723917
39,2013-09-27,2013-09-30,2013-10-31,PA,-0.04845605883914961,,-0.7123377054092352,0.01172285235132132,PA:97192,723.3,0.01997787916493854
39,2013-09-27,2013-09-30,2013-10-31,ZC,-0.020122245712121553,-0.03318462142802592,0.374032866273505,0.019753375091456707,ZC:361413,442.25,-0.03222159412097225
39,2013-09-27,2013-09-30,2013-10-31,ZW,-0.02352871164430216,-0.004414337527951395,-0.4786180689190272,0.010458728303332863,ZW:345738,679.5,-0.017292126563649757
39,2013-09-27,2013-09-30,2013-10-31,KE,,,,,,,
39,2013-09-27,2013-09-30,2013-10-31,ZS,-0.007699885953983396,0.027980378660153793,0.303029795905212,0.01563302059449217,ZS:671373,1284.25,-0.014405294919213496
39,2013-09-27,2013-09-30,2013-10-31,ZM,-0.07951444314020671,0.0546123610182121,0.032606556503749114,0.021835239505154112,ZM:827470,405.3,-0.004194423883543075
39,2013-09-27,2013-09-30,2013-10-31,ZL,-0.03600639622010798,-0.013344185214615,0.4482937528459374,0.010285953666718002,ZL:667788,41.08,0.0058422590068161195
39,2013-09-27,2013-09-30,2013-10-31,LE,-0.04010718457264082,-0.016102875744182454,0.40485539726138436,0.004276833139792545,LE:22874,131.775,0.009675583380762687
39,2013-09-27,2013-09-30,2013-10-31,GF,-0.007294309779770393,-0.023142653948525438,-0.0021876542232137247,0.004778024044001549,GF:253122,165.05,-0.0009088155104514106
39,2013-09-27,2013-09-30,2013-10-31,HE,-0.09049429107187233,0.1924828511986918,0.007179871162934517,0.009672627017057163,HE:52078,86.15,0.03685432385374354
40,2013-10-30,2013-10-31,2013-11-29,CL,-0.02314439815870087,-0.028245976724899036,-0.13869029631353702,0.011102721664528647,CL:655870,96.59,-0.039445077130137673
40,2013-10-30,2013-10-31,2013-11-29,HO,-0.027237808464044756,-0.022265768957507537,-0.20963576670266046,0.009620215981597673,HO:278612,2.96,0.02398648648648649
40,2013-10-30,2013-10-31,2013-11-29,RB,0.05511398477541323,-0.012838138166857194,-0.19400134209510506,0.012401185830508131,RB:3265,2.5954,0.026624027124913185
40,2013-10-30,2013-10-31,2013-11-29,NG,-0.1102893818304369,-0.0063090689761775565,-0.15015369867777406,0.014296590276896316,NG:126492,3.641,0.08596539412249382
40,2013-10-30,2013-10-31,2013-11-29,GC,0.026227339729823072,-0.0026424637689165253,-1.9383799332228087,0.012239143142962526,GC:99832,1323.7,-0.054619626803656396
40,2013-10-30,2013-10-31,2013-11-29,SI,0.09092732188072536,-0.02211136297624583,-1.4045429269116139,0.01879929893761309,SI:86654,21.93,-0.08800729594163248
40,2013-10-30,2013-10-31,2013-11-29,HG,0.002532101928000811,0.004836066003937822,0.17809840712246072,0.009684826735908841,HG:48993,3.3055,-0.02420208743004082
40,2013-10-30,2013-10-31,2013-11-29,PL,0.02299494052519901,0.018723396444968565,0.02305954815419702,0.010564227603237837,PL:71372,1452.3,-0.06217723610824211
40,2013-10-30,2013-10-31,2013-11-29,PA,,,-0.7013706748437573,0.01143348848586562,PA:279262,739.65,-0.028256607855066562
40,2013-10-30,2013-10-31,2013-11-29,ZC,-0.015093609310102965,-0.03265622905080523,0.39417232726236595,0.01802200212306204,ZC:637548,438.75,-0.03076923076923077
40,2013-10-30,2013-10-31,2013-11-29,ZW,-0.1109565177779935,-0.0036535035506151115,-0.40329407896873715,0.010776262258366668,ZW:140015,679.75,-0.01618242000735559
40,2013-10-30,2013-10-31,2013-11-29,KE,,,,,,,
40,2013-10-30,2013-10-31,2013-11-29,ZS,0.01239120217290067,0.032440147048392265,0.304850771744131,0.0143170107436897,ZS:671373,1265.75,0.05609322536045824
40,2013-10-30,2013-10-31,2013-11-29,ZM,0.043253929201430286,0.06155535033582482,0.002880024687349191,0.018150757583920204,ZM:628788,396.3,0.10446631339894008
40,2013-10-30,2013-10-31,2013-11-29,ZL,-0.0035115797122254114,-0.012898464165231216,0.4406182413936815,0.012138535770500431,ZL:747785,41.61,-0.028839221341023902
40,2013-10-30,2013-10-31,2013-11-29,LE,-0.2455660316591697,-0.010520950133044438,0.37512931721787357,0.0042978078476372415,LE:97937,134.35,-0.0003721622627463894
40,2013-10-30,2013-10-31,2013-11-29,GF,0.07261654614587555,-0.03521118779004129,0.0339435737574473,0.005194909056095847,GF:26320,164.575,0.004405286343612369
40,2013-10-30,2013-10-31,2013-11-29,HE,-0.08137935432942568,0.18381992202054787,-0.019320920401871274,0.009917442091780972,HE:52078,89.325,-0.04282115869017633
41,2013-11-27,2013-11-29,2013-12-31,CL,-0.025985609929370077,-0.030531654057740498,-0.06551710523702117,0.009449314518300419,CL:706802,93.07,0.06049210271838401
41,2013-11-27,2013-11-29,2013-12-31,HO,-0.013010865484249921,-0.015639274882990994,-0.22133835590376266,0.009752038667865228,HO:86238,3.0274,0.01301446786021021
41,2013-11-27,2013-11-29,2013-12-31,RB,0.6096659698379944,-0.016856203858196084,-0.13017874863910392,0.012424728293025615,RB:65602,2.6751,0.04250308399685987
41,2013-11-27,2013-11-29,2013-12-31,NG,-0.08742352160406967,0.0020750210097826294,-0.15907586092408205,0.01461622394390471,NG:126493,3.96,0.06868686868686869
41,2013-11-27,2013-11-29,2013-12-31,GC,-0.0006339486531541272,-0.0026453010297410318,-1.8378446350445972,0.011500471898938835,GC:99832,1251.4,-0.037238293111715004
41,2013-11-27,2013-11-29,2013-12-31,SI,,-0.010060884082978339,-1.3320431177551306,0.01580806126549003,SI:60401,20.015,-0.029477891581313975
41,2013-11-27,2013-11-29,2013-12-31,HG,0.04198516359902389,0.004344385348491686,0.18614900595327927,0.00923216790646303,HG:54323,3.214,0.06160547604231481
41,2013-11-27,2013-11-29,2013-12-31,PL,,0.017749608857101307,0.033199602161775046,0.009459436908974333,PL:420261,1367.8,0.004605936540429845
41,2013-11-27,2013-11-29,2013-12-31,PA,,-0.005043930854979672,-0.6575897059391923,0.010646061431721757,PA:279262,718.75,-0.0036173913043479056
41,2013-11-27,2013-11-29,2013-12-31,ZC,-0.00879977305957251,-0.027229141017126923,0.38437319551915544,0.010930924302185683,ZC:637548,425.25,-0.00881834215167554
41,2013-11-27,2013-11-29,2013-12-31,ZW,-0.06736691522763638,-0.0014627523131085507,-0.4123750580253363,0.008985848675770954,ZW:140015,668.75,-0.09495327102803741
41,2013-11-27,2013-11-29,2013-12-31,KE,,,,,,,
41,2013-11-27,2013-11-29,2013-12-31,ZS,0.043533441560631186,0.04743782581053235,0.2860251228338989,0.011388848500571539,ZS:348497,1318.75,-0.02199052132701418
41,2013-11-27,2013-11-29,2013-12-31,ZM,0.10997950461294193,0.07323367593680663,0.08175188035804924,0.01702504250749059,ZM:436415,425.0,-0.019294117647058795
41,2013-11-27,2013-11-29,2013-12-31,ZL,0.003824270243854705,-0.011203552458311283,0.5393019355850462,0.010652319850568776,ZL:555413,40.81,-0.04435187454055389
41,2013-11-27,2013-11-29,2013-12-31,LE,-0.28927453811699483,-0.017585732140584676,0.3276590646629884,0.004415396811932904,LE:97937,134.3,0.002606105733432562
41,2013-11-27,2013-11-29,2013-12-31,GF,0.06614382142228939,-0.028959054972516385,-3.0248896498032978e-05,0.005414679314898641,GF:26320,165.3,0.008318209316394487
41,2013-11-27,2013-11-29,2013-12-31,HE,0.33418839755081353,0.0969106237012114,-0.015235974600359144,0.00870818997406546,HE:57483,90.525,-0.05412869373101359
42,2013-12-30,2013-12-31,2014-01-31,CL,-0.038747922642484306,-0.03248092942809655,-0.04543799023114898,0.00857659740461256,CL:756241,98.8,-0.01406882591093117
42,2013-12-30,2013-12-31,2014-01-31,HO,-0.012996899650637588,-0.015776940190479816,-0.3278666676047071,0.008775492245464972,HO:484495,3.0557,-0.018882743724842
42,2013-12-30,2013-12-31,2014-01-31,RB,-0.7202509351867875,-0.017202291974749206,-0.12289316101964991,0.010661772056858029,RB:148305,2.794,-0.056907659269864075
42,2013-12-30,2013-12-31,2014-01-31,NG,0.33565954442136137,0.019798372945216247,-0.12426872312231423,0.016692838793851125,NG:126494,4.195,0.16495828367103682
42,2013-12-30,2013-12-31,2014-01-31,GC,0.0369244377111782,-0.0024484604326786563,-1.7888949327039771,0.008832956880171631,GC:128149,1205.8,0.03300713219439366
42,2013-12-30,2013-12-31,2014-01-31,SI,0.03482897264930772,-0.0077709539116618265,-1.3304342938040241,0.014142661399272276,SI:60401,19.425,-0.01441441441441449
42,2013-12-30,2013-12-31,2014-01-31,HG,-0.009504978671397905,0.011036744176782354,0.1671894890574907,0.007639258908270896,HG:178756,3.399,-0.06045895851721106
42,2013-12-30,2013-12-31,2014-01-31,PL,,0.017077369280308674,0.044868932300137186,0.00814847089591415,PL:420261,1374.1,0.004584819154355602
42,2013-12-30,2013-12-31,2014-01-31,PA,,-0.003792863665661783,-0.6981938376201599,0.009627044667515513,PA:279262,716.15,-0.018082803881868226
42,2013-12-30,2013-12-31,2014-01-31,ZC,-0.02604888848335417,-0.02684569540453252,0.3818276728137881,0.010185957399488618,ZC:637548,421.5,0.03084223013048626
42,2013-12-30,2013-12-31,2014-01-31,ZW,-0.020323496958933672,-0.004267880870465479,-0.3548656855313857,0.008002272108101565,ZW:140015,605.25,-0.08261049153242461
42,2013-12-30,2013-12-31,2014-01-31,KE,-0.0024489118626406896,,,,KE:365616,640.75,-0.040187280530628144
42,2013-12-30,2013-12-31,2014-01-31,ZS,0.009576441450144718,0.0587558012209235,0.26519494852481634,0.008933746067070508,ZS:348497,1289.75,-0.004652064353556917
42,2013-12-30,2013-12-31,2014-01-31,ZM,0.05863534180446034,0.09333538663996732,0.0576942684391316,0.013948030979547058,ZM:436415,416.8,0.021833013435700543
42,2013-12-30,2013-12-31,2014-01-31,ZL,0.010063760253172287,-0.008632367051338519,0.5485573516209346,0.010412400218650902,ZL:555413,39.0,-0.033076923076923004
42,2013-12-30,2013-12-31,2014-01-31,LE,0.19394990870869852,-0.02182770681856383,0.2698894727803819,0.004410670809411153,LE:237704,135.25,0.03937153419593331
42,2013-12-30,2013-12-31,2014-01-31,GF,0.02095299952910728,-0.03285024793753344,-0.0004698870511734613,0.005083544035320223,GF:6854,167.475,0.011942080907598074
42,2013-12-30,2013-12-31,2014-01-31,HE,0.6220477606506323,0.04905504622804635,0.03018331709787525,0.007653098820294511,HE:57483,85.625,0.007591240875912453
43,2014-01-30,2014-01-31,2014-02-28,CL,-0.008587537789019065,-0.025544997673933034,-0.06335908851664357,0.009677158922152231,CL:819161,96.7,0.06266804550155114
43,2014-01-30,2014-01-31,2014-02-28,HO,0.06869856911789975,0.00409067257833351,-0.36202287817922796,0.00840384517056932,HO:676873,2.937,0.029758256724548904
43,2014-01-30,2014-01-31,2014-02-28,RB,-0.007500276000449717,-0.019995933711585145,-0.08321574920634149,0.00977884386168619,RB:340528,2.8164,0.05844340292572081
43,2014-01-30,2014-01-31,2014-02-28,NG,0.22370626173363328,0.13831388897330066,0.03120754521206472,0.029132368434808452,NG:126495,4.432,0.037906137184115396
43,2014-01-30,2014-01-31,2014-02-28,GC,-0.00048134599699717036,-0.0011413122329604342,-1.7364286942847182,0.009636489418928085,GC:128149,1245.6,0.06663455362877335
43,2014-01-30,2014-01-31,2014-02-28,SI,,-0.008623424435229676,-1.2772885281613413,0.014614818309282825,SI:51529,19.22,0.10639958376690961
43,2014-01-30,2014-01-31,2014-02-28,HG,0.018567200855361232,0.004916969855650044,0.18230121460964716,0.0075227857477598616,HG:17843,3.1955,0.003285870755750153
43,2014-01-30,2014-01-31,2014-02-28,PL,0.1092738553088485,0.020308592631888223,-0.008085330378290977,0.009598493642336704,PL:420261,1380.4,0.04824688496088081
43,2014-01-30,2014-01-31,2014-02-28,PA,,-0.00490850176548796,-0.7970807109672897,0.008482067645406011,PA:90792,706.4,0.053227633069082625
43,2014-01-30,2014-01-31,2014-02-28,ZC,-0.01784317503595602,-0.022223518322553315,0.43054771928503965,0.011336411997511875,ZC:445173,440.0,0.0517045454545455
43,2014-01-30,2014-01-31,2014-02-28,ZW,0.05122901455609434,-0.00016849745246028114,-0.36097078477525946,0.009573325763738517,ZW:847480,557.0,0.07809694793536814
43,2014-01-30,2014-01-31,2014-02-28,KE,0.16436183954058403,,,,KE:880868,609.0,0.10221674876847286
43,2014-01-30,2014-01-31,2014-02-28,ZS,-0.3259995361390535,0.05419748622980758,0.24489466688089953,0.009496385062869869,ZS:156126,1269.25,0.11443766003545397
43,2014-01-30,2014-01-31,2014-02-28,ZM,-0.2682401756447043,0.11256721096115441,0.020371581339360047,0.01529256629997881,ZM:120309,410.7,0.1132213294375457
43,2014-01-30,2014-01-31,2014-02-28,ZL,-0.03227837820877967,-0.007890521025002761,0.555715741402334,0.00829784950348439,ZL:871540,38.0,0.1010526315789475
43,2014-01-30,2014-01-31,2014-02-28,LE,0.2673135324774694,0.0025222334835104387,0.2091429959839844,0.004976842140216898,LE:237704,140.575,0.032722745865196634
43,2014-01-30,2014-01-31,2014-02-28,GF,0.01489325940242079,-0.02645237002280676,0.017511339113680583,0.005038057671244275,GF:6854,169.475,0.014013866351969329
43,2014-01-30,2014-01-31,2014-02-28,HE,-0.6842572881489999,0.006270142217686292,0.046655527352660466,0.006713595694983003,HE:71370,94.825,0.12681254943316622
44,2014-02-27,2014-02-28,2014-03-31,CL,0.03365197461320371,-0.030351781576650083,0.10974563548560176,0.00863667899404106,CL:856634,101.97,-0.005393743257820938
44,2014-02-27,2014-02-28,2014-03-31,HO,0.006358776108510572,0.017319751863653532,-0.3514419297534607,0.008429007991259783,HO:663362,2.9929,-0.02175147849911463
44,2014-02-27,2014-02-28,2014-03-31,RB,-0.03373772615927147,-0.023322787465609784,-0.04897991196122027,0.009315823825027783,RB:351093,2.9706,-0.020063286878071795
44,2014-02-27,2014-02-28,2014-03-31,NG,0.04171121260010548,0.09075233605112376,-0.05476057249133576,0.03271295854455446,NG:126496,4.542,-0.03566710700132103
44,2014-02-27,2014-02-28,2014-03-31,GC,0.0017978396526088017,-0.002126553099397799,-0.3167758361974278,0.008222368925542452,GC:107772,1328.8,-0.033037326911498965
44,2014-02-27,2014-02-28,2014-03-31,SI,-0.019735113473540733,-0.018706131339962573,-0.28159008218181797,0.013321846527294377,SI:51529,21.265,-0.07077357159652009
44,2014-02-27,2014-02-28,2014-03-31,HG,0.010840333234039332,0.009405734218027262,0.48475857360349356,0.006135404341196766,HG:197556,3.1905,-0.04905187274721845
44,2014-02-27,2014-02-28,2014-03-31,PL,,0.019563409159794043,-0.2933395835339843,0.008615078569800752,PL:6508,1446.9,-0.02052664316815267
44,2014-02-27,2014-02-28,2014-03-31,PA,-0.00880496425417799,-0.007117921405298988,-0.49134168729671684,0.008235656333330421,PA:90792,744.0,0.041397849462365466
44,2014-02-27,2014-02-28,2014-03-31,ZC,-0.045862104173947135,-0.03555134486720246,0.4029941901859981,0.010477176221243816,ZC:445173,462.75,0.08427876823338742
44,2014-02-27,2014-02-28,2014-03-31,ZW,0.02292114746133672,-0.005934973161417334,-0.27234343918387494,0.012585384630481831,ZW:847480,600.5,0.16153205661948378
44,2014-02-27,2014-02-28,2014-03-31,KE,0.10032141811165343,,,,KE:880868,671.25,0.13817504655493473
44,2014-02-27,2014-02-28,2014-03-31,ZS,-0.3744521652083249,0.059161200900837985,0.16105298516755412,0.00865424451816055,ZS:156126,1414.5,0.03358077059031461
44,2014-02-27,2014-02-28,2014-03-31,ZM,-0.35665165809521915,0.12753616503721377,-0.050875665143178046,0.012532291852754302,ZM:120309,457.2,0.048337707786526796
44,2014-02-27,2014-02-28,2014-03-31,ZL,-0.06760692184346437,-0.004110433123557522,0.5903843824749849,0.00859441495788571,ZL:871540,41.84,-0.03632887189292555
44,2014-02-27,2014-02-28,2014-03-31,LE,0.22427434545430297,0.009875595615880028,0.25910596106402733,0.0056692611122827,LE:424322,134.5,0.02230483271375472
44,2014-02-27,2014-02-28,2014-03-31,GF,-0.00451862223098385,-0.03541901683217774,0.07412352416798751,0.0050994934353848585,GF:19652,173.325,0.025674311264964667
44,2014-02-27,2014-02-28,2014-03-31,HE,-0.42721526859808956,0.05443505787452141,0.1173208665280906,0.0085618380430186,HE:71370,106.85,0.17875526438933087
45,2014-03-28,2014-03-31,2014-04-30,CL,-0.014600940894736097,-0.030768857174594988,0.08026416939291625,0.008923206660165169,CL:176504,100.61,-0.008846039161117147
45,2014-03-28,2014-03-31,2014-04-30,HO,0.009062375132267047,0.017904795967286335,-0.4114909912845331,0.008219188660090755,HO:471026,2.9202,0.0019861653311417093
45,2014-03-28,2014-03-31,2014-04-30,RB,-0.03176784651980118,-0.01766075606395412,-0.040084140343715734,0.009110969306482981,RB:437237,2.8925,0.023647363872082883
45,2014-03-28,2014-03-31,2014-04-30,NG,-0.07745308019073871,0.08183018376557416,-0.043060508110510466,0.03146928804307213,NG:126497,4.407,0.0875879282958929
45,2014-03-28,2014-03-31,2014-04-30,GC,-0.006010163475449161,-0.0028370950571403597,-0.4498986969246671,0.008301001982154405,GC:107772,1284.9,0.00552572184605804
45,2014-03-28,2014-03-31,2014-04-30,SI,,-0.014312202762576831,-0.38234480267629656,0.012419244703718718,SI:71572,19.8,-0.028535353535353636
45,2014-03-28,2014-03-31,2014-04-30,HG,0.02573688833025354,0.009460068323258852,-0.3561886319496792,0.010110862497684739,HG:36843,3.033,-0.00032970656116049213
45,2014-03-28,2014-03-31,2014-04-30,PL,,0.022547446183845743,-0.39264621504313585,0.007900876035456129,PL:6508,1417.2,0.006915043748235927
45,2014-03-28,2014-03-31,2014-04-30,PA,-0.034088604729721285,-0.002719497550855099,-0.53456237852368,0.009168302448196627,PA:90792,774.8,0.04497934950955096
45,2014-03-28,2014-03-31,2014-04-30,ZC,0.034045364766236166,-0.04240923896074078,0.5486313205395493,0.011891771647900241,ZC:640057,506.5,0.025172754195458946
45,2014-03-28,2014-03-31,2014-04-30,ZW,-0.010663193120852649,0.0010520913887215322,0.594272971203213,0.017909402140872274,ZW:524605,700.75,0.029967891544773417
45,2014-03-28,2014-03-31,2014-04-30,KE,0.0127658836201795,,,,KE:688493,765.25,0.06239790918000643
45,2014-03-28,2014-03-31,2014-04-30,ZS,-0.47862463393862936,0.06378472337339591,0.14784588904889728,0.009945834091610217,ZS:248460,1428.5,0.05827791389569481
45,2014-03-28,2014-03-31,2014-04-30,ZM,-0.11544965257998863,0.1494748505649952,-0.05851621069709802,0.0129606633584075,ZM:168756,463.6,0.0632010353753234
45,2014-03-28,2014-03-31,2014-04-30,ZL,-0.0698389510470059,-0.005849950437467499,0.6825539621772702,0.01081325289268701,ZL:616793,40.53,0.041204046385393545
45,2014-03-28,2014-03-31,2014-04-30,LE,0.32766854331604167,0.02464102436656801,0.19566354383042578,0.005897918486569337,LE:424322,137.5,-0.0009090909090908594
45,2014-03-28,2014-03-31,2014-04-30,GF,-0.0715344864637577,-0.048363177457488415,0.010490736468085501,0.00522304739269012,GF:95597,178.625,0.015115465360391767
45,2014-03-28,2014-03-31,2014-04-30,HE,-0.6627992355097728,0.14088780029840287,0.44064726384833997,0.01182771844639181,HE:279844,123.875,-0.05065590312815338
46,2014-04-29,2014-04-30,2014-05-30,CL,0.004925431334197178,-0.034715975835655444,0.15369983555878608,0.008138271631076171,CL:856639,99.11,0.03854303299364359
46,2014-04-29,2014-04-30,2014-05-30,HO,-0.00040442536355513384,0.02118400799519704,-0.31035368374328287,0.007652415548458318,HO:409113,2.9207,-0.010511178826993484
46,2014-04-29,2014-04-30,2014-05-30,RB,-0.025169186029034146,-0.0059648078484708655,0.022056908286101243,0.008142825164298734,RB:458560,2.926,0.01678058783321923
46,2014-04-29,2014-04-30,2014-05-30,NG,-0.0652880804101867,0.08887932844261615,-0.03757143229237306,0.02034300506002256,NG:126498,4.821,-0.055175274839245
46,2014-04-29,2014-04-30,2014-05-30,GC,-0.003694439431372982,-0.0029458512952039717,0.11270502129606605,0.007466909897484443,GC:75820,1292.4,-0.031723924481584675
46,2014-04-29,2014-04-30,2014-05-30,SI,,-0.012942488688216236,-0.03487292478780667,0.01186043787339002,SI:71572,19.235,-0.019755653756173608
46,2014-04-29,2014-04-30,2014-05-30,HG,0.011491770364000117,0.008809481448638246,-0.3939815677962395,0.010002363455230553,HG:109334,3.0235,0.03737390441541266
46,2014-04-29,2014-04-30,2014-05-30,PL,-0.04766252585007296,0.011755017569200499,0.12709173376691152,0.007016748987190703,PL:6508,1427.0,0.01892081289418357
46,2014-04-29,2014-04-30,2014-05-30,PA,,-0.003933905497411239,0.027079255060539716,0.010764892276122777,PA:145553,811.9,0.03128464096563621
46,2014-04-29,2014-04-30,2014-05-30,ZC,0.0331687843509598,-0.00953604910581074,0.37540833670335055,0.011383859688572074,ZC:640057,519.25,-0.10399614829080406
46,2014-04-29,2014-04-30,2014-05-30,ZW,0.00942829200958336,0.0044464919374404,0.5295132351382653,0.01859021024989343,ZW:524605,721.75,-0.1295462417734673
46,2014-04-29,2014-04-30,2014-05-30,KE,0.002928167549767973,,,0.016943307339902885,KE:688493,813.0,-0.11039360393603936
46,2014-04-29,2014-04-30,2014-05-30,ZS,-0.5189428817761402,0.053009749761044445,0.11176607340242889,0.01034092914948816,ZS:248460,1511.75,-0.013560443194972738
46,2014-04-29,2014-04-30,2014-05-30,ZM,-0.13631314853096144,0.12196501687933603,-0.09060146780024153,0.011015880383164554,ZM:168756,492.9,0.013795901805640165
46,2014-04-29,2014-04-30,2014-05-30,ZL,-0.0443717549220655,-0.009604155672931158,0.7611191334301555,0.011910399872009043,ZL:616793,42.2,-0.08886255924170616
46,2014-04-29,2014-04-30,2014-05-30,LE,-0.07801758472465987,0.004700521894550169,0.16600501517099983,0.005854882488059505,LE:105641,136.1,0.018552534900808215
46,2014-04-29,2014-04-30,2014-05-30,GF,-0.028275499955015534,-0.05863312093335482,0.034447812264870585,0.005163800984114325,GF:48653,187.475,0.05214028537138282
46,2014-04-29,2014-04-30,2014-05-30,HE,-0.0802328383749597,0.1318243919786728,0.4130735203120913,0.014228708847806991,HE:279845,123.225,-0.0799350781091499
47,2014-05-29,2014-05-30,2014-06-30,CL,-0.007047011640808357,-0.03273688449899259,0.09530585651120381,0.006622836794673005,CL:819165,102.13,0.03260550279056096
47,2014-05-29,2014-05-30,2014-06-30,HO,0.012874786638023527,0.02121313081849574,-0.3423686597645131,0.006544437852960569,HO:216740,2.8945,0.02753498013473843
47,2014-05-29,2014-05-30,2014-06-30,RB,-0.5212263614713623,-0.005069395621301709,-0.019328273861869815,0.007816471681301602,RB:534043,2.9408,0.03437840043525586
47,2014-05-29,2014-05-30,2014-06-30,NG,0.05689933681237599,0.09523273833627632,-0.11453324242387072,0.015458304679281831,NG:126499,4.53,-0.020309050772627013
47,2014-05-29,2014-05-30,2014-06-30,GC,0.006671272215216315,-0.00273969298184229,0.0930258950473617,0.007236422255303587,GC:75820,1251.4,0.060572159181716545
47,2014-05-29,2014-05-30,2014-06-30,SI,,-0.010355687366854438,0.00968947197810126,0.00989284537117005,SI:71572,18.855,0.11800583399628728
47,2014-05-29,2014-05-30,2014-06-30,HG,0.010999880748197716,0.013573418594285624,-0.5274167513240615,0.007589782371227135,HG:8857,3.1315,0.02107616158390546
47,2014-05-29,2014-05-30,2014-06-30,PL,,0.015170256473648447,0.16276644219944508,0.0069190719377654215,PL:137612,1454.3,0.022347521144193028
47,2014-05-29,2014-05-30,2014-06-30,PA,,-0.019719037135223605,-0.28185016356277487,0.011034072075233272,PA:145553,837.3,0.008181058163143407
47,2014-05-29,2014-05-30,2014-06-30,ZC,0.08881144783463489,0.0002761670359825441,0.42941320182811427,0.013265277019174425,ZC:383307,457.0,-0.08752735229759301
47,2014-05-29,2014-05-30,2014-06-30,ZW,-0.023197103797942445,-0.0019746752212621566,0.6324441416705175,0.018218050600758737,ZW:739556,640.25,-0.09957048028114013
47,2014-05-29,2014-05-30,2014-06-30,KE,-0.03910671777106235,,,0.01736917276451824,KE:827180,731.25,-0.04341880341880344
47,2014-05-29,2014-05-30,2014-06-30,ZS,0.9355109863162381,0.03323847180584183,0.07669320997561223,0.012029838417511002,ZS:94251,1421.5,-0.06630320084417873
47,2014-05-29,2014-05-30,2014-06-30,ZM,0.13064984504408184,0.1222251952800153,-0.1276660572376648,0.012189574627280072,ZM:827941,472.9,-0.0911397758511312
47,2014-05-29,2014-05-30,2014-06-30,ZL,-0.018057828762991876,-0.011726531929306838,0.7484900650558286,0.011849993774176693,ZL:679161,38.58,0.009331259720062102
47,2014-05-29,2014-05-30,2014-06-30,LE,-0.033587255928705845,0.010929481342274894,0.32235898666930834,0.0059750978929442086,LE:105641,138.625,0.0869251577998198
47,2014-05-29,2014-05-30,2014-06-30,GF,-0.0400177026272862,-0.06450473392476952,0.2114831604818798,0.0058411546180367055,GF:48653,197.25,0.08656527249683132
47,2014-05-29,2014-05-30,2014-06-30,HE,-1.369586491961136,0.008971958966681237,0.4450756652654646,0.01397438283994061,HE:26318,120.35,0.09929372663066083
48,2014-06-27,2014-06-30,2014-07-31,CL,-0.0031680780875413123,-0.03683658443053317,0.028934688217108036,0.006816369243532951,CL:756242,104.84,-0.06571919114841662
48,2014-06-27,2014-06-30,2014-07-31,HO,-0.0018739952361368287,0.018746520004252476,-0.3237030681066036,0.007117466193441404,HO:601489,2.9845,-0.03364047579158991
48,2014-06-27,2014-06-30,2014-07-31,RB,0.5040623087229974,-0.004456249859197126,-0.061472570279105306,0.007204156470650111,RB:29229,3.0053,-0.07313745715901909
48,2014-06-27,2014-06-30,2014-07-31,NG,0.1230608235913034,0.10402881653748941,-0.034889255956927046,0.01580324353660585,NG:126500,4.418,-0.13444997736532371
48,2014-06-27,2014-06-30,2014-07-31,GC,-5.3013213141583134e-05,-0.003578001324668012,0.13641871173863346,0.006837941145225198,GC:237954,1327.6,-0.03321783669780043
48,2014-06-27,2014-06-30,2014-07-31,SI,0.0832407522184977,-0.013068076046024224,-0.07024990538327079,0.010234058069161186,SI:71572,21.08,-0.032258064516129004
48,2014-06-27,2014-06-30,2014-07-31,HG,0.0032679865631001885,0.008721622166133036,-0.6219474875370841,0.007086364607953336,HG:191665,3.2045,0.00873771259166789
48,2014-06-27,2014-06-30,2014-07-31,PL,-0.045467804504844736,0.0156656695827484,-0.14285970803999704,0.007648173603454227,PL:137612,1486.8,-0.014864137745493666
48,2014-06-27,2014-06-30,2014-07-31,PA,-0.09456922380537303,-0.015387197744090697,-0.6727265624782038,0.010256518226083314,PA:145553,844.15,0.03388023455547007
48,2014-06-27,2014-06-30,2014-07-31,ZC,0.05345489828271384,-0.01881174644761341,0.4434372956882324,0.012316703795196766,ZC:383307,417.0,-0.1432853717026379
48,2014-06-27,2014-06-30,2014-07-31,ZW,0.018535894308121886,-0.00024174154933864767,0.6091542612548808,0.0140630610938095,ZW:739556,576.5,-0.07979184735472677
48,2014-06-27,2014-06-30,2014-07-31,KE,0.0028935093923607436,,,0.01466807799600607,KE:827180,699.5,-0.10471765546819156
48,2014-06-27,2014-06-30,2014-07-31,ZS,0.20819830690081165,-0.020605109041577085,0.07976702772391384,0.011108673668807191,ZS:801876,1190.0,-0.07689075630252096
48,2014-06-27,2014-06-30,2014-07-31,ZM,0.5665044182940357,0.05713611469924351,-0.10484424861439776,0.011693597890433477,ZM:505047,390.7,-0.07550550294343483
48,2014-06-27,2014-06-30,2014-07-31,ZL,0.02227295160163771,-0.017039771592443964,0.7104661682106032,0.01188720834480237,ZL:617293,39.03,-0.07250832692800402
48,2014-06-27,2014-06-30,2014-07-31,LE,0.0010656830087969404,0.023667546250479177,0.6712199158067216,0.0073726337972525,LE:49320,153.85,0.017062073448163906
48,2014-06-27,2014-06-30,2014-07-31,GF,-0.061103926462995006,-0.07157223663539303,0.5675652000238249,0.007290421346499041,GF:48653,214.325,0.02589525253703484
48,2014-06-27,2014-06-30,2014-07-31,HE,0.05164362790197363,0.019433399275690544,0.4776955723775276,0.012307641830537437,HE:6799,132.75,-0.11073446327683623
49,2014-07-30,2014-07-31,2014-08-29,CL,0.01315732510354907,-0.029799774361360276,-0.08873039527922023,0.008347422416616599,CL:706811,97.08,-0.012772970745776657
49,2014-07-30,2014-07-31,2014-08-29,HO,-0.0029378892018181377,0.015427418157614947,-0.27625437942200837,0.00696974733006838,HO:793866,2.8925,-0.012480553154710528
49,2014-07-30,2014-07-31,2014-08-29,RB,0.05023416841317342,-0.016916376986668147,-0.17884362850077498,0.007491536971287549,RB:561055,2.6429,-0.007567444852245697
49,2014-07-30,2014-07-31,2014-08-29,NG,0.06114988281136585,0.08853452418081154,-0.010302946115029044,0.01482616252774749,NG:126501,3.848,0.06133056133056125
49,2014-07-30,2014-07-31,2014-08-29,GC,-0.0005399818761910799,-0.00498625121092533,-0.09155542534532334,0.007092214888004206,GC:237954,1283.5,0.0030385664199454876
49,2014-07-30,2014-07-31,2014-08-29,SI,,-0.01626912541726755,0.03077187218119608,0.010086668788363996,SI:177101,20.455,-0.04619897335614753
49,2014-07-30,2014-07-31,2014-08-29,HG,0.005500223643876009,-0.00554239174574489,-0.7565904024395426,0.006544759444626023,HG:21512,3.2365,-0.028116792831762605
49,2014-07-30,2014-07-31,2014-08-29,PL,0.01995051658242938,0.016210351529015732,-0.22477451315495478,0.006728554124489445,PL:137612,1464.7,-0.0271727998907626
49,2014-07-30,2014-07-31,2014-08-29,PA,,-0.005816472303786346,-0.6898396492812066,0.008083304257516884,PA:128353,872.4,0.038972948188904066
49,2014-07-30,2014-07-31,2014-08-29,ZC,0.0011565102425696583,-0.008575896280561879,0.3790816452626099,0.013718781503006488,ZC:692825,367.0,-0.0027247956403270157
49,2014-07-30,2014-07-31,2014-08-29,ZW,-0.013366734636298033,-0.009987659859740039,0.35910136883694765,0.014555069267855278,ZW:547181,549.75,0.024101864483856206
49,2014-07-30,2014-07-31,2014-08-29,KE,-0.026099946787641392,,,0.013689588323411475,KE:504305,639.25,0.00430191630817367
49,2014-07-30,2014-07-31,2014-08-29,ZS,-0.008739462202880514,-0.001160291027749727,0.11506029234445934,0.011731068175834237,ZS:873933,1080.5,-0.051827857473391914
49,2014-07-30,2014-07-31,2014-08-29,ZM,0.005577462619715284,0.007903244560406142,0.10722063578595646,0.012893145986742776,ZM:296928,350.3,0.032829003711104754
49,2014-07-30,2014-07-31,2014-08-29,ZL,0.018760298994438596,-0.006876969457357052,0.6019970327361314,0.011611691256646918,ZL:452519,36.27,-0.11634960022056817
49,2014-07-30,2014-07-31,2014-08-29,LE,-0.0348908202385878,0.03598449510154422,0.26557090745345174,0.008368397072324077,LE:49320,156.475,-0.03163444639718793
49,2014-07-30,2014-07-31,2014-08-29,GF,-0.02717969146073318,-0.05896773465685001,0.23903301975200555,0.008213628847804228,GF:13930,219.9,-0.004206457480673054
49,2014-07-30,2014-07-31,2014-08-29,HE,0.3114426630482474,-0.030349385474714108,0.40094938581074696,0.011281724169599622,HE:153896,102.8,-0.04207198443579774
50,2014-08-28,2014-08-29,2014-09-30,CL,0.03543846517986056,-0.021835118391056563,-0.14936169841441305,0.00851850557695871,CL:655885,94.94,-0.03707604803033493
50,2014-08-28,2014-08-29,2014-09-30,HO,-0.008688678480630811,0.01801470987051368,-0.26606667418785807,0.007271483487430626,HO:670116,2.8635,-0.06932076130609399
50,2014-08-28,2014-08-29,2014-09-30,RB,0.03961971813568567,-0.009919417460936941,-0.2950118925519116,0.008172942933724078,RB:247628,2.5872,-0.054962894248608674
50,2014-08-28,2014-08-29,2014-09-30,NG,-0.031159992264168462,0.09030041243745601,-0.04762832630143228,0.015024534721884539,NG:126502,4.129,-0.0016953257447323011
50,2014-08-28,2014-08-29,2014-09-30,GC,0.0015065420705669226,-0.004728966963992942,-0.25028084088912395,0.006953871512618913,GC:152343,1288.0,-0.06180124223602479
50,2014-08-28,2014-08-29,2014-09-30,SI,,-0.0025829935901590106,0.047833087212282084,0.009886302322769483,SI:177101,19.51,-0.1312147616606869
50,2014-08-28,2014-08-29,2014-09-30,HG,0.0466441521156235,-0.005877699804672343,-0.5877392058271264,0.007566345428082543,HG:168433,3.152,-0.0466370558375635
50,2014-08-28,2014-08-29,2014-09-30,PL,,0.013936641378756276,-0.25525379122125497,0.005384696196466164,PL:109637,1427.2,-0.09382006726457404
50,2014-08-28,2014-08-29,2014-09-30,PA,-0.013470561218019064,-0.006643094232895441,-0.7499172550757078,0.007324541394408566,PA:128353,906.4,-0.14800308914386584
50,2014-08-28,2014-08-29,2014-09-30,ZC,-0.00982797587759962,-0.009442113485469195,-0.11878742384265284,0.013937062820041235,ZC:692825,366.0,-0.12568306010928965
50,2014-08-28,2014-08-29,2014-09-30,ZW,-0.039696001007189924,0.0010561589987021502,0.2863770603723129,0.01583808763534778,ZW:547181,563.0,-0.15008880994671403
50,2014-08-28,2014-08-29,2014-09-30,KE,-0.007518978349309029,,,0.014001059852924987,KE:504305,642.0,-0.13045171339563866
50,2014-08-28,2014-08-29,2014-09-30,ZS,-0.0003047202299545429,-0.008692257352427846,-0.36574292228474936,0.010590887977606723,ZS:873933,1024.5,-0.10956564177647632
50,2014-08-28,2014-08-29,2014-09-30,ZM,0.11034492496876577,0.0451372197181934,-0.21479840243597745,0.013844090702377408,ZM:613051,349.5,-0.14706723891273243
50,2014-08-28,2014-08-29,2014-09-30,ZL,-0.04965034558127221,-0.004986697615590341,0.43945162480478395,0.012084528250206478,ZL:851858,32.19,0.010251630941286338
50,2014-08-28,2014-08-29,2014-09-30,LE,-0.045224085991650106,0.020814544457643525,-0.3436980707207506,0.010196364380266434,LE:49360,154.075,0.06263183514522153
50,2014-08-28,2014-08-29,2014-09-30,GF,-0.0397039806096816,-0.040632781280281804,-0.19926384614723852,0.009765717355365534,GF:104270,217.375,0.08326624496837254
50,2014-08-28,2014-08-29,2014-09-30,HE,0.28492915452981254,-0.06750465930648053,0.42451420385368477,0.013065481999459016,HE:153896,98.475,0.09570957095709587
51,2014-09-29,2014-09-30,2014-10-31,CL,0.018944583459066702,-0.007323584766355085,0.008664753872864658,0.010819639343197447,CL:176501,90.54,-0.10868124585818428
51,2014-09-29,2014-09-30,2014-10-31,HO,0.009066468250072311,0.018544279396146002,-0.2156704581981726,0.007834435947802473,HO:539615,2.6707,-0.058935859512487365
51,2014-09-29,2014-09-30,2014-10-31,RB,0.09279132543462416,0.006262130252312259,-0.3722571791052546,0.009267547823750177,RB:187312,2.3931,-0.10212694830972391
51,2014-09-29,2014-09-30,2014-10-31,NG,-0.23839307148523528,0.10460128287994386,-0.017042998964050142,0.016866316734885794,NG:126503,4.189,-0.07686798758653623
51,2014-09-29,2014-09-30,2014-10-31,GC,0.006975271659874628,-0.002363245714818385,-0.18648052885903005,0.00656547719401915,GC:152343,1208.4,-0.028881165177093715
51,2014-09-29,2014-09-30,2014-10-31,SI,-0.06541182365040032,-0.005021403291295856,0.037018891655986694,0.009586077427697279,SI:177101,16.95,-0.04601769911504405
51,2014-09-29,2014-09-30,2014-10-31,HG,-0.05609952678146485,-0.0021488841088304067,-0.5719767996975548,0.008593238357795576,HG:140144,3.0075,0.014962593516209655
51,2014-09-29,2014-09-30,2014-10-31,PL,0.0008058268005357166,0.005939246464046755,-0.20500742136975453,0.005286546104160766,PL:1117,1303.0,-0.04850345356868768
51,2014-09-29,2014-09-30,2014-10-31,PA,,-0.005887123809703798,-0.9003807185442421,0.01030279771265479,PA:128353,772.25,0.027452249919067695
51,2014-09-29,2014-09-30,2014-10-31,ZC,0.00321973090297209,-0.00876574324342605,-0.09040371372729111,0.012771890758892207,ZC:692825,320.0,0.17578125
51,2014-09-29,2014-09-30,2014-10-31,ZW,-0.0031022100868923763,0.0013138122147638986,0.3004024168630806,0.015930933943877918,ZW:547181,478.5,0.11128526645768022
51,2014-09-29,2014-09-30,2014-10-31,KE,-0.0049930345277391305,,,0.01290649830430631,KE:504305,558.25,0.060008956560680726
51,2014-09-29,2014-09-30,2014-10-31,ZS,0.0009062150320236911,-0.006053592700299371,-0.37782681093333126,0.010314856870082476,ZS:786065,920.0,0.13315217391304346
51,2014-09-29,2014-09-30,2014-10-31,ZM,0.05250463312680281,0.03419753093939759,-0.2275452398542287,0.014182829410487067,ZM:613051,298.1,0.29788661522978854
51,2014-09-29,2014-09-30,2014-10-31,ZL,-0.03876978476337288,-0.002298048022222776,0.4661941212329672,0.012600890894923708,ZL:851858,32.52,0.06734317343173424
51,2014-09-29,2014-09-30,2014-10-31,LE,-0.03236127963064845,0.03692303358925719,-0.18845427935844639,0.010462932375117263,LE:49360,163.725,0.015269506794930443
51,2014-09-29,2014-09-30,2014-10-31,GF,0.12165602843477659,-0.054296455240472774,-0.16205863763989448,0.00928053325999133,GF:120126,235.025,-0.001808318264014508
51,2014-09-29,2014-09-30,2014-10-31,HE,0.3081957698279765,-0.02379683653380904,0.3017466978773869,0.014486230834095393,HE:122575,94.25,-0.06419098143236068
52,2014-10-30,2014-10-31,2014-11-28,CL,0.02775272477711091,-0.001864398618395935,-0.34029005786616534,0.013684598629118673,CL:101721,80.56,-0.18085898709036752
52,2014-10-30,2014-10-31,2014-11-28,HO,-0.026602972202927597,0.021077208557312543,-0.24497095667971203,0.008919221262811885,HO:347243,2.5094,-0.13899736988921652
52,2014-10-30,2014-10-31,2014-11-28,RB,0.07013004953221152,0.005480032083853392,-0.4811247617137999,0.012644277681152675,RB:816559,2.1449,-0.15138234882745105
52,2014-10-30,2014-10-31,2014-11-28,NG,-0.19934646339639917,0.09256499264733753,0.0736348339740826,0.015769564689424767,NG:126504,3.956,0.032355915065722884
52,2014-10-30,2014-10-31,2014-11-28,GC,0.0014783029490253244,-0.0038976442416790436,-0.03153903824402145,0.006337776253282778,GC:90781,1173.9,-0.006900076667518684
52,2014-10-30,2014-10-31,2014-11-28,SI,-0.03187111351600403,0.0001244381353546764,0.16677258613607113,0.01088988961095893,SI:26132,16.125,-0.044651162790697696
52,2014-10-30,2014-10-31,2014-11-28,HG,-0.07509378694469264,0.0003375737334896378,-0.583069017949181,0.0092157042696837,HG:381217,3.048,-0.061515748031496065
52,2014-10-30,2014-10-31,2014-11-28,PL,0.03340321531833236,0.012111736515683202,-0.22939115696251225,0.006592204663807165,PL:109637,1238.0,-0.030694668820678506
52,2014-10-30,2014-10-31,2014-11-28,PA,,0.006619740597206603,-0.589023480004629,0.013446201018052831,PA:103885,793.45,0.02003906988468085
52,2014-10-30,2014-10-31,2014-11-28,ZC,-0.0325259818639186,-0.012176418210629203,0.05557316173443335,0.016265807208534495,ZC:407417,388.75,0.0012861736334404128
52,2014-10-30,2014-10-31,2014-11-28,ZW,0.00414216436678945,0.007708041656452225,0.21798433504335082,0.014610470874841961,ZW:485307,544.75,0.06195502524093621
52,2014-10-30,2014-10-31,2014-11-28,KE,-0.07159733468117392,,0.1971295061411079,0.012722230939637758,KE:504203,597.0,0.07286432160804024
52,2014-10-30,2014-10-31,2014-11-28,ZS,0.004431866415680684,-0.0018055184280818537,-0.04893162971622986,0.01372693125829911,ZS:786065,1042.5,-0.027338129496402908
52,2014-10-30,2014-10-31,2014-11-28,ZM,0.2629241516538817,0.08389285958971748,0.45962045967178616,0.021064072278721375,ZM:604109,364.3,0.0035684875102937053
52,2014-10-30,2014-10-31,2014-11-28,ZL,-0.010224630317902543,-0.00188930816874755,0.5534171536588296,0.014501834020908957,ZL:530357,34.92,-0.07359679266895758
52,2014-10-30,2014-10-31,2014-11-28,LE,-0.3471432526354986,0.026262152513954806,-0.17249067762208403,0.010403740077592632,LE:49474,166.25,0.0189473684210526
52,2014-10-30,2014-10-31,2014-11-28,GF,0.0665453332122717,-0.046639298667352724,-0.18239663474946044,0.009975598607703178,GF:74785,228.9,0.011140235910878094
52,2014-10-30,2014-10-31,2014-11-28,HE,0.07355811714903349,-0.04024138815821621,0.27853346281329505,0.01629218550448719,HE:122575,88.2,0.01729024943310642
53,2014-11-26,2014-11-28,2014-12-30,CL,-0.011369147150006054,-0.0019115405315156542,-0.2468316114379277,0.01527820919493884,CL:201012,66.21,-0.18864219906358548
53,2014-11-26,2014-11-28,2014-12-30,HO,-0.001087505952277655,0.02482377187982121,-0.18641207011079763,0.010250413013842701,HO:24807,2.146,-0.14468779123951536
53,2014-11-26,2014-11-28,2014-12-30,RB,0.8801975430085209,0.008640885621238215,-0.5229269379545683,0.013455380571429214,RB:402569,1.8238,-0.1981028621559382
53,2014-11-26,2014-11-28,2014-12-30,NG,-1.4960707265577464,0.09104306804652884,0.07140226001191519,0.021559440207802413,NG:126505,4.08,-0.23602941176470593
53,2014-11-26,2014-11-28,2014-12-30,GC,-0.0021710245277781004,-0.003804557622892113,0.10425097189869185,0.009163433216327593,GC:90781,1165.8,0.029593412249099282
53,2014-11-26,2014-11-28,2014-12-30,SI,,0.0015918551293668814,0.1981897129600668,0.013784956032427385,SI:19199,15.45,0.05177993527508096
53,2014-11-26,2014-11-28,2014-12-30,HG,0.03860656378719172,-0.0052338592592140465,-0.5924077839637094,0.009191957860130337,HG:507630,2.855,0.0019264448336251405
53,2014-11-26,2014-11-28,2014-12-30,PL,,0.002100862019818739,-0.17608477451935536,0.00865644379421408,PL:158316,1201.5,0.012900540990428588
53,2014-11-26,2014-11-28,2014-12-30,PA,,-0.007540167005040788,-0.5059100770272847,0.014233359802570438,PA:103885,809.35,-0.00531290541792806
53,2014-11-26,2014-11-28,2014-12-30,ZC,-0.020923686939167435,-0.011134414842959073,0.03755000316917413,0.01670315408876074,ZC:407417,389.25,0.04367373153500331
53,2014-11-26,2014-11-28,2014-12-30,ZW,-0.02691098483557442,0.008744310145787249,0.20577392570348957,0.01431090413950197,ZW:485307,578.5,0.04235090751944681
53,2014-11-26,2014-11-28,2014-12-30,KE,-0.02410609056154727,,0.22739718619151061,0.013044981717969048,KE:504203,640.5,-0.005854800936768156
53,2014-11-26,2014-11-28,2014-12-30,ZS,-0.007193307914096284,-0.00233772892960582,0.01071985660803662,0.015448994694330477,ZS:593689,1020.5,0.02155805977462033
53,2014-11-26,2014-11-28,2014-12-30,ZM,0.12142217188479874,0.07660104466950468,0.43509268772542825,0.023039865313273875,ZM:473607,349.8,0.00857632933104635
53,2014-11-26,2014-11-28,2014-12-30,ZL,-0.012471574729692722,0.0007323472397342545,0.4621115178360018,0.01438046744223749,ZL:468484,32.44,0.020653514180024812
53,2014-11-26,2014-11-28,2014-12-30,LE,-0.22610608991199502,0.04358076678959577,-0.2048057790299308,0.00872716671218887,LE:49474,169.4,-0.023760330578512456
53,2014-11-26,2014-11-28,2014-12-30,GF,0.05600545001645921,-0.054086416099174084,-0.22095696273664422,0.008323729308881476,GF:74785,231.45,-0.05379131561892414
53,2014-11-26,2014-11-28,2014-12-30,HE,0.23541831692743695,-0.000819924697621266,0.21990670405848153,0.01498103820080184,HE:77509,87.825,-0.06945630515229162
54,2014-12-29,2014-12-30,2015-01-30,CL,-0.058385511926727765,-0.0058332050793745704,-0.003748817074998032,0.021319841413237384,CL:250614,54.16,-0.11650664697193491
54,2014-12-29,2014-12-30,2015-01-30,HO,0.071056126258387,0.0215226159368741,-0.21703785682040783,0.01496941237372184,HO:731989,1.8237,-0.07517683829577237
54,2014-12-29,2014-12-30,2015-01-30,RB,-1.488381123521208,-0.004679524685859082,-0.5691673889223668,0.018011492446661486,RB:162142,1.4976,-0.02116720085470092
54,2014-12-29,2014-12-30,2015-01-30,NG,0.27593393520885484,0.046339457634758774,-0.16956703847096774,0.026662883813411635,NG:126506,3.116,-0.14152759948652127
54,2014-12-29,2014-12-30,2015-01-30,GC,,-0.0033916426556271917,0.8388757931081248,0.011872850910627317,GC:149695,1200.7,0.06912634296660292
54,2014-12-29,2014-12-30,2015-01-30,SI,,0.0017632903792645926,1.6202604641185903,0.022920839752164343,SI:19199,16.25,0.06369230769230771
54,2014-12-29,2014-12-30,2015-01-30,HG,-0.06604891707920568,-0.0052194619603371795,-0.36002293643693467,0.01109123465358365,HG:135879,2.851,-0.1236408277797264
54,2014-12-29,2014-12-30,2015-01-30,PL,,-0.0005156647158002237,0.1736173756239803,0.010712577590638216,PL:158316,1217.0,0.019474116680361586
54,2014-12-29,2014-12-30,2015-01-30,PA,,-0.012425674373160112,-0.4944569133213335,0.010917634574971944,PA:103885,805.05,-0.04229550959567718
54,2014-12-29,2014-12-30,2015-01-30,ZC,-0.03399725914958503,-0.010732762520677008,0.0341627892741971,0.015445548555720424,ZC:407417,406.25,-0.0873846153846154
54,2014-12-29,2014-12-30,2015-01-30,ZW,-0.024355771068540397,0.018886792331694102,0.19645530965387445,0.016851091999917637,ZW:485307,603.0,-0.1658374792703151
54,2014-12-29,2014-12-30,2015-01-30,KE,0.025013457159147018,-0.012751654480188446,0.2623322686504822,0.015847389917533344,KE:504203,636.75,-0.1527287004318807
54,2014-12-29,2014-12-30,2015-01-30,ZS,-0.01013814628030596,-0.0007757795252265609,-0.022148608147274852,0.01588024469898577,ZS:593689,1042.5,-0.07793764988009588
54,2014-12-29,2014-12-30,2015-01-30,ZM,0.09749588939127624,0.07881051305107967,0.44020400100967705,0.022400572182896008,ZM:473607,352.8,-0.06264172335600915
54,2014-12-29,2014-12-30,2015-01-30,ZL,-0.003822587563411556,0.00220215057714801,0.21510662736770067,0.014483896025142167,ZL:468484,33.11,-0.0936273029296284
54,2014-12-29,2014-12-30,2015-01-30,LE,0.22795964725494672,0.03849334932540227,-0.20954701093752592,0.008799892423214859,LE:94887,164.35,-0.07453605111043504
54,2014-12-29,2014-12-30,2015-01-30,GF,-0.008289872579821521,-0.040678477503530264,-0.2265164422113419,0.008858112635074335,GF:25887,217.4,-0.05542778288868455
54,2014-12-29,2014-12-30,2015-01-30,HE,0.371402984001609,0.033112591125445956,0.2057216985628428,0.013333573112372276,HE:77509,81.725,-0.1722239216885897
55,2015-01-29,2015-01-30,2015-02-27,CL,0.010137262698144578,-0.010964971482426478,0.020996459341882726,0.02592828019495303,CL:301158,48.53,0.02039975273026995
55,2015-01-29,2015-01-30,2015-02-27,HO,0.09288679897685004,0.010919172304151181,-0.206680807129888,0.01666378790349515,HO:154869,1.6655,0.18150705493845698
55,2015-01-29,2015-01-30,2015-02-27,RB,-0.09076963533296423,-0.005582000279930943,0.17843988746280898,0.02282051762627433,RB:262382,1.683,0.17403446226975627
55,2015-01-29,2015-01-30,2015-02-27,NG,0.05968739808458512,-0.02094654591168743,0.1992100070580511,0.0320029482502163,NG:126507,2.676,0.012705530642750373
55,2015-01-29,2015-01-30,2015-02-27,GC,-0.01709737107095159,-0.004282646354283326,0.8748994037584095,0.011429198589717363,GC:149695,1283.7,-0.05452987458128844
55,2015-01-29,2015-01-30,2015-02-27,SI,-0.015509557030324453,0.007014775940731854,1.282520327564885,0.024631306581145724,SI:19199,17.285,-0.038472664159675984
55,2015-01-29,2015-01-30,2015-02-27,HG,0.02405641871649064,-0.0005028057027691712,-0.29344014537649493,0.01455103934347304,HG:18724,2.5035,0.07908927501497898
55,2015-01-29,2015-01-30,2015-02-27,PL,0.1067399117552144,0.0024832482591220506,0.11233269376221093,0.010040796704241498,PL:158316,1240.7,-0.04247602160070929
55,2015-01-29,2015-01-30,2015-02-27,PA,,-0.0023338275971354072,-0.7230785648596058,0.011820486431148691,PA:105271,772.3,0.06053347144891874
55,2015-01-29,2015-01-30,2015-02-27,ZC,-0.015224405714435105,-0.01624511238976123,-0.11894847677819329,0.014093848460163504,ZC:469287,378.75,0.03366336633663369
55,2015-01-29,2015-01-30,2015-02-27,ZW,0.04080146194260717,0.008530740211815324,0.2543836873119257,0.017370290871499657,ZW:292936,507.25,0.008871365204534243
55,2015-01-29,2015-01-30,2015-02-27,KE,0.06962746371261297,-0.026506734929873876,0.3154895261491531,0.016147105040582036,KE:311827,542.0,-0.0073800738007380184
55,2015-01-29,2015-01-30,2015-02-27,ZS,-0.045677371259840276,0.0008455531379334413,0.06456519622310675,0.015379291284857344,ZS:387805,968.0,0.06456611570247928
55,2015-01-29,2015-01-30,2015-02-27,ZM,-0.003122415148460768,0.0580070701898725,0.5626640243062924,0.02031915896734073,ZM:727857,324.2,0.0530536705737199
55,2015-01-29,2015-01-30,2015-02-27,ZL,-0.008671201508572347,-0.0017854488040415228,0.11105128314623913,0.015103686495320475,ZL:366659,30.15,0.09353233830845764
55,2015-01-29,2015-01-30,2015-02-27,LE,0.26639257298771785,0.0037230628804838517,-0.229513920602625,0.009045737861568997,LE:94887,152.1,0.0
55,2015-01-29,2015-01-30,2015-02-27,GF,-0.0002041725605166217,-0.04851685057403987,-0.2727501637763124,0.010017984539857196,GF:25887,205.35,-0.01485269052836613
55,2015-01-29,2015-01-30,2015-02-27,HE,-0.5243809762371937,0.03057576817582741,0.14455535135221328,0.01343476596553523,HE:108875,72.325,-0.06256481161424132
56,2015-02-26,2015-02-27,2015-03-31,CL,-0.022440306144078714,-0.019235720939144996,0.2928889293830251,0.029598498053811772,CL:350597,51.92,-0.08301232665639446
56,2015-02-26,2015-02-27,2015-03-31,HO,0.03554430035605674,0.022592372050919685,0.5411358998611656,0.020755018444036894,HO:862490,1.9228,-0.11082795922612865
56,2015-02-26,2015-02-27,2015-03-31,RB,-0.037366871812694866,0.004689696075815708,0.5403511319465512,0.024673178349060555,RB:416386,1.9614,-0.0947792393188539
56,2015-02-26,2015-02-27,2015-03-31,NG,-0.007048673517331794,-0.023408743495814455,0.12546609763201055,0.0317229945399373,NG:126508,2.752,-0.039970930232558044
56,2015-02-26,2015-02-27,2015-03-31,GC,0.018302259384822793,-0.003227043050975209,0.764282413693679,0.009719532095946701,GC:140855,1214.5,-0.025524907369287808
56,2015-02-26,2015-02-27,2015-03-31,SI,0.01051949191332265,0.006326822598006543,1.054751015334918,0.017822780980936273,SI:19199,16.62,-0.00030084235860428077
56,2015-02-26,2015-02-27,2015-03-31,HG,0.015894524230784114,-0.0024660518068750914,-0.05210127740029015,0.01436961957060578,HG:108656,2.69,0.019702602230483146
56,2015-02-26,2015-02-27,2015-03-31,PL,,-0.0006890523133774584,-0.0005707593905160666,0.009035958760371639,PL:1234,1189.5,-0.04169819251786455
56,2015-02-26,2015-02-27,2015-03-31,PA,,-0.008212413437752364,-0.6582829545171321,0.01205602143558304,PA:105271,819.05,-0.1030462120749649
56,2015-02-26,2015-02-27,2015-03-31,ZC,-0.01915467379631841,-0.01627755636401096,-0.010455386749732051,0.013631356364778684,ZC:469287,391.5,-0.03895274584929753
56,2015-02-26,2015-02-27,2015-03-31,ZW,0.04480240454112507,0.010406452028764113,0.3256703473350254,0.017784940403161562,ZW:292936,511.75,0.0019540791402052893
56,2015-02-26,2015-02-27,2015-03-31,KE,0.07093827349162027,-0.01727051097462784,0.4415036536557278,0.016620911184548358,KE:311827,538.0,0.042286245353159835
56,2015-02-26,2015-02-27,2015-03-31,ZS,-0.05761702266218779,-0.003868783014947863,0.11894777270608582,0.013208321573352118,ZS:387805,1030.5,-0.05604075691411936
56,2015-02-26,2015-02-27,2015-03-31,ZM,0.002261402978935484,0.053858978985402484,0.5883919568017462,0.015815059817669844,ZM:727857,341.4,-0.04510837727006434
56,2015-02-26,2015-02-27,2015-03-31,ZL,-0.017154585967755438,-0.0028137673066275237,0.1472753540964135,0.014398278234368926,ZL:366659,32.97,-0.07552320291173786
56,2015-02-26,2015-02-27,2015-03-31,LE,0.19101772564737918,-0.007954665269900962,-0.2084196598005738,0.011079385180391454,LE:167086,144.075,0.059864653826132264
56,2015-02-26,2015-02-27,2015-03-31,GF,0.07494837927503822,-0.025780637668714856,-0.27515308675221,0.01184559033196554,GF:6037,200.725,0.08743305517499067
56,2015-02-26,2015-02-27,2015-03-31,HE,-1.5288033335044573,-0.04286579286369885,0.14754981045440538,0.017091747469915628,HE:108875,67.8,-0.0829646017699115
57,2015-03-30,2015-03-31,2015-04-30,CL,-0.0671756040027694,-0.021987864339466867,0.3096931051813776,0.028135058935288216,CL:176505,49.35,0.20729483282674765
57,2015-03-30,2015-03-31,2015-04-30,HO,-0.06449498275313978,0.02374142050847272,0.538057159162494,0.021135602392647324,HO:44639,1.719,0.15061082024432815
57,2015-03-30,2015-03-31,2015-04-30,RB,-0.030869741018168195,0.008869331411661352,0.5369731373544552,0.021789800712244903,RB:80676,1.7653,0.15900980003398835
57,2015-03-30,2015-03-31,2015-04-30,NG,-0.1364865455341816,-0.026352637742170226,0.14816142596283502,0.02294768389157601,NG:126509,2.691,0.014864362690449662
57,2015-03-30,2015-03-31,2015-04-30,GC,0.001007816857631081,-0.00412569013047015,0.7299834380218603,0.008404069687074618,GC:140855,1183.5,0.00016899028305883412
57,2015-03-30,2015-03-31,2015-04-30,SI,0.004226116329137893,0.00695863628646709,1.0670218382928967,0.0154190029481432,SI:151729,16.68,-0.03477218225419654
57,2015-03-30,2015-03-31,2015-04-30,HG,-0.002333977518624784,-0.006485163285504414,0.19464619778101327,0.014927872939075045,HG:22223,2.74,0.04945255474452548
57,2015-03-30,2015-03-31,2015-04-30,PL,0.08870724081670217,-0.004404152032138731,0.16576961167358245,0.009330445379954973,PL:3929,1127.0,0.015084294587400127
57,2015-03-30,2015-03-31,2015-04-30,PA,,-0.009488349366682969,-0.6229652251616516,0.01387650240192331,PA:105271,734.65,0.05907575035731294
57,2015-03-30,2015-03-31,2015-04-30,ZC,-0.022758623309785217,-0.01440012318269246,-0.02605222062312884,0.013242559233021521,ZC:252799,384.0,-0.046875
57,2015-03-30,2015-03-31,2015-04-30,ZW,0.00010657823771992314,0.008406381027914134,0.1689803953734859,0.017444315729808608,ZW:519545,515.0,-0.07669902912621362
57,2015-03-30,2015-03-31,2015-04-30,KE,-0.014945645571727284,-0.00898882660907796,0.37256270783637224,0.016991812356255787,KE:888950,565.25,-0.11499336576735952
57,2015-03-30,2015-03-31,2015-04-30,ZS,-0.16471118950793934,-0.006877630522164613,0.20772750334456344,0.011819948917763907,ZS:170002,977.5,-0.000511508951406614
57,2015-03-30,2015-03-31,2015-04-30,ZM,-0.011360895736400228,0.037906176256440105,0.6772071477068431,0.014562268132048344,ZM:889805,324.1,-0.023449552607220037
57,2015-03-30,2015-03-31,2015-04-30,ZL,-0.0038968933120232807,-0.001781755158644649,0.12826590058410123,0.013663166091781533,ZL:424911,30.71,0.031911429501791044
57,2015-03-30,2015-03-31,2015-04-30,LE,0.16372441216677797,-0.00734891480696076,-0.1756822379877111,0.01126882250459834,LE:167086,152.7,-0.019155206286836868
57,2015-03-30,2015-03-31,2015-04-30,GF,-0.07648077237255113,-0.02830722191121371,-0.20106736961055519,0.012437418644363877,GF:128150,216.9,-0.016021207929921566
57,2015-03-30,2015-03-31,2015-04-30,HE,-1.0521637680015958,-0.03204488816273898,0.17895062692678462,0.020186487902317488,HE:97816,68.975,0.12758245741210605
58,2015-04-29,2015-04-30,2015-05-29,CL,-0.038418982314307945,-0.020834141578667476,0.2994546860986505,0.022412746389858667,CL:401155,60.7,-0.007742998352553654
58,2015-04-29,2015-04-30,2015-05-29,HO,0.04101327572094546,0.02679216848157495,0.4798798876383532,0.019195748063400447,HO:752268,1.9837,-0.01996269597217326
58,2015-04-29,2015-04-30,2015-05-29,RB,-0.05828791245672685,0.004459714730758235,0.4983354861268074,0.020140645547110092,RB:31954,2.0316,0.015062020082693417
58,2015-04-29,2015-04-30,2015-05-29,NG,-0.05293704562413896,-0.02259645826866674,0.137556389618758,0.020058504929909085,NG:126510,2.786,-0.05168700646087587
58,2015-04-29,2015-04-30,2015-05-29,GC,0.0059574218508940974,-0.004059529105693738,0.6966798693705575,0.007627639644927093,GC:49895,1184.5,0.0050654284508231395
58,2015-04-29,2015-04-30,2015-05-29,SI,-0.0039803801652061686,0.0028975266707310654,1.0686383423077095,0.013502107571777801,SI:151729,16.1,0.03788819875776395
58,2015-04-29,2015-04-30,2015-05-29,HG,0.01265737556592213,-0.006755642502927484,0.12917356223911705,0.012595234023611868,HG:183562,2.878,-0.04968728283530233
58,2015-04-29,2015-04-30,2015-05-29,PL,-0.011311927768530216,0.006027430222101837,0.20588017617840842,0.009371342190321414,PL:1234,1142.6,-0.027393663574304172
58,2015-04-29,2015-04-30,2015-05-29,PA,,-0.007019200910256873,-0.46552657317474033,0.01224118082392156,PA:1014,778.85,-0.002375296912114022
58,2015-04-29,2015-04-30,2015-05-29,ZC,0.0024350338998429533,-0.012260150100292466,-0.08304101481737426,0.012707792543275573,ZC:252799,366.0,-0.0396174863387978
58,2015-04-29,2015-04-30,2015-05-29,ZW,0.02818470740206931,0.006223926798257007,0.09310994981252793,0.019054086956388272,ZW:519545,475.5,0.00525762355415349
58,2015-04-29,2015-04-30,2015-05-29,KE,0.011226735897581136,-0.014842230785797383,0.24807029411615195,0.01852518988441593,KE:888950,500.25,-0.002498750624687629
58,2015-04-29,2015-04-30,2015-05-29,ZS,-0.09719329600318138,-0.0030045596137380226,0.20935383527636295,0.009638827736454155,ZS:170002,977.0,-0.04375639713408397
58,2015-04-29,2015-04-30,2015-05-29,ZM,0.0031450506002565215,0.03848395978647723,0.6919157617250069,0.01260984699777,ZM:889805,316.5,-0.03191153238546607
58,2015-04-29,2015-04-30,2015-05-29,ZL,-0.011181463808530242,0.0013977003947002187,0.0738460947211297,0.011621284680784199,ZL:424911,31.69,0.049542442410855037
58,2015-04-29,2015-04-30,2015-05-29,LE,-0.02316686007579766,2.730802016648326e-05,-0.22610854239504924,0.011078723441542506,LE:98677,148.1,0.02312626603646195
58,2015-04-29,2015-04-30,2015-05-29,GF,-0.004477099683486113,0.0013703740162458455,-0.24587701426192465,0.011124648636377072,GF:9318,214.85,0.03804980218757281
58,2015-04-29,2015-04-30,2015-05-29,HE,-0.1232942106348456,-0.005061506608296629,0.10319586296048634,0.020215149296383423,HE:98152,81.95,0.02471018913971923
59,2015-05-28,2015-05-29,2015-06-30,CL,-0.006131390307678189,-0.01643406097265898,0.2965033504539796,0.020287456551334786,CL:450634,60.5,-0.02330578512396686
59,2015-05-28,2015-05-29,2015-06-30,HO,0.014176737949322407,0.02949895161339855,0.4669874056461453,0.017569460663723002,HO:429377,1.952,-0.036014344262295106
59,2015-05-28,2015-05-29,2015-06-30,RB,-0.7939362156494466,0.008733111037422803,0.4383340296063761,0.018682105775624014,RB:191894,2.0275,0.009321824907521759
59,2015-05-28,2015-05-29,2015-06-30,NG,0.15796740224115902,-0.0292154226775182,0.11090022726323404,0.01999196741161611,NG:126511,2.661,0.06087936865839905
59,2015-05-28,2015-05-29,2015-06-30,GC,0.004022937426469951,-0.005712841737652408,0.6994310114056066,0.007701166574706494,GC:49895,1190.5,-0.015455690886182372
59,2015-05-28,2015-05-29,2015-06-30,SI,-0.09414135110466897,0.003546152997273344,1.013692910332458,0.0144791319733608,SI:109892,16.755,-0.06505520740077586
59,2015-05-28,2015-05-29,2015-06-30,HG,-0.03438052774478271,-0.008368609239470137,0.15497788536885096,0.01261315476358452,HG:51514,2.7355,-0.040577590934015806
59,2015-05-28,2015-05-29,2015-06-30,PL,,0.004745230184524329,0.21188733678990745,0.009745683526364332,PL:2201,1113.0,-0.0301886792452829
59,2015-05-28,2015-05-29,2015-06-30,PA,,,-0.41151486415193506,0.012519199988572073,PA:1014,777.0,-0.1317889317889318
59,2015-05-28,2015-05-29,2015-06-30,ZC,-0.0006027072484701829,-0.016029255042662394,-0.09317760657682077,0.012043520584634555,ZC:792162,357.25,0.18124562631210628
59,2015-05-28,2015-05-29,2015-06-30,ZW,-0.0054200804364849114,0.01792124807086537,0.24333490485113432,0.021098436885752817,ZW:316925,483.0,0.2769151138716357
59,2015-05-28,2015-05-29,2015-06-30,KE,-0.033249919449325,-0.008251038567704039,0.42550060902229697,0.020895286586320817,KE:696576,507.75,0.19940915805022152
59,2015-05-28,2015-05-29,2015-06-30,ZS,0.1309724166078065,0.0030152911344712985,0.30789775037128925,0.008293663008785451,ZS:253217,919.75,0.1394400652351182
59,2015-05-28,2015-05-29,2015-06-30,ZM,0.027976737577378646,0.05056723874559277,0.7901901378656804,0.010774925272669657,ZM:665982,298.8,0.17670682730923692
59,2015-05-28,2015-05-29,2015-06-30,ZL,-0.029713509334015092,0.005668745499444294,0.10151715058766257,0.011514047288891731,ZL:853229,33.28,0.009915865384615419
59,2015-05-28,2015-05-29,2015-06-30,LE,-0.02363458140370886,-0.00044585508710270894,-0.2231435746647276,0.009143319186855278,LE:98677,151.525,-0.021778584392014633
59,2015-05-28,2015-05-29,2015-06-30,GF,-0.005236799935963196,0.012216921530533664,-0.23590555434572166,0.009194114315299479,GF:9318,223.025,-0.036094608227777214
59,2015-05-28,2015-05-29,2015-06-30,HE,-0.6136807936914964,0.061514820464218634,0.044139390527592276,0.016178295235745346,HE:131416,83.475,-0.09134471398622346
60,2015-06-29,2015-06-30,2015-07-31,CL,0.009868294453370147,-0.01599854669150813,0.3155735059701877,0.015102293576756218,CL:501280,59.45,-0.21328847771236337
60,2015-06-29,2015-06-30,2015-07-31,HO,-0.04668654820143592,0.02742618439978839,0.48756380661141635,0.015204071885869296,HO:559884,1.8943,-0.16407116085097406
60,2015-06-29,2015-06-30,2015-07-31,RB,0.8053438466548314,0.013733398018808352,0.4804390711971835,0.01608247377965667,RB:896928,1.9974,-0.11555021527986387
60,2015-06-29,2015-06-30,2015-07-31,NG,0.30085581020079,-0.02878054490395643,0.1640464514068665,0.021200785606381785,NG:126512,2.833,-0.042004941757853964
60,2015-06-29,2015-06-30,2015-07-31,GC,-0.006663330562553123,-0.0046727172903890946,0.7123338559597868,0.006821318186118207,GC:94881,1172.5,-0.06643923240938177
60,2015-06-29,2015-06-30,2015-07-31,SI,0.08025180705258182,0.0031594124212690478,0.9863122869144783,0.012355498856438399,SI:109892,15.665,-0.05777210341525696
60,2015-06-29,2015-06-30,2015-07-31,HG,0.011022482066759647,-0.0010020909019555768,0.11643402665980519,0.01092211293251876,HG:162221,2.6175,-0.1006685768863419
60,2015-06-29,2015-06-30,2015-07-31,PL,0.002462877403139335,-0.0003298654274092039,0.22173038856412705,0.008383410227501244,PL:2201,1079.4,-0.08884565499351504
60,2015-06-29,2015-06-30,2015-07-31,PA,0.1045364773177331,,-0.30655625969161987,0.009103725562537376,PA:1014,674.6,-0.09457456270382458
60,2015-06-29,2015-06-30,2015-07-31,ZC,-0.0026037881948779984,-0.0024316127013815914,-0.11731209717386316,0.013447345077334659,ZC:792162,422.0,-0.11907582938388628
60,2015-06-29,2015-06-30,2015-07-31,ZW,-0.01229701755681565,0.044979475282550196,0.24150833761766638,0.02229258490279262,ZW:316925,616.75,-0.19213619781110658
60,2015-06-29,2015-06-30,2015-07-31,KE,-0.04803582464280537,-0.01221837730482267,0.38943641194894374,0.021770844537863394,KE:696576,609.0,-0.19376026272577995
60,2015-06-29,2015-06-30,2015-07-31,ZS,0.053272461795032186,-0.0013737688253472324,0.28086202983989866,0.008947088697348175,ZS:772575,1039.75,-0.08415484491464298
60,2015-06-29,2015-06-30,2015-07-31,ZM,0.10959582002362935,0.059229072780059955,0.7047581731889917,0.012114878262762046,ZM:281232,347.7,-0.02473396606269762
60,2015-06-29,2015-06-30,2015-07-31,ZL,0.015829109604733823,0.004739152294659821,0.18246804612469159,0.012190699538929723,ZL:660857,33.71,-0.10857312370216554
60,2015-06-29,2015-06-30,2015-07-31,LE,-0.037219800478488205,-0.014138441040542071,-0.2681580123273074,0.00822528988453698,LE:5647,150.95,-0.02914872474329233
60,2015-06-29,2015-06-30,2015-07-31,GF,-0.01536048216118266,0.00871195421491433,-0.2811501249368724,0.008521079695594617,GF:9318,214.975,-0.01628096290266312
60,2015-06-29,2015-06-30,2015-07-31,HE,0.5063310576328732,0.05184126831433389,0.08720154714386719,0.011970944208685589,HE:5170,74.25,0.05757575757575761
61,2015-07-30,2015-07-31,2015-08-31,CL,0.008000612511054966,-0.016763968579575073,0.32422556329409635,0.016460844018190764,CL:550591,47.17,0.010811956752172946
61,2015-07-30,2015-07-31,2015-08-31,HO,0.050118017613336244,0.024028479330813646,0.40358271329361284,0.015393111938042011,HO:237002,1.5995,0.04276336355110977
61,2015-07-30,2015-07-31,2015-08-31,RB,0.2024406618867538,0.030164623394437484,0.4460357901265283,0.016377376807752735,RB:122059,1.5633,-0.06313567453463831
61,2015-07-30,2015-07-31,2015-08-31,NG,0.1634685288581793,-0.02810077540024425,0.14835209772510682,0.019034125561696705,NG:126513,2.745,-0.021129326047358954
61,2015-07-30,2015-07-31,2015-08-31,GC,0.001017165889034304,-0.0030463438852637026,0.6188420937226718,0.006324364365116782,GC:94881,1094.6,0.035994883975881686
61,2015-07-30,2015-07-31,2015-08-31,SI,0.03315242283762541,0.003847429675162717,0.9585469842184388,0.01056262304198282,SI:147496,14.77,-0.011509817197020933
61,2015-07-30,2015-07-31,2015-08-31,HG,-0.004320836022226365,0.006459810044523895,0.13023507271041307,0.011221458544706237,HG:25414,2.3555,-0.007217151347909345
61,2015-07-30,2015-07-31,2015-08-31,PL,,,0.05975920394400402,0.008184886272875756,PL:2201,983.5,0.02409761057447901
61,2015-07-30,2015-07-31,2015-08-31,PA,,,-0.3894406126823509,0.012741677184755018,PA:1165,611.0,-0.023731587561374834
61,2015-07-30,2015-07-31,2015-08-31,ZC,-0.018192500484861998,0.006824332058554372,0.2849677098946356,0.017959183263204594,ZC:60636,381.75,-0.017026850032743956
61,2015-07-30,2015-07-31,2015-08-31,ZW,-0.00958673211091672,0.03905461731378068,0.32442109178533385,0.02333341896921669,ZW:255018,503.75,-0.03523573200992558
61,2015-07-30,2015-07-31,2015-08-31,KE,-0.006692295999453535,-0.008832869228315277,0.4359385039189408,0.021778367105607092,KE:566073,510.75,-0.043563387175721946
61,2015-07-30,2015-07-31,2015-08-31,ZS,-0.047292262113984844,0.0192020214561206,0.49252785228301965,0.012864612878832003,ZS:863748,939.5,-0.057211282597126156
61,2015-07-30,2015-07-31,2015-08-31,ZM,-0.0012826670024757153,0.12709690962735354,0.7501883403195037,0.01423765371161286,ZM:697418,327.5,-0.0418320610687023
61,2015-07-30,2015-07-31,2015-08-31,ZL,0.03903271230179611,0.005854873995800869,0.11722988611819656,0.01459962331226781,ZL:102036,30.15,-0.07661691542288551
61,2015-07-30,2015-07-31,2015-08-31,LE,-0.06400723162078785,-0.017708823869583168,-0.13382572208676638,0.00717670073914238,LE:5647,146.55,-0.024394404640054712
61,2015-07-30,2015-07-31,2015-08-31,GF,0.03005343358654096,0.011502255295768982,-0.19312095080814537,0.008258928119113742,GF:5163,208.5,-0.031414868105515636
61,2015-07-30,2015-07-31,2015-08-31,HE,0.9008567529241582,0.0985552937873666,0.043922823420045096,0.011882660375166757,HE:5165,63.7,0.07339089481946615
62,2015-08-28,2015-08-31,2015-09-30,CL,-0.004474148919717258,-0.0180827537213194,0.480629843993705,0.021901356050601832,CL:601744,48.28,-0.060687655343827696
62,2015-08-28,2015-08-31,2015-09-30,HO,-0.006892410149735545,0.02410343700027029,0.5913266853277026,0.017974626876580236,HO:175137,1.6851,-0.08325915375942083
62,2015-08-28,2015-08-31,2015-09-30,RB,0.1942609568360279,0.01601494795376668,0.4314285597814528,0.01948109031877453,RB:237981,1.439,-0.04794996525364836
62,2015-08-28,2015-08-31,2015-09-30,NG,-0.16021884802288017,-0.019123360042303417,0.15075055735415835,0.01600588852424436,NG:126514,2.763,-0.08432862830256971
62,2015-08-28,2015-08-31,2015-09-30,GC,0.00920288271468585,-0.002908682870621848,0.6550016074104623,0.007754357288461491,GC:122816,1134.2,-0.017369070710633094
62,2015-08-28,2015-08-31,2015-09-30,SI,0.08656195915924199,0.008268754948594026,0.8123022886438872,0.014425507274649614,SI:147496,14.6,-0.006506849315068397
62,2015-08-28,2015-08-31,2015-09-30,HG,0.11983612289197487,0.00999946715787492,0.25540008298001904,0.012944269365687447,HG:60320,2.3345,0.001713428999785771
62,2015-08-28,2015-08-31,2015-09-30,PL,-0.007875855176942864,0.0009391893540149354,-0.32172066689159784,0.012376891125224316,PL:38983,1012.9,-0.10109586336262211
62,2015-08-28,2015-08-31,2015-09-30,PA,,,0.27215458323741376,0.0220618734367359,PA:1165,596.5,0.09371332774518026
62,2015-08-28,2015-08-31,2015-09-30,ZC,-0.02142365359938314,0.006092912957890051,0.196020423390611,0.019833912424517475,ZC:60636,375.25,0.035976015989340526
62,2015-08-28,2015-08-31,2015-09-30,ZW,-0.00017408442516794742,0.031226984650177037,0.355596090503399,0.021048829562516937,ZW:255018,486.0,0.05555555555555558
62,2015-08-28,2015-08-31,2015-09-30,KE,0.002516912676397018,-0.004868636031059581,0.47244533078432854,0.018593364922519444,KE:566073,488.5,0.028147389969293668
62,2015-08-28,2015-08-31,2015-09-30,ZS,-0.026820870734987876,0.016576563461573546,0.0986070658536591,0.01679419046003897,ZS:863748,885.75,0.007902907140841187
62,2015-08-28,2015-08-31,2015-09-30,ZM,0.02999227265724004,0.08642012823777079,0.5873098987872029,0.01737515815605362,ZM:374549,311.3,-0.007067137809187218
62,2015-08-28,2015-08-31,2015-09-30,ZL,-0.06978118722214272,0.003395894669908972,0.07011854956323933,0.014910997185187617,ZL:809800,28.07,-0.025293908086925554
62,2015-08-28,2015-08-31,2015-09-30,LE,-0.046306968883587526,-0.009642020549198493,-0.05369528688224932,0.007632983123807534,LE:7780,145.125,-0.10249784668389317
62,2015-08-28,2015-08-31,2015-09-30,GF,-0.03960211051967333,0.013787796959170207,-0.15221458013767794,0.00860152852893788,GF:24769,198.1,-0.10373548712771319
62,2015-08-28,2015-08-31,2015-09-30,HE,0.8184916113062837,0.14767975055488924,0.04345711439325812,0.016022621112116418,HE:5165,68.375,0.07129798903107853
63,2015-09-29,2015-09-30,2015-10-30,CL,0.05044902198908141,-0.016105016704417885,0.3840763527412767,0.02727524121516365,CL:176502,45.83,0.012219070477853089
63,2015-09-29,2015-09-30,2015-10-30,HO,-0.07249021155082407,0.021617479826673724,0.5353176273568628,0.02026320603327349,HO:882754,1.5623,-0.030531908084234782
63,2015-09-29,2015-09-30,2015-10-30,RB,0.18955843381394172,0.012386863610625687,0.3753693330093825,0.023869467718934338,RB:806885,1.3391,0.018893286535732967
63,2015-09-29,2015-09-30,2015-10-30,NG,-0.48480586215450605,-0.028514015401559956,0.2133526150618595,0.015067189466304084,NG:126515,2.706,-0.1481892091648188
63,2015-09-29,2015-09-30,2015-10-30,GC,-0.00870572943061593,-0.0049228903855257355,-0.06689776628771836,0.008109176141156499,GC:122816,1114.5,0.02440556303275021
63,2015-09-29,2015-09-30,2015-10-30,SI,-0.023850956206171545,0.0030829641409124697,-0.34553120925535086,0.01504164479881095,SI:147496,14.505,0.07100999655291274
63,2015-09-29,2015-09-30,2015-10-30,HG,0.033952613874105836,0.00867313867845676,0.16087715985140869,0.014949847103137955,HG:199046,2.339,-0.0098332620778111
63,2015-09-29,2015-09-30,2015-10-30,PL,0.013103441890992162,,-0.43201200320546496,0.014077990478576084,PL:70811,909.0,0.09548954895489548
63,2015-09-29,2015-09-30,2015-10-30,PA,,,0.6298881659978379,0.02437455485562967,PA:1165,652.4,0.03694052728387498
63,2015-09-29,2015-09-30,2015-10-30,ZC,-0.00913854223777423,0.01417269591596293,0.17444412729383174,0.017027866555983925,ZC:60636,388.75,-0.017363344051446905
63,2015-09-29,2015-09-30,2015-10-30,ZW,0.005843410815201393,0.03317736241494029,0.3015505607394273,0.01644690388036815,ZW:255018,513.0,0.01900584795321647
63,2015-09-29,2015-09-30,2015-10-30,KE,-0.006440683289562321,-0.01131741866226521,0.42892993362759957,0.014260726362142187,KE:566073,502.25,-0.014435042309606794
63,2015-09-29,2015-09-30,2015-10-30,ZS,-0.003794255371861701,0.02188192091529184,0.04674431741483775,0.015114449000854674,ZS:394610,894.75,-0.010896898575020963
63,2015-09-29,2015-09-30,2015-10-30,ZM,-0.0014839743381416387,0.09785554716831912,0.5773638574724138,0.015044712637956023,ZM:374549,309.1,-0.018117114202523488
63,2015-09-29,2015-09-30,2015-10-30,ZL,-0.08768006062948004,0.0018924567871906328,0.049201663997927206,0.016265716925116698,ZL:809800,27.36,0.0310672514619883
63,2015-09-29,2015-09-30,2015-10-30,LE,-0.036553320629936756,-0.012109447494525916,-0.024917901057869174,0.008319816835093977,LE:7780,130.25,0.08790786948176565
63,2015-09-29,2015-09-30,2015-10-30,GF,0.12806662134487407,0.024924936917094076,-0.09862271830517363,0.00962535812853054,GF:14680,171.975,0.10917284489024581
63,2015-09-29,2015-09-30,2015-10-30,HE,0.027158669592884654,0.11571957099894026,0.13445161433468739,0.016695052200538792,HE:28898,66.525,-0.10973318301390456
64,2015-10-29,2015-10-30,2015-11-30,CL,-0.007861040950750853,-0.01974622314381308,0.3857049209053043,0.028311912132013076,CL:666022,47.28,-0.11886632825719134
64,2015-10-29,2015-10-30,2015-11-30,HO,-0.12153843970065997,0.01695718409933411,0.5293860928159767,0.022027709577922477,HO:477741,1.5419,-0.11790647901939166
64,2015-10-29,2015-10-30,2015-11-30,RB,0.09190326003302504,0.019896592204115326,0.32170762099376815,0.025930364526433262,RB:418694,1.3647,-0.03656481277936552
64,2015-10-29,2015-10-30,2015-11-30,NG,-0.09292709526393887,-0.03326309308817471,0.4973637204869575,0.014914294109209322,NG:126516,2.479,-0.10488100040338855
64,2015-10-29,2015-10-30,2015-11-30,GC,-0.011607367207887548,-0.00316311860271834,-0.06276993690165666,0.007949172497881867,GC:77179,1142.4,-0.06897759103641476
64,2015-10-29,2015-10-30,2015-11-30,SI,-0.0021272498599502997,0.0001625972997014724,-0.20103353494301215,0.01636717764937634,SI:133133,15.545,-0.09810228369250562
64,2015-10-29,2015-10-30,2015-11-30,HG,-0.03152802628463611,0.0010164450175456086,0.18793548311184124,0.014875135933733175,HG:50112,2.3205,-0.11721611721611713
64,2015-10-29,2015-10-30,2015-11-30,PL,,,-0.42919963867835037,0.014509018636931107,PL:38983,989.4,-0.15807560137457044
64,2015-10-29,2015-10-30,2015-11-30,PA,,,0.6162089676808846,0.02465562550077686,PA:966,676.25,-0.1937153419593346
64,2015-10-29,2015-10-30,2015-11-30,ZC,-0.03127943457129282,0.00900440669610425,0.1760792551290553,0.014386051257751081,ZC:450811,391.25,-0.04856230031948883
64,2015-10-29,2015-10-30,2015-11-30,ZW,-0.04017908911869566,0.03406055853270884,0.3834008732228527,0.015567263361116492,ZW:126873,525.75,-0.09462672372800762
64,2015-10-29,2015-10-30,2015-11-30,KE,-0.002260214435251748,-0.011780589389923879,0.490934104838811,0.01509458641606254,KE:145219,511.25,-0.07334963325183375
64,2015-10-29,2015-10-30,2015-11-30,ZS,0.009587350806900815,0.015314064289054241,-0.007918023969217789,0.01396133404433471,ZS:394610,885.0,-0.0036723163841807516
64,2015-10-29,2015-10-30,2015-11-30,ZM,0.014383217641361974,0.024499820488423696,0.13793851671864257,0.014086087003273367,ZM:323502,302.4,-0.056216931216931276
64,2015-10-29,2015-10-30,2015-11-30,ZL,-0.003227896555924155,0.0006729990573356437,-0.01142300656150331,0.01575420308826395,ZL:52583,28.53,0.03014370837714675
64,2015-10-29,2015-10-30,2015-11-30,LE,-0.34747739872322814,-0.024944981331005867,-0.05676023563634124,0.011734297604680696,LE:13621,143.35,-0.08039762818276952
64,2015-10-29,2015-10-30,2015-11-30,GF,0.1520277438498425,0.04598511155476348,0.05709471948771854,0.012004595860604834,GF:3938,182.7,-0.11343732895457026
64,2015-10-29,2015-10-30,2015-11-30,HE,0.10276017494920375,0.12763573755517055,0.1347417495783749,0.018048875094689526,HE:28898,59.225,-0.009286618826509163
65,2015-11-27,2015-11-30,2015-12-31,CL,-0.026584978522075864,-0.027753900557196287,0.3956893408371399,0.020007452902382695,CL:490640,42.96,-0.13710428305400368
65,2015-11-27,2015-11-30,2015-12-31,HO,-0.11039282661013396,0.012353602654036178,0.525542286452894,0.016387783101997837,HO:360264,1.3837,-0.1812531618125316
65,2015-11-27,2015-11-30,2015-12-31,RB,1.4753461512957808,0.028272761411225145,0.16907449177446607,0.02028722293291486,RB:41425,1.3188,-0.038292387018501683
65,2015-11-27,2015-11-30,2015-12-31,NG,0.01818594873667273,-0.03896936868030337,0.02750426677751854,0.018253597582922353,NG:126517,2.269,0.03569854561480823
65,2015-11-27,2015-11-30,2015-12-31,GC,0.008959795472747577,-0.002688887927473682,-0.18261938841583522,0.007576166648521052,GC:77179,1063.6,-0.0029146295599848937
65,2015-11-27,2015-11-30,2015-12-31,SI,0.012743566150114792,-0.001011875028104292,-0.023696345819382375,0.013232904044817076,SI:1030,14.065,-0.017063633131887634
65,2015-11-27,2015-11-30,2015-12-31,HG,-0.022619086499211113,0.0025870878090925586,0.35782719542902475,0.012999985627397796,HG:66154,2.048,0.03955078125
65,2015-11-27,2015-11-30,2015-12-31,PL,-0.00030078948258596,,-0.3890234077126424,0.012704612098248311,PL:38983,833.0,0.0719087635054021
65,2015-11-27,2015-11-30,2015-12-31,PA,,,0.511571345000833,0.02179653993489854,PA:966,545.25,0.03282897753324154
65,2015-11-27,2015-11-30,2015-12-31,ZC,-0.005376667751328376,0.00831207741953055,0.20379260459274293,0.011135973670634274,ZC:450811,372.25,-0.03828072531900606
65,2015-11-27,2015-11-30,2015-12-31,ZW,0.01768264740065023,0.025082053581840014,0.37181291252488075,0.015624817534971178,ZW:126873,476.0,-0.013655462184873901
65,2015-11-27,2015-11-30,2015-12-31,KE,-0.015409966804320482,-0.014539282527039399,0.48557447696298434,0.014939909709690145,KE:145219,473.75,-0.017414248021108136
65,2015-11-27,2015-11-30,2015-12-31,ZS,0.003093407139707717,0.019290101356922662,-0.06983329155011954,0.00892506088762528,ZS:312477,884.25,-0.02318348883234378
65,2015-11-27,2015-11-30,2015-12-31,ZM,0.0037745979211842515,0.023214820335689446,0.1759292760155982,0.008802900138013,ZM:790395,287.5,-0.0761739130434782
65,2015-11-27,2015-11-30,2015-12-31,ZL,-0.006207552224911015,-0.0031868183924830262,-0.020310947984634804,0.01348073733888433,ZL:244923,29.65,0.03338954468802702
65,2015-11-27,2015-11-30,2015-12-31,LE,-0.43145634237490743,-0.03267007974417124,-0.0580406487503851,0.012751070751566168,LE:13621,131.825,0.033567229281244115
65,2015-11-27,2015-11-30,2015-12-31,GF,0.181805777442142,0.04136169207187246,-0.045608463407587306,0.013840894399266284,GF:3938,161.975,0.03025158203426459
65,2015-11-27,2015-11-30,2015-12-31,HE,1.0776562445365696,0.15592642961212133,0.11636138216869463,0.01940753873097814,HE:20900,57.125,0.04814004376367609
66,2015-12-30,2015-12-31,2016-01-29,CL,-0.06291543358246418,-0.030544873136074124,0.4561890616807865,0.01851631604510499,CL:238629,38.23,-0.11744703112738675
66,2015-12-30,2015-12-31,2016-01-29,HO,0.0678838039435477,0.005627203110012968,0.43101983594490745,0.017194493816037146,HO:353510,1.1558,-0.0659283613081848
66,2015-12-30,2015-12-31,2016-01-29,RB,-1.7015307302796032,0.038905931017812256,0.17847574661014445,0.0212258413294778,RB:204500,1.2983,-0.1304012939998459
66,2015-12-30,2015-12-31,2016-01-29,NG,0.06843255122706723,-0.04009464191708123,0.22504250070309034,0.02263282485848843,NG:126518,2.373,-0.02865571007163925
66,2015-12-30,2015-12-31,2016-01-29,GC,0.0022545656083312405,-0.0025009447341867164,0.1641866590889528,0.007197864516062312,GC:1023,1060.4,0.05469634100339493
66,2015-12-30,2015-12-31,2016-01-29,SI,-0.00647747305475315,-0.00015152902948645242,0.15971166505778953,0.011256173516435462,SI:1030,13.825,0.03110307414104896
66,2015-12-30,2015-12-31,2016-01-29,HG,-0.027419742569539128,0.003389426915814897,0.29375143609432186,0.0124177936725567,HG:107931,2.135,-0.0346604215456674
66,2015-12-30,2015-12-31,2016-01-29,PL,-0.006718546100535681,,-0.22378467751510356,0.012675478429655367,PL:38983,892.9,-0.023518871094187488
66,2015-12-30,2015-12-31,2016-01-29,PA,0.0382976208921263,,0.5512322866187198,0.018510859447746403,PA:966,563.15,-0.11231465861670964
66,2015-12-30,2015-12-31,2016-01-29,ZC,0.0024157687420886254,0.00577799336373408,0.22817199865268623,0.01002835215741582,ZC:450811,358.0,0.0377094972067038
66,2015-12-30,2015-12-31,2016-01-29,ZW,-0.007492152343089267,0.017652401577542887,0.40041128099064527,0.014080338436963638,ZW:126873,469.5,0.020234291799787085
66,2015-12-30,2015-12-31,2016-01-29,KE,-0.0027829666353368088,-0.010669062452286382,0.47662850880482194,0.01399491297282166,KE:145219,465.5,0.011815252416756072
66,2015-12-30,2015-12-31,2016-01-29,ZS,0.011661934502314314,0.018770507415387327,-0.029225673976799742,0.008903561799163805,ZS:312477,863.75,0.020549927641099863
66,2015-12-30,2015-12-31,2016-01-29,ZM,-0.007608200042700408,0.018037209911911156,0.23045560340375973,0.009177133874372133,ZM:790395,265.6,0.02409638554216853
66,2015-12-30,2015-12-31,2016-01-29,ZL,0.005501128775308131,-0.0036743655065751835,0.13898057547461065,0.013874844819753068,ZL:244923,30.64,0.009138381201044377
66,2015-12-30,2015-12-31,2016-01-29,LE,0.24989189773744272,-0.04211398793863019,0.033313000929710256,0.013721447315285056,LE:15172,137.475,-0.030187306783051482
66,2015-12-30,2015-12-31,2016-01-29,GF,0.010587017057084529,0.05245043970009455,0.0796213156188922,0.016568757295269784,GF:1711,163.3,-0.042406613594611176
66,2015-12-30,2015-12-31,2016-01-29,HE,0.7291313257166938,0.1530691482008648,0.08024226825994833,0.020114631141223305,HE:20900,59.875,0.09603340292275564
67,2016-01-28,2016-01-29,2016-02-29,CL,-0.09248082870377566,-0.039282218110833544,0.39287012208848754,0.026470014152230575,CL:633738,35.41,-0.046597006495340265
67,2016-01-28,2016-01-29,2016-02-29,HO,-0.045704208366106225,0.004593187743852201,0.5367909554463731,0.026323156421768114,HO:738255,1.092,0.00045787545787545625
67,2016-01-28,2016-01-29,2016-02-29,RB,-0.18685212767462644,0.019675749728251368,-0.029415563096905212,0.02420363175402259,RB:746862,1.3429,-0.016829250130315
67,2016-01-28,2016-01-29,2016-02-29,NG,-0.02259350643407554,-0.033924071948942425,0.15422831438854923,0.024333389470169275,NG:126519,2.337,-0.27214377406931967
67,2016-01-28,2016-01-29,2016-02-29,GC,-0.009128634655280706,-0.0026711881150937034,0.05525545386040612,0.008117228704377774,GC:1023,1118.4,0.1097103004291844
67,2016-01-28,2016-01-29,2016-02-29,SI,0.07351879526354464,-0.0025591538441639416,0.06517240408839728,0.012452373604222423,SI:1308,14.29,0.04373687893631906
67,2016-01-28,2016-01-29,2016-02-29,HG,0.07074912161143983,-0.001026073321927723,0.12620144134117617,0.012967252734417357,HG:1279,2.071,0.025591501690004792
67,2016-01-28,2016-01-29,2016-02-29,PL,0.021136588667498797,,-0.15720065432425773,0.014002937044633406,PL:38983,871.9,0.07087968803761902
67,2016-01-28,2016-01-29,2016-02-29,PA,,,0.48239208200912675,0.018296660910377474,PA:27327,497.6,-0.008741961414791
67,2016-01-28,2016-01-29,2016-02-29,ZC,-0.006055954344513337,0.010153497791474897,0.26938094477875213,0.009648834471985319,ZC:643179,376.0,-0.049202127659574435
67,2016-01-28,2016-01-29,2016-02-29,ZW,0.03699726266423525,0.02645826217887104,0.3235774956143165,0.013204174618693271,ZW:639768,484.25,-0.06453278265358797
67,2016-01-28,2016-01-29,2016-02-29,KE,0.024729007316649176,-0.013999921570796658,0.41167680955423475,0.013288083806111644,KE:833831,481.0,-0.05249480249480254
67,2016-01-28,2016-01-29,2016-02-29,ZS,-0.012548436118780242,0.023888506246774077,-0.1090308309472483,0.008221139098732712,ZS:827723,883.75,-0.024328147100424302
67,2016-01-28,2016-01-29,2016-02-29,ZM,-0.003181680509353295,0.025222588669628565,0.16424382150035477,0.009485902839996903,ZM:598009,274.1,-0.04013133892739873
67,2016-01-28,2016-01-29,2016-02-29,ZL,-0.025469806032806755,-0.0057305891522546615,0.1878028417005784,0.012785019323209069,ZL:567798,31.14,-0.008028259473346178
67,2016-01-28,2016-01-29,2016-02-29,LE,0.31572604872301846,-0.03752363988056029,0.05623934585721237,0.013148920281774048,LE:15172,133.325,0.026814175885992997
67,2016-01-28,2016-01-29,2016-02-29,GF,-0.0245051167979679,0.050228154140923964,0.062133070898009124,0.01676850515643142,GF:1711,156.375,0.011510791366906581
67,2016-01-28,2016-01-29,2016-02-29,HE,-0.2916772316035161,0.2679309613002132,-0.01660848353468412,0.01948774583451173,HE:14385,70.625,-0.0070796460176991705
68,2016-02-26,2016-02-29,2016-03-31,CL,-0.1938194816540756,-0.032063292900628926,0.4649262277505374,0.03480908245852016,CL:354687,35.59,0.07333520651868497
68,2016-02-26,2016-02-29,2016-03-31,HO,0.06563700095483868,-0.006117958731763573,0.58640864979577,0.032220498628757026,HO:279531,1.1125,0.06723595505617985
68,2016-02-26,2016-02-29,2016-03-31,RB,-0.05553061215491807,-0.0027315707646050624,-0.04843351767760634,0.029196939014351588,RB:833502,1.3504,0.07064573459715628
68,2016-02-26,2016-02-29,2016-03-31,NG,-0.04140469648275974,-0.0346082504196531,0.13043478141905152,0.02467284262471701,NG:126520,1.803,0.09206877426511384
68,2016-02-26,2016-02-29,2016-03-31,GC,-0.014653245804008591,-0.003571840203856036,0.36757078905801666,0.010002088306964084,GC:145725,1241.8,-0.0066838460299565305
68,2016-02-26,2016-02-29,2016-03-31,SI,-0.018430899558019777,-0.004692434771582876,0.00020901355651131714,0.013700903004683353,SI:1308,14.915,0.03553469661414699
68,2016-02-26,2016-02-29,2016-03-31,HG,0.04260695621108964,-0.008630819552502778,0.15750485671957984,0.012984267162629013,HG:175016,2.1245,0.028006589785832148
68,2016-02-26,2016-02-29,2016-03-31,PL,,,-0.10496807011321871,0.013809046480025197,PL:67529,935.0,0.04385026737967923
68,2016-02-26,2016-02-29,2016-03-31,PA,-0.025889759782412647,,0.4916341979248326,0.01672157978820825,PA:27327,493.25,0.14789660415610761
68,2016-02-26,2016-02-29,2016-03-31,ZC,0.009674605325351304,0.012481585072151136,0.22456237883674848,0.009402318996332489,ZC:643179,357.5,-0.01958041958041956
68,2016-02-26,2016-02-29,2016-03-31,ZW,0.021973419368400124,0.021573038939868505,0.32136796614793234,0.011300466724192217,ZW:639768,453.0,0.04194260485651213
68,2016-02-26,2016-02-29,2016-03-31,KE,0.025868697493807213,-0.007726991904521308,0.3835785830512724,0.01215536782801347,KE:833831,455.75,0.04333516182117392
68,2016-02-26,2016-02-29,2016-03-31,ZS,-0.014463225733975411,0.019848802196037907,-0.14129205716140028,0.008010337563848443,ZS:827723,862.25,0.05508843142939979
68,2016-02-26,2016-02-29,2016-03-31,ZM,-0.0059786146589910286,0.017129908887191236,0.13116196423577267,0.009790127422277412,ZM:598009,263.1,0.029646522234891393
68,2016-02-26,2016-02-29,2016-03-31,ZL,-0.0008946567336214489,-0.007458150162307331,0.16866447715384886,0.012499762966124907,ZL:567798,30.89,0.1052120427322758
68,2016-02-26,2016-02-29,2016-03-31,LE,0.22011228902805516,-0.03939532902310394,0.03737738620849358,0.012455034390391194,LE:165581,126.075,-0.015665278604005572
68,2016-02-26,2016-02-29,2016-03-31,GF,0.09914167622640904,0.03954593357728553,0.03897262491995314,0.01602636898056165,GF:90085,158.9,-0.011485210824418002
68,2016-02-26,2016-02-29,2016-03-31,HE,-0.40083085125341467,0.3411147572761485,-0.036666516156295854,0.014829559170824902,HE:14385,70.125,-0.0263814616755792
69,2016-03-30,2016-03-31,2016-04-29,CL,-0.023800201874558585,-0.03617201078670729,0.4402459153340103,0.03497323271113952,CL:253153,39.61,0.1610704367583944
69,2016-03-30,2016-03-31,2016-04-29,HO,0.05061886870352866,-0.0006511965285928012,0.5583237547512774,0.031681809471726226,HO:698807,1.205,0.14680497925311187
69,2016-03-30,2016-03-31,2016-04-29,RB,-0.07700436566845184,-0.0036037380846896117,-0.0579007665043639,0.027029513824174414,RB:105797,1.4592,0.09731359649122795
69,2016-03-30,2016-03-31,2016-04-29,NG,-0.3023602746588597,-0.04745335726972588,0.046467048969884406,0.02241915439835057,NG:126521,2.062,0.03782735208535426
69,2016-03-30,2016-03-31,2016-04-29,GC,-0.0009766611946021289,-0.002614436946647869,0.32753344350307095,0.010607174110915836,GC:145725,1233.5,0.0497770571544387
69,2016-03-30,2016-03-31,2016-04-29,SI,0.008624142428188838,-0.0018514289990103627,-0.07654332927152897,0.012680122560963337,SI:140563,15.485,0.1553115918630934
69,2016-03-30,2016-03-31,2016-04-29,HG,0.04806245059055923,-0.0056402405980129355,0.098993646955984,0.010512112984728586,HG:104,2.1915,0.03855806525211025
69,2016-03-30,2016-03-31,2016-04-29,PL,,,-0.1436196008262828,0.01375703579764759,PL:67529,976.0,0.10635245901639334
69,2016-03-30,2016-03-31,2016-04-29,PA,,,0.4278495349878086,0.016799837265263413,PA:27327,566.2,0.10049452490286104
69,2016-03-30,2016-03-31,2016-04-29,ZC,0.013571993432012708,0.013075764402691425,0.21437119673620586,0.007650297277760056,ZC:531169,354.75,0.10500352360817478
69,2016-03-30,2016-03-31,2016-04-29,ZW,-0.006570149141044701,0.019102587048496655,0.3420646087882311,0.01142949704388249,ZW:686960,479.5,0.018248175182481674
69,2016-03-30,2016-03-31,2016-04-29,KE,-0.0082029780389834,-0.012026150313934725,0.3488681506048286,0.012629417451960489,KE:510960,487.0,-0.020020533880903524
69,2016-03-30,2016-03-31,2016-04-29,ZS,-0.0193019680069151,0.02399374585251568,-0.20505607952324786,0.006542811099511154,ZS:401316,916.75,0.12326152167984739
69,2016-03-30,2016-03-31,2016-04-29,ZM,-0.0002623474601702244,0.022676172673307904,0.10644403274104437,0.009265198701716638,ZM:96468,273.6,0.22112573099415211
69,2016-03-30,2016-03-31,2016-04-29,ZL,-0.0001013261730364104,-0.005332364125473443,0.08753914368650621,0.010267262308516573,ZL:366657,34.37,-0.03636892638929301
69,2016-03-30,2016-03-31,2016-04-29,LE,0.17062133788570777,-0.04972463751221634,0.039087862280948946,0.010009313944098748,LE:165581,124.1,-0.07493956486704267
69,2016-03-30,2016-03-31,2016-04-29,GF,-0.10769399802096248,0.036079950793905025,0.022363077780257937,0.013083058216796123,GF:11968,155.25,-0.0977455716586152
69,2016-03-30,2016-03-31,2016-04-29,HE,-0.6865754258689685,0.2683269156938055,-0.02594215424409872,0.013101920475406342,HE:4735,77.2,0.010038860103626757
70,2016-04-28,2016-04-29,2016-05-31,CL,-0.07505800717406558,-0.03555574063171674,0.3732153478414817,0.028884243113071337,CL:733636,46.72,0.046875
70,2016-04-28,2016-04-29,2016-05-31,HO,0.03146304778836423,0.00035568697893351153,0.5101333280350492,0.02596041519144406,HO:279559,1.3902,0.07229175658178666
70,2016-04-28,2016-04-29,2016-05-31,RB,-0.12158337764329624,-0.007073945003588378,-0.10763497340858612,0.02151797466622424,RB:646520,1.607,-0.006907280647168612
70,2016-04-28,2016-04-29,2016-05-31,NG,-0.374267477425555,-0.06208103069153659,0.1740339075802253,0.024897565505000056,NG:126522,2.288,-0.0030594405594404073
70,2016-04-28,2016-04-29,2016-05-31,GC,-0.009428114930953939,-0.003155466476317148,0.295593565243164,0.009767204385419417,GC:870,1297.0,-0.06006168080185048
70,2016-04-28,2016-04-29,2016-05-31,SI,-0.008738704462813832,0.0010119457344313076,0.0071244406081631345,0.013647769006275758,SI:140563,17.89,-0.10452766908887656
70,2016-04-28,2016-04-29,2016-05-31,HG,-0.015856493565467977,-0.008619359274726901,0.09414140295910162,0.01109025246016076,HG:163671,2.282,-0.08501314636283963
70,2016-04-28,2016-04-29,2016-05-31,PL,0.0026337783269504006,,-0.12494814827453327,0.013470109476431558,PL:67529,1079.8,-0.09131320614928684
70,2016-04-28,2016-04-29,2016-05-31,PA,,,0.3428018687852905,0.016697865527651668,PA:98823,628.75,-0.12636182902584503
70,2016-04-28,2016-04-29,2016-05-31,ZC,0.05593584184136355,0.02818091342133533,0.10575871084897612,0.012678290350757706,ZC:531169,392.0,0.03316326530612246
70,2016-04-28,2016-04-29,2016-05-31,ZW,0.012258143671958599,0.02541946427620223,0.2745428459210477,0.015076192215794808,ZW:686960,488.25,-0.045570916538658524
70,2016-04-28,2016-04-29,2016-05-31,KE,0.0006195556927386381,-0.013069720283813147,0.29340880628151106,0.014601215394880233,KE:510960,477.25,-0.05919329491880565
70,2016-04-28,2016-04-29,2016-05-31,ZS,-0.14965731176247662,0.024770048023329938,-0.2041744651079702,0.009728647169010701,ZS:401316,1029.75,0.04734158776402042
70,2016-04-28,2016-04-29,2016-05-31,ZM,-0.003659063075842177,0.03505214239442678,0.13572474980909854,0.014712362801372022,ZM:96468,334.1,0.1864711164322057
70,2016-04-28,2016-04-29,2016-05-31,ZL,0.0068597982886266645,-0.007921597734987795,0.1299618554925119,0.010712639560596222,ZL:366657,33.12,-0.040157004830917775
70,2016-04-28,2016-04-29,2016-05-31,LE,0.020130959872217132,-0.045538680730985326,0.038861776923756974,0.010707009825223207,LE:48001,112.425,0.049588614631976835
70,2016-04-28,2016-04-29,2016-05-31,GF,-0.04991823125418485,0.03927254921008916,0.05383421233914894,0.013110969336057937,GF:4096,140.175,0.04940253254859983
70,2016-04-28,2016-04-29,2016-05-31,HE,-0.11449271850959822,0.19140120789572312,0.027957434585389976,0.012394110229022405,HE:5890,81.625,-0.014701378254211361
71,2016-05-27,2016-05-31,2016-06-30,CL,-0.007574783673470531,-0.0387328746507869,0.29637452149968513,0.022964116003436907,CL:418919,49.32,-0.017842660178426617
71,2016-05-27,2016-05-31,2016-06-30,HO,0.020777220842781927,0.003371704969823086,0.44221401507431585,0.022042747406947345,HO:829436,1.5015,-0.004861804861804875
71,2016-05-27,2016-05-31,2016-06-30,RB,-0.9752393422616495,-0.015610862035086881,-0.10371765426186176,0.018216460742792834,RB:88756,1.5953,-0.058735034162853306
71,2016-05-27,2016-05-31,2016-06-30,NG,0.17562544286100457,-0.062158232540616254,0.21919969474027082,0.023995338142416812,NG:126523,2.379,0.23287095418242942
71,2016-05-27,2016-05-31,2016-06-30,GC,-2.7288823619044805e-05,-0.00029709034350844377,0.38757342611361817,0.008897476359326629,GC:870,1219.1,0.08637519481584799
71,2016-05-27,2016-05-31,2016-06-30,SI,,0.0011515025832825598,0.06948471780686083,0.01347535590801144,SI:468,16.07,0.1733042937149969
71,2016-05-27,2016-05-31,2016-06-30,HG,-0.031079938015793725,-0.01191269022171515,0.10171653824217988,0.011069523336090771,HG:3432,2.0895,0.05144771476429755
71,2016-05-27,2016-05-31,2016-06-30,PL,,,-0.11632102994262214,0.013627581629902265,PL:126963,980.4,0.049571603427172706
71,2016-05-27,2016-05-31,2016-06-30,PA,,,0.38496831608925647,0.016293392508271422,PA:98823,549.3,0.09339158929546709
71,2016-05-27,2016-05-31,2016-06-30,ZC,0.0729498422734629,0.022339648055212047,0.03955242632146715,0.014898466284004234,ZC:705059,407.0,-0.09336609336609336
71,2016-05-27,2016-05-31,2016-06-30,ZW,-0.018438535870233225,0.016145622957795536,0.10346844522955051,0.016446129428383246,ZW:734749,476.5,-0.06558237145855195
71,2016-05-27,2016-05-31,2016-06-30,KE,-0.05122603379805957,-0.018016104879052586,0.10369290350624404,0.01585334365336097,KE:528865,465.5,-0.09129967776584313
71,2016-05-27,2016-05-31,2016-06-30,ZS,0.10921855104034991,0.019979802583200312,0.07969265278104819,0.013226922970299279,ZS:122779,1076.5,0.092196934509986
71,2016-05-27,2016-05-31,2016-06-30,ZM,0.07148114645266951,0.0596134306564895,0.3808854810170757,0.01839690969291772,ZM:53825,384.6,0.055642225689027436
71,2016-05-27,2016-05-31,2016-06-30,ZL,-0.010055155631665078,-0.009066059223297729,0.09317438353955562,0.011979802567471682,ZL:760177,31.89,-0.011288805268109159
71,2016-05-27,2016-05-31,2016-06-30,LE,0.04127681942605507,-0.047873484033310376,0.00824951914941357,0.010991899244297814,LE:48001,118.0,-0.027966101694915202
71,2016-05-27,2016-05-31,2016-06-30,GF,0.012643959548169853,0.041910607194881155,0.03618780038329453,0.013194513565604768,GF:4096,147.1,-0.02192386131883073
71,2016-05-27,2016-05-31,2016-06-30,HE,-0.9350853318259841,0.15646751168224093,0.051731709863436164,0.011876085435311327,HE:21298,81.175,0.021250384970742386
72,2016-06-29,2016-06-30,2016-07-29,CL,-0.04210342909931547,-0.04056238786890731,0.22531263627581855,0.01993289973365716,CL:140611,49.12,-0.15757328990228003
72,2016-06-29,2016-06-30,2016-07-29,HO,-0.005839071255240552,0.0012270136796286302,0.3860657635443833,0.019676244545803107,HO:636934,1.514,-0.1399603698811096
72,2016-06-29,2016-06-30,2016-07-29,RB,0.6519001692831246,-0.026665774506337336,-0.16346595247895027,0.01837594099610631,RB:874358,1.5089,-0.12989595069255744
72,2016-06-29,2016-06-30,2016-07-29,NG,0.41916868357402237,-0.05037961658076606,0.22043109927160728,0.021448011757937497,NG:126524,2.93,-0.025597269624573427
72,2016-06-29,2016-06-30,2016-07-29,GC,0.0032387607138939373,-0.0011233427454795386,0.6717764008836625,0.010087116653881983,GC:497,1327.1,0.019817647502072377
72,2016-06-29,2016-06-30,2016-07-29,SI,0.00669526718704434,-0.002090660343847972,0.34887840650514373,0.013279852637059261,SI:468,18.855,0.08114558472553712
72,2016-06-29,2016-06-30,2016-07-29,HG,-0.03177919841778266,-0.01489758983258338,-0.07378132826157045,0.011462552496921732,HG:136702,2.1985,0.013645667500568504
72,2016-06-29,2016-06-30,2016-07-29,PL,-0.027044657189013683,,0.10481667902684524,0.012638394785236035,PL:126963,1029.0,0.12108843537414948
72,2016-06-29,2016-06-30,2016-07-29,PA,,,0.19038289676127992,0.016848942692853724,PA:98823,600.6,0.1851481851481851
72,2016-06-29,2016-06-30,2016-07-29,ZC,0.02055997362519721,-0.0002055706007845215,-0.6795860214396017,0.0181107902576873,ZC:705059,369.0,-0.09620596205962062
72,2016-06-29,2016-06-30,2016-07-29,ZW,-0.023091814427852325,-0.009408687491153533,-0.21273740681103742,0.018359561244758408,ZW:734749,445.25,-0.08141493542953393
72,2016-06-29,2016-06-30,2016-07-29,KE,-0.08715154772147823,-0.021880825321437203,-0.11753525182097425,0.01707124321063701,KE:528865,423.0,-0.028368794326241176
72,2016-06-29,2016-06-30,2016-07-29,ZS,0.03867905626064537,0.026398284181895715,-0.03815461373270296,0.015555843700536833,ZS:181998,1163.75,-0.12524167561761546
72,2016-06-29,2016-06-30,2016-07-29,ZM,0.10388033570310098,0.034559656893583535,0.31382854602548577,0.020108134804985696,ZM:275118,403.9,-0.13567714780886353
72,2016-06-29,2016-06-30,2016-07-29,ZL,0.0068042283400873635,-0.005706235634876267,0.038498380866944897,0.011935450419957786,ZL:629669,31.66,-0.036007580543272244
72,2016-06-29,2016-06-30,2016-07-29,LE,-0.056119779721617524,-0.04415647644589127,-0.02822902656301902,0.01273943927519922,LE:731,114.375,-0.022950819672131195
72,2016-06-29,2016-06-30,2016-07-29,GF,-0.036741649459286374,0.03863051392073891,0.010973951660831635,0.012875023061959312,GF:4096,143.875,-0.02554300608166815
72,2016-06-29,2016-06-30,2016-07-29,HE,0.712446560767017,0.15151729941839442,0.013245770410547118,0.012224354664465219,HE:26783,83.3,-0.16836734693877542
73,2016-07-28,2016-07-29,2016-08-31,CL,-0.05559438891336116,-0.04285838329287883,0.2674971832638377,0.0188585646301537,CL:526523,42.12,0.06481481481481488
73,2016-07-28,2016-07-29,2016-08-31,HO,-0.027042445824471212,-0.005440709333553229,0.3712795827657661,0.018170138719103567,HO:279563,1.3298,0.07459768386223486
73,2016-07-28,2016-07-29,2016-08-31,RB,0.026796682987726972,-0.045572512898738204,-0.17808506703625243,0.017860247177306252,RB:189645,1.2284,0.09036144578313254
73,2016-07-28,2016-07-29,2016-08-31,NG,0.23059686739876806,-0.05641607281384875,0.23089285318125222,0.021392533936508046,NG:126525,2.897,-0.00897480151881247
73,2016-07-28,2016-07-29,2016-08-31,GC,-0.01180684017344365,-0.002335485281252714,0.6147210191110347,0.010021050981340275,GC:497,1353.4,-0.03214127382887544
73,2016-07-28,2016-07-29,2016-08-31,SI,,-0.006082253128377291,0.5564634522522918,0.015507486364576495,SI:62950,20.47,-0.08304836345872002
73,2016-07-28,2016-07-29,2016-08-31,HG,-0.0023969408329702017,-0.013387560328247061,0.07060009756162719,0.010843392303427712,HG:1062,2.229,-0.0693135935397039
73,2016-07-28,2016-07-29,2016-08-31,PL,-0.01778561522637996,,0.19399129265806164,0.012077322289321693,PL:126963,1153.6,-0.08495145631067957
73,2016-07-28,2016-07-29,2016-08-31,PA,,,-0.13432774748357992,0.014609376575377022,PA:109164,712.5,-0.05094736842105252
73,2016-07-28,2016-07-29,2016-08-31,ZC,-0.0022272329398076163,-0.0010499546861377773,-0.40570862270276825,0.019015553211082788,ZC:363272,342.25,-0.07888970051132216
73,2016-07-28,2016-07-29,2016-08-31,ZW,-0.06563908820480435,-0.0236851069486389,-0.15468543844902066,0.016288985566102396,ZW:411873,437.0,-0.10526315789473684
73,2016-07-28,2016-07-29,2016-08-31,KE,-0.0253809187942155,-0.022322100778998766,-0.13762362470839834,0.015322174460288957,KE:336491,437.5,-0.08571428571428574
73,2016-07-28,2016-07-29,2016-08-31,ZS,-0.06663518785133872,0.017782412690453997,-0.42870347642728107,0.01964981330488487,ZS:253214,1001.25,-0.05992509363295884
73,2016-07-28,2016-07-29,2016-08-31,ZM,-0.12844656373985633,-0.0061010520621695985,0.0012902219244756287,0.021410323421384433,ZM:782973,348.2,-0.1163124641010913
73,2016-07-28,2016-07-29,2016-08-31,ZL,0.04381692822788105,-0.005868484150366782,0.07610784675506053,0.012812827549050757,ZL:366658,30.63,0.06235716617695064
73,2016-07-28,2016-07-29,2016-08-31,LE,-0.06804578437652252,-0.043853509441136196,-0.03356795315235014,0.01299014136817171,LE:731,111.75,-0.04944071588366894
73,2016-07-28,2016-07-29,2016-08-31,GF,-0.1579926360174293,0.034032825595664784,0.03273321638744347,0.013376750943314879,GF:2374,138.825,0.010444804610120872
73,2016-07-28,2016-07-29,2016-08-31,HE,0.4424199843228161,0.0436933096390385,0.05378656730428961,0.013064315936244103,HE:15572,59.25,0.060337552742615985
74,2016-08-30,2016-08-31,2016-09-30,CL,0.005633491336210272,-0.04336822500022153,0.19036107344275993,0.020690418478974126,CL:252526,45.44,0.05743838028169024
74,2016-08-30,2016-08-31,2016-09-30,HO,-0.05405169589640647,-0.0048834036010675375,0.3422077931417596,0.01862969303304259,HO:767435,1.4481,0.05959533181410137
74,2016-08-30,2016-08-31,2016-09-30,RB,0.09101846525291475,-0.03323255728566066,-0.20032468792838581,0.019679237673738012,RB:604647,1.3259,0.09849913266460497
74,2016-08-30,2016-08-31,2016-09-30,NG,-0.3759945665497694,-0.06009782082822823,0.1865224174775693,0.021487462977959844,NG:126526,2.986,-0.02779638312123245
74,2016-08-30,2016-08-31,2016-09-30,GC,-0.010539584014344768,-0.0007594293761155058,0.5896709760903066,0.008852705177471106,GC:140396,1312.8,0.004570383912248621
74,2016-08-30,2016-08-31,2016-09-30,SI,,-0.003599929084242337,0.4299320511978538,0.014940717019321046,SI:62950,18.77,0.02530633990410247
74,2016-08-30,2016-08-31,2016-09-30,HG,-0.04673106874119082,-0.013761843727236656,-0.02942646706938528,0.01065762325233505,HG:3023,2.0755,0.06552637918573834
74,2016-08-30,2016-08-31,2016-09-30,PL,,,0.19803182200037334,0.0117520545665836,PL:122021,1057.2,-0.02393113885735898
74,2016-08-30,2016-08-31,2016-09-30,PA,0.005984261916295745,,-0.17413276168110967,0.014650233239966557,PA:109164,676.2,0.06943212067435667
74,2016-08-30,2016-08-31,2016-09-30,ZC,0.003329001281452415,-0.009854603646842763,-0.3739896405922682,0.01698206459326592,ZC:363272,315.25,0.06661379857256144
74,2016-08-30,2016-08-31,2016-09-30,ZW,-0.02061927596683727,-0.026416705420914344,-0.16658453935347386,0.01555442721301045,ZW:411873,391.0,0.028132992327365658
74,2016-08-30,2016-08-31,2016-09-30,KE,0.0034715936955970195,-0.023722136845904407,-0.19401383511462056,0.014911266034780681,KE:336491,400.0,0.038124999999999964
74,2016-08-30,2016-08-31,2016-09-30,ZS,-0.009164457760793372,0.016583035819104364,-0.1982749417518855,0.018777252686981778,ZS:253214,941.25,0.013014608233731684
74,2016-08-30,2016-08-31,2016-09-30,ZM,0.023188910875550754,0.0006310275940071275,0.18760479915153655,0.01857307509770403,ZM:590598,306.1,-0.01960143743874554
74,2016-08-30,2016-08-31,2016-09-30,ZL,-0.041291419558461565,-0.005460544967160086,0.11553513716519055,0.012802806758081303,ZL:722728,32.81,0.01523925632429135
74,2016-08-30,2016-08-31,2016-09-30,LE,-0.05368489225063436,-0.04762925207027635,0.02343181220263765,0.01284742292747926,LE:144592,107.975,-0.07270201435517476
74,2016-08-30,2016-08-31,2016-09-30,GF,0.060980761775779685,0.03958140047736136,0.07287765411568235,0.013436207730990935,GF:5797,137.925,-0.10821098423056019
74,2016-08-30,2016-08-31,2016-09-30,HE,0.4807039915017757,0.04536250910334594,0.06682926320899694,0.01706244760787261,HE:15572,62.825,-0.21488261042578594
75,2016-09-29,2016-09-30,2016-10-31,CL,-0.03239229784147163,-0.049274657846930525,0.14101503518060224,0.02018581182339908,CL:303804,48.63,-0.035780382479950634
75,2016-09-29,2016-09-30,2016-10-31,HO,-0.03866259441533376,-0.0028755363142322077,0.29107839801961366,0.01801695502944954,HO:444560,1.5442,0.014894443724906115
75,2016-09-29,2016-09-30,2016-10-31,RB,0.15329154498235986,-0.03465152946544203,-0.20828619861068656,0.018226671390868334,RB:878627,1.4306,0.09611351880329932
75,2016-09-29,2016-09-30,2016-10-31,NG,-0.4703585755843952,-0.05148776735454852,0.20629277983740893,0.01963006617111704,NG:126527,3.13,-0.04376996805111821
75,2016-09-29,2016-09-30,2016-10-31,GC,-0.0006877463964502506,-0.0013011757687386716,0.6214759262853317,0.006566276416714486,GC:140396,1318.8,-0.03169548074006667
75,2016-09-29,2016-09-30,2016-10-31,SI,,-0.005398177982012031,0.36297870597599646,0.013519849605747727,SI:62950,19.245,-0.0711873213821772
75,2016-09-29,2016-09-30,2016-10-31,HG,-0.02961382541736966,-0.012091107182944039,-0.06184830607828823,0.009233679958856277,HG:41771,2.2135,-0.0031624124689404454
75,2016-09-29,2016-09-30,2016-10-31,PL,,0.016410465242882255,0.137172427490121,0.01190319775113578,PL:122021,1031.9,-0.048841942048648224
75,2016-09-29,2016-09-30,2016-10-31,PA,-0.014341719091108818,,-0.08518851472527388,0.014440969140872277,PA:109164,723.15,-0.14091129088017695
75,2016-09-29,2016-09-30,2016-10-31,ZC,0.008272130021281549,-0.0073958063675215735,-0.44593815475198245,0.014914938848781234,ZC:363272,336.25,0.05427509293680299
75,2016-09-29,2016-09-30,2016-10-31,ZW,-0.03543217696705872,-0.023968373509901775,-0.21727192342304685,0.014029053489154087,ZW:411873,402.0,0.032960199004975044
75,2016-09-29,2016-09-30,2016-10-31,KE,-0.008380783074713793,-0.021486333106104927,-0.29383935159036073,0.013014929801273233,KE:336491,415.25,-0.0012040939193257438
75,2016-09-29,2016-09-30,2016-10-31,ZS,-0.006281308952681065,0.009445436041916278,-0.21047245843872553,0.01747044467407804,ZS:428214,958.25,0.05713540307852849
75,2016-09-29,2016-09-30,2016-10-31,ZM,-0.006256526567050259,-0.004622839443230942,0.2091897412886837,0.016708319584289394,ZM:590598,300.1,0.05498167277574151
75,2016-09-29,2016-09-30,2016-10-31,ZL,-0.02973362213409997,-0.003777471604924587,0.11940813174146139,0.013705302464063885,ZL:722728,33.31,0.056439507655358545
75,2016-09-29,2016-09-30,2016-10-31,LE,-0.048607302316654485,-0.03292751315907072,0.08470226791299475,0.013305503764064306,LE:144592,100.125,0.03121098626716612
75,2016-09-29,2016-09-30,2016-10-31,GF,0.12289892700364552,0.029736523718935426,-0.005068870704760028,0.014741655243730245,GF:28034,119.425,0.022817667992463875
75,2016-09-29,2016-09-30,2016-10-31,HE,0.6646458690955281,0.012917790602996582,-0.030547742208294457,0.019414124861675694,HE:103471,49.05,0.11416921508664624
76,2016-10-28,2016-10-31,2016-11-30,CL,-0.011095169152084722,-0.04372121344834612,0.14077267376245436,0.018292196705318373,CL:784319,47.54,0.03449726546066478
76,2016-10-28,2016-10-31,2016-11-30,HO,-0.05429497237725937,0.001506129415552171,0.2840879942094556,0.015735781477013606,HO:279574,1.5699,0.0007006815720744797
76,2016-10-28,2016-10-31,2016-11-30,RB,0.09107977272138996,-0.0414970234561608,-0.21772150805555565,0.016401546975835193,RB:439832,1.495,-0.012575250836120544
76,2016-10-28,2016-10-31,2016-11-30,NG,-0.1651817591814394,-0.05041901416702477,0.1341243758435048,0.018487835890473377,NG:168989,3.159,0.05666350110794571
76,2016-10-28,2016-10-31,2016-11-30,GC,0.03343401694322094,-0.0021504246906471902,0.45172601799385986,0.00656891568392049,GC:2188,1280.8,-0.0833853841349157
76,2016-10-28,2016-10-31,2016-11-30,SI,-0.028385920509394896,-0.006519926584441116,0.09577640063457007,0.01353788196224243,SI:49798,17.99,-0.07976653696498048
76,2016-10-28,2016-10-31,2016-11-30,HG,0.027195607108938025,-0.010446931344838983,-0.11299651457849831,0.008935936339078883,HG:71568,2.2115,0.1867510739317204
76,2016-10-28,2016-10-31,2016-11-30,PL,-0.003262685018231789,0.004766729972299544,0.1949410194348461,0.010559313596581767,PL:122021,981.5,-0.07264391237901169
76,2016-10-28,2016-10-31,2016-11-30,PA,,,-0.12414487047588596,0.013626653299434998,PA:82769,623.4,0.23283606031440485
76,2016-10-28,2016-10-31,2016-11-30,ZC,-0.014193253186217211,-0.0055769235985887455,-0.3727250994530969,0.013039516716492642,ZC:366000,362.5,-0.0386206896551724
76,2016-10-28,2016-10-31,2016-11-30,ZW,-0.009664141891023104,-0.02385486130918657,-0.1373344877789899,0.015292026733855001,ZW:219500,432.5,-0.0687861271676301
76,2016-10-28,2016-10-31,2016-11-30,KE,-0.02108634808729251,-0.02204210992489619,-0.2405852385175136,0.014176598227681135,KE:274618,432.5,-0.05260115606936411
76,2016-10-28,2016-10-31,2016-11-30,ZS,-0.005926241648628733,0.012076543225806091,-0.26344952577259034,0.011035398737266435,ZS:428214,1013.0,0.01900296150049363
76,2016-10-28,2016-10-31,2016-11-30,ZM,-0.010224535422734424,-0.007242086215649923,0.192632803062068,0.012592594504135149,ZM:610871,318.2,0.0006285355122563896
76,2016-10-28,2016-10-31,2016-11-30,ZL,-0.01605600279160746,-0.0018857847684319307,0.17400049128493256,0.012967579237436626,ZL:841802,35.41,0.042643321095735764
76,2016-10-28,2016-10-31,2016-11-30,LE,-0.4476286266717505,-0.03936377012701564,0.06568312470259592,0.013933927956030153,LE:108928,104.125,0.07490996398559413
76,2016-10-28,2016-10-31,2016-11-30,GF,0.11854712006695217,0.03378606860014244,0.028193458556702588,0.015394382733499764,GF:3997,116.275,0.10277359707589762
76,2016-10-28,2016-10-31,2016-11-30,HE,0.6123125093188249,0.027408811023023616,-0.13881167680883458,0.021859247221203353,HE:103471,54.65,0.009149130832570851
77,2016-11-29,2016-11-30,2016-12-30,CL,0.0029304439449143738,-0.03942264208895918,0.17235877374548775,0.01913518858110429,CL:468198,50.11,0.07543404510077822
77,2016-11-29,2016-11-30,2016-12-30,HO,0.007824226558155366,0.008401122875910993,0.1493573849700561,0.017784614796150962,HO:41434,1.5845,0.09151151782896805
77,2016-11-29,2016-11-30,2016-12-30,RB,1.348536889832525,-0.01791547419390449,0.18300991904881592,0.02030027238356852,RB:201933,1.4836,0.1282690752224318
77,2016-11-29,2016-11-30,2016-12-30,NG,-0.2531518805195109,-0.045502839490170754,-0.004903670048572384,0.021951338501906004,NG:168990,3.345,0.11928251121076228
77,2016-11-29,2016-11-30,2016-12-30,GC,-0.0021081659041224925,0.0007925366597449912,0.38502881208322126,0.007758471522538043,GC:2188,1174.0,-0.01873935264054516
77,2016-11-29,2016-11-30,2016-12-30,SI,0.017750892691109372,-0.007004060578001292,-0.33718033757231697,0.015691551809993418,SI:49798,16.555,-0.03594080338266381
77,2016-11-29,2016-11-30,2016-12-30,HG,0.016821526197760867,-0.01731450881551555,0.1185832661567921,0.011590404509464613,HG:78672,2.629,-0.047546595663750524
77,2016-11-29,2016-11-30,2016-12-30,PL,,0.011422232755301076,0.13542989742054798,0.010807683840243745,PL:182700,913.0,-0.007886089813800679
77,2016-11-29,2016-11-30,2016-12-30,PA,,,0.05747192760612301,0.014854900714596303,PA:82769,768.55,-0.11547719731962791
77,2016-11-29,2016-11-30,2016-12-30,ZC,0.0012743292290628427,-0.00872251379404032,-0.40658615535776277,0.013673151356128333,ZC:366000,348.5,0.007173601147776099
77,2016-11-29,2016-11-30,2016-12-30,ZW,0.021312654232410688,-0.011283438475884311,-0.11565639221356484,0.01407024191329519,ZW:219500,402.75,0.014897579143389184
77,2016-11-29,2016-11-30,2016-12-30,KE,-0.018253477615312125,-0.021383564795642962,-0.24854556911234907,0.013027317692844083,KE:274618,409.75,0.021964612568639463
77,2016-11-29,2016-11-30,2016-12-30,ZS,-0.007232883669725524,0.010098461552680682,-0.2578098940063141,0.010767998633489503,ZS:503614,1040.5,-0.034118212397885594
77,2016-11-29,2016-11-30,2016-12-30,ZM,-0.0019902320338120102,0.004458182291465551,0.13849929812782152,0.01307521735380814,ZM:789734,321.1,-0.013702896293989464
77,2016-11-29,2016-11-30,2016-12-30,ZL,0.0032058919245107377,-0.004970067423832436,0.5687307671454791,0.015212436863850433,ZL:134195,37.19,-0.06722237160527023
77,2016-11-29,2016-11-30,2016-12-30,LE,-0.4813205052284245,-0.041456396962788244,0.04157736446566269,0.014235343461398129,LE:108928,111.925,0.03618494527585425
77,2016-11-29,2016-11-30,2016-12-30,GF,0.17166301661161848,0.04577069723266458,0.05544628058363314,0.016229592066311145,GF:3997,128.225,0.019886917527783377
77,2016-11-29,2016-11-30,2016-12-30,HE,0.7231290497068346,-0.021351127687839422,-0.08465257888424606,0.021056391882785495,HE:103471,55.15,0.19310970081595635
78,2016-12-29,2016-12-30,2017-01-31,CL,-0.05848070320514129,-0.04427988391557358,0.35880592377277726,0.021030226702803943,CL:461443,54.83,-0.03720590917380995
78,2016-12-29,2016-12-30,2017-01-31,HO,0.03253661555603382,0.02125545787998706,0.3652567429678626,0.01873360042921239,HO:553330,1.738,-0.06162255466052935
78,2016-12-29,2016-12-30,2017-01-31,RB,-1.0486661596164333,-0.006721480067903851,0.4056393794123827,0.02209299954018211,RB:272046,1.6885,-0.07882736156351788
78,2016-12-29,2016-12-30,2017-01-31,NG,0.4248602878157504,-0.050536179176223106,0.05591223941656517,0.02630218999840424,NG:168991,3.699,-0.15815085158150854
78,2016-12-29,2016-12-30,2017-01-31,GC,-0.021062277703935803,0.00014560612533842665,0.2141259196610618,0.0073291922181262965,GC:805,1156.0,0.049740484429065646
78,2016-12-29,2016-12-30,2017-01-31,SI,0.00367568818626607,-0.006988955677148967,-0.44967654328840173,0.014658273561343622,SI:49798,15.96,0.10119047619047605
78,2016-12-29,2016-12-30,2017-01-31,HG,0.031708923062325374,-0.013702193256383444,0.1670888037395415,0.012951498489440239,HG:14761,2.5085,0.08750249152880207
78,2016-12-29,2016-12-30,2017-01-31,PL,,0.011218352226758821,0.08919461174380501,0.0118007470017189,PL:182700,905.8,0.103223669684257
78,2016-12-29,2016-12-30,2017-01-31,PA,,,0.025376993043973846,0.014530917506651768,PA:82769,679.8,0.11841718152397762
78,2016-12-29,2016-12-30,2017-01-31,ZC,0.014825745211142882,-0.00337092154128682,-0.37117196121727786,0.013353839161162525,ZC:366000,351.0,0.024216524216524205
78,2016-12-29,2016-12-30,2017-01-31,ZW,0.004616035989556427,-0.012833155153027742,-0.08742272722415559,0.014925311127716253,ZW:219500,408.75,0.0287461773700306
78,2016-12-29,2016-12-30,2017-01-31,KE,-0.007955739681240193,-0.025016094584486837,-0.25441034436708365,0.013706717083656216,KE:274618,418.75,0.025074626865671634
78,2016-12-29,2016-12-30,2017-01-31,ZS,-0.01794812232312854,0.007620172309933837,-0.23799681704901046,0.010642638861388023,ZS:503614,1005.0,0.019154228855721378
78,2016-12-29,2016-12-30,2017-01-31,ZM,-0.0023668804870259977,0.0058844294411808384,0.11847355523164832,0.013850743674293077,ZM:789734,316.7,0.056520366277234
78,2016-12-29,2016-12-30,2017-01-31,ZL,-0.012230443269066256,-0.009014830822682285,0.5366645141827209,0.014443987301587732,ZL:134195,34.69,-0.024791006053617726
78,2016-12-29,2016-12-30,2017-01-31,LE,0.3151005209178075,-0.01771873517047795,-0.041246411361108154,0.012467138639756297,LE:25444,114.675,-0.00545018530630037
78,2016-12-29,2016-12-30,2017-01-31,GF,-0.07664803077260726,0.05011206091208242,-0.04155329310736735,0.014175493731831629,GF:1118,125.425,-0.02292206497907112
78,2016-12-29,2016-12-30,2017-01-31,HE,0.784492614955249,0.07728564588873099,-0.049636699789964725,0.020239506712527194,HE:103471,65.8,0.050151975683890626
79,2017-01-30,2017-01-31,2017-02-28,CL,-0.01516182788640516,-0.016823918536918114,0.32358124335278604,0.01988016926510131,CL:399575,53.42,0.009359790340696339
79,2017-01-30,2017-01-31,2017-02-28,HO,0.009652489436334427,0.014336997928465767,0.40057029653918613,0.018205801290082382,HO:477944,1.638,-0.002564102564102555
79,2017-01-30,2017-01-31,2017-02-28,RB,-0.11223078313058547,-0.03239219229054324,0.40822696501167877,0.01892513463261182,RB:324482,1.7737,-0.034673281840221115
79,2017-01-30,2017-01-31,2017-02-28,NG,0.013830855709258183,-0.08751316324175373,0.044010462369183254,0.025881386874593956,NG:168992,3.161,-0.12590952230306873
79,2017-01-30,2017-01-31,2017-02-28,GC,-0.0020261051025205652,-0.002387819716717088,0.15755825081744257,0.006781325189204306,GC:805,1213.5,0.027111660486196953
79,2017-01-30,2017-01-31,2017-02-28,SI,-0.0006636458872047515,-0.007395519338923018,-0.42314874045278,0.011420233623149197,SI:103667,17.645,0.03967129498441491
79,2017-01-30,2017-01-31,2017-02-28,HG,-0.03068279516100735,-0.0030430687313478533,0.3427911021017177,0.012671202910083694,HG:10790,2.73,-0.0075091575091575935
79,2017-01-30,2017-01-31,2017-02-28,PL,-0.011375727091432088,0.012380021649312178,0.22952745586841242,0.011853692654218494,PL:182700,999.3,0.02321625137596328
79,2017-01-30,2017-01-31,2017-02-28,PA,,,-0.09135164510366506,0.016460088374006684,PA:2012,756.1,0.01864832694088081
79,2017-01-30,2017-01-31,2017-02-28,ZC,-0.007794990320587197,-0.010168393264424536,-0.3683202058543567,0.011152896770574261,ZC:711302,366.5,0.017735334242837686
79,2017-01-30,2017-01-31,2017-02-28,ZW,0.00333201939643743,-0.016255403194971985,-0.06780476616829671,0.012783774644316348,ZW:14998,433.25,0.025389497980380815
79,2017-01-30,2017-01-31,2017-02-28,KE,0.03469692981329675,-0.025187901622263364,-0.26518223385548256,0.012501718166442312,KE:85161,442.0,0.04864253393665163
79,2017-01-30,2017-01-31,2017-02-28,ZS,-0.06604809964321628,0.002731637087121541,-0.20081558758831244,0.011577644309427707,ZS:180895,1034.25,0.0029006526468455807
79,2017-01-30,2017-01-31,2017-02-28,ZM,-0.11555085876446239,-0.0001273912748414041,0.21017779324970282,0.01537733415254914,ZM:597359,337.8,-0.005624629958555505
79,2017-01-30,2017-01-31,2017-02-28,ZL,-0.01829122452257422,-0.006389478593181064,0.5391200333238987,0.013203981262112592,ZL:457054,34.11,0.0011726766344180017
79,2017-01-30,2017-01-31,2017-02-28,LE,0.3155994932839734,-0.023532704019787576,-0.06909135908675927,0.01014074804671511,LE:25444,114.05,0.033976326172731275
79,2017-01-30,2017-01-31,2017-02-28,GF,-0.10798996597274453,0.05126953770448006,-0.03869256280534056,0.011948691593340697,GF:1118,122.55,0.01999184006527943
79,2017-01-30,2017-01-31,2017-02-28,HE,-0.21022020041691392,0.06030066027886716,-0.030033995236542238,0.01806268833322923,HE:124624,69.3,-0.024891774891774854
80,2017-02-27,2017-02-28,2017-03-31,CL,-0.013039321081198221,0.0008016210654291367,0.32652091482148554,0.012260406903845075,CL:591942,54.34,-0.06422524843577482
80,2017-02-27,2017-02-28,2017-03-31,HO,0.031899772191442646,0.01502134524432952,0.2826407634984164,0.011641948016728522,HO:800822,1.6455,-0.041750227894257086
80,2017-02-27,2017-02-28,2017-03-31,RB,-0.059230198908575685,-0.01864992372857488,0.45231327263147375,0.012749757178765484,RB:320973,1.7397,-0.020463298269816632
80,2017-02-27,2017-02-28,2017-03-31,NG,-0.04211620318888731,-0.07090479208458267,-0.10730591276890245,0.025672928470224596,NG:168993,2.862,0.11530398322851165
80,2017-02-27,2017-02-28,2017-03-31,GC,-0.005244366446246152,-0.001994522239014751,0.05796390132676715,0.006167945069807514,GC:160078,1249.5,0.001680672268907557
80,2017-02-27,2017-02-28,2017-03-31,SI,-0.005071425331878791,-0.006536573070893281,-0.5808236013011452,0.010882643431959525,SI:103667,18.345,-0.003815753611338235
80,2017-02-27,2017-02-28,2017-03-31,HG,-0.018866100894035773,0.0008621317105961257,0.4380181777738519,0.014141763679595642,HG:55871,2.716,-0.022275405007363802
80,2017-02-27,2017-02-28,2017-03-31,PL,,0.013318869132214362,0.11059518805351737,0.010320866916646361,PL:1950,1025.9,-0.07105955746174097
80,2017-02-27,2017-02-28,2017-03-31,PA,,,-0.10573497407328748,0.017065419519425213,PA:2012,770.2,0.036808621137366826
80,2017-02-27,2017-02-28,2017-03-31,ZC,-0.01924474579923957,-0.009988909512574362,-0.3849559430242181,0.010619830713231165,ZC:711302,373.0,-0.022117962466487895
80,2017-02-27,2017-02-28,2017-03-31,ZW,0.0068191498006546225,-0.014044114073585079,-0.0768062152940294,0.014055984962676023,ZW:14998,444.25,-0.03882948790095664
80,2017-02-27,2017-02-28,2017-03-31,KE,0.0180761985299929,-0.026178047589932585,-0.286537113321295,0.013730249866123541,KE:85161,463.5,-0.09115426105717372
80,2017-02-27,2017-02-28,2017-03-31,ZS,-0.0537734720710462,0.0027241555028094666,-0.20532853665446674,0.010960358602218546,ZS:180895,1037.25,-0.08917811520848395
80,2017-02-27,2017-02-28,2017-03-31,ZM,-0.08442721208083612,-0.0028356003131246865,0.18218416786440694,0.014051579500892267,ZM:597359,335.9,-0.08276272700208387
80,2017-02-27,2017-02-28,2017-03-31,ZL,-0.03854426511648343,-0.008241811601084725,0.5736844713562917,0.010034250619639066,ZL:457054,34.15,-0.06881405563689602
80,2017-02-27,2017-02-28,2017-03-31,LE,0.26852948410456096,-0.0273562637856678,-0.06339429966923678,0.009655962106164023,LE:139,107.4,0.032355679702048334
80,2017-02-27,2017-02-28,2017-03-31,GF,0.09921459682609524,0.05558863428299088,-0.045827902087381266,0.010870987056059832,GF:330,124.475,0.07451295440851591
80,2017-02-27,2017-02-28,2017-03-31,HE,-0.3907078882529802,0.06616348785524961,-0.03420658512251943,0.017494810643616302,HE:124624,67.575,-0.02996670366259724
81,2017-03-30,2017-03-31,2017-04-28,CL,-0.014616407363163358,0.00032899588525769907,0.3922448959788387,0.012278866595152633,CL:58638,51.28,-0.0407566302652107
81,2017-03-30,2017-03-31,2017-04-28,HO,0.008782995817572012,0.007865355088620074,0.34071013775038966,0.011222268663086381,HO:93717,1.5829,-0.04864489228630986
81,2017-03-30,2017-03-31,2017-04-28,RB,-0.06199334604850547,-0.007136088182700062,0.4654357976345626,0.012878747415459505,RB:150533,1.6974,-0.09278897136797448
81,2017-03-30,2017-03-31,2017-04-28,NG,-0.18515392984246146,-0.06999576134782548,-0.15216636122995536,0.021277180375944203,NG:168994,3.257,0.003684372121584234
81,2017-03-30,2017-03-31,2017-04-28,GC,0.0013977985819105202,0.0007963391481615734,-0.044478398563011036,0.005894430991862099,GC:160078,1251.6,0.014301693831895168
81,2017-03-30,2017-03-31,2017-04-28,SI,0.002003869782184097,-0.009454723010250188,-0.6553139992319759,0.009903323539365672,SI:50693,18.35,-0.06158038147138978
81,2017-03-30,2017-03-31,2017-04-28,HG,0.09274358298547282,-0.006141111681215117,0.3813367127171063,0.012811036225087297,HG:28867,2.6665,-0.021938871179448705
81,2017-03-30,2017-03-31,2017-04-28,PL,0.13293433922061987,0.020504823857585452,0.1264492109470145,0.009208490241161667,PL:861,953.4,-0.00650304174533245
81,2017-03-30,2017-03-31,2017-04-28,PA,,,-0.09531927410155033,0.015692274646585763,PA:2012,798.55,0.03450003130674362
81,2017-03-30,2017-03-31,2017-04-28,ZC,-0.02519408202487808,-0.013472216568527817,-0.24979069508659865,0.008862362855753744,ZC:835555,372.25,-0.01813297515110812
81,2017-03-30,2017-03-31,2017-04-28,ZW,-0.03458929487640819,-0.009764660279197979,-0.004823007328426625,0.013569372178347758,ZW:816727,439.25,-0.0170745589072282
81,2017-03-30,2017-03-31,2017-04-28,KE,0.0011353992176703909,-0.023990246903394796,-0.18458270688230444,0.014013847925634025,KE:624353,434.5,0.005178365937859697
81,2017-03-30,2017-03-31,2017-04-28,ZS,-0.11818873841319288,0.00041224031649567117,-0.12238931493360745,0.009706298796362887,ZS:779360,955.25,0.00026171159382371023
81,2017-03-30,2017-03-31,2017-04-28,ZM,-0.014829779257364445,-0.0031741684473138854,0.24126713335660757,0.012228705942038282,ZM:96687,311.3,0.012528107934468347
81,2017-03-30,2017-03-31,2017-04-28,ZL,0.018096554943376766,-0.008652403048102886,0.6818066998643061,0.01183354622474296,ZL:189805,32.09,-0.011530071673418685
81,2017-03-30,2017-03-31,2017-04-28,LE,0.21635820649902723,-0.02629425757296311,-0.044661428342384096,0.009642901282965072,LE:139,110.875,0.11905298759864724
81,2017-03-30,2017-03-31,2017-04-28,GF,-0.06647893811667291,0.06646249570730534,-0.08374771726339113,0.011304549402022912,GF:376,132.4,0.12141238670694854
81,2017-03-30,2017-03-31,2017-04-28,HE,-0.5919380106675215,0.1030396970483779,-0.057264493767472245,0.015035850799859899,HE:35664,69.85,-0.04187544738725835
82,2017-04-27,2017-04-28,2017-05-31,CL,0.007564204977809831,-0.009660419998268499,0.4160719680923523,0.011707409712905997,CL:530071,49.48,-0.014147130153597365
82,2017-04-27,2017-04-28,2017-05-31,HO,0.02392092744713685,-0.001021878364072637,0.3443593543974189,0.010520954179320557,HO:155126,1.512,0.011507936507936467
82,2017-04-27,2017-04-28,2017-05-31,RB,-0.05907403104162941,-0.006381823563975875,0.5839075346566235,0.010819414419875393,RB:769606,1.5455,0.04160465868650909
82,2017-04-27,2017-04-28,2017-05-31,NG,-0.1868321210389396,-0.05138119752800119,-0.12659786751646926,0.01949970005753575,NG:168995,3.339,-0.07577118897873614
82,2017-04-27,2017-04-28,2017-05-31,GC,-0.0023969945870283994,0.0007381283128485849,-0.7264995422308079,0.005699283315984378,GC:66404,1272.7,-0.0011785966842147166
82,2017-04-27,2017-04-28,2017-05-31,SI,-0.004145463085604324,-0.009596728221646034,-1.1334922385330322,0.009329377567965008,SI:50693,17.22,0.006678281068525083
82,2017-04-27,2017-04-28,2017-05-31,HG,0.033953514558615165,0.001464020741436256,0.37813908734972324,0.012172213088889928,HG:55308,2.613,-0.012437810945273742
82,2017-04-27,2017-04-28,2017-05-31,PL,0.024986707271524463,0.012479808105229306,0.13056479069504287,0.010046927114158569,PL:1950,947.4,0.0026388009288578207
82,2017-04-27,2017-04-28,2017-05-31,PA,,,-0.021968402999903998,0.011187734210958426,PA:63620,825.75,-0.011201937632455361
82,2017-04-27,2017-04-28,2017-05-31,ZC,0.0024350338998429255,-0.02256177502807266,-0.20333253033810592,0.009571305455307324,ZC:835555,365.5,0.01641586867305067
82,2017-04-27,2017-04-28,2017-05-31,ZW,0.01992420320969604,-0.008187397710464284,0.12417409602599107,0.013247196401473706,ZW:816727,431.75,-0.00463231036479439
82,2017-04-27,2017-04-28,2017-05-31,KE,0.0007564764603670004,-0.022273165398377204,-0.08654715820916048,0.013945218644035334,KE:624353,436.75,-0.01202060675443617
82,2017-04-27,2017-04-28,2017-05-31,ZS,-0.06462862826873565,-0.0009224809089503072,-0.07629123293114938,0.00822950826432515,ZS:779360,955.5,-0.04133961276818421
82,2017-04-27,2017-04-28,2017-05-31,ZM,-0.026205933441368512,-0.009167115283171268,0.3223966435820143,0.009138847161247913,ZM:96687,315.2,-0.05361675126903542
82,2017-04-27,2017-04-28,2017-05-31,ZL,-9.256240804681598e-05,-0.007177755501461824,0.6544151037189281,0.01242527321164444,ZL:189805,31.72,-0.01261034047919285
82,2017-04-27,2017-04-28,2017-05-31,LE,0.08813268495242478,-0.02717417270509559,-0.06645890610861852,0.009844574389288086,LE:64,119.875,0.016475495307612054
82,2017-04-27,2017-04-28,2017-05-31,GF,-0.09397159202143182,0.06557083538275688,-0.05303594865003731,0.011764329469146361,GF:1937,153.575,-0.005697541917629834
82,2017-04-27,2017-04-28,2017-05-31,HE,-0.17472091495483794,0.07991347286332995,-0.04284706287479942,0.015090707210856992,HE:37074,73.975,0.1074687394389997
83,2017-05-30,2017-05-31,2017-06-30,CL,-0.01424937440398798,-0.010904887223239235,0.3275467680575804,0.014537165008795606,CL:337704,49.02,-0.05487556099551216
83,2017-05-30,2017-05-31,2017-06-30,HO,0.014267375168341617,-0.0005177962527920243,0.43573271933478136,0.012135212543523533,HO:347445,1.5364,-0.03176256183285597
83,2017-05-30,2017-05-31,2017-06-30,RB,-0.820708185176489,0.004088517563600402,0.7988160023153597,0.012193650720426998,RB:52193,1.5967,-0.050479113170915024
83,2017-05-30,2017-05-31,2017-06-30,NG,0.14481579006643402,-0.04421426571284304,-0.22062104706490263,0.016759116983516245,NG:168996,3.121,-0.025632809996795958
83,2017-05-30,2017-05-31,2017-06-30,GC,0.003265999371725078,0.00048811058246966965,-0.7941656476841115,0.006073724838637425,GC:66404,1271.2,-0.02344241661422275
83,2017-05-30,2017-05-31,2017-06-30,SI,,-0.013139886892620245,-1.3910686775472323,0.008937667530161116,SI:121364,17.39,-0.043990799309948314
83,2017-05-30,2017-05-31,2017-06-30,HG,0.005557828186610089,-0.0019488457607299559,0.22738881716213427,0.01077473130643891,HG:10234,2.59,0.043822393822393835
83,2017-05-30,2017-05-31,2017-06-30,PL,,0.017216713806056605,-0.19530036513509322,0.01053533134440051,PL:24575,953.0,-0.02549842602308494
83,2017-05-30,2017-05-31,2017-06-30,PA,,,-0.004710922372199841,0.011645842594560763,PA:63620,816.5,0.02865890998162879
83,2017-05-30,2017-05-31,2017-06-30,ZC,-0.012253044841744443,-0.019370852875590705,-0.15441505867489191,0.011070695428904619,ZC:518927,379.5,0.0013175230566535578
83,2017-05-30,2017-05-31,2017-06-30,ZW,-0.050928379982390304,-0.007996426058641704,0.22413001178319628,0.014509084846672552,ZW:434957,444.25,0.18345526167698378
83,2017-05-30,2017-05-31,2017-06-30,KE,-0.09063237207980726,-0.02478584420679142,0.129803413999675,0.016057733985748477,KE:708395,450.0,0.17388888888888898
83,2017-05-30,2017-05-31,2017-06-30,ZS,0.008298261417785979,-0.004054951282928432,-0.3631873267153692,0.008144270502571908,ZS:888343,918.25,0.02913150013612853
83,2017-05-30,2017-05-31,2017-06-30,ZM,-0.026509823001171773,-0.029805110574573357,0.07409914928875969,0.00885330691554114,ZM:274559,299.5,0.01969949916527547
83,2017-05-30,2017-05-31,2017-06-30,ZL,-0.029093718745670363,-0.008148372079313515,0.6306942332772114,0.011291184233816502,ZL:649428,31.44,0.05152671755725202
83,2017-05-30,2017-05-31,2017-06-30,LE,0.19549410203674555,-0.016800577861021848,-0.06018367279704058,0.011437083837414812,LE:64,121.85,-0.04575297496922437
83,2017-05-30,2017-05-31,2017-06-30,GF,-0.08874294879860994,0.04207667981589669,-0.016678612567583274,0.014365978825130889,GF:1937,152.7,-0.029469548133595258
83,2017-05-30,2017-05-31,2017-06-30,HE,-1.0565673585028685,0.09735275935186327,-0.09217020530859878,0.013071761558768581,HE:45832,83.05,0.09391932570740513
84,2017-06-29,2017-06-30,2017-07-31,CL,0.012345091899500671,-0.006850347474027019,0.29372674562829876,0.015841222716682417,CL:16346,46.57,0.07751771526733942
84,2017-06-29,2017-06-30,2017-07-31,HO,0.014957212024235132,0.003931342698658913,0.4389326234345026,0.01328367792950608,HO:670322,1.4955,0.11688398528920074
84,2017-06-29,2017-06-30,2017-07-31,RB,0.6912530460084171,0.013392223833997519,0.9430169233237559,0.013424201198076458,RB:338329,1.5061,0.11413584755328321
84,2017-06-29,2017-06-30,2017-07-31,NG,0.12808985781023255,-0.056858041307479845,-0.17472472790988966,0.0150801185509039,NG:168997,3.034,-0.07119314436387603
84,2017-06-29,2017-06-30,2017-07-31,GC,-0.009283584475055165,0.0007088586508402495,-0.7463237860114571,0.006102703709121551,GC:125944,1245.0,0.020321285140562306
84,2017-06-29,2017-06-30,2017-07-31,SI,0.006143477981173109,-0.007948250802115808,-1.4783037611472223,0.008996471412895274,SI:121364,16.625,0.009624060150375868
84,2017-06-29,2017-06-30,2017-07-31,HG,-0.02777746211395283,-0.005673884242355154,0.1998290933837225,0.01041144818919199,HG:49388,2.707,0.06797192463982271
84,2017-06-29,2017-06-30,2017-07-31,PL,,0.010362637561467714,-0.15751883060453462,0.01008747971203924,PL:24575,928.7,0.013782707009798667
84,2017-06-29,2017-06-30,2017-07-31,PA,0.006064900934297252,,-0.045414474701125786,0.01332095602620355,PA:63620,839.9,0.04988689129658286
84,2017-06-29,2017-06-30,2017-07-31,ZC,-0.0149726665845656,-0.01077135850645028,0.09784082592708736,0.012127728261944191,ZC:518927,380.0,-0.021052631578947323
84,2017-06-29,2017-06-30,2017-07-31,ZW,-0.04387781499568125,0.0075188336173951376,0.3661956806410704,0.016060643317322387,ZW:434957,525.75,-0.09415121255349501
84,2017-06-29,2017-06-30,2017-07-31,KE,-0.08890285558828002,-0.015103810330853729,0.21362499033316693,0.01660137034579369,KE:708395,528.25,-0.09891150023663042
84,2017-06-29,2017-06-30,2017-07-31,ZS,0.04347878943990967,-0.0034643658203122873,-0.575550137266539,0.00816646401602802,ZS:682458,948.0,0.05432489451476785
84,2017-06-29,2017-06-30,2017-07-31,ZM,0.011784516419017196,-0.019998277128374764,0.005929372782891476,0.008814573038465223,ZM:83093,306.7,0.044343006194978773
84,2017-06-29,2017-06-30,2017-07-31,ZL,0.025358815580713033,-0.006813474853419654,0.6132057721924244,0.010875804107738921,ZL:718058,33.15,0.05218702865761693
84,2017-06-29,2017-06-30,2017-07-31,LE,0.012483910162543589,-0.03005767388821501,-0.03202561158443226,0.013090337934335538,LE:56583,115.15,-0.026052974381241878
84,2017-06-29,2017-06-30,2017-07-31,GF,-0.06715247121926422,0.0456654878238234,-0.018353244931038456,0.016017346231910718,GF:1937,148.2,-0.010458839406207732
84,2017-06-29,2017-06-30,2017-07-31,HE,0.3901928217225502,0.18961630172687471,-0.14034432756195206,0.012791811365211694,HE:29,83.75,-0.040597014925373154
85,2017-07-28,2017-07-31,2017-08-31,CL,-0.0032741892497169835,0.0003474618705405774,0.2751994696339475,0.016786183685620317,CL:722442,50.28,-0.06463802704852828
85,2017-07-28,2017-07-31,2017-08-31,HO,-0.016122624500086613,0.01943471444589595,0.40974722156149845,0.01436106964398733,HO:862679,1.6722,0.0452099031216362
85,2017-07-28,2017-07-31,2017-08-31,RB,0.05500820141947138,0.023824094970476217,0.914054251469207,0.013568327576033528,RB:832258,1.561,0.1398462524023063
85,2017-07-28,2017-07-31,2017-08-31,NG,0.2342030091115913,-0.05256524214767344,-0.1966298189953704,0.015501503490700322,NG:168998,2.858,0.06543037088873338
85,2017-07-28,2017-07-31,2017-08-31,GC,0.007097009555501308,0.0009632400410704012,-0.479049906810802,0.005881842245053141,GC:125944,1270.3,0.04140754152562387
85,2017-07-28,2017-07-31,2017-08-31,SI,,-0.007426182700910444,-1.4664784321028934,0.009165386819505216,SI:399806,16.91,0.04287403903015985
85,2017-07-28,2017-07-31,2017-08-31,HG,0.017496583914101436,-0.0047993971423885284,0.24761142638332154,0.008980648396752179,HG:2240,2.9015,0.06462174737204895
85,2017-07-28,2017-07-31,2017-08-31,PL,,0.009841275505070413,-0.1960221543325411,0.009194856881347144,PL:24575,941.5,0.06340945300053114
85,2017-07-28,2017-07-31,2017-08-31,PA,,,-0.08665640753806358,0.011942522326542153,PA:1247,875.9,0.0646763329147162
85,2017-07-28,2017-07-31,2017-08-31,ZC,-0.04023017165947908,-0.008878874082866028,-0.14083695938274096,0.015241610732288757,ZC:128062,386.0,-0.07383419689119175
85,2017-07-28,2017-07-31,2017-08-31,ZW,-0.03378495083705499,0.017127274474586174,0.5263979053803921,0.020838331660995017,ZW:373084,501.0,-0.1337325349301397
85,2017-07-28,2017-07-31,2017-08-31,KE,0.008081204023719785,-0.0191372485439254,0.37996654432055416,0.021072823040452097,KE:516014,502.75,-0.13326703132769768
85,2017-07-28,2017-07-31,2017-08-31,ZS,-0.028871902387897098,-0.017327370594626856,-0.2950671766188709,0.012090703678573919,ZS:202254,1007.25,-0.060560933234053094
85,2017-07-28,2017-07-31,2017-08-31,ZM,-0.004939120732810907,-0.019003661007528927,0.1841655029360931,0.013233899256318637,ZM:61963,322.3,-0.0794291033198884
85,2017-07-28,2017-07-31,2017-08-31,ZL,0.007640771777814019,-0.009164203546577543,0.6785097733994646,0.01107904947116753,ZL:437299,34.98,-0.0034305317324184736
85,2017-07-28,2017-07-31,2017-08-31,LE,0.04710291079188445,-0.03343957482612514,-0.056306385018202024,0.013466553789906289,LE:56583,112.15,-0.05907267053053944
85,2017-07-28,2017-07-31,2017-08-31,GF,-0.0802007467780929,0.03297277331663784,-0.07268715743604269,0.01706962247509798,GF:2672,147.05,-0.02975178510710641
85,2017-07-28,2017-07-31,2017-08-31,HE,0.9835427054686445,0.22573005547482383,-0.17725846518289254,0.012052666598273245,HE:473,66.025,-0.07080651268458926
86,2017-08-30,2017-08-31,2017-09-29,CL,-0.025772017603635997,-0.01477376986129808,0.27118733444933363,0.015662499520678736,CL:660580,47.87,0.07875496135366622
86,2017-08-30,2017-08-31,2017-09-29,HO,0.09524891390868984,0.02621052809127633,0.40720141056952364,0.01442071018614579,HO:161822,1.7301,0.0451418993121786
86,2017-08-30,2017-08-31,2017-09-29,RB,0.33082577251945855,0.10684669209235675,0.5913420714901302,0.01551522224391448,RB:221088,1.6089,-0.013922555783454471
86,2017-08-30,2017-08-31,2017-09-29,NG,-0.16977178506543134,-0.06201115305383398,-0.13118932729085958,0.01455122346053397,NG:168999,3.108,-0.02895752895752901
86,2017-08-30,2017-08-31,2017-09-29,GC,-0.003244674882580789,0.0005280214668113015,-0.3392999832291864,0.005816984777671185,GC:60173,1326.6,-0.03324287652645852
86,2017-08-30,2017-08-31,2017-09-29,SI,,-0.007434011847889499,-1.3140380500846065,0.01086716810934698,SI:399806,17.635,-0.053586617521973356
86,2017-08-30,2017-08-31,2017-09-29,HG,-0.007860520710324548,-0.005399690231862708,0.2225781189054387,0.009485138536014454,HG:34191,3.0995,-0.04936280045168573
86,2017-08-30,2017-08-31,2017-09-29,PL,,0.00954921350272453,-0.258640578703828,0.007659984583362227,PL:8842,1004.4,-0.08960573476702505
86,2017-08-30,2017-08-31,2017-09-29,PA,,,-0.038102543994416066,0.010319283296555414,PA:1247,932.55,0.0025735885475310916
86,2017-08-30,2017-08-31,2017-09-29,ZC,-0.03006406353132919,-0.008342090445587202,-0.14918989227697596,0.014607567736971541,ZC:128062,357.5,-0.0034965034965035446
86,2017-08-30,2017-08-31,2017-09-29,ZW,-0.04125740881820397,0.0059972633801623765,0.554102534035004,0.020023417351143925,ZW:373084,434.0,0.034562211981566726
86,2017-08-30,2017-08-31,2017-09-29,KE,0.016361249434444475,-0.021331281182030537,0.46188729052861904,0.01959255128020594,KE:516014,435.75,0.018932874354561147
86,2017-08-30,2017-08-31,2017-09-29,ZS,0.003011929564036342,-0.013416072660120903,-0.39657189450597047,0.012670890510491186,ZS:202254,946.25,0.022721268163804487
86,2017-08-30,2017-08-31,2017-09-29,ZM,0.0024098538773553585,-0.021679357221511708,0.18565900611999142,0.013972701277913908,ZM:708233,300.0,0.05166666666666675
86,2017-08-30,2017-08-31,2017-09-29,ZL,-0.015373816928901586,-0.009695510681291042,0.6468156654992039,0.011161245590359881,ZL:890675,35.09,-0.06412083214591047
86,2017-08-30,2017-08-31,2017-09-29,LE,-0.10475580309637257,-0.045028907189504475,-0.11855248676280222,0.012952310143725224,LE:18815,109.275,0.05261953786318929
86,2017-08-30,2017-08-31,2017-09-29,GF,-0.15418594463476848,0.021637539416735407,-0.12458040739417629,0.015464109185018822,GF:205,143.3,0.06018841591067692
86,2017-08-30,2017-08-31,2017-09-29,HE,0.8885819554934602,0.15300911871043554,-0.2073980186742658,0.014936365573590116,HE:473,61.35,-0.09698451507742467
87,2017-09-28,2017-09-29,2017-10-31,CL,-0.04261198965799935,-0.013433075869322741,-0.43952047214704704,0.014521903642492236,CL:18179,51.9,0.051445086705202314
87,2017-09-28,2017-09-29,2017-10-31,HO,-0.04905875664035992,0.013323786510826663,0.10814098983347803,0.014681243257397066,HO:354199,1.8047,0.04543691472266853
87,2017-09-28,2017-09-29,2017-10-31,RB,0.06191490903844263,0.0648774528032472,0.546962027132896,0.01745484242935361,RB:455977,1.575,0.11003174603174615
87,2017-09-28,2017-09-29,2017-10-31,NG,-0.399217270310708,-0.06453759550584104,-0.061353977751468364,0.014134795112388902,NG:169000,3.192,-0.09085213032581452
87,2017-09-28,2017-09-29,2017-10-31,GC,-0.003384926721072566,5.465960606687581e-06,0.05165259885582184,0.006613386223185539,GC:60173,1282.5,-0.009200779727095432
87,2017-09-28,2017-09-29,2017-10-31,SI,-0.018119749318139623,-0.008969604796382535,-0.4427519185285571,0.010548978021231985,SI:399806,16.69,0.0002995805871779389
87,2017-09-28,2017-09-29,2017-10-31,HG,-0.02603526689605134,-0.007824571581825257,0.05933434796059182,0.010539004445516288,HG:183050,2.9475,0.05631891433418157
87,2017-09-28,2017-09-29,2017-10-31,PL,,,-0.15236378898737435,0.00808720272797175,PL:8842,914.4,0.007217847769029007
87,2017-09-28,2017-09-29,2017-10-31,PA,,,-0.08809115446064862,0.013105630081038978,PA:1247,934.95,0.046793946200331504
87,2017-09-28,2017-09-29,2017-10-31,ZC,-0.0064435259837271885,-0.009852823207558092,-0.07464731023171386,0.014426199383077699,ZC:128062,356.25,-0.03017543859649119
87,2017-09-28,2017-09-29,2017-10-31,ZW,-0.0023269048117820212,0.015409128457532284,0.539509123526261,0.018145485907626713,ZW:373084,449.0,-0.0657015590200446
87,2017-09-28,2017-09-29,2017-10-31,KE,0.0048896828860787445,-0.020065244831587892,0.467110658948409,0.018084966714613286,KE:516014,444.0,-0.0591216216216216
87,2017-09-28,2017-09-29,2017-10-31,ZS,-0.005480949758735101,-0.013902470482749618,-0.3829462136505193,0.01321327433567233,ZS:703808,978.25,0.006644518272425293
87,2017-09-28,2017-09-29,2017-10-31,ZM,-0.02200857647361877,-0.020222048245487123,0.20094724296887048,0.015271920269136461,ZM:708233,315.5,-0.010776545166402474
87,2017-09-28,2017-09-29,2017-10-31,ZL,-0.015839234643113237,-0.010211052279855526,0.6939946865780232,0.010803563344315202,ZL:890675,32.84,0.0557247259439706
87,2017-09-28,2017-09-29,2017-10-31,LE,-0.12241081352018991,-0.05805207813262325,-0.17647008808288261,0.012761353343728275,LE:18815,115.025,0.09084981525755254
87,2017-09-28,2017-09-29,2017-10-31,GF,-0.026370649617706812,-0.0034821269836298185,-0.11910113544083993,0.014703749606142251,GF:6402,153.525,0.038593063019052076
87,2017-09-28,2017-09-29,2017-10-31,HE,-0.006507284187129536,0.06090858943193633,-0.09957620032606779,0.017080695198654045,HE:22754,59.7,0.13693467336683418
88,2017-10-30,2017-10-31,2017-11-30,CL,-0.015185500587232469,-0.011722581255769304,-0.528483354304328,0.013171588107203105,CL:800225,54.78,0.047462577583059495
88,2017-10-30,2017-10-31,2017-11-30,HO,-0.0034269790132518477,0.0026311563494860746,0.03594537921214177,0.014093214865457601,HO:554395,1.8858,0.010393466963622977
88,2017-10-30,2017-10-31,2017-11-30,RB,0.07679617266273085,0.020973500487411867,0.45064392176260987,0.0178389655371285,RB:550941,1.7248,0.006609461966604835
88,2017-10-30,2017-10-31,2017-11-30,NG,-0.14821130580586936,-0.060889757755543505,-0.13084545976472242,0.013309669216865147,NG:100178,3.03,0.007920792079207928
88,2017-10-30,2017-10-31,2017-11-30,GC,0.005516147596003405,-0.0005063276550553164,0.05668181694404686,0.006477255379272581,GC:15562,1275.6,0.0017246785826279254
88,2017-10-30,2017-10-31,2017-11-30,SI,-0.0176493188769717,-0.006323143312837232,-0.05085033980384158,0.008827504960278294,SI:3188,16.805,-0.019637012793811248
88,2017-10-30,2017-10-31,2017-11-30,HG,,0.011473934555940035,0.13271313217326938,0.011336047421785457,HG:22552,3.116,-0.019094993581514674
88,2017-10-30,2017-10-31,2017-11-30,PL,,,-0.12772529544667569,0.00770978998574977,PL:8842,921.0,0.024864277958740466
88,2017-10-30,2017-10-31,2017-11-30,PA,,,-0.28732316767742666,0.0137101870653498,PA:5022,970.85,0.03641139207910604
88,2017-10-30,2017-10-31,2017-11-30,ZC,-0.035045570399040285,-0.01884977576364666,-0.13875275703222467,0.009954923033306879,ZC:723285,359.5,-0.010431154381084884
88,2017-10-30,2017-10-31,2017-11-30,ZW,0.00768649117974915,0.0022473307043500146,0.5388597136729913,0.011888526486410632,ZW:183753,437.0,-0.009153318077803174
88,2017-10-30,2017-10-31,2017-11-30,KE,0.04524213556988063,-0.01909741371801066,0.44816338667516004,0.011938856796033667,KE:454147,435.25,-0.009190120620333087
88,2017-10-30,2017-10-31,2017-11-30,ZS,-0.01176234366827076,-0.015654335231033212,-0.35182022588574074,0.008938415140931836,ZS:703808,984.75,0.0012693577050013616
88,2017-10-30,2017-10-31,2017-11-30,ZM,-0.011825551430869406,-0.015389826983724042,0.23503908444284966,0.011375999989164316,ZM:736618,314.1,0.039796243234638595
88,2017-10-30,2017-10-31,2017-11-30,ZL,0.0021202442583286296,-0.009972946682767603,0.6378062251059958,0.009293092611219245,ZL:105049,34.84,-0.0272675086107923
88,2017-10-30,2017-10-31,2017-11-30,LE,-0.3410186826578121,-0.05655756831550218,-0.19766050004249724,0.01205073595158583,LE:8235,129.25,-0.03384912959381048
88,2017-10-30,2017-10-31,2017-11-30,GF,0.11795411039645168,-0.04726355491722334,-0.148493332690573,0.01231343970074804,GF:426,159.6,-0.033991228070175294
88,2017-10-30,2017-10-31,2017-11-30,HE,-0.2273030463879943,0.02011107419562408,-0.007396434046776571,0.017971734338267254,HE:22754,67.875,-0.051197053406998094
89,2017-11-29,2017-11-30,2017-12-29,CL,-0.012265831476604358,-0.004070587330126552,-0.5296521738046714,0.011694656668715511,CL:253894,57.41,0.04685594844103824
89,2017-11-29,2017-11-30,2017-12-29,HO,-0.05407829178133259,0.005760514606534484,0.08001935353983082,0.01097959861827456,HO:687796,1.9058,0.0811732605729878
89,2017-11-29,2017-11-30,2017-12-29,RB,0.9571023547752421,0.0338547797835671,0.4939736169269239,0.01359279271603356,RB:174411,1.7454,0.02429242580497304
89,2017-11-29,2017-11-30,2017-12-29,NG,-0.6438003667755876,-0.0642348375604771,-0.08731300823441708,0.014986835572411903,NG:100184,3.061,-0.034629206141783664
89,2017-11-29,2017-11-30,2017-12-29,GC,0.0020091724346731794,-0.0033404545970219246,0.10584724205188363,0.005633583872269222,GC:15562,1277.8,0.021364845828768075
89,2017-11-29,2017-11-30,2017-12-29,SI,0.010656199623683138,-0.005012677445008551,-0.08859442738619432,0.009699976215471941,SI:3188,16.475,0.0309559939301971
89,2017-11-29,2017-11-30,2017-12-29,HG,-0.032562140101596596,0.0133661126018072,0.002032813057015986,0.010583382306011312,HG:22552,3.0565,0.07475871094389008
89,2017-11-29,2017-11-30,2017-12-29,PL,,,-0.34445104087118067,0.007972789316907503,PL:100736,943.9,-0.009640851785146731
89,2017-11-29,2017-11-30,2017-12-29,PA,,,0.05068205551240283,0.011226742838572928,PA:5022,1006.2,0.048648380043728956
89,2017-11-29,2017-11-30,2017-12-29,ZC,0.001118045653556693,-0.014769718369583185,-0.029783797590442515,0.00903393042228746,ZC:723285,355.75,-0.013352073085031613
89,2017-11-29,2017-11-30,2017-12-29,ZW,0.01923324181719313,0.005168341091738249,0.5425651460948062,0.010672618556825192,ZW:183753,433.0,-0.01327944572748263
89,2017-11-29,2017-11-30,2017-12-29,KE,0.043977597617915226,-0.015127477119388333,0.4694928126443394,0.010982413168809414,KE:454147,431.25,-0.008695652173912993
89,2017-11-29,2017-11-30,2017-12-29,ZS,-0.010839808792448898,-0.014661330585332366,-0.35881255262297795,0.0083531932685201,ZS:511445,998.0,-0.035571142284569146
89,2017-11-29,2017-11-30,2017-12-29,ZM,-0.007423811681530966,-0.012845446049903786,0.26883186908880496,0.011141781116703973,ZM:345123,329.8,-0.038204972710733864
89,2017-11-29,2017-11-30,2017-12-29,ZL,0.003273970851831981,-0.007524850100735003,0.10615564458357805,0.008839729690487097,ZL:792971,34.1,-0.02639296187683282
89,2017-11-29,2017-11-30,2017-12-29,LE,-0.3889456887015456,-0.07144103930214207,-0.16118850242419178,0.010316714086237027,LE:8235,124.875,-0.026026026026025995
89,2017-11-29,2017-11-30,2017-12-29,GF,0.05480044557006538,-0.0657783051837646,-0.18989402324845642,0.010729735418962376,GF:426,154.175,-0.05075401329657869
89,2017-11-29,2017-11-30,2017-12-29,HE,0.4196764622633909,-0.007272032922952976,-0.023807856469410006,0.018798667280035312,HE:20656,69.8,0.025787965616045794
90,2017-12-28,2017-12-29,2018-01-31,CL,-0.02146432523343612,-0.004863614974288888,-0.5455737203668383,0.010566546579360759,CL:669714,60.14,0.07864981709344865
90,2017-12-28,2017-12-29,2018-01-31,HO,0.06361524362366809,0.010411925258616783,0.11783679670334392,0.011246737616914738,HO:303048,2.0407,0.014504826775126212
90,2017-12-28,2017-12-29,2018-01-31,RB,-1.0377057411931199,0.02369925975416587,0.4032895694825726,0.012142386424554341,RB:225725,1.8046,0.05064834312312971
90,2017-12-28,2017-12-29,2018-01-31,NG,0.7026150418130732,-0.052626503065317354,0.2758742903406394,0.020548755868089894,NG:100188,2.905,0.017900172117039537
90,2017-12-28,2017-12-29,2018-01-31,GC,0.0017462828304646745,-0.0026443916123604083,0.06502100092067183,0.005458156104255951,GC:2115,1309.9,0.0295442400183219
90,2017-12-28,2017-12-29,2018-01-31,SI,-0.0001330704130099239,-0.006610974671113601,0.04800036365584669,0.009907177943421493,SI:3188,16.985,0.02119517221077416
90,2017-12-28,2017-12-29,2018-01-31,HG,0.013726869125077288,0.018224098726032034,-0.6508497191762823,0.011469560764598062,HG:512732,3.295,-0.026555386949924098
90,2017-12-28,2017-12-29,2018-01-31,PL,,,-0.301982970997352,0.008515803228150322,PL:12154,939.9,0.07447600808596655
90,2017-12-28,2017-12-29,2018-01-31,PA,0.015924064959926727,,-0.030208698030796215,0.010145555327499509,PA:5022,1055.15,-0.02525707245415354
90,2017-12-28,2017-12-29,2018-01-31,ZC,0.013305090832388872,-0.01793318809775779,-0.1418800847127157,0.007173593597923421,ZC:723285,351.0,0.029914529914529808
90,2017-12-28,2017-12-29,2018-01-31,ZW,0.011273605795508207,-0.00028375295219329466,0.5410217999069198,0.00982138875273122,ZW:183753,427.25,0.056758338209479176
90,2017-12-28,2017-12-29,2018-01-31,KE,0.0436902006020031,-0.017881711711552506,0.48096157445805415,0.01008704103829313,KE:454147,427.5,0.09122807017543866
90,2017-12-28,2017-12-29,2018-01-31,ZS,-0.003868076532179174,-0.015392233907738473,-0.3829707105730024,0.007559352895908217,ZS:511445,962.5,0.03558441558441561
90,2017-12-28,2017-12-29,2018-01-31,ZM,0.001255333545744891,-0.01069147189755415,0.27291130939327757,0.010451033963575409,ZM:345123,317.2,0.06462799495586391
90,2017-12-28,2017-12-29,2018-01-31,ZL,0.008907357495152899,-0.0037367111624798666,0.22335097055935893,0.008117030628160401,ZL:792971,33.2,-0.004518072289156794
90,2017-12-28,2017-12-29,2018-01-31,LE,0.28047590686551876,-0.07851130770733694,-0.09682467012098103,0.010265702976962079,LE:125548,122.525,0.0018363599265456276
90,2017-12-28,2017-12-29,2018-01-31,GF,-0.07396455981935243,-0.05748279044382976,-0.16384476994425146,0.010739545398123522,GF:43,142.875,0.013473315835520694
90,2017-12-28,2017-12-29,2018-01-31,HE,0.32439166448333107,-0.08075417704852583,-0.06963245540312862,0.016832954094709477,HE:20656,71.6,0.02304469273743015
91,2018-01-30,2018-01-31,2018-02-28,CL,-0.0340564770493815,-0.007022179950281426,-0.481896707763021,0.010339015483866384,CL:477338,64.66,-0.04732446643983912
91,2018-01-30,2018-01-31,2018-02-28,HO,0.023052620354986786,0.006118828366724838,0.1907999591355267,0.010275065795235312,HO:426793,2.0582,-0.07346224856670869
91,2018-01-30,2018-01-31,2018-02-28,RB,-0.07603027001560422,0.07724842338657134,0.4049880009138187,0.011611749347748187,RB:870433,2.0667,-0.0688537281656747
91,2018-01-30,2018-01-31,2018-02-28,NG,0.22392620500617022,-0.014451115706884732,0.28930537556289826,0.02458492115898021,NG:111232,2.837,-0.05886499823757496
91,2018-01-30,2018-01-31,2018-02-28,GC,-0.010299955268184093,-0.0022605816854504024,0.010707091483065997,0.00556069252839138,GC:2115,1348.6,-0.022319442384695187
91,2018-01-30,2018-01-31,2018-02-28,SI,0.007905486016101772,-0.006664471162010521,0.1042104884036923,0.0091216521319619,SI:115655,17.43,-0.05823293172690769
91,2018-01-30,2018-01-31,2018-02-28,HG,0.06254270814898506,0.01322149672010453,-0.43417435571987706,0.011411032847629076,HG:35134,3.228,-0.029894671623296287
91,2018-01-30,2018-01-31,2018-02-28,PL,,,-0.333222068102276,0.008710443340125534,PL:12154,1009.9,-0.01841766511535803
91,2018-01-30,2018-01-31,2018-02-28,PA,,,0.12801857215063664,0.01097924442617687,PA:18805,1023.35,0.011481897688962572
91,2018-01-30,2018-01-31,2018-02-28,ZC,-0.027880773697235392,-0.0159785361574718,-0.1507473437900795,0.006443538642241529,ZC:517400,369.75,0.031102096010818148
91,2018-01-30,2018-01-31,2018-02-28,ZW,-0.0037036978702944257,0.001362909533260459,0.49894786685899734,0.01066255039388928,ZW:98731,465.0,0.05913978494623651
91,2018-01-30,2018-01-31,2018-02-28,KE,-0.03181024259219134,-0.015500979632267042,0.44270429775354303,0.011752583005758039,KE:264992,481.0,0.0790020790020789
91,2018-01-30,2018-01-31,2018-02-28,ZS,-0.04157845070745127,-0.014332946444580719,-0.5823115729827439,0.006830157681649346,ZS:188612,1007.75,0.04688662862813198
91,2018-01-30,2018-01-31,2018-02-28,ZM,-0.07055008803831292,-0.009471346222237442,-0.09948342127329841,0.009716494434663997,ZM:152999,341.5,0.1487554904831625
91,2018-01-30,2018-01-31,2018-02-28,ZL,-0.011270882857601444,-0.003405846816070257,0.2247572407743882,0.008026764837861996,ZL:470115,33.29,-0.03094022228897575
91,2018-01-30,2018-01-31,2018-02-28,LE,0.27149809124832014,-0.09399680861598325,-0.123980900849943,0.010945574969413077,LE:125548,122.75,0.004684317718941067
91,2018-01-30,2018-01-31,2018-02-28,GF,-0.047723646209777947,-0.06233806820936172,-0.17790915891259373,0.011708067864277033,GF:43,144.8,-0.001035911602209949
91,2018-01-30,2018-01-31,2018-02-28,HE,-0.18532496452146707,-0.05106296708736413,-0.02976255229399733,0.015478188775774938,HE:15397,72.15,-0.06618156618156623
92,2018-02-27,2018-02-28,2018-03-29,CL,-0.030824099253229563,-0.009893228646934649,-0.40040850996359856,0.012566315727590044,CL:545967,61.4,0.0571661237785015
92,2018-02-27,2018-02-28,2018-03-29,HO,0.02478681713550142,-0.0008944971908440014,0.14844463022735618,0.011384982549519442,HO:364921,1.9088,0.06119027661357901
92,2018-02-27,2018-02-28,2018-03-29,RB,-0.0650686296439311,0.08227918937117362,0.30371331922159794,0.012333276901773141,RB:603493,1.9388,0.04146894986589644
92,2018-02-27,2018-02-28,2018-03-29,NG,-0.002443206673146875,-0.035834690890717,0.07090525159532826,0.023145659228673624,NG:111234,2.698,0.012231282431430568
92,2018-02-27,2018-02-28,2018-03-29,GC,-0.0028223337736350412,-0.0022566745514864817,0.045123727566934925,0.005806045556345613,GC:51253,1324.2,0.004077933846850845
92,2018-02-27,2018-02-28,2018-03-29,SI,0.0064390720656985825,-0.008161436663241317,-0.12831243172429643,0.009945063722302522,SI:115655,16.415,-0.0045689917758147125
92,2018-02-27,2018-02-28,2018-03-29,HG,-0.002689634876765948,0.012230206613863537,-0.44421538816108747,0.010721856470108829,HG:35134,3.1315,-0.0346479323008142
92,2018-02-27,2018-02-28,2018-03-29,PL,0.008143414219016449,,-0.356563495531036,0.00887022482326919,PL:12154,991.3,-0.05518006657923935
92,2018-02-27,2018-02-28,2018-03-29,PA,,-0.007217010336522112,-0.0038120416134063326,0.01324355060749233,PA:18805,1035.1,-0.08380832769780688
92,2018-02-27,2018-02-28,2018-03-29,ZC,-0.02281504365525233,-0.014766767336895303,-0.20175591927812261,0.005804575793103809,ZC:517400,381.25,0.01704918032786895
92,2018-02-27,2018-02-28,2018-03-29,ZW,0.018590913441424578,0.0005673911216635963,0.5460881807474943,0.012435016385862393,ZW:98731,492.5,-0.08274111675126905
92,2018-02-27,2018-02-28,2018-03-29,KE,-0.01806659217894993,-0.020332320346956756,0.4809681849589381,0.012826258801935927,KE:264992,519.0,-0.09922928709055878
92,2018-02-27,2018-02-28,2018-03-29,ZS,-0.058135859164136175,-0.013835594916183469,-0.6231325679173145,0.006716938561345912,ZS:188612,1055.0,-0.009952606635071137
92,2018-02-27,2018-02-28,2018-03-29,ZM,-0.13759390513468706,0.003591732240415535,-0.011320950823135457,0.011183483646446566,ZM:152999,392.3,-0.02115727759367836
92,2018-02-27,2018-02-28,2018-03-29,ZL,-0.011494471466924398,-0.004554380498294153,0.2577325969268365,0.008025009012722212,ZL:470115,32.26,-0.009299442033477878
92,2018-02-27,2018-02-28,2018-03-29,LE,0.2675686265362375,-0.09816683510075008,-0.06901251937608877,0.010327127272410879,LE:244012,115.525,-0.11209694871239995
92,2018-02-27,2018-02-28,2018-03-29,GF,-0.0008751733451250882,-0.07828688559695918,-0.11645045852886163,0.01172419274991705,GF:784,146.9,-0.09240980258679388
92,2018-02-27,2018-02-28,2018-03-29,HE,-0.2773403442243688,-0.026362022921319395,-0.02977438167568063,0.014114127600876453,HE:15397,67.375,-0.15213358070500926
93,2018-03-28,2018-03-29,2018-04-30,CL,-0.0420881840963963,-0.013403344135936024,-0.19946580653399967,0.01439842657278825,CL:45928,64.89,0.05594082293111402
93,2018-03-28,2018-03-29,2018-04-30,HO,-0.012788474860082005,-0.006866844852455145,0.2211843043802814,0.012406666369514506,HO:173034,2.0224,0.06151107594936689
93,2018-03-28,2018-03-29,2018-04-30,RB,-0.05384942471479297,0.0683283297050028,0.2547182340720679,0.01318771448224751,RB:148529,2.0236,0.05159122356196888
93,2018-03-28,2018-03-29,2018-04-30,NG,-0.16805060706729802,-0.041519026824630045,0.0479842012561475,0.01652656620386798,NG:111235,2.776,-0.002521613832852876
93,2018-03-28,2018-03-29,2018-04-30,GC,0.004826087964080742,-0.0012676914336511302,0.08660630658967122,0.006457719127996306,GC:51253,1329.6,-0.010228640192538996
93,2018-03-28,2018-03-29,2018-04-30,SI,0.009512892718652233,-0.006986950641467593,-0.051743130418974985,0.010519187711117511,SI:109006,16.43,-0.004869141813755196
93,2018-03-28,2018-03-29,2018-04-30,HG,-0.013256972711972743,0.014418248116922827,-0.2501601814051574,0.01135419858374459,HG:4511,3.0385,0.008227743952608169
93,2018-03-28,2018-03-29,2018-04-30,PL,-0.010170920523964441,,-0.1240547823775708,0.008369385498418392,PL:12154,936.6,-0.03224428784966904
93,2018-03-28,2018-03-29,2018-04-30,PA,,-0.006406174349713467,-0.12369281509051584,0.013594908732602249,PA:18805,948.35,0.011282754257394334
93,2018-03-28,2018-03-29,2018-04-30,ZC,-0.015057034030972569,-0.017111522651453992,-0.2527423606994024,0.006348299640578032,ZC:750748,395.75,0.012634238787113006
93,2018-03-28,2018-03-29,2018-04-30,ZW,-0.032220115109588665,-0.011701934532128977,0.5380024118914062,0.016056748369239454,ZW:333018,469.25,0.08950452850293011
93,2018-03-28,2018-03-29,2018-04-30,KE,-0.029843719471568664,-0.020287257896582922,0.3891765224856387,0.0172733565875247,KE:63069,486.75,0.10477657935285056
93,2018-03-28,2018-03-29,2018-04-30,ZS,-0.12627384298943195,-0.013288430115766525,-0.7356730279449282,0.00799895214304865,ZS:43714,1055.0,-0.006161137440758302
93,2018-03-28,2018-03-29,2018-04-30,ZM,-0.004161864465812556,-0.007962385106902836,-0.16162782543856796,0.01277870171577759,ZM:20231,385.8,0.018662519440124425
93,2018-03-28,2018-03-29,2018-04-30,ZL,-0.0038091385407692663,-0.005878763034705359,0.06678236500582074,0.008955775490658943,ZL:881249,32.21,-0.04750077615647319
93,2018-03-28,2018-03-29,2018-04-30,LE,0.27435624696452743,-0.08851999075138606,-0.030911842906305373,0.009656272431691742,LE:244012,102.575,0.03217158176943702
93,2018-03-28,2018-03-29,2018-04-30,GF,-0.10327060790532175,-0.0702797154752125,-0.043633245868611566,0.01092421849640814,GF:669,134.0,0.04365671641791047
93,2018-03-28,2018-03-29,2018-04-30,HE,-1.3142791483550054,-0.1177332826623857,-0.08683509147081803,0.014803591685289889,HE:235562,67.725,-0.017718715393133855
94,2018-04-27,2018-04-30,2018-05-31,CL,-0.02645724968596641,-0.019849161581237507,-0.032578500011138496,0.0138960960136674,CL:353594,68.41,-0.01944160210495538
94,2018-04-27,2018-04-30,2018-05-31,HO,0.018871154128104726,-0.0045136620700965135,0.26418560282001396,0.011393131057836856,HO:648352,2.1428,0.031220832555534983
94,2018-04-27,2018-04-30,2018-05-31,RB,-0.04650440124620722,0.09346608346262375,0.2660881441363667,0.011651717531172879,RB:748941,2.124,0.019397363465160078
94,2018-04-27,2018-04-30,2018-05-31,NG,-0.097592359931832,-0.034525012651004716,-0.001592630830509999,0.010346607390502539,NG:111236,2.804,0.05206847360912992
94,2018-04-27,2018-04-30,2018-05-31,GC,0.0034276827372405096,-0.0021331462510130184,0.12666490506060185,0.00632223364092767,GC:178970,1322.3,-0.01406639945549415
94,2018-04-27,2018-04-30,2018-05-31,SI,-0.004854788047757061,-0.009838504347745358,-0.042133725602217606,0.009394427355497616,SI:109006,16.35,0.006116207951070152
94,2018-04-27,2018-04-30,2018-05-31,HG,0.005592183855995081,0.011196403138543864,-0.26353350415633353,0.010231662994501341,HG:168937,3.074,-0.0034157449577097987
94,2018-04-27,2018-04-30,2018-05-31,PL,-0.001406534301040499,,-0.1431716242650625,0.008147607908286123,PL:12154,906.4,0.0037511032656663
94,2018-04-27,2018-04-30,2018-05-31,PA,,-0.016717639379210114,-0.19064179725133992,0.014829200253951772,PA:6232,954.0,0.029350104821803003
94,2018-04-27,2018-04-30,2018-05-31,ZC,-0.016873027351155367,-0.013821820846934951,-0.10355357771376064,0.008782310087344834,ZC:750748,400.75,-0.01809107922645037
94,2018-04-27,2018-04-30,2018-05-31,ZW,-0.03088193818671256,-0.012410791909775454,0.5101288365746351,0.017560149200827397,ZW:333018,511.25,0.026405867970660246
94,2018-04-27,2018-04-30,2018-05-31,KE,-0.03441872345879787,-0.017460732759723818,0.3650393805938009,0.01891855157755723,KE:63069,537.75,0.005113900511390046
94,2018-04-27,2018-04-30,2018-05-31,ZS,-0.10612055157735072,-0.013810792185544152,-0.6431705908071763,0.009443811717720995,ZS:43714,1048.5,-0.027658559847401065
94,2018-04-27,2018-04-30,2018-05-31,ZM,0.008529387461746085,-0.00640725422847388,-0.07209789295283672,0.01389880781440209,ZM:20231,393.0,-0.04580152671755722
94,2018-04-27,2018-04-30,2018-05-31,ZL,-0.01546871410900235,-0.00642617963924641,0.07337750484621824,0.00862070092005849,ZL:881249,30.68,0.015319426336375397
94,2018-04-27,2018-04-30,2018-05-31,LE,0.040466625487264374,-0.07647379009858801,-0.03180258344954926,0.011624083236879962,LE:296586,104.35,-0.0033540967896501517
94,2018-04-27,2018-04-30,2018-05-31,GF,0.005891588129271013,-0.03620693303138556,-0.057135366026815654,0.012188934882797363,GF:7637,146.025,0.009416195856873921
94,2018-04-27,2018-04-30,2018-05-31,HE,-0.5036031794354555,-0.053632822056512874,-0.11280815822257348,0.019167381832602623,HE:235559,72.9,0.05041152263374471
95,2018-05-30,2018-05-31,2018-06-29,CL,-0.00045522663407181196,-0.023600267182640078,-0.18591253528474486,0.013607697470742764,CL:253896,66.93,0.10936799641416384
95,2018-05-30,2018-05-31,2018-06-29,HO,-0.012031718106750276,-0.011346041681512764,0.16864905276758463,0.010833084112805178,HO:3419,2.2125,-0.002079096045197737
95,2018-05-30,2018-05-31,2018-06-29,RB,-0.6511324544263989,0.07670586672327562,0.28489862681710304,0.010801207692418822,RB:171476,2.1578,-0.003568449346556646
95,2018-05-30,2018-05-31,2018-06-29,NG,0.06901043807404161,-0.03814480051751479,-0.006251302816819318,0.010633510001602557,NG:111238,2.965,-0.015514333895446875
95,2018-05-30,2018-05-31,2018-06-29,GC,0.002170210218950603,-0.0010161660627638902,0.0676525421256678,0.0056751651856552145,GC:178970,1303.7,-0.03796885786607351
95,2018-05-30,2018-05-31,2018-06-29,SI,,-0.011394184314502565,0.028470617491344444,0.008921861243522544,SI:12077,16.52,-0.021791767554479424
95,2018-05-30,2018-05-31,2018-06-29,HG,-0.04199092042461205,0.013416082416001451,-0.22434368264802662,0.008995574516890705,HG:167025,3.074,-0.03806115810019517
95,2018-05-30,2018-05-31,2018-06-29,PL,,,-0.10261530668970542,0.007805916337935897,PL:4587,911.8,-0.060210572493967995
95,2018-05-30,2018-05-31,2018-06-29,PA,,-0.021669028921091682,-0.1303052790334002,0.012830351594958048,PA:6232,982.0,-0.03401221995926673
95,2018-05-30,2018-05-31,2018-06-29,ZC,-0.015798891976756282,-0.019791849272831508,-0.18042843814878903,0.009997750120739432,ZC:324999,402.75,-0.10800744878957169
95,2018-05-30,2018-05-31,2018-06-29,ZW,-0.02270806861642946,-0.007662672226033784,0.47948741439471526,0.018937846684419037,ZW:164602,541.75,-0.07337332718043377
95,2018-05-30,2018-05-31,2018-06-29,KE,-0.09827379024715595,-0.010041228780522271,0.28275360173836434,0.019907072852077764,KE:808821,558.5,-0.1271262309758281
95,2018-05-30,2018-05-31,2018-06-29,ZS,-0.011092193943261136,-0.0161366583591791,-0.5163868110081147,0.01077654116892402,ZS:896188,1024.0,-0.157470703125
95,2018-05-30,2018-05-31,2018-06-29,ZM,-0.020132029689896584,-0.016311111675922918,-0.062220594553914814,0.01377181145712639,ZM:91063,375.9,-0.12077680234104815
95,2018-05-30,2018-05-31,2018-06-29,ZL,-0.002320327956457771,-0.004967865419157391,0.05160893975632821,0.008410481359515868,ZL:278048,31.27,-0.06459865685960986
95,2018-05-30,2018-05-31,2018-06-29,LE,0.062279085934104,-0.0881533995193956,0.06708185730907112,0.013042189310143214,LE:296586,104.0,0.02620192307692304
95,2018-05-30,2018-05-31,2018-06-29,GF,-0.005356002395106682,-0.03609080922022767,-0.04909619884880398,0.01323132379043405,GF:7637,147.4,0.02662822252374486
95,2018-05-30,2018-05-31,2018-06-29,HE,-0.9928858878258323,-0.049453193277769314,-0.09331053352001376,0.019124767024198616,HE:132853,77.725,0.06529430685107762
96,2018-06-28,2018-06-29,2018-07-31,CL,0.09359980557239328,0.0038822151818007633,-0.09533033036630068,0.015101395948427014,CL:738344,72.55,-0.057064093728463106
96,2018-06-28,2018-06-29,2018-07-31,HO,-0.01942343865619168,-0.014921390976031068,-0.26401956205925825,0.011408681926782197,HO:517851,2.2151,-0.038102117285901294
96,2018-06-28,2018-06-29,2018-07-31,RB,0.4934977922809066,0.08477041017560061,-0.43518481436607853,0.011818844437915178,RB:628802,2.1278,-0.02448538396465849
96,2018-06-28,2018-06-29,2018-07-31,NG,0.10814259607825316,-0.03666866149503267,-0.039708374802703165,0.011427288420305642,NG:111240,2.898,-0.04106280193236722
96,2018-06-28,2018-06-29,2018-07-31,GC,-0.010415825733341145,-0.0015797220805605638,-0.08677429252909909,0.004530954602763649,GC:221629,1260.5,-0.026259420864736094
96,2018-06-28,2018-06-29,2018-07-31,SI,-0.010550013616558496,-0.008466577433055456,-0.3135905891552772,0.00941074263442833,SI:12077,16.16,-0.03867574257425743
96,2018-06-28,2018-06-29,2018-07-31,HG,0.01715434747568937,0.013929615965926567,-0.3954212127073049,0.009693875339234617,HG:63990,2.9645,-0.049755439365828935
96,2018-06-28,2018-06-29,2018-07-31,PL,-0.007629910102070932,,-0.11986138902625428,0.008204124954185857,PL:4587,856.9,-0.02042245302835799
96,2018-06-28,2018-06-29,2018-07-31,PA,,-0.02476794649392433,-0.3597936952657648,0.012018180308659376,PA:6232,948.6,-0.0216107948555766
96,2018-06-28,2018-06-29,2018-07-31,ZC,-0.02699550812112103,-0.02314248059995494,-0.19312520908480957,0.011329518373582885,ZC:324999,359.25,0.036186499652052895
96,2018-06-28,2018-06-29,2018-07-31,ZW,-0.010580041530779849,-0.013560053915265602,0.4769970861187764,0.01914678054244729,ZW:164602,502.0,0.10458167330677282
96,2018-06-28,2018-06-29,2018-07-31,KE,-0.054645406945299096,-0.02053204189656077,0.2625493332754549,0.019922453547180783,KE:808821,487.5,0.14102564102564097
96,2018-06-28,2018-06-29,2018-07-31,ZS,-0.005832736863962226,-0.013346981777125344,-0.4505034348615672,0.01111669414250645,ZS:456322,868.5,0.04490500863557867
96,2018-06-28,2018-06-29,2018-07-31,ZM,0.005357627011250699,-0.016736386683690485,0.011200809336144263,0.011630360921360836,ZM:159539,330.7,0.028122165104324193
96,2018-06-28,2018-06-29,2018-07-31,ZL,0.0048306271584093105,-0.005839602263630894,0.057735554080644125,0.00795864514794654,ZL:456594,29.37,-0.017024174327545105
96,2018-06-28,2018-06-29,2018-07-31,LE,-0.0618226524539458,-0.07185313364157431,0.07198209876269997,0.013889393382251324,LE:118550,110.025,-0.00613496932515345
96,2018-06-28,2018-06-29,2018-07-31,GF,-0.04626278195909223,-0.03808839103876993,-0.0031625902001789037,0.012765177888383652,GF:7637,151.325,-0.014703452833305763
96,2018-06-28,2018-06-29,2018-07-31,HE,0.7655714099138797,-0.037948071771160774,-0.009681435741657536,0.019514563810604322,HE:173069,76.375,-0.19901800327332242
97,2018-07-30,2018-07-31,2018-08-31,CL,0.012466314451926197,-0.005647743610820655,-0.28018526906907215,0.016275356004500023,CL:820474,67.38,0.03710299792223215
97,2018-07-30,2018-07-31,2018-08-31,HO,-0.011864083809270443,-0.017611440115738786,-0.6022025350625707,0.013181314065322589,HO:325477,2.1383,0.05130243651498856
97,2018-07-30,2018-07-31,2018-08-31,RB,0.012114442560415578,0.07411932375057506,-0.7056419053992347,0.013938964452387934,RB:667604,1.9616,0.017485725938009677
97,2018-07-30,2018-07-31,2018-08-31,NG,0.22953047902662022,-0.037586037507714276,0.009306925451489794,0.010555940994348523,NG:111241,2.796,0.04470672389127328
97,2018-07-30,2018-07-31,2018-08-31,GC,0.002319497525024604,-0.0022600404891895964,-0.19725582377418552,0.004565688568970256,GC:221629,1227.4,-0.02093856933355065
97,2018-07-30,2018-07-31,2018-08-31,SI,,-0.0042135141141569354,-0.3446197580789028,0.008746569546854169,SI:59130,15.635,-0.06779661016949157
97,2018-07-30,2018-07-31,2018-08-31,HG,-0.03955405145363918,0.011428177199913958,-0.2457715332949083,0.010979152835572256,HG:13753,2.823,-0.06110520722635493
97,2018-07-30,2018-07-31,2018-08-31,PL,-0.01715569984922606,,-0.42440800554950675,0.011165796739135129,PL:4587,839.4,-0.061472480343102265
97,2018-07-30,2018-07-31,2018-08-31,PA,,-0.023684777027711545,-0.3952817868694798,0.012028454049816882,PA:2616,925.9,0.046009288260071335
97,2018-07-30,2018-07-31,2018-08-31,ZC,-0.023027945345708303,-0.020766619399785524,-0.028008976223756893,0.013325055529665314,ZC:173904,386.25,-0.05242718446601946
97,2018-07-30,2018-07-31,2018-08-31,ZW,-0.05417885544903892,-0.00616599130744222,0.32101973379663784,0.022207541571389686,ZW:872030,574.25,-0.04832390074009574
97,2018-07-30,2018-07-31,2018-08-31,KE,-0.06129666761789167,-0.014251973917963068,0.13425145938410962,0.021904263303611605,KE:101392,584.0,-0.050513698630136994
97,2018-07-30,2018-07-31,2018-08-31,ZS,-0.01034012905084191,-0.008960817835395596,-0.013734718990144074,0.013305935131013141,ZS:751091,918.0,-0.07897603485838778
97,2018-07-30,2018-07-31,2018-08-31,ZM,-0.09744301513636906,-0.01907167346638261,0.3631741287706943,0.011733191284962086,ZM:865120,340.1,-0.10144075271978825
97,2018-07-30,2018-07-31,2018-08-31,ZL,0.0431597383958424,-0.003657550138018051,-0.04048047909639745,0.008987758181845981,ZL:304126,29.0,-0.016896551724137843
97,2018-07-30,2018-07-31,2018-08-31,LE,-0.019906863729972524,-0.07219703286402357,0.13683149569811565,0.01263677654184123,LE:118550,109.35,-0.006172839506172867
97,2018-07-30,2018-07-31,2018-08-31,GF,-0.06135758766253073,-0.03405648679201423,0.09124188256142741,0.011469280943837213,GF:4455,149.3,0.0010046885465504474
97,2018-07-30,2018-07-31,2018-08-31,HE,1.4237283682837125,-0.06799583585691105,0.028134759321488487,0.017409267942693697,HE:448,50.7,-0.005424063116370892
98,2018-08-30,2018-08-31,2018-09-28,CL,0.011833895738255003,0.01473892702366264,-0.30284370959476165,0.015395596746488788,CL:305220,69.47,0.058874334244997995
98,2018-08-30,2018-08-31,2018-09-28,HO,-0.009616472771103975,-0.030891956531108544,-0.6369393489203118,0.01246234193411524,HO:710225,2.2506,0.045010219497022996
98,2018-08-30,2018-08-31,2018-09-28,RB,0.08600308827947246,-0.035922222435174955,-0.7294853714589605,0.013812717294552489,RB:475232,1.9777,0.05642918541740416
98,2018-08-30,2018-08-31,2018-09-28,NG,-0.018829901171966645,-0.03561922903314563,0.030244407940813962,0.009586316681470813,NG:111242,2.943,0.019707781175670958
98,2018-08-30,2018-08-31,2018-09-28,GC,,-0.001519347683806016,-0.19976457612512738,0.005920927861978609,GC:276142,1206.9,-0.008865688955174478
98,2018-08-30,2018-08-31,2018-09-28,SI,0.019759053938429038,-0.0018462911627384893,-0.6360390030586482,0.009998563879620507,SI:59130,14.575,0.007890222984562545
98,2018-08-30,2018-08-31,2018-09-28,HG,0.10792144981586303,0.010998788449015362,-0.5068991467103087,0.012021649159305753,HG:28627,2.6565,0.05288913984566168
98,2018-08-30,2018-08-31,2018-09-28,PL,0.0009317175199218541,,-0.8199544527546728,0.014497713777015808,PL:6453,789.0,0.03738910012674279
98,2018-08-30,2018-08-31,2018-09-28,PA,,-0.03085661730625522,-0.6322314740855437,0.01649110473086806,PA:2616,968.5,0.09922560660815694
98,2018-08-30,2018-08-31,2018-09-28,ZC,-0.015417287499376653,-0.022867566839464115,-0.1693617905210172,0.01330981091506086,ZC:173904,366.0,-0.025956284153005438
98,2018-08-30,2018-08-31,2018-09-28,ZW,-0.02838116471783475,-0.009865707478803776,0.32302240922140146,0.021866388300114465,ZW:872030,546.5,-0.06587374199451057
98,2018-08-30,2018-08-31,2018-09-28,KE,-0.05031725943563323,-0.021039902951181633,0.12479224385931607,0.02200906141019796,KE:101392,554.5,-0.07439134355275023
98,2018-08-30,2018-08-31,2018-09-28,ZS,0.0016857628173546219,-0.010730829541975795,0.009908494479272048,0.015001396913236736,ZS:751091,845.5,-0.0014784151389710676
98,2018-08-30,2018-08-31,2018-09-28,ZM,0.002418051742595898,-0.019055164598692165,0.40719803274592925,0.012756483946716014,ZM:803248,308.1,0.002271989613761738
98,2018-08-30,2018-08-31,2018-09-28,ZL,-0.048876621447423295,-0.002151319992827694,0.0560475020931263,0.008973474138718936,ZL:779928,28.78,0.006949270326615631
98,2018-08-30,2018-08-31,2018-09-28,LE,-0.16732882604569038,-0.053074796109458644,0.2075325593184479,0.011821529661176338,LE:61478,112.925,0.053575381890635265
98,2018-08-30,2018-08-31,2018-09-28,GF,-0.0977591350918571,-0.027153508562443918,0.14932070293055336,0.01060371148875422,GF:1031,148.85,0.06281491434329856
98,2018-08-30,2018-08-31,2018-09-28,HE,0.6075803541852471,-0.18943115729318927,0.19569283281075064,0.025340786392260763,HE:448,50.425,0.2320277640059496
99,2018-09-27,2018-09-28,2018-10-31,CL,0.0009095399193254326,-0.004711402639774986,-0.25672205995673214,0.011652073220707234,CL:60391,73.33,-0.11305059320878208
99,2018-09-27,2018-09-28,2018-10-31,HO,-0.055188207569830616,-0.020920156966866,-0.6706386266439315,0.009451394104019012,HO:749668,2.3561,-0.04808794193794841
99,2018-09-27,2018-09-28,2018-10-31,RB,0.061940048637191394,0.005893393334422958,-0.6923534826455175,0.011204667264940456,RB:798106,2.0791,-0.1610312154297533
99,2018-09-27,2018-09-28,2018-10-31,NG,-0.6644001134595949,-0.01856611240842887,0.10635265674103475,0.012116928142975039,NG:111243,3.082,0.06132381570408829
99,2018-09-27,2018-09-28,2018-10-31,GC,0.003981671283265802,-0.0005626779100342816,-0.21708392538780602,0.005953841705453182,GC:276142,1196.2,0.017806386891824122
99,2018-09-27,2018-09-28,2018-10-31,SI,0.051629281927328706,0.000212423171930598,-0.6695778150838618,0.009906245755913081,SI:59130,14.69,-0.02825051055139549
99,2018-09-27,2018-09-28,2018-10-31,HG,0.08925978075536005,0.017345895809778633,0.04755793476554929,0.013971999535772902,HG:141431,2.803,-0.052265429896539484
99,2018-09-27,2018-09-28,2018-10-31,PL,-0.04941408755992157,,-0.7693006992052889,0.013045925789672907,PL:2331,820.0,0.020000000000000018
99,2018-09-27,2018-09-28,2018-10-31,PA,,-0.03657121723049972,-0.6415713961678827,0.016413733633354435,PA:2616,1064.6,0.0013150479053165576
99,2018-09-27,2018-09-28,2018-10-31,ZC,-0.01055928284648644,-0.02146971958550148,-0.21107093590590362,0.013024622284690701,ZC:173904,356.5,0.018934081346423604
99,2018-09-27,2018-09-28,2018-10-31,ZW,-0.021913274945376496,-0.016632903425029766,0.3682321706426177,0.020946840502888166,ZW:872030,510.5,-0.018119490695396645
99,2018-09-27,2018-09-28,2018-10-31,KE,-0.0334056684676807,-0.024596997553143374,0.1694435383965504,0.02074268999479906,KE:101392,513.25,-0.03653190452995614
99,2018-09-27,2018-09-28,2018-10-31,ZS,-0.0025374125971813627,-0.010698630626924999,0.0066417094938207265,0.014732609830750842,ZS:702025,858.5,-0.008153756552125802
99,2018-09-27,2018-09-28,2018-10-31,ZM,-0.04191100415902091,-0.021237741384654174,0.3275727048000457,0.0128097670034523,ZM:803248,308.8,-0.008419689119171014
99,2018-09-27,2018-09-28,2018-10-31,ZL,-0.0316864254928675,-0.002373719652386308,0.10194135726968569,0.008915858102785968,ZL:779928,28.98,-0.03347135955831604
99,2018-09-27,2018-09-28,2018-10-31,LE,-0.1531055260878602,-0.05487787077564499,0.2590409195892475,0.00995948303486238,LE:61478,118.975,-0.01617986972052954
99,2018-09-27,2018-09-28,2018-10-31,GF,0.04727536047151634,-0.01338020106367932,0.22324981500212873,0.010116005530297026,GF:189,158.05,-0.029421069281872825
99,2018-09-27,2018-09-28,2018-10-31,HE,-0.35623668630073824,0.055343272139467214,0.14503234690807149,0.026532628232322702,HE:9730,57.875,0.012526997840172749
100,2018-10-30,2018-10-31,2018-11-30,CL,0.0052550638352453355,-0.007998957553803976,-0.3274554197717394,0.013712802411567967,CL:110955,65.18,-0.22184719239030393
100,2018-10-30,2018-10-31,2018-11-30,HO,-0.03131785577212241,-0.015537415665988208,-0.7110723755962178,0.010371524957648919,HO:557296,2.2386,-0.18542839274546596
100,2018-10-30,2018-10-31,2018-11-30,RB,0.12167696458035232,-0.011321587831422564,-0.7643563803337651,0.013725931521921395,RB:626000,1.7451,-0.1979829236146926
100,2018-10-30,2018-10-31,2018-11-30,NG,-0.587794599619549,-0.003196642925862081,-0.12847004821627578,0.014992809050437988,NG:111246,3.315,0.3996983408748114
100,2018-10-30,2018-10-31,2018-11-30,GC,,-0.0008983524714896163,0.08602263313775023,0.006009014981740137,GC:32257,1223.2,0.003760627861347121
100,2018-10-30,2018-10-31,2018-11-30,SI,0.0048232374673561965,-0.000902698282515324,-0.5563520072218539,0.008763505910319942,SI:73454,14.3,-0.009790209790209836
100,2018-10-30,2018-10-31,2018-11-30,HG,-0.11409352084202991,0.008397493357041874,0.3170284890222272,0.013611164858304943,HG:151931,2.6645,0.045036592231187944
100,2018-10-30,2018-10-31,2018-11-30,PL,0.005396097226062695,,-0.7440278497686661,0.012589248025324799,PL:6453,841.5,-0.048128342245989275
100,2018-10-30,2018-10-31,2018-11-30,PA,,-0.038514581793078095,-0.5520479501312924,0.010915102976494022,PA:1990,1062.0,0.08022598870056497
100,2018-10-30,2018-10-31,2018-11-30,ZC,-0.0369651671219076,-0.01785353823643343,-0.17905862676142828,0.011988656290789363,ZC:275617,375.75,0.0026613439787093185
100,2018-10-30,2018-10-31,2018-11-30,ZW,-0.058678479133992545,-0.014716485610887564,0.337455850223342,0.01699122349087589,ZW:810157,516.5,-0.0019361084220715918
100,2018-10-30,2018-10-31,2018-11-30,KE,-0.07012136208078065,-0.028944739116070317,0.1495271215929232,0.017356771538380188,KE:88282,519.0,-0.039980732177263945
100,2018-10-30,2018-10-31,2018-11-30,ZS,-0.00297235802560665,-0.010011678415343006,0.029392249896336355,0.01260570434276501,ZS:702025,851.5,0.0490311215502055
100,2018-10-30,2018-10-31,2018-11-30,ZM,-0.015966095103349127,-0.02477329492745506,0.2984909280905374,0.012806391825776137,ZM:605642,308.1,0.00843881856540074
100,2018-10-30,2018-10-31,2018-11-30,ZL,0.00608168300513446,-0.002118385524665367,0.13385750557817536,0.008527691201853737,ZL:23305,28.22,-0.006732813607370547
100,2018-10-30,2018-10-31,2018-11-30,LE,-0.4686184306108505,-0.0591708703304078,0.2957063920999587,0.008783707684080096,LE:4390,122.3,-0.014717906786590351
100,2018-10-30,2018-10-31,2018-11-30,GF,0.16922818588423783,0.008242289425432703,0.24762070588832066,0.009101103286799897,GF:13,150.15,-0.032800532800532856
100,2018-10-30,2018-10-31,2018-11-30,HE,-0.29331437717212555,0.018747865404273423,0.16136188007739052,0.028593166036993703,HE:9730,58.6,-0.013651877133105894
101,2018-11-29,2018-11-30,2018-12-31,CL,-0.00902362134595779,-0.008486827369414529,-0.9262906585362424,0.020344621664775058,CL:303281,50.85,-0.09911504424778761
101,2018-11-29,2018-11-30,2018-12-31,HO,0.010895028963222544,-0.00710309473965709,-0.9020295409403923,0.01508849071741089,HO:841186,1.8157,-0.06950487415321915
101,2018-11-29,2018-11-30,2018-12-31,RB,1.3262334826612232,-0.000751543697436019,-1.1598017264466611,0.019716492738297224,RB:463828,1.4032,-0.06506556442417333
101,2018-11-29,2018-11-30,2018-12-31,NG,-3.7307794691357,0.009819629360479754,-0.6161896880746748,0.040444051792114535,NG:111247,4.438,-0.33303289770166733
101,2018-11-29,2018-11-30,2018-12-31,GC,-0.00402637087339449,-0.00034790822811647804,0.1464682904547272,0.005682960235450152,GC:32257,1227.8,0.04634305261443239
101,2018-11-29,2018-11-30,2018-12-31,SI,-0.004342344964512822,-0.000761933517103297,-0.2611750772610886,0.009761342760778082,SI:11645,14.25,0.09192982456140353
101,2018-11-29,2018-11-30,2018-12-31,HG,0.027623795189565228,0.004549012853110823,0.34123183516702466,0.013833364032025416,HG:194215,2.788,-0.05577474892395984
101,2018-11-29,2018-11-30,2018-12-31,PL,,,-0.5510454266812235,0.01003268129307577,PL:220395,805.0,-0.004472049689441038
101,2018-11-29,2018-11-30,2018-12-31,PA,,-0.02955353125045357,-0.6161471512924396,0.013282298333175634,PA:1990,1147.2,0.043845885634588466
101,2018-11-29,2018-11-30,2018-12-31,ZC,-0.009900304156578249,-0.019176016327515644,-0.1780119520522907,0.011016862499365558,ZC:275617,376.75,-0.006635700066357053
101,2018-11-29,2018-11-30,2018-12-31,ZW,-0.0011073984691392785,-0.004372169805385018,0.33434588436645746,0.014261488018718543,ZW:810157,515.5,-0.02424830261881672
101,2018-11-29,2018-11-30,2018-12-31,KE,-0.018171553610189656,-0.027881610053688388,0.16943377400294293,0.01412894320171484,KE:88282,498.25,-0.018564977420973405
101,2018-11-29,2018-11-30,2018-12-31,ZS,-0.0027775248613762377,-0.008366967515984203,0.05683629843012627,0.011020473129739895,ZS:549504,906.25,-0.013517241379310319
101,2018-11-29,2018-11-30,2018-12-31,ZM,-0.0005049524064737743,-0.029153380564818532,0.2847409001991091,0.010572306522593633,ZM:636132,313.1,-0.00990099009901002
101,2018-11-29,2018-11-30,2018-12-31,ZL,0.0036353853677261877,-0.0008197756697814196,0.13124194799186958,0.009406163341430351,ZL:650987,28.24,-0.014164305949008416
101,2018-11-29,2018-11-30,2018-12-31,LE,-0.5025992998906905,-0.041791474219927016,0.2774570448511223,0.007351924733705123,LE:4390,120.5,0.02925311203319514
101,2018-11-29,2018-11-30,2018-12-31,GF,0.15970151844866037,0.01682735326414808,0.29011785818043484,0.00872684542742816,GF:13,145.225,0.025477707006369643
101,2018-11-29,2018-11-30,2018-12-31,HE,0.3827875737406373,0.015606836898735765,0.104871557859689,0.023468204875309616,HE:153908,67.475,-0.0959614672100777
102,2018-12-28,2018-12-31,2019-01-31,CL,0.039467652364363004,-0.00808035565798626,-0.6602119796972598,0.025976723533666233,CL:79323,46.16,0.1676776429809359
102,2018-12-28,2018-12-31,2019-01-31,HO,0.0547002162930189,-0.008674219900395186,-0.6847286166339177,0.017347753571296576,HO:779311,1.6811,0.11807744928915587
102,2018-12-28,2018-12-31,2019-01-31,RB,-1.422062328953327,0.005576318454899365,-0.6237982907632974,0.02338081624321557,RB:587283,1.3216,0.04736682808716708
102,2018-12-28,2018-12-31,2019-01-31,NG,1.2329757064083804,-0.04167086028195599,-0.6730268565276586,0.04615105581167837,NG:111248,2.867,-0.011161492849668608
102,2018-12-28,2018-12-31,2019-01-31,GC,,-0.000203751980772493,0.10188976030754832,0.004765265801667834,GC:142620,1297.6,0.02627928483353892
102,2018-12-28,2018-12-31,2019-01-31,SI,-0.00012180846019095234,0.002913172126099539,-0.31199901545755576,0.009247464428455436,SI:11645,15.56,0.03149100257069404
102,2018-12-28,2018-12-31,2019-01-31,HG,-0.0397609632996442,0.0050487196486204144,0.3850485815604207,0.012576764195032786,HG:216402,2.643,0.05240257283390082
102,2018-12-28,2018-12-31,2019-01-31,PL,0.04479272478223679,,-0.54170181136445,0.009898712259573532,PL:20249,797.4,0.0292199648858793
102,2018-12-28,2018-12-31,2019-01-31,PA,0.0052662215612653,-0.018827226342884806,-0.5604181976446976,0.013701510780941957,PA:1990,1197.5,0.09469728601252614
102,2018-12-28,2018-12-31,2019-01-31,ZC,-0.017946428620337643,-0.02101592237950234,-0.1853334298443172,0.008559251968122775,ZC:275617,374.25,0.004676018704074858
102,2018-12-28,2018-12-31,2019-01-31,ZW,0.010382904392910272,0.0005326339349605025,0.32942240287445235,0.012663490991536375,ZW:810157,503.0,0.026838966202783254
102,2018-12-28,2018-12-31,2019-01-31,KE,0.005572281108370991,-0.021586252212679957,0.17812872635751795,0.012300579061308499,KE:88282,489.0,0.020449897750511203
102,2018-12-28,2018-12-31,2019-01-31,ZS,-0.004475916704213198,-0.007676740325851306,0.025588561956665607,0.010293811178785894,ZS:549504,894.0,0.02432885906040272
102,2018-12-28,2018-12-31,2019-01-31,ZM,0.006806505475096591,-0.02813984492081001,0.2654828441338466,0.009517275177552353,ZM:636132,310.0,0.000645161290322438
102,2018-12-28,2018-12-31,2019-01-31,ZL,-0.011153012586848227,0.0003280532191557439,0.0920782323148793,0.009323405976477886,ZL:650987,27.84,0.08512931034482762
102,2018-12-28,2018-12-31,2019-01-31,LE,0.32657757143389315,-0.04636632938843399,0.2331260709312602,0.0066534858103035,LE:79482,126.475,-0.0009883376161297086
102,2018-12-28,2018-12-31,2019-01-31,GF,-0.02230859711096752,0.006158876927737755,0.33079459920899246,0.008155079025683179,GF:26648,146.575,-0.027972027972027913
102,2018-12-28,2018-12-31,2019-01-31,HE,0.6032544646109237,-0.025866706614936508,0.1609308924669802,0.021894797173045086,HE:153908,61.0,-0.07663934426229502
103,2019-01-30,2019-01-31,2019-02-28,CL,0.012604511735783981,-0.009721613189682121,-0.6341434001365741,0.026513999078989013,CL:97456,54.14,0.0565201329885483
103,2019-01-30,2019-01-31,2019-02-28,HO,0.00601421331519324,-0.006427595578509804,-0.6063827032897436,0.017989488604263314,HO:586937,1.8734,0.08332443685278101
103,2019-01-30,2019-01-31,2019-02-28,RB,-0.01151438094739704,-0.0028396848136814645,-0.5388200886542052,0.02398422674032535,RB:265058,1.5876,0.10437137818090214
103,2019-01-30,2019-01-31,2019-02-28,NG,0.16285316606545366,-0.07621039215093273,-0.5951830863812932,0.03464981783801528,NG:111249,2.781,0.006472491909385036
103,2019-01-30,2019-01-31,2019-02-28,GC,0.0029958727614181266,-0.0016563206667669084,0.13183938784725638,0.004749578451397275,GC:142620,1331.7,-0.007058646842381999
103,2019-01-30,2019-01-31,2019-02-28,SI,-0.06238508041636179,0.0026913339830884064,-0.27014474497908375,0.008118257388644787,SI:374,16.16,-0.03125
103,2019-01-30,2019-01-31,2019-02-28,HG,0.008479380584228405,0.015289743223230623,0.3688220760600361,0.012183138924754299,HG:5987,2.7825,0.059478885893980094
103,2019-01-30,2019-01-31,2019-02-28,PL,0.0011223442053456545,0.004500096232521011,-0.38744549778514326,0.009951161774452223,PL:220395,823.0,0.06208991494532201
103,2019-01-30,2019-01-31,2019-02-28,PA,,-0.03077611852795248,-0.527781790418236,0.013968355489758907,PA:64,1295.2,0.15735021618282885
103,2019-01-30,2019-01-31,2019-02-28,ZC,-0.09585757669725517,-0.02165520558321732,-0.1801636934335109,0.007410520093592547,ZC:53047,384.5,-0.03706111833550063
103,2019-01-30,2019-01-31,2019-02-28,ZW,0.03119170461074801,0.0009241649025257814,0.3686364459640961,0.010613747825569252,ZW:617782,521.75,-0.12074748442740779
103,2019-01-30,2019-01-31,2019-02-28,KE,0.009952012479355565,-0.018669755560807966,0.20512565487927328,0.010839067938938645,KE:410562,508.5,-0.12733529990167158
103,2019-01-30,2019-01-31,2019-02-28,ZS,-0.01753117863466011,-0.008316666929886418,0.0292119095985259,0.009508602084124388,ZS:387635,930.0,-0.021505376344086002
103,2019-01-30,2019-01-31,2019-02-28,ZM,-0.016477168886442704,-0.02763322489579445,0.2850463678758126,0.007873247766887234,ZM:474253,314.1,-0.02546959567016871
103,2019-01-30,2019-01-31,2019-02-28,ZL,-0.012840753535280393,0.0012681503039670972,0.061539930585703936,0.009202893258431244,ZL:235738,30.51,-0.008849557522124019
103,2019-01-30,2019-01-31,2019-02-28,LE,0.32257365707255914,-0.03261068534479683,0.28857491204544017,0.005901320469713404,LE:79482,126.35,0.027305104867431984
103,2019-01-30,2019-01-31,2019-02-28,GF,-0.08215226793725244,0.0017291223586611837,0.36728135201127243,0.00788375476869205,GF:26648,142.475,0.002807510089489318
103,2019-01-30,2019-01-31,2019-02-28,HE,0.11572123513920007,-0.06701147577219513,0.16446296576956923,0.016922622223755023,HE:10272,60.425,-0.08067852709971035
104,2019-02-27,2019-02-28,2019-03-29,CL,-0.008219708070883514,-0.011408725417279664,-0.6217660428974093,0.02239914803250905,CL:694785,57.6,0.04479166666666656
104,2019-02-27,2019-02-28,2019-03-29,HO,0.04271514629302174,0.0022076065727130167,-0.5941597259573457,0.01596971338233856,HO:889554,2.0239,-0.026532931468945975
104,2019-02-27,2019-02-28,2019-03-29,RB,-0.04879680350469892,0.0017126539605472058,-0.4973032328491618,0.02017862954209076,RB:177491,1.7662,0.06499830143811569
104,2019-02-27,2019-02-28,2019-03-29,NG,0.018068208120879475,-0.0695918425662736,-0.583627099741064,0.027733969328496626,NG:111251,2.811,-0.0490928495197438
104,2019-02-27,2019-02-28,2019-03-29,GC,-0.01665965689004134,-0.0009524722651460538,0.11419262996381904,0.005029241102399874,GC:142620,1322.3,-0.019133328291613072
104,2019-02-27,2019-02-28,2019-03-29,SI,0.006797704891638192,0.00453648285752406,-0.30243838177011434,0.0078103820343361306,SI:374,15.655,-0.03545193229000321
104,2019-02-27,2019-02-28,2019-03-29,HG,-0.0041025701559393325,0.022236665189060534,0.3537665322482617,0.01044097255734194,HG:1283,2.948,-0.005597014925373012
104,2019-02-27,2019-02-28,2019-03-29,PL,,0.010191894069466412,-0.38073479314565467,0.010272544000210283,PL:2603,877.8,-0.02779676463886993
104,2019-02-27,2019-02-28,2019-03-29,PA,,-0.023629936966274023,-0.469605854953769,0.013128203852457476,PA:64,1499.0,-0.09653102068045372
104,2019-02-27,2019-02-28,2019-03-29,ZC,-0.058374601843789606,-0.02543939839651943,-0.12721431168054564,0.007966956149401898,ZC:53047,370.25,-0.03646185010128289
104,2019-02-27,2019-02-28,2019-03-29,ZW,0.04035509638552781,-0.0048793986854982485,0.33874680456160156,0.012191931970447229,ZW:617782,458.75,0.0010899182561308063
104,2019-02-27,2019-02-28,2019-03-29,KE,0.02360982301823225,-0.017045665013688982,0.22676384296192018,0.012576293582972775,KE:410562,443.75,-0.02985915492957747
104,2019-02-27,2019-02-28,2019-03-29,ZS,-0.015043834131483788,-0.009858638923514684,0.06598137111596912,0.007960151332762315,ZS:387635,910.0,-0.02857142857142858
104,2019-02-27,2019-02-28,2019-03-29,ZM,0.007583431230944307,-0.03137891207534027,0.24545316345029186,0.007160048609401756,ZM:474253,306.1,-0.0016334531198954894
104,2019-02-27,2019-02-28,2019-03-29,ZL,-0.011312921735325276,0.001279652115335983,0.0545296564200816,0.008967125328095328,ZL:235738,30.24,-0.06150793650793651
104,2019-02-27,2019-02-28,2019-03-29,LE,0.24695912879511175,-0.039231740819536065,0.21331800520643826,0.005581199450702977,LE:88159,120.225,-0.010189228529839833
104,2019-02-27,2019-02-28,2019-03-29,GF,0.022095727612446256,-0.0006001482755224608,0.32327191073722567,0.006749570190645453,GF:1511,145.95,-0.002569373072970227
104,2019-02-27,2019-02-28,2019-03-29,HE,-0.29118103105306825,-0.0829206261150337,0.14990345222710075,0.020523744020617907,HE:10272,55.55,0.3874887488748877
105,2019-03-28,2019-03-29,2019-04-30,CL,0.012973837417727549,-0.0007147624103364114,-0.6540290171753181,0.01328199447677574,CL:551735,60.33,0.053207359522625675
105,2019-03-28,2019-03-29,2019-04-30,HO,0.004288413459194427,-0.00267493678939823,-0.6060325103978382,0.010110112673614901,HO:697174,1.9737,0.05021026498454684
105,2019-03-28,2019-03-29,2019-04-30,RB,0.030241313564771957,0.013117245466741423,-0.5512289246862168,0.014178019118388275,RB:177597,1.867,0.10299946438136032
105,2019-03-28,2019-03-29,2019-04-30,NG,-0.15429497076844617,-0.06897505913128921,-0.5468619632467026,0.016167000082608688,NG:111252,2.723,-0.05361733382298928
105,2019-03-28,2019-03-29,2019-04-30,GC,-0.0010385575297733596,-0.002331659308647538,0.07195283452554847,0.00574904263916628,GC:142620,1297.0,-0.009329221279876565
105,2019-03-28,2019-03-29,2019-04-30,SI,0.010932173648927391,0.0024237695912353585,-0.3118461494394495,0.008790345716864212,SI:859,15.195,-0.014807502467917066
105,2019-03-28,2019-03-29,2019-04-30,HG,-0.006115182337458936,0.022208576616286058,0.368195969495417,0.008862555549491898,HG:127011,2.938,-0.009870660313138324
105,2019-03-28,2019-03-29,2019-04-30,PL,0.006487220591554427,0.016050389792130138,-0.3672751102484135,0.011040128947197279,PL:2603,853.4,0.04441059292242788
105,2019-03-28,2019-03-29,2019-04-30,PA,-0.0034239662786110722,-0.022345674719616904,-1.0581657546019585,0.018092565779313025,PA:64,1354.3,0.014103226759211607
105,2019-03-28,2019-03-29,2019-04-30,ZC,-0.030244225001884895,-0.025902293429848955,-0.3307456529030634,0.00795769411994204,ZC:338535,366.5,-0.009549795361528002
105,2019-03-28,2019-03-29,2019-04-30,ZW,0.021472618776969918,0.008431091218898845,0.3831979337840451,0.014552514540171844,ZW:718866,464.75,-0.07692307692307687
105,2019-03-28,2019-03-29,2019-04-30,KE,0.020558626167829858,-0.008658870117002504,0.30795913729754115,0.014466976270986927,KE:141774,437.75,-0.0982295830953741
105,2019-03-28,2019-03-29,2019-04-30,ZS,-0.01343732561533463,-0.008388273185722883,0.10496776116771499,0.007231476529640658,ZS:380939,897.25,-0.04764558372805794
105,2019-03-28,2019-03-29,2019-04-30,ZM,-0.0002728616325201813,-0.02429412373356088,0.26014645635220757,0.00804851192005849,ZM:192016,309.5,-0.030371567043618652
105,2019-03-28,2019-03-29,2019-04-30,ZL,0.011801711458695512,0.0026750306267828705,0.054578150937111186,0.008303560548308527,ZL:105055,28.73,-0.028889662373825287
105,2019-03-28,2019-03-29,2019-04-30,LE,0.20184941614710777,-0.042738047482166586,0.165495486554898,0.006421204895525304,LE:88159,119.0,-0.039075630252100924
105,2019-03-28,2019-03-29,2019-04-30,GF,-0.10027923850043155,-0.023513611092442988,0.2896730374453334,0.007207618201350687,GF:4643,149.025,-0.050327126321087046
105,2019-03-28,2019-03-29,2019-04-30,HE,-0.6459131502633357,0.06637154933637879,0.10900198076093415,0.02462915939510735,HE:17607,80.225,0.050483016516048806
106,2019-04-29,2019-04-30,2019-05-31,CL,-0.01646342447310585,0.003929942045433177,-0.7929408237674349,0.011414920931328478,CL:117678,63.62,-0.16127004086765162
106,2019-04-29,2019-04-30,2019-05-31,HO,0.012314491743690918,-0.0037459876325431907,-0.6654114043446903,0.00894621794901169,HO:463187,2.0757,-0.11634629281688103
106,2019-04-29,2019-04-30,2019-05-31,RB,-0.03159719324814686,0.019033908355106655,-0.6156572338941079,0.010847205329754993,RB:717781,2.0249,-0.1292903353252014
106,2019-04-29,2019-04-30,2019-05-31,NG,-0.1458369433577877,-0.06966426901857492,-0.5357934638905893,0.01176880204368371,NG:111253,2.62,-0.05954198473282446
106,2019-04-29,2019-04-30,2019-05-31,GC,-0.0015102946769647192,-0.0016940237216980236,0.12200462700403569,0.005456150465193513,GC:4226,1290.6,0.015186734852006945
106,2019-04-29,2019-04-30,2019-05-31,SI,0.007743273572405077,0.005937425752989611,-0.13052165596040943,0.008052915585403893,SI:859,14.97,-0.0273881095524382
106,2019-04-29,2019-04-30,2019-05-31,HG,-0.01830891559984279,0.02335001586533414,0.40082977631368283,0.00859778251207738,HG:127011,2.909,-0.09590924716397387
106,2019-04-29,2019-04-30,2019-05-31,PL,-0.003113962098560236,0.014575439254629785,-0.2915766265094345,0.011799512011386886,PL:2603,891.3,-0.11028834286996514
106,2019-04-29,2019-04-30,2019-05-31,PA,,-0.03216705221019178,-1.0895611479416816,0.020051879824098243,PA:10347,1369.7,-0.03329196174344762
106,2019-04-29,2019-04-30,2019-05-31,ZC,-0.01526742849735993,-0.026461058482172173,-0.5351406825927645,0.009540614015345512,ZC:338535,363.0,0.1776859504132231
106,2019-04-29,2019-04-30,2019-05-31,ZW,0.039230975446582855,0.0005854673399503518,0.4304308623580046,0.015084178703787206,ZW:718866,429.0,0.17657342657342667
106,2019-04-29,2019-04-30,2019-05-31,KE,0.0531225030149764,-0.011677856814171328,0.3878841358630516,0.015057314079179682,KE:141774,394.75,0.1988600379987333
106,2019-04-29,2019-04-30,2019-05-31,ZS,-0.034391815623387105,-0.008882070677733722,0.1303580314609268,0.006587829487049241,ZS:380939,854.5,0.028086600351082458
106,2019-04-29,2019-04-30,2019-05-31,ZM,0.003691210822329337,-0.019504447412084902,0.24979194562226467,0.00812669614012654,ZM:192016,300.1,0.07030989670109955
106,2019-04-29,2019-04-30,2019-05-31,ZL,0.012206229340351954,0.0022076409320624935,0.03709908057840076,0.008263337143129908,ZL:105055,27.9,-0.011469534050179253
106,2019-04-29,2019-04-30,2019-05-31,LE,0.15553840009830305,-0.050253781551014454,0.21653639335804162,0.008003118994474995,LE:45200,111.775,-0.07649295459628724
106,2019-04-29,2019-04-30,2019-05-31,GF,-0.0310334600732433,-0.023993956188172905,0.35445330147011483,0.007815062915318572,GF:507,149.1,-0.10328638497652587
106,2019-04-29,2019-04-30,2019-05-31,HE,-0.49934712905308276,0.12431487174987788,0.1630182680760182,0.026061063228919986,HE:15886,88.0,-0.07017045454545456
107,2019-05-30,2019-05-31,2019-06-28,CL,-0.029411382317321065,0.0034674780544659,-0.7940755865655755,0.015223867113110212,CL:310036,53.5,0.08785046728971957
107,2019-05-30,2019-05-31,2019-06-28,HO,0.005852446316593048,-0.0008337295279214896,-0.5083622260652243,0.011311981521921087,HO:401318,1.84,0.05108695652173911
107,2019-05-30,2019-05-31,2019-06-28,RB,-0.8365029904634269,0.02232989896068016,-0.5106892163944566,0.012637583946332798,RB:394907,1.7311,0.09340881520420541
107,2019-05-30,2019-05-31,2019-06-28,NG,0.22858492592188023,-0.05641666399154888,-0.5087735810794501,0.011980470879761916,NG:111254,2.471,-0.06272764063132341
107,2019-05-30,2019-05-31,2019-06-28,GC,0.002642745124343912,-0.001554760756156237,0.16358186660077012,0.004720976472419284,GC:4226,1310.2,0.07807968249122266
107,2019-05-30,2019-05-31,2019-06-28,SI,,0.004539941826196658,-0.11850452739472665,0.007304451690527637,SI:105553,14.63,0.04955570745044424
107,2019-05-30,2019-05-31,2019-06-28,HG,0.16777547344368332,0.01816333235690204,0.3239023623143641,0.010688384909303838,HG:982,2.6415,0.0272572402044291
107,2019-05-30,2019-05-31,2019-06-28,PL,-0.05647256631207689,0.006709760611432802,-0.09589702277379285,0.012356447859837617,PL:11434,798.5,0.05122103944896672
107,2019-05-30,2019-05-31,2019-06-28,PA,-0.10120941614933901,-0.00829467296653541,-0.9639557383322048,0.020547651481778582,PA:10347,1324.1,0.15338720640435022
107,2019-05-30,2019-05-31,2019-06-28,ZC,-0.0008962074304390694,-0.0233352511446433,0.02768640430460607,0.014770380839374944,ZC:660347,436.25,-0.022349570200573043
107,2019-05-30,2019-05-31,2019-06-28,ZW,-0.0004513578168772736,0.005849659257188944,0.532927433201056,0.01918192138557525,ZW:626519,511.75,0.027845627747923762
107,2019-05-30,2019-05-31,2019-06-28,KE,-0.012307160283595492,-0.01062759353583631,0.5789178809698466,0.020214230074285324,KE:694406,484.75,-0.04589994842702427
107,2019-05-30,2019-05-31,2019-06-28,ZS,-0.006121730674319689,-0.007404280291415599,0.24288579679500588,0.01041492539901483,ZS:215210,884.75,0.02288782141847978
107,2019-05-30,2019-05-31,2019-06-28,ZM,0.0052188608205427575,-0.01704792799372623,0.4196993064501704,0.011868286287067577,ZM:139333,322.5,-0.02356589147286825
107,2019-05-30,2019-05-31,2019-06-28,ZL,0.0015657091619207184,0.0017568422366831538,0.07222213207908706,0.009201828035582818,ZL:245103,27.69,0.02564102564102555
107,2019-05-30,2019-05-31,2019-06-28,LE,0.20458743160649137,-0.0454780576636008,0.0848433746952218,0.009072754848899581,LE:45200,103.225,0.00968757568418499
107,2019-05-30,2019-05-31,2019-06-28,GF,-0.04268611551414949,-0.01993856788620796,0.21311938104293598,0.01000608550036309,GF:507,133.7,0.022438294689603566
107,2019-05-30,2019-05-31,2019-06-28,HE,-0.612698098813618,0.07281648194941326,0.20257590655655291,0.02266815506769619,HE:19045,85.7,-0.15635939323220538
108,2019-06-27,2019-06-28,2019-07-31,CL,-0.011216775124518432,-0.011131050840288093,-0.6441685595770708,0.019297043929519465,CL:371909,58.24,-0.010302197802197877
108,2019-06-27,2019-06-28,2019-07-31,HO,-0.01747545589086611,-0.001580100980854704,-0.48043777679141697,0.014094655931525521,HO:209111,1.9417,0.003862594633568639
108,2019-06-27,2019-06-28,2019-07-31,RB,0.7817195191548918,0.022961561718698897,-0.5135368941648222,0.01643546463477503,RB:204561,1.8499,-0.005784096437645325
108,2019-06-27,2019-06-28,2019-07-31,NG,0.31463136692397875,-0.04451119238345458,-0.4681938831637198,0.01529133120997694,NG:111255,2.287,-0.023174464363795333
108,2019-06-27,2019-06-28,2019-07-31,GC,-0.0177845433471704,-0.0003023413391014529,0.5598735768909544,0.00574843964945151,GC:67089,1418.4,-0.00021150592216589992
108,2019-06-27,2019-06-28,2019-07-31,SI,-0.017027673504769664,0.005734831761175729,0.3014866231324743,0.007917180437086243,SI:105553,15.355,0.06024096385542177
108,2019-06-27,2019-06-28,2019-07-31,HG,0.0061900716908714695,0.01732381477303402,0.4971369074019893,0.010284517404872523,HG:4743,2.7175,-0.020607175712971326
108,2019-06-27,2019-06-28,2019-07-31,PL,0.019970450499435185,0.009298594977825037,0.11364794260062373,0.011365638709209987,PL:11434,839.4,0.03466761972837751
108,2019-06-27,2019-06-28,2019-07-31,PA,,-0.005156444230938639,-0.8605355359797491,0.01668367806410825,PA:10347,1527.2,-0.0047799895233106016
108,2019-06-27,2019-06-28,2019-07-31,ZC,-0.0005451391098901942,-0.011735878876033334,0.07465455490860526,0.016623191048326418,ZC:660347,426.5,-0.061547479484173495
108,2019-06-27,2019-06-28,2019-07-31,ZW,-0.006617145927430804,0.01025492517163995,0.5070909364423757,0.018859973764719023,ZW:626519,526.0,-0.07509505703422048
108,2019-06-27,2019-06-28,2019-07-31,KE,-0.022688733024376267,-0.008930829810021468,0.5291610059886964,0.020567705763549982,KE:694406,462.5,-0.08702702702702703
108,2019-06-27,2019-06-28,2019-07-31,ZS,-0.0026570114958775898,-0.004894102890683594,0.27566818705436535,0.011358052601347375,ZS:772385,911.25,-0.0480109739368999
108,2019-06-27,2019-06-28,2019-07-31,ZM,-0.001594015023983708,-0.01748057840395656,0.3962786595645947,0.01224302526908324,ZM:159929,316.7,-0.05273129144300592
108,2019-06-27,2019-06-28,2019-07-31,ZL,0.0031646296666361026,0.0018446297721214089,0.1359464719144606,0.010213929864809785,ZL:23627,28.47,-0.018967334035827177
108,2019-06-27,2019-06-28,2019-07-31,LE,-0.0739811351738277,-0.045270168375366016,0.1973264953996571,0.010386202126237263,LE:163980,105.65,0.016800757217226625
108,2019-06-27,2019-06-28,2019-07-31,GF,-0.01272957757229683,-0.020146802697669886,0.19846631148897026,0.012148384365109096,GF:507,136.7,0.034381858083394334
108,2019-06-27,2019-06-28,2019-07-31,HE,0.43786658587867555,-0.029968693765776933,0.1959474138607879,0.021733819765743196,HE:217,76.35,0.03863785199738046
109,2019-07-30,2019-07-31,2019-08-30,CL,-0.011939391168110259,-0.007895672036020929,-0.6019301550896701,0.02026305638867873,CL:82818,57.69,-0.04385508753683487
109,2019-07-30,2019-07-31,2019-08-30,HO,-0.05240575932195612,-6.481879184827566e-05,-0.38934039886887944,0.014834307345037245,HO:257695,1.9558,-0.0616627467021168
109,2019-07-30,2019-07-31,2019-08-30,RB,0.013128279228289769,0.02372292133424636,-0.4164172511965675,0.017096277368231782,RB:896648,1.683,-0.09233511586452758
109,2019-07-30,2019-07-31,2019-08-30,NG,0.46969004817928917,-0.03794470912478709,-0.3963721695398389,0.017554794999695,NG:111256,2.251,0.012883163038649448
109,2019-07-30,2019-07-31,2019-08-30,GC,0.001548420227703226,-0.0004673066175944207,0.8634211853717265,0.008326232895756543,GC:67089,1418.1,0.07397221634581497
109,2019-07-30,2019-07-31,2019-08-30,SI,,0.005388554667399292,0.2071256911374521,0.00904551588576912,SI:111203,16.39,0.12751677852348986
109,2019-07-30,2019-07-31,2019-08-30,HG,0.000558505696573456,0.015985788558172898,0.08758251253341791,0.008480541423525036,HG:105343,2.678,-0.049850634802091065
109,2019-07-30,2019-07-31,2019-08-30,PL,-0.0248095138107473,0.005105889494587235,0.33690265281402737,0.010556209817015895,PL:11434,868.5,0.07795048934945314
109,2019-07-30,2019-07-31,2019-08-30,PA,0.06992559215473225,0.00025908301444443893,-0.8205752962471705,0.012490525165682676,PA:27986,1519.3,0.007700914895017563
109,2019-07-30,2019-07-31,2019-08-30,ZC,-0.0355120276767627,-0.01791779048781339,0.0636434243318487,0.019217645167534447,ZC:102262,409.75,-0.099450884685784
109,2019-07-30,2019-07-31,2019-08-30,ZW,-0.013199534661039153,0.01738499198549459,0.47907137717490245,0.020902026425303883,ZW:434144,492.75,-0.0639269406392694
109,2019-07-30,2019-07-31,2019-08-30,KE,0.01200586279338331,-0.002868131087835457,0.46691251388891675,0.023100940661850512,KE:532524,440.5,-0.1027241770715096
109,2019-07-30,2019-07-31,2019-08-30,ZS,-0.006440886777946589,-0.006621477698247835,0.08878843894899455,0.012368969119832363,ZS:765691,880.25,-0.01334848054529958
109,2019-07-30,2019-07-31,2019-08-30,ZM,0.004165005136988212,-0.014503751499927109,0.2897942086844351,0.012436590959608007,ZM:575125,301.7,-0.03413987404706664
109,2019-07-30,2019-07-31,2019-08-30,ZL,0.04347748716312543,0.003335396765688947,0.11755358286058484,0.010538012072423438,ZL:779478,28.05,0.022816399286987643
109,2019-07-30,2019-07-31,2019-08-30,LE,-0.028598103976939238,-0.04535450888244574,0.06216725790984871,0.009633374408442587,LE:163980,107.425,-0.08168489643937626
109,2019-07-30,2019-07-31,2019-08-30,GF,-0.015999385716615813,-0.02213834330678932,0.21014717462007962,0.012702541573573096,GF:641,142.425,-0.07231876426189232
109,2019-07-30,2019-07-31,2019-08-30,HE,0.42038969747038907,0.06004160963212257,0.1649268785918084,0.022075895684269722,HE:208558,71.0,-0.1024647887323944
110,2019-08-29,2019-08-30,2019-09-30,CL,-0.010212353334787705,-0.004123279510143019,-0.6306129139007022,0.019284430904772408,CL:405685,54.93,-0.012561441835062803
110,2019-08-29,2019-08-30,2019-09-30,HO,-0.01868233814327505,0.00023134517181022662,-0.396749921103384,0.013990195591231921,HO:319189,1.8371,0.0355451526862991
110,2019-08-29,2019-08-30,2019-09-30,RB,0.09417413293893964,0.024957051648199946,-0.41677815871091806,0.01681703000379581,RB:704273,1.501,0.047301798800799544
110,2019-08-29,2019-08-30,2019-09-30,NG,-0.33305960820689406,-0.029780549612620222,-0.3942486613247565,0.018600891045819433,NG:111257,2.324,-0.0012908777969017349
110,2019-08-29,2019-08-30,2019-09-30,GC,0.002146638168144286,-0.0006142597218341539,0.7652883681042041,0.010102358619203463,GC:116834,1529.2,-0.03236986659691343
110,2019-08-29,2019-08-30,2019-09-30,SI,0.05561458315448183,0.009389679894882486,0.3559626188543462,0.011390173739746993,SI:111203,18.48,-0.07548701298701299
110,2019-08-29,2019-08-30,2019-09-30,HG,-0.01711497054586996,0.001817680577562597,0.10144728336018288,0.009360117506328772,HG:2558,2.5445,0.009432108469247247
110,2019-08-29,2019-08-30,2019-09-30,PL,0.04571219887647271,0.0019489209050489453,0.41867378698703445,0.01071624878111667,PL:101074,941.9,-0.052659517995540917
110,2019-08-29,2019-08-30,2019-09-30,PA,,0.0072250035135554835,-0.979417678128209,0.01456457178985053,PA:27986,1531.0,0.07635532331809292
110,2019-08-29,2019-08-30,2019-09-30,ZC,-0.018203666560672863,-0.018917747813409602,-0.3097054796006438,0.018603380257877205,ZC:102262,369.0,0.04878048780487809
110,2019-08-29,2019-08-30,2019-09-30,ZW,-0.014210488885647861,0.030945779866323186,0.3726463075276316,0.017243130698230504,ZW:434144,461.25,0.07425474254742537
110,2019-08-29,2019-08-30,2019-09-30,KE,-0.008697935573003829,0.001460042472488099,0.31896062196993463,0.01929234581041002,KE:532524,395.25,0.05060088551549646
110,2019-08-29,2019-08-30,2019-09-30,ZS,-0.0032463956250548542,-0.003691325078462482,0.39681279910212963,0.010845031181664145,ZS:765691,868.5,0.041162924582613725
110,2019-08-29,2019-08-30,2019-09-30,ZM,-0.014449769613485083,-0.012891394336173367,0.40116833154868176,0.009695319905870121,ZM:798012,295.0,0.018983050847457772
110,2019-08-29,2019-08-30,2019-09-30,ZL,-0.004402707777528464,0.005204190867254765,0.33580049522675703,0.01147101244120154,ZL:147208,28.86,0.007969507969507905
110,2019-08-29,2019-08-30,2019-09-30,LE,-0.1964020493102108,-0.038858088531890655,-0.578954881782627,0.011449965370280714,LE:19296,103.55,0.06518590053114437
110,2019-08-29,2019-08-30,2019-09-30,GF,-0.06063836173369889,-0.017551162575606405,-0.1688690184814091,0.014850991559370579,GF:85,130.4,0.0918328220858895
110,2019-08-29,2019-08-30,2019-09-30,HE,0.5790181568812562,0.16794461205046196,0.09387536056280527,0.026871648075942303,HE:208558,63.725,0.027461749705766758
111,2019-09-27,2019-09-30,2019-10-31,CL,-0.014929135097495286,-0.006040053683794344,0.34467309301697474,0.023092088183655397,CL:327892,54.12,-0.0007390983000739038
111,2019-09-27,2019-09-30,2019-10-31,HO,-0.017749157526451023,0.004562589480222479,0.9062214802476831,0.0184048667367777,HO:642055,1.8926,-0.010091937017859043
111,2019-09-27,2019-09-30,2019-10-31,RB,0.11530913315870914,0.031430919223538245,0.7741825349571153,0.021631558965823364,RB:664826,1.5319,0.03929760428226392
111,2019-09-27,2019-09-30,2019-10-31,NG,-0.7140074158410962,-0.02963450304929449,-0.45977619930966457,0.017916474147107665,NG:111258,2.497,0.05606728073688427
111,2019-09-27,2019-09-30,2019-10-31,GC,-0.004396965116430115,-0.0015387618575160023,0.5604531125239192,0.009080023589736284,GC:116834,1479.7,0.02358586199905366
111,2019-09-27,2019-09-30,2019-10-31,SI,0.036309461303752295,0.001235498704797111,0.040745028790202815,0.016637298560774387,SI:111203,17.085,0.05882352941176472
111,2019-09-27,2019-09-30,2019-10-31,HG,-0.013599251105352797,0.003842225112524855,0.01780635924564694,0.009710470937720319,HG:10694,2.5755,0.024072995534847763
111,2019-09-27,2019-09-30,2019-10-31,PL,-0.01767747511921754,-0.007775745032716497,0.27229679401902573,0.012810191303440887,PL:898,933.3,0.0007500267866709098
111,2019-09-27,2019-09-30,2019-10-31,PA,,0.005022099860854556,-0.9598785084479169,0.014652206104288511,PA:27986,1647.9,0.07494386795315244
111,2019-09-27,2019-09-30,2019-10-31,ZC,-0.023483707737003798,-0.01982230368342941,-0.25624995365840225,0.01702713149604149,ZC:102262,387.0,0.007105943152454719
111,2019-09-27,2019-09-30,2019-10-31,ZW,-0.0009255464766255925,0.03120565907883721,0.32673789713216683,0.015262523870090992,ZW:434144,495.5,0.026740665993945534
111,2019-09-27,2019-09-30,2019-10-31,KE,0.005261978766540609,0.009965815938523526,0.2826179594924934,0.01739859794413711,KE:532524,415.25,0.009632751354605729
111,2019-09-27,2019-09-30,2019-10-31,ZS,-0.005551373698999371,-0.0037205585678438124,0.4789988288317483,0.0107127796957427,ZS:114612,918.0,0.014978213507625293
111,2019-09-27,2019-09-30,2019-10-31,ZM,0.01578679815262944,-0.013744315331379542,0.484066246435968,0.009380521326126464,ZM:798012,300.6,0.013639387890884702
111,2019-09-27,2019-09-30,2019-10-31,ZL,-0.04964378848447927,0.0032567873312037143,0.34870866187558475,0.0113096393945036,ZL:147208,29.09,0.05568924028875899
111,2019-09-27,2019-09-30,2019-10-31,LE,-0.1781543365792917,-0.04315720279930568,-0.32771881965410643,0.012329876915867287,LE:19296,110.3,0.06414324569356311
111,2019-09-27,2019-09-30,2019-10-31,GF,0.15606232434914258,-0.010207044830590317,-0.154377386046753,0.01439324000081369,GF:455,141.65,0.042887398517472475
111,2019-09-27,2019-09-30,2019-10-31,HE,-0.02589309970863546,-0.005278558038891656,0.1474252626091442,0.02864541561014003,HE:1250,72.5,-0.09000000000000008
112,2019-10-30,2019-10-31,2019-11-29,CL,-0.030225176776969197,-0.008068965142829398,0.5355437519850604,0.021741879842785482,CL:173724,54.16,0.023264401772525867
112,2019-10-30,2019-10-31,2019-11-29,HO,-0.04577319727728099,0.0011428819190094641,1.0566318246165924,0.017231509534068025,HO:449683,1.8655,0.009166443312784933
112,2019-10-30,2019-10-31,2019-11-29,RB,0.10457743340067768,0.04280424485919332,0.8160581200244744,0.020261202834324227,RB:472451,1.5698,0.020002548095298778
112,2019-10-30,2019-10-31,2019-11-29,NG,-0.41287295295363974,-0.035191832978987425,0.1459413071290269,0.017232735493056008,NG:111261,2.738,-0.1552227903579254
112,2019-10-30,2019-10-31,2019-11-29,GC,0.0024078854588907087,-0.0014691891650926436,0.4981561877133215,0.007951824016960743,GC:113040,1521.4,-0.03352175627711318
112,2019-10-30,2019-10-31,2019-11-29,SI,-0.034134551438158606,-0.003289252629508521,0.016312910235788895,0.016129089578780446,SI:185,18.15,-0.0633608815426997
112,2019-10-30,2019-10-31,2019-11-29,HG,0.0322173228596435,0.0038889085928225375,0.050689661160434524,0.008688561869960304,HG:14364,2.6435,0.00151314545110659
112,2019-10-30,2019-10-31,2019-11-29,PL,-0.022477823411630404,-0.05066228552666319,-0.0040422049470190125,0.014500072298563722,PL:101074,936.2,-0.04101687673574028
112,2019-10-30,2019-10-31,2019-11-29,PA,,0.017637362613028618,-0.9451440201796251,0.011406518583583838,PA:32191,1762.4,0.02916477530640038
112,2019-10-30,2019-10-31,2019-11-29,ZC,-0.008500248577338762,-0.007979792115143991,-0.09485766420248118,0.016416134473270914,ZC:149920,398.5,-0.04391468005018817
112,2019-10-30,2019-10-31,2019-11-29,ZW,-0.006249179643102731,0.031318586615870836,0.3058878609323478,0.01357889101771439,ZW:211272,515.25,0.05191654536632706
112,2019-10-30,2019-10-31,2019-11-29,KE,-0.009043667803045372,0.014755214711027143,0.2876186692128397,0.015416530946414703,KE:117331,431.75,0.03590040532715699
112,2019-10-30,2019-10-31,2019-11-29,ZS,-0.008648620934399831,-0.005406268419793747,0.4689149889236538,0.00922766638499184,ZS:114612,931.75,-0.05929702173329754
112,2019-10-30,2019-10-31,2019-11-29,ZM,0.0018489939169239605,-0.011962901362362888,0.4404800244494962,0.009351349092658258,ZM:763959,307.1,-0.04558775643112989
112,2019-10-30,2019-10-31,2019-11-29,ZL,0.004424446192661073,0.004459970451559547,0.3600779602592153,0.011168267261518238,ZL:733455,30.93,-0.01066925315227929
112,2019-10-30,2019-10-31,2019-11-29,LE,-0.44640360608337415,-0.026474767486187267,-0.4192746232065385,0.01215361224531898,LE:55623,122.475,0.03082261686058385
112,2019-10-30,2019-10-31,2019-11-29,GF,0.1374702857775012,-0.016584734373572663,-0.17123530613353002,0.01400647173911088,GF:9683,144.85,-0.01639627200552296
112,2019-10-30,2019-10-31,2019-11-29,HE,-0.12209611395161457,-0.07524376825622758,0.17731477374227772,0.02900956142717762,HE:1250,65.975,-0.060250094732853254
113,2019-11-27,2019-11-29,2019-12-31,CL,-0.024877394705265704,-0.012368336075388564,0.5399312103136287,0.015669311524972203,CL:750664,55.37,0.10547227740653797
113,2019-11-27,2019-11-29,2019-12-31,HO,-0.0406302424127601,-0.005452957486280052,1.0387316898665055,0.012284082527263894,HO:49483,1.8807,0.07731163928324558
113,2019-11-27,2019-11-29,2019-12-31,RB,0.9643844242235464,0.04322448914687249,0.9224588425337745,0.01493539283725908,RB:638283,1.605,0.05750778816199387
113,2019-11-27,2019-11-29,2019-12-31,NG,-0.1536354535062976,-0.03311721713175786,0.03075130033849958,0.01828560731983729,NG:111263,2.294,-0.048387096774193616
113,2019-11-27,2019-11-29,2019-12-31,GC,-0.0015647541901863266,-0.0020647839241254573,0.4367560806293746,0.006508550813840073,GC:113040,1470.4,0.03373231773667018
113,2019-11-27,2019-11-29,2019-12-31,SI,0.010342453526325152,-0.0054841528730520395,-0.1077097434754698,0.012228048016498691,SI:1188,17.105,0.04647763811750938
113,2019-11-27,2019-11-29,2019-12-31,HG,0.02696001060026022,0.0015511398270824373,-0.10274291157747814,0.008028984961309054,HG:13732,2.6555,0.05272076821690841
113,2019-11-27,2019-11-29,2019-12-31,PL,-0.03176515558496395,-0.04461822390160486,-0.1301678664929252,0.013441612367078918,PL:189584,903.7,0.07535686621666482
113,2019-11-27,2019-11-29,2019-12-31,PA,-0.034025826515362935,-0.0006938086176797587,-1.0792054537218643,0.011950196528487774,PA:32191,1813.8,0.05419561142353069
113,2019-11-27,2019-11-29,2019-12-31,ZC,-0.013157480862553722,-0.009024688984286655,-0.05781624408070026,0.012807732761920628,ZC:149920,381.0,0.01640419947506566
113,2019-11-27,2019-11-29,2019-12-31,ZW,-0.04534546375385585,0.018315976452252025,0.31125640145320504,0.012638572254774433,ZW:211272,542.0,0.032287822878228845
113,2019-11-27,2019-11-29,2019-12-31,KE,-0.02533553379954856,0.013558287484142117,0.2752727857412552,0.014594842993773031,KE:117331,447.25,0.08608160983789825
113,2019-11-27,2019-11-29,2019-12-31,ZS,-0.00784765486054255,-0.007952233694724642,0.5146882520375999,0.008038693094033747,ZS:172039,891.0,0.07295173961840629
113,2019-11-27,2019-11-29,2019-12-31,ZM,0.006953419595784743,-0.008730254161420259,0.4697760165663381,0.009252704877397239,ZM:409711,297.1,0.026590373611578455
113,2019-11-27,2019-11-29,2019-12-31,ZL,-0.00845420008298478,0.002806111725521143,0.3627628042293886,0.010580805826238212,ZL:126002,30.87,0.12795594428247492
113,2019-11-27,2019-11-29,2019-12-31,LE,-0.4422007403299776,-0.013951342654413557,-0.4162978859757856,0.00933692675937456,LE:55623,126.25,-0.00217821782178218
113,2019-11-27,2019-11-29,2019-12-31,GF,0.12418859523122305,-0.036391192127540606,-0.2665058517550995,0.010660202805848059,GF:9683,142.475,0.021231795051763536
113,2019-11-27,2019-11-29,2019-12-31,HE,0.3679809356647943,-0.03451873980001818,0.22278625813143593,0.02496134018713482,HE:8181,68.25,0.04395604395604402
114,2019-12-30,2019-12-31,2020-01-31,CL,-0.009445680314306176,-0.005789171063769416,0.5139235761092323,0.013243905961949505,CL:558279,60.95,-0.1529122231337161
114,2019-12-30,2019-12-31,2020-01-31,HO,-0.008459350024862894,-0.011975038300633178,1.0049081781196005,0.011293960743020245,HO:607011,2.0209,-0.19486367460042564
114,2019-12-30,2019-12-31,2020-01-31,RB,-1.1349907442251277,0.03559340099433017,0.8913538455465131,0.014031146452967309,RB:445909,1.71,-0.12169590643274852
114,2019-12-30,2019-12-31,2020-01-31,NG,0.24349745137298417,-0.018429447485223238,-0.1480323005757292,0.02094389457176075,NG:111265,2.152,-0.1435873605947956
114,2019-12-30,2019-12-31,2020-01-31,GC,-0.003991598729146367,-0.001476915668090717,0.43592780800173414,0.005136973807703724,GC:42623,1526.0,0.04416775884665802
114,2019-12-30,2019-12-31,2020-01-31,SI,-0.013394591153609532,-0.012180597100729162,-0.15446443716347846,0.00943910068340781,SI:1188,17.9,0.007262569832402477
114,2019-12-30,2019-12-31,2020-01-31,HG,-0.0058608193704408895,0.004992554546158656,-0.021449279247356418,0.008637004295360092,HG:149066,2.7985,-0.10237627300339469
114,2019-12-30,2019-12-31,2020-01-31,PL,,-0.05289610050663884,-0.1518526213209296,0.011613623590317639,PL:189584,971.8,-0.009775674006997304
114,2019-12-30,2019-12-31,2020-01-31,PA,-0.027216405657699696,-0.0018675099207625667,-1.1449753150020527,0.013029782433344588,PA:32191,1912.1,0.15867370953402027
114,2019-12-30,2019-12-31,2020-01-31,ZC,-0.005351125364805198,-0.00872130352602074,-0.06308171627580907,0.010964614367991942,ZC:149920,387.25,-0.01355713363460298
114,2019-12-30,2019-12-31,2020-01-31,ZW,-0.010828097503471894,0.02818999256692245,0.2968622950309516,0.01272415628958238,ZW:211272,559.5,-0.01072386058981234
114,2019-12-30,2019-12-31,2020-01-31,KE,-0.010862163168548808,0.01660099876272092,0.2668425123722245,0.014676810479732114,KE:117331,485.75,-0.04065877509006688
114,2019-12-30,2019-12-31,2020-01-31,ZS,-0.01650691056376119,-0.006424173267116529,0.4874591938865724,0.006130830702131854,ZS:172039,956.0,-0.08708158995815896
114,2019-12-30,2019-12-31,2020-01-31,ZM,-0.008703131185209434,-0.009350234393415757,0.46492795976312945,0.008805672657427913,ZM:409711,305.0,-0.04590163934426228
114,2019-12-30,2019-12-31,2020-01-31,ZL,0.006312352093256257,0.005819260138388849,0.3225054861114499,0.010985631321731033,ZL:126002,34.82,-0.1415852958070074
114,2019-12-30,2019-12-31,2020-01-31,LE,0.29795513263150214,-0.01578692626099709,-0.3426219344509555,0.006449792352841138,LE:6570,127.2,-0.05915880503144655
114,2019-12-30,2019-12-31,2020-01-31,GF,-0.08675887591614695,-0.025104074992471248,-0.21486872695684664,0.009667988588754372,GF:3288,144.2,-0.05513176144244103
114,2019-12-30,2019-12-31,2020-01-31,HE,0.33511230940988834,-0.014174118799064273,0.15112533009298715,0.020488105620244237,HE:8181,71.25,-0.20175438596491224
115,2020-01-30,2020-01-31,2020-02-28,CL,-0.020465780669635295,-0.01456707044120642,0.2751910028840545,0.017510951506691585,CL:496408,51.75,-0.12541062801932368
115,2020-01-30,2020-01-31,2020-02-28,HO,-0.019131974487593316,-0.013244594016680988,0.6526957775323379,0.015191295785365945,HO:414633,1.63,-0.08742331288343552
115,2020-01-30,2020-01-31,2020-02-28,RB,-0.06878183562647455,0.02706864667550657,0.5383469939349056,0.017172423735503935,RB:183195,1.6636,-0.10663621062755468
115,2020-01-30,2020-01-31,2020-02-28,NG,0.030756313706043814,-0.006835444061524587,-0.14143751232758792,0.02072422301903825,NG:111268,1.886,-0.09809119830328727
115,2020-01-30,2020-01-31,2020-02-28,GC,-0.00799266373467421,-0.0003177520488386598,0.3339996757786511,0.006203626635097585,GC:42623,1593.4,-0.003828291703276143
115,2020-01-30,2020-01-31,2020-02-28,SI,-0.017016212649020982,-0.006379726555075571,-0.21414064899683552,0.010597649373733614,SI:8321,18.095,-0.07819839734733347
115,2020-01-30,2020-01-31,2020-02-28,HG,-0.0032954672571812865,-0.00142922748234664,0.0346674086226888,0.009119196726685349,HG:22517,2.5145,0.014118114933386217
115,2020-01-30,2020-01-31,2020-02-28,PL,-0.03334660471541813,-0.05758674919141038,-0.03808981546688915,0.012314261757970365,PL:189584,962.3,-0.09965707159929338
115,2020-01-30,2020-01-31,2020-02-28,PA,,-0.0026743079757338695,-0.30049037453174865,0.01596255835762856,PA:15,2215.0,0.12866817155756216
115,2020-01-30,2020-01-31,2020-02-28,ZC,-0.09984354540365639,-0.004793817021293889,-0.006982738902871293,0.010203181384249293,ZC:472897,387.25,-0.046481601032924424
115,2020-01-30,2020-01-31,2020-02-28,ZW,0.08187499688243552,0.030995303931620866,0.30524770933838474,0.01150143463358695,ZW:18896,552.75,-0.053821800090456784
115,2020-01-30,2020-01-31,2020-02-28,KE,0.021076005801848915,0.013480458367851167,0.26806355676225124,0.013820483989291477,KE:340148,474.0,-0.05168776371308015
115,2020-01-30,2020-01-31,2020-02-28,ZS,-0.023545983852545263,-0.006471249225522335,0.5515374363327257,0.006688203974503763,ZS:614937,886.75,-0.00028192839018892357
115,2020-01-30,2020-01-31,2020-02-28,ZM,-0.02611443513015345,-0.010443397489557804,0.5289647644343712,0.007879114683709937,ZM:602082,296.1,0.023978385680513137
115,2020-01-30,2020-01-31,2020-02-28,ZL,-0.024174176266251526,0.0012910864663818744,0.2984786803264774,0.012265481214578012,ZL:348708,30.25,-0.05421487603305786
115,2020-01-30,2020-01-31,2020-02-28,LE,0.31389992526376675,-0.019316575812378,-0.30045883365506393,0.007737607184986398,LE:6570,119.675,-0.10194276164612492
115,2020-01-30,2020-01-31,2020-02-28,GF,0.03591464156860541,-0.011078279171524597,-0.20913924687740484,0.010565872671352186,GF:3288,136.25,-0.04073394495412852
115,2020-01-30,2020-01-31,2020-02-28,HE,-0.14001226688425938,-0.018647784618317176,0.14151801043176956,0.018206004650982047,HE:6037,61.325,0.008153281695882697
116,2020-02-27,2020-02-28,2020-03-31,CL,0.0012305930116354447,-0.013965534999909046,0.27360958337150576,0.01836049320174731,CL:22770,45.49,-0.5537480765003298
116,2020-02-27,2020-02-28,2020-03-31,HO,0.0547469858773407,-0.009658193582629648,0.5439617201499054,0.01735451495229885,HO:782824,1.4815,-0.3306108673641579
116,2020-02-27,2020-02-28,2020-03-31,RB,0.004614952938873297,0.020071904232761617,0.39217621584925627,0.018917536874025205,RB:760286,1.4789,-0.61910879707891
116,2020-02-27,2020-02-28,2020-03-31,NG,0.06105997872827024,-0.0024492586453346288,-0.15402895161165472,0.017834920713548426,NG:111269,1.746,-0.05555555555555558
116,2020-02-27,2020-02-28,2020-03-31,GC,0.021232442621250035,0.0005212879281650817,0.24482126299699403,0.006883993068310003,GC:1026,1592.4,-0.00012559658377298
116,2020-02-27,2020-02-28,2020-03-31,SI,0.016204685888293907,-0.0004025359504526982,-0.2891699790131019,0.01139182395105991,SI:8321,16.68,-0.15257793764988015
116,2020-02-27,2020-02-28,2020-03-31,HG,-0.03503941366036581,-0.0022641900399805737,0.015027667245978758,0.008459594394045146,HG:183495,2.5445,-0.1312635095303596
116,2020-02-27,2020-02-28,2020-03-31,PL,0.00876407044410879,-0.051086950151317256,-0.10444419237142365,0.0133272100126769,PL:12973,870.1,-0.17469256407309508
116,2020-02-27,2020-02-28,2020-03-31,PA,,0.0009837336470481794,0.0466711633494238,0.02153380702017658,PA:15,2500.0,-0.1051200000000001
116,2020-02-27,2020-02-28,2020-03-31,ZC,-0.0806980532394497,-0.003374172079928517,-0.0006287684016988279,0.010114304897608223,ZC:472897,369.25,-0.07447528774542989
116,2020-02-27,2020-02-28,2020-03-31,ZW,0.06050107265008588,0.033480111442326654,0.4042604875801837,0.012418949966361335,ZW:18896,523.0,0.0855640535372848
116,2020-02-27,2020-02-28,2020-03-31,KE,0.019006486280216756,0.013454309811193554,0.31665957578199017,0.01430578480069859,KE:340148,449.5,0.09232480533926579
116,2020-02-27,2020-02-28,2020-03-31,ZS,-0.0160272742254872,-0.0013273400928406343,0.5238032410586035,0.006565327954825331,ZS:614937,886.5,-0.0011280315848843925
116,2020-02-27,2020-02-28,2020-03-31,ZM,-0.03104126564272596,-0.00943147316242754,0.5091909076970709,0.007066555050556225,ZM:602082,303.2,0.05969656992084449
116,2020-02-27,2020-02-28,2020-03-31,ZL,-0.011730602350949942,0.002251146427096451,0.2150645152321629,0.012624493465969446,ZL:348708,28.61,-0.05382733310031451
116,2020-02-27,2020-02-28,2020-03-31,LE,0.25269426406777723,-0.016182985421371865,-0.27518198131712035,0.008924016919903036,LE:325457,100.925,-0.08768887787961355
116,2020-02-27,2020-02-28,2020-03-31,GF,0.0793631768825819,0.0003929432428966262,-0.2347506186070006,0.010040277370091402,GF:462,132.05,-0.08330177962892849
116,2020-02-27,2020-02-28,2020-03-31,HE,0.026827664925294537,0.0397746732416141,0.054434005575316864,0.02123425673765879,HE:6037,61.825,-0.1524464213505864
117,2020-03-30,2020-03-31,2020-04-30,CL,-0.5828281569195705,-0.07412582048149591,-1.8107889751471886,0.05184004886493959,CL:653814,24.39,-0.1980319803198033
117,2020-03-30,2020-03-31,2020-04-30,HO,-0.019078798564585997,-0.006847882432024721,-1.5094162987862372,0.035518733101164796,HO:559937,1.006,-0.15099403578528825
117,2020-03-30,2020-03-31,2020-04-30,RB,-0.2260812772749352,-0.02847961763554141,-2.0318192060953977,0.05208699024838952,RB:567912,0.6308,0.24936588459099562
117,2020-03-30,2020-03-31,2020-04-30,NG,-0.5168434896312388,-0.011091506319653388,0.3464787796264208,0.029015851365239594,NG:111271,1.762,0.09931895573212257
117,2020-03-30,2020-03-31,2020-04-30,GC,-0.005480424842125114,0.0009401778728361787,0.7696463845479976,0.01778101625257912,GC:1026,1592.2,0.06494159025248081
117,2020-03-30,2020-03-31,2020-04-30,SI,0.027549494736668845,-0.000975582474225356,-0.9175627889272537,0.03042666532329436,SI:22610,14.17,0.06351446718419207
117,2020-03-30,2020-03-31,2020-04-30,HG,-0.08808968518610275,0.001519648324537215,-0.3600280206466057,0.015322199790015876,HG:45194,2.215,0.047855530474040675
117,2020-03-30,2020-03-31,2020-04-30,PL,0.004881217371468226,-0.03722372927060413,-1.1768630943140779,0.032356892070330934,PL:12973,718.1,0.1217100682356218
117,2020-03-30,2020-03-31,2020-04-30,PA,-0.051015757287377214,0.0232136034120638,-0.9741304895118248,0.05154424690699979,PA:15,2237.2,-0.12783836939030924
117,2020-03-30,2020-03-31,2020-04-30,ZC,0.00881276681077342,-0.0029465319694019776,0.06279318822725362,0.012680946352487142,ZC:590945,346.5,-0.07864357864357863
117,2020-03-30,2020-03-31,2020-04-30,ZW,0.04650699678242959,0.05757143833507006,0.45733561320742294,0.014782490385686858,ZW:422296,562.25,-0.06891951978657185
117,2020-03-30,2020-03-31,2020-04-30,KE,-0.003647814616419817,0.01461489362715962,0.3146412805286408,0.015912879439498574,KE:49327,497.5,-0.02010050251256279
117,2020-03-30,2020-03-31,2020-04-30,ZS,-0.10680967305354566,0.0037561682993562107,0.4330055923720602,0.009451574211219175,ZS:317267,889.25,-0.03795333145909474
117,2020-03-30,2020-03-31,2020-04-30,ZM,0.06053383052749983,0.019815277104556994,0.5546672933920803,0.010612342599429619,ZM:767498,318.3,-0.0719447062519637
117,2020-03-30,2020-03-31,2020-04-30,ZL,-0.009073038119137525,0.0024469341100157305,-0.3702088366896051,0.015714871238676358,ZL:437486,27.42,-0.030999270605397533
117,2020-03-30,2020-03-31,2020-04-30,LE,0.15297454589323484,-0.012542563299121845,-0.28949587691738077,0.019333043611441326,LE:325457,92.075,-0.05919087700244374
117,2020-03-30,2020-03-31,2020-04-30,GF,-0.08119304402959263,0.010971796166146075,-0.11217448652470605,0.02067433127216298,GF:582,121.95,-0.03464534645346462
117,2020-03-30,2020-03-31,2020-04-30,HE,-0.7785262686759613,0.024515682894676483,-0.14828962045487756,0.03049879259364546,HE:64278,53.0,0.11556603773584895
118,2020-04-29,2020-04-30,2020-05-29,CL,-0.6363200594785221,-0.07300531935672333,-2.7855867611785103,0.09572714461435326,CL:105602,22.5,0.5697777777777777
118,2020-04-29,2020-04-30,2020-05-29,HO,-0.0755544126005156,-0.023189471864778544,-0.9699424907226715,0.04733947972325613,HO:367564,0.9027,0.14179683172704105
118,2020-04-29,2020-04-30,2020-05-29,RB,-0.03461595363368283,-0.016732774548953278,-0.9899937104225561,0.06910423693987376,RB:406038,0.8118,0.32298595713229883
118,2020-04-29,2020-04-30,2020-05-29,NG,-0.315356304861399,-0.03591722554757737,0.5059707448341156,0.036309892731420434,NG:111273,2.161,-0.14854234150856083
118,2020-04-29,2020-04-30,2020-05-29,GC,0.01515722511879505,-0.004510065391374329,0.7321637499762498,0.020404948433978342,GC:4794,1702.1,0.024029140473532662
118,2020-04-29,2020-04-30,2020-05-29,SI,0.013154014333580981,-0.002421679435772539,-0.5034566753319595,0.0333603659421672,SI:22610,15.07,0.22660915726609154
118,2020-04-29,2020-04-30,2020-05-29,HG,-0.04701578619003306,-0.0003476849622497946,-0.2651116213631588,0.01704348575968628,HG:275510,2.332,0.047384219554030826
118,2020-04-29,2020-04-30,2020-05-29,PL,0.003844388828122894,-0.033055925878903825,-0.8108452026778726,0.035144355925638304,PL:12973,805.5,0.08392302917442596
118,2020-04-29,2020-04-30,2020-05-29,PA,,0.016619271830189186,-1.0261554159264967,0.05217394525823095,PA:41704,1949.2,0.0017956084547505746
118,2020-04-29,2020-04-30,2020-05-29,ZC,0.011372545377206028,-0.009682351994422134,0.06749059003557414,0.012717847530749614,ZC:590945,319.25,0.019577133907595856
118,2020-04-29,2020-04-30,2020-05-29,ZW,0.0224033473959286,0.04510019597139192,0.4519615476552198,0.015886552995980987,ZW:422296,523.5,-0.00382043935052534
118,2020-04-29,2020-04-30,2020-05-29,KE,-0.00478891618742415,0.01908457424914678,0.2966238198067927,0.017146090081263585,KE:49327,487.5,-0.03538461538461535
118,2020-04-29,2020-04-30,2020-05-29,ZS,0.0070215981109577165,0.00300765048724716,0.3886391186680181,0.009832446465292506,ZS:317267,855.5,-0.017241379310344862
118,2020-04-29,2020-04-30,2020-05-29,ZM,0.024333070215021,-0.00295660019509969,0.5685246647715627,0.011677766731907013,ZM:767498,295.4,-0.04129993229519291
118,2020-04-29,2020-04-30,2020-05-29,ZL,-0.00946821144225872,0.0011050488246341361,-0.389882154307567,0.016776932886675804,ZL:437486,26.57,0.031238238614979208
118,2020-04-29,2020-04-30,2020-05-29,LE,-0.06067860268838138,-0.05078164115767214,-0.14966523342654306,0.025172135413787756,LE:11013,92.775,0.07679870654810017
118,2020-04-29,2020-04-30,2020-05-29,GF,-0.03469366967078995,-0.009220637104926488,-0.09187876688185648,0.024620850465026337,GF:748,127.65,0.05660007833920866
118,2020-04-29,2020-04-30,2020-05-29,HE,-0.135539180164088,0.05787956293833246,-0.08006049388800854,0.04685018931307312,HE:64356,59.25,-0.044725738396624415
119,2020-05-28,2020-05-29,2020-06-30,CL,-0.032201339105651136,-0.06461744211989734,-1.9838304925928272,0.09978716006859174,CL:812534,35.66,0.10628154795288847
119,2020-05-28,2020-05-29,2020-06-30,HO,-0.06480080918757386,-0.021706836443068256,-0.6238342056067168,0.047828451406930136,HO:205981,1.067,0.11134020618556706
119,2020-05-28,2020-05-29,2020-06-30,RB,-1.0432216321202363,-0.026507261640917434,-0.7833115435036534,0.06270249970126798,RB:213778,1.0864,0.10613033873343158
119,2020-05-28,2020-05-29,2020-06-30,NG,0.17564150033850884,-0.03774211538514538,0.38982643651164217,0.03464774122978345,NG:111274,1.927,-0.09081473793461337
119,2020-05-28,2020-05-29,2020-06-30,GC,-0.018962180214507247,-0.012167852967088777,0.7382565969979263,0.018295314859493494,GC:4794,1743.0,0.023981640849110697
119,2020-05-28,2020-05-29,2020-06-30,SI,0.05900510310248373,-0.0054330702680553955,-0.44533690428540135,0.031059837746730105,SI:52835,18.575,-0.015881561238223374
119,2020-05-28,2020-05-29,2020-06-30,HG,0.020758951152015516,0.0013319363021957464,-0.18173972179525277,0.017220942352883066,HG:34308,2.4405,0.11534521614423277
119,2020-05-28,2020-05-29,2020-06-30,PL,0.03125800274098086,-0.0442095259856643,-0.74119947126592,0.033379035478387484,PL:94295,873.9,-0.04577182744021058
119,2020-05-28,2020-05-29,2020-06-30,PA,,,-0.9421278086323345,0.04176153374467158,PA:41704,1952.7,-0.021867158293644717
119,2020-05-28,2020-05-29,2020-06-30,ZC,0.024401218401886304,-0.0027032960499504544,-0.04946142681684781,0.013311394292911328,ZC:695770,330.0,-0.004545454545454519
119,2020-05-28,2020-05-29,2020-06-30,ZW,-0.009906607636736793,0.03535932672791342,0.3885316254432713,0.015623540977843797,ZW:251428,524.25,-0.07153075822603716
119,2020-05-28,2020-05-29,2020-06-30,KE,-0.007353251366140692,0.012877095930262428,0.2105605973548834,0.017428204790011025,KE:362070,476.25,-0.08241469816272962
119,2020-05-28,2020-05-29,2020-06-30,ZS,0.021285780233828454,0.0012177305436698038,0.24367987306188285,0.010760488493221067,ZS:392057,843.5,0.023710729104919892
119,2020-05-28,2020-05-29,2020-06-30,ZM,-0.010436430625086535,-0.0073923098989157054,0.48786387215563704,0.012010257850047088,ZM:196212,285.0,-0.00035087719298254605
119,2020-05-28,2020-05-29,2020-06-30,ZL,-0.011065669222583577,0.0008170672031680981,-0.35169662506906196,0.016780866082072025,ZL:541078,27.58,0.002538071065989911
119,2020-05-28,2020-05-29,2020-06-30,LE,0.07178105634609977,-0.031314440387672504,-0.015116503499679312,0.02793396667404388,LE:11013,99.9,-0.03378378378378377
119,2020-05-28,2020-05-29,2020-06-30,GF,-0.0027887879320892886,-0.004616062665647402,0.012539060854096408,0.026929710734540764,GF:748,134.875,-0.012048192771084376
119,2020-05-28,2020-05-29,2020-06-30,HE,-0.375555274540995,0.07320012181315122,-0.07334241706047423,0.04791554296955949,HE:49,57.025,-0.20780359491451117
120,2020-06-29,2020-06-30,2020-07-31,CL,0.019298336421136028,-0.06454357667489419,-1.9212142654913456,0.09049122834233038,CL:489659,39.54,0.022508851795649987
120,2020-06-29,2020-06-30,2020-07-31,HO,-0.021140653040167323,-0.014275173160090748,-0.5824421799844555,0.04437577409560343,HO:49492,1.204,0.021677740863787376
120,2020-06-29,2020-06-30,2020-07-31,RB,0.6860803659269071,-0.019598970777602975,-0.766658121229092,0.050050040153976294,RB:748519,1.1891,-0.009418888234799527
120,2020-06-29,2020-06-30,2020-07-31,NG,1.564006880646958,-0.04036228978630729,0.42908548317554573,0.031092031741107706,NG:111276,1.791,0.01395868230039099
120,2020-06-29,2020-06-30,2020-07-31,GC,-0.017973055180948286,-0.01273499131421918,0.7133675909741893,0.009195305016046193,GC:9766,1788.0,0.10531319910514547
120,2020-06-29,2020-06-30,2020-07-31,SI,0.03554779745571255,-0.013421967685211866,-0.46227623433718756,0.017464253656843735,SI:52835,18.28,0.34737417943107207
120,2020-06-29,2020-06-30,2020-07-31,HG,0.019540365314848884,0.0128028660411873,-0.3385266096814125,0.013701127228082068,HG:194552,2.733,0.04628613245517754
120,2020-06-29,2020-06-30,2020-07-31,PL,,-0.04288309035748905,-0.7200072851213024,0.023061159816132593,PL:94295,833.9,0.10289003477635217
120,2020-06-29,2020-06-30,2020-07-31,PA,,,-0.8948877254892146,0.026283264767182415,PA:41704,1910.0,0.1167539267015707
120,2020-06-29,2020-06-30,2020-07-31,ZC,0.052859446355036754,-0.0020822573120029553,-0.09465347803289519,0.011516204356242293,ZC:695770,328.5,-0.04109589041095896
120,2020-06-29,2020-06-30,2020-07-31,ZW,0.00792451444092817,0.030935871059844744,0.3931165407647293,0.01308150004259823,ZW:251428,486.75,0.09039548022598876
120,2020-06-29,2020-06-30,2020-07-31,KE,-0.0020037349214495626,0.013153511135245655,0.2264103170973994,0.015802469630613977,KE:362070,437.0,0.011441647597254079
120,2020-06-29,2020-06-30,2020-07-31,ZS,-0.0018170670523989414,0.005185869060628789,0.19550686016462382,0.007958747061628376,ZS:117122,860.75,0.03398199244844613
120,2020-06-29,2020-06-30,2020-07-31,ZM,0.001158572520451595,-0.007242726473697614,0.4744675642850597,0.007900972961991371,ZM:388582,286.6,0.01465457083042554
120,2020-06-29,2020-06-30,2020-07-31,ZL,-0.010289585095997186,-0.0011894981500166768,-0.3863799332663681,0.01251057368146941,ZL:702959,27.81,0.09492988133764846
120,2020-06-29,2020-06-30,2020-07-31,LE,0.011233651987595378,-0.03915162604721456,-0.006186784523989764,0.022302729658754027,LE:26421,100.05,0.07871064467766109
120,2020-06-29,2020-06-30,2020-07-31,GF,0.010767236479218331,-0.01214146684619366,0.007264810919359974,0.01972325385796505,GF:748,133.25,0.08330206378986871
120,2020-06-29,2020-06-30,2020-07-31,HE,0.4454431376428586,0.0431095562304003,-0.08927327172329985,0.043623037962077484,HE:13972,48.85,0.06448311156601849
121,2020-07-30,2020-07-31,2020-08-31,CL,-0.0009468610709525149,-0.0669944726463817,-2.0263812739854226,0.027615651015233163,CL:297280,40.69,0.05455885967068075
121,2020-07-30,2020-07-31,2020-08-31,HO,-0.010038506983935214,-0.011463894177724865,-0.7299919055828806,0.023293211302860904,HO:576501,1.2451,-0.016143281664123377
121,2020-07-30,2020-07-31,2020-08-31,RB,0.000504656062067399,-0.022728605503526067,-0.8740737584290532,0.02746160688759222,RB:556145,1.1064,0.10547722342733201
121,2020-07-30,2020-07-31,2020-08-31,NG,-0.9750040929179,-0.05973342382420488,0.4364274191052889,0.027755819406350725,NG:111277,1.97,0.34213197969543163
121,2020-07-30,2020-07-31,2020-08-31,GC,0.003092738979944734,-0.012391198476542353,0.6908656246679764,0.00814672434191812,GC:17318,1980.5,-0.007270891189093742
121,2020-07-30,2020-07-31,2020-08-31,SI,0.12257299366294797,-0.020713464024108896,0.25707534137201066,0.02440676518545224,SI:188775,24.855,0.1430295715147858
121,2020-07-30,2020-07-31,2020-08-31,HG,0.04189351091062623,0.005942200378437956,-0.3949632771444965,0.012239978013744808,HG:10259,2.8755,0.05599026256303263
121,2020-07-30,2020-07-31,2020-08-31,PL,-0.01967032260355982,-0.04679187991279221,-0.587517414978437,0.024133755774670435,PL:94295,919.7,0.018919212786778328
121,2020-07-30,2020-07-31,2020-08-31,PA,0.005086464565812918,,-0.8582823784609597,0.020932813356936836,PA:11535,2144.0,0.06058768656716418
121,2020-07-30,2020-07-31,2020-08-31,ZC,-0.01216908574039341,-0.00555857120574621,0.1554020297747716,0.014075051964301158,ZC:267282,326.0,0.0989263803680982
121,2020-07-30,2020-07-31,2020-08-31,ZW,-0.008540727368111331,0.03032650960342065,0.49348685957619737,0.015868181797051087,ZW:260737,538.75,0.023201856148491906
121,2020-07-30,2020-07-31,2020-08-31,KE,0.0031274428936726995,0.014695409396030201,0.2849024796015953,0.016321408873818097,KE:575604,452.75,0.048591938155715164
121,2020-07-30,2020-07-31,2020-08-31,ZS,-0.05414075648918157,0.008753495253259191,0.38464723405990714,0.008316889551881593,ZS:215127,892.5,0.0672268907563025
121,2020-07-30,2020-07-31,2020-08-31,ZM,-0.047149394637609914,-0.010695669377902672,0.6333597964266034,0.009249653559669392,ZM:382752,293.1,0.04708290685772765
121,2020-07-30,2020-07-31,2020-08-31,ZL,0.024224874807081895,0.004597813403350637,-0.3705383374866598,0.011237719464888414,ZL:44485,30.47,0.07449950771250413
121,2020-07-30,2020-07-31,2020-08-31,LE,-0.0353406969198202,-0.041516306493170396,-0.021600672179880636,0.015332890840720013,LE:26421,107.925,-0.025943942552698607
121,2020-07-30,2020-07-31,2020-08-31,GF,-0.021168219444796466,-0.008577533851440777,-0.02535029315875001,0.0146409100223573,GF:952,145.575,-0.03743774686587664
121,2020-07-30,2020-07-31,2020-08-31,HE,0.8396495278690286,0.050341533186087695,-0.04988018712581041,0.027555977987460675,HE:1486,49.45,0.08543983822042445
122,2020-08-28,2020-08-31,2020-09-30,CL,0.018768135767855174,-0.07579680203499983,-2.036717327588843,0.016257333903152395,CL:235940,43.2,-0.07337962962962963
122,2020-08-28,2020-08-31,2020-09-30,HO,0.006747732532098899,-0.016393218242994334,-0.7258508266599525,0.014953368008302478,HO:384127,1.2479,-0.07877233752704549
122,2020-08-28,2020-08-31,2020-09-30,RB,0.20212887078380498,-0.018765610916644415,-0.8713829883301377,0.022743962711741245,RB:141048,1.1967,-0.016712626389237095
122,2020-08-28,2020-08-31,2020-09-30,NG,-0.7259760074567735,4.452936553001052e-05,0.718556096484295,0.03281646570495554,NG:111283,2.929,-0.12700580402867867
122,2020-08-28,2020-08-31,2020-09-30,GC,-0.006228852965885037,-0.006339340826834627,0.05705934765118858,0.01308942568108278,GC:422,1974.3,-0.0410778503773489
122,2020-08-28,2020-08-31,2020-09-30,SI,-0.018359696696855284,-0.022456447916055167,-0.37952329183424505,0.038322659786813956,SI:188775,28.41,-0.17441041886659636
122,2020-08-28,2020-08-31,2020-09-30,HG,-0.02232824510344937,0.0025847622846795204,-0.48010097560341514,0.012831059536380142,HG:20929,3.047,-0.006563833278634745
122,2020-08-28,2020-08-31,2020-09-30,PL,,-0.051698791041349,-0.6107031578717551,0.022596052320346463,PL:153173,945.0,-0.04391534391534391
122,2020-08-28,2020-08-31,2020-09-30,PA,,,-0.8493906785757027,0.02156879407216215,PA:11535,2273.9,0.022516381547121656
122,2020-08-28,2020-08-31,2020-09-30,ZC,-0.008084966205166674,0.006699715090547564,0.5872610243835515,0.015164521208006486,ZC:267282,358.25,0.057920446615491894
122,2020-08-28,2020-08-31,2020-09-30,ZW,-0.024901889442674595,0.021677407285006556,0.6459807187381217,0.016422660388115903,ZW:260737,551.25,0.04852607709750556
122,2020-08-28,2020-08-31,2020-09-30,KE,-0.006090027743347437,0.022075423155531126,0.4295372174021632,0.016326973225876635,KE:575604,474.75,0.0726698262243286
122,2020-08-28,2020-08-31,2020-09-30,ZS,-0.03767260886863224,0.008384419855286707,0.4265410532653523,0.008538720904085468,ZS:215127,952.5,0.0729658792650918
122,2020-08-28,2020-08-31,2020-09-30,ZM,-0.06303846868589509,-0.01642344911030935,0.7683932614821282,0.01072550141135893,ZM:413266,312.3,0.09702209414024976
122,2020-08-28,2020-08-31,2020-09-30,ZL,-0.017216175892967568,0.007157184244443782,-0.41638754352544877,0.011475223493011784,ZL:458612,32.84,0.010048721071863609
122,2020-08-28,2020-08-31,2020-09-30,LE,-0.06650264145968654,-0.03515592369374543,0.02709426459654802,0.009891037886555981,LE:171885,108.85,0.031235645383555388
122,2020-08-28,2020-08-31,2020-09-30,GF,-0.1161246474839713,-0.017206567152803554,0.05946887863754384,0.009427239423460465,GF:4586,140.3,0.006058446186742561
122,2020-08-28,2020-08-31,2020-09-30,HE,0.528279690549811,0.055251301214324644,-0.10106902541188889,0.025798755882471314,HE:1486,53.675,0.36003726129483016
123,2020-09-29,2020-09-30,2020-10-30,CL,-0.004384243468772531,-0.06595520322844228,-1.986495652690759,0.017413655654745685,CL:207193,40.29,-0.11342764954082896
123,2020-09-29,2020-09-30,2020-10-30,HO,-0.05860304352684273,-0.013152467259953782,-0.6697976409069032,0.016474586204972604,HO:223159,1.1628,-0.06785345717234259
123,2020-09-29,2020-09-30,2020-10-30,RB,0.11188497069658317,-0.021859960625440822,-0.8361386623516648,0.020414820356396926,RB:333271,1.1617,-0.11181888611517599
123,2020-09-29,2020-09-30,2020-10-30,NG,-0.7053278199988702,-0.06833141697352763,0.6011835765993845,0.03520676121437427,NG:111284,3.12,0.08621794871794863
123,2020-09-29,2020-09-30,2020-10-30,GC,-0.005646548478820339,-0.007312725394190034,0.02417205031162776,0.013899432271804854,GC:422,1893.2,-0.0076061694485527465
123,2020-09-29,2020-09-30,2020-10-30,SI,-0.011241307289740942,-0.008843646936432581,-0.5329039487230999,0.04290041749222996,SI:188775,23.455,0.011085056491153322
123,2020-09-29,2020-09-30,2020-10-30,HG,-0.031905418949187025,-0.0018106822890882057,-0.47965475164542115,0.014636823642454494,HG:220768,3.029,0.00709805216242998
123,2020-09-29,2020-09-30,2020-10-30,PL,-0.06709991513755185,-0.05323180347996592,-0.5876060839165849,0.02446825040907696,PL:153173,903.5,-0.06253458771444387
123,2020-09-29,2020-09-30,2020-10-30,PA,,,-0.8146638730597512,0.022720633005593783,PA:11535,2325.1,-0.04705173971012
123,2020-09-29,2020-09-30,2020-10-30,ZC,-0.011459176178364713,0.004492735047982088,0.5087905324091947,0.01486687531036037,ZC:267282,379.0,0.04881266490765168
123,2020-09-29,2020-09-30,2020-10-30,ZW,0.0013662132134252755,0.020754262301742044,0.5963793751848615,0.017588814724254602,ZW:260737,578.0,0.035467128027681705
123,2020-09-29,2020-09-30,2020-10-30,KE,0.010362747585457993,0.011409210717875373,0.4142361652381094,0.017177212880977392,KE:575604,509.25,0.06332842415316642
123,2020-09-29,2020-09-30,2020-10-30,ZS,0.015708250740054615,0.01042656683136145,0.2266294254262302,0.009998108671525225,ZS:295951,1025.75,0.030221788934925664
123,2020-09-29,2020-09-30,2020-10-30,ZM,-0.03997041584412642,-0.00821427253785334,0.6986261741492065,0.012988775622365936,ZM:413266,342.6,0.1062463514302392
123,2020-09-29,2020-09-30,2020-10-30,ZL,-0.010106577510067301,0.011492735763600326,-0.40289089159904656,0.01328215629263245,ZL:458612,33.17,0.01567681640036156
123,2020-09-29,2020-09-30,2020-10-30,LE,-0.07519218673054125,-0.02985903267231005,-0.005045983849513911,0.008440046429863502,LE:171885,112.25,-0.033853006681514475
123,2020-09-29,2020-09-30,2020-10-30,GF,0.0309733315802434,-0.018244586317161526,0.07475452911688413,0.009423271802125363,GF:497,141.925,-0.028888497445834216
123,2020-09-29,2020-09-30,2020-10-30,HE,-0.08878798409426941,0.25537011602894955,-0.1807165619596612,0.025649279991596934,HE:21299,63.2,0.03876582278481022
124,2020-10-29,2020-10-30,2020-11-30,CL,0.005205501926552544,-0.05758292483970795,-1.9384275561638373,0.021598668851031535,CL:66414,36.09,0.25297866444998607
124,2020-10-29,2020-10-30,2020-11-30,HO,0.0481812011596129,-0.006633084585311366,-0.6113193630675907,0.01936670214034259,HO:252774,1.0917,0.2540075112210316
124,2020-10-29,2020-10-30,2020-11-30,RB,0.12037611306424453,-0.020164183507944355,-0.7813723650874986,0.022547336998956266,RB:783592,1.0259,0.20684277220001945
124,2020-10-29,2020-10-30,2020-11-30,NG,-0.28272259939446615,-0.06095978711109462,0.5556208520416064,0.029386155924664398,NG:111291,3.5,-0.15542857142857147
124,2020-10-29,2020-10-30,2020-11-30,GC,0.01791422316389235,-0.006716188763245423,0.07905084763205847,0.009940866574806438,GC:6466,1886.0,-0.055408271474019055
124,2020-10-29,2020-10-30,2020-11-30,SI,0.06660105041466098,-0.007047245910776212,-0.4735386251862218,0.026289179707530547,SI:16214,23.695,-0.04283604135893648
124,2020-10-29,2020-10-30,2020-11-30,HG,0.05966083011604508,-0.0008463385843191507,-0.5120138582904169,0.015015106495234298,HG:113,3.0575,0.12608340147179065
124,2020-10-29,2020-10-30,2020-11-30,PL,-0.023178011996297588,-0.001256751275163892,-0.5377094657686844,0.019368231204212875,PL:153173,847.0,0.14781582054309328
124,2020-10-29,2020-10-30,2020-11-30,PA,,,-0.765383589309162,0.015846210716710014,PA:615,2226.6,0.07239737716698125
124,2020-10-29,2020-10-30,2020-11-30,ZC,-0.0037943710295754683,0.013238335478173768,0.3667537123288505,0.012578114217834854,ZC:443887,402.25,0.060285891858297136
124,2020-10-29,2020-10-30,2020-11-30,ZW,-0.07528076498245752,0.036441933333501764,0.6525483073051207,0.017039100924767542,ZW:38117,600.25,-0.023323615160349864
124,2020-10-29,2020-10-30,2020-11-30,KE,-0.016715639823261318,0.021823059723284688,0.5362758146227382,0.01901989871313567,KE:383204,548.0,0.0
124,2020-10-29,2020-10-30,2020-11-30,ZS,0.03756732190961769,0.01836755968342585,0.2001199822357645,0.010716795348959779,ZS:295951,1056.75,0.10598533238703567
124,2020-10-29,2020-10-30,2020-11-30,ZM,0.03641449183088227,0.012011379151738222,0.5804890196369421,0.01383304627452777,ZM:504886,371.9,0.05001344447432121
124,2020-10-29,2020-10-30,2020-11-30,ZL,0.008326494811472879,0.017022837605592755,-0.31670673914153835,0.015585854075540714,ZL:544759,33.53,0.12019087384431848
124,2020-10-29,2020-10-30,2020-11-30,LE,-0.4802398384168536,-0.033098758308336196,0.05719767065454976,0.00947423495310883,LE:65665,110.625,0.019661016949152454
124,2020-10-29,2020-10-30,2020-11-30,GF,0.16856177077292042,0.00601118139622836,0.08103143231069151,0.009479982346696643,GF:696,134.2,0.051043219076006174
124,2020-10-29,2020-10-30,2020-11-30,HE,0.2423901517511113,0.3528031880314644,-0.24095774473999812,0.022592235713546568,HE:21299,65.65,0.03084539223153082
125,2020-11-27,2020-11-30,2020-12-31,CL,-0.01018509455966049,-0.0654439686161481,-1.9355602518723785,0.025151644729005534,CL:362120,45.37,0.06722503857174345
125,2020-11-27,2020-11-30,2020-12-31,HO,-0.013741201268625089,-0.004731542626909224,-0.6233347137441803,0.022530031704941157,HO:658542,1.3772,0.07805692709846057
125,2020-11-27,2020-11-30,2020-12-31,RB,0.8766936737827675,-0.01789997486316608,-0.7884109513885325,0.025054585311668213,RB:556757,1.249,0.12978382706164915
125,2020-11-27,2020-11-30,2020-12-31,NG,-0.18354080146128615,-0.062131657717040434,0.5155528248183655,0.029949859139898293,NG:111293,2.932,-0.13130968622100947
125,2020-11-27,2020-11-30,2020-12-31,GC,-0.0003317217511524563,-0.004556148619287104,-0.049745257819952704,0.010485244852932132,GC:6466,1781.5,0.06741509963513881
125,2020-11-27,2020-11-30,2020-12-31,SI,0.0039035093190161445,0.003173986193574896,-0.4826446823021794,0.027074467619967502,SI:62684,22.75,0.1659340659340658
125,2020-11-27,2020-11-30,2020-12-31,HG,-0.23131005591444065,0.0009852964175007806,-0.5945334322650008,0.013196589640847816,HG:269,3.4395,0.022532344817560723
125,2020-11-27,2020-11-30,2020-12-31,PL,,-0.0013754107648835667,-0.5816079142947085,0.0196228107620611,PL:17680,973.3,0.10911332579882882
125,2020-11-27,2020-11-30,2020-12-31,PA,,,-0.818418190546527,0.018383251563858328,PA:615,2387.8,0.028352458329843344
125,2020-11-27,2020-11-30,2020-12-31,ZC,-0.027458656016442887,0.010241994651166042,0.30613031048238726,0.012312011478268551,ZC:443887,426.5,0.1389214536928487
125,2020-11-27,2020-11-30,2020-12-31,ZW,-0.05411057834593938,0.023076476784058997,0.5799887662551715,0.01678033491073226,ZW:38117,586.25,0.09466950959488263
125,2020-11-27,2020-11-30,2020-12-31,KE,-0.021359200280921337,0.02269420400455524,0.46314711485249266,0.019305576567892314,KE:383204,548.0,0.10538321167883202
125,2020-11-27,2020-11-30,2020-12-31,ZS,-4.45305854858552e-05,0.01091567507607305,0.21053869952121085,0.01082015191541503,ZS:103598,1169.75,0.11989741397734566
125,2020-11-27,2020-11-30,2020-12-31,ZM,0.005752484723502711,-0.019353950673937304,0.58752012834532,0.01334998633544837,ZM:282089,389.0,0.10308483290488435
125,2020-11-27,2020-11-30,2020-12-31,ZL,0.040746503325761095,0.021493229628065214,-0.3487604729840133,0.015607463007869261,ZL:129522,37.31,0.13749664969177156
125,2020-11-27,2020-11-30,2020-12-31,LE,-0.4603470838514472,-0.044783019033072025,0.07437217584802416,0.010526657658520611,LE:65665,112.8,0.020611702127659504
125,2020-11-27,2020-11-30,2020-12-31,GF,0.14976372997864945,0.01613724851500631,0.128640450390145,0.01164570839380883,GF:696,141.05,-0.01471109535625681
125,2020-11-27,2020-11-30,2020-12-31,HE,0.5198406272331465,0.35565424309763494,-0.2816065793618039,0.019060741787102722,HE:203,68.625,0.025136612021857907
126,2020-12-30,2020-12-31,2021-01-29,CL,-0.011276067853651943,-0.06276475068971121,-1.9908260444754973,0.02200733988512203,CL:169953,48.54,0.07416563658838071
126,2020-12-30,2020-12-31,2021-01-29,HO,0.00794346373232131,-0.0009648824568464498,-0.1961163056058765,0.01975116276400347,HO:466169,1.4858,0.07383227890698607
126,2020-12-30,2020-12-31,2021-01-29,RB,-0.8384730706320641,-0.010315464916806683,-0.6218367218444582,0.02238271039741634,RB:638898,1.4163,0.0963778860410931
126,2020-12-30,2020-12-31,2021-01-29,NG,-0.02950993804223609,-0.05993121281328573,0.27489223651652184,0.027191243838569034,NG:111294,2.536,0.008280757097791858
126,2020-12-30,2020-12-31,2021-01-29,GC,0.007838735220694292,-0.005397942425250379,-0.014450521541470038,0.009946337111979004,GC:3067,1905.4,-0.029180224624750783
126,2020-12-30,2020-12-31,2021-01-29,SI,-0.011152154918319127,0.007982375649600915,-0.48911886077138744,0.019523838357933376,SI:62684,26.525,0.02016965127238457
126,2020-12-30,2020-12-31,2021-01-29,HG,-0.020013923056259486,0.008396147459379444,-0.6141415379987505,0.009527144909570393,HG:262483,3.52,0.005823863636363669
126,2020-12-30,2020-12-31,2021-01-29,PL,,0.006554544290429121,-0.6401488467003242,0.016811937812995097,PL:17680,1079.5,0.00027790643816572036
126,2020-12-30,2020-12-31,2021-01-29,PA,,,-0.7901881731790508,0.016764012985270603,PA:615,2455.5,-0.09203828140908166
126,2020-12-30,2020-12-31,2021-01-29,ZC,-0.041196332887573656,0.025502303671604,0.2372983187671315,0.011516865995279874,ZC:443887,485.75,0.12660833762223356
126,2020-12-30,2020-12-31,2021-01-29,ZW,-0.0855469053640798,0.03366215764613334,0.49284054362150737,0.01638191676290231,ZW:38117,641.75,0.03233346318659924
126,2020-12-30,2020-12-31,2021-01-29,KE,-0.024892663613499993,0.026565345859578926,0.38913108382505623,0.017961443505710314,KE:383204,605.75,0.05282707387536112
126,2020-12-30,2020-12-31,2021-01-29,ZS,-0.024416903217641665,0.008199113220464405,0.32937597295266763,0.010962062905316077,ZS:103598,1310.0,0.044083969465648964
126,2020-12-30,2020-12-31,2021-01-29,ZM,0.04488337221535497,-0.011775646196118261,0.5876974718890768,0.012506008595070282,ZM:282089,429.1,0.0037287345607084355
126,2020-12-30,2020-12-31,2021-01-29,ZL,0.0656870395449736,0.03486288751893918,-0.3560352084896366,0.014627768013679541,ZL:129522,42.44,0.05089538171536301
126,2020-12-30,2020-12-31,2021-01-29,LE,0.22644765515236473,-0.04178255826572663,0.05518476547381985,0.010598744769614046,LE:2324,119.3,0.023679798826487852
126,2020-12-30,2020-12-31,2021-01-29,GF,-0.05005657907516371,-0.01019816245589733,0.1211601521621595,0.011274098021179046,GF:632,140.125,-0.0165923282783228
126,2020-12-30,2020-12-31,2021-01-29,HE,0.49375748281489845,0.34827011802757224,-0.2561693372818251,0.01683547435272621,HE:203,70.35,-0.00781805259417201
127,2021-01-28,2021-01-29,2021-02-26,CL,-0.0063044469208660345,-0.07076349980851371,-2.808411579475445,0.015193510272142436,CL:746868,52.02,0.1853133410226835
127,2021-01-28,2021-01-29,2021-02-26,HO,0.011620414431308729,0.009672933604607747,-0.4254562318838707,0.013051465104224962,HO:304294,1.59,0.15779874213836464
127,2021-01-28,2021-01-29,2021-02-26,RB,-0.028230373165020035,0.008058682077928259,-0.1748874666723711,0.015838773503547295,RB:446523,1.6544,0.1789772727272727
127,2021-01-28,2021-01-29,2021-02-26,NG,0.17899866196748154,-0.04943931140994373,0.1731280077574571,0.028971560690047225,NG:111296,2.585,0.07350096711798848
127,2021-01-28,2021-01-29,2021-02-26,GC,-0.0025985518079829836,-0.003952385249751389,-0.8689864763912137,0.009368659253880862,GC:3067,1849.8,-0.06314196129311278
127,2021-01-28,2021-01-29,2021-02-26,SI,-0.016876887582382698,0.006069420441672024,-0.4712793724090571,0.02009208275455255,SI:63676,27.03,-0.01220865704772478
127,2021-01-28,2021-01-29,2021-02-26,HG,0.011472660217421646,-0.00170007693600005,-0.5481516727729335,0.011030367176974613,HG:62677,3.54,0.15875706214689278
127,2021-01-28,2021-01-29,2021-02-26,PL,-0.005099650406659979,0.00898460600702089,-0.2550182021744842,0.01874982374196369,PL:17680,1079.8,0.1046490090757548
127,2021-01-28,2021-01-29,2021-02-26,PA,,,-0.9011306205160489,0.013666783161219918,PA:362,2240.5,0.028788216915867082
127,2021-01-28,2021-01-29,2021-02-26,ZC,-0.6429056099122308,0.018624143015939287,0.2688060223027121,0.015242389813924645,ZC:221002,547.25,0.0031978072179077444
127,2021-01-28,2021-01-29,2021-02-26,ZW,0.12648045916775916,0.022849864165688016,0.4882305943261174,0.016847041352030436,ZW:645506,661.75,-0.002266717038156396
127,2021-01-28,2021-01-29,2021-02-26,KE,0.04755142521900843,0.0303491266943976,0.4029278369694195,0.017263011370952715,KE:169700,641.25,-0.011695906432748537
127,2021-01-28,2021-01-29,2021-02-26,ZS,-0.3547753940140577,0.012881791103801943,0.113463451339188,0.014192544670273203,ZS:741705,1363.75,0.03226397800183323
127,2021-01-28,2021-01-29,2021-02-26,ZM,-0.3571952523446774,-0.016786792704847286,0.39838221676955,0.014935020482383767,ZM:89700,428.7,-0.01469559132260323
127,2021-01-28,2021-01-29,2021-02-26,ZL,-0.1550192416159591,0.048416078180525846,-0.37767305581219474,0.014379136513424234,ZL:352379,43.89,0.14103440419229885
127,2021-01-28,2021-01-29,2021-02-26,LE,0.1585161192907489,-0.0536490360055506,0.007314039963093605,0.010495267350475878,LE:2324,122.125,-0.018833162743091103
127,2021-01-28,2021-01-29,2021-02-26,GF,-0.08698522917103024,-0.025990775764853535,0.09648972822677988,0.012159027215322875,GF:632,137.8,0.0018142235123366213
127,2021-01-28,2021-01-29,2021-02-26,HE,0.30056023034807355,0.40695430226879326,-0.27734818199267586,0.016202126596797022,HE:199872,76.825,0.1373250894890985
128,2021-02-25,2021-02-26,2021-03-31,CL,-0.018490687757983376,-0.09248596489452432,-0.16715296940504049,0.01592820003766349,CL:554496,61.34,-0.02869253342028044
128,2021-02-25,2021-02-26,2021-03-31,HO,0.07250111178355706,0.011562897851489673,-0.19764433617479057,0.012460643930725896,HO:112628,1.8336,-0.03108638743455494
128,2021-02-25,2021-02-26,2021-03-31,RB,-0.10483134150381242,0.002506426016294583,-0.27834214841442284,0.014818747759496648,RB:270504,1.9414,0.014113526321211545
128,2021-02-25,2021-02-26,2021-03-31,NG,-0.0030452608990349794,-0.06810416828039023,0.15357448508337834,0.027884969913202554,NG:111298,2.811,-0.07470651013874063
128,2021-02-25,2021-02-26,2021-03-31,GC,0.032274532388151055,-0.005749629300861869,-1.388387106135218,0.009263679018932384,GC:100440,1735.5,-0.015672716796312325
128,2021-02-25,2021-02-26,2021-03-31,SI,-7.321195633667576e-05,0.013095908041322435,-0.5694506653331077,0.022544217342077188,SI:63676,26.7,-0.08389513108614222
128,2021-02-25,2021-02-26,2021-03-31,HG,-0.12212965929876857,-0.004898934286378109,-0.5264020638005537,0.012917225782419129,HG:3468,4.102,-0.028156996587030858
128,2021-02-25,2021-02-26,2021-03-31,PL,0.0992334133987105,0.004691857809492328,-0.4770692853149363,0.019904767936662668,PL:661,1200.7,-0.008161905555092774
128,2021-02-25,2021-02-26,2021-03-31,PA,,,-0.2917189390783388,0.014381715368271574,PA:362,2305.0,0.13752711496746195
128,2021-02-25,2021-02-26,2021-03-31,ZC,-0.4129323940060205,0.018057437002894527,0.12164662935019453,0.01587101134579081,ZC:221002,549.0,0.02777777777777768
128,2021-02-25,2021-02-26,2021-03-31,ZW,0.07169216918506215,0.014146287473301156,0.41727083849438107,0.01861113158932447,ZW:645506,660.25,-0.06285497917455507
128,2021-02-25,2021-02-26,2021-03-31,KE,-0.0031695943382027345,0.018961811077565782,0.32504725450786154,0.018874799801783856,KE:169700,633.75,-0.08994082840236683
128,2021-02-25,2021-02-26,2021-03-31,ZS,-0.3069726793907141,-0.0009199202152532227,-0.0467551458237008,0.014466360388809142,ZS:741705,1407.75,0.020600248623690254
128,2021-02-25,2021-02-26,2021-03-31,ZM,-0.28889872245688414,-0.031980574577193055,0.2665057614144054,0.015269514439556419,ZM:89700,422.4,0.0018939393939394478
128,2021-02-25,2021-02-26,2021-03-31,ZL,-0.18677307734589652,0.05943637693696413,-0.3853997943147291,0.014482409927226879,ZL:352379,50.08,0.0571086261980831
128,2021-02-25,2021-02-26,2021-03-31,LE,0.25423994437792785,-0.06696548495972221,-0.016318819701954083,0.008567374780957754,LE:12842,118.175,0.037444467950074056
128,2021-02-25,2021-02-26,2021-03-31,GF,0.00030081367614070986,-0.038931000719928055,0.10194582693751751,0.010288696849895836,GF:61372,142.0,0.017429577464788792
128,2021-02-25,2021-02-26,2021-03-31,HE,0.36014810441249767,0.4832377095707635,-0.3003664615660096,0.016139400568665824,HE:199872,87.375,0.15765379113018607
129,2021-03-30,2021-03-31,2021-04-30,CL,-0.049977824090704316,0.1609736498232115,-0.2846052211503182,0.023488835482951102,CL:253895,59.59,0.06544722268837044
129,2021-03-30,2021-03-31,2021-04-30,HO,-0.018409403901264745,0.02732652156260018,-0.2657067281003299,0.019549778729682835,HO:527167,1.7806,0.07761428731888143
129,2021-03-30,2021-03-31,2021-04-30,RB,-0.022102271339802387,0.3444310358164522,-0.4465437023517675,0.01845443833564439,RB:153118,1.96,0.05693877551020421
129,2021-03-30,2021-03-31,2021-04-30,NG,-0.1900548406873891,-0.044810628455412505,0.17324266146890605,0.02240317834915367,NG:111299,2.663,0.10439354111903865
129,2021-03-30,2021-03-31,2021-04-30,GC,-0.00497056483603749,-0.004686676333694573,-1.3986134012475926,0.008737198938286096,GC:100440,1708.3,0.03541532517707657
129,2021-03-30,2021-03-31,2021-04-30,SI,0.005826056771224005,0.006067818532916602,-0.4908792827889713,0.02038674394700284,SI:32490,24.51,0.0603835169318645
129,2021-03-30,2021-03-31,2021-04-30,HG,-0.019517002173624915,-0.011390837410892862,-0.5107715946794137,0.016312165232576576,HG:9355,3.993,0.11758076634109704
129,2021-03-30,2021-03-31,2021-04-30,PL,-0.003097095436027009,-0.01638981377518922,-0.3894777256226343,0.01898281726096307,PL:661,1190.9,0.010916113863464583
129,2021-03-30,2021-03-31,2021-04-30,PA,,,-0.5044483274147273,0.01747402692977753,PA:362,2622.0,0.11880244088482073
129,2021-03-30,2021-03-31,2021-04-30,ZC,0.4432271167382743,0.04271155764625689,0.18081656936445875,0.016963522010537652,ZC:118881,547.5,0.22968036529680358
129,2021-03-30,2021-03-31,2021-04-30,ZW,0.026019267192787868,-0.014980462260473892,0.3245542339823772,0.016715947027287698,ZW:20301,616.75,0.1913254965545197
129,2021-03-30,2021-03-31,2021-04-30,KE,0.009154624492123148,0.0068800934197470465,0.32066515734187445,0.016678047910301322,KE:777327,583.25,0.20617231033004724
129,2021-03-30,2021-03-31,2021-04-30,ZS,-0.3770412104691404,-0.011579806729073105,-0.03449371636626669,0.014716632631693503,ZS:242521,1427.75,0.07564349500963052
129,2021-03-30,2021-03-31,2021-04-30,ZM,-0.10526275616223563,-0.07134104470305447,0.2760530251179352,0.015747081099019695,ZM:156434,424.7,0.005180127148575409
129,2021-03-30,2021-03-31,2021-04-30,ZL,0.12429929201319617,0.10817073001461686,-0.33912592916350476,0.018842692421461065,ZL:571589,50.81,0.22790789214721507
129,2021-03-30,2021-03-31,2021-04-30,LE,0.21085820824076462,-0.07635970272594128,0.13275376408067954,0.008759412612616322,LE:12842,122.6,-0.051590538336052094
129,2021-03-30,2021-03-31,2021-04-30,GF,-0.19979833318714127,-0.06020173901273984,0.1924032502543378,0.01146589095153778,GF:2996,149.75,-0.11151919866444071
129,2021-03-30,2021-03-31,2021-04-30,HE,-0.6065160435236695,0.5292041123104634,-0.23562326983322265,0.015414884965423287,HE:5469,101.35,0.08584114454859404
130,2021-04-29,2021-04-30,2021-05-28,CL,-0.020374785671408782,0.26334129286911656,-0.13172871648753012,0.02423897555585499,CL:492615,63.37,0.051443900899479145
130,2021-04-29,2021-04-30,2021-05-28,HO,-0.013846420948231993,0.08705907360010845,-0.042363324275029285,0.01995467499795256,HO:121324,1.9202,0.06223310071867516
130,2021-04-29,2021-04-30,2021-05-28,RB,-0.07448410184415413,0.12667105890817076,-0.0378632814969407,0.019009694673015744,RB:655230,2.061,0.039980591945657507
130,2021-04-29,2021-04-30,2021-05-28,NG,-0.11305106634324319,-0.017317248669346474,0.1283794413611496,0.01628876447938843,NG:111301,2.986,0.008037508372404467
130,2021-04-29,2021-04-30,2021-05-28,GC,0.010444580415632716,-0.000748504963294705,-1.358842115703658,0.008519187128040773,GC:152,1770.4,0.07676231360144592
130,2021-04-29,2021-04-30,2021-05-28,SI,0.008829455504764489,0.014635513932571786,-0.5096101351628465,0.015542333422914677,SI:32490,25.99,0.07983839938437876
130,2021-04-29,2021-04-30,2021-05-28,HG,-0.01572846554653545,-0.005869687580030147,-0.39561031818881764,0.017155530108062797,HG:6181,4.456,0.04791292639138245
130,2021-04-29,2021-04-30,2021-05-28,PL,0.011109915147420976,-0.035445055635374034,-0.3276491627054273,0.017412159002038016,PL:661,1203.9,-0.01619735858460003
130,2021-04-29,2021-04-30,2021-05-28,PA,,,-0.5602089945753768,0.017561899410532714,PA:478,2941.0,-0.03706222373342405
130,2021-04-29,2021-04-30,2021-05-28,ZC,0.5918322373490905,0.12935320091750713,0.30439973487139815,0.016807484424559364,ZC:118881,673.25,-0.02562198291867801
130,2021-04-29,2021-04-30,2021-05-28,ZW,0.01543233939406488,-0.009541133936364465,0.3280475965153213,0.016984116568948267,ZW:20301,734.75,-0.09663150731541337
130,2021-04-29,2021-04-30,2021-05-28,KE,-0.00023183505032288443,0.01159835974998047,0.33858391587596565,0.018225063473883852,KE:777327,703.5,-0.12615493958777546
130,2021-04-29,2021-04-30,2021-05-28,ZS,-0.26327078578635066,0.0065395487317474466,0.14056306378672012,0.012856582675433161,ZS:242521,1535.75,-0.004558033534103889
130,2021-04-29,2021-04-30,2021-05-28,ZM,-0.008366410432934401,-0.05654531383291017,0.42753702005180894,0.014355787957137095,ZM:156434,426.9,-0.07402201920824536
130,2021-04-29,2021-04-30,2021-05-28,ZL,0.4164543180454787,0.23553322729506165,-0.19465107848740348,0.020155518815327504,ZL:571589,62.39,0.054976759096008854
130,2021-04-29,2021-04-30,2021-05-28,LE,-0.04176555726248296,-0.040270039864145346,0.47892599891424187,0.0076151516588410535,LE:1594,118.225,0.003806301543666679
130,2021-04-29,2021-04-30,2021-05-28,GF,-0.04067521548683825,-0.0720554884333553,0.4004121396169439,0.01013629948762563,GF:647,146.65,0.03136720081827482
130,2021-04-29,2021-04-30,2021-05-28,HE,-0.3374982497863855,0.41724441674250534,-0.10428487988290606,0.015135776471978822,HE:5488,109.725,0.06858054226475274
131,2021-05-27,2021-05-28,2021-06-30,CL,-0.04865094891418775,0.01401659137902378,-0.13696099446890297,0.02210923333109395,CL:300251,66.4,0.10707831325301198
131,2021-05-27,2021-05-28,2021-06-30,HO,-0.03143565963188843,0.06368766260253,-0.08951304436919041,0.018717445035707606,HO:728922,2.042,0.043290891283055855
131,2021-05-27,2021-05-28,2021-06-30,RB,-0.612391339589392,0.07702730559026882,-0.09766041378396637,0.01786268424345161,RB:493363,2.1338,0.05108257568656849
131,2021-05-27,2021-05-28,2021-06-30,NG,0.07887859861532028,-0.020533337780649252,-0.3208899077897073,0.015048560990235507,NG:111303,3.032,0.22658311345646442
131,2021-05-27,2021-05-28,2021-06-30,GC,0.003770768908336137,0.0061632850069079925,-1.4236801324324748,0.006902354243151042,GC:152,1906.3,-0.07228662854744794
131,2021-05-27,2021-05-28,2021-06-30,SI,,0.00837895614502937,-0.9858267030129463,0.01415047070578482,SI:28092,28.065,-0.06609656155353649
131,2021-05-27,2021-05-28,2021-06-30,HG,0.010521732229818212,-0.01687520088888017,-0.3279337965755645,0.013901373684779426,HG:3278,4.6745,-0.08043641031126325
131,2021-05-27,2021-05-28,2021-06-30,PL,-0.04205963475904957,-0.01645930777471505,-0.48297293390248314,0.014617801231098926,PL:1526,1186.8,-0.0995955510616785
131,2021-05-27,2021-05-28,2021-06-30,PA,,,-0.631854662763317,0.016906620218041096,PA:478,2832.0,-0.018185028248587587
131,2021-05-27,2021-05-28,2021-06-30,ZC,0.26141801553759003,0.12210873573993153,-0.054340465190770994,0.021759063908286462,ZC:62550,573.0,0.04581151832460728
131,2021-05-27,2021-05-28,2021-06-30,ZW,-0.0029027332040258078,-0.020312517317897294,0.24829485162839438,0.01789209118109249,ZW:313943,667.5,0.019101123595505642
131,2021-05-27,2021-05-28,2021-06-30,KE,-0.008175344767404766,0.0007365451188405814,0.22946922512032944,0.01949014181734933,KE:374943,621.25,0.061569416498993945
131,2021-05-27,2021-05-28,2021-06-30,ZS,0.4685701692221035,-0.002163271978117276,0.02044292917978227,0.013741786081282707,ZS:549332,1481.25,-0.03966244725738399
131,2021-05-27,2021-05-28,2021-06-30,ZM,-0.06525126053720343,-0.07204687023077594,-0.1320945204302319,0.017543033355897,ZM:727762,396.2,-0.05199394245330635
131,2021-05-27,2021-05-28,2021-06-30,ZL,0.030763331310151687,0.18249039497194808,-0.1984201244443771,0.021014858563786227,ZL:737124,62.39,0.00897579740343013
131,2021-05-27,2021-05-28,2021-06-30,LE,-0.037288558125279536,-0.07441155366350105,-0.05854691386703677,0.008063848116122152,LE:1594,118.675,0.035812091847482685
131,2021-05-27,2021-05-28,2021-06-30,GF,-0.026175902966945094,-0.07453781662689052,0.039231736757101676,0.011856218585673924,GF:647,151.25,0.02247933884297515
131,2021-05-27,2021-05-28,2021-06-30,HE,-0.9079483003121811,0.3914709060109709,-0.047787125071136055,0.014055312940165307,HE:17824,119.475,-0.09813768570830717
132,2021-06-29,2021-06-30,2021-07-30,CL,0.016742244919980137,0.0035156785715559913,-0.17421520033968707,0.013527963342655845,CL:773890,72.78,0.01415223962627099
132,2021-06-29,2021-06-30,2021-07-30,HO,0.001408825765910891,0.034207665283604305,-0.06451106918499203,0.011321368198954207,HO:689068,2.1322,0.026310852640465177
132,2021-06-29,2021-06-30,2021-07-30,RB,0.46485709940002445,0.03771498550474717,-0.056311557630679875,0.011929581371159402,RB:301297,2.2242,0.04644366513802711
132,2021-06-29,2021-06-30,2021-07-30,NG,0.15985489463579391,-0.029653332624176354,-0.5483447062948738,0.01467656025849189,NG:111305,3.691,0.06014630181522618
132,2021-06-29,2021-06-30,2021-07-30,GC,-0.0004564388661282082,0.004247555760684363,-1.0422411851927775,0.007529724106906564,GC:1406,1770.4,0.02485314053321286
132,2021-06-29,2021-06-30,2021-07-30,SI,0.00288670016888913,0.01878724660189013,-0.8117869855881769,0.013447268169409629,SI:28092,26.21,-0.02518122853872573
132,2021-06-29,2021-06-30,2021-07-30,HG,-0.06366399436277438,-0.012889448945538229,-0.2822003556571874,0.013792476311224166,HG:261910,4.2915,0.04404054526389367
132,2021-06-29,2021-06-30,2021-07-30,PL,0.08979103479670823,-0.0216939122677251,-0.4595440726904831,0.016618553059090643,PL:4925,1077.7,-0.02514614456713382
132,2021-06-29,2021-06-30,2021-07-30,PA,,,-1.1878432553070049,0.019044688548437615,PA:478,2780.5,-0.04189893903974107
132,2021-06-29,2021-06-30,2021-07-30,ZC,0.12983844880142256,0.06168075361363434,-0.18996179423095813,0.0273512878450027,ZC:62550,599.25,-0.08760951188986232
132,2021-06-29,2021-06-30,2021-07-30,ZW,0.001534384972583902,-0.026477802442055554,0.2398637796118854,0.019170334035617582,ZW:313943,680.25,0.034178610804851184
132,2021-06-29,2021-06-30,2021-07-30,KE,-0.011319845828184516,0.013837547492830504,0.19119262514455926,0.020871867958014014,KE:374943,659.5,0.020090978013646676
132,2021-06-29,2021-06-30,2021-07-30,ZS,0.03422330790098875,-0.06917315031282745,-0.576354311304876,0.019086166898782668,ZS:326446,1402.25,-0.03405241576038509
132,2021-06-29,2021-06-30,2021-07-30,ZM,0.07534954326814822,-0.06964231122704367,-0.1834807718844999,0.019236717977433957,ZM:535389,377.1,-0.06947759215062332
132,2021-06-29,2021-06-30,2021-07-30,ZL,0.03485035330672638,0.13750044693142893,-0.799817040529912,0.027149445141944808,ZL:575257,62.64,0.030332056194125157
132,2021-06-29,2021-06-30,2021-07-30,LE,-0.04528464876130231,-0.06996354463794585,-0.0600454998965006,0.009948013621639178,LE:37535,128.35,-0.007596416049863608
132,2021-06-29,2021-06-30,2021-07-30,GF,-0.01380710523034595,-0.08004192117106745,0.090713125412151,0.01305172302773232,GF:647,154.65,0.022146783058519137
132,2021-06-29,2021-06-30,2021-07-30,HE,0.4676182871192903,0.5958974007121736,0.025729398119466916,0.016799827505844748,HE:354,103.6,0.02316602316602312
133,2021-07-29,2021-07-30,2021-08-31,CL,-0.0037960957063232215,-0.0010072557066052035,-0.14757137731956382,0.01675780974112614,CL:581506,73.04,-0.062294633077765726
133,2021-07-29,2021-07-30,2021-08-31,HO,-0.02127015887387227,0.027749970550369207,-0.07006015997244724,0.013747090392611057,HO:496697,2.1881,-0.02577578721265028
133,2021-07-29,2021-07-30,2021-08-31,RB,0.043772564330607666,0.06616909335621113,-0.04521570601329168,0.014607039744795847,RB:252048,2.1871,-0.024141557313337225
133,2021-07-29,2021-07-30,2021-08-31,NG,0.09849367925193947,0.0032286482035899233,-0.6131003210542885,0.018041448798110732,NG:111311,3.918,0.12353241449719254
133,2021-07-29,2021-07-30,2021-08-31,GC,-0.006893051248363783,0.002877674888222659,-1.0722361333529111,0.006968886568021521,GC:1406,1814.4,0.0002755731922399196
133,2021-07-29,2021-07-30,2021-08-31,SI,0.020481000567284784,0.013478118005676665,-0.30483129684857274,0.011614014304427784,SI:24376,25.6,-0.06484374999999998
133,2021-07-29,2021-07-30,2021-08-31,HG,0.01835108973207425,0.019437781269528998,-0.24355625904247916,0.014248053438529874,HG:299,4.4545,-0.022336962622067524
133,2021-07-29,2021-07-30,2021-08-31,PL,0.008743094384725654,-0.012920621089549167,-0.43516210009637063,0.016115502949193762,PL:7320,1045.9,-0.03231666507314279
133,2021-07-29,2021-07-30,2021-08-31,PA,,,-1.2374166442783494,0.020086382431039208,PA:3795,2659.0,-0.07239563745769084
133,2021-07-29,2021-07-30,2021-08-31,ZC,-0.01303224673601757,0.05891788980465651,-0.2630154004735802,0.029484233856783202,ZC:311015,544.5,-0.017906336088154284
133,2021-07-29,2021-07-30,2021-08-31,ZW,-0.05210014382193466,-0.026910155664110702,0.25186269660417904,0.0210591219416244,ZW:121767,712.75,0.015783935461241683
133,2021-07-29,2021-07-30,2021-08-31,KE,-0.02764999557847369,0.011234114366259984,0.07264303084406164,0.02236047741163554,KE:182563,683.5,0.045354791514264914
133,2021-07-29,2021-07-30,2021-08-31,ZS,-0.060141382656471024,-0.07818444168477434,-0.659100429792536,0.021416388647396516,ZS:361559,1348.0,-0.04043026706231456
133,2021-07-29,2021-07-30,2021-08-31,ZM,-0.03586226355405677,-0.05807674309780353,-0.12321391452134062,0.022051570187453535,ZM:186868,349.8,-0.018010291595197292
133,2021-07-29,2021-07-30,2021-08-31,ZL,-0.09589298317105485,0.14663560302730838,-0.8668142215097968,0.02660141685367374,ZL:96394,63.61,-0.07561704134570035
133,2021-07-29,2021-07-30,2021-08-31,LE,-0.03358287890002587,-0.07721761620070433,-0.08433287687318504,0.009946008995291997,LE:37535,127.375,-0.0029440628066732533
133,2021-07-29,2021-07-30,2021-08-31,GF,-0.08245149018212594,-0.07706215064172384,0.09143849828359572,0.013478723984968171,GF:151,161.725,0.007729169887154219
133,2021-07-29,2021-07-30,2021-08-31,HE,0.6416875534663015,0.5166303064898459,-0.15252727081680462,0.015821188918669866,HE:11100,88.0,0.009659090909090784
134,2021-08-30,2021-08-31,2021-09-30,CL,0.004601546152020304,-0.01301201005008723,-0.31942497966705996,0.01857900729431732,CL:183262,68.24,0.10287221570926164
134,2021-08-30,2021-08-31,2021-09-30,HO,-0.012473971453367587,0.03709891071466975,-0.3561063647377859,0.016750802588358597,HO:506046,2.1244,0.10355865185464119
134,2021-08-30,2021-08-31,2021-09-30,RB,0.1509345466581552,0.06373557885942338,-0.05674764011601243,0.018928912853455493,RB:149989,2.0605,0.06459597185149213
134,2021-08-30,2021-08-31,2021-09-30,NG,-0.0587481271669863,-0.12035941146481677,-0.4652953397842536,0.021447605365769756,NG:111313,4.446,0.3344579397210976
134,2021-08-30,2021-08-31,2021-09-30,GC,,0.0007137666418662869,-1.0722739925254163,0.007687251799434775,GC:51659,1817.2,-0.03499889940567913
134,2021-08-30,2021-08-31,2021-09-30,SI,-0.0020812885339623645,0.008108443038207236,-0.26167113667585146,0.011904951243085262,SI:24376,23.94,-0.07727652464494572
134,2021-08-30,2021-08-31,2021-09-30,HG,-0.008347617742168903,0.018475831284591848,-0.13782938896564878,0.012996183087377303,HG:2303,4.3615,-0.058122205663189486
134,2021-08-30,2021-08-31,2021-09-30,PL,-0.07545803995247001,-0.00870292506117476,-0.291878061340035,0.017405674258601306,PL:852,1014.4,-0.05293769716088326
134,2021-08-30,2021-08-31,2021-09-30,PA,,,-1.0893088009713072,0.023422167371560058,PA:3795,2466.5,-0.2308939793229272
134,2021-08-30,2021-08-31,2021-09-30,ZC,-0.007123516858897026,0.03934317862149217,-0.2186029208849441,0.02495959146452615,ZC:311015,534.75,0.00514258999532502
134,2021-08-30,2021-08-31,2021-09-30,ZW,-0.03376863057282584,-0.033273663312948676,0.26296906144429494,0.019602051563961862,ZW:121767,724.0,0.0024171270718231774
134,2021-08-30,2021-08-31,2021-09-30,KE,-0.03502500381887705,0.010285239213482456,0.13193528797064324,0.020570145746832393,KE:182563,714.5,0.023792862141357674
134,2021-08-30,2021-08-31,2021-09-30,ZS,-0.01550224583539555,-0.07125058305024146,-0.5838110944785124,0.02106034536080896,ZS:361559,1293.5,-0.028218013142636278
134,2021-08-30,2021-08-31,2021-09-30,ZM,-0.0004890572936106716,-0.04464294172089578,-0.13226853853527448,0.0196807750688796,ZM:794459,345.9,-0.04943625325238499
134,2021-08-30,2021-08-31,2021-09-30,ZL,-0.00862461376600961,0.10100529323552077,-0.8179207548263747,0.02771467623385325,ZL:379214,58.65,0.0008525149190110604
134,2021-08-30,2021-08-31,2021-09-30,LE,-0.04424595948724533,-0.08792432556674479,-0.025651098489901963,0.009155023521657537,LE:38388,133.525,-0.05729264182737315
134,2021-08-30,2021-08-31,2021-09-30,GF,-0.15046204048844888,-0.10484436292906651,0.08318434283857609,0.01132193719592983,GF:12170,167.775,-0.08657428103114295
134,2021-08-30,2021-08-31,2021-09-30,HE,0.5959501260444059,0.5341991253059217,-0.16610337002000364,0.018215125357575104,HE:11100,88.85,0.02898142937535164
135,2021-09-29,2021-09-30,2021-10-29,CL,-0.004259177206502859,-0.017105762356530274,-0.41177756171386787,0.018027859962479763,CL:415463,74.9,0.11108144192256342
135,2021-09-29,2021-09-30,2021-10-29,HO,-0.03421979935042535,0.03153834612013373,-0.4875136130917317,0.01612082590279736,HO:313721,2.3369,0.059437716633146565
135,2021-09-29,2021-09-30,2021-10-29,RB,0.05293952342886481,0.04552139366977048,-0.15926877022776376,0.018647268682196003,RB:465257,2.1562,0.09400797699656804
135,2021-09-29,2021-09-30,2021-10-29,NG,-0.4415748691012964,-0.01720511778577305,0.0636814286459839,0.0315081120075972,NG:111314,6.062,-0.08182118112834058
135,2021-09-29,2021-09-30,2021-10-29,GC,-0.003834525867777487,0.0010952639222649996,-0.7641743751319164,0.007868249782890756,GC:51659,1753.6,0.01790602189781021
135,2021-09-29,2021-09-30,2021-10-29,SI,0.02946765889339424,0.003954343228012913,-0.22352618726769335,0.014547744258457306,SI:24376,22.09,0.08488003621548201
135,2021-09-29,2021-09-30,2021-10-29,HG,-0.01270752240480734,0.016590146185884835,-0.044702834154594195,0.014276832263486737,HG:225412,4.1085,0.06462212486308849
135,2021-09-29,2021-09-30,2021-10-29,PL,0.024235542468535834,-0.001752888338981906,-0.1471812701985897,0.017754465684127987,PL:852,960.7,0.06359945872801065
135,2021-09-29,2021-09-30,2021-10-29,PA,0.08492360650000452,,-0.9160923887879296,0.023150567120848287,PA:3795,1897.0,0.05693199789140757
135,2021-09-29,2021-09-30,2021-10-29,ZC,-0.008852973534496433,0.03267910431892651,-0.20162738960531426,0.017369893168172612,ZC:311015,537.5,0.05860465116279068
135,2021-09-29,2021-09-30,2021-10-29,ZW,-0.03424424262582534,-0.03864357442014388,0.2971786914952505,0.0178438551767457,ZW:121767,725.75,0.06510506372717884
135,2021-09-29,2021-09-30,2021-10-29,KE,-0.015659615253561385,-0.0026044441978492205,0.13363948341999926,0.019207190992914052,KE:182563,731.5,0.07416267942583743
135,2021-09-29,2021-09-30,2021-10-29,ZS,0.00032461688464826763,-0.07225114223728668,-0.5650274934009136,0.01394664163670974,ZS:707652,1266.25,-0.013030602171766992
135,2021-09-29,2021-09-30,2021-10-29,ZM,-0.05548638711989902,-0.05218167180884703,-0.10642466124203637,0.014245073750890973,ZM:794459,328.8,0.012469586374695751
135,2021-09-29,2021-09-30,2021-10-29,ZL,-0.027110937112053653,0.09173729197820024,-0.8138813857524864,0.01941863260557435,ZL:379214,58.7,0.04361158432708678
135,2021-09-29,2021-09-30,2021-10-29,LE,-0.05807447483423847,-0.08687922251540525,0.08296225147937847,0.007361386243225868,LE:38388,125.875,0.02720953326713027
135,2021-09-29,2021-09-30,2021-10-29,GF,0.00523255197897269,-0.08762617718374477,0.1394622379624997,0.009986842387405997,GF:2018,153.725,0.018539599934948692
135,2021-09-29,2021-09-30,2021-10-29,HE,0.03537513421607358,0.16306172392389517,-0.20555289874717672,0.017732433536373066,HE:3190,85.225,-0.10824288647697267
136,2021-10-28,2021-10-29,2021-11-30,CL,0.027114295151267814,0.0058204616584811575,-0.51749898370389,0.014380919540371816,CL:459060,81.57,-0.179355155081525
136,2021-10-28,2021-10-29,2021-11-30,HO,-0.05658050601127544,0.02762239044944481,-0.5697253525621415,0.01431422724970729,HO:151854,2.4598,-0.1533864541832669
136,2021-10-28,2021-10-29,2021-11-30,RB,0.055248125441299305,0.07267962154700358,-0.2669519192678198,0.016613061729009265,RB:303628,2.3081,-0.14856375373683983
136,2021-10-28,2021-10-29,2021-11-30,NG,-0.5116001193330904,-0.043156929135507394,0.24497926230775774,0.040713306509150664,NG:143984,5.67,-0.18994708994708998
136,2021-10-28,2021-10-29,2021-11-30,GC,,0.0010280587479070125,-0.7693703552254114,0.0069906739625822155,GC:14725,1786.8,-0.006827848668009895
136,2021-10-28,2021-10-29,2021-11-30,SI,0.013660019273103714,0.0021965367939649205,-0.2070731160023282,0.014248023173215406,SI:3733,23.97,-0.04755944931163958
136,2021-10-28,2021-10-29,2021-11-30,HG,-0.07833910187525778,0.01818171785217393,-0.0050673364083615455,0.015890615112648335,HG:2660,4.368,-0.013278388278388453
136,2021-10-28,2021-10-29,2021-11-30,PL,-0.00354439664256323,-0.008539243037815503,-0.11549526301754685,0.018320508166521456,PL:852,1021.8,-0.08719906048150317
136,2021-10-28,2021-10-29,2021-11-30,PA,,,-0.674107536232084,0.026643773356389972,PA:5282,2000.0,-0.13224999999999998
136,2021-10-28,2021-10-29,2021-11-30,ZC,-0.04697281043413572,0.012401872353515975,-0.17888925754445634,0.01339359939181527,ZC:234352,577.0,-0.014298093587521654
136,2021-10-28,2021-10-29,2021-11-30,ZW,-0.10296396914589676,-0.048668166394677526,0.24986971979382963,0.015576508708956266,ZW:651622,785.0,0.005732484076433231
136,2021-10-28,2021-10-29,2021-11-30,KE,-0.08597391830378735,0.0004999489368404664,0.009149444876033967,0.016811364005448106,KE:104607,789.0,0.04435994930291498
136,2021-10-28,2021-10-29,2021-11-30,ZS,-0.004368289854022614,-0.07406042720616757,-0.5399854502396482,0.010467041659547302,ZS:707652,1249.75,-0.023204640928185638
136,2021-10-28,2021-10-29,2021-11-30,ZM,0.03863154362826546,-0.05021660200526756,-0.10592907522145557,0.010425808482802886,ZM:243619,330.5,0.03661119515885036
136,2021-10-28,2021-10-29,2021-11-30,ZL,-0.00972996945625066,0.08894461164573908,-0.7900007230384155,0.019387863699723274,ZL:96420,61.05,-0.09254709254709248
136,2021-10-28,2021-10-29,2021-11-30,LE,-0.344793618872583,-0.10954384090943603,0.34348127917699356,0.008033578841262616,LE:77508,134.325,0.026614554252745393
136,2021-10-28,2021-10-29,2021-11-30,GF,0.19299643748928214,-0.09732532730744348,0.23090129109221877,0.009096130104878282,GF:687,155.975,0.05577816957845827
136,2021-10-28,2021-10-29,2021-11-30,HE,0.09081231930100553,0.01890140033433485,-0.1207284681251422,0.018876231034913534,HE:3190,76.0,-0.03355263157894728
137,2021-11-29,2021-11-30,2021-12-31,CL,-0.016166145042279298,-0.03215495947847513,-1.3442279359242013,0.02197580947081695,CL:135511,66.61,0.13271280588500223
137,2021-11-29,2021-11-30,2021-12-31,HO,-0.03682470040044457,0.002954732228396706,-1.6765134600772387,0.02104483405892907,HO:188582,2.0744,0.12157732356344009
137,2021-11-29,2021-11-30,2021-12-31,RB,0.6723590780611041,0.04944617319553135,-1.3888225661358353,0.02206145698876049,RB:770531,1.9512,0.13648011480114786
137,2021-11-29,2021-11-30,2021-12-31,NG,-0.6371784134437561,-0.043047886929389545,0.0737697309682155,0.044892301917121534,NG:129856,4.535,-0.1708930540242558
137,2021-11-29,2021-11-30,2021-12-31,GC,0.017367656714053062,0.0017875197585595082,-0.5307431894469471,0.0067858064743365875,GC:14725,1774.6,0.03150005635072706
137,2021-11-29,2021-11-30,2021-12-31,SI,-0.0065119146364344665,-0.0020301286312061073,-0.10837922819623586,0.014279066793300058,SI:5470,22.82,0.02344434706397891
137,2021-11-29,2021-11-30,2021-12-31,HG,-0.07383378890779542,0.00445496041958604,-0.02675890703313608,0.015320537247186503,HG:2850,4.3125,0.03292753623188416
137,2021-11-29,2021-11-30,2021-12-31,PL,,-0.009195995522326084,-0.06563078137138198,0.018091474739919622,PL:2772,935.1,0.032830713292695934
137,2021-11-29,2021-11-30,2021-12-31,PA,,,-0.7436244708547632,0.025370266529104065,PA:5282,1735.5,0.0965139729184672
137,2021-11-29,2021-11-30,2021-12-31,ZC,-0.025638776551106805,0.011336476238163584,-0.1664263129495487,0.012632051145325859,ZC:234352,568.75,0.04175824175824183
137,2021-11-29,2021-11-30,2021-12-31,ZW,-0.12354145492125426,-0.04771963498088194,0.2578361131199994,0.01499991538516132,ZW:651622,789.5,-0.024382520582647227
137,2021-11-29,2021-11-30,2021-12-31,KE,-0.10279163531517052,0.0035482593011666452,0.03697088239596309,0.015815986531490862,KE:104607,824.0,-0.02851941747572817
137,2021-11-29,2021-11-30,2021-12-31,ZS,-0.00854291777271353,-0.05616369916273589,-0.4881863201206032,0.009969856891367737,ZS:100711,1230.0,0.08922764227642266
137,2021-11-29,2021-11-30,2021-12-31,ZM,0.029152128907553032,-0.01625192128307895,0.007953427275163709,0.012789342658061541,ZM:689369,341.8,0.1699824458747805
137,2021-11-29,2021-11-30,2021-12-31,ZL,-0.003696191462120628,0.06345110211584637,-0.7255621063620233,0.01660605198255504,ZL:704007,55.51,0.01909565843992067
137,2021-11-29,2021-11-30,2021-12-31,LE,-0.3618986707722095,-0.10636884548247028,0.1495071688373965,0.007687841924740502,LE:77508,137.9,0.012690355329949332
137,2021-11-29,2021-11-30,2021-12-31,GF,0.10518374631888366,-0.09466689035155773,0.12893864161135057,0.010268364907976562,GF:687,164.675,0.013511461970548089
137,2021-11-29,2021-11-30,2021-12-31,HE,0.3452579696376745,-0.06552956284248279,-0.041785200258440666,0.017338784664521125,HE:18920,80.05,0.015615240474703418
138,2021-12-30,2021-12-31,2022-01-31,CL,0.029188160460046887,-0.034047477573409646,-1.5023346452820265,0.024795988560684785,CL:237359,75.15,0.17604790419161653
138,2021-12-30,2021-12-31,2022-01-31,HO,0.04394340418756647,0.004538199813876043,-1.766279553692475,0.02196403715855325,HO:765688,2.3095,0.1775709027928123
138,2021-12-30,2021-12-31,2022-01-31,RB,-0.5419981731192116,0.03927786868589611,-1.4642475081003512,0.023097410657627666,RB:608658,2.2215,0.15498537024532988
138,2021-12-30,2021-12-31,2022-01-31,NG,0.2629804542267281,-0.03386776396812308,-0.05925652556445353,0.03839997005377499,NG:154903,3.589,0.3719699080523824
138,2021-12-30,2021-12-31,2022-01-31,GC,,-0.0009251633335957132,-0.5210892698969076,0.005949632721144525,GC:1064,1834.2,-0.018264093337694853
138,2021-12-30,2021-12-31,2022-01-31,SI,0.006478377402891734,0.004220476548114971,-0.09815520423716949,0.01152303495134317,SI:5470,23.355,-0.03703703703703709
138,2021-12-30,2021-12-31,2022-01-31,HG,0.01745221703910022,-0.004922267948589187,-0.01536755734984951,0.01211471360404228,HG:4500,4.46,-0.02791479820627807
138,2021-12-30,2021-12-31,2022-01-31,PL,-0.019416416735074157,-0.006657890253484289,-0.01861923968863937,0.015370929233253932,PL:2772,965.8,0.05839718368192193
138,2021-12-30,2021-12-31,2022-01-31,PA,,,-0.4824208323466635,0.025128653554305682,PA:5282,1903.0,0.2288491854965844
138,2021-12-30,2021-12-31,2022-01-31,ZC,-0.0276505201949067,0.002638576827501904,-0.14013833922417954,0.011364266358386506,ZC:234352,592.5,0.05443037974683551
138,2021-12-30,2021-12-31,2022-01-31,ZW,-0.08828484265543363,-0.04508722887266181,0.23742134532888615,0.01693772111746171,ZW:651622,770.25,-0.012009087958455011
138,2021-12-30,2021-12-31,2022-01-31,KE,-0.04983088170924468,-0.01034645231496989,0.0509204465523335,0.01707513746602763,KE:104607,800.5,-0.027170518425983725
138,2021-12-30,2021-12-31,2022-01-31,ZS,-0.017961317065260215,-0.05501033234896302,-0.537738758036145,0.011004426974768715,ZS:100711,1339.75,0.11270759470050384
138,2021-12-30,2021-12-31,2022-01-31,ZM,0.04612141220874552,-0.012525688294739323,-0.0011285686925364962,0.014502800718402778,ZM:689369,399.9,0.046761690422605806
138,2021-12-30,2021-12-31,2022-01-31,ZL,-0.012820114821186198,0.019337782363802125,-0.6769252281303836,0.01787765157438725,ZL:704007,56.57,0.14742796535266045
138,2021-12-30,2021-12-31,2022-01-31,LE,0.19345685877082805,-0.11292376100171153,0.1496606174257014,0.007306319629330124,LE:50598,144.775,-0.00207218097047146
138,2021-12-30,2021-12-31,2022-01-31,GF,-0.10155550804368363,-0.08958323508794941,0.12916446858304065,0.009224000900610778,GF:360,170.0,-0.040000000000000036
138,2021-12-30,2021-12-31,2022-01-31,HE,0.2837201911292866,-0.03848620008121517,-0.06427617018741408,0.017360836211238486,HE:18920,81.3,0.08856088560885622
139,2022-01-28,2022-01-31,2022-02-28,CL,0.010375481484641402,-0.028365814310761905,-1.5642363813358222,0.024966515411681715,CL:620966,86.68,0.10671435163820941
139,2022-01-28,2022-01-31,2022-02-28,HO,0.06412521959405826,0.0351937640058535,-1.955047588807305,0.022156043830944903,HO:573317,2.6405,0.1132361295209241
139,2022-01-28,2022-01-31,2022-02-28,RB,-0.08107033788819518,0.019035487543185958,-1.6269311081181264,0.022778413952822013,RB:416285,2.6686,0.1067226260960803
139,2022-01-28,2022-01-31,2022-02-28,NG,0.041468879332286254,0.02961920332540946,-0.044000578333601,0.03879789051803022,NG:156565,4.7,-0.06404255319148944
139,2022-01-28,2022-01-31,2022-02-28,GC,-0.004001584967979525,0.0007542209150196433,-0.6066072437347696,0.006430615624520077,GC:1064,1800.7,0.06119842283556398
139,2022-01-28,2022-01-31,2022-02-28,SI,-0.01701092676456981,-9.240818073852353e-05,-0.15429527339917412,0.012135914043623014,SI:17086,22.54,0.08606921029281289
139,2022-01-28,2022-01-31,2022-02-28,HG,-0.024832109278323262,-0.010502524184349937,0.021359747550991296,0.011924245358645271,HG:16440,4.33,0.039838337182448
139,2022-01-28,2022-01-31,2022-02-28,PL,-0.014139517898271801,-0.0038631438291848452,0.10288822847736787,0.01510348732253841,PL:2772,1022.2,0.022696145568382065
139,2022-01-28,2022-01-31,2022-02-28,PA,,,-0.3473074668572243,0.02640447575522519,PA:2870,2329.0,0.06848432803778448
139,2022-01-28,2022-01-31,2022-02-28,ZC,-0.3326436735356741,0.013565256637616097,-0.1507752046007064,0.011151770164749863,ZC:11397,623.5,0.1078588612670408
139,2022-01-28,2022-01-31,2022-02-28,ZW,0.04000559983443193,-0.048315710590953964,0.24402878455368215,0.018174329292380102,ZW:459267,766.25,0.21990212071778137
139,2022-01-28,2022-01-31,2022-02-28,KE,0.02553211108947502,-0.010597751127560562,0.05664858183534981,0.018552076354204455,KE:628335,781.75,0.2209785737128238
139,2022-01-28,2022-01-31,2022-02-28,ZS,-0.2421820557558936,-0.051906554243451586,-0.5701097377228145,0.011900937385904432,ZS:738158,1495.5,0.09578736208625882
139,2022-01-28,2022-01-31,2022-02-28,ZM,-0.20658080560677444,-0.008093823060455141,-0.03399102351927424,0.016669577188380674,ZM:497002,416.6,0.0760921747479597
139,2022-01-28,2022-01-31,2022-02-28,ZL,-0.11506122908830747,0.03382490978320751,-0.7041988854088826,0.016589171603588252,ZL:542130,64.9,0.11710323574730341
139,2022-01-28,2022-01-31,2022-02-28,LE,0.168981870424702,-0.11078451105185105,0.1842938624380607,0.006713895456846578,LE:50598,144.475,-0.02059179788890808
139,2022-01-28,2022-01-31,2022-02-28,GF,-0.07210741427145673,-0.09951299880681763,0.16826080442525168,0.008893052264422129,GF:360,163.2,-0.03462009803921551
139,2022-01-28,2022-01-31,2022-02-28,HE,0.06501384964905466,0.025921726746147566,-0.12164206930059818,0.017564863954978152,HE:1959,95.5,0.08036649214659675
140,2022-02-25,2022-02-28,2022-03-31,CL,0.02603602159865473,-0.01621871004345321,-1.5533766144740608,0.015097493878579966,CL:133863,93.77,0.07689026341047245
140,2022-02-25,2022-02-28,2022-03-31,HO,0.05942956864580873,0.018566866488841427,-1.8591951076065245,0.013621786624389282,HO:411439,2.85,0.18585964912280706
140,2022-02-25,2022-02-28,2022-03-31,RB,-0.05611389870283559,0.010092541947467337,-1.6309638397364035,0.012467977200747004,RB:203563,2.9279,0.08234570852829659
140,2022-02-25,2022-02-28,2022-03-31,NG,0.021311581894734172,0.021856790658049352,-0.0031397183949612617,0.036631490762081546,NG:192030,4.411,0.2847426887327138
140,2022-02-25,2022-02-28,2022-03-31,GC,-0.01641853858197966,-0.002190453239971246,-0.6396885072994914,0.00658819554451282,GC:1064,1910.9,0.015961065466534086
140,2022-02-25,2022-02-28,2022-03-31,SI,-0.00502638754288178,-0.0036521474267584564,-0.385179030464119,0.011650730997742177,SI:17086,24.48,0.019812091503268014
140,2022-02-25,2022-02-28,2022-03-31,HG,-0.05318547272662319,-0.006148536672646809,0.0012653406254113718,0.011550492635799759,HG:38569,4.5025,0.05230427540255422
140,2022-02-25,2022-02-28,2022-03-31,PL,-0.011231747451278388,-0.005443274199918191,0.06474508760773674,0.01379217971902213,PL:143,1047.3,-0.05652630573856576
140,2022-02-25,2022-02-28,2022-03-31,PA,,,-0.27675763863843045,0.025179151912968423,PA:2870,2488.5,-0.08438818565400841
140,2022-02-25,2022-02-28,2022-03-31,ZC,-0.3726176619039707,0.02276893624416254,-0.18116603761890313,0.014090031062770151,ZC:11397,690.75,0.0821570756424177
140,2022-02-25,2022-02-28,2022-03-31,ZW,0.014331966743443267,-0.03074463215585621,0.04330713603361963,0.023892653531090706,ZW:459267,934.75,0.07836319871623432
140,2022-02-25,2022-02-28,2022-03-31,KE,0.03068210992281789,0.01447658920660344,-0.07544334829384744,0.022986978356831174,KE:628335,954.5,0.08119434258774216
140,2022-02-25,2022-02-28,2022-03-31,ZS,-0.23894742947250622,-0.04213999330536611,-0.5546203659981023,0.013709651629873934,ZS:738158,1638.75,-0.013119755911517927
140,2022-02-25,2022-02-28,2022-03-31,ZM,-0.2411837915427753,0.0031365160923106927,0.0023749555897266106,0.017298254761772366,ZM:497002,448.3,0.043720722730314465
140,2022-02-25,2022-02-28,2022-03-31,ZL,-0.15528700626724715,0.034066674289428,-0.679137101331102,0.01824844862137964,ZL:542130,72.5,-0.03668965517241374
140,2022-02-25,2022-02-28,2022-03-31,LE,0.2763712841215617,-0.09891142307825551,0.19254990878533365,0.00694912879079376,LE:265304,137.8,-0.005624092888243837
140,2022-02-25,2022-02-28,2022-03-31,GF,-0.16265000510191158,-0.08560221332036333,0.22132424481741203,0.008547575295335197,GF:5594,162.075,-0.006015733456733008
140,2022-02-25,2022-02-28,2022-03-31,HE,0.11055783841085065,-0.022681681250225738,-0.1661068603046904,0.01845192304583869,HE:1959,103.175,-0.012115338017930743
141,2022-03-30,2022-03-31,2022-04-29,CL,-0.06254241141820754,-0.01156806227238949,-0.7263723500158464,0.03496231806591014,CL:351646,99.28,0.048650282030620495
141,2022-03-30,2022-03-31,2022-04-29,HO,0.022125243897100855,0.09782989677219822,-2.0194234887002422,0.04609580524794518,HO:162424,3.2218,0.23995902911415978
141,2022-03-30,2022-03-31,2022-04-29,RB,0.037473486105816356,0.026889289637512137,-0.89651967114745,0.03227250848347029,RB:531084,3.1171,0.10038176510217833
141,2022-03-30,2022-03-31,2022-04-29,NG,-0.10603626387727266,0.04391953036099716,-0.030664080764560106,0.03506049485480523,NG:178084,5.733,0.2637362637362639
141,2022-03-30,2022-03-31,2022-04-29,GC,0.0002834856464278574,-0.002219747291620555,-0.4866269916514473,0.009517806400277376,GC:1064,1941.4,-0.02292160296693113
141,2022-03-30,2022-03-31,2022-04-29,SI,-0.008026909624077538,-0.0015348447518777064,-0.25086678058163164,0.015442753887646368,SI:752,25.04,-0.090055910543131
141,2022-03-30,2022-03-31,2022-04-29,HG,-0.03799857549753832,0.0012447281010428135,-0.2152475460924995,0.014677370995951745,HG:14334,4.7445,-0.07545579091579735
141,2022-03-30,2022-03-31,2022-04-29,PL,-0.010386957356076996,0.0022685893029963378,-0.13665578180648302,0.019596207398409143,PL:143,988.1,-0.05677562999696384
141,2022-03-30,2022-03-31,2022-04-29,PA,-0.05600932234042534,,-0.4835356424231284,0.04050790630963502,PA:2870,2278.5,0.015580425718674462
141,2022-03-30,2022-03-31,2022-04-29,ZC,0.2840644531565282,0.02633642802064995,-0.1566914510844065,0.01896528288140146,ZC:798133,731.5,0.11175666438824328
141,2022-03-30,2022-03-31,2022-04-29,ZW,0.0030053695039243267,-0.028444818799731042,-0.05865486821992071,0.037689469679289184,ZW:679646,1001.75,0.05315697529323682
141,2022-03-30,2022-03-31,2022-04-29,KE,0.011802099877701328,0.011068472822994835,-0.09189855867626197,0.03345376878989785,KE:233898,1030.75,0.073247635217075
141,2022-03-30,2022-03-31,2022-04-29,ZS,-0.2557922136362086,-0.03160665635935911,-0.6477466243810315,0.014923414584067152,ZS:711194,1597.75,0.054608042559849856
141,2022-03-30,2022-03-31,2022-04-29,ZM,-0.09240816201470992,0.019695008207452736,-0.1899864759611081,0.01649934969869953,ZM:120191,459.9,-0.05740378343118069
141,2022-03-30,2022-03-31,2022-04-29,ZL,0.06374610000106323,0.01516758000982077,-0.595373502450285,0.01974109781260047,ZL:565889,68.53,0.22836713847949808
141,2022-03-30,2022-03-31,2022-04-29,LE,0.24185849479647417,-0.09853257177375896,0.28069285577569825,0.00790721560377838,LE:265304,137.025,-0.029739098704616107
141,2022-03-30,2022-03-31,2022-04-29,GF,-0.10356259452902841,-0.06108243931117974,0.2882853708596156,0.011058204143720189,GF:1262,166.475,-0.059318215948340636
141,2022-03-30,2022-03-31,2022-04-29,HE,-0.7154046703393003,-0.12937127469499998,-0.12931743992749462,0.01831848309271671,HE:7355,113.375,-0.11003307607497237
142,2022-04-28,2022-04-29,2022-05-31,CL,-0.020766117117934413,-0.011270137523593515,-0.5869975560250577,0.03843954378759271,CL:428598,102.51,0.12242708028485016
142,2022-04-28,2022-04-29,2022-05-31,HO,0.25299181314089575,0.22081181433515518,-1.8605063231143533,0.04750566625540288,HO:634324,3.677,0.0892303508294805
142,2022-04-28,2022-04-29,2022-05-31,RB,-0.08552049278461049,0.018222971572220192,-0.7969931228167395,0.03427751900870003,RB:202961,3.3518,0.17790440957097697
142,2022-04-28,2022-04-29,2022-05-31,NG,-0.04378910966711001,0.0012431551310285727,-0.06906296008930439,0.03495543600442325,NG:159689,7.365,0.12192803801765106
142,2022-04-28,2022-04-29,2022-05-31,GC,0.013982857771248119,-0.0024037454753036425,-0.42180718969037845,0.009614580096135208,GC:5568,1903.9,-0.03414044855297027
142,2022-04-28,2022-04-29,2022-05-31,SI,-0.0009451192912562703,-0.0029472439441229348,-0.17018762207711943,0.01518415897246789,SI:752,22.785,-0.054860653938994974
142,2022-04-28,2022-04-29,2022-05-31,HG,-0.05437120633874912,-0.0052033744763339,-0.11183190476339337,0.013732761756937979,HG:17540,4.386,-0.022001823985408064
142,2022-04-28,2022-04-29,2022-05-31,PL,0.0030496444174677017,-0.0012752162892043506,-0.17737264470327235,0.02045040104807924,PL:143,932.0,0.03079399141630912
142,2022-04-28,2022-04-29,2022-05-31,PA,,,-0.27861823653691126,0.041898484006524093,PA:680,2315.0,-0.13930885529157666
142,2022-04-28,2022-04-29,2022-05-31,ZC,0.22949710169001292,-0.016166833132458036,-0.18835922953967857,0.018897539579398263,ZC:798133,813.25,-0.07408545957577617
142,2022-04-28,2022-04-29,2022-05-31,ZW,-0.0019815192184616864,-0.045540040120752856,-0.02956480605088359,0.037694244114737326,ZW:679646,1055.0,0.03127962085308056
142,2022-04-28,2022-04-29,2022-05-31,KE,-0.00985921062204124,-0.008010160837700342,-0.0729238380183888,0.03315370407286505,KE:233898,1106.25,0.05355932203389835
142,2022-04-28,2022-04-29,2022-05-31,ZS,-0.16611969587883463,-0.04086832046775224,-0.6276377681787546,0.015191886500350549,ZS:711194,1685.0,0.001186943620178127
142,2022-04-28,2022-04-29,2022-05-31,ZM,-0.05462411282537019,0.01142900851809725,-0.18258989052913907,0.016676945239411035,ZM:120191,433.5,-0.04059976931949261
142,2022-04-28,2022-04-29,2022-05-31,ZL,0.3075502088995751,-0.013476308721400265,-0.6579628927195574,0.02003171864624172,ZL:565889,84.18,-0.07365169874079358
142,2022-04-28,2022-04-29,2022-05-31,LE,-0.04640405346575435,-0.09136628941478087,0.26018751900712767,0.008413664700623196,LE:846,135.525,-0.0376314333148865
142,2022-04-28,2022-04-29,2022-05-31,GF,-0.033058776292115316,-0.031202202806412727,0.21287389986295532,0.012149383312265092,GF:1774,168.65,-0.021642454788022514
142,2022-04-28,2022-04-29,2022-05-31,HE,-0.468393055044114,-0.14356816824027852,-0.0679679993552109,0.018929236812017358,HE:6176,106.45,0.018788163457022167
143,2022-05-27,2022-05-31,2022-06-30,CL,0.020795627388415616,-0.0046625862256810535,-0.5879838460796111,0.031332193569803456,CL:267259,112.32,-0.05439814814814814
143,2022-05-27,2022-05-31,2022-06-30,HO,-0.0545600789417891,0.16861000271924098,-1.8404652639024048,0.028301362021717,HO:472444,3.9121,-0.014391247667493223
143,2022-05-27,2022-05-31,2022-06-30,RB,-0.3627516616977261,0.05840279401446358,-0.826246698088068,0.026675637440266454,RB:700167,3.782,-0.05869910100475939
143,2022-05-27,2022-05-31,2022-06-30,NG,-0.013803603512462695,0.017275493950749343,-0.2752775486039322,0.04030338777992879,NG:188243,8.28,-0.3159420289855073
143,2022-05-27,2022-05-31,2022-06-30,GC,0.006302269293667007,-0.002457351981574707,-0.43390409079894426,0.008583553932415677,GC:5568,1838.9,-0.017238566534341193
143,2022-05-27,2022-05-31,2022-06-30,SI,,-0.0033076658103149414,-0.18633531981386273,0.014054755286174224,SI:12604,21.615,-0.06476983576220208
143,2022-05-27,2022-05-31,2022-06-30,HG,-0.0971816820214042,-0.0019616135436907323,-0.113932906923154,0.01186064711673335,HG:2809,4.286,-0.13964069062062523
143,2022-05-27,2022-05-31,2022-06-30,PL,,-0.003981013902262798,-0.03354895164922887,0.018207442216844966,PL:844,962.0,-0.07661122661122666
143,2022-05-27,2022-05-31,2022-06-30,PA,,,-0.2924475164470662,0.03452859246143101,PA:680,1992.5,-0.041907151819322475
143,2022-05-27,2022-05-31,2022-06-30,ZC,0.09832285942729072,-0.047090496186793285,-0.03578799110796345,0.016684023581324137,ZC:41869,724.25,-0.12599240593717642
143,2022-05-27,2022-05-31,2022-06-30,ZW,-0.006767015531792127,-0.054335651564853205,-0.03546239416679628,0.034997247200414264,ZW:30782,1099.75,-0.1907251648101841
143,2022-05-27,2022-05-31,2022-06-30,KE,-0.014455157010857094,-0.0023374002099600943,-0.04896946852596329,0.031605912798475806,KE:666655,1175.75,-0.18626408675313633
143,2022-05-27,2022-05-31,2022-06-30,ZS,0.42261373818780024,-0.017966562730914903,-0.6190165858785216,0.01337744094661611,ZS:515285,1622.25,-0.03606102635228847
143,2022-05-27,2022-05-31,2022-06-30,ZM,-0.028930740739119387,0.028326944807394616,0.09075504460953437,0.01495631564296235,ZM:81763,411.2,0.05520428015564205
143,2022-05-27,2022-05-31,2022-06-30,ZL,0.009138493453934582,-0.013429543802332411,-0.6328604279328437,0.020235449441186753,ZL:288745,76.45,-0.12622629169391764
143,2022-05-27,2022-05-31,2022-06-30,LE,-0.004752983266120447,-0.07170561409941223,0.4358003652800134,0.008406360946018187,LE:846,130.425,0.018209699060762974
143,2022-05-27,2022-05-31,2022-06-30,GF,-0.02340772669667049,-0.02737933155397676,0.33630497555097766,0.012485216447267265,GF:1774,165.0,0.053636363636363704
143,2022-05-27,2022-05-31,2022-06-30,HE,-0.7836414055356458,-0.07983121753201372,-0.027516738993360396,0.019963928011709115,HE:9152,108.425,0.010836984090385027
144,2022-06-29,2022-06-30,2022-07-29,CL,0.021454882402067832,-0.011973185556337196,-0.6144666607005177,0.02384410488153489,CL:660803,103.57,-0.05088346046152359
144,2022-06-29,2022-06-30,2022-07-29,HO,-0.04382634025284987,0.16541944740680004,-1.852030020173221,0.019634827408662084,HO:219114,3.7918,-0.06899098053694819
144,2022-06-29,2022-06-30,2022-07-29,RB,0.4452269429872018,0.037744273235906345,-0.8776031499071052,0.020996967766476297,RB:507793,3.4181,-0.09496503905678588
144,2022-06-29,2022-06-30,2022-07-29,NG,0.146664420784242,-0.01593206400042213,-0.5712256443504977,0.05288983479544715,NG:196368,5.618,0.4749021003915983
144,2022-06-29,2022-06-30,2022-07-29,GC,-0.00017143007444350017,-0.0032204677772773582,-0.4933854775155424,0.008933490618921907,GC:4016,1815.4,-0.02363115566817231
144,2022-06-29,2022-06-30,2022-07-29,SI,-0.033614596331937426,-0.0015671194469890626,-0.25536197987950376,0.015010861054905712,SI:12604,20.215,0.005936186000494725
144,2022-06-29,2022-06-30,2022-07-29,HG,-0.007988366837115884,-0.006269343520757253,0.05561191444007171,0.014607264004199214,HG:73689,3.688,-0.0253524945770065
144,2022-06-29,2022-06-30,2022-07-29,PL,,-0.016581650316145224,-0.0886016340278574,0.01821362117647935,PL:844,888.3,0.0024766407745131502
144,2022-06-29,2022-06-30,2022-07-29,PA,,,-0.35458742777239005,0.025277871217703748,PA:680,1909.0,0.11236249345206906
144,2022-06-29,2022-06-30,2022-07-29,ZC,0.10110672690420769,-0.008959960334179229,-0.06598396308606856,0.01636232546816848,ZC:41869,633.0,-0.02290679304897314
144,2022-06-29,2022-06-30,2022-07-29,ZW,-0.0139667851306709,-0.06183723336763558,-0.07416781533040602,0.02514136281957067,ZW:30782,890.0,-0.08792134831460674
144,2022-06-29,2022-06-30,2022-07-29,KE,-0.009969983827766087,-0.0285634758690525,-0.08765747606071785,0.02465110620703421,KE:666655,956.75,-0.0804807943558924
144,2022-06-29,2022-06-30,2022-07-29,ZS,0.08257532503936903,0.025236293663953635,-0.3660932649334394,0.014462568794701137,ZS:292439,1479.0,0.008958755916159467
144,2022-06-29,2022-06-30,2022-07-29,ZM,0.27628579525037755,0.0680793423892474,0.042439526231781405,0.016848828308166627,ZM:274159,415.3,0.07055140862027454
144,2022-06-29,2022-06-30,2022-07-29,ZL,0.12618413878695353,0.00795156766918459,-0.3476265226591946,0.020061141776819908,ZL:66152,65.51,0.013433063654403776
144,2022-06-29,2022-06-30,2022-07-29,LE,-0.04280800182311062,-0.07634752600902217,0.5451111441817198,0.00880587166378841,LE:111169,139.0,0.022122302158273266
144,2022-06-29,2022-06-30,2022-07-29,GF,-0.02608250254354119,-0.02452273407543415,0.3364618498898677,0.012195018054663574,GF:1774,173.85,0.028185217141213803
144,2022-06-29,2022-06-30,2022-07-29,HE,0.3379566533977937,-0.04594187086436263,0.01792608989981608,0.018960468479974114,HE:407,102.1,0.18168462291870724
145,2022-07-28,2022-07-29,2022-08-31,CL,-0.0031668718191869283,-0.01964445706883411,-0.669188220253847,0.026558946230548656,CL:437929,96.41,-0.07468104968364275
145,2022-07-28,2022-07-29,2022-08-31,HO,0.03254910427160923,0.14216687243413517,-1.640982494862798,0.02441244749545645,HO:796190,3.4844,0.04485707725863852
145,2022-07-28,2022-07-29,2022-08-31,RB,0.23941908776590703,0.03562539093716022,-0.8957887750286757,0.024667703799887933,RB:203620,2.848,-0.15077247191011234
145,2022-07-28,2022-07-29,2022-08-31,NG,0.01232565118639145,0.012246305753526254,-0.6576635248859065,0.05157973587020007,NG:196426,8.281,0.10904480135249339
145,2022-07-28,2022-07-29,2022-08-31,GC,0.0021641968589335425,-0.002322508158297265,-0.4731014345583384,0.008207060382191076,GC:4016,1772.5,-0.03509167842031036
145,2022-07-28,2022-07-29,2022-08-31,SI,0.024215715831268733,-0.0006147105751828086,-0.11592594514801188,0.015669837892194543,SI:121709,20.49,-0.13201561737432888
145,2022-07-28,2022-07-29,2022-08-31,HG,-0.015080952185213214,-0.009558276494183171,-0.1763978970665002,0.01734967992634768,HG:9616,3.596,-0.025583982202447175
145,2022-07-28,2022-07-29,2022-08-31,PL,-0.014643329530075026,-0.00855627151626892,-0.2623701586361505,0.01689387589461027,PL:844,890.5,-0.07681078046041545
145,2022-07-28,2022-07-29,2022-08-31,PA,0.10692423612526991,,-0.2694657128212307,0.026348913275611095,PA:76,2146.5,-0.029583042161658524
145,2022-07-28,2022-07-29,2022-08-31,ZC,-0.0073500036309127326,-0.019234032873786555,-0.4440471019530374,0.02131832322666209,ZC:636258,622.25,0.07834471675371635
145,2022-07-28,2022-07-29,2022-08-31,ZW,-0.025556057403702606,-0.05584088429315237,-0.11304409046367557,0.030644918266540543,ZW:544622,830.0,0.0036144578313253017
145,2022-07-28,2022-07-29,2022-08-31,KE,-0.010849682762887948,-0.015597966893319715,-0.06008513916115823,0.029529339961033355,KE:727661,886.75,0.029602480969833644
145,2022-07-28,2022-07-29,2022-08-31,ZS,-0.041953314945157534,0.03401384686123765,-0.5250378965593759,0.018368196847224922,ZS:518822,1473.5,-0.03444180522565321
145,2022-07-28,2022-07-29,2022-08-31,ZM,-0.04485904204100738,0.11608982819132185,0.05644301902609278,0.018818853259627257,ZM:758259,422.0,-0.0016587677725118377
145,2022-07-28,2022-07-29,2022-08-31,ZL,-0.011934084808914981,-0.005809830720126197,-0.24096046986324265,0.02679161792362163,ZL:343013,65.87,0.04599969637164114
145,2022-07-28,2022-07-29,2022-08-31,LE,-0.07044749877221329,-0.05982032783387736,0.5103722428581362,0.008416758418755705,LE:111169,142.075,0.0038711947914833456
145,2022-07-28,2022-07-29,2022-08-31,GF,-0.06851337871618629,-0.019446477549774244,0.3799140386701936,0.012287089910668578,GF:1247,181.675,0.004678684464015426
145,2022-07-28,2022-07-29,2022-08-31,HE,0.825211896480287,0.029275318136245954,-0.007495297822879755,0.01710846129459079,HE:17114,97.225,-0.05734121882231924
146,2022-08-30,2022-08-31,2022-09-30,CL,-0.002321276462686081,-0.02373378170967988,-0.6136421233283981,0.027455479781927947,CL:248412,88.7,-0.10101465614430671
146,2022-08-30,2022-08-31,2022-09-30,HO,0.02018216663920669,0.15025188822269442,-1.5463758681497644,0.025423927210872367,HO:603822,3.5814,-0.09809013235047737
146,2022-08-30,2022-08-31,2022-09-30,RB,0.013845064704874815,-0.032123331399907196,-0.8507393325726941,0.026390329866998297,RB:338709,2.3612,0.0043198373708281945
146,2022-08-30,2022-08-31,2022-09-30,NG,-0.0679110748557942,-0.00038716320201181986,-0.6938630448026809,0.04147036410057132,NG:170297,9.245,-0.2616549486208761
146,2022-08-30,2022-08-31,2022-09-30,GC,0.010191799139635735,-0.0017925810569757727,-0.4479276075713348,0.006916693564484125,GC:225405,1719.9,-0.03000174428745861
146,2022-08-30,2022-08-31,2022-09-30,SI,-0.0049445335656731135,-0.01310826401042886,0.048596336706818156,0.016127673167968187,SI:121709,17.785,0.06915940399212817
146,2022-08-30,2022-08-31,2022-09-30,HG,0.0014888950978017125,-0.004953958614648202,-0.23362866240827934,0.01612463480494152,HG:9251,3.5025,-0.02683797287651668
146,2022-08-30,2022-08-31,2022-09-30,PL,,-0.011070157569451733,-0.30568806542046295,0.01602387053520835,PL:1092,825.5,0.03864324651726214
146,2022-08-30,2022-08-31,2022-09-30,PA,,,-0.3216217919059308,0.02932825602628618,PA:76,2083.0,0.04128660585693722
146,2022-08-30,2022-08-31,2022-09-30,ZC,-0.023319275813802137,-0.01774612344859383,-0.4374967025353425,0.022402804538397224,ZC:636258,671.0,0.010432190760059523
146,2022-08-30,2022-08-31,2022-09-30,ZW,-0.014307910832172921,-0.04052810880055935,-0.10990412664787252,0.029089509466372225,ZW:544622,833.0,0.10834333733493406
146,2022-08-30,2022-08-31,2022-09-30,KE,-0.00446606639458994,-0.007681783689144739,-0.077090083609471,0.027684848604809763,KE:727661,913.0,0.08680175246440314
146,2022-08-30,2022-08-31,2022-09-30,ZS,-0.00911550614747587,0.03956161487621768,-0.5407691213094,0.02010588940228774,ZS:518822,1422.75,-0.03988754173256015
146,2022-08-30,2022-08-31,2022-09-30,ZM,0.020757769062848014,0.12728552546343197,0.07330446428004958,0.021453527131766396,ZM:697256,415.4,-0.02985074626865669
146,2022-08-30,2022-08-31,2022-09-30,ZL,0.07420072026344014,0.015926862234620254,-0.21581989122037343,0.026971294866957138,ZL:150640,67.49,-0.09127278115276338
146,2022-08-30,2022-08-31,2022-09-30,LE,-0.04272291700871486,-0.05117024495658662,0.4525036228754725,0.007779409320064725,LE:172109,148.6,-0.010767160161507361
146,2022-08-30,2022-08-31,2022-09-30,GF,-0.062196247362672284,0.0001227830573150568,0.34311771691309867,0.01150620716984408,GF:570,183.375,-0.04935241990456718
146,2022-08-30,2022-08-31,2022-09-30,HE,0.750460653596877,0.011119330140705985,-0.12092245158937176,0.016169096867910505,HE:17114,91.65,-0.025641025641025772
147,2022-09-29,2022-09-30,2022-10-31,CL,-0.017891288929908128,-0.015488017264938758,-0.3438694617217921,0.023425274030226605,CL:495655,78.9,0.09239543726235722
147,2022-09-29,2022-09-30,2022-10-31,HO,-0.028598077394543203,0.12704406419331415,-1.3381185501011699,0.024193899151090395,HO:441943,3.1382,0.17729908864954425
147,2022-09-29,2022-09-30,2022-10-31,RB,0.12553543001599782,0.033166856599172956,-0.5514761684372479,0.024589974170195848,RB:203623,2.281,0.10227970188513802
147,2022-09-29,2022-09-30,2022-10-31,NG,-0.7929377741430446,-0.028376021371375293,-0.7263476898199848,0.037265480294734796,NG:130438,7.11,-0.1178621659634318
147,2022-09-29,2022-09-30,2022-10-31,GC,0.003712359312471429,-0.0011338312141377926,-0.43703855087453247,0.007683401905669876,GC:225405,1668.3,-0.019840556254870134
147,2022-09-29,2022-09-30,2022-10-31,SI,0.05525817299560322,-0.009971371461201972,0.03577892232676164,0.018999879727432945,SI:121709,19.015,0.005521956350249768
147,2022-09-29,2022-09-30,2022-10-31,HG,0.015430856485511922,-0.0013593667652156416,-0.14921747506978186,0.014403265194220798,HG:220566,3.3885,-0.001475579164822216
147,2022-09-29,2022-09-30,2022-10-31,PL,-0.0037318861492614407,0.005553564124825772,-0.3534859620993789,0.017128960845984142,PL:1092,857.4,0.0871238628411477
147,2022-09-29,2022-09-30,2022-10-31,PA,,,-0.349467729008233,0.02908095355539194,PA:76,2169.0,-0.15122176118026742
147,2022-09-29,2022-09-30,2022-10-31,ZC,-0.02593964661428904,-0.021558608765029907,-0.4386215528901953,0.01962778802547274,ZC:636258,678.0,0.015855457227138547
147,2022-09-29,2022-09-30,2022-10-31,ZW,-0.01846429824619207,-0.043735844109354494,-0.09147050678535056,0.02993205140765928,ZW:544622,923.25,-0.04874086108854592
147,2022-09-29,2022-09-30,2022-10-31,KE,0.00013708194775116818,-0.010793140152081548,-0.0810217939651821,0.027935191449232222,KE:727661,992.25,-0.01940035273368612
147,2022-09-29,2022-09-30,2022-10-31,ZS,-0.0007446649515339375,0.03713721048493612,-0.372022527341662,0.020352179535971213,ZS:148557,1375.0,0.031636363636363685
147,2022-09-29,2022-09-30,2022-10-31,ZM,-0.010184191072851012,0.1254913376654363,0.14405934860042705,0.021924614970191894,ZM:697256,403.0,0.05980148883374703
147,2022-09-29,2022-09-30,2022-10-31,ZL,0.05342033437043556,0.011657765761490912,-0.27150146163179895,0.028052757179019887,ZL:150640,61.33,0.19419533670308153
147,2022-09-29,2022-09-30,2022-10-31,LE,-0.0011888103008185213,-0.03836217648727014,0.39875178663388655,0.006164664485442171,LE:172109,147.0,0.037755102040816446
147,2022-09-29,2022-09-30,2022-10-31,GF,0.05645188835975485,-0.003961015731244744,0.3372469588843836,0.009605327531677465,GF:805,174.7,0.01617057813394407
147,2022-09-29,2022-09-30,2022-10-31,HE,0.16982982411788422,0.0936795440404985,-0.13637954412466666,0.016243534292455793,HE:6610,76.4,0.11060209424083745
148,2022-10-28,2022-10-31,2022-11-30,CL,0.018777716348952228,-0.0280457897227544,-0.32047024098106547,0.02394802886122455,CL:93419,85.05,-0.05291005291005291
148,2022-10-28,2022-10-31,2022-11-30,HO,-0.04660659797862504,0.18552212470610896,-1.2597095222617563,0.025289005816139527,HO:249565,3.5163,-0.04644086113244039
148,2022-10-28,2022-10-31,2022-11-30,RB,0.1191035905499248,0.024868012745652868,-0.5254446726764297,0.023987562574926354,RB:723457,2.4457,-0.024737294026250023
148,2022-10-28,2022-10-31,2022-11-30,NG,-0.8115484565514359,-0.04375570000057505,-0.6219380143040159,0.03383724616573891,NG:152340,6.54,0.06712538226299691
148,2022-10-28,2022-10-31,2022-11-30,GC,-0.001375063990634709,-0.0032885001707915196,-0.28107690187272877,0.008404448907371074,GC:3324,1649.3,0.08367186078942579
148,2022-10-28,2022-10-31,2022-11-30,SI,0.00815324475043325,-0.01722427429956963,0.573671194410803,0.021325189680427077,SI:3470,19.155,0.17123466457843883
148,2022-10-28,2022-10-31,2022-11-30,HG,-0.004539608601487381,0.0030005392715252155,-0.05668123631112633,0.015879562452543503,HG:85,3.376,0.1244075829383886
148,2022-10-28,2022-10-31,2022-11-30,PL,0.01828187220699482,0.0032619173648482658,-0.2056847791062514,0.01897525992533112,PL:1092,932.1,0.12820512820512797
148,2022-10-28,2022-10-31,2022-11-30,PA,,,-0.37465105097678064,0.0269478219963677,PA:286,1856.0,0.020474137931034475
148,2022-10-28,2022-10-31,2022-11-30,ZC,-0.050579332171298515,-0.019437293447717607,-0.4405677115653447,0.013124452692734163,ZC:298463,694.5,-0.04103671706263501
148,2022-10-28,2022-10-31,2022-11-30,ZW,-0.06828421717919361,-0.04792411518833095,-0.023025994737302446,0.024586998683183977,ZW:321739,895.5,-0.11250697934115017
148,2022-10-28,2022-10-31,2022-11-30,KE,-0.022777936290772863,-0.017517139046433705,-0.025121846073123573,0.02186845357133292,KE:413260,969.25,-0.07170492648955373
148,2022-10-28,2022-10-31,2022-11-30,ZS,-0.0045221433286225,0.040607580146437394,-0.4034431285612451,0.014379190195017825,ZS:148557,1418.5,0.03595347197744103
148,2022-10-28,2022-10-31,2022-11-30,ZM,0.070562987067709,0.13257054333701257,0.13820028574933244,0.019100763355960868,ZM:8352,418.3,-0.000717188620607212
148,2022-10-28,2022-10-31,2022-11-30,ZL,0.08679495735090204,0.04312392537990273,-0.33110551562341123,0.020669596376829552,ZL:276652,70.62,0.016142735768903904
148,2022-10-28,2022-10-31,2022-11-30,LE,-0.29169452671089596,-0.036371440683376166,0.27379677801082425,0.005779606928267384,LE:10592,155.9,-0.001603592046183433
148,2022-10-28,2022-10-31,2022-11-30,GF,0.17580940406962492,-0.02477034277156387,0.3262025458328543,0.008507564045572477,GF:4928,179.4,0.00738573021181721
148,2022-10-28,2022-10-31,2022-11-30,HE,0.0671153028176025,0.12802895992391883,-0.2555502548402595,0.01851787017675952,HE:6610,84.85,-0.020919269298762422
149,2022-11-29,2022-11-30,2022-12-30,CL,-0.02568436651904694,-0.0302731037476609,-0.24790498458056562,0.023468492269416708,CL:255319,80.65,-0.0017358958462492247
149,2022-11-29,2022-11-30,2022-12-30,HO,0.06182166381469062,0.19393876201663662,-1.1379648646534728,0.02354019250767413,HO:747498,3.2818,0.0057590346760922895
149,2022-11-29,2022-11-30,2022-12-30,RB,0.9054009508635047,0.02120097535745047,-0.4189091754435303,0.02169415992486342,RB:659057,2.3796,0.051647335686670015
149,2022-11-29,2022-11-30,2022-12-30,NG,-0.9591338680045816,-0.06943752578619344,-0.6527715143223054,0.035817222354517966,NG:175886,6.862,-0.3544156222675605
149,2022-11-29,2022-11-30,2022-12-30,GC,-0.006958391115284006,-0.0026373481382421238,0.07086273176582222,0.00974408858955009,GC:3324,1787.3,0.023946735299054334
149,2022-11-29,2022-11-30,2022-12-30,SI,-0.008748285605830533,-0.016727943735384,0.8330615595205945,0.022035170319637955,SI:10501,22.56,0.07180851063829796
149,2022-11-29,2022-11-30,2022-12-30,HG,0.038219499295013254,0.008842921303931828,0.46280150205873766,0.01985481369486007,HG:1217,3.772,0.009809119830328727
149,2022-11-29,2022-11-30,2022-12-30,PL,0.0855455844927689,0.0020784011838497207,-0.08552437842646055,0.01981702554098858,PL:3734,1052.2,0.032123170499904985
149,2022-11-29,2022-11-30,2022-12-30,PA,,,-0.2906570849097881,0.024662712477955352,PA:286,1894.0,-0.05543822597676873
149,2022-11-29,2022-11-30,2022-12-30,ZC,-0.038324399333236635,-0.02010927540027252,-0.4270111282034386,0.009748040544194987,ZC:298463,666.0,0.018768768768768762
149,2022-11-29,2022-11-30,2022-12-30,ZW,-0.05156847935013376,-0.040218596214963265,0.013468497554341489,0.02399701266457753,ZW:321739,794.75,-0.004718464926077415
149,2022-11-29,2022-11-30,2022-12-30,KE,-0.017483839527751725,-0.006002591661945056,0.012942876290351206,0.020590463763930273,KE:413260,899.75,-0.013892747985551512
149,2022-11-29,2022-11-30,2022-12-30,ZS,-0.018406015185734054,0.04504384811619966,-0.43351756887532555,0.012675515841226394,ZS:731217,1475.25,0.033214709371292894
149,2022-11-29,2022-11-30,2022-12-30,ZM,0.020643225846665288,0.09009953898802703,0.08399496068961218,0.014634911934510629,ZM:185432,415.9,0.1334455397932195
149,2022-11-29,2022-11-30,2022-12-30,ZL,0.012938834934837329,0.04962432603782885,-0.3664096410651052,0.020652381209058674,ZL:652024,70.15,-0.08595866001425523
149,2022-11-29,2022-11-30,2022-12-30,LE,-0.2672496895297267,-0.0378707557681609,0.3333793637340004,0.005409701372575174,LE:10592,155.65,0.014616125923546441
149,2022-11-29,2022-11-30,2022-12-30,GF,0.12315759115592491,-0.022003836151519796,0.3284098774908878,0.008263054518872357,GF:4928,180.725,0.015631484299349907
149,2022-11-29,2022-11-30,2022-12-30,HE,0.2939792392401846,0.1811442371336034,-0.2041757293659272,0.01716443596390121,HE:105,85.625,0.027445255474452424
150,2022-12-29,2022-12-30,2023-01-31,CL,0.013107782051051333,-0.025817774321747367,-0.5546771615413948,0.0213651970458469,CL:701062,80.58,-0.017870439314966458
150,2022-12-29,2022-12-30,2023-01-31,HO,0.16839116869682436,0.19499547820272634,-1.7805160985080248,0.023677303938930406,HO:92828,3.196,-0.01698998748435543
150,2022-12-29,2022-12-30,2023-01-31,RB,-0.7562192059755515,0.024638066673832615,-0.6543922950834302,0.02113526439672188,RB:466675,2.5015,0.025664601239256513
150,2022-12-29,2022-12-30,2023-01-31,NG,0.6527930809161023,-0.05939367123679973,-0.5187555471925182,0.044370530878601634,NG:199997,4.081,-0.3290860083312914
150,2022-12-29,2022-12-30,2023-01-31,GC,0.01332129524352852,-0.0017251734091282556,-0.0044176402792715395,0.009615492728124054,GC:4235,1846.3,0.052158370795645226
150,2022-12-29,2022-12-30,2023-01-31,SI,0.026577656674017375,-0.026100771869436157,0.785791266885354,0.020565674993945043,SI:10501,24.18,-0.016956162117452434
150,2022-12-29,2022-12-30,2023-01-31,HG,0.02524212375039061,0.019553880155254055,0.4654817999129886,0.018935166185434452,HG:5738,3.82,0.10405759162303685
150,2022-12-29,2022-12-30,2023-01-31,PL,-0.04927498931874445,-0.01585033065347141,0.03164920403042731,0.020927382285629802,PL:3734,1086.0,-0.06252302025782686
150,2022-12-29,2022-12-30,2023-01-31,PA,0.052062951345013986,,-0.30344585251824946,0.027109227743731416,PA:286,1789.0,-0.08692006707657907
150,2022-12-29,2022-12-30,2023-01-31,ZC,-0.05312682188531157,-0.02269872629198111,-0.39883042434352645,0.008815310642962582,ZC:298463,678.5,0.001105379513633098
150,2022-12-29,2022-12-30,2023-01-31,ZW,-0.032887047508619205,-0.039825405144577664,0.018158271600395588,0.01949667147413476,ZW:321739,791.0,-0.036662452591656125
150,2022-12-29,2022-12-30,2023-01-31,KE,-0.007236569404829467,-0.0063401141635826,0.02553992094426792,0.017534227134928002,KE:413260,887.25,-0.00958016342631729
150,2022-12-29,2022-12-30,2023-01-31,ZS,-0.013834978445583162,0.042918411903096976,-0.418225858480596,0.010649997896644968,ZS:731217,1524.25,0.009020829916352335
150,2022-12-29,2022-12-30,2023-01-31,ZM,0.041105736077725455,0.09158652870190043,0.04174236022573447,0.01491703562153009,ZM:185432,471.4,0.027577428935086967
150,2022-12-29,2022-12-30,2023-01-31,ZL,0.0010433000926384772,0.03274233432560281,-0.3753930090968505,0.0194014667512356,ZL:652024,64.12,-0.029631940112289534
150,2022-12-29,2022-12-30,2023-01-31,LE,0.15054612751079763,-0.02253588971813847,0.2979131852991276,0.0053503343667609905,LE:106424,161.775,0.007263174161644237
150,2022-12-29,2022-12-30,2023-01-31,GF,-0.021989596677334244,-0.014043254161251628,0.3115458183837127,0.00790892736784325,GF:63527,186.025,-0.0013439053890605956
150,2022-12-29,2022-12-30,2023-01-31,HE,0.14774254790459174,0.1780993023892825,-0.046721491123673915,0.020546506576534097,HE:105,87.975,-0.1497584541062802
151,2023-01-30,2023-01-31,2023-02-28,CL,-0.04547987421530567,-0.03607994422970817,-0.4833518245212904,0.020324357951853594,CL:478168,79.47,-0.03535925506480431
151,2023-01-30,2023-01-31,2023-02-28,HO,0.14536590368557403,0.12228238206829434,-0.19592683370904826,0.025315037400619404,HO:315683,3.0393,-0.07952489059980905
151,2023-01-30,2023-01-31,2023-02-28,RB,-0.10185727431929419,0.017131530591774302,-0.4542721306972625,0.023493114935616757,RB:65484,2.7329,-0.035310476051081174
151,2023-01-30,2023-01-31,2023-02-28,NG,0.3036581927904803,-0.09670311808650867,-0.40924299569331957,0.04087440386380839,NG:140642,2.793,-0.015395631936985343
151,2023-01-30,2023-01-31,2023-02-28,GC,0.001699661768545288,-0.002268153812243323,0.07872740642833011,0.007587922381889642,GC:4235,1942.6,-0.056779573767116176
151,2023-01-30,2023-01-31,2023-02-28,SI,0.014543997275047002,-0.02730962029122419,0.7950822605991027,0.017446868015824055,SI:17517,23.99,-0.12442684451854935
151,2023-01-30,2023-01-31,2023-02-28,HG,0.012449476161630054,0.01956659006689143,0.6247893765347098,0.012980960694619919,HG:7182,4.2255,-0.03467045320080475
151,2023-01-30,2023-01-31,2023-02-28,PL,-0.00895584067241189,-0.01647729016094024,0.23446451869275314,0.016638923692098663,PL:3734,1018.1,-0.06325508299774085
151,2023-01-30,2023-01-31,2023-02-28,PA,,,-0.05915657358517789,0.02395525353639067,PA:22571,1655.5,-0.14829356689821804
151,2023-01-30,2023-01-31,2023-02-28,ZC,-0.4473439843117597,-0.024087174273866863,-0.415393105442684,0.009727959204476553,ZC:65201,677.25,-0.06939830195644148
151,2023-01-30,2023-01-31,2023-02-28,ZW,0.04200400159183693,-0.03939713519757004,-0.0027577249327016985,0.018136016699371118,ZW:59013,770.75,-0.08271164450210833
151,2023-01-30,2023-01-31,2023-02-28,KE,0.0521652533986493,-0.001152593882435493,-0.01685447316586403,0.01766218271734584,KE:291439,872.5,-0.06733524355300857
151,2023-01-30,2023-01-31,2023-02-28,ZS,-0.2822640168520306,0.043194713100660254,-0.43549260118829214,0.010525858285170156,ZS:385841,1530.25,-0.033164515602025824
151,2023-01-30,2023-01-31,2023-02-28,ZM,-0.32243194599397107,0.11750263515265336,0.058181401542428374,0.015301252137558249,ZM:23389,468.6,-0.0046948356807512415
151,2023-01-30,2023-01-31,2023-02-28,ZL,-0.04975274578250734,0.009087371654516119,-0.32947722690002235,0.017830865604275253,ZL:548775,62.41,-0.03557122256048706
151,2023-01-30,2023-01-31,2023-02-28,LE,0.11968815340961711,-0.023568824835140556,0.34374661333421325,0.005239526837513013,LE:106424,162.95,0.015342129487572853
151,2023-01-30,2023-01-31,2023-02-28,GF,-0.0021293251557854553,-0.0008553063757139601,0.31734896545197067,0.007396646171405431,GF:63527,185.775,0.021531422419593493
151,2023-01-30,2023-01-31,2023-02-28,HE,-0.1898941000608333,0.09292164769500144,0.02620341214380673,0.018452865493501617,HE:350,86.15,-0.01450957632037142
152,2023-02-27,2023-02-28,2023-03-31,CL,-0.015263095967407558,-0.039184487266353485,-0.5399498012177432,0.01865756369944187,CL:285817,76.8,-0.01432291666666663
152,2023-02-27,2023-02-28,2023-03-31,HO,0.10379464636629106,0.07769488360416155,-0.23326503572288523,0.023424785248653247,HO:123365,2.7441,-0.04795743595350033
152,2023-02-27,2023-02-28,2023-03-31,RB,-0.019403543891739705,0.014431375490424836,-0.4553067857838232,0.02210585550286677,RB:628556,2.6254,0.019920773977298856
152,2023-02-27,2023-02-28,2023-03-31,NG,-0.031976104378962256,-0.10444258957337238,-0.3590065390393629,0.04006302160810358,NG:131903,2.863,-0.2434509256025149
152,2023-02-27,2023-02-28,2023-03-31,GC,-0.0015128656215055297,-0.0028919871593274804,0.04971487683272721,0.007865276193709603,GC:30052,1848.9,0.07469306073881765
152,2023-02-27,2023-02-28,2023-03-31,SI,-0.00397726044699586,-0.018268764199171672,0.7520642256602355,0.015513786750786442,SI:17517,21.005,0.1537729112116164
152,2023-02-27,2023-02-28,2023-03-31,HG,-0.019274390881578674,0.01791711068876778,0.583850793247157,0.012454247729644647,HG:9141,4.074,0.0023318605792832514
152,2023-02-27,2023-02-28,2023-03-31,PL,0.002687538620665352,-0.014726309415864502,0.21364740490425538,0.01693487669826616,PL:3741,960.4,0.04154518950437325
152,2023-02-27,2023-02-28,2023-03-31,PA,,,-0.07427440516695673,0.024394023756043496,PA:22571,1410.0,0.032269503546099365
152,2023-02-27,2023-02-28,2023-03-31,ZC,-0.3374807172109525,-0.036756191046368736,-0.3727117240311652,0.009697465623350042,ZC:65201,630.25,0.04482348274494252
152,2023-02-27,2023-02-28,2023-03-31,ZW,0.020459229275912497,-0.04346863195404682,0.020556996292594745,0.016399301792856008,ZW:59013,707.0,-0.021216407355021172
152,2023-02-27,2023-02-28,2023-03-31,KE,0.06762659486598184,-0.013800283453416329,0.032031857230603894,0.016413588373161134,KE:291439,813.75,0.07803379416282641
152,2023-02-27,2023-02-28,2023-03-31,ZS,-0.21007660250673843,0.030941656352760916,-0.42005851824785334,0.009127169123974009,ZS:385841,1479.5,0.017235552551537747
152,2023-02-27,2023-02-28,2023-03-31,ZM,-0.22512959984144706,0.09769872834195747,0.07470045866563772,0.014877729240545706,ZM:23389,466.4,-0.0034305317324184736
152,2023-02-27,2023-02-28,2023-03-31,ZL,-0.08654680516417403,-0.005318842843363369,-0.2906329540144831,0.017584921358073196,ZL:548775,60.19,-0.07127429805615548
152,2023-02-27,2023-02-28,2023-03-31,LE,0.19316902415656545,-0.010859693016683325,0.41323131722063644,0.004976148028845708,LE:5211,161.3,0.004649721016739106
152,2023-02-27,2023-02-28,2023-03-31,GF,-0.01904381566995167,-0.007533619124870272,0.2814849147408428,0.006703639454483462,GF:1780,195.025,0.030252531726701726
152,2023-02-27,2023-02-28,2023-03-31,HE,-0.3123264537544116,0.07519416280913405,0.10716072453560939,0.019940407692388886,HE:350,84.9,-0.11631330977620724
153,2023-03-30,2023-03-31,2023-04-28,CL,-0.03646880084564441,-0.02801054670955716,-0.5789046145198401,0.019731421966937394,CL:43576,75.83,0.010549914281946515
153,2023-03-30,2023-03-31,2023-04-28,HO,0.04875914825024588,0.03996643738525374,-0.1790489290226953,0.021333080607539617,HO:569062,2.5649,-0.07434987718819452
153,2023-03-30,2023-03-31,2023-04-28,RB,-0.02927006635376414,0.022473666125427227,-0.47112851913281406,0.01997928182398006,RB:274401,2.6284,-0.03941561406178673
153,2023-03-30,2023-03-31,2023-04-28,NG,-1.0487827720341174,-0.07980717771230122,-0.19369354384019016,0.03982571724563598,NG:163607,2.416,-0.007450331125827714
153,2023-03-30,2023-03-31,2023-04-28,GC,0.006583938423344711,-0.000915019447156773,0.22126547614160302,0.009414196331206295,GC:30052,1987.0,0.006240563663814758
153,2023-03-30,2023-03-31,2023-04-28,SI,0.050196211145964606,-0.021124551212752474,0.7419180038619694,0.016454149807760998,SI:39709,24.405,0.03810694529809466
153,2023-03-30,2023-03-31,2023-04-28,HG,0.007871178255532053,0.017444471616440138,0.5052660469673247,0.01212214852232089,HG:16896,4.0905,-0.048771543821048646
153,2023-03-30,2023-03-31,2023-04-28,PL,0.006608154907837668,-0.004477569127012582,0.16383379704701354,0.01582476376372306,PL:3741,1000.3,0.08817354793561938
153,2023-03-30,2023-03-31,2023-04-28,PA,,,0.0028449109817592273,0.020328408690622225,PA:22571,1455.5,0.03263483339058748
153,2023-03-30,2023-03-31,2023-04-28,ZC,0.4241019981754109,-0.017017560613423632,-0.6710177094701351,0.01021014417707604,ZC:203853,635.0,-0.07992125984251963
153,2023-03-30,2023-03-31,2023-04-28,ZW,-0.0012850402417855789,-0.036585942207154165,0.10653926061802059,0.016955006588355144,ZW:636139,704.25,-0.1004614838480653
153,2023-03-30,2023-03-31,2023-04-28,KE,0.028185889069836666,0.002224338998674691,0.028782143740305858,0.016209421761683534,KE:443766,860.25,-0.09968032548677708
153,2023-03-30,2023-03-31,2023-04-28,ZS,-0.21459573212816285,0.040993042741160224,-0.43422038093794446,0.009040908861011722,ZS:70327,1475.5,-0.038122670281260596
153,2023-03-30,2023-03-31,2023-04-28,ZM,-0.07443740254178327,0.06665563232411165,0.09341677693836387,0.013941957863455565,ZM:658865,459.7,-0.059386556449858685
153,2023-03-30,2023-03-31,2023-04-28,ZL,-0.04175064639897455,-0.0071834990596114645,-0.3572573994108358,0.01623095339508426,ZL:673494,55.99,-0.07804965172352218
153,2023-03-30,2023-03-31,2023-04-28,LE,0.18060041292600518,-0.0008971841313205609,0.4439914433710392,0.004972796262792042,LE:5211,162.05,0.02098117864856519
153,2023-03-30,2023-03-31,2023-04-28,GF,-0.17475579868215513,-0.010935577136483632,0.25856523175981666,0.006695995049766802,GF:14782,205.2,0.02863060428849895
153,2023-03-30,2023-03-31,2023-04-28,HE,-0.6871255975668329,0.1192569632590752,0.07877464799711209,0.0163412362641094,HE:1125,84.5,-0.056508875739645026
154,2023-04-27,2023-04-28,2023-05-31,CL,-0.025539553529543804,-0.025797550886065168,-0.5118509085299373,0.019757542864281875,CL:679928,76.48,-0.11440899581589958
154,2023-04-27,2023-04-28,2023-05-31,HO,-0.015210972722253115,-0.0229701973115366,-0.16819517734046668,0.017191471996225977,HO:730934,2.3764,-0.05912304325871054
154,2023-04-27,2023-04-28,2023-05-31,RB,-0.004997188052886514,0.016187687391719607,-0.48067004941772223,0.017383292219986114,RB:436181,2.4821,-0.019942790379114506
154,2023-04-27,2023-04-28,2023-05-31,NG,-0.40922590224267996,-0.05014578724333868,0.18475828259365085,0.03812623717783368,NG:158325,2.57,-0.12217898832684826
154,2023-04-27,2023-04-28,2023-05-31,GC,-0.005797791499134182,-0.0008261512531402282,0.36048353856062004,0.009166883729610673,GC:9466,2018.0,-0.017046580773042663
154,2023-04-27,2023-04-28,2023-05-31,SI,-0.00879478641542647,-0.02981125988418465,0.7637637905339569,0.015023072943328289,SI:39709,25.335,-0.0665087823169529
154,2023-04-27,2023-04-28,2023-05-31,HG,-0.04688598315307044,0.015604803668038958,0.37895873729818635,0.01204262366478295,HG:124256,3.8995,-0.05834081292473392
154,2023-04-27,2023-04-28,2023-05-31,PL,0.0028251969512148693,-0.015528923196256095,0.18820998558373284,0.016458625501985583,PL:3741,1088.5,-0.07992650436380344
154,2023-04-27,2023-04-28,2023-05-31,PA,,,0.10251699237197755,0.02120875159304024,PA:5075,1521.0,-0.10289283366206448
154,2023-04-27,2023-04-28,2023-05-31,ZC,0.5294201434560559,-0.021197100903966537,-0.6349878808815677,0.010712013093700333,ZC:203853,584.25,0.014976465554129126
154,2023-04-27,2023-04-28,2023-05-31,ZW,-0.0054393911378187165,-0.0241111950054973,0.15786902294615335,0.016220461400128987,ZW:636139,633.5,-0.06274664561957377
154,2023-04-27,2023-04-28,2023-05-31,KE,0.03490725137387041,0.00989915908095551,0.09118148247411666,0.01556159955303342,KE:443766,774.5,0.021304067140090366
154,2023-04-27,2023-04-28,2023-05-31,ZS,-0.24409375052326437,0.03735942636738687,-0.40103961973227725,0.008910631922153038,ZS:70327,1419.25,-0.08437555046679579
154,2023-04-27,2023-04-28,2023-05-31,ZM,-0.1218479609458113,0.06277079123429452,0.17263727577945523,0.012804990315298017,ZM:658865,432.4,-0.09065679925994452
154,2023-04-27,2023-04-28,2023-05-31,ZL,-0.02351889162328631,-0.02305750997257372,-0.2721772927924774,0.016499573174717952,ZL:673494,51.62,-0.104804339403332
154,2023-04-27,2023-04-28,2023-05-31,LE,0.011879154260225622,0.017849411231273704,0.5694056009843131,0.005486776192600018,LE:94571,163.675,0.024591415915686365
154,2023-04-27,2023-04-28,2023-05-31,GF,-0.0727825575701419,-0.015121259249099683,0.3479633742009027,0.006638761466058988,GF:4870,230.675,0.03663162458003688
154,2023-04-27,2023-04-28,2023-05-31,HE,-0.19707646135072415,0.0504689388555295,0.07895911211734608,0.01678210987296394,HE:8488,91.675,-0.09653667848377412
155,2023-05-30,2023-05-31,2023-06-30,CL,-0.023871211612952203,-0.028333654362716953,-0.32666747607232566,0.021732000087517096,CL:487604,67.88,0.03786093105480259
155,2023-05-30,2023-05-31,2023-06-30,HO,-0.04573608443085154,0.0023159384609443556,-0.07858388329802143,0.017478810713488717,HO:376686,2.2409,0.08920523004150116
155,2023-05-30,2023-05-31,2023-06-30,RB,-0.7091167929792828,0.015170667606321908,-0.3356511308906557,0.01834599296686408,RB:65476,2.3652,0.07327075934381866
155,2023-05-30,2023-05-31,2023-06-30,NG,0.5653917822921615,-0.041636626730182785,0.13270337297986567,0.030912868560802,NG:134512,2.35,0.18042553191489352
155,2023-05-30,2023-05-31,2023-06-30,GC,-0.008944951394829509,0.0012679131042976355,0.4514804258638809,0.00922384820058785,GC:9466,1983.6,-0.028130671506352067
155,2023-05-30,2023-05-31,2023-06-30,SI,,-0.026070313638471454,0.785286241879798,0.013981504611695936,SI:1653,23.86,-0.03667225481978209
155,2023-05-30,2023-05-31,2023-06-30,HG,0.009102247485694104,0.01048597404596785,0.6324968181894299,0.011266325364015718,HG:1837,3.66,0.026229508196721207
155,2023-05-30,2023-05-31,2023-06-30,PL,-0.011442708921042072,-0.015417031802743564,0.22439325806527027,0.014652327527814377,PL:5462,1004.0,-0.09342629482071707
155,2023-05-30,2023-05-31,2023-06-30,PA,,-0.05039300035514149,-0.09197992844175455,0.02102097143532188,PA:5075,1364.5,-0.10186881641626966
155,2023-05-30,2023-05-31,2023-06-30,ZC,0.027883491564993555,0.030521044620610227,-0.6976579778962372,0.013217665186083947,ZC:520651,516.25,-0.0527845036319613
155,2023-05-30,2023-05-31,2023-06-30,ZW,-0.04016086388190558,-0.020455163642578267,0.15591102266814957,0.019538387868736518,ZW:450420,607.25,0.06463565253190606
155,2023-05-30,2023-05-31,2023-06-30,KE,-0.0078096846562004975,0.014525763214937037,0.0615639632623535,0.020681790412600848,KE:65298,784.75,0.010831474992035739
155,2023-05-30,2023-05-31,2023-06-30,ZS,0.5428517378398229,0.046642278954568295,-0.3851943751603167,0.011150926894930833,ZS:360130,1217.25,0.18340521667693577
155,2023-05-30,2023-05-31,2023-06-30,ZM,-0.04599848277991159,0.06596753094536623,0.18864332543709647,0.0126030837578415,ZM:560547,387.5,0.06503225806451618
155,2023-05-30,2023-05-31,2023-06-30,ZL,-0.03182290975771661,-0.005904459426634756,-0.3019134404545335,0.019590789708946437,ZL:591017,46.32,0.3320379965457687
155,2023-05-30,2023-05-31,2023-06-30,LE,-0.024911818484734047,0.010970253650970374,0.5717760627685358,0.00584548698243818,LE:94571,167.7,0.05500894454382843
155,2023-05-30,2023-05-31,2023-06-30,GF,-0.055845039130900415,-0.014651146832319162,0.24962443327638056,0.007337254948639428,GF:4870,239.125,0.034187140616832146
155,2023-05-30,2023-05-31,2023-06-30,HE,-0.34577445503795756,0.050780341917586624,0.17900787783712693,0.018029046170935245,HE:26358,83.325,0.14851485148514842
156,2023-06-29,2023-06-30,2023-07-31,CL,-0.013882248130325792,-0.032938028571025124,-0.3328207170677922,0.021762026867853983,CL:264692,70.58,0.1568432983848116
156,2023-06-29,2023-06-30,2023-07-31,HO,-0.021244425953561536,0.008538183340174976,-0.060602705535717664,0.019260118808354598,HO:477558,2.436,0.22959770114942524
156,2023-06-29,2023-06-30,2023-07-31,RB,0.9286100983634438,0.025598763004572644,-0.22286378883271923,0.018780583323811405,RB:598053,2.4546,0.18214780412287124
156,2023-06-29,2023-06-30,2023-07-31,NG,1.1238286481453392,-0.06883404898199497,0.12713513578347718,0.029897275228380614,NG:124476,2.756,-0.03991291727140778
156,2023-06-29,2023-06-30,2023-07-31,GC,-0.00036118304693022463,0.0015508596105047179,0.43454390894857936,0.006789178509541518,GC:64074,1945.3,0.019020202539454134
156,2023-06-29,2023-06-30,2023-07-31,SI,-0.049069862732111905,-0.029500221005439142,0.7423899707256125,0.013115065362033733,SI:1653,22.985,0.08244507287361325
156,2023-06-29,2023-06-30,2023-07-31,HG,0.005916032628412737,0.020387585712871248,0.6830670038406034,0.011434436063430102,HG:138500,3.764,0.06655154091392146
156,2023-06-29,2023-06-30,2023-07-31,PL,-0.004257779981976469,-0.004865628613858641,0.2713146449743373,0.014045037382189832,PL:5462,910.2,0.054823115798725564
156,2023-06-29,2023-06-30,2023-07-31,PA,-0.016322545589662472,-0.05236934429154061,0.002649356348625478,0.021834435019670112,PA:5075,1225.5,0.045695634434924415
156,2023-06-29,2023-06-30,2023-07-31,ZC,0.035181551566563066,0.04023335259969607,-0.4342243805191004,0.020618147318685782,ZC:520651,489.0,0.028118609406952988
156,2023-06-29,2023-06-30,2023-07-31,ZW,-0.01964646579361072,-0.013767673014819182,0.19404574330476992,0.02238157240259385,ZW:450420,646.5,0.03132250580046403
156,2023-06-29,2023-06-30,2023-07-31,KE,-0.01629974820451307,0.020242378128469518,0.12444459662769577,0.022411034036450474,KE:65298,793.25,0.02426725496375659
156,2023-06-29,2023-06-30,2023-07-31,ZS,0.11309322114899076,0.057647670099830406,-0.27652504652426674,0.014037890594425199,ZS:508315,1353.75,0.011634349030470892
156,2023-06-29,2023-06-30,2023-07-31,ZM,0.18200676529609966,0.024102899505214603,0.470689895086308,0.01749735863420893,ZM:258176,405.0,0.04641975308641988
156,2023-06-29,2023-06-30,2023-07-31,ZL,0.1387887799246912,0.006924099457191524,-0.3705456857303663,0.022954311815304013,ZL:197656,60.2,0.04900332225913617
156,2023-06-29,2023-06-30,2023-07-31,LE,-0.014668510775680155,0.02209366786812028,0.4168844114564163,0.007479073601532945,LE:33023,179.35,0.0019514914970726327
156,2023-06-29,2023-06-30,2023-07-31,GF,-0.06299460494767177,-0.016966858696663367,0.05655988158218676,0.008929754226633236,GF:4870,247.3,-0.007177517185604554
156,2023-06-29,2023-06-30,2023-07-31,HE,0.6356530324776795,0.0064292252457935906,0.1817236822752075,0.019365029042517398,HE:336063,92.475,0.12652068126520688
157,2023-07-28,2023-07-31,2023-08-31,CL,-0.005718890788893212,-0.02857070749278212,-0.34411508157488807,0.017912299392829466,CL:72299,81.17,0.029937168904767608
157,2023-07-28,2023-07-31,2023-08-31,HO,-0.03333611721931501,0.03012891402273188,-0.1425404332829086,0.016578650325033306,HO:285289,2.9588,0.052081925104772164
157,2023-07-28,2023-07-31,2023-08-31,RB,0.11622379867972632,0.04054934000812982,-0.2751529655904802,0.015753866343282123,RB:405684,2.6308,-0.022920784552227347
157,2023-07-28,2023-07-31,2023-08-31,NG,-0.2734998782935756,-0.050466259121514784,0.1326878429747728,0.02863828034598036,NG:108278,2.751,0.0007270083605961375
157,2023-07-28,2023-07-31,2023-08-31,GC,-0.0015509336837804671,0.0018689953344830368,0.48655140330188845,0.005925746870052353,GC:64074,1982.3,-0.017605811431165796
157,2023-07-28,2023-07-31,2023-08-31,SI,-0.22367285361846534,-0.031625375820396595,0.49354072836846213,0.013873906062264197,SI:1098,25.25,-0.017227722772277132
157,2023-07-28,2023-07-31,2023-08-31,HG,0.01892156089146327,0.023692010219445336,0.708650015552608,0.011266707609517762,HG:793,4.0195,-0.05249409130488858
157,2023-07-28,2023-07-31,2023-08-31,PL,-0.0036757428979638067,-0.003362368721064879,0.3503381239811951,0.012065217053262212,PL:5462,960.1,0.0179148005416101
157,2023-07-28,2023-07-31,2023-08-31,PA,,-0.040181527065919154,0.11755160114237871,0.017008010143793904,PA:256,1292.5,-0.049129593810444905
157,2023-07-28,2023-07-31,2023-08-31,ZC,-0.013839969023700646,0.05477768011395168,0.021816132946075675,0.026356978913394613,ZC:649504,512.25,-0.06442166910688141
157,2023-07-28,2023-07-31,2023-08-31,ZW,-0.032466962153848034,-0.01951488065631135,0.5519454223402924,0.02950214131447844,ZW:11548,692.0,-0.1311416184971098
157,2023-07-28,2023-07-31,2023-08-31,KE,-0.03452479402623699,0.008944952850155508,0.2973540570994234,0.025632103111464462,KE:279057,829.25,-0.12270123605667771
157,2023-07-28,2023-07-31,2023-08-31,ZS,-0.0685905414873209,0.09003380046204423,0.3003192408296891,0.016593742075672078,ZS:484790,1331.0,0.027422990232907507
157,2023-07-28,2023-07-31,2023-08-31,ZM,-0.06234927131788254,0.03068317470767523,0.489461932607128,0.018965527796946078,ZM:466507,401.4,0.00871948181365223
157,2023-07-28,2023-07-31,2023-08-31,ZL,0.04599879329515851,0.03273960886161387,-0.20489426942212507,0.024952630745544577,ZL:511625,61.17,0.04512015693967619
157,2023-07-28,2023-07-31,2023-08-31,LE,-0.0006919070031677632,0.025141894682217725,0.49230368539386477,0.007696254268966377,LE:33023,179.7,0.005843071786310494
157,2023-07-28,2023-07-31,2023-08-31,GF,-0.057562071235798803,-0.015073949048305169,-0.054127398615526956,0.00906600210063943,GF:1395,249.175,0.017056285742951705
157,2023-07-28,2023-07-31,2023-08-31,HE,0.8921297132183492,-0.03345456870822694,0.20680864190148132,0.019648686583886736,HE:27323,85.975,-0.036347775516138436
158,2023-08-30,2023-08-31,2023-09-29,CL,-0.006211694647638544,-0.021611985352013918,-0.4707757258738048,0.01397282115158458,CL:710431,82.93,0.09453756179910755
158,2023-08-30,2023-08-31,2023-09-29,HO,0.1829006404663891,0.03825606877710519,-0.15735577459164385,0.016209635355472464,HO:669932,3.0371,0.08353363405880598
158,2023-08-30,2023-08-31,2023-09-29,RB,0.2281500892736941,0.0514962518298725,-0.2452257973308739,0.01376863622556023,RB:243804,2.4822,-0.03581500282007899
158,2023-08-30,2023-08-31,2023-09-29,NG,-0.865922371127614,-0.04370936619275864,0.019100203356738326,0.02684940298319048,NG:150611,3.132,-0.06449553001277142
158,2023-08-30,2023-08-31,2023-09-29,GC,-0.003447511847419038,0.0023872452945268297,0.37180967016196026,0.0047748495477461204,GC:7246,1966.3,-0.05172150739968473
158,2023-08-30,2023-08-31,2023-09-29,SI,-0.009200332112706128,0.0026272513881573367,0.12549638954676834,0.014178199652308009,SI:1098,24.815,-0.09772315131976628
158,2023-08-30,2023-08-31,2023-09-29,HG,0.031423805787906614,0.016828875874252747,0.7977765596769719,0.010887025826018398,HG:70842,3.808,-0.020877100840336116
158,2023-08-30,2023-08-31,2023-09-29,PL,-0.008541262807183194,0.00301508695130126,0.17386977878103985,0.01243336521989121,PL:581,983.4,-0.06955460646735812
158,2023-08-30,2023-08-31,2023-09-29,PA,-0.025944720665797158,-0.02524588298509589,0.136728235274667,0.01769846728975431,PA:256,1229.0,0.01830756712774617
158,2023-08-30,2023-08-31,2023-09-29,ZC,-0.029817461305198703,0.036489847791447594,0.038723786633987435,0.02631451331916915,ZC:649504,479.25,-0.006781429316640608
158,2023-08-30,2023-08-31,2023-09-29,ZW,-0.00803100888343325,-0.02809785365654538,0.6178692533186847,0.029033268352135988,ZW:11548,601.25,-0.10103950103950099
158,2023-08-30,2023-08-31,2023-09-29,KE,-0.0038819343556353025,-0.0061208562543159095,0.3580151965961339,0.023133779675060025,KE:279057,727.5,-0.0900343642611684
158,2023-08-30,2023-08-31,2023-09-29,ZS,-0.04501762954465863,0.08195879007716189,0.27809780939308615,0.01655434860822005,ZS:484790,1367.5,-0.06764168190127973
158,2023-08-30,2023-08-31,2023-09-29,ZM,-0.003402060658666023,0.010038484716121898,0.5185795180462213,0.019196071819981102,ZM:51239,404.1,-0.05518436030685481
158,2023-08-30,2023-08-31,2023-09-29,ZL,0.04484673460931348,0.016165397894954747,-0.3590943086460174,0.022482711994596817,ZL:319302,62.51,-0.1065429531274995
158,2023-08-30,2023-08-31,2023-09-29,LE,-0.02635653634430271,0.024888679282990323,0.43670968871627885,0.007910125072532354,LE:901,184.8,0.017045454545454364
158,2023-08-30,2023-08-31,2023-09-29,GF,-0.09409891570246671,-0.03000876269109165,-0.039827412093439124,0.008610192586048832,GF:1051,256.1,-0.014740335806325833
158,2023-08-30,2023-08-31,2023-09-29,HE,0.9616657369489643,-0.022002775456239188,0.32531965816708086,0.018487273953200996,HE:27323,82.85,-0.031985515992757896
159,2023-09-28,2023-09-29,2023-10-31,CL,0.016702547026376857,-0.011854753291376419,-0.44196325135863185,0.012825702159126495,CL:215236,88.81,-0.08411214953271029
159,2023-09-28,2023-09-29,2023-10-31,HO,0.06024297237061743,0.03656844732020903,-0.19959925604202924,0.016667411833522272,HO:700437,3.1529,-0.07003076532715902
159,2023-09-28,2023-09-29,2023-10-31,RB,0.11409990523424798,-0.007102404717003852,-0.30158623439928905,0.013908063018358181,RB:65493,2.3452,-0.05091250213201437
159,2023-09-28,2023-09-29,2023-10-31,NG,-1.1231451950265745,-0.0418678794334687,0.01769212045546488,0.022330025439273427,NG:116631,3.306,0.0856019358741682
159,2023-09-28,2023-09-29,2023-10-31,GC,-0.0008757269561014205,0.004627923342695128,0.28180989664459466,0.0046434530497919055,GC:7246,1864.6,0.06864743108441496
159,2023-09-28,2023-09-29,2023-10-31,SI,-0.028273726943289494,-0.006767771059444483,0.15387407048788948,0.01195959155837581,SI:1098,22.39,0.024787851719517695
159,2023-09-28,2023-09-29,2023-10-31,HG,0.004729963060718292,0.0221320898776467,-0.18760543927233336,0.01117353589153356,HG:35888,3.734,-0.0228976968398501
159,2023-09-28,2023-09-29,2023-10-31,PL,-0.31177084250764825,-0.015312117187333607,0.05820250263280035,0.012556156815086959,PL:42000252,902.6,0.03922003102149341
159,2023-09-28,2023-09-29,2023-10-31,PA,-0.1989842661974088,-0.016607732202924885,0.04968306136700258,0.01596585980446157,PA:256,1251.5,-0.09548541749900119
159,2023-09-28,2023-09-29,2023-10-31,ZC,-0.01908839070994238,0.03966346838573387,-0.005077289840523426,0.020826703163263658,ZC:649504,476.0,0.006302521008403339
159,2023-09-28,2023-09-29,2023-10-31,ZW,-0.008073994594940986,-0.03231284194444595,0.6353782555299278,0.02584678015999164,ZW:11548,540.5,0.03237742830712298
159,2023-09-28,2023-09-29,2023-10-31,KE,0.004338419001975784,-0.009620874942556812,0.4039368996397754,0.02085846247811197,KE:279057,662.0,-0.048338368580060465
159,2023-09-28,2023-09-29,2023-10-31,ZS,-0.013650668245758793,0.07782216672349462,0.06315944786248151,0.014688821770611635,ZS:291819,1295.0,0.012741312741312738
159,2023-09-28,2023-09-29,2023-10-31,ZM,0.005970680113722829,0.02215832017104402,0.43878718209515705,0.014070712420721198,ZM:51239,381.8,0.13017286537454154
159,2023-09-28,2023-09-29,2023-10-31,ZL,0.045419049400611276,0.017842492912669927,-0.27774163168226945,0.018929840926995428,ZL:319302,55.85,-0.07735004476275742
159,2023-09-28,2023-09-29,2023-10-31,LE,-0.045725829643169,0.017234034609863613,0.3507776194562105,0.006833012759400131,LE:901,187.95,-0.02314445331205106
159,2023-09-28,2023-09-29,2023-10-31,GF,0.007912798370962093,-0.04163830944547686,-0.07563079379794074,0.007534862616843525,GF:60,254.9,-0.06728128677912915
159,2023-09-28,2023-09-29,2023-10-31,HE,0.13489835816325313,-0.08971701222530193,0.28776163440109154,0.01725020433573103,HE:5839,71.775,-0.002438174851968067
160,2023-10-30,2023-10-31,2023-11-30,CL,0.02973040549639333,-0.024035708160957237,-0.3607405367128265,0.01731552582727683,CL:78460,80.87,-0.06442438481513546
160,2023-10-30,2023-10-31,2023-11-30,HO,-0.05295350776038135,-0.009517274417290222,-0.15345575913942,0.01839129007946242,HO:538560,2.8733,-0.045209341175651785
160,2023-10-30,2023-10-31,2023-11-30,RB,0.0632677243182024,-0.030498916689685185,-0.43258281164884066,0.015692483093735606,RB:668424,2.2187,-0.026006219858475732
160,2023-10-30,2023-10-31,2023-11-30,NG,-0.6658715625717322,-0.03767678445459377,0.011301394709455868,0.01907488038435156,NG:56044,3.825,-0.2645751633986928
160,2023-10-30,2023-10-31,2023-11-30,GC,-0.007114640544376334,0.004198553732056576,0.5791072026164733,0.006755110928406858,GC:41512,2012.8,0.023201510333863196
160,2023-10-30,2023-10-31,2023-11-30,SI,0.006180361924138102,-0.00869267641414484,-0.06774338881413676,0.01429687345748028,SI:820,23.09,0.10480727587700311
160,2023-10-30,2023-10-31,2023-11-30,HG,-0.04885661074915459,0.016704735050263153,-0.28033571889512515,0.00925306677336483,HG:2352,3.6665,0.04882040092731477
160,2023-10-30,2023-10-31,2023-11-30,PL,0.0019209017763796923,-0.011505350825512961,-0.2160909455143719,0.013249997776809026,PL:581,942.0,-0.0062632696390657605
160,2023-10-30,2023-10-31,2023-11-30,PA,,-0.024887639237138215,0.18292607758472842,0.014366096961985188,PA:1197,1137.0,-0.10114335971855759
160,2023-10-30,2023-10-31,2023-11-30,ZC,-0.02222386221624778,0.037156350006124494,0.0330062639715862,0.012255161294976717,ZC:243778,493.5,-0.02228976697061802
160,2023-10-30,2023-10-31,2023-11-30,ZW,-0.026375552114552447,-0.028492668825248146,0.4866648437371959,0.01936234498940769,ZW:166242,586.25,0.021748400852878547
160,2023-10-30,2023-10-31,2023-11-30,KE,-0.014189893253497905,-0.01247979050388881,0.36960257430032345,0.015142906670904307,KE:672861,642.0,0.0031152647975076775
160,2023-10-30,2023-10-31,2023-11-30,ZS,-0.0040587863136538616,0.07330115118710245,0.13984643748552983,0.010480462509668885,ZS:291819,1311.5,0.024018299656881403
160,2023-10-30,2023-10-31,2023-11-30,ZM,0.09970774661341461,0.028658939821301965,0.424082586786707,0.015501446231685001,ZM:152114,418.5,0.012664277180406192
160,2023-10-30,2023-10-31,2023-11-30,ZL,0.024027230165500395,-0.0031611902605088726,-0.1874223518774281,0.016169415929564668,ZL:391369,50.94,0.027483313702395096
160,2023-10-30,2023-10-31,2023-11-30,LE,-0.2516126944602552,0.03265101598949349,-0.21158860840829916,0.008140188034420612,LE:227267,184.625,-0.06932972241029123
160,2023-10-30,2023-10-31,2023-11-30,GF,0.12284687773094943,-0.013269282788606285,-0.31767123165002575,0.00847422673052103,GF:74,237.3,-0.07332490518331225
160,2023-10-30,2023-10-31,2023-11-30,HE,0.16259227618508282,-0.06581797983714888,0.36765260541817935,0.01877294077200306,HE:5839,71.6,-0.03910614525139666
161,2023-11-29,2023-11-30,2023-12-29,CL,-0.018586804051759484,-0.018337541349890185,-0.3941883407176126,0.02004276263476215,CL:686071,75.74,-0.05822550831792972
161,2023-11-29,2023-11-30,2023-12-29,HO,-0.028007107510984897,0.012133740343358346,-0.16269084139771953,0.019025303000044343,HO:311271,2.7043,-0.05480161224716196
161,2023-11-29,2023-11-30,2023-12-29,RB,0.8918302887266902,-0.01730923411829366,-0.5471306643778302,0.018549714670807845,RB:438289,2.1644,-0.023609314359637756
161,2023-11-29,2023-11-30,2023-12-29,NG,0.3711589801664073,-0.02324208102429043,0.23063007747400116,0.023439701417745457,NG:56065,2.772,-0.09920634920634919
161,2023-11-29,2023-11-30,2023-12-29,GC,0.0013833011529891179,0.002460956401414638,0.8913638408507517,0.007381051790248123,GC:41512,2059.5,0.005972323379461075
161,2023-11-29,2023-11-30,2023-12-29,SI,0.009812928819013446,-0.009412624646736312,0.0822200529039108,0.014911980577964334,SI:449,25.76,-0.06735248447204978
161,2023-11-29,2023-11-30,2023-12-29,HG,0.0716883242165873,0.011367946810058593,-0.3483705582533687,0.008842613753849857,HG:4982,3.8455,0.010141724093095883
161,2023-11-29,2023-11-30,2023-12-29,PL,0.002570907324845481,-0.005374517062788686,-0.22067055394421534,0.014384718640486217,PL:4797,940.8,0.06877125850340149
161,2023-11-29,2023-11-30,2023-12-29,PA,,-0.019283377727508766,0.07926109493822603,0.01770566354847364,PA:1197,1022.0,0.08219178082191791
161,2023-11-29,2023-11-30,2023-12-29,ZC,-0.03990619944339775,0.02996097644622897,0.05474155141430575,0.011331383974177916,ZC:243778,482.5,-0.024352331606217636
161,2023-11-29,2023-11-30,2023-12-29,ZW,-0.02054480547133372,-0.027267916505826717,0.4861905287259814,0.018323278717860783,ZW:166242,599.0,0.04966611018363931
161,2023-11-29,2023-11-30,2023-12-29,KE,0.0067224708789559995,-0.013520230151605084,0.374325227655642,0.01569125469620925,KE:672861,644.0,-0.00038819875776396895
161,2023-11-29,2023-11-30,2023-12-29,ZS,-0.03502860746785713,0.06831845026376149,0.152703961266845,0.01076112904750517,ZS:789231,1362.25,-0.047531657184804565
161,2023-11-29,2023-11-30,2023-12-29,ZM,0.07790634655625875,0.04844723437314258,0.52862390554783,0.01656740003529556,ZM:506263,413.7,-0.06671501087744736
161,2023-11-29,2023-11-30,2023-12-29,ZL,-0.005733423809495021,0.0019312533498480056,-0.1714708377105327,0.01838105171581871,ZL:330370,52.12,-0.07617037605525712
161,2023-11-29,2023-11-30,2023-12-29,LE,-0.22968813549078496,0.028789529197774444,-0.478336988885578,0.010428478285223518,LE:227267,171.825,-0.01920558707987774
161,2023-11-29,2023-11-30,2023-12-29,GF,0.1603136364916385,-0.007631756573980075,-0.495928195212108,0.012829083410054003,GF:74,219.9,0.010004547521600626
161,2023-11-29,2023-11-30,2023-12-29,HE,0.5578690739741495,-0.05095195560484833,0.3534877090166427,0.017313548040563415,HE:275,71.525,-0.045438657811953886
162,2023-12-28,2023-12-29,2024-01-31,CL,0.012873056668828129,-0.019666788937856783,-0.3786920637387519,0.018371227935502693,CL:463194,71.54,0.06066536203522488
162,2023-12-28,2023-12-29,2024-01-31,HO,0.05427597040581991,0.0038428757298037963,-0.1257285429449094,0.01630952044271442,HO:99004,2.5206,0.10755375704197423
162,2023-12-28,2023-12-29,2024-01-31,RB,-1.0082271390210482,-0.030157855956840063,-0.4692284383218203,0.017597434229389673,RB:553571,2.1326,0.045062365188033304
162,2023-12-28,2023-12-29,2024-01-31,NG,0.40513817304956384,-0.01621733376724327,0.3092180541659263,0.02614744803312662,NG:950,2.314,-0.0786516853932584
162,2023-12-28,2023-12-29,2024-01-31,GC,0.0045750036059958935,0.003367297023556981,0.31513473349223603,0.00902110189829319,GC:44740,2092.1,-0.0166818029730893
162,2023-12-28,2023-12-29,2024-01-31,SI,0.023662900404250557,-0.008849830586534768,0.004633444021012184,0.015214870855669874,SI:449,24.025,-0.0422476586888656
162,2023-12-28,2023-12-29,2024-01-31,HG,-0.026637407313730523,0.013200793082009166,-0.3423584840488407,0.009395981007859308,HG:31863,3.8915,0.00012848515996388699
162,2023-12-28,2023-12-29,2024-01-31,PL,-0.006359375608351269,0.007348778175958359,-0.10588258459361259,0.01387411938689098,PL:4797,1005.5,-0.07677772252610648
162,2023-12-28,2023-12-29,2024-01-31,PA,0.02150184767935285,-0.026198037457580425,0.6558346494202381,0.02501496474834723,PA:1197,1106.0,-0.10940325497287517
162,2023-12-28,2023-12-29,2024-01-31,ZC,-0.036903828390699556,0.03138452226202937,0.06089888593665176,0.011197536703593436,ZC:243778,470.75,-0.048327137546468446
162,2023-12-28,2023-12-29,2024-01-31,ZW,-0.040594783620608574,-0.026119709483339193,0.42689195592955875,0.020386081052321196,ZW:166242,628.75,-0.052485089463220724
162,2023-12-28,2023-12-29,2024-01-31,KE,0.0022933903694080764,-0.008453686380379466,0.3137400958502448,0.01788530523459067,KE:672861,643.75,-0.03339805825242714
162,2023-12-28,2023-12-29,2024-01-31,ZS,-0.021716644784271554,0.06447468360617359,0.240794863632228,0.01079970237641171,ZS:789231,1297.5,-0.05799614643545281
162,2023-12-28,2023-12-29,2024-01-31,ZM,0.0322550971831752,0.011752462870569413,0.6918362377969238,0.0168123494397811,ZM:506263,386.1,-0.04558404558404561
162,2023-12-28,2023-12-29,2024-01-31,ZL,-0.006477196059028162,0.01124081122761078,-0.060033865708541904,0.01836167877286989,ZL:330370,48.15,-0.04361370716510904
162,2023-12-28,2023-12-29,2024-01-31,LE,0.10614066895821851,0.022501452559977375,-0.518659297421018,0.011561458053476975,LE:126564,172.15,0.050972988672669306
162,2023-12-28,2023-12-29,2024-01-31,GF,-0.008001089340977707,-0.004297330645516073,-0.43770017441634684,0.01411034637993911,GF:3400,223.125,0.07820728291316525
162,2023-12-28,2023-12-29,2024-01-31,HE,0.4418271371321557,-0.05716755060372802,0.3157096227746065,0.018615194088863907,HE:275,68.275,0.11900402782863417
163,2024-01-30,2024-01-31,2024-02-29,CL,-0.013716154666016233,-0.014758716953167772,-0.5079532207060437,0.01808973956737976,CL:270851,75.72,0.03341257263602748
163,2024-01-30,2024-01-31,2024-02-29,HO,0.07197231569937423,0.014945755925767301,-0.08232518652541272,0.016045923436432803,HO:638102,2.7271,-0.027795093689267025
163,2024-01-30,2024-01-31,2024-02-29,RB,-0.12683859900919753,-0.038831953030851185,-0.4360338241045534,0.018315218587563718,RB:356632,2.4602,0.04828875701162527
163,2024-01-30,2024-01-31,2024-02-29,NG,0.41338588103984886,0.0021948475392511435,0.2260072906377981,0.030229219978378782,NG:948,2.147,-0.13926408942710744
163,2024-01-30,2024-01-31,2024-02-29,GC,-0.007979711519447541,0.004354471696211837,-0.06563557860427653,0.008770705155447606,GC:44740,2057.2,-0.002284658759478808
163,2024-01-30,2024-01-31,2024-02-29,SI,0.007725074843937668,-0.005975922226107766,-0.20917123200393523,0.013596200504206749,SI:4122,23.265,-0.01697829357403824
163,2024-01-30,2024-01-31,2024-02-29,HG,0.007523314256171337,0.013218577224510142,-0.2185714349081122,0.009658091333730566,HG:2506,3.9005,-0.01563902063837963
163,2024-01-30,2024-01-31,2024-02-29,PL,-0.008335853577442917,0.011472166402821116,0.10031559392679476,0.013027615037955052,PL:4797,928.3,-0.04815253689540011
163,2024-01-30,2024-01-31,2024-02-29,PA,0.008158009280196481,-0.010061707570283573,0.6155126926427487,0.02498982159749807,PA:2056,990.0,-0.039393939393939426
163,2024-01-30,2024-01-31,2024-02-29,ZC,-0.047223024656277465,0.028891824737605654,0.10039613690908993,0.009810101443696722,ZC:698432,458.75,-0.06267029972752047
163,2024-01-30,2024-01-31,2024-02-29,ZW,0.052925418316333496,-0.024349294154646928,0.4399985720902912,0.017640943656387943,ZW:196612,605.75,-0.048287247214197304
163,2024-01-30,2024-01-31,2024-02-29,KE,0.15127110460014304,-0.00544859880338322,0.35086967004623626,0.017251905612696895,KE:550855,620.5,-0.0547945205479452
163,2024-01-30,2024-01-31,2024-02-29,ZS,-0.13445826144514453,0.051385484031937434,0.29115889284491686,0.010824433230754375,ZS:535842,1232.75,-0.07564388562157776
163,2024-01-30,2024-01-31,2024-02-29,ZM,-0.054251177376041126,0.0028011985778580994,0.6695079730431996,0.015508169624852516,ZM:759433,364.5,-0.09766803840877925
163,2024-01-30,2024-01-31,2024-02-29,ZL,-0.09640548702713049,0.011683598652685312,-0.08266774100094897,0.016852073945067346,ZL:567056,46.58,-0.030055817947617025
163,2024-01-30,2024-01-31,2024-02-29,LE,0.0739192789031696,0.02395023681107178,-0.5425718656834959,0.010608684844207435,LE:126564,180.925,0.02542489982036744
163,2024-01-30,2024-01-31,2024-02-29,GF,-0.012923523337476317,-0.0013836844051091646,-0.4953001511360725,0.013667789571666453,GF:3400,240.575,0.03533201704250244
163,2024-01-30,2024-01-31,2024-02-29,HE,0.47181266767822083,-0.03524936203967621,0.28269275508368885,0.018377108645783034,HE:4588,84.975,0.021182700794351472
164,2024-02-28,2024-02-29,2024-03-28,CL,0.0007908707495395129,-0.007407638581143683,-0.3814359389944042,0.015123837568420987,CL:109044,77.48,0.07266391326794008
164,2024-02-28,2024-02-29,2024-03-28,HO,0.1066724398859156,0.01962470198093036,-0.056166919688531415,0.015292668453277827,HO:321851,2.5981,0.007428505446287703
164,2024-02-28,2024-02-29,2024-03-28,RB,-0.05288546991677351,-0.040065260074717335,-0.32408091144351614,0.01602072008623921,RB:133835,2.5689,0.059091439915917254
164,2024-02-28,2024-02-29,2024-03-28,NG,-0.10943084545763071,-0.012474567104240164,0.3358302243243409,0.033668171951948996,NG:946,1.995,-0.12180451127819558
164,2024-02-28,2024-02-29,2024-03-28,GC,0.0029369522657031605,0.004858031384292083,-0.1052226065489143,0.004959550672812075,GC:669,2072.0,0.08822393822393826
164,2024-02-28,2024-02-29,2024-03-28,SI,-0.005394767842728326,-0.014518953306467353,-0.16757162091080655,0.01112618971925176,SI:4122,22.87,0.09750765194578048
164,2024-02-28,2024-02-29,2024-03-28,HG,0.0040112854598351524,0.015030018720162519,-0.1447479113306807,0.00859530153589041,HG:1101,3.8455,0.04316733844753595
164,2024-02-28,2024-02-29,2024-03-28,PL,-0.005698440021695998,0.012670212285861182,-0.0009181796469412406,0.01252152402201917,PL:1256,892.7,0.033941973787386504
164,2024-02-28,2024-02-29,2024-03-28,PA,,0.017325498080207336,0.7093906682168882,0.027789020124808907,PA:2056,951.0,0.0757097791798107
164,2024-02-28,2024-02-29,2024-03-28,ZC,-0.032593841235367904,0.02653823934556876,0.10896572048808449,0.009311508842811816,ZC:698432,430.0,0.02848837209302335
164,2024-02-28,2024-02-29,2024-03-28,ZW,0.04176828946513334,-0.01743098695255685,0.44683366689955106,0.01785325713346431,ZW:196612,576.5,-0.02601908065915004
164,2024-02-28,2024-02-29,2024-03-28,KE,0.2033346927551316,0.002791449165286064,0.38274202929780077,0.017532084664514003,KE:550855,586.5,0.0008525149190110604
164,2024-02-28,2024-02-29,2024-03-28,ZS,-0.0903033509506603,0.04695596160530213,0.31328439670509756,0.009363874089174303,ZS:535842,1139.5,0.04607283896445802
164,2024-02-28,2024-02-29,2024-03-28,ZM,-0.006722423737388884,0.008765910138757604,0.7271549505585843,0.012655728039059368,ZM:759433,328.9,0.026147765278200064
164,2024-02-28,2024-02-29,2024-03-28,ZL,-0.07202837510248752,0.0075264544783648635,-0.0617061345491862,0.014534435370636601,ZL:567056,45.18,0.06595838866755188
164,2024-02-28,2024-02-29,2024-03-28,LE,0.14451274238003037,0.030388596858123673,-0.4938903338810314,0.009003446760227605,LE:50300,181.3,-0.004136789851075573
164,2024-02-28,2024-02-29,2024-03-28,GF,0.017475627477100852,0.007125415504478649,-0.46057282753372075,0.010894265916713433,GF:3692,253.725,-0.025716819391073065
164,2024-02-28,2024-02-29,2024-03-28,HE,0.5052129481295802,-0.027391885335943056,0.3088688161188216,0.017101176219482102,HE:4588,86.775,-0.0005762028233939898
165,2024-03-27,2024-03-28,2024-04-30,CL,-0.01426206381542651,-0.005451007201926483,-0.39712631500834716,0.012227335543585093,CL:320510,82.36,-0.012384652744050428
165,2024-03-27,2024-03-28,2024-04-30,HO,0.013676779050830734,0.005164458456430765,-0.06739457780627785,0.014588259599220752,HO:287401,2.6153,-0.037586510151799035
165,2024-03-27,2024-03-28,2024-04-30,RB,-0.07449802896911531,-0.049193343231271225,-0.35497255841140907,0.014227530838254248,RB:361210,2.6876,-0.005097484744753689
165,2024-03-27,2024-03-28,2024-04-30,NG,-1.4100973289313414,0.005091111142004279,0.26467393611240553,0.03121167832814034,NG:945,1.998,-0.020520520520520447
165,2024-03-27,2024-03-28,2024-04-30,GC,-0.0036787720585901365,0.002648808575139272,0.04022695753733958,0.006546603804352564,GC:669,2254.8,0.020933120454142085
165,2024-03-27,2024-03-28,2024-04-30,SI,-0.015952843833917096,-0.01647027115285893,-0.006202993161070656,0.014329258497194818,SI:74683,25.32,0.05114533965244861
165,2024-03-27,2024-03-28,2024-04-30,HG,0.005940015326213813,0.015417386763390994,0.17352764202239698,0.009327689895669,HG:5759,4.026,0.1287878787878789
165,2024-03-27,2024-03-28,2024-04-30,PL,-0.10930610269490922,0.008483903883738986,0.09542161367369296,0.014036973692659289,PL:42000390,897.6,0.051693404634581164
165,2024-03-27,2024-03-28,2024-04-30,PA,,0.0055742096226487625,0.9944349757004165,0.02641371223475979,PA:2056,1023.0,-0.07184750733137835
165,2024-03-27,2024-03-28,2024-04-30,ZC,-0.009258225168000983,0.006192561966800736,0.12649172405857825,0.009522079011313396,ZC:347006,454.5,-0.01595159515951594
165,2024-03-27,2024-03-28,2024-04-30,ZW,-0.026958053034829677,-0.027149749820925884,0.42133107899181893,0.016274674228522485,ZW:257610,577.25,0.04677349501948891
165,2024-03-27,2024-03-28,2024-04-30,KE,0.007241393261881626,-0.011988175677570378,0.3637244665003462,0.01604480359149062,KE:234273,581.5,0.09415305245055894
165,2024-03-27,2024-03-28,2024-04-30,ZS,-0.17528247078194598,0.03465272730455038,0.30869604209704843,0.009475714647550051,ZS:123646,1205.75,-0.035869790586771755
165,2024-03-27,2024-03-28,2024-04-30,ZM,0.010255564111543668,0.01702319730084978,0.7588934422228779,0.012654833428609806,ZM:581685,340.9,0.03256086828982108
165,2024-03-27,2024-03-28,2024-04-30,ZL,-0.029315697198176463,0.011470300865020988,-0.04042712726317897,0.013818458037679561,ZL:771663,48.68,-0.11585866885784712
165,2024-03-27,2024-03-28,2024-04-30,LE,0.1686508693962709,0.04235722412641052,-0.49579862140198344,0.006847495209378845,LE:50300,180.55,-0.029770146773746897
165,2024-03-27,2024-03-28,2024-04-30,GF,-0.06928291070578847,0.010697508576918535,-0.43941212819058456,0.008166660118839637,GF:1478,248.925,-0.016671688259515927
165,2024-03-27,2024-03-28,2024-04-30,HE,-0.8541986664175263,-0.03902498072181304,0.40612624883150594,0.014775938836120694,HE:14783,92.25,0.02195121951219514
166,2024-04-29,2024-04-30,2024-05-31,CL,-0.007807021442445605,-0.0068425236100286835,-0.36832804260071084,0.01062996606444638,CL:200430,80.71,-0.04373683558419017
166,2024-04-29,2024-04-30,2024-05-31,HO,-0.009336866145403466,0.006940077352573626,-0.13262134321518287,0.013120752258526734,HO:379543,2.528,-0.05502373417721518
166,2024-04-29,2024-04-30,2024-05-31,RB,-0.040564931594603504,-0.04764626227188584,-0.42238985705301957,0.010894804798899352,RB:584032,2.6369,-0.08176267586939201
166,2024-04-29,2024-04-30,2024-05-31,NG,-0.49391789405369774,-0.008717740545971464,0.1339598107024286,0.031289358807397874,NG:944,2.296,0.12412891986062724
166,2024-04-29,2024-04-30,2024-05-31,GC,0.0012304834232121434,0.002771025955323303,-0.017858288861367,0.008169769847313994,GC:2017,2323.1,0.01058929878180015
166,2024-04-29,2024-04-30,2024-05-31,SI,-0.010546302716877363,-0.013270818577983956,-0.0063436266657771676,0.01697143525396275,SI:74683,26.615,0.148036821341349
166,2024-04-29,2024-04-30,2024-05-31,HG,-0.008841462504507314,0.026538289560903205,0.22183553410119056,0.010248852563009307,HG:74067,4.546,0.017927848658161105
166,2024-04-29,2024-04-30,2024-05-31,PL,-0.017919010766206958,0.025791555812835876,0.20850530913348972,0.015206131532555681,PL:1256,945.4,0.10482335519356889
166,2024-04-29,2024-04-30,2024-05-31,PA,,0.0038625990514270514,1.0259778250767049,0.023326590008735482,PA:4113243,967.0,-0.04756980351602891
166,2024-04-29,2024-04-30,2024-05-31,ZC,0.0027803586924322887,0.006147388863526948,0.14119800306815547,0.010687248318476485,ZC:347006,447.25,-0.003353828954723359
166,2024-04-29,2024-04-30,2024-05-31,ZW,-0.0420483142076753,-0.03717385501474302,0.3513964045363993,0.016565212294281075,ZW:257610,604.25,0.12494828299544891
166,2024-04-29,2024-04-30,2024-05-31,KE,-0.006877227852190554,-0.01305839295130129,0.2602090735696755,0.01724159248074494,KE:234273,636.25,0.11748526522593328
166,2024-04-29,2024-04-30,2024-05-31,ZS,-0.13456038975254825,0.02918288599823382,0.30553395528840444,0.008941690797693703,ZS:123646,1162.5,0.03655913978494629
166,2024-04-29,2024-04-30,2024-05-31,ZM,-0.006651915767575458,0.02839317506116057,0.7332475516623284,0.01169783935786044,ZM:581685,352.0,0.03664772727272725
166,2024-04-29,2024-04-30,2024-05-31,ZL,-0.0319737547292665,0.009415527414081915,-0.05924368129265198,0.013946499645284514,ZL:771663,43.04,0.055762081784386686
166,2024-04-29,2024-04-30,2024-05-31,LE,0.012334009802590112,0.03259173296599527,-0.5826912883244428,0.00905017129387812,LE:289303,173.35,0.029420248053071862
166,2024-04-29,2024-04-30,2024-05-31,GF,-0.033579607933903965,0.015113582586203655,-0.4606527602706938,0.009595666967737218,GF:42011077,255.85,0.0020519835841312783
166,2024-04-29,2024-04-30,2024-05-31,HE,-0.5452057504625537,0.04795136744497097,0.33485327620856875,0.01239802494981349,HE:603,102.725,-0.08152835239717693
167,2024-05-30,2024-05-31,2024-06-28,CL,-0.009532310546694442,-0.0018206257312995966,-0.32356709377446563,0.011125964777579449,CL:36956,76.87,0.059711200728502556
167,2024-05-30,2024-05-31,2024-06-28,HO,-0.006000773479653207,-0.005068847421338063,-0.06273798465127985,0.011613726476576767,HO:717026,2.4087,0.054635280441731826
167,2024-05-30,2024-05-31,2024-06-28,RB,-0.8035979817867477,-0.07747476319551039,-0.36766187283174157,0.012031542239699669,RB:215522,2.4041,0.04400815273907077
167,2024-05-30,2024-05-31,2024-06-28,NG,0.45547432559680195,0.008398746184499983,0.07226021733423951,0.028486090913719286,NG:939,2.654,-0.019969856819894494
167,2024-05-30,2024-05-31,2024-06-28,GC,0.003963680169912269,0.0024935287381304683,-0.09071712579212687,0.0097481456444339,GC:2017,2347.7,-0.0046002470503044846
167,2024-05-30,2024-05-31,2024-06-28,SI,0.046478573435995665,-0.01477038868038627,0.1794038430938686,0.02012373717204697,SI:2707,30.9,-0.04741100323624592
167,2024-05-30,2024-05-31,2024-06-28,HG,-0.03164723381209161,0.029486666111022908,-0.311536548350163,0.01522474527366424,HG:8360,4.6245,-0.05524921613147382
167,2024-05-30,2024-05-31,2024-06-28,PL,-0.004449188880951173,0.035081801774302646,0.2223254118656445,0.01637823949478536,PL:4124497,1056.7,-0.04514053184442135
167,2024-05-30,2024-05-31,2024-06-28,PA,,-0.0010224501851140433,1.0119143984393821,0.0205680174420159,PA:4113243,921.0,0.05863192182410426
167,2024-05-30,2024-05-31,2024-06-28,ZC,-0.0019431473317165632,-0.02440334084140172,0.2030687285306292,0.011334009731952565,ZC:644626,453.5,-0.09922822491730976
167,2024-05-30,2024-05-31,2024-06-28,ZW,-0.040852097455264705,-0.03607982566571333,0.3896613632165039,0.01892264830110918,ZW:103895,701.25,-0.17967914438502675
167,2024-05-30,2024-05-31,2024-06-28,KE,-0.022527936003269244,-0.019764489700340615,0.29595000138023736,0.019600490345016788,KE:296440,725.5,-0.19055823569951758
167,2024-05-30,2024-05-31,2024-06-28,ZS,0.18050523997735607,0.01190566503845214,0.3835887881766341,0.010017115982884116,ZS:596813,1203.25,-0.0565136089756908
167,2024-05-30,2024-05-31,2024-06-28,ZM,0.052815242573706574,0.048627536363385016,0.7507254688975222,0.01443023874589162,ZM:658562,358.1,-0.03211393465512424
167,2024-05-30,2024-05-31,2024-06-28,ZL,-0.03078204251726088,0.01816544581917534,0.03255353926757402,0.0161802053982483,ZL:21989,45.71,-0.03565959308685196
167,2024-05-30,2024-05-31,2024-06-28,LE,0.04021780691796954,0.043893288110282036,-0.5607660873349198,0.00903968090261349,LE:289303,178.45,0.038246007284953976
167,2024-05-30,2024-05-31,2024-06-28,GF,-0.031753814855730096,0.013463156275414279,-0.42447050723542423,0.009964843896757315,GF:42011077,256.375,0.01033642125792289
167,2024-05-30,2024-05-31,2024-06-28,HE,-0.8448919548692821,0.0299369287811313,0.3388426240491965,0.011576247196276744,HE:18978,97.125,-0.07722007722007718
168,2024-06-27,2024-06-28,2024-07-31,CL,0.018806323731809654,0.009586327135237438,-0.3184039154900377,0.012786693510266331,CL:585200,80.58,-0.025316455696202445
168,2024-06-27,2024-06-28,2024-07-31,HO,-0.03087757286268597,-0.007667981615057107,-0.19698496515783237,0.011729043910147029,HO:558557,2.5555,-0.04014869888475825
168,2024-06-27,2024-06-28,2024-07-31,RB,0.6542558958631348,-0.07896642040649171,-0.45717031933927055,0.013047296475826496,RB:741370,2.4781,-0.006900447923812614
168,2024-06-27,2024-06-28,2024-07-31,NG,1.1738229876405284,0.003140815287861143,0.05077582444509959,0.030034676051776572,NG:938,2.597,-0.21370812475933776
168,2024-06-27,2024-06-28,2024-07-31,GC,-0.003259813032362835,0.0014175378264722482,-0.3799393008198104,0.009977274918795218,GC:12609,2359.8,0.045469955080938984
168,2024-06-27,2024-06-28,2024-07-31,SI,-0.008218434263395052,-0.01655594323627807,-0.18130607937344112,0.022316139402732495,SI:2707,29.435,-0.008493290300662482
168,2024-06-27,2024-06-28,2024-07-31,HG,0.02956576807856791,0.018798297558102917,-0.5279006831551861,0.01634930415146043,HG:28080,4.373,-0.04116167390807235
168,2024-06-27,2024-06-28,2024-07-31,PL,-0.004639284543331269,0.0385393535214098,0.10870883766240107,0.015517889005901604,PL:4124497,1009.0,-0.021704658077304262
168,2024-06-27,2024-06-28,2024-07-31,PA,,0.014625897159476708,1.0087580459297987,0.01837944216769599,PA:4113243,975.0,-0.05794871794871792
168,2024-06-27,2024-06-28,2024-07-31,ZC,0.012097743707122008,-0.017769459770980656,0.32948047864833435,0.01228097282385581,ZC:644626,408.5,-0.06364749082007348
168,2024-06-27,2024-06-28,2024-07-31,ZW,-0.03137678033051365,-0.03328369808346621,0.4938238569114638,0.01959718678379189,ZW:103895,575.25,-0.08344198174706652
168,2024-06-27,2024-06-28,2024-07-31,KE,-0.02084265230493028,-0.012875323247575565,0.36482236764826875,0.019519132939915897,KE:296440,587.25,-0.06641123882503197
168,2024-06-27,2024-06-28,2024-07-31,ZS,0.0618809098301802,0.016003760986418647,0.37853896903708706,0.010204045749256412,ZS:697686,1101.5,-0.0780753517930095
168,2024-06-27,2024-06-28,2024-07-31,ZM,0.2155769320423286,0.0740526310520494,0.5533951981012458,0.014960449505014697,ZM:344260,336.3,-0.026167112696996786
168,2024-06-27,2024-06-28,2024-07-31,ZL,0.047575051916891604,-0.002969124326223649,0.22711582160165192,0.015511537493933802,ZL:396246,44.09,-0.01859832161487862
168,2024-06-27,2024-06-28,2024-07-31,LE,0.02728621507934044,0.04954124359014789,-0.627785319712265,0.008873871792169245,LE:93290,184.625,0.011509817197020933
168,2024-06-27,2024-06-28,2024-07-31,GF,-0.008425186598996645,0.017334247520820467,-0.41617193233647876,0.009519716312064769,GF:42011077,259.025,-0.006466557282115426
168,2024-06-27,2024-06-28,2024-07-31,HE,0.5089618500916082,0.018266218362076647,0.3060523625969773,0.01248309848080165,HE:7546,89.55,0.030709101060859778
169,2024-07-30,2024-07-31,2024-08-30,CL,0.026721514154602527,0.0045256770824576575,-0.14186262516035042,0.012994717130747799,CL:392826,77.4,-0.04844961240310075
169,2024-07-30,2024-07-31,2024-08-30,HO,-0.04185724959641566,-0.021354709916274972,-0.04845653342268067,0.012171537481108543,HO:119092,2.4717,-0.07521139296840218
169,2024-07-30,2024-07-31,2024-08-30,RB,0.11412687379571987,-0.05862294718517913,-0.2858535938804692,0.01106178166332072,RB:76500,2.2714,-0.07686889143259656
169,2024-07-30,2024-07-31,2024-08-30,NG,-0.0918968468368968,-0.001556038769999768,0.08570961038767687,0.028665841452851133,NG:935,2.163,-0.007859454461396131
169,2024-07-30,2024-07-31,2024-08-30,GC,-0.0019355897190518195,-0.0007694825033885966,-0.39151174189399884,0.0098019805264936,GC:12609,2467.1,0.01844270601110609
169,2024-07-30,2024-07-31,2024-08-30,SI,0.22548451115481466,-0.013567270225637973,-0.11919158188338771,0.02035009681308922,SI:39545,29.615,-0.012493668748944753
169,2024-07-30,2024-07-31,2024-08-30,HG,0.07370585209788824,0.0169828768589928,-0.5534326702060742,0.014509675156570928,HG:5313,4.205,-0.007728894173602785
169,2024-07-30,2024-07-31,2024-08-30,PL,-0.013794021579872529,0.034115170079722645,0.0979472054338865,0.014448456924834641,PL:4124497,987.1,-0.05663053388714412
169,2024-07-30,2024-07-31,2024-08-30,PA,,0.009705939132236163,0.982984082441243,0.019064761026408632,PA:4127888,925.5,0.03943814154511083
169,2024-07-30,2024-07-31,2024-08-30,ZC,-0.0012807791043936978,-0.022116690108104797,-0.03132989022241907,0.014681226941511851,ZC:487769,400.0,0.00374999999999992
169,2024-07-30,2024-07-31,2024-08-30,ZW,-0.03283649460021636,-0.02921741793314181,0.11841277763850479,0.02074097239906938,ZW:91923,551.25,0.0013605442176871652
169,2024-07-30,2024-07-31,2024-08-30,KE,-0.03352673990079018,-0.00028633069975325665,0.23511531653349416,0.020006575765251992,KE:266019,565.0,0.003097345132743401
169,2024-07-30,2024-07-31,2024-08-30,ZS,-0.01596410296244423,-0.00502615031918674,-0.14112746269416007,0.012636365652370087,ZS:73867,1023.5,-0.023937469467513406
169,2024-07-30,2024-07-31,2024-08-30,ZM,-0.011549637399633448,0.0629312177045599,0.5604239412061877,0.015611161698521465,ZM:539402,314.1,-0.014326647564469885
169,2024-07-30,2024-07-31,2024-08-30,ZL,0.01876880860050588,-0.00980181862447338,-0.08036629093433902,0.01818280681042711,ZL:630908,42.7,-0.007025761124121899
169,2024-07-30,2024-07-31,2024-08-30,LE,-0.0016440655269473574,0.05062066024358214,-0.6519857577927366,0.006904670471738387,LE:93290,186.75,-0.04323962516733593
169,2024-07-30,2024-07-31,2024-08-30,GF,0.0038664919415737353,0.020961227885782252,-0.3940674141119054,0.00810921016647898,GF:42000835,257.1,-0.06476079346557773
169,2024-07-30,2024-07-31,2024-08-30,HE,0.9464653402550773,0.010118605965448668,0.25552963665466116,0.01352825739937956,HE:5747,75.825,0.0847345862182658
170,2024-08-29,2024-08-30,2024-09-30,CL,0.038533736722999784,0.009163835166442369,-0.17974863651677583,0.015580740975225145,CL:230943,72.74,-0.06090184217761885
170,2024-08-29,2024-08-30,2024-09-30,HO,0.028984788182653307,-0.032751303712821866,-0.10315247771216944,0.01452295553995814,HO:95016,2.3009,-0.06214959363727224
170,2024-08-29,2024-08-30,2024-09-30,RB,0.12696301732042903,-0.06231699095983434,-0.23229034578439706,0.013938617508939963,RB:94279,2.0575,-0.0578857837181046
170,2024-08-29,2024-08-30,2024-09-30,NG,-1.1836416109511656,0.004702875952838248,0.025521598661156244,0.025796877610366042,NG:923,2.51,0.15458167330677308
170,2024-08-29,2024-08-30,2024-09-30,GC,0.0056536588175815986,-0.0003809323268331166,-0.4829037236710153,0.008961399633631961,GC:42003962,2534.2,0.043800804987767394
170,2024-08-29,2024-08-30,2024-09-30,SI,-0.050535490247131075,-0.05827246447834722,-0.14924664789185987,0.017770560215432534,SI:39545,29.245,0.07727816720806979
170,2024-08-29,2024-08-30,2024-09-30,HG,-0.008440305133551623,0.016280894549348224,-0.5358108882740715,0.012542721154542223,HG:38328,4.2,0.07630952380952372
170,2024-08-29,2024-08-30,2024-09-30,PL,-0.005446002595508939,0.03252587971325249,0.024896286169277818,0.014839831166205533,PL:4127886,942.0,0.054033970276008425
170,2024-08-29,2024-08-30,2024-09-30,PA,,,0.8444399402007088,0.022102184452545748,PA:4127888,962.0,0.04054054054054057
170,2024-08-29,2024-08-30,2024-09-30,ZC,-0.041076638597069726,-0.022071827204304006,0.07944566768123974,0.014270161008002873,ZC:487769,401.5,0.05603985056039851
170,2024-08-29,2024-08-30,2024-09-30,ZW,-0.029877231689547618,-0.019776413291858197,0.0923824258864773,0.01729663030977591,ZW:91923,552.0,0.057065217391304435
170,2024-08-29,2024-08-30,2024-09-30,KE,-0.02380408656596729,0.002786520995876507,0.2686232323297213,0.016123269218308346,KE:266019,566.75,0.030436700485222845
170,2024-08-29,2024-08-30,2024-09-30,ZS,-0.008896528775605747,-0.0009982819609044569,0.09649890070380401,0.012666674989758056,ZS:73867,999.0,0.0578078078078077
170,2024-08-29,2024-08-30,2024-09-30,ZM,0.012809719398031875,0.07147720854072581,0.6089025667295809,0.014346405882296734,ZM:377503,312.6,0.0914907229686499
170,2024-08-29,2024-08-30,2024-09-30,ZL,0.015565806842600751,-0.010222129940494207,0.0496884256148795,0.017850280521790274,ZL:752937,41.89,0.033898305084745894
170,2024-08-29,2024-08-30,2024-09-30,LE,0.035910912809364696,0.0583151701066289,-0.5967260298808386,0.007986481351267356,LE:4129493,177.525,0.041543444585269595
170,2024-08-29,2024-08-30,2024-09-30,GF,0.03486376756178859,0.02954912034272561,-0.36827366098981895,0.009048185932213317,GF:42001971,237.8,0.03574432296047103
170,2024-08-29,2024-08-30,2024-09-30,HE,0.9411444753789603,0.03279269799534201,0.336132221628727,0.016481628559188388,HE:5747,82.25,-0.0012158054711245425
171,2024-09-27,2024-09-30,2024-10-31,CL,0.019129258838796383,-0.008327025359715745,-0.23275609668055108,0.018966437164141977,CL:258644,67.91,0.03946399646591092
171,2024-09-27,2024-09-30,2024-10-31,HO,-0.03248336820954572,-0.03381640195849045,-0.1097840516715216,0.016148076092811124,HO:492572,2.1671,0.04466798947902717
171,2024-09-27,2024-09-30,2024-10-31,RB,0.09533022042500672,-0.04824576873584452,-0.21476254863054295,0.016847238529838632,RB:85469,1.9101,0.04837443065808067
171,2024-09-27,2024-09-30,2024-10-31,NG,-1.3588844552562758,0.03397917641148418,-0.002217247736549909,0.0261888470781269,NG:913,3.326,-0.18400481058328322
171,2024-09-27,2024-09-30,2024-10-31,GC,-0.011431672170852392,-0.006534769270233554,-0.4932746452363404,0.00866254399082366,GC:393,2657.2,0.03737016408249283
171,2024-09-27,2024-09-30,2024-10-31,SI,-0.008125196008644087,-0.06507883057551278,-0.010206196532496303,0.01855348658910197,SI:39545,31.505,0.041421996508490766
171,2024-09-27,2024-09-30,2024-10-31,HG,0.0063461122894712604,0.008294225888913154,-0.316748259927871,0.014507409438872848,HG:163699,4.552,-0.0411906854130053
171,2024-09-27,2024-09-30,2024-10-31,PL,0.03306764151346521,0.038878195939133775,0.030501008566582038,0.015418504960240822,PL:42007080,1014.5,-0.017644159684573668
171,2024-09-27,2024-09-30,2024-10-31,PA,0.06622807213300158,,0.7975317025048357,0.024027771487525072,PA:4127888,1001.0,0.11488511488511488
171,2024-09-27,2024-09-30,2024-10-31,ZC,-0.03246798594944686,-0.020883887746900975,0.1202765922208458,0.013665022765956918,ZC:487769,424.0,-0.030070754716981174
171,2024-09-27,2024-09-30,2024-10-31,ZW,-0.030538859424436196,-0.009338275647873151,0.07444154910950865,0.01666515084857892,ZW:91923,583.5,-0.019708654670094305
171,2024-09-27,2024-09-30,2024-10-31,KE,-0.01030538586919974,0.004797975738483062,0.2108624557124519,0.01596595237821081,KE:266019,584.0,-0.022688356164383583
171,2024-09-27,2024-09-30,2024-10-31,ZS,-0.009862987729540217,0.0034938165715912017,0.0970123988480722,0.013589840005594156,ZS:436418,1074.5,-0.07259190321079567
171,2024-09-27,2024-09-30,2024-10-31,ZM,0.024658119888174252,0.0869337742258387,0.6685280744853743,0.015666486364861853,ZM:377503,341.2,-0.12221570926143022
171,2024-09-27,2024-09-30,2024-10-31,ZL,-0.0014697773276776023,-0.012235995604285899,0.01214630742076049,0.020082834635471995,ZL:752937,43.31,0.04756407296236431
171,2024-09-27,2024-09-30,2024-10-31,LE,-0.011005816677049775,0.06084919285432144,-0.6355398280933715,0.007766336653279203,LE:4129493,184.9,0.007977285018929026
171,2024-09-27,2024-09-30,2024-10-31,GF,0.08070178792213434,0.029501683089354858,-0.4036495644766118,0.009287564627138655,GF:42012320,245.025,0.0026527905315785194
171,2024-09-27,2024-09-30,2024-10-31,HE,0.06811827106524149,0.014932789402347768,0.3642834977235639,0.015388818429221336,HE:1402,73.3,0.1435879945429741
172,2024-10-30,2024-10-31,2024-11-29,CL,0.022232297550708068,0.004638783108343092,-0.06517897474493828,0.02044730243899769,CL:38601,70.11,-0.02795606903437442
172,2024-10-30,2024-10-31,2024-11-29,HO,-0.04490030004794972,-0.02982713914641344,0.0066784468803745825,0.01801219861383059,HO:186964,2.2706,-0.029551660354091402
172,2024-10-30,2024-10-31,2024-11-29,RB,0.09865252008610736,-0.03627957711342489,-0.0966777371269837,0.018372439589167632,RB:719283,1.9812,-0.037603472642842695
172,2024-10-30,2024-10-31,2024-11-29,NG,-0.6144424185309205,0.014580295591080483,-0.007750875389019858,0.02379746167863197,NG:902,2.972,0.133243606998654
172,2024-10-30,2024-10-31,2024-11-29,GC,-0.0018629894204057335,-0.008155115404702817,-0.27998029546539704,0.006914830741785864,GC:1551,2780.8,-0.03844217491369395
172,2024-10-30,2024-10-31,2024-11-29,SI,-0.011331004995166746,-0.06457211036186727,0.016749490125564183,0.017667310111687644,SI:5712,32.95,-0.06616084977238246
172,2024-10-30,2024-10-31,2024-11-29,HG,-0.02290364705221208,0.0010926651866169923,-0.3030992434639079,0.01346839828939196,HG:5819,4.374,-0.06092821216277999
172,2024-10-30,2024-10-31,2024-11-29,PL,-0.0002907195506216334,0.0029524132363278888,0.02886178025831828,0.015161490659219604,PL:4127886,999.7,-0.04791437431229373
172,2024-10-30,2024-10-31,2024-11-29,PA,,,0.5300556184037446,0.02502702652723546,PA:4127894,1141.0,-0.13190184049079756
172,2024-10-30,2024-10-31,2024-11-29,ZC,-0.053121057012075826,-0.017729475900056357,0.06680759303560793,0.011201751789489896,ZC:626930,426.5,0.015826494724501705
172,2024-10-30,2024-10-31,2024-11-29,ZW,-0.053417698578638144,-0.016070829060460867,0.17998223510552927,0.014277909319917428,ZW:466991,591.5,-0.07100591715976334
172,2024-10-30,2024-10-31,2024-11-29,KE,-0.009056464161299432,0.009542510493788625,0.1913714402000044,0.014763340482686632,KE:52142,584.25,-0.07145913564398798
172,2024-10-30,2024-10-31,2024-11-29,ZS,0.004696288516735023,0.0006991945891028362,0.11567600511977696,0.011656906181531593,ZS:436418,996.5,-0.005770195684897117
172,2024-10-30,2024-10-31,2024-11-29,ZM,0.02094579455826768,0.04497233609794982,0.7784248772291589,0.015305459788668558,ZM:385320,301.2,-0.026560424966799445
172,2024-10-30,2024-10-31,2024-11-29,ZL,0.00612610112521925,-0.011211413088402344,-0.07471410744368139,0.019403939760573013,ZL:265851,45.25,-0.07712707182320444
172,2024-10-30,2024-10-31,2024-11-29,LE,-0.23843867909186622,0.04778649452196371,-0.5331333739431539,0.007112395088252042,LE:42023491,186.875,0.009096989966555169
172,2024-10-30,2024-10-31,2024-11-29,GF,0.11354444942729297,0.006809781423783634,-0.35998784498082553,0.008607207233908988,GF:42000274,241.75,0.0721820062047569
172,2024-10-30,2024-10-31,2024-11-29,HE,0.07574891921029231,0.05279240913745853,0.41915125742504106,0.014812606359692615,HE:1402,83.825,-0.021771547867581287
173,2024-11-27,2024-11-29,2024-12-31,CL,0.007854666716424673,0.012255532176678519,-0.09702785679523906,0.019346032276122856,CL:615689,67.88,0.05878020035356535
173,2024-11-27,2024-11-29,2024-12-31,HO,-0.014773845442522304,-0.027732034699606056,-0.00495209031607042,0.01640608752462632,HO:774592,2.2001,0.053997545566110805
173,2024-11-27,2024-11-29,2024-12-31,RB,0.9392635928923306,-0.03923918168167595,-0.1553896989992337,0.017770720363118546,RB:254801,1.9135,0.05246929709955572
173,2024-11-27,2024-11-29,2024-12-31,NG,0.8293189831433899,0.029300556334371453,-0.009190079756291124,0.03148436393054048,NG:899,3.212,0.1310709838107098
173,2024-11-27,2024-11-29,2024-12-31,GC,-0.004210262729046586,-0.008478767989076541,-0.6999015647890822,0.010176435124956485,GC:1551,2673.9,-0.012939900519839953
173,2024-11-27,2024-11-29,2024-12-31,SI,0.008325871899657916,-0.052009001946045075,-0.05853296477747094,0.018410560951798743,SI:5556,31.1,-0.05819935691318334
173,2024-11-27,2024-11-29,2024-12-31,HG,-0.03845461281082324,-0.004464607877834759,-0.31087854651934627,0.01545907114941079,HG:9033,4.1245,-0.029336889319917625
173,2024-11-27,2024-11-29,2024-12-31,PL,-0.003464362874891498,0.0008312908161761667,-0.0835096545256337,0.015401222902539776,PL:4127884,961.1,-0.052752054937051374
173,2024-11-27,2024-11-29,2024-12-31,PA,,,0.5052318821201632,0.0244816741269512,PA:4127894,990.5,-0.08177688036345276
173,2024-11-27,2024-11-29,2024-12-31,ZC,-0.049153397698570904,-0.011395056952077876,-0.0055305445864591,0.010259981444397588,ZC:626930,433.25,0.05885747259088281
173,2024-11-27,2024-11-29,2024-12-31,ZW,-0.031038894208278864,-0.017396057655710617,0.19969799784687917,0.013997325732377308,ZW:466991,549.5,0.0027297543221109777
173,2024-11-27,2024-11-29,2024-12-31,KE,0.00438732443129268,0.010099393001412271,0.1916245964096238,0.014699248236406311,KE:52142,542.5,0.03179723502304155
173,2024-11-27,2024-11-29,2024-12-31,ZS,-0.009873330936711,0.007183449089831595,0.11384514946726716,0.01031679482207565,ZS:760184,997.25,0.012785159187766348
173,2024-11-27,2024-11-29,2024-12-31,ZM,0.0006881053679835131,0.03947370934503447,0.6841855857612608,0.01303449118010431,ZM:467458,298.9,0.061559049849448044
173,2024-11-27,2024-11-29,2024-12-31,ZL,-0.011846984844700592,-0.011245908585283959,-0.022006410489416463,0.021840631070508383,ZL:734996,42.07,-0.03898264796767292
173,2024-11-27,2024-11-29,2024-12-31,LE,-0.1927205867564219,0.04932552145196256,-0.4751982268115982,0.005421551504724275,LE:42023491,188.575,0.016041362852976304
173,2024-11-27,2024-11-29,2024-12-31,GF,0.07799359055800173,0.004940931117894509,-0.3290214913085241,0.0067081815638453356,GF:42000274,259.2,0.015817901234568055
173,2024-11-27,2024-11-29,2024-12-31,HE,0.08943033217116289,-0.00506011572609566,0.37094341768552463,0.012796824352790618,HE:42007374,86.4,-0.05700231481481499
174,2024-12-30,2024-12-31,2025-01-31,CL,0.020243858734809834,0.019296670612219735,-0.0822855809369263,0.014652963260210185,CL:37014,71.4,0.033753501400560104
174,2024-12-30,2024-12-31,2025-01-31,HO,0.06207287033493601,-0.025333807350821358,7.213592194346855e-05,0.013133175732519119,HO:224707,2.2982,0.059263771647376284
174,2024-12-30,2024-12-31,2025-01-31,RB,-1.098912770270256,-0.036015998617097145,-0.12423344602053847,0.013667892787002013,RB:131443,2.033,0.027053615346778193
174,2024-12-30,2024-12-31,2025-01-31,NG,0.49534592775307246,0.09031323887643594,-0.013470118278645783,0.03464366421674599,NG:896,3.12,-0.015384615384615441
174,2024-12-30,2024-12-31,2025-01-31,GC,-0.016830890227546316,-0.009524780912933073,-0.7000187231379346,0.010710485331397367,GC:19604,2664.0,0.06287537537537546
174,2024-12-30,2024-12-31,2025-01-31,SI,-0.0016312595951175068,-0.05884692453924889,-0.08892000212107071,0.01839705870189116,SI:5556,29.29,0.10054626152270396
174,2024-12-30,2024-12-31,2025-01-31,HG,-0.032149477687926975,-0.00510040854135152,-0.32641205115617056,0.012047295380185855,HG:19222,4.0235,0.06201068721262559
174,2024-12-30,2024-12-31,2025-01-31,PL,-0.011213589338157595,-0.003834133564496689,-0.11714081578542772,0.014226567485401546,PL:4127884,910.4,0.14663884007029893
174,2024-12-30,2024-12-31,2025-01-31,PA,,,0.14059982636504098,0.02281099012187676,PA:4127894,909.5,0.17647058823529416
174,2024-12-30,2024-12-31,2025-01-31,ZC,-0.05624346108849287,-0.010282779439670153,-0.04100226068399371,0.00904674749821846,ZC:626930,458.75,0.052316076294278036
174,2024-12-30,2024-12-31,2025-01-31,ZW,-0.033652728629263134,-0.021321810325887203,0.28114191873298977,0.01199643567854749,ZW:466991,551.0,0.017695099818511695
174,2024-12-30,2024-12-31,2025-01-31,KE,0.0038669963455968126,0.003977425218347541,0.2654808425545849,0.012750706425484277,KE:52142,559.75,0.0375167485484591
174,2024-12-30,2024-12-31,2025-01-31,ZS,0.006618709194266589,0.008396668948500774,0.03927160195614635,0.009273273043489466,ZS:760184,1010.0,0.03415841584158419
174,2024-12-30,2024-12-31,2025-01-31,ZM,-0.011089186126419903,0.0493538097249826,0.7492905121231747,0.012668077982467505,ZM:467458,317.3,-0.048849669082886904
174,2024-12-30,2024-12-31,2025-01-31,ZL,-0.007616662585675137,-0.0020769350813172327,-0.07508623505547886,0.020248461681318716,ZL:734996,40.43,0.1414790996784565
174,2024-12-30,2024-12-31,2025-01-31,LE,0.07842522629288481,0.052887346299769655,-0.32935689832271225,0.005967332070815909,LE:42167175,194.4,0.0405092592592593
174,2024-12-30,2024-12-31,2025-01-31,GF,-0.021793462106097207,-0.005918118063449773,-0.32379996908583797,0.006500730825962577,GF:42171570,263.2,0.050056990881458985
174,2024-12-30,2024-12-31,2025-01-31,HE,0.19815145890274322,0.005901874675600549,0.2742654754932754,0.014188476892257731,HE:42007374,81.475,0.0346732126419147
175,2025-01-30,2025-01-31,2025-02-28,CL,-0.011109918867173676,0.01680226325947376,-0.015786644551648018,0.012386853044181025,CL:625061,73.07,-0.04269878198987265
175,2025-01-30,2025-01-31,2025-02-28,HO,0.05999313865976469,-0.025247603573563593,0.06957688758226876,0.012674000787259965,HO:278013,2.3823,-0.024849934936825635
175,2025-01-30,2025-01-31,2025-02-28,RB,-0.06106843941246139,-0.02847627691015231,-0.10534072125058914,0.011069012221219275,RB:550102,2.3134,-0.03579147574997843
175,2025-01-30,2025-01-31,2025-02-28,NG,0.39332892313012313,0.06990483418924431,-0.08256374393021874,0.03801360191436991,NG:892,3.096,0.2335271317829457
175,2025-01-30,2025-01-31,2025-02-28,GC,-0.003332080179655604,-0.009865941896257446,-0.7793641229926269,0.009494565897157702,GC:19604,2831.5,0.012643475189828779
175,2025-01-30,2025-01-31,2025-02-28,SI,0.09360937801663581,-0.06290722785212921,-0.1382731628338789,0.01561013485825471,SI:4119851,32.54,-0.025660725261216988
175,2025-01-30,2025-01-31,2025-02-28,HG,-0.07127278512818075,-0.0060526784441716774,-0.3628816820337967,0.00828827926347674,HG:5426,4.282,0.06060252218589435
175,2025-01-30,2025-01-31,2025-02-28,PL,0.015271064335761659,0.0032265933106057076,-0.10909829777275198,0.013958944310218118,PL:4127884,1043.9,-0.09282498323594224
175,2025-01-30,2025-01-31,2025-02-28,PA,,,0.12422952628480452,0.017910194314604333,PA:4127893,1080.5,-0.1517815826006479
175,2025-01-30,2025-01-31,2025-02-28,ZC,-0.49755693772133286,-0.020604055879198002,-0.022351717739785226,0.009871317717929528,ZC:680969,494.0,-0.04959514170040491
175,2025-01-30,2025-01-31,2025-02-28,ZW,0.010529849024027496,-0.02693187402635755,0.3364529856445494,0.012703093376262724,ZW:537361,574.0,-0.03222996515679444
175,2025-01-30,2025-01-31,2025-02-28,KE,0.015988871027066726,-0.0010253841176446343,0.32564948318195064,0.01312156761075893,KE:275391,590.75,-0.03004655099449849
175,2025-01-30,2025-01-31,2025-02-28,ZS,-0.11838143116382495,0.006803748180266966,0.11146078229542812,0.011638348551293079,ZS:457556,1059.75,-0.03279075253597552
175,2025-01-30,2025-01-31,2025-02-28,ZM,-0.0942156042411752,0.035398738043185385,0.7480288405909481,0.015711573665899564,ZM:619965,310.3,-0.032549145987753825
175,2025-01-30,2025-01-31,2025-02-28,ZL,-0.10009079263075774,-0.002717565349982687,0.1502032123347758,0.0209095903009282,ZL:397175,46.56,-0.05240549828178709
175,2025-01-30,2025-01-31,2025-02-28,LE,0.07620557275797155,0.06059111806294948,-0.3128156232632572,0.007423136840999957,LE:42167175,202.275,-0.04758373501421331
175,2025-01-30,2025-01-31,2025-02-28,GF,-0.04987037783074531,-0.002445165202929811,-0.259635746841893,0.0075750959344274196,GF:42171570,276.375,-0.005336951605608431
175,2025-01-30,2025-01-31,2025-02-28,HE,0.4492608285429399,-0.002341061204702344,0.14719581981143098,0.012334927154277513,HE:42000659,90.3,-0.06893687707641194
176,2025-02-27,2025-02-28,2025-03-31,CL,-0.0099983019148783,0.00540160832307468,-0.0524584229524791,0.012538014724009406,CL:423318,69.55,0.026312005751258027
176,2025-02-27,2025-02-28,2025-03-31,HO,0.14325415554253937,-0.009550065881206882,0.021691704609400602,0.01379323727770427,HO:224602,2.2684,0.0045847293246339405
176,2025-02-27,2025-02-28,2025-03-31,RB,-0.07920102438281519,-0.035199341775689286,-0.07191732169247682,0.011544974939878947,RB:739059,2.2344,0.02461510920157539
176,2025-02-27,2025-02-28,2025-03-31,NG,0.00019694548813781187,0.15497830353577968,0.13978739309596053,0.036152913103581465,NG:886,3.881,0.061066735377480086
176,2025-02-27,2025-02-28,2025-03-31,GC,0.026932220716305695,-0.011164058135305188,-0.8280673372806057,0.008146236888247808,GC:42028095,2879.0,0.09089961792288981
176,2025-02-27,2025-02-28,2025-03-31,SI,0.02056041117718512,-0.061400631481036694,-0.12456627869155584,0.013859323254660392,SI:4119851,31.705,0.09604163381170161
176,2025-02-27,2025-02-28,2025-03-31,HG,-0.10202120831323022,-0.00315839845269994,-0.26875895868026867,0.01269217889101052,HG:333196,4.5635,0.106387641064972
176,2025-02-27,2025-02-28,2025-03-31,PL,0.008655214146365102,-0.0032211412741653955,-0.19949679921255017,0.015241946694310803,PL:4127897,960.4,0.07069970845481044
176,2025-02-27,2025-02-28,2025-03-31,PA,,,0.11932991595811492,0.019247901194495348,PA:4127893,916.5,0.09274413529732684
176,2025-02-27,2025-02-28,2025-03-31,ZC,-0.4172841562600633,-0.01666875085512176,-0.08310273725909618,0.011081656878814872,ZC:680969,469.5,-0.025026624068157588
176,2025-02-27,2025-02-28,2025-03-31,ZW,0.001285517535019931,-0.03588346661245645,0.3650049163208821,0.014492377505625816,ZW:537361,555.5,-0.03240324032403241
176,2025-02-27,2025-02-28,2025-03-31,KE,0.019920283739439965,-0.017780642572939542,0.316816580569148,0.014532375751113002,KE:275391,573.0,-0.028795811518324554
176,2025-02-27,2025-02-28,2025-03-31,ZS,-0.09562399228752752,0.009669262031477,0.09645766555778974,0.01132235425216004,ZS:457556,1025.0,-0.01073170731707318
176,2025-02-27,2025-02-28,2025-03-31,ZM,-0.06381346810322526,0.03763685144514173,0.7650269575208132,0.01622432482293501,ZM:619965,300.2,-0.024650233177881287
176,2025-02-27,2025-02-28,2025-03-31,ZL,-0.05236857729662712,-0.0005176383710461252,0.13803138130589315,0.01815440819137962,ZL:397175,44.12,0.016772438803263956
176,2025-02-27,2025-02-28,2025-03-31,LE,0.10076878978349638,0.03392206832308653,-0.38750742547143807,0.0083360547687195,LE:42063895,188.775,0.07959210700569463
176,2025-02-27,2025-02-28,2025-03-31,GF,0.11197993794450324,-0.008047849741014135,-0.31114056143595414,0.009060627828337525,GF:42001482,272.875,0.05066422354557942
176,2025-02-27,2025-02-28,2025-03-31,HE,0.48761295140739136,0.00743192960482375,-0.13165462363909058,0.015769840617039326,HE:42000659,84.075,0.03925066904549501
177,2025-03-28,2025-03-31,2025-04-30,CL,0.001367531124899235,0.004602563459295439,-0.06089469026915114,0.012612713582967545,CL:134373,70.86,-0.17640417725091728
177,2025-03-28,2025-03-31,2025-04-30,HO,0.01724358970688963,-0.005216133208400087,0.05542522851586653,0.012557217917887905,HO:428810,2.2592,-0.1112783286118979
177,2025-03-28,2025-03-31,2025-04-30,RB,-0.04982883022907386,-0.03310252112037748,-0.04879057185042767,0.011434809343588448,RB:248785,2.2789,-0.11132563956294717
177,2025-03-28,2025-03-31,2025-04-30,NG,-0.42851900725265424,0.20681073519119586,0.21645779455026085,0.03611481702581421,NG:885,4.254,-0.21227080394922415
177,2025-03-28,2025-03-31,2025-04-30,GC,0.04880294930013179,-0.010009717130918139,-0.8715348972874504,0.0078770464442128,GC:287,3155.7,0.03986437240548857
177,2025-03-28,2025-03-31,2025-04-30,SI,-0.04363205780088415,-0.0639746048117471,-0.02700370750415601,0.0139584898128952,SI:42023024,34.85,-0.0629842180774749
177,2025-03-28,2025-03-31,2025-04-30,HG,-0.03262254164315337,-0.003743699873243189,0.11537894079036717,0.015436838649456726,HG:4119894,5.0725,-0.09383932971907338
177,2025-03-28,2025-03-31,2025-04-30,PL,-0.009374130746293011,-0.0046859522517204155,-0.2453704835851525,0.014134477124395325,PL:4127897,1028.3,-0.05698726052708347
177,2025-03-28,2025-03-31,2025-04-30,PA,-0.018037870827211165,,0.08483522237377572,0.017858223738808243,PA:4127893,1001.5,-0.062406390414378454
177,2025-03-28,2025-03-31,2025-04-30,ZC,0.39460896696202563,-0.01750360867423595,-0.1152458937480037,0.0123598570745635,ZC:229776,464.25,0.02369413031771672
177,2025-03-28,2025-03-31,2025-04-30,ZW,-0.006040855086337338,-0.017371312922148774,0.45028605580271674,0.015330238900115135,ZW:283999,551.5,-0.035811423390752495
177,2025-03-28,2025-03-31,2025-04-30,KE,0.009084445637746241,-0.010631887531907247,0.3697012949498636,0.01666100724832406,KE:649994,570.25,-0.06707584392810173
177,2025-03-28,2025-03-31,2025-04-30,ZS,-0.08326508163290214,0.011162714975086807,0.12047843506155773,0.010980345428860205,ZS:667216,1028.0,0.015564202334630295
177,2025-03-28,2025-03-31,2025-04-30,ZM,-0.03553607188314304,0.03922946158050611,0.8235952993805035,0.014124332288456146,ZM:60771,299.4,-0.006680026720106924
177,2025-03-28,2025-03-31,2025-04-30,ZL,-0.010303680643119987,-0.003218779474266187,0.15234986719497515,0.01672561059352852,ZL:30183,45.38,0.07910973997355653
177,2025-03-28,2025-03-31,2025-04-30,LE,0.07289892526148624,0.04411657752399911,-0.36490041117966926,0.008924569721083382,LE:42063895,203.8,0.0229391560353287
177,2025-03-28,2025-03-31,2025-04-30,GF,-0.10569484288039968,-0.007778482371148865,-0.34006336206866183,0.008972452647006416,GF:42000730,284.8,0.0272998595505618
177,2025-03-28,2025-03-31,2025-04-30,HE,-0.8661824706077718,0.05542058274724582,-0.12655083866926595,0.015807259285054824,HE:42274070,88.4,0.03789592760180982
178,2025-04-29,2025-04-30,2025-05-30,CL,0.022229767824063593,0.007363726073317034,-0.031870454201299386,0.02327019467791615,CL:402185,57.79,0.05191209551825571
178,2025-04-29,2025-04-30,2025-05-30,HO,0.03452870005897081,0.004840134155753906,0.055048771695359024,0.016893545566525364,HO:255064,1.9897,0.006232095290747308
178,2025-04-29,2025-04-30,2025-05-30,RB,-0.045752536465129334,-0.026964123825696462,-0.14625968982349571,0.01659082458461953,RB:323881,1.9998,0.006700670067006698
178,2025-04-29,2025-04-30,2025-05-30,NG,-0.3413919013009728,0.1348321234941473,0.17044354117178592,0.03764926112527395,NG:878,3.657,-0.05332239540607053
178,2025-04-29,2025-04-30,2025-05-30,GC,-0.012686812658239005,-0.011209963923882293,-0.24971454878924515,0.012319070266971505,GC:42020775,3297.2,0.0006065752759918386
178,2025-04-29,2025-04-30,2025-05-30,SI,-0.118322032810928,-0.052505204593859656,-0.24739795844602636,0.022596306314066512,SI:1057,32.825,0.007616146230007725
178,2025-04-29,2025-04-30,2025-05-30,HG,-0.03885962601515037,-0.009952730935312237,-0.08735407330339734,0.023947031635428558,HG:1425,4.6225,0.017198485667928587
178,2025-04-29,2025-04-30,2025-05-30,PL,-0.0019368522197095311,-0.029657386255945606,-0.20608751448723223,0.015703455908035426,PL:4127897,969.7,0.08641847994225005
178,2025-04-29,2025-04-30,2025-05-30,PA,,,0.04438119346733048,0.017072337367893455,PA:4127891,945.5,0.032786885245901676
178,2025-04-29,2025-04-30,2025-05-30,ZC,0.5530767301594599,-0.0062982223558397665,-0.24851823675726764,0.011743195456940093,ZC:229776,475.25,-0.06680694371383478
178,2025-04-29,2025-04-30,2025-05-30,ZW,0.010362114334715428,-0.011359978271165971,0.4904441513594964,0.01408101552696694,ZW:283999,531.75,0.0028208744710860323
178,2025-04-29,2025-04-30,2025-05-30,KE,0.01031545756360644,-0.009813235512173613,0.4422442552535794,0.015602078023567303,KE:649994,532.0,0.00046992481203012026
178,2025-04-29,2025-04-30,2025-05-30,ZS,-0.19761632628374942,0.018068864790648398,0.019556128900549388,0.010053305138833384,ZS:667216,1044.0,-0.0016762452107279557
178,2025-04-29,2025-04-30,2025-05-30,ZM,-0.03957589958037989,0.038907757103956886,0.8390359959021763,0.010132878698483325,ZM:60771,297.4,-0.0043712172158707485
178,2025-04-29,2025-04-30,2025-05-30,ZL,-0.026318870722883417,0.005400448675068281,0.18573008850918737,0.016807858612847365,ZL:30183,48.97,-0.042270778027363676
178,2025-04-29,2025-04-30,2025-05-30,LE,0.06510921290263823,0.050793723990797846,-0.32709642488779206,0.010714199611800267,LE:42259669,204.175,0.025468348230684335
178,2025-04-29,2025-04-30,2025-05-30,GF,-0.03317766446498795,0.005662070887029191,-0.31186883745957555,0.010009096299011692,GF:42000487,295.025,0.012371832895517354
178,2025-04-29,2025-04-30,2025-05-30,HE,-0.18806872931467425,0.06051204909777319,-0.1396253470808533,0.016021419172857022,HE:42177167,98.25,0.030788804071246956
179,2025-05-29,2025-05-30,2025-06-30,CL,0.028643216212685313,0.01674465312625195,-0.10772069614166198,0.025288767361458766,CL:209884,59.78,0.0859819337571095
179,2025-05-29,2025-05-30,2025-06-30,HO,-0.0023802734334981285,0.014915260621032767,0.05001946426730471,0.017723979578863996,HO:244096,1.9942,0.138952963594424
179,2025-05-29,2025-05-30,2025-06-30,RB,-0.7439944692590683,-0.01912732559085495,-0.19685324263315937,0.017534496101579755,RB:327319,1.9837,0.041689771638856676
179,2025-05-29,2025-05-30,2025-06-30,NG,0.3424594437118979,0.09451330987355167,0.20339582891925911,0.030945734577037344,NG:876,3.541,-0.022592487997740718
179,2025-05-29,2025-05-30,2025-06-30,GC,-0.01578523176877432,-0.0076417700934587884,-0.17664884382317877,0.014074039449484517,GC:42008094,3313.1,0.0034107029670098488
179,2025-05-29,2025-05-30,2025-06-30,SI,,-0.04800982220498873,-0.2547654735293625,0.02243141715829371,SI:42021564,33.24,0.0891997593261129
179,2025-05-29,2025-05-30,2025-06-30,HG,0.0208410363307737,-0.015842048502279216,-0.1516346856985099,0.024090257410895367,HG:42009502,4.7005,0.07914051696628022
179,2025-05-29,2025-05-30,2025-06-30,PL,0.009869192785712527,-0.025704566787226213,-0.03530036066283809,0.016599812061528208,PL:4127889,1059.3,0.29481733220050965
179,2025-05-29,2025-05-30,2025-06-30,PA,,,0.04350932814597007,0.018122104344719375,PA:4127891,976.5,0.1479774705581156
179,2025-05-29,2025-05-30,2025-06-30,ZC,0.006255195346675679,-0.037230649711320285,-0.3167847617772619,0.01135623792522447,ZC:272731,423.0,-0.03309692671394804
179,2025-05-29,2025-05-30,2025-06-30,ZW,-0.020112374577098996,-0.010095009477874894,0.23778232101641003,0.013177237108774813,ZW:4121248,547.75,-0.018712916476494756
179,2025-05-29,2025-05-30,2025-06-30,KE,-0.024871117308974205,-0.006745418480538334,0.3010198233941849,0.014999876601758456,KE:4121245,546.5,-0.03568161024702654
179,2025-05-29,2025-05-30,2025-06-30,ZS,0.2504814608513235,0.011439263455341409,-0.027009705394099016,0.009871512374469414,ZS:750799,1037.0,-0.006268081002893
179,2025-05-29,2025-05-30,2025-06-30,ZM,-0.05710148223019536,0.016478452182076664,0.7865529727616775,0.009015308419917167,ZM:659872,299.9,-0.07935978659553167
179,2025-05-29,2025-05-30,2025-06-30,ZL,-0.03108427236010399,-0.0008503289529298019,0.15023618398046026,0.018584702652733036,ZL:211891,47.13,0.116698493528538
179,2025-05-29,2025-05-30,2025-06-30,LE,0.07234270912977366,0.03675979290574949,-0.3656111566319375,0.01022382719994542,LE:42259669,209.375,0.02197014925373142
179,2025-05-29,2025-05-30,2025-06-30,GF,-0.043475925114844556,0.009743789502489664,-0.3066902033064176,0.009565363855290599,GF:42000487,298.675,0.03959152925420595
179,2025-05-29,2025-05-30,2025-06-30,HE,-1.0324135636317378,0.0436855107704317,-0.18886870427744487,0.01172128470984723,HE:42085203,104.85,0.048640915593705314
180,2025-06-27,2025-06-30,2025-07-31,CL,0.07766983121887225,0.023374195535180275,-1.18613831099844,0.02648756052396697,CL:48059,63.64,0.09003771213073541
180,2025-06-27,2025-06-30,2025-07-31,HO,-0.05185237007679878,0.02336705293560526,-1.5362431314870602,0.02478339597610114,HO:238755,2.246,0.06736420302760471
180,2025-06-27,2025-06-30,2025-07-31,RB,0.6551930894363602,-0.020599157025282144,-0.8802430971992565,0.018638237099539597,RB:560164,2.0363,0.06673869272700483
180,2025-06-27,2025-06-30,2025-07-31,NG,0.833998216818671,0.09473925754901769,0.19446239523907313,0.027956510470754262,NG:875,3.49,-0.11432664756446986
180,2025-06-27,2025-06-30,2025-07-31,GC,0.03458448199941811,-0.007994627593442383,-0.17001587950244373,0.012507172116726301,GC:42025107,3336.5,-0.011359208751685945
180,2025-06-27,2025-06-30,2025-07-31,SI,0.014025207483339047,-0.05157269208409465,-0.19993041540795914,0.013822990322802162,SI:42011505,36.37,0.01058564751168567
180,2025-06-27,2025-06-30,2025-07-31,HG,-0.0009528135553728626,-0.006288652247822046,-0.1811443441803256,0.015658193459639782,HG:3108,5.1085,-0.13311148086522473
180,2025-06-27,2025-06-30,2025-07-31,PL,0.1445967463397252,-0.029980191938190348,-0.15902643504702796,0.021711142082741983,PL:42003249,1365.0,-0.05201465201465205
180,2025-06-27,2025-06-30,2025-07-31,PA,-0.13087986981562835,,0.15535126849031067,0.019969626639955593,PA:4127891,1121.0,0.09366636931311323
180,2025-06-27,2025-06-30,2025-07-31,ZC,-0.005865469184331756,-0.03573056623216053,-0.4554237308864318,0.011161084256721921,ZC:272731,409.0,-0.03667481662591687
180,2025-06-27,2025-06-30,2025-07-31,ZW,-0.025275880630123787,-0.0064261634086200115,0.23479942835028805,0.015266886982118814,ZW:4121248,537.5,-0.025116279069767433
180,2025-06-27,2025-06-30,2025-07-31,KE,-0.01908635391879715,-0.008865906279566516,0.3217461165224015,0.015462133117495237,KE:4121245,527.0,-0.0014231499051233776
180,2025-06-27,2025-06-30,2025-07-31,ZS,0.04735409151974057,-0.0012045541409972937,-0.03422499747227708,0.010052219855186588,ZS:680458,1018.5,-0.047373588610702067
180,2025-06-27,2025-06-30,2025-07-31,ZM,-0.019087355529375863,-0.007058274525779784,0.844999291322536,0.008659374722969215,ZM:446324,280.1,-0.04998214923241695
180,2025-06-27,2025-06-30,2025-07-31,ZL,0.030840232573899003,0.0025283525487371783,0.4703594945794151,0.022326437727404582,ZL:589468,52.54,0.051960411115340666
180,2025-06-27,2025-06-30,2025-07-31,LE,-0.017357067872221705,0.025445017521627422,-0.4308895652986878,0.011059170550098692,LE:42249884,210.3,0.06229196386115077
180,2025-06-27,2025-06-30,2025-07-31,GF,-0.08242384943903704,-0.0011989254902109447,-0.40473268076644586,0.010479608730301734,GF:42000487,310.5,0.06723027375201296
180,2025-06-27,2025-06-30,2025-07-31,HE,0.3352637573989927,0.08469929879339211,-0.19448119440715309,0.010346347329791141,HE:42003133,107.3,-0.0030288909599254232
181,2025-07-30,2025-07-31,2025-08-29,CL,0.027564816593740687,0.02042313236038651,-1.3121422885189946,0.024333632316967013,CL:655565,68.31,-0.06294832381788895
181,2025-07-30,2025-07-31,2025-08-29,HO,-0.013904464914403378,0.03580475495341018,-1.61938594971647,0.024590406780847767,HO:186064,2.3926,-0.050906963136337025
181,2025-07-30,2025-07-31,2025-08-29,RB,0.053747737787704836,-0.029121261114808283,-1.0166421935874592,0.01771174575834126,RB:398305,2.0269,-0.028861808673343536
181,2025-07-30,2025-07-31,2025-08-29,NG,0.5029704241202466,0.10593146953740318,0.18686372584433802,0.028615905747817093,NG:869,3.187,-0.0536554753686852
181,2025-07-30,2025-07-31,2025-08-29,GC,-0.01803887965617481,-0.004902995190938508,-0.14779950464876634,0.009209307340857427,GC:42001967,3312.5,0.0528905660377359
181,2025-07-30,2025-07-31,2025-08-29,SI,0.08259064828514082,-0.04974797414167109,-0.2585281748652944,0.014009202517860274,SI:42025106,36.95,0.09282814614343704
181,2025-07-30,2025-07-31,2025-08-29,HG,0.059239917387566426,-0.012245439894666754,-2.9470426564262526,0.030283937227471986,HG:42007402,4.457,0.018173659412160648
181,2025-07-30,2025-07-31,2025-08-29,PL,-0.00726996397241326,-0.02664022572159075,-0.2527440866192345,0.025610456564754743,PL:4127889,1304.7,0.05027975779872751
181,2025-07-30,2025-07-31,2025-08-29,PA,-0.2726660619555767,,0.37217298897904283,0.02363736177578156,PA:4127890,1236.5,-0.08734330772341281
181,2025-07-30,2025-07-31,2025-08-29,ZC,-0.021721694769290173,-0.03812749989956987,-0.20986612766122645,0.012638814566550702,ZC:405207,413.75,0.015105740181268867
181,2025-07-30,2025-07-31,2025-08-29,ZW,-0.015636299103629278,-0.0013594127150803326,0.3741798451547335,0.01576568363014146,ZW:4120204,543.25,-0.017487344684767647
181,2025-07-30,2025-07-31,2025-08-29,KE,-0.016487928987623607,-0.0037932560269763327,0.37021039038944376,0.015250316283899116,KE:4120855,545.0,-0.047247706422018365
181,2025-07-30,2025-07-31,2025-08-29,ZS,-0.007319464657182501,-0.011361291174161847,0.07763291463617304,0.009178022872522822,ZS:456085,990.25,0.06336783640494814
181,2025-07-30,2025-07-31,2025-08-29,ZM,0.012266683463958733,-0.030423594783794417,0.8882262113628402,0.009075265192848639,ZM:445468,269.6,0.05118694362017795
181,2025-07-30,2025-07-31,2025-08-29,ZL,0.018920728780767955,0.00279152024658047,0.536680412642776,0.019745235895356372,ZL:374737,54.81,-0.057471264367816244
181,2025-07-30,2025-07-31,2025-08-29,LE,-0.010670681693236563,0.029316406565510933,-0.44334008830396543,0.009654053675938556,LE:42249884,223.4,0.07341092211280209
181,2025-07-30,2025-07-31,2025-08-29,GF,-0.04240443664123657,-0.007703691814070934,-0.5110237586330181,0.00981375704194029,GF:42005137,331.5,0.10248868778280551
181,2025-07-30,2025-07-31,2025-08-29,HE,0.7260659437221529,0.07858374312742877,-0.1436196120738686,0.00972404237817906,HE:42003015,89.55,0.06085985482970413
182,2025-08-28,2025-08-29,2025-09-30,CL,0.03525050942684681,0.013117914936414787,-1.351808426713024,0.022349750557420476,CL:432669,63.48,-0.015437933207309351
182,2025-08-28,2025-08-29,2025-09-30,HO,0.0614513297171231,0.03863459042819706,-1.716320974943218,0.023612364024070596,HO:259177,2.2617,0.024008489189547788
182,2025-08-28,2025-08-29,2025-09-30,RB,0.1502480747625144,-0.012540401892170538,-1.166146709418748,0.01688855032592668,RB:580587,1.9132,0.0019862011289986103
182,2025-08-28,2025-08-29,2025-09-30,NG,-0.818161698418392,0.07979849151688034,0.1286507143386532,0.02779420026297823,NG:864,3.349,-0.004777545535980865
182,2025-08-28,2025-08-29,2025-09-30,GC,0.015115203960238674,-0.00709498254039187,-0.041587990679712666,0.007887785390769415,GC:42021912,3503.1,0.1062202049613199
182,2025-08-28,2025-08-29,2025-09-30,SI,0.036058139747982595,-0.013453453338814203,-0.425429570215102,0.012492533127743373,SI:42026941,40.585,0.15128742146113106
182,2025-08-28,2025-08-29,2025-09-30,HG,-0.032807440210639444,-0.006881954909935262,-2.999254119529689,0.029935658223857676,HG:42001411,4.562,0.060828583954405824
182,2025-08-28,2025-08-29,2025-09-30,PL,-0.019904336647106734,-0.04109490949604311,-0.2604280797262428,0.022002680545124286,PL:4127895,1383.1,0.16867905429831542
182,2025-08-28,2025-08-29,2025-09-30,PA,,-0.046783760505982874,0.3345360814207302,0.023106249181202278,PA:4127890,1128.5,0.1431103234381923
182,2025-08-28,2025-08-29,2025-09-30,ZC,-0.027698090589142105,-0.033881264409057144,-0.3134718452933282,0.012809810452285169,ZC:405207,420.0,-0.00952380952380949
182,2025-08-28,2025-08-29,2025-09-30,ZW,-0.01888087262289835,0.001029733573458036,0.3957248053514872,0.01430947375276904,ZW:4120204,533.75,-0.049180327868852514
182,2025-08-28,2025-08-29,2025-09-30,KE,-0.018654310563145537,-0.010268336574737691,0.3778992234631221,0.013865371115804045,KE:4120855,519.25,-0.04333172845450173
182,2025-08-28,2025-08-29,2025-09-30,ZS,-0.016878309809791242,-0.011444052824539086,0.18588487349003868,0.009813137780304517,ZS:456085,1053.0,-0.049620132953466234
182,2025-08-28,2025-08-29,2025-09-30,ZM,-0.01837028997269881,-0.02112178195694092,0.9055723011354803,0.010100127074151904,ZM:203692,288.7,-0.05368895046761346
182,2025-08-28,2025-08-29,2025-09-30,ZL,-0.03789056292984569,-0.012900291704754041,0.5645626926209841,0.01970411304663464,ZL:536623,52.1,-0.05105566218809987
182,2025-08-28,2025-08-29,2025-09-30,LE,-0.042521103925923134,0.005701299017862871,-0.6046499755583942,0.011213049754959731,LE:42041124,241.075,-0.02602924401119977
182,2025-08-28,2025-08-29,2025-09-30,GF,-0.0609167112746269,-0.023291608186235102,-0.5482359868706094,0.01111367931383274,GF:42313105,365.2,-0.009926067907995662
182,2025-08-28,2025-08-29,2025-09-30,HE,0.6484772782718199,0.03413441426301467,-0.3594489783982072,0.01016604175719488,HE:42003015,95.0,0.049473684210526336
183,2025-09-29,2025-09-30,2025-10-31,CL,0.020430237327172612,0.018320146452406982,-1.4066253380884828,0.013642443293017288,CL:651434,62.09,-0.019487840231921405
183,2025-09-29,2025-09-30,2025-10-31,HO,-0.008236014355024662,0.04557906900158293,-1.7223575396317612,0.014279001191933153,HO:292411,2.2935,0.04621757139742755
183,2025-09-29,2025-09-30,2025-10-31,RB,0.1591626358483731,-0.009096758368265068,-1.2160063334030968,0.012274489206707848,RB:716444,1.8691,0.01583649884971372
183,2025-09-29,2025-09-30,2025-10-31,NG,-1.49974671503902,0.012865411342219413,0.24254441566023996,0.023017832603858274,NG:863,3.915,0.05134099616858223
183,2025-09-29,2025-09-30,2025-10-31,GC,-0.010526343827096024,-0.0023404884200679543,0.19463518001892371,0.008211538810154177,GC:39231,3890.6,0.03156325502493185
183,2025-09-29,2025-09-30,2025-10-31,SI,-0.011375550635916852,-0.022687303384022917,-0.37770067967885096,0.012825329286088826,SI:42218,46.92,0.028346121057118534
183,2025-09-29,2025-09-30,2025-10-31,HG,-0.01945196458756164,-0.0064986271415847785,-3.151123942417745,0.02801560795721831,HG:6572,4.8765,0.04870296319081313
183,2025-09-29,2025-09-30,2025-10-31,PL,0.0006054532726818725,-0.044016710666498815,-0.22225211439176906,0.018244819263546937,PL:4127895,1616.4,-0.027468448403860535
183,2025-09-29,2025-09-30,2025-10-31,PA,0.0046482218189058885,-0.04831047809483113,0.37553431638941714,0.018698821502416023,PA:4127890,1290.0,0.1306201550387598
183,2025-09-29,2025-09-30,2025-10-31,ZC,-0.03308694470875398,-0.03403762786728137,-0.34204969522077605,0.012121237033225743,ZC:405207,416.0,0.03605769230769229
183,2025-09-29,2025-09-30,2025-10-31,ZW,-0.007215706936334054,-0.0038358645832028415,0.4458750197583048,0.011524574494104104,ZW:4120204,507.5,0.051724137931034475
183,2025-09-29,2025-09-30,2025-10-31,KE,-0.003250170469037139,-0.007852607234269837,0.47356690414429387,0.01156323970921148,KE:4120855,496.75,0.052340211373930634
183,2025-09-29,2025-09-30,2025-10-31,ZS,-0.014431082060307701,-0.011672258353566112,0.26185067348976576,0.009270925217822247,ZS:42001323,1019.0,0.09421000981354277
183,2025-09-29,2025-09-30,2025-10-31,ZM,-0.03599756951500929,-0.024397710194045907,0.957553500021537,0.009838266224170817,ZM:203692,273.2,0.17642752562225472
183,2025-09-29,2025-09-30,2025-10-31,ZL,-0.030937247771995302,-0.01457287495262416,0.6841189887378523,0.01453914997327765,ZL:536623,49.44,-0.016585760517799364
183,2025-09-29,2025-09-30,2025-10-31,LE,-0.04684500097651625,0.0019634598321138785,-0.5471733609911247,0.010906512311872436,LE:42041124,234.8,-0.021720613287904644
183,2025-09-29,2025-09-30,2025-10-31,GF,0.024842605015019822,-0.007829319961381698,-0.489787957245533,0.01195396854257452,GF:42000522,359.7,-0.0592160133444537
183,2025-09-29,2025-09-30,2025-10-31,HE,0.059410685368324626,0.08805686039020078,-0.44296652255707725,0.009556734628496818,HE:42011439,88.75,-0.08338028169014089
184,2025-10-30,2025-10-31,2025-11-28,CL,0.027520809361873556,0.015404797963104011,-1.2711835504987186,0.015234063625019825,CL:240384,60.51,-0.03354817385556108
184,2025-10-30,2025-10-31,2025-11-28,HO,-0.07569890511595348,0.04979338189578408,-1.5479363168650235,0.015622552067897802,HO:482097,2.3701,-0.027509387789544704
184,2025-10-30,2025-10-31,2025-11-28,RB,0.11845110171834244,-0.003957973822497518,-1.1359586785915456,0.012840914803210037,RB:357715,1.8595,-0.020328045173433673
184,2025-10-30,2025-10-31,2025-11-28,NG,-0.46942490661487557,0.05962153014435678,0.29570231513072587,0.02241433298119703,NG:1018,4.372,0.1120768526989937
184,2025-10-30,2025-10-31,2025-11-28,GC,-0.05254710121130407,-0.0025648109595035606,-0.45706606421304563,0.013202784519882313,GC:42028866,4033.0,0.051326555913711935
184,2025-10-30,2025-10-31,2025-11-28,SI,0.14823617310813014,-0.024498615940280688,-0.5300935957564884,0.019837813438556912,SI:42004372,48.43,0.1694197811274003
184,2025-10-30,2025-10-31,2025-11-28,HG,0.005236418289589026,-0.000410172736206027,-2.916270542114851,0.015300096270720456,HG:42022371,5.126,0.018825595005852458
184,2025-10-30,2025-10-31,2025-11-28,PL,-0.010387186097057199,-0.009667562967558885,-0.671871091784494,0.022827130127277915,PL:4127895,1572.0,0.07105597964376598
184,2025-10-30,2025-10-31,2025-11-28,PA,,-0.033675020300065084,-0.11807599447223732,0.028093733889810475,PA:4127896,1477.5,0.014551607445008496
184,2025-10-30,2025-10-31,2025-11-28,ZC,-0.03473306215825306,-0.03062459559739872,-0.36487401508683065,0.00993366869653754,ZC:42279835,443.75,0.00901408450704233
184,2025-10-30,2025-10-31,2025-11-28,ZW,0.000386335850339356,-0.0012037795558607067,0.47838877507934013,0.010580953457533798,ZW:4121249,547.5,-0.016438356164383605
184,2025-10-30,2025-10-31,2025-11-28,KE,-0.003712474104931557,-0.0008584824961704873,0.5067206453428839,0.011195382825548966,KE:4120856,534.75,-0.012622720897615736
184,2025-10-30,2025-10-31,2025-11-28,ZS,0.006222680775647325,-0.0015269561567738954,0.1559253030059355,0.008705512070672963,ZS:42001323,1115.0,0.019955156950672626
184,2025-10-30,2025-10-31,2025-11-28,ZM,0.014764774349263009,-0.017427029390923554,0.653167910969533,0.009906443100428581,ZM:42279121,323.5,-0.015146831530139071
184,2025-10-30,2025-10-31,2025-11-28,ZL,-0.021555948332316638,-0.01723011612791958,0.7952064952037445,0.013801003826823402,ZL:42261918,49.01,0.06264027749438883
184,2025-10-30,2025-10-31,2025-11-28,LE,-0.16580356450789585,0.02039836126705552,-0.7323394618616769,0.01182470502126735,LE:42000549,227.65,-0.04315835712716898
184,2025-10-30,2025-10-31,2025-11-28,GF,0.04620517264561562,0.010836704788087737,-0.6665803287413229,0.014170851478187496,GF:42020058,331.75,-0.026224566691785967
184,2025-10-30,2025-10-31,2025-11-28,HE,0.2020050505159559,0.03608738232827413,-0.46842400777145443,0.010347382281453583,HE:42011439,81.35,-0.011063306699446773
185,2025-11-26,2025-11-28,2025-12-31,CL,0.019145563508278313,0.015590154673225887,-1.3002681786558346,0.01596262505697005,CL:383438,58.22,-0.013912744761250484
185,2025-11-26,2025-11-28,2025-12-31,HO,-0.010556609501092468,0.048731254689171166,-1.4966191613206492,0.01920718051384758,HO:745979,2.2705,-0.06540409601409392
185,2025-11-26,2025-11-28,2025-12-31,RB,1.0478338236510398,-0.0014117444653365396,-1.1216027420524373,0.013596930573970595,RB:690229,1.8186,-0.05834158143626966
185,2025-11-26,2025-11-28,2025-12-31,NG,1.2215030927087758,0.06151570961013353,0.27066898455428456,0.022764474960767493,NG:1000,4.435,-0.1632468996617813
185,2025-11-26,2025-11-28,2025-12-31,GC,-0.009743371054615119,-0.0031016037953588427,-0.4251659404375886,0.0143511867696618,GC:42001025,4256.4,0.01778498261441608
185,2025-11-26,2025-11-28,2025-12-31,SI,-0.14108402425623812,-0.03310800634359312,-0.46228256248837535,0.022242182865923586,SI:42021909,56.815,0.24438968582240617
185,2025-11-26,2025-11-28,2025-12-31,HG,-0.0212549762743939,-0.0006115770828771794,-2.8318247155552445,0.016445210988054886,HG:42000946,5.248,0.07955411585365835
185,2025-11-26,2025-11-28,2025-12-31,PL,-0.021933170555512638,-0.015884606366052267,-0.6970796665710391,0.02297749262448781,PL:4127892,1703.1,0.21543068522106745
185,2025-11-26,2025-11-28,2025-12-31,PA,,-0.02646784051155837,-0.1279314197529209,0.028434314360450658,PA:4127896,1499.0,0.10807204803202142
185,2025-11-26,2025-11-28,2025-12-31,ZC,-0.040844275032950364,-0.03279298135565134,-0.38943180656690973,0.009498847535122328,ZC:42279835,447.75,-0.015075376884422065
185,2025-11-26,2025-11-28,2025-12-31,ZW,0.0013333997908483303,0.0018552404558269675,0.41978579459663123,0.012589275330440287,ZW:4121249,538.5,-0.059424326833797614
185,2025-11-26,2025-11-28,2025-12-31,KE,-0.005634545422889686,-0.0008078131214021012,0.4162755172742625,0.012916173477632043,KE:4120856,528.0,-0.024621212121212155
185,2025-11-26,2025-11-28,2025-12-31,ZS,-0.005550938280050911,-0.011717459116215023,0.14653006503818622,0.009839916821095062,ZS:42011067,1145.25,-0.08557083606199523
185,2025-11-26,2025-11-28,2025-12-31,ZM,-0.007094761496986041,-0.017311454584511998,0.498384716031083,0.012305522792208473,ZM:42282754,324.1,-0.0755939524838013
185,2025-11-26,2025-11-28,2025-12-31,ZL,-0.03244664018125891,-0.011335053762221436,0.8968344075537122,0.011814389833050826,ZL:42024606,52.58,-0.07664511220996584
185,2025-11-26,2025-11-28,2025-12-31,LE,-0.18845040134046692,0.017505530619578602,-0.6185163719177608,0.014084307518686792,LE:42000549,217.825,0.06335360954894997
185,2025-11-26,2025-11-28,2025-12-31,GF,0.055677453726430855,0.018949954564500215,-0.5403806141337654,0.015601540470815791,GF:42020058,323.05,0.08419749264819676
185,2025-11-26,2025-11-28,2025-12-31,HE,0.18069889502179326,0.07806281325906239,-0.3780519037910169,0.012304172737839125,HE:42006175,80.925,0.05128205128205132
186,2025-12-30,2025-12-31,2026-01-30,CL,0.019609029889596643,0.012584802672446549,-1.3425142578914198,0.014305932738367007,CL:191166,57.22,0.1488989863684025
186,2025-12-30,2025-12-31,2026-01-30,HO,0.04910259399907785,0.03717435281619341,-1.4945004654195226,0.018597695793877513,HO:711006,2.1018,0.21134265867351787
186,2025-12-30,2025-12-31,2026-01-30,RB,-1.3492183816465344,-0.00615991984520281,-1.1456976389130848,0.013419711124059909,RB:720729,1.7392,0.11988270469181228
186,2025-12-30,2025-12-31,2026-01-30,NG,0.23645705153136198,0.022727734700971225,0.021229681065414344,0.030425422224779546,NG:1021,3.159,0.39791073124406484
186,2025-12-30,2025-12-31,2026-01-30,GC,0.0035832885699822736,-0.00202670978902475,-0.5680287139052118,0.01389095770327374,GC:42020164,4340.6,0.12804681380454297
186,2025-12-30,2025-12-31,2026-01-30,SI,0.04579607551528344,-0.03965134649079127,-0.8363062805867569,0.029254957951516548,SI:42044525,70.98,0.20104254719639325
186,2025-12-30,2025-12-31,2026-01-30,HG,0.012020771740176142,0.002119554062548046,-2.862962722586423,0.015170436763431572,HG:7584,5.694,0.047945205479452024
186,2025-12-30,2025-12-31,2026-01-30,PL,0.05373010372180064,-0.029682353984611165,-1.4388251725920522,0.03301256563223519,PL:4127892,2070.0,0.05227053140096616
186,2025-12-30,2025-12-31,2026-01-30,PA,0.018211138751639433,-0.0777521307672353,-1.5123186117732925,0.04001407827705843,PA:4127896,1661.0,0.02408187838651421
186,2025-12-30,2025-12-31,2026-01-30,ZC,-0.024813482198989753,-0.029038916265455184,-0.37093719874833514,0.009081346765503805,ZC:42279835,441.0,-0.028911564625850317
186,2025-12-30,2025-12-31,2026-01-30,ZW,0.005636367650439789,0.0006425527922201413,0.4264734251430059,0.011859103319366408,ZW:4121249,506.5,0.06317867719644621
186,2025-12-30,2025-12-31,2026-01-30,KE,0.010401276450800856,-0.001113544453809956,0.4347602973801162,0.012122673113676602,KE:4120856,515.0,0.0587378640776699
186,2025-12-30,2025-12-31,2026-01-30,ZS,-0.00914806548005781,-0.015583331046806648,0.2549759244783947,0.009791513954105761,ZS:42011067,1047.25,0.016232991167343114
186,2025-12-30,2025-12-31,2026-01-30,ZM,0.023876445445459762,-0.012065030111664266,0.37206739607721406,0.012451450629812906,ZM:42282754,299.6,-0.020026702269692942
186,2025-12-30,2025-12-31,2026-01-30,ZL,-0.020852235083636296,-0.016548105231148247,1.0698207317144923,0.011306081821195189,ZL:42024606,48.55,0.10278063851699293
186,2025-12-30,2025-12-31,2026-01-30,LE,0.055556205589490315,0.02795867267423846,-0.6065203468774109,0.013936938249009921,LE:42406129,232.125,0.019924609585352693
186,2025-12-30,2025-12-31,2026-01-30,GF,-0.03469325582219994,0.020139906899164117,-0.49702255513620885,0.015384674674161682,GF:42011737,345.3,0.04206487112655655
186,2025-12-30,2025-12-31,2026-01-30,HE,0.15947840310874473,0.10355973432290666,-0.4458544654886701,0.01214008249847876,HE:42006175,85.075,0.027034969144872134
187,2026-01-29,2026-01-30,2026-02-27,CL,-0.0015060097318685822,0.01466768330141055,-1.7649246361368143,0.01466759555383822,CL:768197,65.16,0.03268876611418059
187,2026-01-29,2026-01-30,2026-02-27,HO,0.0629007076192519,0.05668026880247945,-1.611422617974883,0.01848349363318045,HO:324570,2.4231,0.06850728405761242
187,2026-01-29,2026-01-30,2026-02-27,RB,-0.07750760455914016,0.00985440357507572,-1.1332975273896553,0.013817814974306295,RB:687924,2.1761,0.05744221313358766
187,2026-01-29,2026-01-30,2026-02-27,NG,0.5120686584707752,0.09356105883408561,0.2941743822289754,0.0388328809456471,NG:1008,4.08,-0.29975490196078425
187,2026-01-29,2026-01-30,2026-02-27,GC,-0.0008226727536668962,0.002400568097495448,-0.04356303018464082,0.012905049685419999,GC:42000890,4907.5,0.07924605196128365
187,2026-01-29,2026-01-30,2026-02-27,SI,-0.03128978801080883,-0.12327191263033033,-0.3373207350668682,0.03321348251333995,SI:42028799,85.46,0.10033934004212508
187,2026-01-29,2026-01-30,2026-02-27,HG,-0.03240038891238277,-0.007610409062821066,-2.8034987097973443,0.016804457694858395,HG:42001076,5.9755,0.00962262572169692
187,2026-01-29,2026-01-30,2026-02-27,PL,-0.035314040788850615,-0.033329004843547505,-1.0447247780948654,0.03660069965852801,PL:4127892,2178.2,0.09090074373335777
187,2026-01-29,2026-01-30,2026-02-27,PA,-0.10923276968344756,-0.037951350273067064,-1.272949109439942,0.04073014815526477,PA:4127885,1732.5,0.05512265512265513
187,2026-01-29,2026-01-30,2026-02-27,ZC,-0.10128596479505701,-0.021960137515799394,-0.7639526548844352,0.011242174818522467,ZC:42273528,436.25,0.027507163323782224
187,2026-01-29,2026-01-30,2026-02-27,ZW,0.021825481714958156,0.007778734412007049,0.40968739813113597,0.012545338553715334,ZW:4121250,546.75,0.08184727937814351
187,2026-01-29,2026-01-30,2026-02-27,KE,0.00731912336460952,0.005168797087918953,0.3270965849472172,0.013145802411370316,KE:4121231,555.5,0.05040504050405037
187,2026-01-29,2026-01-30,2026-02-27,ZS,-0.1062130486296878,-0.012662548436498833,0.10359906762959577,0.009605266253371658,ZS:42009683,1077.25,0.08609886284520774
187,2026-01-29,2026-01-30,2026-02-27,ZM,-0.03759313769863838,-0.003186122230450117,0.3124215746837196,0.012940933128285292,ZM:42282755,297.4,0.07599193006052474
187,2026-01-29,2026-01-30,2026-02-27,ZL,-0.07913357529739984,-0.014318163653478821,0.8979850862374703,0.012196934607367682,ZL:42281352,54.08,0.14219674556213024
187,2026-01-29,2026-01-30,2026-02-27,LE,0.049166098976251904,0.014226191846643088,-0.5924802881625294,0.012559437522640987,LE:42406129,236.75,-0.019640971488912418
187,2026-01-29,2026-01-30,2026-02-27,GF,-0.0453590997523403,0.0164101005055437,-0.5159370618920984,0.0135805623451422,GF:42011737,359.825,-0.0127839922184394
187,2026-01-29,2026-01-30,2026-02-27,HE,0.5544095368518797,0.07681810405503575,-0.4314556015299779,0.012154872256225155,HE:42019411,95.25,0.003937007874015741
188,2026-02-26,2026-02-27,2026-03-31,CL,-0.004090364650015492,0.013924584629701364,-1.8490379184423817,0.01705040980727696,CL:169926,67.14,0.5134048257372654
188,2026-02-26,2026-02-27,2026-03-31,HO,0.09727742791001563,0.06342497844919204,-1.5444346504522262,0.01760380870074739,HO:518631,2.5221,0.6136949367590498
188,2026-02-26,2026-02-27,2026-03-31,RB,-0.07844063941554918,0.012423743178360258,-1.1619053734612186,0.013993439590077289,RB:248403,2.3078,0.3848687061270475
188,2026-02-26,2026-02-27,2026-03-31,NG,0.2651551173664294,0.053975649485263344,-0.04629950594441696,0.04562383488184404,NG:996,2.88,0.0
188,2026-02-26,2026-02-27,2026-03-31,GC,0.040425665545369235,0.0001812380048611395,-1.648253702154293,0.023820230577313032,GC:42023114,5296.1,-0.11043975755744806
188,2026-02-26,2026-02-27,2026-03-31,SI,-0.11404830564201335,-0.08854790958709025,-4.0860263064012186,0.0701307680554575,SI:42007438,94.385,-0.20331620490544056
188,2026-02-26,2026-02-27,2026-03-31,HG,-0.028089737785150143,0.003602690846649992,-3.212993849767134,0.021107476084861396,HG:3402,6.061,-0.06880052796568215
188,2026-02-26,2026-02-27,2026-03-31,PL,0.0058791442848974,-0.02363953039122446,-1.9374241980551998,0.0527610534314937,PL:4127887,2406.4,-0.18051861702127658
188,2026-02-26,2026-02-27,2026-03-31,PA,0.037475600189270104,0.28444086466201246,-1.6795081990047092,0.05213240338009631,PA:4127885,1828.0,-0.18189277899343548
188,2026-02-26,2026-02-27,2026-03-31,ZC,-0.08405858923234538,-0.020125790119436604,-0.8443350736795543,0.010417760053463936,ZC:42273528,448.25,0.02286670384829903
188,2026-02-26,2026-02-27,2026-03-31,ZW,0.027292717216175794,0.015922390741644366,0.35061041141053234,0.011833706541905381,ZW:4121250,591.5,0.045224006762468294
188,2026-02-26,2026-02-27,2026-03-31,KE,0.011913736461352714,0.008586737352411222,0.2696834228507737,0.012753080404786938,KE:4121231,583.5,0.09254498714652959
188,2026-02-26,2026-02-27,2026-03-31,ZS,-0.15331441592491596,-0.010983540464754693,0.12706662689254744,0.007810147902058004,ZS:42009683,1170.0,0.0019230769230769162
188,2026-02-26,2026-02-27,2026-03-31,ZM,-0.08279094615107219,0.006180732857473781,0.19243606511701675,0.01065369158705358,ZM:42282755,320.0,-0.011250000000000093
188,2026-02-26,2026-02-27,2026-03-31,ZL,-0.09978124598341752,-7.481739798054221e-05,0.8614410640419191,0.012090108906577215,ZL:42281352,61.77,0.11656143759106352
188,2026-02-26,2026-02-27,2026-03-31,LE,0.03072134126364011,0.023727116066054377,-0.6429822743333649,0.009339353495558263,LE:42290645,229.05,0.06221349050425662
188,2026-02-26,2026-02-27,2026-03-31,GF,0.1165345579365752,0.013428615727333337,-0.5076846892592419,0.01029322148614961,GF:42001716,350.975,0.051285704109979235
188,2026-02-26,2026-02-27,2026-03-31,HE,0.4843916683939913,0.06315028369107067,-0.29414072035165545,0.0107456697789715,HE:42019411,95.625,-0.055947712418300544
189,2026-03-30,2026-03-31,2026-04-30,CL,0.09377428428994772,0.12474857643829229,-0.6171668422518967,0.044819017601802576,CL:670557,93.03,0.13554767279372237
189,2026-03-30,2026-03-31,2026-04-30,HO,0.1997394320983613,0.30099427184303273,-0.22067611254301417,0.04243544157156025,HO:371168,3.7357,0.09802714350724084
189,2026-03-30,2026-03-31,2026-04-30,RB,0.06624341832496305,0.07632190969591202,-0.8757383046102791,0.030909057348480044,RB:258289,3.0456,0.1955936432886789
189,2026-03-30,2026-03-31,2026-04-30,NG,-0.6772440602308467,0.0559343660626187,-0.11396555490170672,0.045333829916980706,NG:995,2.997,-0.0787454120787453
189,2026-03-30,2026-03-31,2026-04-30,GC,0.023331251851986208,0.012544847318109564,-1.526672428123894,0.02625725914136475,GC:19181,4723.6,-0.01793123888559589
189,2026-03-30,2026-03-31,2026-04-30,SI,0.004584885120072796,-0.0661794990815352,-3.544316865128835,0.06914280881637175,SI:42026286,75.685,-0.013146594437471126
189,2026-03-30,2026-03-31,2026-04-30,HG,0.019395753087514053,0.0011162351899993705,-3.117240056010522,0.021661417567567415,HG:42004057,5.678,0.05785487847833748
189,2026-03-30,2026-03-31,2026-04-30,PL,0.004904801859224574,-0.02710030378080508,-1.6830977639367866,0.04848958207679338,PL:42005224,1883.0,0.0561338289962825
189,2026-03-30,2026-03-31,2026-04-30,PA,,0.179216956124592,-1.486925529107026,0.04345992428858042,PA:4127885,1495.5,0.03577398863256431
189,2026-03-30,2026-03-31,2026-04-30,ZC,0.08125225317696075,-0.02767725374366181,-0.8096075089480934,0.01181934311135578,ZC:495552,469.0,0.012260127931769782
189,2026-03-30,2026-03-31,2026-04-30,ZW,-0.007232424822780512,0.013872990982925382,0.48799374588653904,0.016304602599683343,ZW:4121243,628.75,0.014314115308151187
189,2026-03-30,2026-03-31,2026-04-30,KE,-0.012269377067182827,0.012591771540649277,0.36185936456708057,0.017597579332049574,KE:4121242,651.0,0.06989247311827951
189,2026-03-30,2026-03-31,2026-04-30,ZS,-0.2346366180757085,-0.01427164654549884,-0.6556938557107035,0.010978738708699398,ZS:194904,1187.25,0.006738260686460329
189,2026-03-30,2026-03-31,2026-04-30,ZM,-0.01184380495743606,0.016760079232283842,0.1782775378132664,0.013661993267756498,ZM:748931,314.3,0.015272033089405168
189,2026-03-30,2026-03-31,2026-04-30,ZL,-0.03160785384921727,0.0010344506280905996,0.6542115591010232,0.014152350489708882,ZL:608206,68.98,0.0790084082342708
189,2026-03-30,2026-03-31,2026-04-30,LE,-0.017951267912815455,0.011225678579778187,-0.6318016551122623,0.009337745335929603,LE:42290645,243.3,0.044081381011097376
189,2026-03-30,2026-03-31,2026-04-30,GF,-0.058153305911982804,0.010217955090762398,-0.4711399387425705,0.01051438476554068,GF:42000504,366.425,0.0173978303882103
189,2026-03-30,2026-03-31,2026-04-30,HE,-0.7128866023609315,-0.0053414627122809755,-0.08558360312978186,0.010035998867303041,HE:42000554,96.375,-0.0311284046692607
190,2026-04-29,2026-04-30,2026-05-29,CL,0.11186975969031165,0.18182807830945968,-0.23679444879637834,0.05285550732046548,CL:777566,99.91,-0.12160944850365318
190,2026-04-29,2026-04-30,2026-05-29,HO,0.10950065283110305,0.2408882896921507,0.09152047038697915,0.052241603075966,HO:361233,3.9085,-0.10121529998720735
190,2026-04-29,2026-04-30,2026-05-29,RB,-0.04330707469732842,0.08897226521518364,-0.6686401457776686,0.037309918870243305,RB:781272,3.4729,-0.1226640559762735
190,2026-04-29,2026-04-30,2026-05-29,NG,-0.34650508545933306,0.07239716431715126,-0.10647192362173157,0.028371437540334568,NG:994,3.038,0.07735352205398294
190,2026-04-29,2026-04-30,2026-05-29,GC,-0.10105139357582268,0.017237217702607,-1.297093529005365,0.01811452000334911,GC:42025500,4659.6,-0.02313503305004727
190,2026-04-29,2026-04-30,2026-05-29,SI,0.005593486218086037,-0.09123142886960789,-3.301525145213645,0.03486743164617518,SI:11762,74.825,0.010157033077179856
190,2026-04-29,2026-04-30,2026-05-29,HG,0.06587392866661676,-0.0003730504012215974,-3.0040434725684806,0.01648288649450773,HG:6592,6.023,0.06159721069234614
190,2026-04-29,2026-04-30,2026-05-29,PL,-0.018682745004297917,0.04546733509168055,-1.6601868627547287,0.03119022824509945,PL:4127887,2003.0,-0.03999001497753363
190,2026-04-29,2026-04-30,2026-05-29,PA,,0.20973108299388143,-1.5032305139736293,0.027689292517808307,PA:42000342,1562.0,-0.1238796414852753
190,2026-04-29,2026-04-30,2026-05-29,ZC,0.0594357374305349,-0.053254568462093754,-0.789399864093394,0.00953868115450551,ZC:495552,474.75,-0.05845181674565558
190,2026-04-29,2026-04-30,2026-05-29,ZW,-0.011557857509667133,0.013885463522158581,0.4390037430412882,0.018116876663519618,ZW:4121243,637.75,-0.04312034496275974
190,2026-04-29,2026-04-30,2026-05-29,KE,-0.007198492649892779,0.026074131459483008,0.42186840467483233,0.019631475476230186,KE:4121242,696.5,-0.0653266331658291
190,2026-04-29,2026-04-30,2026-05-29,ZS,-0.17820903191095694,-0.014136692436706788,-0.6139499181002027,0.010688976975494405,ZS:194904,1195.25,-0.007320644216691097
190,2026-04-29,2026-04-30,2026-05-29,ZM,0.05279990163469109,0.029245364523678208,0.2505782933130843,0.014023668010047154,ZM:748931,319.1,0.03290504544030082
190,2026-04-29,2026-04-30,2026-05-29,ZL,0.016276251059865576,0.015463281941991314,0.5978040100154717,0.015650799586361924,ZL:608206,74.43,0.043396479914012964
190,2026-04-29,2026-04-30,2026-05-29,LE,0.11437693476700872,0.021142697257259035,-0.6270912477312801,0.009520819416043031,LE:42101047,248.7,-0.038198632891033424
190,2026-04-29,2026-04-30,2026-05-29,GF,-0.021004567226801663,-0.009831112101446715,-0.44575301546049667,0.010045231506571259,GF:42006627,373.6,-0.06604657387580304
190,2026-04-29,2026-04-30,2026-05-29,HE,-0.2678009629645865,-0.013213442976179213,0.09586846050424834,0.00966301525319378,HE:42005488,102.2,-0.06115459882583174
191,2026-05-28,2026-05-29,2026-06-30,CL,-0.0029407819505878896,0.05759997851268506,-0.22733446771116878,0.040729661506437906,CL:362315,85.72,-0.18198786747550155
191,2026-05-28,2026-05-29,2026-06-30,HO,0.030702746711842394,0.15423857539824404,0.07221421147331249,0.04290799854558944,HO:134066,3.4537,-0.0639893447606914
191,2026-05-28,2026-05-29,2026-06-30,RB,-0.6144140974412595,0.05016797783090898,-0.6681848794254027,0.0321841052623225,RB:319418,2.9754,-0.021913020098138003
191,2026-05-28,2026-05-29,2026-06-30,NG,0.31157377049981066,0.10245026473598473,-0.10691782175418002,0.022351623111431077,NG:992,3.299,-0.013640497120339434
191,2026-05-28,2026-05-29,2026-06-30,GC,-0.007041959400130304,0.011563694156667914,-1.233570207386784,0.01668816661433306,GC:42011464,4569.9,-0.12057156611742037
191,2026-05-28,2026-05-29,2026-06-30,SI,-0.4373157438409247,-0.0773682083621936,-3.026691740690074,0.033824754341133585,SI:42024721,76.33,-0.23031573431154195
191,2026-05-28,2026-05-29,2026-06-30,HG,0.00614988298547163,-0.012428464828374786,-3.428359648583216,0.017208989947327606,HG:42003859,6.419,-0.03115750116840621
191,2026-05-28,2026-05-29,2026-06-30,PL,-0.04134288601461819,0.04818061029032217,-1.6208492145901896,0.027171783197884967,PL:42001047,1948.5,-0.20066717988196048
191,2026-05-28,2026-05-29,2026-06-30,PA,-0.005823289402477658,0.19938824565997626,-1.5498292369451767,0.02436840658632563,PA:42000342,1368.5,-0.11582024113993428
191,2026-05-28,2026-05-29,2026-06-30,ZC,-0.034478003775027646,-0.023794752706225997,-0.46162608411398365,0.013086253267249515,ZC:42280585,456.0,-0.08607456140350878
191,2026-05-28,2026-05-29,2026-06-30,ZW,-0.014137663503778847,0.014146423036861533,0.6765020136886603,0.021442457350424753,ZW:42002441,623.5,-0.057738572574178026
191,2026-05-28,2026-05-29,2026-06-30,KE,-0.01824979569338611,0.019894981521504373,0.6122396311474382,0.021193396719805205,KE:42001228,662.25,-0.059645149112872775
191,2026-05-28,2026-05-29,2026-06-30,ZS,0.14277791723916933,-0.02074550560975119,-0.510065999039286,0.011863737486645848,ZS:42011290,1190.25,-0.05587061541692917
191,2026-05-28,2026-05-29,2026-06-30,ZM,0.049287372930610196,0.038743727174606835,0.2630593127810354,0.013943976744082346,ZM:42279856,324.0,-0.06265432098765433
191,2026-05-28,2026-05-29,2026-06-30,ZL,0.004141524687434561,0.020746261809588162,0.8236858318795871,0.015906429129558343,ZL:42281353,76.05,-0.12176199868507553
191,2026-05-28,2026-05-29,2026-06-30,LE,0.20326976347329595,0.037150887871462146,-0.543518162487849,0.00961464043151617,LE:42101047,239.2,0.012750836120401399
191,2026-05-28,2026-05-29,2026-06-30,GF,-0.018684660125190808,-0.003558790337915063,-0.42835289148958794,0.01108681327406298,GF:42006627,348.925,0.0442072078526905
191,2026-05-28,2026-05-29,2026-06-30,HE,-0.7490209579068575,-0.00846304824662647,0.11789191516388198,0.01016725234680805,HE:42004812,99.775,-0.05412177399148088
192,2026-06-29,2026-06-30,2026-07-31,CL,-0.0005947131763572311,0.0041888157088803,-0.22272670679090859,0.031352879288568745,CL:554695,69.87,0.24230714183483593
192,2026-06-29,2026-06-30,2026-07-31,HO,-0.01941133965173633,0.10328695414596445,0.05927018588410177,0.02940869562390706,HO:486417,3.1663,0.32444809398983043
192,2026-06-29,2026-06-30,2026-07-31,RB,0.6268263755804593,0.08420825064839565,-0.6039923074320117,0.02184810940868939,RB:794064,2.7459,0.1549218835354529
192,2026-06-29,2026-06-30,2026-07-31,NG,0.5924827073069463,0.11373963896527794,-0.0910629672278967,0.022924022618899184,NG:978,3.177,-0.12118350645262832
192,2026-06-29,2026-06-30,2026-07-31,GC,0.150148016435772,0.00724923551332024,-1.0427667591862924,0.014393574887798084,GC:42027353,4037.0,0.004508298241268305
192,2026-06-29,2026-06-30,2026-07-31,SI,0.16301239156555286,-0.06948003535756553,-2.701202105881977,0.03389469422490681,SI:42014414,58.865,-0.0185169455533849
192,2026-06-29,2026-06-30,2026-07-31,HG,-0.018517239740938718,-0.013194135043497868,-0.44557074877470887,0.01636063424498648,HG:10246,6.249,0.04136661865898561
192,2026-06-29,2026-06-30,2026-07-31,PL,-0.07000639503990118,0.02196909329213903,-1.4887091737952345,0.02496705155332961,PL:42000718,1562.4,0.05670762928827444
192,2026-06-29,2026-06-30,2026-07-31,PA,0.008216576564320916,0.16421650285326628,-1.4744743388740313,0.023134651247053144,PA:42000342,1210.0,0.056198347107438096
192,2026-06-29,2026-06-30,2026-07-31,ZC,-0.04989625148282564,-0.026908968749949524,-0.3955251222420723,0.013173363556265182,ZC:42280585,416.75,0.056988602279544054
192,2026-06-29,2026-06-30,2026-07-31,ZW,-0.013709988695335129,0.011069900933404875,0.7162488264964482,0.018967501637188557,ZW:42002441,587.5,0.0859574468085107
192,2026-06-29,2026-06-30,2026-07-31,KE,-0.013793707914880105,0.02229894337597349,0.6620834967045772,0.018272073536219832,KE:42001228,622.75,0.13488558811722196
192,2026-06-29,2026-06-30,2026-07-31,ZS,-0.0023750178707826475,-0.02766272190034691,-0.5133566508705598,0.009700637561724089,ZS:42011482,1128.0,0.03834219858156018
192,2026-06-29,2026-06-30,2026-07-31,ZM,0.14058247633370985,0.034161171246993804,0.26976625261694703,0.011306429697345253,ZM:42282750,301.6,0.042771883289124624
192,2026-06-29,2026-06-30,2026-07-31,ZL,0.10221651221054429,-0.00041074832839016473,0.0002611122724474036,0.01515564206374032,ZL:42177171,66.3,0.01764705882352935
192,2026-06-29,2026-06-30,2026-07-31,LE,0.030265548426496546,0.016339196239449016,-0.5063802524664376,0.009360636108549371,LE:42325272,236.6,-0.04057480980557904
192,2026-06-29,2026-06-30,2026-07-31,GF,-0.034072656491118423,-0.0023899782556318083,-0.351600145237272,0.010826875635199913,GF:42006627,364.35,-0.045972279401674254
192,2026-06-29,2026-06-30,2026-07-31,HE,0.4680015700005663,-0.06137202157730903,0.09766740342137187,0.010829305551222612,HE:42034951,98.15,0.006367804381049336
193,2026-07-30,2026-07-31,2026-08-31,CL,0.08317567392609504,0.05111403864120545,-0.23365302993856696,0.0287330147589551,CL:716552,83.36,0.03658829174664113
193,2026-07-30,2026-07-31,2026-08-31,HO,-0.09531760149615565,0.17805085104832097,0.038479995489479994,0.026703623158761746,HO:553617,4.0418,0.1004255529714484
193,2026-07-30,2026-07-31,2026-08-31,RB,0.07253296613204574,0.09639619394200127,-0.6269018148670696,0.019532973139233547,RB:67640,2.8888,0.07823317640542782
193,2026-07-30,2026-07-31,2026-08-31,NG,1.4799066838455253,0.11371388970886254,-0.06537393226672557,0.0222559009288067,NG:973,2.831,0.03602967149417169
193,2026-07-30,2026-07-31,2026-08-31,GC,0.08367489184013473,0.006994023482410183,-0.95900169217344,0.014283872107056556,GC:42063221,4067.3,0.09790278563174581
193,2026-07-30,2026-07-31,2026-08-31,SI,0.08316295345075275,-0.06947500464688816,-2.5976128035291404,0.028769170384716308,SI:42023031,58.235,0.14432901176268564
193,2026-07-30,2026-07-31,2026-08-31,HG,0.10408150443839412,-0.008318881591956817,-0.4730583460883981,0.014460102756914528,HG:42012324,6.546,0.012221203788573165
193,2026-07-30,2026-07-31,2026-08-31,PL,-0.017263445363470888,0.01782090989054752,-1.4625036018441255,0.021625829165414643,PL:42001047,1655.5,0.08807006946541818
193,2026-07-30,2026-07-31,2026-08-31,PA,,0.16009087891916596,-1.4403218919649425,0.02327854431050621,PA:42006391,1299.0,0.06581986143187057
193,2026-07-30,2026-07-31,2026-08-31,ZC,-0.032147606136746554,-0.023578607855064604,-0.2662498179140299,0.01585534507213284,ZC:415887,463.75,0.15902964959568733
193,2026-07-30,2026-07-31,2026-08-31,ZW,-0.03439945057382785,0.012883444725880322,0.6922937104899447,0.020294859487160144,ZW:42009020,656.25,0.18133333333333335
193,2026-07-30,2026-07-31,2026-08-31,KE,-0.02597108368914048,0.0188247425781638,0.7532408240411798,0.018852872758848404,KE:42006089,723.5,0.15894955079474782
193,2026-07-30,2026-07-31,2026-08-31,ZS,-0.04568285355840855,-0.01692720534526182,-0.46029034229782123,0.012273910675347454,ZS:387199,1188.25,0.08373658741847256
193,2026-07-30,2026-07-31,2026-08-31,ZM,0.006841728909983968,0.030988032229124496,0.1413000811883856,0.010940657139189505,ZM:289462,316.2,0.07179000632511068
193,2026-07-30,2026-07-31,2026-08-31,ZL,0.010077267527032866,-0.01812429607090693,0.006814250913278323,0.015230730285235696,ZL:526061,67.21,0.053414670435947054
193,2026-07-30,2026-07-31,2026-08-31,LE,0.011578884875780798,0.016967196430650366,-0.43193456357547627,0.010004973481032584,LE:42325272,227.0,-0.06321585903083693
193,2026-07-30,2026-07-31,2026-08-31,GF,0.0770965979841397,0.005859735517623088,-0.26894974445179703,0.011731302500322905,GF:42006846,343.275,-0.06459835408928694
193,2026-07-30,2026-07-31,2026-08-31,HE,0.937904734748355,-0.10507508983123537,0.1544700782900598,0.012056816438483123,HE:42014546,84.7,-0.012101534828807603
194,2026-08-28,2026-08-31,2026-09-30,CL,0.0033044076182763837,0.04159411624165288,-0.273192130813452,0.02718674765610738,CL:301334,84.47,0.06558541494021553
194,2026-08-28,2026-08-31,2026-09-30,HO,0.1684311734694542,0.18059894023366052,0.04060230731212654,0.02477204758172316,HO:786998,4.2888,0.08825312441708633
194,2026-08-28,2026-08-31,2026-09-30,RB,0.32890257110723303,0.10944809260608057,-0.605380033019437,0.02003040410563964,RB:632196,2.9257,0.11733944013398512
194,2026-08-28,2026-08-31,2026-09-30,NG,-0.3858264009378598,0.13992260568613213,-0.1029770391122753,0.017239897278052398,NG:967,3.058,-0.01831262262916944
194,2026-08-28,2026-08-31,2026-09-30,GC,0.0385391551465301,0.01452530140347763,-0.7951184060620043,0.01483750335841435,GC:42024734,4479.5,-0.06909253264873316
194,2026-08-28,2026-08-31,2026-09-30,SI,0.025496714583183713,-0.06210482859786759,-2.6283129370965157,0.02487475816029758,SI:42028800,67.07,-0.10034292530192324
194,2026-08-28,2026-08-31,2026-09-30,HG,0.04281588170033328,-0.009290806465709567,-0.35947965427767264,0.01188982730610476,HG:42091746,6.6545,-0.007513712525358707
194,2026-08-28,2026-08-31,2026-09-30,PL,,0.01693465994178034,-1.4138354937096596,0.021441593974821132,PL:42001251,1821.3,-0.05512545983638051
194,2026-08-28,2026-08-31,2026-09-30,PA,,0.19707339638829002,-1.4873293591538865,0.023455113575724603,PA:42006391,1384.5,-0.12495485734922351
194,2026-08-28,2026-08-31,2026-09-30,ZC,-0.04339972358456505,-0.01768453981503071,-0.06070234366016174,0.015476953508430598,ZC:415887,537.5,-0.06744186046511624
194,2026-08-28,2026-08-31,2026-09-30,ZW,-0.034452942310112006,0.021447807601754354,0.6528950198829557,0.019637660557124,ZW:42009020,775.25,-0.1289906481780071
194,2026-08-28,2026-08-31,2026-09-30,KE,-0.040422978955344926,0.030965818983782478,0.6834705628910089,0.018959147091915953,KE:42006089,838.5,-0.12701252236135963
194,2026-08-28,2026-08-31,2026-09-30,ZS,-0.05039604196149615,-0.018561874894884145,-0.5204255256119686,0.011645324859578051,ZS:387199,1287.75,0.004853426519122461
194,2026-08-28,2026-08-31,2026-09-30,ZM,-0.04862550165092764,0.017746989748039566,0.17774511647695876,0.010906863378675902,ZM:556564,345.4,0.031847133757961776
194,2026-08-28,2026-08-31,2026-09-30,ZL,0.0005298964091528524,-0.02156399357314065,-0.07421056261111181,0.016709510724414147,ZL:481619,71.08,-0.03897017445132245
194,2026-08-28,2026-08-31,2026-09-30,LE,-0.003019662857953964,0.004753324179072815,-0.3211701577317793,0.009887887437393595,LE:42005708,214.575,0.03868111382966344
194,2026-08-28,2026-08-31,2026-09-30,GF,0.09558484895387637,-0.0017205297528422037,-0.16500565216791863,0.010951318247952507,GF:42011541,316.625,0.06269245953414937
194,2026-08-28,2026-08-31,2026-09-30,HE,0.968396730721765,-0.09031529261498461,0.1651349080319778,0.011481943641215459,HE:42014546,83.675,-0.060352554526441504
