date,weekday,r_asia,c_asia,why_asia,r_europe,c_europe,why_europe,px_europe,r_ny,c_ny,why_ny,px_ny,px_asia,X,net,net_2x,asia_long_net,sh_closed,valid
2010-06-07,0,,,missing bar,-32.86503656534477,1.2304158805676322,,1219.1,216.53267649229147,1.2343647136273865,,1215.2,,,,,,False,False
2010-06-08,1,3.2185388111761406,1.2071463061323036,,39.34010131703364,1.2066607674362484,,1243.1,-79.64323502727179,1.201923076923077,,1248.0,1242.6,82.86177383844793,80.45270445539255,78.04363507233717,2.011392505043837,False,True
2010-06-09,2,2.4247322810272394,1.212513135558969,,-19.414340348109256,1.212219169225796,,1237.4,0.0,1.2144765606023806,,1235.1,1237.1,2.4247322810272394,-0.0022574151341101523,-2.42924711129546,1.2122191454682705,False,True
2010-06-10,3,-26.769433953818854,1.2151652624756968,,-39.88122324981626,1.2184225489399727,,1231.1,-64.64569790243532,1.2234910277324635,,1226.0,1234.4,37.87626394861646,35.437607658408304,32.99895136820014,-27.98459921629455,False,True
2010-06-11,4,34.40088575618325,1.230718739744011,,-7.361662432175891,1.2264922322158627,,1223.0,51.422388135080574,1.2274959083469723,,1222.0,1218.8,-17.021502378897324,-19.479717026988308,-21.93793167507929,33.17016701643924,False,True
2010-06-14,0,43.021292865001804,1.2202066216546004,,-47.9033108626984,1.214968410821319,,1234.6,-50.5834479878277,1.2207031250000002,,1228.8,1229.3,93.60474085282951,91.16383110617491,88.72292135952031,41.80108624334721,True,True
2010-06-15,1,10.623953926973034,1.2264922322158627,,13.061226346619039,1.2252899852965202,,1224.2,80.43919058513546,1.2236906510034264,,1225.8,1223.0,-69.81523665816243,-72.26541954138172,-74.71560242460102,9.39746169475717,True,True
2010-06-16,2,0.808963313956916,1.2134940538791361,,-8.90291831699768,1.2134940538791361,,1236.1,-38.129279959543986,1.2145748987854252,,1235.0,1236.1,38.9382432735009,36.51017432083634,34.08210536817178,-0.4045307399222201,True,True
2010-06-17,3,32.42544994081329,1.217927898668399,,14.556043327005852,1.2138868657441129,,1235.7,72.46992019595395,1.212219169225796,,1237.4,1231.6,-40.04447025514066,-42.474617323034856,-44.904764390929046,31.207522042144888,False,True
2010-06-18,4,-13.635454288304643,1.2023084321898048,,95.8473791298731,1.2038523274478332,,1246.0,-0.7949441555906743,1.192368839427663,,1258.0,1247.6,-12.84051013271397,-15.235187404331437,-17.629864675948905,-14.837762720494448,False,True
2010-06-21,0,11.094382626194031,1.1893434823977167,,11.082965035656517,1.1881188118811883,,1262.5,-232.98760142695835,1.187084520417854,,1263.6,1261.2,244.08198405315238,241.70555605033684,239.32912804752124,9.905039143796314,False,True
2010-06-22,1,35.613149740343346,1.2162490878131844,,-27.508107960937043,1.2119253453987235,,1237.7,53.32053350241151,1.2150668286755772,,1234.5,1233.3,-17.70738376206816,-20.138699678556925,-22.570015595045685,34.396900652530164,False,True
2010-06-23,2,3.223726655901311,1.209092374657424,,35.3897256675965,1.2086052695189755,,1241.1,-57.97584481182299,1.2043356081894823,,1245.5,1240.6,61.1995714677243,58.78614348487739,56.37271550203049,2.014634281243887,False,True
2010-06-24,3,-23.459946851582767,1.2120232708468006,,-19.456836296205857,1.214870008909047,,1234.7,96.91563500448981,1.2173348482389224,,1232.2,1237.6,-120.37558185607259,-122.8049399751583,-125.23429809424402,-24.671970122429567,False,True
2010-06-25,4,-1.6072002606117366,1.2053033346725595,,67.27560213056537,1.205400192864031,,1244.4,28.69671160225859,1.19741358665283,,1252.7,1244.5,-30.303911862870326,-32.706628784195715,-35.10934570552111,-2.812503595284296,False,True
2010-06-28,0,-7.9662236348593805,1.1944577161968468,,11.15093703757417,1.1954096270321966,,1254.8,-133.0254410668728,1.194077376213979,,1256.2,1255.8,125.05921743201341,122.67068233960258,120.28214724719176,-9.160681351056228,False,True
2010-06-29,1,-12.921985322539937,1.2106537530266346,,-25.08396347005587,1.212219169225796,,1237.4,54.93631525273977,1.2151652624756968,,1234.4,1239.0,-67.8583005752797,-70.28411959078203,-72.70993860628437,-14.132639075566573,False,True
2010-06-30,2,17.70339240834539,1.2081185567010313,,-12.871049962878047,1.2058847174210148,,1243.9,4.023335399272571,1.2072434607645877,,1242.5,1241.6,13.680057009072819,11.2646949916072,8.84933297414158,16.49527385164436,False,True
2010-07-01,3,-20.132883788554196,1.2067578439259856,,16.91298272931931,1.209092374657424,,1240.6,-358.0148891598536,1.2071463061323036,,1242.6,1243.0,337.88200537129944,335.46810122124117,333.05419707118284,-21.33964163248018,False,True
2010-07-02,4,82.2297918043195,1.2510425354462054,,-15.727829077113286,1.240694789081886,,1209.0,37.20396172547039,1.242441812308457,,1207.3,1199.0,45.02583007884911,42.53234573109445,40.038861383339786,80.9787492688733,False,True
2010-07-05,0,8.246062972412789,1.237419567728098,,-26.411372236393365,1.2363996043521268,,1213.2,,,missing bar,,1212.2,,,,7.00864340468469,False,False
2010-07-06,1,-4.134794352893248,1.2401818933443574,,-14.89819841859308,1.2405921759986769,,1209.1,-122.47601544783421,1.2421331566743958,,1207.6,1209.5,118.34122109494096,115.85890604492221,113.37659099490345,-5.374976246237606,False,True
2010-07-07,2,-39.44116219347801,1.256281407035176,,-22.730152481244065,1.2613521695257317,,1189.2,140.59985568298512,1.2642225031605565,,1186.5,1194.0,-180.04101787646312,-182.56152178665886,-185.08202569685457,-40.69744360051318,False,True
2010-07-08,3,29.054102536646447,1.2469864494139165,,-56.52080544203988,1.243265644426026,,1206.5,-11.677372250294274,1.2504168056018676,,1199.6,1202.9,40.73147478694072,38.23407153192494,35.73666827690916,27.80711608723253,False,True
2010-07-09,4,-6.677239209778792,1.251564455569462,,15.015017835969113,1.252191334835963,,1197.9,102.0036210837746,1.2503125781445363,,1199.7,1198.5,-108.6808602935534,-111.18273732726739,-113.68461436098139,-7.928803665348254,False,True
2010-07-12,0,-26.431005723366116,1.237317495669389,,-41.43881282027692,1.2405921759986769,,1209.1,-59.9751901884844,1.24574370899427,,1204.1,1212.3,33.54418446511828,31.06112326045462,28.57806205579096,-27.668323219035507,False,True
2010-07-13,1,5.842828094938704,1.252400434165484,,73.16294690683978,1.2516688918558079,,1198.4,40.504291788429796,1.242441812308457,,1207.3,1197.7,-34.66146369349109,-37.15630593996504,-39.651148186438974,4.59042766077322,False,True
2010-07-14,2,18.95891430513465,1.2376237623762378,,-43.7420744498052,1.2352795849460596,,1214.3,-4.9644217468384335,1.2407974191413682,,1208.9,1212.0,23.92333605197308,21.444914870455474,18.966493688937867,17.72129054275841,False,True
2010-07-15,3,15.714820652686035,1.241619071268935,,29.70789443535719,1.2396694214876036,,1210.0,-44.59132079053322,1.2358902529455384,,1213.7,1208.1,60.30614144321925,57.82863211900478,55.35112279479031,14.473201581417099,False,True
2010-07-16,4,-19.870846081314177,1.240694789081886,,-14.096772515598364,1.2429565793834938,,1206.8,-104.25883671522858,1.2446067042814473,,1205.2,1209.0,84.3879906339144,81.90268914055106,79.41738764718774,-21.111540870396063,False,True
2010-07-19,0,-27.68342022165232,1.2565971349585325,,-23.551192650378084,1.2601865076031253,,1190.3,-39.65413337913423,1.2630515325025264,,1187.6,1193.7,11.97071315748191,9.451064490020851,6.931415822559792,-28.940017356610852,False,True
2010-07-20,1,3.3800912946447963,1.2677484787018258,,-47.42957989299786,1.267427122940431,,1183.5,118.14483413763055,1.273344651952462,,1178.0,1183.2,-114.76474284298575,-117.30583597364004,-119.84692910429433,2.1123428159429705,False,True
2010-07-21,2,-21.83957188935841,1.2586004363148182,,46.97207093117614,1.261140070623844,,1189.4,-86.56607404897542,1.2552301255230127,,1195.0,1191.8,64.72650215961701,62.212671597779185,59.69884103594135,-23.09817232567323,False,True
2010-07-22,3,-7.60359940320908,1.2667848999239932,,31.219702191549004,1.2676413420096344,,1183.3,64.66535235745914,1.2637964445193361,,1186.9,1184.1,-72.26895176066822,-74.79953310511155,-77.33011444955487,-8.870384303133074,False,True
2010-07-23,4,5.855535739687537,1.2551250941343823,,43.39125633179517,1.254390366281987,,1195.8,-102.10148116488912,1.2489592006661117,,1201.0,1195.1,107.95701690457666,105.45293260977617,102.94884831497568,4.600410645553154,False,True
2010-07-26,0,43.67552718003206,1.262626262626263,,-53.78164223926828,1.2571237009721756,,1193.2,-35.45504305005441,1.2640094379371367,,1186.7,1188.0,79.13057023008648,76.60393452952307,74.07729882895967,42.4129009174058,False,True
2010-07-27,1,15.20784341768922,1.2682844339223813,,0.0,1.2664640324214793,,1184.4,-205.5597135159112,1.266357112705783,,1184.5,1182.7,220.76755693360042,218.23291538697225,215.6982738403441,13.939558983766839,False,True
2010-07-28,2,15.49053666037138,1.2918783911807772,,-6.021764558928932,1.2899896800825594,,1162.8,14.617999937416316,1.290766715428965,,1162.1,1161.1,0.8725367229550631,-1.710108383654679,-4.292753490264421,14.198658269190602,False,True
2010-07-29,3,39.447782910165465,1.288881251074068,,-56.64764955153912,1.2838069154399179,,1168.4,54.926331017294984,1.2908777969018934,,1162.0,1163.8,-15.47854810712952,-18.058307155105478,-20.638066203081443,38.1589016590914,False,True
2010-07-30,4,7.701194065640302,1.2840267077555214,,12.822158443473592,1.2830382345393896,,1169.1,92.6522842047763,1.2809564474807857,,1171.0,1168.2,-84.95109013913599,-87.51607329437229,-90.0810564496086,6.4171673578847805,False,True
2010-08-02,0,1.6893318732631277,1.267105930055753,,-55.9039233343958,1.266998901934285,,1183.9,66.040372099138,1.2742099898063202,,1177.2,1183.8,-64.35104022587487,-66.89235614573694,-69.43367206559901,0.4222259432073747,False,True
2010-08-03,1,1.6879061564251634,1.2660364618501017,,29.489847381573004,1.2657159733355836,,1185.1,-3.3655869059803893,1.2618827290317156,,1188.7,1184.8,5.053493062405552,2.5255738715237346,-0.002345319358082243,0.42186969457506174,False,True
2010-08-04,2,64.60024982562383,1.2625199898998405,,30.062653121410147,1.2544952747344653,,1195.7,-18.362412304148666,1.2508338892595063,,1199.2,1188.1,82.9626621297725,80.44930825061314,77.9359543714538,63.33772983572399,False,True
2010-08-05,3,-1.670983377603622,1.2531328320802007,,14.196837325396498,1.2535517299013874,,1196.6,-9.183120401572294,1.2516688918558079,,1198.4,1197.0,7.5121370239686724,5.007335300032665,2.5025335760966554,-2.924116209683823,False,True
2010-08-06,4,18.35628383602306,1.2527142141306162,,-16.68752994678932,1.2505210504376827,,1199.5,83.16056241657385,1.2526096033402923,,1197.5,1197.4,-64.8042785805508,-67.30960239802171,-69.81492621549262,17.103569621892444,False,True
2010-08-09,0,42.18891975508831,1.243471773190749,,-19.831439320542433,1.238236750866766,,1211.4,-48.088974192172955,1.240694789081886,,1209.0,1206.3,90.27789394726126,87.79372738498863,85.309560822716,40.94544798189756,False,True
2010-08-10,1,-29.962569232344162,1.2465719272001998,,-30.89127900092041,1.2504168056018676,,1199.6,84.9368084032673,1.254390366281987,,1195.8,1203.3,-114.89937763561147,-117.40033992909365,-119.90130222257585,-31.209141159544362,False,True
2010-08-11,2,-51.50368587179992,1.2428535918468806,,17.473066807748936,1.2491672218520988,,1200.8,-24.137512239352947,1.2469864494139165,,1202.9,1206.9,-27.36617363244697,-29.856013673707768,-32.34585371496856,-52.7465394636468,False,True
2010-08-12,3,9.990010820848331,1.2493753123438283,,37.3708029494857,1.2480239620600715,,1201.9,78.43825048680944,1.243368700265252,,1206.4,1200.6,-68.44823966596111,-70.94098367857019,-73.43372769117927,8.740635508504504,False,True
2010-08-13,4,19.715770783072372,1.2334511964476609,,0.0,1.2310217480508825,,1218.5,-10.675427004409425,1.231122783978989,,1218.4,1216.1,30.391197787481797,27.926623807055147,25.462049826628498,18.482319586624712,False,True
2010-08-16,0,32.00790618937373,1.2330456226880397,,32.72521942075766,1.2292059329673035,,1220.3,22.029136310416742,1.2251899044351877,,1224.3,1216.5,9.978769878956985,7.520534351833757,5.06229882471053,30.77486056668569,False,True
2010-08-17,1,-4.891171533070362,1.2224938875305624,,21.17954522571254,1.2231917149147846,,1226.3,-16.289301533112145,1.2207031250000002,,1228.8,1227.0,11.398130000041782,8.954932987511219,6.511735974980656,-6.113665420600924,False,True
2010-08-18,2,-8.970438929768696,1.222693185523313,,0.8158936079277556,1.2238903394255876,,1225.6,45.58783538342722,1.2238903394255876,,1225.6,1226.8,-54.558274313195916,-57.004857838144815,-59.45144136309372,-10.19313211529201,False,True
2010-08-19,3,11.366405380593115,1.2185215272136476,,-4.8689443467759475,1.2169398020444593,,1232.6,13.788071449157052,1.2174336498660825,,1232.1,1231.0,-2.421666068563937,-4.857621245643667,-7.2935764227233975,10.147883853379467,False,True
2010-08-20,4,-10.538690124594225,1.215362177929023,,1.6220600197748178,1.2166436856192717,,1232.9,-26.797693571154465,1.2164463547157573,,1233.1,1234.2,16.25900344656024,13.82719491391546,11.39538638127068,-11.754052302523249,False,True
2010-08-23,0,5.693139920351943,1.2203058900097625,,-12.200579007423793,1.2193139326938711,,1230.2,-6.513067070585495,1.220802474159681,,1228.7,1229.2,12.206206990937439,9.765098626767996,7.323990262598551,4.47283403034218,False,True
2010-08-24,1,-38.36896008837593,1.2221950623319484,,-27.02593676428592,1.2267931626727737,,1222.7,103.60250924495432,1.2300123001230014,,1219.5,1227.3,-141.97146933333025,-144.4236766957852,-146.87588405824016,-39.59115515070788,False,True
2010-08-25,2,18.64991418328727,1.2174336498660825,,24.273820479372862,1.2151652624756968,,1234.4,36.300608570984544,1.212219169225796,,1237.4,1232.1,-17.650694387697275,-20.080347206789156,-22.510000025881034,17.432480533421185,False,True
2010-08-26,3,-1.6099170927471276,1.2073406310367032,,13.674940794934182,1.2074378169524271,,1242.3,-38.65984196465794,1.2057877813504825,,1244.0,1242.4,37.04992487191082,34.63679645952364,32.22366804713645,-2.8172577237838308,False,True
2010-08-27,4,-10.496993171860606,1.2105560487450573,,7.268909579838862,1.2119253453987235,,1237.7,8.069722839470076,1.2109469605231291,,1238.7,1239.1,-18.566716011330684,-20.98821902059887,-23.409722029867055,-11.707549220605664,False,True
2010-08-30,0,-9.690705757165171,1.210751473080959,,9.690705757165633,1.2119253453987235,,1237.7,-4.036326997282032,1.2106537530266346,,1239.0,1238.9,-5.654378759883139,-8.075783985990732,-10.497189212098327,-10.90145723024613,False,True
2010-08-31,1,-21.011806663768645,1.2109469605231291,,6.470921523216776,1.2136904280281577,,1235.9,101.36852689771995,1.212905312525269,,1236.7,1238.7,-122.38033356148858,-124.80418583453698,-127.22803810758538,-22.222753624291773,False,True
2010-09-01,2,5.59708965957203,1.1997120691034153,,39.09215557169927,1.1990407673860912,,1251.0,-77.5476564751974,1.1945528390539142,,1255.7,1250.3,83.14474613476943,80.75048122661211,78.35621631845477,4.397377590468615,False,True
2010-09-02,3,24.05582107855245,1.204238921001927,,7.20489964322037,1.2012492992712422,,1248.7,26.373641660856713,1.2003841229193344,,1249.6,1245.6,-2.317820582304261,-4.722443626225523,-7.1270666701467835,22.851582157550524,False,True
2010-09-03,4,-1.5960418196836448,1.196935844238749,,4.786597618314769,1.196935844238749,,1253.2,-44.764263399254546,1.1963630563088214,,1253.8,1253.2,43.168221579570904,40.774922679023334,38.38162377847576,-2.792977663922394,False,True
2010-09-06,0,3.198720539070079,1.1997120691034153,,3.9969623618573045,1.199328376109379,,1250.7,,,missing bar,,1250.3,,,,1.9990084699666637,False,False
2010-09-07,1,-2.396836187721181,1.1982744847419717,,-23.19722673627563,1.1984659635666348,,1251.6,68.63554478036082,1.2012492992712422,,1248.7,1251.8,-71.032380968082,-73.4319047520952,-75.83142853610842,-3.5951106724631527,False,True
2010-09-08,2,35.72708337573496,1.1930326890956815,,-7.135778300809755,1.1888721566140923,,1261.7,-34.962292268515895,1.189815182041723,,1260.7,1257.3,70.68937564425086,68.30652777311344,65.92367990197604,34.53405068663928,False,True
2010-09-09,3,3.1824329968649554,1.1936022917164002,,13.515127072118903,1.1933174224343677,,1257.0,-109.43912398651318,1.1917057281322,,1258.7,1256.7,112.62155698337814,110.23624896352953,107.85094094368094,1.9888307051485552,False,True
2010-09-10,4,21.649368997827604,1.204045593193129,,3.2028185076410502,1.2012492992712422,,1248.7,-12.817433461897343,1.2008646225282205,,1249.1,1245.8,34.466802459724946,32.061892244003594,29.656982028282247,20.445323404634475,False,True
2010-09-13,0,12.0187506955887,1.2025976108394134,,-37.7071328077708,1.2011531069827035,,1248.8,20.07468454304807,1.205690860863275,,1244.1,1247.3,-8.055933847459368,-10.464222319162056,-12.872510790864744,10.816153084749287,False,True
2010-09-14,1,44.82158936459895,1.2032729022942406,,43.82302539416157,1.1977960552583249,,1252.3,92.59691819259857,1.192653255943389,,1257.7,1246.6,-47.775328827999616,-50.171254986237244,-52.56718114447487,43.61831646230471,False,True
2010-09-15,2,11.015816677731452,1.1809163911195089,,-5.506391486227578,1.179616231519346,,1271.6,-11.809630156550178,1.1802659532614683,,1270.9,1270.2,22.825446834281628,20.46426448990065,18.10308214551967,9.834900286611944,False,True
2010-09-16,3,-8.671318189473638,1.181939957450162,,87.95407728776617,1.1831519167061053,,1267.8,-16.435143593812224,1.1729746637472633,,1278.8,1269.1,7.763825404338586,5.408910783141161,3.0539961619437364,-9.8532581469238,False,True
2010-09-17,4,35.96282509377067,1.174812030075188,,2.3409153085701195,1.170594662088341,,1281.4,-49.27466854607094,1.1703206678629945,,1281.7,1276.8,85.2374936398416,82.89236094190342,80.54722824396524,34.78801306369548,False,True
2010-09-20,0,50.743697626704,1.1739845034045553,,-10.908525314231008,1.1681333229499262,,1284.1,-24.978547059615508,1.1694082794106184,,1282.7,1277.7,75.7222446863195,73.37885190350433,71.03545912068915,49.569713123299444,False,True
2010-09-21,1,-21.109424984305505,1.1715089034676665,,-12.53132996067422,1.1740763932373202,,1277.6,98.26172799806788,1.175548589341693,,1276.0,1280.4,-119.37115298237339,-121.71821047518274,-124.06526796799211,-22.280933887773173,False,True
2010-09-22,2,34.0847800746038,1.163963684333049,,8.503073213599246,1.1600030933415826,,1293.1,-10.824185377223039,1.1591067150915697,,1294.1,1288.7,44.90896545182684,42.58589505240222,40.2628246529776,32.92081639027075,True,True
2010-09-23,3,11.596893332637363,1.1603620329542819,,-17.010751801621936,1.1588380716934488,,1294.4,12.375281956817132,1.160900859066636,,1292.1,1292.7,-0.7783886241797688,-3.099651516200687,-5.420914408221605,10.43653129968308,True,True
2010-09-24,4,9.270705237531889,1.159375483073118,,41.60893659164718,1.1582117211026177,,1295.1,-20.010781710160593,1.15331385514378,,1300.6,1293.8,29.281486947692482,26.968797609475587,24.656108271258688,8.11132975445877,True,True
2010-09-27,0,12.307693861326667,1.1545566502463056,,-2.3065390483983874,1.153136531365314,,1300.8,-38.52084886541532,1.1534025374855825,,1300.5,1299.2,50.828542726741986,48.5205835390101,46.21262435127821,11.153137211080361,False,True
2010-09-28,1,-32.439975926712705,1.1566933991363357,,-23.236010764312287,1.160451802568467,,1292.6,159.24025858175713,1.1631513647642682,,1289.6,1296.8,-191.68023450846982,-194.00007927237044,-196.31992403627103,-33.59666932584904,False,True
2010-09-29,2,24.382822198964014,1.1443393347574002,,-24.382822198963797,1.1415525114155254,,1314.0,2.288591381999554,1.1444266422522318,,1310.7,1310.8,22.094230816964462,19.80546483995483,17.516698862945198,23.238482864206613,False,True
2010-09-30,3,-3.8151921411990344,1.1443393347574002,,26.67176281094817,1.1446012972148036,,1310.5,-31.253598638232976,1.1416393941700282,,1313.9,1310.8,27.43840649703394,25.152427768106513,22.866449039179084,-4.959531475956434,False,True
2010-10-01,4,5.343715536144757,1.1453879047037265,,46.43912270315268,1.1446012972148036,,1310.5,26.550366440525554,1.139384732244588,,1316.5,1309.6,-21.206650904380798,-23.491423541329112,-25.776196178277427,4.19832763144103,True,True
2010-10-04,0,6.817407376871814,1.1366219595362583,,-25.0180184316604,1.1357613386840313,,1320.7,-7.594168044194675,1.1386927806877707,,1317.3,1319.7,14.41157542106649,12.13626068084246,9.860945940618432,5.680785417335556,True,True
2010-10-05,1,17.46062314929428,1.1397310234784594,,73.29361459258443,1.13757015015926,,1318.6,101.86590968454692,1.1292629677030794,,1328.3,1316.1,-84.40528653525264,-86.67428052643419,-88.94327451761572,16.320892125815817,True,True
2010-10-06,2,55.76015339546374,1.1183180496533216,,-6.674825033669333,1.1120996441281141,,1348.8,14.827997971894609,1.1129247662857993,,1347.8,1341.3,40.93215542356913,38.70091260763001,36.46966979169089,54.64183534581042,True,True
2010-10-07,3,55.38134885971183,1.1106997408367274,,7.361602217027712,1.1046468812136387,,1357.9,-181.93796321969438,1.1038339833689015,,1358.9,1350.5,237.31931207940622,235.10477835520058,232.89024463099497,54.2706491188751,True,True
2010-10-08,4,-8.248041557838164,1.1242692250037476,,-18.770888118441878,1.1251969094591556,,1333.1,129.1785743643703,1.1273109875244254,,1330.6,1334.2,-137.42661592220844,-139.67819613473662,-141.92977634726478,-9.372310782841911,False,True
2010-10-11,0,24.43450180943444,1.1120171991993477,,-25.174010036800098,1.1092213266287068,,1352.3,44.38205376751411,1.1120171991993477,,1348.9,1348.9,-19.947551958079668,-22.17158635647836,-24.395620754877058,23.322484610235094,False,True
2010-10-12,1,-57.73517147863345,1.1070927743744927,,14.095480652701056,1.11358574610245,,1347.0,15.554982581575667,1.1119347664936992,,1349.0,1354.9,-73.29015406020912,-75.50918160107732,-77.7282091419455,-58.84226425300794,False,True
2010-10-13,2,39.13899321136315,1.109877913429523,,14.729712487902855,1.105542452830189,,1356.8,104.69766537693124,1.103996467211305,,1358.7,1351.5,-65.55867216556808,-67.77254654620891,-69.98642092684975,38.02911529793363,False,True
2010-10-14,3,94.2650733363639,1.0928165525280493,,-30.36000597119011,1.0826416456153016,,1385.5,4.343105388571665,1.0860121633362294,,1381.2,1372.6,89.92196794779224,87.74313923192796,85.56431051606368,93.17225678383585,False,True
2010-10-15,4,-0.72377230155058,1.0856191647969893,,-23.91218848903939,1.0856191647969893,,1381.7,-67.70309411944221,1.0882971776826527,,1378.3,1381.7,66.97932181789163,64.80540547541199,62.631489132932344,-1.8093914663475692,False,True
2010-10-18,0,-60.72374806539272,1.0940919037199126,,-23.50695271827024,1.100594320933304,,1362.9,67.42916196089635,1.1031033975584648,,1359.8,1371.0,-128.15291002628908,-130.35010532756746,-132.54730062884585,-61.81783996911263,False,True
2010-10-19,1,-30.690561174177716,1.0944112067707574,,-66.08438764647399,1.0977751756440282,,1366.4,-186.60170477798843,1.1048096044781617,,1357.7,1370.6,155.91114360381073,153.7119227925618,151.5127019813129,-31.784972380948474,False,True
2010-10-20,2,34.41314086690229,1.1241007194244605,,25.359900217692367,1.1202389843166545,,1339.0,30.498033830058677,1.1174849139536618,,1342.3,1334.4,3.9151070368436116,1.673521403465489,-0.5680642299126326,33.28904014747783,False,True
2010-10-21,3,-20.83644153172822,1.1150758251561108,,23.066344540187607,1.1174016686531587,,1342.4,-144.4906290795226,1.1149100639215104,,1345.4,1345.2,123.65418754779438,121.42420165871675,119.19421576963913,-21.95151735688433,False,True
2010-10-22,4,-11.320328743725572,1.1313923668728316,,-4.532064432887588,1.132759401903036,,1324.2,39.21277930106333,1.1333585190782018,,1323.5,1325.8,-50.533108044788904,-52.797858930739935,-55.06260981669097,-12.451721110598402,False,True
2010-10-25,0,140.43705823464842,1.1284134506883325,,-16.335019967282893,1.1128421989761852,,1347.9,-40.21153679613122,1.1147443519619504,,1345.6,1329.3,180.64859503077963,178.40543722812936,176.16227942547906,139.3086447839601,False,True
2010-10-26,1,-14.185988118366229,1.1191524285607701,,-44.17993632614723,1.12074118350269,,1338.4,59.85801636014284,1.1257035647279552,,1332.5,1340.3,-74.04400447850907,-76.28886047179779,-78.53371646508651,-15.305140546927,False,True
2010-10-27,2,-62.11432505738362,1.1190689346463742,,-4.504504580669394,1.1258725512272014,,1332.3,-50.427232137014826,1.1261261261261262,,1332.0,1340.4,-11.68709292036879,-13.932287981141291,-16.177483041913792,-63.23339399202999,False,True
2010-10-28,3,7.542616136742047,1.1318192107447373,,22.593773732463585,1.1309658448314863,,1326.3,111.4738659666332,1.1284983448690942,,1329.2,1325.3,-103.93124982989116,-106.191567385505,-108.45188494111882,6.410796925997309,False,True
2010-10-29,4,-14.886493258996307,1.1156563778356268,,33.46598891827529,1.1174016686531587,,1342.4,93.11329467756197,1.1136684237879577,,1346.9,1344.5,-107.99978793655828,-110.22911273818185,-112.45843753980544,-16.002149636831934,False,True
2010-11-01,0,26.44144030443599,1.1031845259983821,,-26.441440304436345,1.1002714002787355,,1363.3,-42.7508574745369,1.1032656663724627,,1359.6,1359.7,69.19229777897289,66.98584758660203,64.7793973942312,25.338255778437606,False,True
2010-11-02,1,32.5011366020605,1.1097957975732469,,-13.284134794853102,1.106276274061509,,1355.9,23.60405315141171,1.1077468429214978,,1354.1,1351.6,8.89708345064879,6.679540810154045,4.4619981696593,31.39134080448725,False,True
2010-11-03,2,-20.65049778769558,1.1051351948721728,,70.62487973924797,1.107419712070875,,1354.5,-116.51189984068935,1.0997067448680353,,1364.0,1357.3,95.86140205299377,93.65656011325356,91.45171817351336,-21.755632982567754,False,True
2010-11-04,3,50.281087891094316,1.1119347664936992,,50.76713254224034,1.1064394777605666,,1355.7,215.63982197166956,1.1009174311926608,,1362.5,1349.0,-165.35873408057523,-167.5715862782616,-169.78443847594795,49.16915312460062,False,True
2010-11-05,4,-47.50944726682203,1.0771992818671456,,-15.887921302673195,1.08240727377688,,1385.8,73.45031941404854,1.0841283607979186,,1383.6,1392.5,-120.95976668087056,-123.12109432353563,-125.28242196620069,-48.586646548689174,False,True
2010-11-08,0,-50.9527816624942,1.0737294201861132,,14.378147696274175,1.0791366906474822,,1390.0,124.2251999855711,1.0775862068965518,,1392.0,1397.0,-175.1779816480653,-177.32929727514795,-179.48061290223063,-52.026511082680315,False,True
2010-11-09,1,17.71479648382021,1.0638297872340428,,45.20739492671684,1.0619469026548674,,1412.5,-189.96693778701626,1.0571569525688915,,1418.9,1410.0,207.68173427083647,205.5607475310335,203.4397607912306,16.650966696586167,False,True
2010-11-10,2,53.700053865248606,1.0768899418479432,,-38.63494825044701,1.0711225364181662,,1400.4,59.30918810898921,1.0750376263169212,,1395.3,1392.9,-5.6091342437406055,-7.76106181190547,-9.912989380070334,52.62316392340066,False,True
2010-11-11,3,35.57456615526822,1.069137562366358,,-2.8411108934620186,1.0652652510475111,,1408.1,2.1309088406793912,1.0655679477161328,,1407.7,1403.0,33.44365731458883,31.308951804506343,29.174246294423853,34.505428592901865,False,True
2010-11-12,4,-181.28250539246352,1.06511396719449,,31.04359421921608,1.084598698481562,,1383.0,-139.36496160611475,1.0812369350537017,,1387.3,1408.3,-41.91754378634877,-44.06389468859697,-46.210245590845155,-182.347619359658,False,True
2010-11-15,0,-40.19738648554705,1.0940919037199126,,-16.86031994173303,1.0986596352450013,,1365.3,-22.76985081619263,1.1005135730007338,,1363.0,1371.0,-17.42753566935442,-19.622141146075066,-21.816746622795712,-41.29147838926696,False,True
2010-11-16,1,2.941176491790974,1.1031033975584648,,-21.341583697262806,1.1026979342792034,,1360.3,-134.97683415014114,1.1049723756906078,,1357.5,1359.8,137.9180106419321,135.70993486868304,133.50185909543396,1.8380730942325094,False,True
2010-11-17,2,-63.58727241678866,1.1185682326621926,,49.40499606774121,1.1256190904997752,,1332.6,-27.67081001254217,1.1202389843166545,,1339.0,1341.0,-35.91646240424649,-38.15526962122534,-40.394076838204185,-64.70584064945085,False,True
2010-11-18,3,137.5230742855884,1.122754491017964,,7.380074135704685,1.107419712070875,,1354.5,-18.46177092697986,1.1066843736166447,,1355.4,1336.0,155.98484521256825,153.75540634793364,151.52596748329904,136.40031979457044,False,True
2010-11-19,4,30.23935630241906,1.1079923179199294,,-47.98296586674858,1.1046468812136387,,1357.9,11.092624542857557,1.109877913429523,,1351.5,1353.8,19.146731759561504,16.928861528212053,14.7109912968626,29.13136398449913,False,True
2010-11-22,0,28.698647314028552,1.1053795136330142,,-38.286013487557256,1.1022927689594357,,1360.8,77.89002564852747,1.1065210976689293,,1355.6,1357.0,-49.19137833449892,-51.403278945800864,-53.615179557102806,27.593267800395537,False,True
2010-11-23,1,-23.456981874210975,1.0982574315419538,,-47.8135450603333,1.1007558523519485,,1362.7,145.6674002149419,1.1060315587671437,,1356.2,1365.8,-169.12438208915287,-171.32867107946197,-173.53296006977106,-24.555239305752927,False,True
2010-11-24,2,-13.079496124181189,1.0892455159392929,,0.0,1.0905918278319036,,1375.4,-9.456265480071773,1.0905918278319036,,1375.4,1377.1,-3.623230644109416,-5.803067987880612,-7.982905331651809,-14.168741640120482,False,True
2010-11-25,3,-11.668612759203324,1.0932944606413995,,9.481784744511332,1.0945709281961473,,1370.4,,,missing bar,,1372.0,,,,-12.761907219844723,False,False
2010-11-26,4,-64.23379749760201,1.091385331781141,,-41.08589785450515,1.0982574315419538,,1365.8,,,missing bar,,1374.4,,,,-65.32518282938315,False,False
2010-11-29,0,16.11603894341613,1.0997067448680353,,-46.95533205389724,1.0979358805445765,,1366.2,47.69076136108553,1.1031845259983821,,1359.7,1364.0,-31.5747224176694,-33.777613688535816,-35.98050495940223,15.016332198548094,False,True
2010-11-30,1,14.623092464659715,1.097534206482769,,19.708754874109715,1.0960105217010085,,1368.6,108.08563387239381,1.0940121070673183,,1371.1,1366.7,-93.4625414077341,-95.65408772128417,-97.84563403483426,13.525558258176947,False,True
2010-12-01,2,,,roll,10.039441502968469,1.0761945759793372,,1393.8,-44.54030351888981,1.0751917425274176,,1395.1,,,,,,False,False
2010-12-02,3,48.168611053806075,1.0810031709426349,,-36.64982004698521,1.0759629868732519,,1394.1,-21.623188474165165,1.0799913600691196,,1388.9,1387.6,69.79179952797124,67.63080499695948,65.46981046594773,47.08760788286344,False,True
2010-12-03,4,29.514472708290278,1.0813928339701537,,-26.631174194837733,1.078205865439908,,1391.2,196.9803912613704,1.0811590024506272,,1387.4,1387.1,-167.46591855308012,-169.62847038950088,-171.79102222592167,28.433079874320125,False,True
2010-12-06,0,16.94556643581523,1.0599957600169603,,-11.293853109818922,1.0582010582010584,,1417.5,61.967665375113995,1.0595465140919686,,1415.7,1415.1,-45.022098939298765,-47.141641213407695,-49.261183487516625,15.88557067579827,False,True
2010-12-07,1,-18.95202897661588,1.0518934081346425,,28.76286664994512,1.053814809610791,,1423.4,-173.83139805438617,1.0507880910683014,,1427.5,1426.0,154.8793690777703,152.77668757856733,150.6740060793644,-20.00392238475052,False,True
2010-12-08,2,-58.688974639927885,1.0704345964461572,,-7.179266587346724,1.0765035165781542,,1393.4,-70.62583406866761,1.0771992818671456,,1392.5,1401.3,11.93685942873973,9.789225550426428,7.641591672113124,-59.75940923637404,False,True
2010-12-09,3,44.72989205160872,1.084598698481562,,-35.33190393626716,1.0796804145972794,,1389.3,24.527497507775326,1.0834236186348865,,1384.5,1383.0,20.202394543833396,18.03437222671695,15.8663499096005,43.64529335312716,False,True
2010-12-10,4,25.89743192598304,1.0804581142404381,,-20.138096564058532,1.0777410547492456,,1391.8,-15.851289434754815,1.0799136069114472,,1389.0,1388.3,41.748721360737854,39.58834963958597,37.42797791843408,24.8169738117426,False,True
2010-12-13,0,46.10294868102072,1.0830324909747293,,2.8739761657810274,1.077895947111239,,1391.6,20.096181312937905,1.0776636252604355,,1391.9,1385.0,26.006767368082816,23.84607125184765,21.685375135612485,45.01991619004599,False,True
2010-12-14,1,76.39892931146615,1.0751146788990826,,5.689091321128974,1.0670081092616306,,1405.8,-72.77429378418873,1.0663254425250588,,1406.7,1395.2,149.17322309565486,147.03178297423074,144.89034285280658,75.32381463256706,False,True
2010-12-15,2,-40.17510246200892,1.0739600486861889,,22.259729867735732,1.0782833728703907,,1391.1,-92.9635924320491,1.0759629868732519,,1394.1,1396.7,52.788489970040175,50.638566934480735,48.488643898921296,-41.24906251069511,False,True
2010-12-16,3,33.304403792849804,1.08782362752919,,-16.638337111433426,1.0842067220816771,,1383.5,-76.30573705460345,1.0859335408672992,,1381.3,1378.9,109.61014084745327,107.43638367905677,105.26262651066028,32.216580165320615,False,True
2010-12-17,4,41.507432613256185,1.0945709281961473,,-24.73628034681692,1.0899578549629416,,1376.2,23.28289759591168,1.0926573426573427,,1372.8,1370.4,18.224535017344504,16.037306746491012,13.850078475637524,40.41286168506004,False,True
2010-12-20,0,69.47487779735026,1.0893246187363836,,-10.824464343939004,1.0818608005769927,,1386.5,6.495615687957834,1.0829542993285686,,1385.1,1377.0,62.97926210939242,60.80698319132747,58.634704273262514,68.38555317861388,False,True
2010-12-21,1,23.779510394732416,1.082173003390809,,-18.730644479122795,1.0796027062041171,,1389.4,-5.770340610198227,1.0816267666570525,,1386.8,1386.1,29.549851004930645,27.386051234882782,25.222251464834923,22.697337391341605,False,True
2010-12-22,2,23.77608382564766,1.0820168794633198,,-8.638687456820607,1.0793696481254949,,1389.7,-19.46297244416016,1.080224686734841,,1388.6,1386.3,43.23905626980782,41.07681470360966,38.914573137411494,22.69406694618434,False,True
2010-12-23,3,0.7214226457702823,1.082173003390809,,-48.45075826543631,1.0820949357957006,,1386.2,5.072647668467592,1.0872716729486809,,1379.6,1386.1,-4.35122502269731,-6.5206696990368,-8.69011437537629,-0.36075035762052676,False,True
2010-12-24,4,,,missing bar,,,missing bar,,,,missing bar,,,,,,,False,False
2010-12-27,0,36.19520384188973,1.08782362752919,,-20.254636554185595,1.0839716722069666,,1383.8,20.975740937319653,1.0860907971906453,,1381.1,1378.9,15.219462904570076,13.045548479850241,10.871634055130405,35.10738021436054,False,True
2010-12-28,1,36.05686462155997,1.0836584308625923,,56.70210777860969,1.0796804145972794,,1389.3,67.04732677248214,1.0734988907178131,,1397.3,1384.2,-30.99046215092217,-33.147619472502576,-35.30477679408298,34.973206190697375,False,True
2010-12-29,2,14.91530515512531,1.0661738574170163,,-24.15975025792888,1.06458481192335,,1409.0,44.71739715467149,1.0670840150814542,,1405.7,1406.9,-29.802091999546178,-31.93534987204465,-34.068607744543115,13.849131297708293,False,True
2010-12-30,3,9.908699232400469,1.0621724968134827,,-9.200609304685303,1.0611205432937185,,1413.6,-53.24259196625604,1.0620220900594735,,1412.4,1412.2,63.15129119865651,61.027096611783556,58.902902024910595,8.846526735586986,False,True
2010-12-31,4,27.00975414150293,1.0676156583629894,,26.935088583875057,1.0646603733409044,,1408.9,64.90780513490597,1.0617214043035108,,1412.8,1405.0,-37.89805099340304,-40.02738805606954,-42.15672511873604,25.942138483139942,False,True
2011-01-03,0,-11.270781694661606,1.0560405519571952,,30.261467901473843,1.0572314632083453,,1418.8,-56.3739073128863,1.0540369615627858,,1423.1,1420.4,45.103125618224695,42.99304810470471,40.88297059118473,-12.326822246618802,True,True
2011-01-04,1,0.7067887058105837,1.0602205258693809,,-43.91252895341682,1.060070671378092,,1415.0,-202.9252581178721,1.0647359454855196,,1408.8,1414.8,203.63204682368269,201.5070903523278,199.38213388097287,-0.35343182005879714,False,True
2011-01-05,2,23.872402555082648,1.0864054465126385,,-47.808856003418974,1.0839716722069666,,1383.8,7.258474587389168,1.0891664246296835,,1377.2,1380.7,16.613927967693478,14.438356096551155,12.262784225408833,22.785997108570008,False,True
2011-01-06,3,7.9886710374418115,1.0897994768962511,,-54.599196532540084,1.0890082764629012,,1377.4,10.943713929202945,1.0949704357982335,,1369.9,1376.4,-2.955042891761133,-5.139812804455618,-7.324582717150102,6.89887156054556,False,True
2011-01-07,4,-44.56954004130508,1.0935335714806445,,-52.86355923147837,1.0984182776801408,,1365.6,79.19091098947452,1.1042402826855124,,1358.4,1371.7,-123.76045103077959,-125.95822488494575,-128.1559987391119,-45.66307361278572,False,True
2011-01-10,0,24.790388197321846,1.0950503723171268,,-37.21409672572311,1.0924981791697015,,1373.0,56.13691700633631,1.0966515572452114,,1367.8,1369.8,-31.346528809014465,-33.5382307385768,-35.72993266813914,23.69533782500472,False,True
2011-01-11,1,12.349716436479206,1.090354001599186,,39.850793600147455,1.0890082764629012,,1377.4,-10.129513925968359,1.0847555684119181,,1382.8,1375.7,22.479230362447566,20.304120792436464,18.12901122242536,11.25936243488002,False,True
2011-01-12,2,32.52975724287755,1.0860907971906453,,-43.399706456923504,1.0826416456153016,,1385.5,59.98644808107618,1.0873504893077204,,1379.5,1381.1,-27.456690838198632,-29.630132124697,-31.803573411195366,31.443666445686905,False,True
2011-01-13,3,-16.595119072448547,1.0813928339701537,,-15.900552641784442,1.0832671336751645,,1384.7,-68.22992281820208,1.0850694444444444,,1382.4,1387.1,51.63480374575354,49.46834146733894,47.30187918892434,-17.6765119064187,False,True
2011-01-14,4,3.6394075446285217,1.0920209668025629,,-69.36612823391438,1.0914647456887143,,1374.3,-25.675838482987672,1.0989816103743864,,1364.9,1373.6,29.315246027616194,27.124243450439245,24.933240873262296,2.547386577825959,False,True
2011-01-17,0,2.938151923589708,1.1019688510138115,,-11.022523804020143,1.1016451233842541,,1361.6,,,missing bar,,1361.2,,,,1.8361830725758963,False,False
2011-01-18,1,33.0093826229364,1.1021307861866276,,21.945875669740673,1.098498718418162,,1365.5,-5.8470985440164815,1.0960105217010085,,1368.6,1361.0,38.85648116695288,36.658339859065244,34.46019855117761,31.907251836749772,False,True
2011-01-19,2,58.317704279181655,1.0966515572452114,,-2.18078727284444,1.090274749236808,,1375.8,-43.71273170633535,1.0904332654841526,,1375.6,1367.8,102.030435985517,99.84335116278764,97.65626634005827,57.221052721936445,False,True
2011-01-20,3,-46.09483193595919,1.0949704357982335,,-46.30488594130214,1.0999486690621105,,1363.7,-90.28404403543436,1.1050537792839252,,1357.4,1369.9,44.18921209947517,41.98918788439301,39.78916366931085,-47.18980237175742,False,True
2011-01-21,4,12.626733211018339,1.1148272017837237,,-20.06018726865743,1.1133377866844802,,1347.3,-20.099012981972532,1.1154904439651967,,1344.7,1345.5,32.72574619299087,30.49542854724195,28.265110901493028,11.511906009234615,False,True
2011-01-24,0,37.90276173780827,1.116902457185406,,0.741757223201599,1.1126771011052596,,1348.1,-109.63304797269583,1.1125945705384959,,1348.2,1343.0,147.5358097105041,145.3063126827802,143.0768156550563,36.785859280622866,False,True
2011-01-25,1,-24.771997804619907,1.1246063877642827,,-42.93306786748649,1.1273957158962797,,1330.5,51.94034786662384,1.1320754716981134,,1325.0,1333.8,-76.71234567124375,-78.96902753070616,-81.22570939016855,-25.89660419238419,False,True
2011-01-26,2,28.498594359314744,1.1265490048817124,,-30.003022806811657,1.123427201917316,,1335.2,108.35151771848842,1.1269722013523669,,1331.0,1331.5,-79.85292335917367,-82.10644456540776,-84.35996577164182,27.37204535443303,False,True
2011-01-27,3,-23.05948133790166,1.1144958763652575,,-78.50214139713604,1.1170688114387848,,1342.8,-145.16018101206998,1.1258725512272014,,1332.3,1345.9,122.10069967416833,119.86033124657587,117.61996281898341,-24.173977214266916,False,True
2011-01-28,4,6.846970483173846,1.1415525114155254,,9.882550502135555,1.1408579251597202,,1314.8,152.29486147611678,1.1395578515535973,,1316.3,1314.0,-145.44789099294294,-147.72900135591206,-150.01011171888118,5.705417971758321,False,True
2011-01-31,0,,,roll,-44.209730692918335,1.1214953271028039,,1337.5,12.008407327149468,1.1264644037248426,,1331.6,,,,,,False,False
2011-02-01,1,34.42344190972698,1.1244377811094455,,-11.211182459084329,1.1204900276387542,,1338.7,35.82895525009349,1.1216630524190536,,1337.3,1334.0,-1.405513340366511,-3.65161417389501,-5.897715007423509,33.29900412861754,False,True
2011-02-02,2,-41.021873673721956,1.1164867882396727,,-9.72071710746409,1.1210762331838566,,1338.0,-5.986679816609217,1.12216652951298,,1336.7,1343.5,-35.03519385711274,-37.273847174865395,-39.512500492618045,-42.138360461961625,True,True
2011-02-03,3,-45.01132880791538,1.122754491017964,,-4.512635455641188,1.1279043537108056,,1329.9,191.47539721186618,1.1283285692793743,,1329.4,1336.0,-236.48672601978157,-238.7378090800789,-240.98889214037624,-46.13408329893335,True,True
2011-02-04,4,-38.410447578932484,1.1058684753759953,,-17.035148362845057,1.1100421816029011,,1351.3,2.2239519718042655,1.1120996441281141,,1348.8,1356.4,-40.63439955073675,-42.85236767024086,-45.07033578974497,-39.516316054308476,True,True
2011-02-07,0,-1.4836795279431105,1.1126771011052596,,6.674330033818274,1.1127596439169143,,1348.0,22.217294186626383,1.1120996441281141,,1348.8,1348.1,-23.700973714569493,-25.925750459802867,-28.15052720503624,-2.59635662904837,True,True
2011-02-08,1,22.150038589489384,1.1087293961120557,,-33.983484242232684,1.106276274061509,,1355.9,96.47679500450309,1.1100421816029011,,1351.3,1352.9,-74.3267564150137,-76.54552799272867,-78.76429957044363,21.041309193377327,True,True
2011-02-09,2,9.527649223794365,1.0998680158380996,,5.858230981832988,1.098740111338998,,1365.2,-12.453757882271448,1.0981770261366133,,1365.9,1363.8,21.981407106065813,19.783362064091097,17.585317022116385,8.427781207956265,False,True
2011-02-10,3,-16.87392645707299,1.0995455211845773,,-27.939140297665823,1.1013215859030838,,1362.0,43.34895293384856,1.1044842058758562,,1358.1,1364.2,-60.22287939092155,-62.426909117981985,-64.63093884504241,-17.973471978257567,False,True
2011-02-11,4,2.9321214108343394,1.0997067448680353,,-8.79958992031128,1.0994649270688266,,1364.3,-44.114474894723365,1.1004328369158538,,1363.1,1364.0,47.046596305557706,44.84645672377381,42.646317141989925,1.832414665966304,False,True
2011-02-14,0,16.18480453349344,1.104402886172876,,-16.92110023017938,1.1026168773890033,,1360.4,29.407461275269288,1.104402886172876,,1358.2,1358.2,-13.222656741775847,-15.431462514121598,-17.64026828646735,15.080401647320565,False,True
2011-02-15,1,22.00059555636155,1.1012407312238457,,56.967726370000946,1.0986596352450013,,1365.3,8.00844569757596,1.0924981791697015,,1373.0,1362.1,13.99214985878559,11.798410948392043,9.604672037998496,20.899354825137703,False,True
2011-02-16,2,14.542284246807112,1.0914647456887143,,-7.9956391684731765,1.0898786601758341,,1376.3,-3.6364959126519225,1.0907504363001748,,1375.2,1374.3,18.178780159459034,15.996564977470145,13.814349795481256,13.450819501118398,False,True
2011-02-17,3,22.495564800238125,1.0897203051216855,,4.347826155446688,1.087192868014786,,1379.7,29.659659316567456,1.0867202782003913,,1380.3,1376.5,-7.164094516329332,-9.340535099651408,-11.516975682973484,21.40584449511644,False,True
2011-02-18,4,10.100282223635105,1.0827197921178,,-17.321020496790585,1.0816267666570525,,1386.8,44.68475903728148,1.0835018780699222,,1384.4,1385.4,-34.584476813646376,-36.7506984838341,-38.916920154021824,9.017562431517305,False,True
2011-02-21,0,54.523415078140154,1.079059060499245,,25.009838324709996,1.073191672032625,,1397.7,,,missing bar,,1390.1,,,,53.44435601764091,False,False
2011-02-22,1,-52.69541496570463,1.0653409090909094,,-2.142168596859153,1.0709695844638014,,1400.6,-6.428801250024926,1.0711225364181662,,1400.4,1408.0,-46.2666137156797,-48.403077161188776,-50.539540606697855,-53.760755874795535,False,True
2011-02-23,2,11.426940252106611,1.07188795197942,,24.949223477343274,1.0705873956177292,,1401.1,53.965905309079474,1.067995728017088,,1404.5,1399.4,-42.53896505697286,-44.67884873696937,-46.81873241696588,10.355052300127191,False,True
2011-02-24,3,18.395363896824964,1.0622477161674104,,21.888799560284593,1.0602954690040292,,1414.7,-106.35381018785586,1.0579025319133932,,1417.9,1412.1,124.74917408468082,122.62902383660001,120.50887358851921,17.333116180657555,False,True
2011-02-25,4,49.09818807506209,1.0699764605178688,,-26.296166675590808,1.0646603733409044,,1408.9,40.4786974611462,1.0673877463886716,,1405.3,1401.9,8.619490613915893,6.4821264070093525,4.344762200102812,48.02821161454422,False,True
2011-02-28,0,19.821612039912026,1.0629251700680273,,12.72174883570839,1.0608203677510608,,1414.0,-29.00295599336659,1.0595465140919686,,1415.7,1411.2,48.82456803327862,46.70209634911862,44.57962466495862,18.758686869844,False,True
2011-03-01,1,16.98754655403199,1.0626239727968265,,60.62760904159529,1.0606703436571914,,1414.2,79.1126750244423,1.0543333099037044,,1422.7,1411.6,-62.1251284704103,-64.24208575311084,-66.35904303581137,15.924922581235164,False,True
2011-03-02,2,-39.10346439291491,1.0453690152623878,,34.22866671816741,1.0496116436918344,,1429.1,4.183225327683308,1.0460251046025106,,1434.0,1434.9,-43.28668972059822,-45.37808384046312,-47.469477960328014,-40.148833408177296,False,True
2011-03-03,3,-68.45514298575416,1.0442046641141665,,1.401738157608573,1.0513773042685919,,1426.7,-75.26501256485741,1.0511562718990892,,1427.0,1436.5,6.80986957910325,4.714508643089994,2.6191477070767384,-69.49934764986833,False,True
2011-03-04,4,6.355259190705396,1.0595465140919686,,14.108354484641838,1.0588733587462942,,1416.6,89.82516536510785,1.057380516001692,,1418.6,1415.7,-83.46990617440245,-85.5868332044961,-87.70376023458978,5.295712676613427,False,True
2011-03-07,0,22.97011416122134,1.0452961672473868,,36.77877918413123,1.042825361512792,,1438.4,-77.18824179738773,1.0390689941812137,,1443.6,1435.0,100.15835595860906,98.07399079718047,95.98962563575186,21.924817993973953,False,True
2011-03-08,1,-39.87552941881762,1.0472666340850383,,51.0437076521708,1.0515247108307046,,1426.5,-32.83616322354826,1.0462439840970916,,1433.7,1432.3,-7.039366195269359,-9.132876813451489,-11.226387431633619,-40.92279605290266,False,True
2011-03-09,2,-21.70641191180781,1.0491711547877178,,46.85487085232236,1.0514510023832893,,1426.6,-17.458714585104143,1.0466089868825008,,1433.2,1429.7,-4.2476973267036655,-6.343477468373885,-8.439257610044102,-22.755583066595527,False,True
2011-03-10,3,-16.78439445717623,1.0481447837327933,,-70.24473952885728,1.0499790004199918,,1428.6,-44.50888692968248,1.057380516001692,,1418.6,1431.1,27.724492472506252,25.618967172771764,23.51344187303728,-17.832539240909025,False,True
2011-03-11,4,24.760367784215333,1.0624734381640462,,-14.139274183092331,1.059696220416814,,1415.5,33.2003271796768,1.061345786457228,,1413.3,1411.8,-8.439959395461464,-10.563778620082738,-12.687597844704012,23.697894346051285,False,True
2011-03-14,0,21.07630399414438,1.054926506786694,,21.732280977864846,1.0527054530142468,,1424.9,-11.91185370153118,1.0504201680672272,,1428.0,1421.9,32.98815769567556,30.88281102082164,28.77746434596772,20.021377487357686,False,True
2011-03-15,1,-84.3353090474329,1.0497585555322277,,-144.31701083392306,1.0587238848108416,,1416.8,-5.730248706327613,1.0741138560687435,,1396.5,1428.9,-78.60506034110529,-80.72893275270626,-82.85280516430723,-85.38506760296512,False,True
2011-03-16,2,41.49680419921274,1.0754229997132208,,9.990723731180713,1.0709695844638014,,1400.6,-20.70911583839468,1.0700527892709375,,1401.8,1394.8,62.20592003760742,60.06044424862326,57.914968459639105,40.42138119949952,False,True
2011-03-17,3,-46.536686813471114,1.0714285714285716,,70.0853902190004,1.0765035165781542,,1393.4,5.699629678378128,1.0689851767388827,,1403.2,1400.0,-52.236316491849244,-54.3767302400167,-56.51714398818415,-47.60811538489968,False,True
2011-03-18,4,59.612695164992246,1.0676916506512921,,36.02080385893004,1.061345786457228,,1413.3,2.1149846742441456,1.0576041740111404,,1418.3,1404.9,57.4977104907481,55.37241466608567,53.24711884142323,58.545003514340955,False,True
2011-03-21,0,21.742950876982796,1.0532228619575903,,27.285146532039143,1.0508617065994117,,1427.4,-26.584596600056695,1.047998323202683,,1431.3,1424.2,48.32754747703949,46.22632629187921,44.12510510671894,20.689728015025207,False,True
2011-03-22,1,4.903162638069552,1.050935332445877,,-16.820861829849374,1.0504201680672272,,1428.0,15.420203518154185,1.0521885521885523,,1425.6,1427.3,-10.517040880084632,-12.620164764719062,-14.723288649353492,3.852227305623675,False,True
2011-03-23,2,0.0,1.0497585555322277,,31.443270848944987,1.0497585555322277,,1428.9,27.17108997367224,1.0464629552113858,,1433.4,1428.9,-27.17108997367224,-29.267311484415856,-31.363532995159467,-1.0497585555322277,False,True
2011-03-24,3,-1.3909173122088074,1.0431154381084842,,14.596006066555589,1.043333101481533,,1437.7,-66.8898815079654,1.041666666666667,,1440.0,1438.0,65.49896419575659,63.414182090981434,61.32939998620628,-2.4340327503172916,False,True
2011-03-25,4,9.761540309365303,1.0463899546564355,,16.71193202825109,1.0453690152623878,,1434.9,-52.310494175525555,1.0434782608695654,,1437.5,1433.5,62.07203448489086,59.98216626936486,57.89229805383886,8.715150354708868,False,True
2011-03-28,0,-41.38759371413035,1.0500525026251315,,-70.54205324592913,1.0544074230282583,,1422.6,54.36138912260425,1.061871725895512,,1412.6,1428.5,-95.7489828367346,-97.86090706525525,-99.97283129377588,-42.437646216755475,False,True
2011-03-29,1,-13.379812566089056,1.055594651653765,,-34.58867670351265,1.05700796279332,,1419.1,28.953800107822428,1.0608203677510608,,1414.0,1421.0,-42.33361267391148,-44.45002769331631,-46.566442712721134,-14.43540721774282,False,True
2011-03-30,2,9.159122773665848,1.0573059843518715,,13.370397122188242,1.0562636434053942,,1420.1,4.920741022281792,1.0547039797496838,,1422.2,1418.7,4.238381751384056,2.1263717872825003,0.01436182318094481,8.101816789313975,False,True
2011-03-31,3,,,roll,30.03949305596369,1.0494647729657876,,1429.3,-4.883664240504032,1.0462439840970916,,1433.7,,,,,,False,False
2011-04-01,4,16.72474257445255,1.0461710140884364,,-3.4825004705084197,1.0445682451253484,,1436.0,-40.48588526000108,1.0449320794148382,,1435.5,1433.8,57.21062783445363,55.11952474095036,53.02842164744708,15.678571560364112,False,True
2011-04-04,0,34.20716100407995,1.0489510489510492,,21.58098926631086,1.0453690152623878,,1434.9,-19.49046976460269,1.0431154381084842,,1438.0,1430.0,53.69763076868264,51.60556428162311,49.51349779456358,33.1582099551289,True,True
2011-04-05,1,12.530457608900798,1.0448592922819728,,-27.169197109178302,1.0435508557117017,,1437.4,164.64123972425125,1.0462439840970916,,1433.7,1435.6,-152.11078211535045,-154.20188539172952,-156.29298866810856,11.485598316618825,True,True
2011-04-06,2,-8.23271177125136,1.028665477986559,,17.830206342192398,1.0295833619328714,,1456.9,7.533472944724327,1.027678816114004,,1459.6,1458.2,-15.766184715975687,-17.822529010076252,-19.878873304176814,-9.261377249237919,False,True
2011-04-07,3,-36.364923946842616,1.0273268954181223,,35.682464265178766,1.0311404413281091,,1454.7,-4.110715322342171,1.0274676347695049,,1459.9,1460.1,-32.25420862450044,-34.30900315468807,-36.3637976848757,-37.39225084226074,False,True
2011-04-08,4,56.014901569290664,1.0275380189066998,,31.286157601555935,1.021798365122616,,1468.0,23.061802258012936,1.0186065462447376,,1472.6,1459.8,32.953099311277725,30.90695474612629,28.860810180974852,54.98736355038397,False,True
2011-04-11,0,-4.065040706383696,1.0160536476325952,,-31.22245121082972,1.0165356465166713,,1475.6,-45.64818010084901,1.019645163483108,,1471.1,1476.3,41.58313939446531,39.54744058334961,37.511741772233904,-5.081094354016291,False,True
2011-04-12,1,-49.94707793882999,1.023751023751024,,34.232540618769164,1.0287360263356427,,1458.1,-63.76217139275997,1.0251503553854566,,1463.2,1465.2,13.815093453929975,11.766192074793496,9.717290695657015,-50.97082896258102,False,True
2011-04-13,2,37.0701323805508,1.0316368638239342,,17.799689782040975,1.0278196519117446,,1459.4,-23.970151531169325,1.0260619741432384,,1461.9,1454.0,61.040283911720124,58.98258507375295,56.92488623578578,36.03849551672687,False,True
2011-04-14,3,36.28277127690006,1.0287360263356427,,-38.34045501817083,1.0250102501025011,,1463.4,117.28739975227096,1.0288771520680433,,1457.9,1458.1,-81.00462847537091,-83.06224165377459,-85.11985483217828,35.254035250564414,False,True
2011-04-15,4,-0.6772544108772734,1.0158472165786268,,4.739176149092784,1.015778424866256,,1476.7,70.14732662603559,1.0152971436307028,,1477.4,1476.6,-70.82458103691286,-72.85572539712219,-74.88686975733152,-1.6931016274559,False,True
2011-04-18,0,-6.050216983993928,1.0080645161290325,,-43.126751479465526,1.0086067778375472,,1487.2,101.46231842893843,1.0130343756331466,,1480.7,1488.0,-107.51253541293237,-109.53363430469454,-111.55473319645672,-7.058281500122961,False,True
2011-04-19,1,-35.47645877521553,1.002271816116531,,36.81026811495736,1.0057663939922221,,1491.4,0.668069613102586,1.0021378941742385,,1496.8,1496.6,-36.144528388318115,-38.14893809860889,-40.15334780889965,-36.47873059133206,False,True
2011-04-20,2,39.358311038936016,1.002606777621817,,-3.995205806237549,0.9986019572598365,,1502.1,8.654262764289015,0.9990009990009991,,1501.5,1496.1,30.704048274647,28.702440498024185,26.70083272140137,38.3557042613142,False,True
2011-04-21,3,31.90643493805905,0.9986684420772305,,3.9814200924073115,0.9955531957257584,,1506.7,-15.269712510526709,0.9950908849674939,,1507.4,1502.0,47.17614744858576,45.18238812154103,43.18862879449631,30.907766495981818,False,True
2011-04-22,4,,,missing bar,,,missing bar,,,,missing bar,,,,,,,False,False
2011-04-25,0,42.274982043677696,0.9929171907062951,,-29.70397246590284,0.9886633271816505,,1517.2,-35.76399599830445,0.9916699722332409,,1512.6,1510.7,78.03897804198215,76.05439087904261,74.06980371610308,41.2820648529714,False,True
2011-04-26,1,-26.574557228431075,0.9952229299363058,,15.287981973264799,0.9978048293753744,,1503.3,5.975897392409007,0.9962805526036134,,1505.6,1507.2,-32.550454620840085,-34.541958103380004,-36.53346158591992,-27.56978015836738,False,True
2011-04-27,2,-2.6548085375282793,0.9954210631096955,,16.581001974930473,0.9956853634251578,,1506.5,122.5150352614458,0.9941016634634502,,1508.9,1506.9,-125.16984379897409,-127.15936652554723,-129.14888925212037,-3.650229600637975,False,True
2011-04-28,3,17.656872782078548,0.9818039010341669,,-11.767783784787243,0.9800718719372756,,1530.5,51.54482426546016,0.9812258781971611,,1528.7,1527.8,-33.88795148338161,-35.85098126261294,-37.81401104184427,16.675068881044382,False,True
2011-04-29,4,-9.122899107900512,0.9770077509281575,,35.142558619654274,0.9778994719342853,,1533.9,155.9812481858268,0.9744056125763285,,1539.4,1535.3,-165.1041472937273,-167.05556065723178,-169.00697402073627,-10.09990685882867,False,True
2011-05-02,0,-64.02890359935583,0.9573653306101609,,-32.81539475991653,0.9635767970707266,,1556.7,-40.68327589954775,0.966681703937617,,1551.7,1566.8,-23.345627699808077,-25.269674734355856,-27.193721768903632,-64.98626892996599,True,True
2011-05-03,1,13.581247035005402,0.9707481232202952,,-53.78621656747695,0.9694306210818847,,1547.3,-19.510932308085223,0.9745955428497175,,1539.1,1545.2,33.09217934309063,31.146835677020615,29.201492010950602,12.610498911785108,False,True
2011-05-04,2,-32.56907516785214,0.9754828640176889,,7.825747106055026,0.9786012526096035,,1532.8,-114.75159523865312,0.9779632285826055,,1533.8,1537.7,82.18252007080099,80.22907397820069,78.2756278856004,-33.544558031869826,False,True
2011-05-05,3,21.072047834078017,0.9887936717205011,,-89.87042579617774,0.9867771857114666,,1520.1,-214.71570987329102,0.9957514604354755,,1506.4,1517.0,235.78775770736902,233.80321257521302,231.81866744305708,20.083254162357516,False,True
2011-05-06,4,79.63329975467582,1.0163290195812724,,-55.94703009430558,1.0082677959265982,,1487.7,108.25454516882793,1.014061654948621,,1479.2,1475.9,-28.621245414152114,-30.651636088682004,-32.6820267632119,78.61697073509454,False,True
2011-05-09,0,36.01684677821922,1.002271816116531,,19.288974685928547,0.9986684420772305,,1502.0,56.98776273600738,0.9968102073365233,,1504.8,1496.6,-20.970915957788165,-22.969997981241217,-24.969080004694273,35.014574962102685,False,True
2011-05-10,1,-19.191958506560944,0.9917355371900828,,46.26272212494731,0.9936406995230527,,1509.6,-4.61634855034346,0.9889892529834511,,1516.7,1512.5,-14.575609956217484,-16.556334746391016,-18.537059536564552,-20.183694043751025,False,True
2011-05-11,2,55.259663018231684,0.9895111814763508,,-61.198493243263876,0.9840582562487701,,1524.3,-90.18628766773934,0.9902297332981252,,1514.8,1515.9,145.445950685971,143.46620977119653,141.48646885642205,54.27015183675533,False,True
2011-05-12,3,-44.120667868707706,1.0005336179295625,,-36.244082900527,1.0049577917727457,,1492.6,124.29161008787563,1.0086067778375472,,1487.2,1499.2,-168.41227795658332,-170.42141835235043,-172.43055874811753,-45.12120148663727,False,True
2011-05-13,4,19.23141280412195,0.9956853634251578,,1.324942035724093,0.9937723598780973,,1509.4,-97.18508229553652,0.9936406995230527,,1509.6,1506.5,116.41649509965846,114.42716903671025,112.43784297376205,18.23572744069679,False,True
2011-05-16,0,-10.041169635715905,1.0036130068245686,,12.717112921686,1.004621257785815,,1493.1,-41.55501958377188,1.0032773727509867,,1495.1,1494.6,31.513849948055977,29.506959568480422,27.500069188904867,-11.044782642540474,False,True
2011-05-17,1,32.162986718239914,1.0067114093959733,,-14.05857972134821,1.0034787262510036,,1494.8,-43.63740938230125,1.004823151125402,,1492.8,1490.0,75.80039610054116,73.78886154001978,71.77732697949841,31.15627530884394,False,True
2011-05-18,2,14.117174876579204,1.0090817356205855,,22.145430652316975,1.007725898555593,,1488.5,33.46051438817062,1.0054967153773966,,1491.8,1486.5,-19.343339511591417,-21.3579179625894,-23.37249641358738,13.10809314095862,False,True
2011-05-19,3,0.668650329559066,1.0030090270812437,,-29.461018965443625,1.0028749080698,,1495.7,8.712261382762177,1.0056989607777407,,1491.5,1495.5,-8.043611053203112,-10.052319041062097,-12.06102702892108,-0.33435869752217773,False,True
2011-05-20,4,30.752798671716086,1.0043521928356212,,-19.377908572826733,1.0013351134846464,,1498.0,111.74787033289407,1.0033444816053514,,1495.0,1493.5,-80.99507166117797,-83.00276833561895,-85.01046501005992,29.748446478880464,False,True
2011-05-23,0,-31.11657977608482,0.9915388683236385,,16.562327811325968,0.994563055297706,,1508.2,42.93411265064685,0.9929171907062951,,1510.7,1512.8,-74.05069242673167,-76.03514848576161,-78.01960454479153,-32.10811864440846,False,True
2011-05-24,1,4.612698180696927,0.9886633271816505,,21.71696421291028,0.9882073917912907,,1517.9,35.437758572354355,0.9861284596673462,,1521.1,1517.2,-30.825060391657427,-32.79985217850643,-34.77464396535542,3.624034853515276,False,True
2011-05-25,2,-11.800958558276607,0.982833180448172,,20.971237779544833,0.9840582562487701,,1524.3,-13.75651194636802,0.9819324430479185,,1527.6,1526.2,1.9555533880914133,-0.009212235404677194,-1.973977858900768,-12.783791738724778,False,True
2011-05-26,3,18.985897221657954,0.9829619921363042,,-53.127072126522606,0.9812258781971611,,1528.7,-9.211132962600095,0.9864527160331451,,1520.6,1526.0,28.197030184258047,26.227615476088598,24.25820076791915,18.00293522952165,False,True
2011-05-27,4,35.47733830816348,0.9872318020271161,,5.243838609936059,0.9834775767112511,,1525.2,65.31701863215059,0.9829619921363042,,1526.0,1519.4,-29.83968032398711,-31.80987411815053,-33.78006791231395,34.490106506136364,False,True
2011-05-30,0,,,roll,18.867316354539977,0.9768168793956762,,1535.6,,,missing bar,,,,,,,False,False
2011-05-31,1,-16.250125451841747,0.9742157563161656,,-1.9516637995783606,0.9757366811943019,,1537.3,-3.904470668460747,0.9759271307742357,,1537.0,1539.7,-12.345654783381,-14.295797670471403,-16.245940557561802,-17.224341208157913,False,True
2011-06-01,2,-22.803541171260342,0.9761811792268646,,9.127657433823018,0.9784097580066534,,1533.1,39.67355859074575,0.9775171065493647,,1534.5,1536.6,-62.47709976200609,-64.43079804778232,-66.38449633355854,-23.779722350487205,False,True
2011-06-02,3,-7.784120787445656,0.9726364933212295,,11.025716977780904,0.9733939000648931,,1541.0,-52.64709440107827,0.972384286269934,,1542.6,1542.2,44.86297361363261,42.917952834041444,40.97293205445028,-8.756757280766886,False,True
2011-06-03,4,-9.124682898628066,0.977198697068404,,-20.23697527803541,0.978218338333116,,1533.4,83.94934279407407,0.9802640177754544,,1530.2,1535.0,-93.07402569270214,-95.031488407546,-96.98895112238985,-10.10188159569647,False,True
2011-06-06,0,20.05110467721355,0.9711880867594692,,-25.23048402960514,0.9691800736576857,,1547.7,9.710938516025529,0.971565515901289,,1543.9,1544.5,10.340166161188023,8.397412558527265,6.454658955866506,19.079916590454083,True,True
2011-06-07,1,15.52192783508328,0.9708737864077672,,-1.9390492256078238,0.9694306210818847,,1547.3,-12.290179107734131,0.9696812980800311,,1546.9,1545.0,27.81210694281741,25.871551858329614,23.930996773841816,14.551054048675514,False,True
2011-06-08,2,-29.81787391091998,0.9708737864077672,,-30.560185037692982,0.9738362656625335,,1540.3,18.868543936929754,0.9768804949527843,,1535.5,1545.0,-48.68641784784974,-50.63417212921029,-52.581926410570844,-30.78874769732775,False,True
2011-06-09,3,-14.31173806605555,0.975102385750504,,4.555660486847327,0.9764353599791695,,1536.2,52.56850863657267,0.9760541384695472,,1536.8,1538.3,-66.88024670262823,-68.83140322684828,-70.78255975106833,-15.286840451806054,False,True
2011-06-10,4,-12.952530792133665,0.9708109507475247,,-6.482982398860706,0.9721322099805575,,1543.0,-65.71052563074102,0.9726995655275276,,1542.1,1545.1,52.75799483860735,50.8144843223323,48.87097380605725,-13.92334174288119,False,True
2011-06-13,0,0.0,0.9799438165545176,,-11.112201685992567,0.9799438165545176,,1530.7,-85.37518200054136,0.9809050483913159,,1529.2,1530.7,85.37518200054136,83.41433313559551,81.4534842706497,-0.9799438165545176,False,True
2011-06-14,1,40.14351743476437,0.9891196834817014,,-23.01345658495275,0.985156968343623,,1522.6,37.45199686320798,0.9874267658481998,,1519.1,1516.5,2.6915205715563886,0.7149741222264873,-1.2615723271034138,39.154397751282666,False,True
2011-06-15,2,-17.06261078085967,0.9835420628155532,,-34.21281052856637,0.9852216748768475,,1522.5,94.4579013931299,0.9885981677980625,,1517.3,1525.1,-111.52051217398957,-113.49265240460319,-115.46479263521681,-18.046152843675223,False,True
2011-06-16,3,-14.38002731620456,0.9797517962116266,,0.6541291907476269,0.9812258781971611,,1528.7,9.806165594750574,0.9810975210935967,,1528.9,1531.0,-24.186192910955135,-26.147042228260357,-28.107891545565582,-15.359779112416186,False,True
2011-06-17,4,-8.50534906846326,0.9809691975671966,,9.812580514561695,0.9817396426467702,,1527.9,69.06464773461691,0.9807126511932005,,1529.5,1529.1,-77.56999680308017,-79.53167865184056,-81.49336050060097,-9.486318266030457,False,True
2011-06-20,0,-28.588155394076857,0.9732044378122366,,1.3013208424897174,0.9760541384695472,,1536.8,29.236937306266285,0.9759906304899474,,1536.9,1541.3,-57.82509270034314,-59.77428776864532,-61.72348283694751,-29.561359831889092,False,True
2011-06-21,1,9.725419770024999,0.9730150492994293,,13.598836481298223,0.9720062208398135,,1543.2,11.640691995463781,0.9706224925585609,,1545.4,1541.6,-1.9152722254387822,-3.8589097672967725,-5.802547309154763,8.75240472072557,False,True
2011-06-22,2,-7.75544535737719,0.9690548485044255,,-7.114445858406919,0.9698066852007502,,1546.7,24.55257420015398,0.9703713287618064,,1545.8,1547.9,-32.30801955753117,-34.2474457347974,-36.18687191206363,-8.724500205881615,False,True
2011-06-23,3,-10.337921706381755,0.9686793671294803,,-47.95239878064258,0.9696812980800311,,1546.9,-113.67470678585993,0.9744056125763285,,1539.4,1548.5,103.33678507947818,101.39370009977236,99.45061512006656,-11.306601073511235,False,True
2011-06-24,4,-7.883845096610067,0.9850922703093191,,-9.206892666674843,0.98599881680142,,1521.3,-112.4722408734759,0.986842105263158,,1520.0,1522.7,104.58839577686584,102.61646140129335,100.64452702572089,-8.868937366919386,False,True
2011-06-27,0,-56.79365815266294,0.9994003597841297,,58.11445499708068,1.0048904669391039,,1492.7,-20.66874089803553,0.9990675369654989,,1501.4,1500.9,-36.12491725462741,-38.12338515137704,-40.12185304812667,-57.793058512447075,False,True
2011-06-28,1,11.351117968381411,1.0021378941742385,,33.97624933305017,1.001001001001001,,1498.5,-11.978440242394068,0.9976057462090984,,1503.6,1496.8,23.32955821077548,21.32981457039214,19.33007093000881,10.348980074207173,False,True
2011-06-29,2,34.54923375510315,0.9983361064891848,,-1.3266118353231642,0.9948928831995756,,1507.7,36.41785187015461,0.9950248756218907,,1507.5,1502.5,-1.8686181150514543,-3.8619790971625294,-5.8553400792736054,33.55089764861397,False,True
2011-06-30,3,-18.532006098013277,0.9918666931164453,,-4.638372677005149,0.9937065253395165,,1509.5,-57.8286034434848,0.994167550371156,,1508.8,1512.3,39.296597345471525,37.310563101983924,35.32452885849632,-19.523872791129723,False,True
2011-07-01,4,-11.995203357505147,0.9990009990009991,,-63.54748968007288,1.0002000400080018,,1499.7,-15.4450556170989,1.0065087566261828,,1490.3,1501.5,3.4498522595937526,1.444342503966571,-0.5611672516606117,-12.994204356506147,False,True
2011-07-04,0,48.97859433941946,1.0088781275221956,,-1.3386880876741343,1.0039488655377822,,1494.1,,,missing bar,,1486.8,,,,47.969716211897264,False,False
2011-07-05,1,-10.70305808241897,1.0028749080698,,56.72543489979906,1.0038816758131444,,1494.2,88.7716992238977,0.9981368112856004,,1502.8,1495.7,-99.47475730631666,-101.47576902567207,-103.47678074502747,-11.705932990488769,False,True
2011-07-06,2,13.840832659383333,0.9893153937475269,,-44.22303501001391,0.9878819810326661,,1518.4,115.76030346923869,0.9923260121725326,,1511.6,1516.2,-101.91947080985535,-103.90111221577541,-105.88275362169547,12.851517265635806,False,True
2011-07-07,3,22.20191587188621,0.9805844283192784,,-37.903587400084994,0.9784097580066534,,1533.1,35.946576401959774,0.9821253191907289,,1527.3,1529.7,-13.744660530073563,-15.707370277583571,-17.67008002509358,21.221331443566932,False,True
2011-07-08,4,-9.792721526826764,0.9787928221859707,,-25.504378995114553,0.9796878061524397,,1531.1,111.3401481368131,0.9821253191907289,,1527.3,1532.5,-121.13286966363987,-123.09378780501656,-125.05470594639327,-10.771514349012735,False,True
2011-07-11,0,10.35062843089136,0.9708737864077672,,20.02519967661702,0.9699321047526674,,1546.5,30.288407237640683,0.9681166903317413,,1549.4,1545.0,-19.93777880674932,-21.87676928348883,-23.81575976022834,9.379754644483594,False,True
2011-07-12,1,-34.14621750265145,0.9647543092359148,,0.0,0.9682416731216112,,1549.2,120.62253269756049,0.9682416731216112,,1549.2,1554.8,-154.76875020021194,-156.70174618256948,-158.634742164927,-35.11097181188737,False,True
2011-07-13,2,11.473007823600788,0.9566326530612246,,20.36530965435538,0.9555966108173537,,1569.7,61.472356828102484,0.95353124404043,,1573.1,1568.0,-49.999349004501696,-51.90951290160335,-53.819676798705004,10.516375170539565,False,True
2011-07-14,3,5.048592812017653,0.946850145183689,,16.38827974733082,0.9462528387585164,,1585.2,-1.259683821026814,0.944703363143973,,1587.8,1584.2,6.308276633044468,4.416723124716806,2.5251696163891437,4.101742666833964,False,True
2011-07-15,4,-37.86449052503148,0.9448223733938022,,5.056570488880152,0.9483467155592085,,1581.7,71.14778949914476,0.9478074055351955,,1582.6,1587.6,-109.01228002417625,-110.90490980310526,-112.79753958203425,-38.80931289842528,False,True
2011-07-18,0,30.687357728708378,0.9408517844822181,,21.23806157779755,0.9379689844922463,,1599.2,16.210490487916527,0.935979034069637,,1602.6,1594.3,14.47686724079185,12.600036422239995,10.72320560368814,29.74650594422616,False,True
2011-07-19,1,5.6020666866114155,0.9339393562044707,,-25.54438945471347,0.9333582228859438,,1607.1,-90.23748410521326,0.9357454772301934,,1603.0,1606.1,95.83955079182468,93.96986595839,92.10018112495536,4.668127330406945,False,True
2011-07-20,2,16.99128818843875,0.9447628645210053,,-15.101940952286508,0.943158953722334,,1590.4,79.02204808412986,0.9444654325651682,,1588.2,1587.7,-62.03075989569111,-63.91998819277728,-65.80921648986346,16.046525323917745,False,True
2011-07-21,3,6.864489021151754,0.936388039203446,,-23.732211988028077,0.9356871062316763,,1603.1,-53.92200663155487,0.9379689844922463,,1599.2,1601.9,60.78649565270663,58.91213862901094,57.037781605315246,5.928100981948308,False,True
2011-07-22,4,-5.033662725047723,0.9435742592942066,,52.72750901589583,0.9440493423122917,,1588.9,26.258220776673642,0.9390259171153125,,1597.4,1589.7,-31.291883501721365,-33.17448367813088,-35.0570838545404,-5.977236984341929,False,True
2011-07-25,0,63.23641655396343,0.9328938366813858,,-3.090712433813255,0.927070457354759,,1618.0,-20.42269484783679,0.9273570324574962,,1617.5,1607.9,83.65911140180022,81.79886053266134,79.93860966352246,62.30352271728204,False,True
2011-07-26,1,-1.2386201787060065,0.9289076046569236,,-23.56297983616044,0.9290226681531031,,1614.6,53.24430607464128,0.9311564963684897,,1610.9,1614.8,-54.48292625334729,-56.342990354372695,-58.20305445539812,-2.16752778336293,False,True
2011-07-27,2,20.352160961352954,0.9260402518829487,,-30.236671088289327,0.924214417744917,,1623.0,-28.468889137457882,0.9270131635869231,,1618.1,1619.8,48.82105009881084,46.96799668334097,45.11494326787109,19.426120709470005,False,True
2011-07-28,3,0.0,0.9292528806839303,,9.287063788576532,0.929137760158573,,1614.4,-1.2375471830664588,0.9281029575547581,,1616.2,1614.2,1.2375471830664588,-0.6198086551722296,-2.4771644934109176,-0.9292528806839303,False,True
2011-07-29,4,-32.82854693487131,0.9275864201348095,,24.165826427226644,0.9305788200260564,,1611.9,64.16210548891928,0.9283901714427184,,1615.7,1617.1,-96.99065242379059,-98.84662901536812,-100.70260560694565,-33.75613335500612,False,True
2011-08-01,0,-32.10672059137553,0.9246702009616571,,29.642459795597496,0.9277011565341086,,1616.9,0.0,0.9248982611912692,,1621.8,1622.2,-32.10672059137553,-33.95628905352845,-35.80585751568138,-33.031390792337184,False,True
2011-08-02,1,32.618424464798785,0.9246702009616571,,45.365452986424586,0.9216589861751153,,1627.5,173.43227744465,0.9175434303890386,,1634.8,1622.2,-140.81385297985122,-142.6560666112019,-144.49828024255262,31.69375426383713,False,True
2011-08-03,2,48.60349791796685,0.9022556390977445,,4.787265964205989,0.897827258035554,,1670.7,-43.77424313725562,0.8975049362771497,,1671.3,1662.5,92.37774105522246,90.57798047984757,88.77821990447266,47.7012422788691,False,True
2011-08-04,3,17.424224073713575,0.9020386072523905,,43.7244265237214,0.9004141905276428,,1665.9,-145.69794156695036,0.8965393580778198,,1673.1,1662.9,163.12216564066392,161.3235876753337,159.5250097100035,16.522185466461185,False,True
2011-08-05,4,62.24149168710136,0.9092562284051646,,28.870463936089777,0.9035056017347309,,1660.2,9.004953332501659,0.900900900900901,,1665.0,1649.7,53.2365383545997,51.42638122529364,49.61622409598757,61.332235458696196,False,True
2011-08-08,0,189.66288869822307,0.8919545697805792,,-52.063646809094706,0.8751969193068441,,1713.9,97.46495199748415,0.8797137997771394,,1705.1,1681.7,92.19793670073892,90.4262683311812,88.65459996162349,188.7709341284425,False,True
2011-08-09,1,214.5548351917773,0.8721437292865866,,-22.78943556970349,0.8536307762349193,,1757.2,-62.36610115794537,0.8555783709787818,,1753.2,1719.9,276.9209363497227,275.19321424945736,273.46549214919196,213.6826914624907,False,True
2011-08-10,2,33.70757612088396,0.8584182213574454,,86.32003169452625,0.8555295728055667,,1753.3,153.2145469443343,0.8483203257550052,,1768.2,1747.4,-119.50697082345035,-121.2137093705628,-122.92044791767525,32.84915789952651,False,True
2011-08-11,3,-98.36877889866265,0.8342602892102337,,2.2465599645183674,0.8425546256248948,,1780.3,-77.80824099197659,0.8424599831508005,,1780.5,1798.0,-20.560537906686065,-22.2372581790471,-23.913978451408134,-99.20303918787289,False,True
2011-08-12,4,-56.737740859078244,0.8486562942008488,,-18.22427749680935,0.8534850640113799,,1757.5,-29.11210207458553,0.8549931600547197,,1754.4,1767.5,-27.625638784492715,-29.329288238748283,-31.032937693003852,-57.586397153279094,False,True
2011-08-15,0,-42.44585929894133,0.858565623032454,,-2.299379177755223,0.8621680652948616,,1739.8,164.79346557596395,0.8624159144483414,,1739.3,1747.1,-207.23932487490526,-208.96030641238607,-210.68128794986686,-43.304424921973784,False,True
2011-08-16,1,15.820106130158592,0.8481764206955048,,70.31784381739266,0.8467878514169584,,1771.4,26.875716065041555,0.8409957389549229,,1783.6,1768.5,-11.055609934882963,-12.744782094533392,-14.433954254183817,14.971929709463087,False,True
2011-08-17,2,10.059238581549955,0.8386916410399777,,0.5585500043342734,0.8378484052952021,,1790.3,19.52853180254052,0.8377548170901984,,1790.5,1788.5,-9.469293220990565,-11.14573967912074,-12.822186137250917,9.220546940509978,False,True
2011-08-18,3,22.294067867301482,0.8369601606963509,,111.83817155981833,0.835142809420411,,1796.1,54.35541974199898,0.8258092931072453,,1816.4,1792.2,-32.06135187469749,-33.72412132850109,-35.38689078230468,21.457107706605132,False,True
2011-08-19,4,131.04067021792406,0.8209731268129825,,95.69451016150673,0.81028522039758,,1851.2,-75.1883241402734,0.8025682182985555,,1869.0,1827.1,206.22899435819744,204.6054530130859,202.98191166797437,130.21969709111107,False,True
2011-08-22,0,174.5375015185625,0.8051961994739385,,-143.9714617408482,0.7911809694604147,,1895.9,168.72216880535086,0.8026111616458881,,1868.9,1862.9,5.815332713211632,4.207525352091805,2.5997179909719783,173.73230531908857,False,True
2011-08-23,1,1.0524654011717116,0.7893905904641618,,-93.57968314192077,0.7893490501499765,,1900.3,-277.3841499953793,0.7968127490039842,,1882.5,1900.2,278.436615396551,276.85041205708285,275.26420871761474,0.2630748107075498,False,True
2011-08-24,2,73.98173328967573,0.8190008190008191,,17.86923448274764,0.8129640669882393,,1845.1,-483.84468192428574,0.8115565654926149,,1848.3,1831.5,557.8264152139615,556.195857829468,554.5653004449746,73.16273247067491,False,True
2011-08-25,3,-59.50355124048053,0.8556759840273818,,-76.61989841202175,0.8608321377331422,,1742.5,272.6456453542354,0.8673528391349601,,1729.4,1753.0,-332.14919659471593,-333.87222541787827,-335.5952542410406,-60.35922722450791,False,True
2011-08-26,4,-5.067710348047158,0.8444044134204008,,95.29754277768909,0.8448800270361609,,1775.4,208.68594352140965,0.8368200836820084,,1792.5,1776.4,-213.75365386945683,-215.43487836655922,-217.11610286366164,-5.912114761467559,False,True
2011-08-29,0,-99.95440566247987,0.8152173913043479,,14.26142526835952,0.8233615105939183,,1821.8,-188.11066438014953,0.8221430528912032,,1824.5,1840.0,88.15625871766966,86.51889827347411,84.88153782927856,-100.76962305378422,False,True
2011-08-30,1,41.22568512868742,0.8373806732540614,,91.30967399833139,0.8338892595063377,,1798.8,123.17786378901498,0.8262641842018289,,1815.4,1791.3,-81.95217866032756,-83.61582351778345,-85.27946837523935,40.38830445543336,False,True
2011-08-31,2,-0.5442028789675064,0.8162821070962126,,-39.26064261075359,0.816326530612245,,1837.5,-13.668299878151721,0.8195377806916899,,1830.3,1837.6,13.124096999184214,11.488277111396313,9.85245722360841,-1.3604849860637191,False,True
2011-09-01,3,-40.603622313843374,0.8213777242361188,,40.058220219415354,0.8247649419915325,,1818.7,13.13413421447439,0.8214227041235421,,1826.1,1826.2,-53.73775652831776,-55.380556956677424,-57.02335738503708,-41.425000038079496,False,True
2011-09-02,4,62.172975141933755,0.8206138191367144,,118.35097206781073,0.8154389779831477,,1839.5,130.2324127996673,0.805845062855915,,1861.4,1827.9,-68.05943765773353,-69.68589653972614,-71.31235542171878,61.35236132279704,False,True
2011-09-05,0,37.166868737526414,0.7979147827012075,,28.5774961633626,0.794954687582808,,1886.9,,,missing bar,,1879.9,,,,36.36895395482521,False,False
2011-09-06,1,50.26978172696842,0.7874429103889969,,-87.61171377691109,0.783494384956908,,1914.5,-103.29302316514577,0.7904721753794267,,1897.6,1904.9,153.56280489211417,151.98488980634576,150.40697472057732,49.48233881657942,False,True
2011-09-07,2,-188.32948333092125,0.7995735607675907,,0.5432568247973951,0.8149073721953606,,1840.7,-113.63137836154682,0.8148188386115488,,1840.9,1876.0,-74.69810496937443,-76.31249736875355,-77.92688976813271,-189.12905689168883,False,True
2011-09-08,3,150.0096314702552,0.8244023083264634,,39.98492386247382,0.8121277747698973,,1847.0,97.1324280588733,0.8088869715271787,,1854.4,1819.5,52.877203411381885,51.24391413152824,49.6106248516746,149.18522916192873,False,True
2011-09-09,4,24.543817677919417,0.8013248570970671,,-246.55309795588533,0.7993605115907275,,1876.5,149.620615187478,0.8192692118630183,,1830.9,1871.9,-125.07679750955857,-126.69739157851866,-128.31798564747874,23.74249282082235,False,True
2011-09-12,0,-138.96998194707425,0.8054988723015789,,34.78831578269484,0.8167710318540703,,1836.5,-140.42795582607675,0.8138903960933263,,1843.0,1862.2,1.457973879002509,-0.1614153893923962,-1.7808046577873013,-139.77548081937582,True,True
2011-09-13,1,74.57810394130053,0.8256274768824308,,-25.16275054498466,0.819493006993007,,1830.4,61.16895096644821,0.821737701325737,,1825.4,1816.8,13.409152974852319,11.76178779664415,10.114422618435983,73.7524764644181,False,True
2011-09-14,2,-46.91770745101818,0.8164153921515268,,-29.024417297849038,0.8202548258325587,,1828.7,-2.7425061192656734,0.8226390259953933,,1823.4,1837.3,-44.175201331752504,-45.814255749899424,-47.45331016804634,-47.73412284316971,False,True
2011-09-15,3,-53.32173258159226,0.8223684210526317,,-46.96011502738696,0.8267651435815468,,1814.3,-79.51333282269492,0.8307487815684539,,1805.6,1824.0,26.191600241102662,24.53848303848158,22.88536583586049,-54.14410100264489,False,True
2011-09-16,4,-123.63180792952103,0.8377548170901984,,105.17828054698089,0.8481284631912249,,1768.6,148.82549233552146,0.8392077878482713,,1787.4,1790.5,-272.4573002650425,-274.13426286998094,-275.8112254749194,-124.46956274661123,False,True
2011-09-19,0,38.38776307165667,0.8241758241758244,,-44.98334427151297,0.8210180623973728,,1827.0,-211.1306826383476,0.8246742536698005,,1818.9,1820.0,249.51844571000427,247.86959563215865,246.22074555431303,37.56358724748085,False,True
2011-09-20,1,18.512809977230173,0.8422707619742826,,65.37249150555,0.8408543079769046,,1783.9,58.862897634803275,0.8354218880534672,,1795.5,1780.9,-40.3500876575731,-42.02778030760085,-43.7054729576286,17.67053921525589,False,True
2011-09-21,2,54.66757588820644,0.8305647840531564,,-62.97667482908071,0.8260366760284158,,1815.9,-111.44660094349273,0.8312091322176661,,1804.6,1806.0,166.11417683169918,164.45240291542834,162.79062899915755,53.837011104153284,False,True
2011-09-22,3,-44.42327433702749,0.8416091567076252,,-92.82910380263723,0.845118034818863,,1774.9,-91.4135372163365,0.853096741170449,,1758.3,1782.3,46.990262879309,45.29555698143093,43.600851083552854,-45.26488349373512,False,True
2011-09-23,4,47.615039907097,0.8625646923519265,,-314.53338416399833,0.8585164835164836,,1747.2,-200.4601190295038,0.8860011813349086,,1693.0,1739.0,248.07515893660081,246.326593062914,244.57802718922716,46.752475214745076,False,True
2011-09-26,0,-666.9345177544545,0.9036144578313254,,467.83332907393947,0.9656237929702589,,1553.4,4.912496260907404,0.9213193292795284,,1628.1,1660.0,-671.847014015362,-673.6719478024728,-675.4968815895837,-667.8381322122858,False,True
2011-09-27,1,141.39679748352066,0.9206972747360669,,111.93473072784225,0.907770515613653,,1652.4,-110.11935448613168,0.8976660682226214,,1671.0,1629.2,251.51615196965236,249.69778862669367,247.87942528373497,140.4761002087846,False,True
2011-09-28,2,0.6049057861088679,0.9073861230415585,,-45.469780362402105,0.9073312363900315,,1653.2,-214.9695850470359,0.9114662453667133,,1645.7,1653.1,215.57449083314478,213.7556384647365,211.93678609632823,-0.3024803369326906,False,True
2011-09-29,3,84.76986690141989,0.9320822717951905,,-68.62681111705689,0.924214417744917,,1623.0,27.256412835350755,0.9304633707586379,,1612.1,1609.3,57.51345406606913,55.650908423515304,53.78836278096147,83.8377846296247,False,True
2011-09-30,4,65.90114079205361,0.9268985972934563,,-49.835523205179726,0.9205842641463117,,1629.4,27.722180082840282,0.9253547193090687,,1621.0,1618.3,38.17896070921333,36.3267073926108,34.47445407600828,64.97424219476015,False,True
2011-10-03,0,118.0622369176066,0.9230201218386562,,83.58112977207179,0.9122977739934316,,1644.2,14.464804836435649,0.9047044632086854,,1658.0,1625.1,103.59743208117095,101.7697074961236,99.94198291107627,117.13921679576794,True,True
2011-10-04,1,81.47172603203427,0.9022556390977445,,-167.25212395902523,0.8949346697691071,,1676.1,-135.62429156945063,0.9101941747572817,,1648.0,1662.5,217.0960176014849,215.28356778762986,213.47111797377485,80.56947039293652,True,True
2011-10-05,2,17.196908795264573,0.9220555692156382,,-80.06941028345987,0.9201889454634686,,1630.1,155.85049774867477,0.9275864201348095,,1617.1,1626.8,-138.6535889534102,-140.50323094276067,-142.3528729321111,16.274853226048936,True,True
2011-10-06,3,38.259543223571164,0.9126863401277762,,-18.201679579254733,0.9092562284051646,,1649.7,37.587191872987304,0.9110787172011663,,1646.4,1643.5,0.6723513505838596,-1.1514137067450827,-2.975178764074025,37.34685688344339,True,True
2011-10-07,4,45.86056794719649,0.9072214830047176,,-48.8880473957907,0.9031248118489976,,1660.9,-75.31619664773112,0.9076606559361008,,1652.6,1653.4,121.17676459492762,119.3618824559868,117.54700031704598,44.953346464191775,True,True
2011-10-10,0,75.30247522151322,0.9143553794574826,,71.14463868298962,0.9076057360682521,,1652.7,81.9701242088946,0.9011715229798739,,1664.5,1640.5,-6.667648987381384,-8.48317588981874,-10.298702792256098,74.38811984205574,False,True
2011-10-11,1,-11.32739263217072,0.8937615444199489,,-70.64628556019609,0.8948812790836417,,1676.2,-4.206604430890682,0.9012256669069936,,1664.4,1678.3,-7.120788201280039,-8.915775412606981,-10.710762623933924,-12.22115417659067,False,True
2011-10-12,2,68.24739133247463,0.901063254640476,,47.61630328795804,0.8949346697691071,,1676.1,-42.238082962964164,0.8904719501335709,,1684.5,1664.7,110.48547429543879,108.69393909066474,106.90240388589069,67.34632807783416,False,True
2011-10-13,3,-8.350233098814886,0.8942944017170454,,-17.919010887153533,0.8951482962344096,,1675.7,-19.150215307889585,0.896807365777831,,1672.6,1677.3,10.799982209074699,9.008880441579823,7.217778674084946,-9.244527500531932,False,True
2011-10-14,4,28.71845936938665,0.8987417615338527,,21.484849515376112,0.8961644162982436,,1673.8,27.9787068250009,0.8941877794336812,,1677.5,1669.0,0.7397525443857518,-1.053176996581782,-2.846106537549316,27.819717607852798,False,True
2011-10-17,0,-5.94071187197829,0.8908421427723009,,16.624120672344496,0.8913185572523621,,1682.9,-80.40304176304578,0.8897852651560092,,1685.8,1683.8,74.46232989106748,72.68170248313918,70.90107507521087,-6.831554014750591,False,True
2011-10-18,1,-46.145169229589236,0.8968609865470852,,-150.07845981743404,0.900955012313052,,1664.9,115.1807108024648,0.914578379367112,,1640.1,1672.5,-161.32588003205404,-163.13731939796824,-164.94875876388244,-47.04203021613632,False,True
2011-10-19,2,-26.59897590488817,0.9055783627143204,,-16.36116105012497,0.908210220392347,,1651.6,-41.32488409130946,0.9096973740069138,,1648.9,1656.4,14.725908186421286,12.910632449700051,11.095356712978818,-27.50455426760249,False,True
2011-10-20,3,-124.76462983873745,0.9116878380842401,,-10.468303551500753,0.9231905465288037,,1624.8,-4.313930982379628,0.924214417744917,,1623.0,1645.3,-120.45069885635782,-122.28660111218697,-124.12250336801613,-125.67631767682168,False,True
2011-10-21,4,38.791957761657244,0.9254118082546735,,58.82369903066392,0.9218289085545724,,1627.2,34.76143155782904,0.9163663021565155,,1636.9,1620.9,4.030526203828202,2.1887480934170136,0.3469699830058244,37.86654595340257,False,True
2011-10-24,0,60.67979783756047,0.9129640900791236,,27.78618519848532,0.9073312363900315,,1653.2,-19.924534893370872,0.9047590325110081,,1657.9,1643.0,80.60433273093135,78.78660960834121,76.96888648575109,59.76683374748135,False,True
2011-10-25,1,4.231013390810292,0.9068375551659514,,28.361965727729455,0.9064539521392315,,1654.8,280.48662678019764,0.9039956608208282,,1659.3,1654.1,-276.25561338938735,-278.06644660537415,-279.8772798213609,3.3241758356443403,False,True
2011-10-26,2,41.504750780753966,0.8786831468572435,,-47.95050413157964,0.8750437521876095,,1714.2,118.87559136029179,0.8793012486077731,,1705.9,1707.1,-77.37084057953783,-79.12882497500284,-80.88680937046786,40.626067633896724,False,True
2011-10-27,3,-27.834172797706227,0.8686084892003012,,21.45985801672401,0.8709284096847241,,1722.3,116.35405733334149,0.8690614136732331,,1726.0,1726.9,-144.1882301310477,-145.92590003392124,-147.66356993679477,-28.70278128690653,False,True
2011-10-28,4,-35.56885168132632,0.8590081319436491,,-6.89932758926413,0.8621185125581932,,1739.9,31.577462725458563,0.8625646923519265,,1739.0,1746.2,-67.14631440678488,-68.86788723108046,-70.58946005537604,-36.42785981326997,False,True
2011-10-31,0,-159.02263578094409,0.8605358269749298,,61.60661121578229,0.874482597796304,,1715.3,-56.3610916433687,0.8691117677733357,,1725.9,1743.1,-102.66154413757539,-104.39119173232365,-106.12083932707192,-159.88317160791902,False,True
2011-11-01,1,4.079135279895376,0.8742787200559539,,-97.19046059286951,0.8739730816290859,,1716.3,124.52296179720497,0.8824048473439614,,1699.9,1715.7,-120.44382651730959,-122.2005100847095,-123.95719365210942,3.2048565598394223,False,True
2011-11-02,2,34.213840676068685,0.8713331397037469,,27.75049476995699,0.8684073409367222,,1727.3,43.773828681029784,0.865850842761487,,1732.4,1721.5,-9.559988004961099,-11.297171987426333,-13.034355969891568,33.34250753636494,False,True
2011-11-03,3,-33.98718672417118,0.8626142963942723,,141.5212550324667,0.8655510675129834,,1733.0,40.8812742883761,0.8534365043240785,,1757.6,1738.9,-74.86846101254727,-76.58451181326562,-78.30056261398397,-34.84980102056545,False,True
2011-11-04,4,-30.047929176011248,0.8491367110104728,,-5.679236863233252,0.851643672287515,,1761.3,-23.318651260313345,0.8521274782707494,,1760.3,1766.5,-6.729277915697903,-8.430542104979125,-10.131806294260347,-30.89706588702172,False,True
2011-11-07,0,83.96736046909105,0.8546034639927075,,43.408473607648666,0.8474576271186443,,1770.0,103.52928308209555,0.843786915677561,,1777.7,1755.2,-19.561922613004498,-21.260312992674766,-22.958703372345035,83.11275700509835,False,True
2011-11-08,1,-41.85157192717739,0.8352823254259941,,25.68829245307331,0.8387385372399911,,1788.4,-29.608133135012917,0.8367267250515983,,1792.7,1795.8,-12.243438792164472,-13.915447842642065,-15.587456893119658,-42.68685425260338,False,True
2011-11-09,2,12.30081228628065,0.8392077878482713,,49.61406057655433,0.8382698111098693,,1789.4,-157.44827284381165,0.8338892595063377,,1798.8,1787.4,169.7490851300923,168.0759880827377,166.4028910353831,11.461604498432377,False,True
2011-11-10,3,-81.07309763496183,0.8469791078486731,,92.3702484708295,0.8539709649871906,,1756.5,-75.30113429770147,0.8460714084268713,,1772.9,1771.0,-5.77196333726036,-7.465013853535904,-9.158064369811449,-81.9200767428105,False,True
2011-11-11,4,32.90783111567799,0.8524664696521939,,42.395699577272964,0.8497139296436869,,1765.3,95.43128448119451,0.8460714084268713,,1772.9,1759.6,-62.52345336551652,-64.22199124359558,-65.92052912167465,32.0553646460258,False,True
2011-11-14,0,-36.95206041094963,0.8382698111098693,,-20.773103503498383,0.8412787436904096,,1783.0,11.234693912840942,0.8430755395683454,,1779.2,1789.4,-48.186754323790566,-49.86809967446878,-51.549445025146994,-37.790330222059495,False,True
2011-11-15,1,-76.04599385219304,0.8417508417508419,,14.123099260206962,0.8479846232121658,,1768.9,59.1068173555179,0.8468834688346885,,1771.2,1782.0,-135.15281120771093,-136.84144551829644,-138.53007982888198,-76.88774469394387,False,True
2011-11-16,2,-68.12130495028848,0.8416091567076252,,34.40596755407313,0.8475055087858072,,1769.9,-67.78920999737146,0.8444994933003042,,1776.2,1782.3,-0.33209495291701785,-2.018203602924947,-3.7043122529328762,-68.9629141069961,False,True
2011-11-17,3,6.231412182946395,0.8500028333427778,,-75.60505558736946,0.8494733265375469,,1765.8,-173.2567009804261,0.8559689568591646,,1752.4,1764.7,179.4881131633725,177.78214137317056,176.07616958296862,5.381409349603617,False,True
2011-11-18,4,24.94707295628676,0.8713331397037469,,47.98113086953922,0.8692124934809065,,1725.7,-53.19776625809151,0.865051903114187,,1734.0,1721.5,78.14483921437827,76.40845417156032,74.6720691287424,24.075739816583013,False,True
2011-11-21,0,-16.82476537633689,0.8695148107356097,,-87.47431564512908,0.8709284096847241,,1722.3,-174.29763864993703,0.8785802143735725,,1707.3,1725.1,157.47287327360013,155.72477824849094,153.97668322338177,-17.6942801870725,False,True
2011-11-22,1,64.13704508592863,0.8936550491510278,,24.238136663106975,0.8878366380585974,,1689.5,38.30632023027856,0.8856872933396317,,1693.6,1678.5,25.830724855650075,24.051382513159414,22.272040170668756,63.243390036777605,False,True
2011-11-23,2,25.26366609131609,0.8824048473439614,,-83.6726347673645,0.8801783828189181,,1704.2,19.507587541757673,0.8875739644970415,,1690.0,1699.9,5.756078549558417,3.986099737717414,2.216120925876411,24.381261243972126,False,True
2011-11-24,3,24.771466515417227,0.8857918979567735,,8.83262239080828,0.8836524300441828,,1697.5,,,missing bar,,1693.4,,,,23.885674617460452,False,False
2011-11-25,4,-73.95826984172366,0.8842254185333648,,-20.211634511029672,0.8907892392659896,,1683.9,,,missing bar,,1696.4,,,,-74.84249526025702,False,False
2011-11-28,0,121.4852471337137,0.8899964400142399,,45.62211808475165,0.8793527963418925,,1705.8,-4.085563426835672,0.8752990605123419,,1713.7,1685.4,125.57081056054938,123.80551506002278,122.04021955949621,120.59525069369946,False,True
2011-11-29,1,2.337131182125522,0.876526617191609,,1.7528995925572235,0.876526617191609,,1711.3,8.75938039597304,0.8763217853595842,,1711.7,1711.3,-6.422249213847517,-8.17509761639871,-9.927946018949903,1.460604564933913,False,True
2011-11-30,2,-19.27176699478839,0.8751458576429406,,18.11330069572583,0.8772442832914207,,1709.9,174.59109219378658,0.8747885927567506,,1714.7,1714.0,-193.86285918857496,-195.61279363897464,-197.36272808937434,-20.14691285243133,False,True
2011-12-01,3,,,roll,27.437995949319234,0.8586147681740127,,1747.0,-19.998292526168104,0.8562132541811749,,1751.9,,,,,,False,False
2011-12-02,4,11.431838912898028,0.8578781812982558,,55.253479980497616,0.856800137088022,,1750.7,-57.53854140146583,0.8520790729379687,,1760.4,1748.5,68.97038031436385,67.26042306012762,65.5504658058914,10.573960731599772,False,True
2011-12-05,0,-11.428572672497483,0.8566533409480298,,-59.640043736381706,0.8576329331046313,,1749.0,-71.5690461076676,0.8626639061421671,,1738.8,1751.0,60.14047343517012,58.42115618807993,56.70183894098973,-12.285226013445513,False,True
2011-12-06,1,-42.35450618150873,0.8684576192681799,,5.232710372605135,0.872346612387322,,1719.5,68.92384876810554,0.8717889108450542,,1720.6,1727.2,-111.27835494961428,-113.01860147972752,-114.75884800984075,-43.22296380077691,False,True
2011-12-07,2,15.56779511229896,0.8655510675129834,,-57.194182311302264,0.8641050751771416,,1735.9,114.63589347355317,0.8690614136732331,,1726.0,1733.0,-99.06809836125421,-100.80271084244043,-102.53732332362665,14.702244044785976,False,True
2011-12-08,3,-27.516641989577213,0.8587130753377606,,28.661527216084593,0.8610792192881747,,1742.0,-202.96166353323773,0.8586147681740127,,1747.0,1746.8,175.44502154366052,173.72769370014873,172.01036585663698,-28.375355064914974,False,True
2011-12-09,4,9.358367647961936,0.8777576218620167,,73.39696257148681,0.8769878391019645,,1710.4,-46.536062110185476,0.8705240554814,,1723.1,1708.9,55.89442975814741,54.146148080804,52.397866403460576,8.480610026099919,False,True
2011-12-12,0,-160.88656583037664,0.8737185461323395,,-29.048246409097192,0.8879417510211332,,1689.3,-85.26420793539461,0.8905776880603219,,1684.3,1716.8,-75.62235789498203,-77.38665412917469,-79.15095036336736,-161.760284376509,False,True
2011-12-13,1,-42.05473305397168,0.8992805755395685,,56.432880750248465,0.9030704394942807,,1661.0,-217.8339900657029,0.897827258035554,,1670.7,1668.0,175.7792570117312,173.98214917815608,172.18504134458095,-42.95401362951125,False,True
2011-12-14,2,47.0819298900732,0.9193429762196619,,-39.11985429054961,0.9150805270863838,,1639.2,-351.5037512314863,0.9186110600771634,,1632.9,1631.6,398.5856811215595,396.7477270852627,394.90977304896586,46.16258691385354,False,True
2011-12-15,3,-2.5319660851822583,0.9493670886075951,,93.88557037617998,0.9496074955684985,,1579.6,-138.2990689269666,0.9407337723424273,,1594.5,1580.0,135.76710284178435,133.8770019808343,131.9869011198843,-3.4813331737898534,False,True
2011-12-16,4,140.7451678487385,0.9534100298735145,,25.037569414118337,0.9400852343945852,,1595.6,9.998750989251416,0.9378516943853946,,1599.4,1573.3,130.74641685948708,128.8551551352282,126.96389341096926,139.791757818865,False,True
2011-12-19,0,-47.50899728068886,0.9354536950420955,,11.273252274248934,0.9399674144629654,,1595.8,-10.645293594288656,0.9387908374014271,,1597.8,1603.5,-36.8637036864002,-38.73794821884372,-40.612192751287246,-48.44445097573095,False,True
2011-12-20,1,40.03257989139547,0.9401441554371671,,41.73810762530739,0.936388039203446,,1601.9,54.55686191753332,0.9324878776575907,,1608.6,1595.5,-14.524282026137847,-16.396914059232603,-18.269546092327364,39.092435735958304,False,True
2011-12-21,2,84.97064854397989,0.9275290625772942,,-72.6201726746322,0.9197939661515822,,1630.8,-10.508423158324934,0.9267268009390833,,1618.6,1617.2,95.47907170230482,93.62481583878845,91.77055997527206,84.0431194814026,False,True
2011-12-22,3,-30.347157343974924,0.9275864201348095,,12.398488972812157,0.9304633707586379,,1612.1,-42.837253151767186,0.9292528806839303,,1614.2,1617.1,12.490095807792262,10.63325650697352,8.776417206154782,-31.274743764109733,False,True
2011-12-23,4,42.823959937148686,0.9329518596840404,,-32.875382399228876,0.9289076046569236,,1614.8,-8.079804038183367,0.9319085487077537,,1609.6,1607.8,50.903763975332055,49.03890356694026,47.174043158548464,41.89100807746465,False,True
2011-12-26,0,,,missing bar,,,missing bar,,,,missing bar,,,,,,,False,False
2011-12-27,1,-67.34032181344068,0.9321401938851605,,-19.416873721181474,0.9386146048432515,,1598.1,-3.135091100074586,0.9403799134850481,,1595.1,1609.2,-64.20523071336609,-66.0777508207363,-67.9502709281065,-68.27246200732584,False,True
2011-12-28,2,-29.530981845633356,0.9410878976096368,,-14.48317371647288,0.9438711301283665,,1589.2,-184.4249409571549,0.9451795841209831,,1587.0,1593.9,154.89395911152153,153.0076916297909,151.12142414806027,-30.472069743242994,False,True
2011-12-29,3,-36.67367790607691,0.9633292659430996,,-136.2772550296769,0.9668063164679344,,1551.5,104.63133635480528,0.9799438165545176,,1530.7,1557.1,-141.3050142608822,-143.2482873433798,-145.1915604258774,-37.63700717202001,False,True
2011-12-30,4,85.58886187033873,0.9694306210818847,,55.59652624563323,0.9612303748798463,,1560.5,-21.050624939266328,0.9558401835213154,,1569.3,1547.3,106.63948680960506,104.71421600500186,102.78894520039866,84.61943124925685,False,True
2012-01-02,0,,,missing bar,,,missing bar,,,,missing bar,,,,,,,True,False
2012-01-03,1,113.29593638700172,0.9548058561425845,,25.769160421330227,0.9439899307740719,,1589.0,74.41952985267204,0.9415604795681378,,1593.1,1571.0,38.876406534329675,36.98004019861895,35.08367386290823,112.34113053085913,True,True
2012-01-04,2,8.09691427251218,0.9346376721291046,,-51.179739726573494,0.9338230716553572,,1606.3,93.42369892679005,0.9386146048432515,,1598.1,1604.9,-85.32678465427787,-87.20003693125022,-89.07328920822259,7.162276600383075,False,True
2012-01-05,3,69.13607784818058,0.929137760158573,,-95.1858351828234,0.9227362204724411,,1625.6,82.2591767702027,0.9315612967333251,,1610.2,1614.4,-13.123098922022123,-14.983797978914021,-16.84449703580592,68.20694008802201,False,True
2012-01-06,4,-6.1656084325724265,0.9245562130177516,,12.326657955279375,0.9250693802035154,,1621.5,-31.464998042356335,0.923986694591598,,1623.4,1622.4,25.29938960978391,23.45084670217456,21.60230379456521,-7.090164645590178,False,True
2012-01-09,0,6.179706042664875,0.9272423811584349,,-14.837715241518731,0.9266695496385989,,1618.7,-27.261479089363505,0.9281029575547581,,1616.2,1617.7,33.44118513202838,31.585839793315188,29.730494454601995,5.2524636615064395,False,True
2012-01-10,1,34.672810415970616,0.93034795013335,,123.46214992148711,0.927070457354759,,1618.0,-30.571714425496104,0.9157509157509159,,1638.0,1612.3,65.24452484146673,63.39842597558246,61.5523271096982,33.742462465837264,False,True
2012-01-11,2,67.76789572623515,0.9188924283263906,,-17.660855356246568,0.9126863401277762,,1643.5,12.183237374424367,0.9142996464708035,,1640.6,1632.4,55.58465835181079,53.7514662770136,51.9182742022164,66.84900329790877,False,True
2012-01-12,3,21.273370733661398,0.9126863401277762,,52.0834510713826,0.9108021130609023,,1646.9,-28.430591088742567,0.9060706735125341,,1655.5,1643.5,49.70396182240397,47.88520480876366,46.066447795123345,20.36068439353362,False,True
2012-01-13,4,-16.986172489910256,0.9092011152867016,,-35.279841945807256,0.9108021130609023,,1646.9,-6.705477406909212,0.914076782449726,,1641.0,1649.8,-10.280695083001044,-12.103972980737472,-13.927250878473899,-17.89537360519696,False,True
2012-01-16,0,44.52720156911615,0.9169825162000247,,9.734137168203944,0.9130196603566864,,1642.9,,,missing bar,,1635.8,,,,43.61021905291613,False,False
2012-01-17,1,139.06748096995213,0.9132976132489041,,-13.218772579158244,0.9006845202353789,,1665.4,-64.54554153484649,0.9019301304792258,,1663.1,1642.4,203.6130225047986,201.79779476107046,199.98256701734235,138.15418335670321,False,True
2012-01-18,2,37.47133599976103,0.9082652134423252,,-18.718116747379103,0.9048681908668639,,1657.7,31.380147650063844,0.9066183136899367,,1654.5,1651.5,6.0911883496971875,4.276304822564925,2.4614212954326637,36.563070786318704,False,True
2012-01-19,3,10.231411322556356,0.9032335762028062,,9.620588800479334,0.9023641941887747,,1662.3,-31.905634626801785,0.9015506671474939,,1663.8,1660.7,42.13704594935814,40.332261706007834,38.52747746265754,9.32817774635355,False,True
2012-01-20,4,2.4137098837919635,0.9052504526252264,,-59.304258530165605,0.9050319777965489,,1657.4,115.85237885656613,0.9103598956120653,,1647.7,1657.0,-113.43866897277417,-115.25427932101145,-117.06988966924875,1.5084594311667372,False,True
2012-01-23,0,21.595689256875975,0.9007926975738652,,38.87913501666759,0.8989572096368216,,1668.6,10.739217069364129,0.8954154727793697,,1675.2,1665.2,10.856472187511846,9.060264017158612,7.264055846805377,20.69489655930211,True,True
2012-01-24,1,0.5962495902564925,0.8944010494305648,,-68.80692476877665,0.8944010494305648,,1677.1,-1.2008405898537347,0.900576368876081,,1665.6,1677.1,1.797090180110227,0.002112761803581331,-1.7928646565030641,-0.29815145917407226,True,True
2012-01-25,2,12.593327201798061,0.9000900090009002,,-86.65878387690381,0.8987956138774044,,1668.9,336.3958957808343,0.9066731141199227,,1654.4,1666.5,-323.80256857903623,-325.6093317021571,-327.41609482527787,11.693237192797161,True,True
2012-01-26,3,0.5844706159054859,0.876731544800982,,22.765091698393277,0.8765778401122021,,1711.2,25.618645743744967,0.874482597796304,,1715.3,1710.9,-25.034175127839482,-26.78538927043677,-28.536603413034054,-0.29226092889549615,True,True
2012-01-27,4,-16.8678242698769,0.871738246062649,,30.807708849499562,0.8732607556616406,,1717.7,91.28789995383516,0.8706251088281386,,1722.9,1720.7,-108.15572422371207,-109.89808757860285,-111.64045093349364,-17.739562515939546,True,True
2012-01-30,0,-57.15125961428164,0.8634584388671427,,-26.08772748274062,0.8684576192681799,,1727.2,41.12729172976309,0.8706756442999769,,1722.8,1737.2,-98.27855134404473,-100.01268542721185,-101.74681951037897,-58.01471805314878,False,True
2012-01-31,1,55.30923819140401,0.8666011901323013,,-5.172265280102837,0.8618213157138754,,1740.5,-7.476635862307318,0.8623663332183512,,1739.4,1730.9,62.78587405371133,61.05690653036068,59.32793900701003,54.44263700127171,False,True
2012-02-01,2,,,roll,55.62100408477271,0.8625150940141455,,1739.1,-13.161284838796442,0.857780065191285,,1748.7,,,,,,False,False
2012-02-02,3,31.427699362640894,0.858467349625136,,-30.855404172624084,0.8557736193518943,,1752.8,83.20084466719642,0.8583690987124464,,1747.5,1747.3,-51.77314530455553,-53.48998175289311,-55.20681820123069,30.569232013015757,False,True
2012-02-03,4,-4.542099663622362,0.8514503036839417,,-15.914519671296205,0.8518855065879147,,1760.8,-167.49273052446142,0.8532423208191128,,1758.0,1761.7,162.95063086083906,161.245938236336,159.54124561183295,-5.393549967306304,False,True
2012-02-06,0,23.081372047503685,0.8665511265164646,,-93.82127082088572,0.8646529859349782,,1734.8,24.410101624349497,0.8728542333430319,,1718.5,1731.0,-1.328729576845813,-3.0681349367053095,-4.807540296564806,22.21482092098722,False,True
2012-02-07,1,43.44684604010892,0.8708272859216257,,-83.01211573907055,0.8671522719389526,,1729.8,185.94980550718475,0.8743296805782235,,1715.6,1722.5,-142.5029594670758,-144.24811643357566,-145.9932734000755,42.576018754187295,False,True
2012-02-08,2,14.294293294152238,0.8582708702866626,,-20.017736673835465,0.8570449091532397,,1750.2,-64.32737132506195,0.8587622373618826,,1746.7,1747.7,78.62166461921419,76.90463151156564,75.1875984039171,13.436022423865575,False,True
2012-02-09,3,21.31030324107014,0.8648523985239853,,-21.886888128940644,0.8630113342155229,,1738.1,-15.580371887146423,0.8649022660439372,,1734.3,1734.4,36.890675128216564,35.160920463648644,33.431165799080716,20.445450842546155,False,True
2012-02-10,4,-34.14058808995635,0.8665010686846516,,-66.30244132895004,0.8695148107356097,,1725.1,59.92396556834982,0.8752990605123419,,1713.7,1731.1,-94.06455365830618,-95.80635378750318,-97.54815391670017,-35.007089158641,False,True
2012-02-13,0,23.12941935488111,0.868357068426537,,12.121563434046124,0.8663509298833315,,1731.4,-53.79000216063301,0.8652514997692664,,1733.6,1727.4,76.91942151551412,75.18581294731831,73.4522043791225,22.261062286454575,False,True
2012-02-14,1,-20.322259861033256,0.8700696055684456,,-14.541226933344232,0.8718395815170009,,1720.5,23.837913552761975,0.8731590895861226,,1717.9,1724.0,-44.160173413795235,-45.903402108949805,-47.64663080410437,-21.192329466601702,False,True
2012-02-15,2,36.497448039467656,0.8705745792222869,,3.4688096549482856,0.8673528391349601,,1729.4,0.0,0.8671522719389526,,1729.8,1723.0,36.497448039467656,34.759721188306415,33.02199433714517,35.62687346024537,False,True
2012-02-16,3,-50.99391012016382,0.8670019074041964,,-27.92647847074866,0.8714850104578202,,1721.2,77.76720755041714,0.8739221626660453,,1716.4,1730.1,-128.76111767058097,-130.5020417406512,-132.24296581072144,-51.86091202756801,False,True
2012-02-17,4,31.734152356544303,0.8668515950069349,,-11.527378798082854,0.8640552995391706,,1736.0,-54.35738822263136,0.865051903114187,,1734.0,1730.4,86.09154057917566,84.35963708105453,82.62773358293342,30.86730076153737,False,True
2012-02-20,0,31.194063767619106,0.8678546632723908,,10.377033099990268,0.8652015919709293,,1733.7,,,missing bar,,1728.4,,,,30.326209104346717,False,False
2012-02-21,1,39.08949562313328,0.8639557654648083,,-11.481057518318604,0.8605851979345958,,1743.0,115.94498337542552,0.8617222956281956,,1740.7,1736.2,-76.85548775229225,-78.58116581338525,-80.30684387447826,38.22553985766847,False,True
2012-02-22,2,-6.815084316477899,0.8515953219030318,,-16.48898738910951,0.852175889103511,,1760.2,117.10596873049361,0.8535821999658569,,1757.3,1761.4,-123.92105304697151,-125.6262305688404,-127.33140809070929,-7.666679638380931,False,True
2012-02-23,3,-18.57428840098741,0.843502221222516,,10.699705371058759,0.8451656524678838,,1774.8,32.5934539736444,0.844309354947653,,1776.6,1778.3,-51.167742374631814,-52.85555395080198,-54.54336552697215,-19.417790622209925,False,True
2012-02-24,4,-28.09779876103329,0.8417508417508419,,4.500196959561591,0.8439768187700446,,1777.3,-26.466214733621072,0.843549656956473,,1778.2,1782.0,-1.6315840274122166,-3.3168845261195314,-5.002185024826846,-28.93954960278413,False,True
2012-02-27,0,-19.15385634310928,0.8442143178748313,,-19.75671665183696,0.8458805616646932,,1773.3,-4.521306734645619,0.8475533958639395,,1769.8,1776.8,-14.632549608463659,-16.32431732220243,-18.016085035941202,-19.99807066098411,False,True
2012-02-28,1,35.52601926305099,0.8473618800135578,,27.542807102902064,0.844309354947653,,1776.6,22.989160367338922,0.8420343550016842,,1781.4,1770.2,12.536858895712069,10.847462660696825,9.158066425681584,34.67865738303743,False,True
2012-02-29,2,17.899098637099062,0.8397715821296609,,-12.304940307555931,0.8384572386808273,,1789.0,-510.3704763525413,0.8395365758101528,,1786.7,1786.2,528.2695749896403,526.5902668317005,524.9109586737607,17.0593270549694,False,True
2012-03-01,3,140.55045143644332,0.8846426043878275,,-32.620754737942725,0.872346612387322,,1719.5,29.129062251242456,0.8751458576429406,,1714.0,1695.6,111.42138918520087,109.66160072317011,107.90181226113933,139.6658088320555,False,True
2012-03-02,4,-21.53855942246275,0.8722451590393675,,-16.332248147449214,0.8742277654738316,,1715.8,2.334675782507613,0.8756056272254978,,1713.1,1719.7,-23.873235204970364,-25.621085991235226,-27.368936777500096,-22.410804581502116,False,True
2012-03-05,0,-11.101698531316984,0.8759635599159076,,-36.31681592298879,0.8770391159445713,,1710.3,15.831602004978617,0.8802300334487415,,1704.1,1712.4,-26.9333005362956,-28.689494129660247,-30.4456877230249,-11.977662091232892,False,True
2012-03-06,1,-46.37655440035424,0.8785287571746516,,-59.60653842774342,0.88261253309797,,1699.5,-86.79165169920114,0.8878366380585974,,1689.5,1707.4,40.4150972988469,38.64873190361366,36.88236650838041,-47.25508315752889,False,True
2012-03-07,2,-3.5827312737682306,0.8955223880597017,,35.76968163437065,0.895843287147635,,1674.4,28.52390809634403,0.8926446084265652,,1680.4,1675.0,-32.10663937011226,-33.89480636659853,-35.6829733630848,-4.4782536618279325,False,True
2012-03-08,3,36.12143083651985,0.8898380494749957,,35.39826705123987,0.8865248226950356,,1692.0,12.359849723905013,0.88339222614841,,1698.0,1685.7,23.761581112614834,21.98835083699143,20.215120561368025,35.23159278704485,False,True
2012-03-09,4,17.03928259730452,0.8820935019112028,,-16.45123755288495,0.8805917576611484,,1703.4,80.82035207675277,0.8820416323650478,,1700.6,1700.5,-63.78106947944825,-65.5452046137245,-67.30933974800075,16.157189095393317,False,True
2012-03-12,0,-50.27192442899442,0.8746355685131196,,-41.692417773206756,0.8789920890711985,,1706.5,15.289623678372637,0.8827683615819211,,1699.2,1715.0,-65.56154810736706,-67.3189520374621,-69.07635596755713,-51.14655999750754,False,True
2012-03-13,1,13.513912571066893,0.8819379115710256,,-41.77582492941826,0.8807468733485998,,1703.1,-127.58681217564805,0.8844861135680171,,1695.9,1700.8,141.10072474671495,139.33430072157591,137.56787669643685,12.631974659495867,False,True
2012-03-14,2,-29.29310120370521,0.8954154727793697,,-85.38323773924049,0.8980960364028261,,1670.2,-67.86259684359017,0.9057971014492755,,1656.0,1675.2,38.56949563988496,36.76828306565632,34.96707049142767,-30.18851667648458,False,True
2012-03-15,3,18.240413642498808,0.9128529698149952,,20.633579355968543,0.9112447603426282,,1646.1,57.43493918119592,0.9094767477111504,,1649.3,1643.2,-39.194525538697114,-41.01685525622326,-42.839184973749404,17.327560672683813,False,True
2012-03-16,4,22.89571404476624,0.9048136083966705,,-91.89351890749005,0.9026900162484204,,1661.7,81.05536755754886,0.9110233829334955,,1646.5,1657.8,-58.159653512782626,-59.97549050411279,-61.79132749544296,21.99090043636957,False,True
2012-03-19,0,26.48689244142764,0.9041591320072334,,-53.64528702448936,0.9017132551848513,,1663.5,59.05766231013867,0.9066183136899367,,1654.5,1659.0,-32.570769868711025,-34.381547314408195,-36.192324760105365,25.582733309420405,False,True
2012-03-20,1,-51.797983667897014,0.9011173855580922,,-63.60766561810347,0.9057971014492755,,1656.0,30.94756558417824,0.911632429804303,,1645.4,1664.6,-82.74554925207525,-84.55829906743764,-86.37104888280004,-52.69910105345511,False,True
2012-03-21,2,16.34234543420779,0.9086503513448027,,-22.403206366965666,0.9072214830047176,,1653.4,6.060238958884349,0.9093113482056258,,1649.6,1650.8,10.282106475323442,8.464144775773015,6.646183076222584,15.433695082862988,False,True
2012-03-22,3,7.271846157312515,0.9093113482056258,,-95.56636022141534,0.9087053977100625,,1650.7,65.23021269983344,0.9174311926605506,,1635.0,1649.6,-57.95836654252093,-59.785109083387105,-61.61185162425328,6.362534809106889,False,True
2012-03-23,4,7.903937179987693,0.9123532631835047,,10.327127850359288,0.9116878380842401,,1645.3,86.44977214792713,0.9107468123861567,,1647.0,1644.1,-78.54583496793944,-80.3689350435091,-82.19203511907877,6.9915839168041884,False,True
2012-03-26,0,10.222183025356275,0.9024184815305019,,-28.288562004777138,0.9015506671474939,,1663.8,184.55446620514908,0.904213635541624,,1658.9,1662.2,-174.3322831797928,-176.13891529686492,-177.94554741393705,9.319764543825773,False,True
2012-03-27,1,-2.9586674377781645,0.8874689385871496,,-1.775830945560576,0.8878366380585974,,1689.5,-54.6125066248395,0.8879943168363723,,1689.2,1690.2,51.65383918706133,49.87837593163781,48.10291267621429,-3.846136376365314,False,True
2012-03-28,2,-32.20806792387849,0.8932293217412018,,13.135898712353368,0.8962179602079227,,1673.7,-79.67214995694626,0.8949880668257758,,1676.0,1679.3,47.46408203306777,45.67586464450079,43.887647255933814,-33.10129724561969,False,True
2012-03-29,3,1.8051084618340625,0.9026356962330006,,-21.081170282863837,0.9025270758122744,,1662.0,10.847295266336308,0.9044317154054871,,1658.5,1661.8,-9.042186804502245,-10.849254216140732,-12.65632162777922,0.9024727656010619,False,True
2012-03-30,4,5.41825966718782,0.9032879682042636,,33.028103886829484,0.9022556390977445,,1662.5,-6.597691047545007,0.8993884158772036,,1667.8,1660.6,12.015950714732828,10.21327433065136,8.410597946569894,4.514971698983556,False,True
2012-04-02,0,-2.9917726475958886,0.8973975471133713,,-21.56722618880615,0.8976660682226214,,1671.0,70.51541111183441,0.8995502248875564,,1667.5,1671.5,-73.5071837594303,-75.30413153143124,-77.10107930343216,-3.88917019470926,True,True
2012-04-03,1,11.907598453905669,0.893601811033004,,-36.36692832729509,0.8926446084265652,,1680.4,-161.99806260790552,0.896057347670251,,1674.0,1678.6,173.9056610618112,172.11600190310796,170.32634274440468,11.013996642872664,True,True
2012-04-04,2,-9.726444535795098,0.9114108640174993,,-105.77580202908403,0.9122977739934316,,1644.2,-33.24716767752063,0.9219988936013278,,1626.9,1645.8,23.520723141725533,21.68731338410671,19.853903626487877,-10.637855399812597,True,True
2012-04-05,3,21.55505068601761,0.9247842170160298,,8.608498348750699,0.9227362204724411,,1625.6,30.069673787791125,0.9218855632720794,,1627.1,1622.0,-8.514623101773516,-10.361292882061624,-12.207962662349734,20.63026646900158,False,True
2012-04-06,4,,,missing bar,,,missing bar,,,,missing bar,,,,,,,False,False
2012-04-09,0,19.48131627942208,0.914076782449726,,-13.388512223887894,0.9122422915526366,,1644.3,-3.045901762758708,0.9136313801924718,,1641.8,1641.0,22.527218042180788,20.69950987953859,18.871801716896393,18.567239496972356,False,True
2012-04-10,1,37.058454974561805,0.9129640900791236,,-7.885718160605074,0.9095318942517586,,1649.2,77.37450196022884,0.9102494083378847,,1647.9,1643.0,-40.316046985667036,-42.13926048408404,-43.96247398250105,36.14549088448268,False,True
2012-04-11,2,1.8063040058743915,0.9032335762028062,,-7.829674866217009,0.9030704394942807,,1661.0,2.410074121445795,0.903886712865321,,1659.5,1660.7,-0.6037701155714035,-2.4108904046395305,-4.218010693707658,0.9030704296715854,False,True
2012-04-12,3,-4.216994550278294,0.9034511835210506,,-28.96628662230685,0.903886712865321,,1659.5,130.88563408484586,0.9065087327007918,,1654.7,1660.3,-135.10262863512415,-136.91258855134598,-138.72254846756783,-5.120445733799344,False,True
2012-04-13,4,-2.9826707054421413,0.8946677800310153,,-16.121812717143865,0.8949346697691071,,1676.1,-84.62166025264912,0.8964321998446186,,1673.3,1676.6,81.63898954720698,79.84788956733134,78.05678958745571,-3.8773384854731567,False,True
2012-04-16,0,-95.10323974728891,0.9043226623259181,,27.96014464371102,0.9130196603566864,,1642.9,31.51135803448353,0.9104151493080846,,1647.6,1658.7,-126.61459778177243,-128.42933559340645,-130.24407340504044,-96.00756240961483,False,True
2012-04-17,1,-41.81190760401158,0.9070569027030297,,46.645548759197276,0.9108021130609023,,1646.9,-26.021982065604337,0.9065635198839601,,1654.6,1653.7,-15.789925538407243,-17.603545960994232,-19.417166383581222,-42.71896450671461,False,True
2012-04-18,2,17.55182777723956,0.9086503513448027,,-65.52626285154946,0.90711175616836,,1653.6,1.8260949011381915,0.9131308212089853,,1642.7,1650.8,15.725732876101368,13.90395170354758,12.082170530993793,16.643177425894756,False,True
2012-04-19,3,-8.526707380608443,0.9131864117861929,,-29.291532507322643,0.9140210834196577,,1641.1,43.907864174897604,0.9167583425009169,,1636.2,1642.6,-52.43457155550605,-54.26451630979316,-56.094461064080264,-9.439893792394635,False,True
2012-04-20,4,6.69201545886608,0.9128529698149952,,6.080136382359422,0.9122977739934316,,1644.2,-10.337803833497139,0.9116878380842401,,1645.3,1643.2,17.029819292363218,15.205278484463982,13.380737676564747,5.779162489051084,False,True
2012-04-23,0,-2.4351637767957985,0.9130752373995619,,-67.20044838243763,0.9132976132489041,,1642.4,49.5277541822287,0.9194556822361163,,1631.4,1642.8,-51.962917959024495,-53.795448878660174,-55.627979798295854,-3.3482390141953604,False,True
2012-04-24,1,-28.706692488155266,0.914857282263967,,55.49979177492469,0.9173750840927163,,1635.1,-9.126586377768854,0.9122422915526366,,1644.3,1639.6,-19.58010611038641,-21.407205684203014,-23.234305258019617,-29.621549770419232,False,True
2012-04-25,2,1.8266508407711588,0.9134088417975887,,6.086427455085427,0.9132420091324203,,1642.5,4.2582961375887844,0.9126863401277762,,1643.5,1642.2,-2.4316452968176256,-4.257740478742991,-6.083835660668356,0.9132419989735701,False,True
2012-04-26,3,30.3582503952435,0.9121313469139558,,9.695207691506527,0.9093664746892999,,1649.5,41.10008807632815,0.9084852522560719,,1651.1,1644.5,-10.74183768108465,-12.562454280254679,-14.383070879424706,29.446119048329543,False,True
2012-04-27,4,-28.399668624142713,0.9050865866167864,,14.511157997142309,0.9076057360682521,,1652.7,49.41853003253935,0.9062348960850654,,1655.2,1657.3,-77.81819865668206,-79.62952013938391,-81.44084162208576,-29.3047552107595,False,True
2012-04-30,0,6.011421882262748,0.9019843656043296,,-6.612762872851365,0.9014423076923079,,1664.0,16.223527668356994,0.9020386072523905,,1662.9,1663.0,-10.212105786094245,-12.016128758950964,-13.820151731807686,5.109437516658418,True,True
2012-05-01,1,-9.607879199434247,0.9003061040753858,,6.60720209038247,0.9012798173406238,,1664.3,-14.421346087913408,0.9006845202353789,,1665.4,1666.1,4.8134668884791605,3.012476264168396,1.211485639857631,-10.508185303509633,True,True
2012-05-02,2,-40.97378593327965,0.9019843656043296,,-22.36258524631652,0.9055783627143204,,1656.4,6.653158983735918,0.9075508228460796,,1652.8,1663.0,-47.62694491701557,-49.436480105465975,-51.246015293916386,-41.87577029888398,False,True
2012-05-03,3,-60.034745668053766,0.9068923821039905,,14.586121462925227,0.9122977739934316,,1644.2,-62.74960429475777,0.910968055386858,,1646.6,1654.0,2.7148586267040073,0.8969981892131589,-0.9208622482776896,-60.941638050157756,False,True
2012-05-04,4,-11.617598909782794,0.9166462967489613,,-17.145310672405667,0.9177118384827166,,1634.5,67.18813450129385,0.919286633572348,,1631.7,1636.4,-78.80573341107664,-80.64166634139795,-82.47759927171926,-12.534245206531756,False,True
2012-05-07,0,-26.201154434145465,0.9127974198259602,,1.2201818086031175,0.9151921903599757,,1639.0,-1.2203307111367232,0.9151921903599757,,1639.0,1643.3,-24.980823723008744,-26.808813333194678,-28.636802943380616,-27.113951853971425,False,True
2012-05-08,1,-44.02868972756972,0.9152480322167308,,-10.424012962167684,0.919286633572348,,1631.7,-148.34316158141826,0.9203018590097554,,1629.9,1638.9,104.31447185384854,102.47892196262205,100.64337207139558,-44.94393775978645,False,True
2012-05-09,2,-76.25990201857361,0.9340556697179153,,-41.501663039247106,0.941265060240964,,1593.6,16.36970711197917,0.9451795841209831,,1587.0,1605.9,-92.62960913055278,-94.50884438439168,-96.38807963823058,-77.19395768829153,False,True
2012-05-10,3,26.38523958181242,0.9435742592942066,,-13.811289784114624,0.9410288582183189,,1594.0,13.810422785105558,0.9422702431057227,,1591.9,1589.7,12.574816796706862,10.688972294306932,8.803127791907004,25.441665322518215,False,True
2012-05-11,4,-64.84739569035145,0.9413241292751805,,17.041693145097728,0.9475679090334809,,1583.0,-41.07560516304695,0.9459544680582709,,1585.7,1593.5,-23.771790527304496,-25.65906912463795,-27.5463477219714,-65.78871981962662,False,True
2012-05-14,0,-55.65759734965866,0.946073793755913,,-84.06621919710786,0.9512937595129378,,1576.8,-46.156886869317354,0.9593859929645029,,1563.5,1585.5,-9.500710480341304,-11.40617026706172,-13.311630053782135,-56.60367114341457,False,True
2012-05-15,1,-17.353862374921476,0.9632674030310815,,53.251336821070495,0.964940495336121,,1554.5,-124.2651923870149,0.9598157153826468,,1562.8,1557.2,106.91133001209343,104.9882468936797,103.06516377526597,-18.31712977795256,False,True
2012-05-16,2,-89.07441619314241,0.9709366302026022,,46.90562345811049,0.9794958861172783,,1531.4,3.8988888660793606,0.9749122578967895,,1538.6,1544.9,-92.97330505922177,-94.91915394732116,-96.86500283542055,-90.04535282334501,False,True
2012-05-17,3,69.94847172967866,0.9749122578967895,,50.21900845132846,0.968179177693152,,1549.3,108.58563513396854,0.9633292659430996,,1557.1,1538.6,-38.63716340428988,-40.57540492812977,-42.513646451969656,68.97355947178187,False,True
2012-05-18,4,-17.799254587955993,0.952683391552874,,115.76912470358931,0.9544413336726905,,1571.6,20.108087710363638,0.9435149075355392,,1589.8,1574.5,-37.907342298319634,-39.803540597408045,-41.69973889649646,-18.751937979508867,False,True
2012-05-21,0,38.286568030501094,0.9432775751477803,,-23.831933512345135,0.9396141317965423,,1596.4,0.0,0.941737820190859,,1592.8,1590.2,38.286568030501094,36.40155263516245,34.51653723982382,37.34329045535331,False,True
2012-05-22,1,-38.996212698734475,0.9416195856873825,,-34.088790033483015,0.9452987143937486,,1586.8,-83.18828732449302,0.948586605957124,,1581.3,1593.0,44.19207462575854,42.301868434114034,40.41166224246953,-39.93783228442186,False,True
2012-05-23,2,-53.73605560987734,0.9569988516013782,,13.461109048442646,0.9621552277100707,,1559.0,1.2810658485377726,0.9608609313945297,,1561.1,1567.4,-55.01712145841511,-56.934981241411016,-58.85284102440693,-54.69305446147872,False,True
2012-05-24,3,-0.6407176039352105,0.9610456176319838,,35.1786476832945,0.9611071954892036,,1560.7,-48.6463226499636,0.9577932443649833,,1566.1,1560.8,48.00560504602839,46.086766184031426,44.16792732203446,-1.6017632215671944,False,True
2012-05-25,4,18.601076528441414,0.9630200308166411,,5.765719753565237,0.9612303748798463,,1560.5,68.93057673465617,0.9606763161265531,,1561.4,1557.6,-50.32950020621476,-52.253196553157956,-54.17689290010115,17.638056497624774,False,True
2012-05-28,0,50.71004781557793,0.9532282663955264,,-27.86046252191507,0.9484666455896302,,1581.5,,,missing bar,,1573.6,,,,49.7568195491824,False,False
2012-05-29,1,14.604568110056636,0.9531676939696259,,-13.335452047689115,0.9518974489148372,,1575.8,-122.1125681069952,0.9531676939696259,,1573.7,1573.7,136.71713621705183,134.8108008291126,132.90446544117333,13.65140041608701,False,True
2012-05-30,2,-33.52030470559765,0.9653130832099879,,18.710286435138173,0.9686793671294803,,1548.5,66.13823190518026,0.9663703131039815,,1552.2,1553.9,-99.65853661077792,-101.59022000709189,-103.52190340340586,-34.48561778880764,False,True
2012-05-31,3,-17.933777944325186,0.9598771357266271,,-3.8451679530423193,0.9611071954892036,,1560.7,-2.562624141129381,0.9608609313945297,,1561.1,1562.7,-15.371153803195805,-17.29189187031696,-19.212629937438116,-18.893655080051815,False,True
2012-06-01,4,,,roll,-62.33753035925497,0.9609840476648088,,1560.9,469.1557656742115,0.9671179883945843,,1551.0,,,,,,False,False
2012-06-04,0,-17.226533114461816,0.9220555692156382,,-8.0091185010105,0.9237590836309891,,1623.8,-14.802938618725685,0.9244992295839755,,1622.5,1626.8,-2.423594495736131,-4.270149294535745,-6.1167040933353585,-18.148588683677453,False,True
2012-06-05,1,-13.590315904439631,0.9259830853756406,,11.739628769584185,0.9273570324574962,,1617.5,-9.265837522436957,0.9261546060755744,,1619.6,1619.9,-4.324478382002674,-6.176616073453888,-8.028753764905105,-14.516298989815272,False,True
2012-06-06,2,52.380338527388055,0.92678405931418,,50.884455193070785,0.9219422249539031,,1627.0,-90.91530156742785,0.9172628875435701,,1635.3,1618.5,143.2956400948159,141.45159314795816,139.6075462011004,51.453554468073875,False,True
2012-06-07,3,8.014549918842581,0.9251264339459727,,31.38367549289698,0.9244992295839755,,1622.5,-233.0528371215461,0.9214325204250876,,1627.9,1621.4,241.0673870403887,239.22082808601763,237.37426913164657,7.089423484896608,False,True
2012-06-08,4,-110.01628415273186,0.9432182607055275,,58.959818309193295,0.9537737648629746,,1572.7,76.18484826023563,0.9480470231323475,,1582.2,1590.3,-186.20113241296747,-188.09239769680534,-189.98366298064323,-110.95950241343738,False,True
2012-06-11,0,-15.60988110044962,0.9358622410781136,,-38.19068658121716,0.9373242517028059,,1600.3,21.933269015294968,0.9410288582183189,,1594.0,1602.8,-37.54315011574459,-39.42004121504102,-41.296932314337454,-16.545743341527732,False,True
2012-06-12,1,-38.25535379457874,0.9389083625438159,,-15.090546123296075,0.9424478512188995,,1591.6,135.6228406347598,0.9438711301283665,,1589.2,1597.6,-173.87819442933852,-175.76097392201072,-177.6437534146829,-39.19426215712255,False,True
2012-06-13,2,6.825303525597683,0.9310409037303707,,8.061266055245932,0.9305210918114145,,1612.0,29.09047946338715,0.9297712762660386,,1613.3,1611.1,-22.26517593778947,-24.125988117785877,-25.98680029778229,5.894262621867312,False,True
2012-06-14,3,0.0,0.926497838171711,,14.81298875971754,0.926497838171711,,1619.0,20.334603550014855,0.9252405625462621,,1621.2,1619.0,-20.334603550014855,-22.186341950732828,-24.0380803514508,-0.926497838171711,False,True
2012-06-15,4,11.07760590848618,0.9236453201970445,,-6.153089044735254,0.9226794611551948,,1625.7,22.74894153321197,0.9233041979564202,,1624.6,1624.0,-11.671335624725788,-13.518285142879254,-15.365234661032718,10.153960588289136,False,True
2012-06-18,0,-59.069824722725144,0.9202453987730064,,6.786562866516908,0.9257544899092762,,1620.3,46.15250800180153,0.9251834947264542,,1621.3,1630.0,-105.22233272452667,-107.06776161802613,-108.91319051152558,-59.99007012149815,False,True
2012-06-19,1,15.96463559018517,0.9217722608000986,,12.26316911301937,0.9203018590097554,,1629.9,-78.13741419389636,0.919286633572348,,1631.7,1627.3,94.10204978408153,92.26099088970909,90.41993199533664,15.04286332938507,False,True
2012-06-20,2,7.407865021769795,0.9263261903291548,,-51.970666996492824,0.9256402344955262,,1620.5,-23.601029525249444,0.9305210918114145,,1612.0,1619.3,31.00889454701924,29.152047264878668,27.2951999827381,6.48153883144064,False,True
2012-06-21,3,-37.39020994664015,0.9330098899048331,,-36.901564844411155,0.9364464976900988,,1601.8,-183.41015016940239,0.9400263207369808,,1595.7,1607.7,146.01994022276224,144.14690401212042,142.27386780147862,-38.32321983654498,False,True
2012-06-22,4,-23.659569178459545,0.958037938302357,,60.0027333240928,0.9603687816121391,,1561.9,13.992242949406018,0.954684317718941,,1571.2,1565.7,-37.65181212786556,-39.56453438388686,-41.477256639908155,-24.617607116761903,True,True
2012-06-25,0,4.450236889619106,0.9538344143456697,,-27.36850513344971,0.9534100298735145,,1573.3,99.5600981931859,0.9559620164425469,,1569.1,1572.6,-95.10986130356679,-97.019657734355,-98.92945416514323,3.496402475273436,False,True
2012-06-26,1,-30.264840251209794,0.9443465122135484,,4.419610514848293,0.9472687085569942,,1583.5,-69.04223783801801,0.946850145183689,,1584.2,1588.4,38.77739758680822,36.88620092941098,34.995004272013745,-31.209186763423343,False,True
2012-06-27,2,-10.17941301794427,0.9538344143456697,,5.72683035600315,0.9547450830628224,,1571.1,15.889665528987251,0.9541377774950706,,1572.1,1572.6,-26.06907854693152,-27.977050738772263,-29.885022930613,-11.13324743228994,False,True
2012-06-28,3,6.983462176331427,0.9526228883525977,,-36.23998625646177,0.9519578599987308,,1575.7,-108.23378897584854,0.9554748710108926,,1569.9,1574.6,115.21725115217997,113.30915339281648,111.40105563345298,6.0308392879788295,False,True
2012-06-29,4,105.76682680530011,0.9666194097177473,,73.06490778229872,0.956510649151894,,1568.2,113.30139458474481,0.9495473824143826,,1579.7,1551.8,-7.5345677794447,-9.45073457157683,-11.36690136370896,104.80020739558236,False,True
2012-07-02,0,-48.881466009142876,0.9377344336084023,,-11.94330217085476,0.9423294383716548,,1591.8,45.80687581633804,0.9433962264150945,,1590.0,1599.6,-94.68834182548092,-96.5694724855044,-98.45060314552791,-49.81920044275128,False,True
2012-07-03,1,59.29179485822758,0.9389671361502349,,32.30619111988044,0.9334163036714377,,1607.0,34.05892384254191,0.9304633707586379,,1612.1,1597.5,25.232871015685674,23.3634405087768,21.494010001867927,58.35282772207735,False,True
2012-07-04,2,-0.6182189115132566,0.9272997032640952,,-9.897316161136583,0.9274143687399531,,1617.4,,,missing bar,,1617.6,,,,-1.5455186147773516,False,False
2012-07-05,3,12.987416402348874,0.9282752645584504,,-14.845057467381663,0.9271277582050808,,1617.9,-67.69581483943573,0.9284476355533551,,1615.6,1615.9,80.6832312417846,78.82650834167279,76.96978544156099,12.059141137790423,False,True
2012-07-06,4,-16.83449597936624,0.9344629952653876,,-43.15068763573547,0.9360374414976601,,1602.5,-74.22818254939442,0.9400852343945852,,1595.6,1605.2,57.39368657002818,55.51913834036821,53.644590110708236,-17.768958974631627,False,True
2012-07-09,0,-4.424638990046016,0.9479271991911021,,2.528445019792872,0.9482867619168037,,1581.8,32.17972931837676,0.9479871073753398,,1582.3,1582.4,-36.60436830842277,-38.50028261498921,-40.396196921555656,-5.3725661892371175,False,True
2012-07-10,1,-23.310768155350324,0.9439305267132342,,50.9643409708354,0.9461931495615973,,1585.3,-165.16749466132163,0.9414422895876484,,1593.3,1589.1,141.8567265059713,139.9713536896704,138.08598087336952,-24.25469868206356,False,True
2012-07-11,2,64.9311594401055,0.9579767530974583,,1.9033721467219102,0.951776649746193,,1576.0,-3.1722869282308164,0.9515351433646284,,1576.4,1565.8,68.10344636833632,66.19393447187424,64.28442257541215,63.97318268700805,False,True
2012-07-12,3,-42.595188213981125,0.9515955084692002,,-37.662423632085456,0.9557183816502072,,1569.5,52.94561534178565,0.9593859929645029,,1563.5,1576.3,-95.54080355576677,-97.45178505720047,-99.36276655863418,-43.54678372245032,False,True
2012-07-13,4,14.627789042601002,0.954684317718941,,67.76252140942825,0.9531676939696259,,1573.7,30.253395065367055,0.946850145183689,,1584.2,1571.2,-15.625606022766053,-17.52714048566868,-19.428674948571313,13.67310472488206,False,True
2012-07-16,0,-13.203812160683952,0.9425070688030163,,-33.40163811274166,0.9437523593808985,,1589.4,32.774515660727616,0.9469696969696971,,1584.0,1591.5,-45.97832782141157,-47.86780458718428,-49.757281352956994,-14.146319229486968,False,True
2012-07-17,1,24.519832472868455,0.9442276218053633,,-1.2559658393804192,0.9419152276295134,,1592.5,-60.47262523142815,0.9420335363938958,,1592.3,1588.6,84.9924577042966,83.10619654609734,81.21993538789808,23.57560485106309,False,True
2012-07-18,2,-10.112502441854422,0.9475679090334809,,-25.960061433983487,0.9485266219805236,,1581.4,-27.299004351505626,0.9509922018639448,,1577.3,1583.0,17.186501909651206,15.28794179875378,13.389381687856353,-11.060070350887903,False,True
2012-07-19,3,37.43777969565166,0.9535918626827719,,55.58377120218138,0.9500886749429948,,1578.8,-43.562050011027615,0.9449414136323548,,1587.4,1573.0,80.99982970667928,79.10129643036416,77.20276315404902,36.48418783296889,False,True
2012-07-20,4,8.851236589757331,0.9487666034155599,,-31.647599045571358,0.9479271991911021,,1582.4,41.12238104484203,0.9509319132750096,,1577.4,1581.0,-32.271144455084695,-34.17084297177526,-36.070541488465835,7.902469986341771,False,True
2012-07-23,0,-41.81720596673657,0.9484066767830047,,-30.522724955781808,0.9523809523809526,,1575.0,36.235378638705015,0.9552923194497518,,1570.2,1581.6,-78.05258460544158,-79.95628360167434,-81.85998259790709,-42.765612643519574,False,True
2012-07-24,1,-2.538554306963568,0.9518370454978109,,-8.254754889794976,0.952078705172961,,1575.5,38.677409278571645,0.9529254812273682,,1574.1,1575.9,-41.215963585535214,-43.12072611226039,-45.02548863898557,-3.490391352461379,False,True
2012-07-25,2,-3.1646571358140343,0.9492469307682574,,80.69644093025659,0.9494872768704901,,1579.8,66.96104371447142,0.9418560843903053,,1592.6,1580.2,-70.12570085028545,-72.01680386544402,-73.90790688060258,-4.1139040665822915,False,True
2012-07-26,3,8.098932006721377,0.9348706762231226,,78.79185844170637,0.9342883836810963,,1605.5,-21.652394861639248,0.9269558769002596,,1618.2,1604.5,29.751326868360625,27.889500315237242,26.02767376211386,7.164061330498254,False,True
2012-07-27,4,23.50758892620713,0.9290226681531031,,33.92238118955679,0.9267268009390833,,1618.6,-12.938605051988167,0.9235884489871315,,1624.1,1614.6,36.446193978195296,34.59358286105506,32.74097174391483,22.57856625805403,False,True
2012-07-30,0,-33.94750660114513,0.9242713660730791,,-7.420691701606173,0.9272423811584349,,1617.7,27.18064435932138,0.9278733143634791,,1616.6,1622.9,-61.12815096046651,-62.98029564090307,-64.83244032133963,-34.87177796721821,False,True
2012-07-31,1,9.25668861802584,0.9260974254491574,,10.481211847646307,0.9252976374066993,,1621.1,-61.177388395068306,0.9241005421389848,,1623.2,1619.7,70.43407701309414,68.583879045506,66.73368107791785,8.330591192576684,False,True
2012-08-01,2,,,roll,-11.740354177032138,0.9263261903291548,,1619.3,-91.92611317751675,0.9274143687399531,,1617.4,,,,,,False,False
2012-08-02,3,6.237136109387523,0.9358622410781136,,23.667175970112343,0.9353370331109311,,1603.7,-105.68212670731197,0.9330679273451109,,1607.6,1602.8,111.91926281669949,110.05033264827627,108.18140247985303,5.301273868309409,False,True
2012-08-03,4,11.925311314424759,0.9420335363938958,,29.44034197567449,0.940969826234239,,1594.1,44.92706920407632,0.9380863039399626,,1599.0,1592.3,-33.00175788965156,-34.88187772998541,-36.761997570319274,10.983277778030864,False,True
2012-08-06,0,3.7313433268739673,0.9330098899048331,,24.221357679040878,0.9327198109687851,,1608.2,8.060766209212943,0.9304633707586379,,1612.1,1607.7,-4.329422882338976,-6.1928961430024465,-8.056369403665919,2.798333436969134,False,True
2012-08-07,1,-1.8583330805796057,0.9290802105915145,,14.238402752158839,0.9292528806839303,,1614.2,-9.283615087309057,0.9279307145066503,,1616.5,1614.5,7.425282006729452,5.568271081631287,3.7112601565331222,-2.78741329117112,False,True
2012-08-08,2,-32.87742175542851,0.9289651328420141,,-4.9723414536807615,0.9320822717951905,,1609.3,40.32388602365503,0.9324299123515885,,1608.7,1614.7,-73.20130777908354,-75.06270282427714,-76.92409786947074,-33.806386888270524,False,True
2012-08-09,3,29.058105704221266,0.9287350628444062,,-40.83153408608998,0.9260974254491574,,1619.7,40.83153408609018,0.9298865538404316,,1613.1,1615.1,-11.773428381868914,-13.632049998553752,-15.49067161523859,28.12937064137686,False,True
2012-08-10,4,-27.194083507826463,0.9258116281940503,,-24.784695753167256,0.9282752645584504,,1615.9,64.92926993978647,0.9305788200260564,,1611.9,1620.2,-92.12335344761293,-93.97974389583304,-95.83613434405314,-28.119895136020514,False,True
2012-08-13,0,9.228214380325495,0.9232473687449991,,-12.305422090520342,0.922339051835455,,1626.3,-75.392768433973,0.9234747275749555,,1624.3,1624.7,84.6209828142985,82.77426071797855,80.92753862165858,8.304967011580496,False,True
2012-08-14,1,26.011038384896423,0.9301748728761009,,-14.85516490066669,0.9277585353785257,,1616.8,-82.09511869898915,0.9290802105915145,,1614.5,1612.6,108.10615708388558,106.24690200041798,104.38764691695035,25.080863512020322,False,True
2012-08-15,2,8.115616764065958,0.9367974019485387,,-40.02006341854451,0.9360958562156766,,1602.4,56.22554950853202,0.9397318631750409,,1596.2,1601.2,-48.109932744466064,-49.986462009589644,-51.862991274713224,7.1788193621174194,False,True
2012-08-16,3,-9.968848177594289,0.9341138373396439,,10.591571346211545,0.9350455055479369,,1604.2,69.50505826523332,0.9341138373396439,,1605.8,1605.8,-79.4739064428276,-81.34213411750687,-83.21036179218618,-10.902962014933934,False,True
2012-08-17,4,25.945159105691374,0.9278159213212099,,-32.134498051611786,0.9254689042448175,,1620.8,14.226073220332873,0.9284476355533551,,1615.6,1616.7,11.719085885358501,9.862822328483936,8.00655877160937,25.017343184370166,False,True
2012-08-20,0,15.434483693771144,0.92678405931418,,-23.469839690603,0.9253547193090687,,1621.0,32.71708835231781,0.9274717121127808,,1617.3,1618.5,-17.282604658546667,-19.136860429973627,-20.991116201400587,14.507699634456964,False,True
2012-08-21,1,14.160384080795774,0.9241574764339846,,16.596493959172754,0.9227929867733007,,1625.5,72.82996786914367,0.9213759213759215,,1628.0,1623.1,-58.6695837883479,-60.5151171861578,-62.36065058396771,13.23622660436179,False,True
2012-08-22,2,9.75015311854865,0.9145226191927815,,-0.6091432402224648,0.9136870317353963,,1641.7,92.78698426273759,0.913909705721075,,1641.3,1640.2,-83.03683114418894,-84.8652634691028,-86.69369579401665,8.835630499355867,False,True
2012-08-23,3,75.26755389127248,0.9066183136899367,,-34.85580452011255,0.8998740176375309,,1666.9,71.98591373529095,0.9030704394942807,,1661.0,1654.5,3.2816401559815347,1.4719514027973175,-0.3377373503869001,74.36093557758255,False,True
2012-08-24,4,-31.737503810122266,0.896807365777831,,1.1996161242797767,0.899766060824186,,1667.1,32.93514758915322,0.8997120921305184,,1667.2,1672.6,-64.67265139927548,-66.46917085718383,-68.26569031509217,-32.634311175900095,False,True
2012-08-27,0,17.317055651693835,0.8964857757590248,,-27.4840347469249,0.8949880668257758,,1676.0,-29.959876205735004,0.8974512384827091,,1671.4,1673.2,47.276931857428835,45.4829948431871,43.689057828945366,16.42056987593481,False,True
2012-08-28,1,-16.219629302987776,0.9003601440576231,,9.615385356213705,0.901875901875902,,1663.2,25.79562904947049,0.901009130225853,,1664.8,1666.0,-42.01525835245827,-43.81662762674174,-45.61799690102522,-17.1199894470454,False,True
2012-08-29,2,14.969614483715707,0.8988494726749762,,-32.962781936393796,0.8975049362771497,,1671.3,-41.51006110835914,0.9005223029357028,,1665.7,1668.8,56.47967559207485,54.68030381646417,52.88093204085349,14.07076501104073,False,True
2012-08-30,3,10.243741668867429,0.9043226623259181,,-5.421197012570719,0.9032879682042636,,1660.6,-11.454409692472865,0.9037777911670786,,1659.7,1658.7,21.698151361340294,19.890050907847296,18.0819504543543,9.339419006541512,False,True
2012-08-31,4,14.466548635093703,0.9048136083966705,,10.234491125424316,0.9035056017347309,,1660.2,191.28789920386313,0.9024727754046089,,1662.1,1657.8,-176.82135056876942,-178.6286369525707,-180.43592333637199,13.561735026697033,False,True
2012-09-03,0,-23.649059147805175,0.8857918979567735,,4.142624707858788,0.8878891914289098,,1689.4,,,missing bar,,1693.4,,,,-24.53485104576195,False,False
2012-09-04,1,12.980118643496965,0.885582713425434,,-4.7183722491435605,0.8844861135680171,,1695.9,18.861257507125153,0.8849557522123895,,1695.0,1693.8,-5.881138863628188,-7.651677329266011,-9.422215794903835,12.094535930071531,False,True
2012-09-05,2,-19.45812695658088,0.8836003770028277,,-19.497214530671187,0.8853736276708772,,1694.2,25.989382614544382,0.887154009936125,,1690.8,1697.6,-45.447509571125266,-47.21826395806422,-48.989018345003174,-20.34172733358371,False,True
2012-09-06,3,53.52166871325463,0.8845904346287671,,43.307845531739275,0.8797653958944283,,1705.0,-60.331124568637776,0.8759635599159076,,1712.4,1695.7,113.8527932818924,112.09223928734774,110.33168529280306,52.63707827862586,False,True
2012-09-07,4,-54.73660704354553,0.8804366966015145,,17.099564884704225,0.8852168781351433,,1694.5,235.22276869529125,0.8837044892188053,,1697.4,1703.7,-289.9593757388368,-291.72351692465713,-293.4876581104774,-55.61704374014705,False,True
2012-09-10,0,1.7259730215730074,0.8630609896432683,,-35.73078951260223,0.8629120404993386,,1738.3,-23.1200611628845,0.8660008082674213,,1732.1,1738.0,24.84603418445751,23.116972386546816,21.387910588636128,0.8629120319297391,False,True
2012-09-11,1,31.188658757623912,0.8677040550702841,,-1.1533360257289125,0.864952139314958,,1734.2,1.729954160528753,0.865051903114187,,1734.0,1728.7,29.45870459709516,27.72594863891069,25.993192680726217,30.320954702553628,False,True
2012-09-12,2,,,missing bar,,,missing bar,,,,missing bar,,,,,,,False,False
2012-09-13,3,-4.0398211485780955,0.8655011251514629,,8.077544865688866,0.8658008658008659,,1732.5,203.8148935097802,0.8651516899296344,,1733.8,1733.1,-207.8547146583583,-209.5853674734394,-211.3160202885205,-4.905322273729558,False,True
2012-09-14,4,41.17204992574707,0.8477449983045101,,-22.537760272530576,0.8442143178748313,,1776.8,-0.5640953322607157,0.8461191335740074,,1772.8,1769.4,41.73614525800778,40.04228112612926,38.34841699425075,40.324304927442554,False,True
2012-09-17,0,-2.8196813946866337,0.8457851705666762,,-10.158587701311468,0.8461191335740074,,1772.8,-43.57058809659783,0.8469312856416918,,1771.1,1773.5,40.7509067019112,39.058190245702825,37.36547378949446,-3.66546656525331,False,True
2012-09-18,1,-18.155003284604632,0.8502437365378076,,0.0,0.8518371287409848,,1760.9,72.98682998687867,0.8517887563884158,,1761.0,1764.2,-91.1418332714833,-92.84386576440953,-94.54589825733575,-19.00524702114244,False,True
2012-09-19,2,36.02390476855155,0.8458328634261871,,-30.955420807225526,0.8429334082607475,,1779.5,-6.767044751553004,0.845594452900389,,1773.9,1773.4,42.790949520104554,41.09952220377798,39.408094887451405,35.178071905125364,False,True
2012-09-20,3,-42.40528786814482,0.8463100880162493,,-10.771281406497927,0.8499065102838689,,1764.9,43.58045214301023,0.8508224617129894,,1763.0,1772.4,-85.98574001115504,-87.68287256088429,-89.38000511061352,-43.25159795616106,False,True
2012-09-21,4,27.642248159813775,0.8473618800135578,,8.446659848425393,0.8450228156160219,,1775.1,-6.757517995630203,0.8444044134204008,,1776.4,1770.2,34.39976615544398,32.70799986201002,31.01623356857606,26.794886279800217,False,True
2012-09-24,0,-69.54878052385814,0.8452132754831803,,3.970842721717349,0.8510638297872343,,1762.5,19.829473084935984,0.8506777065729032,,1763.3,1774.7,-89.37825360879413,-91.07414459085021,-92.7700355729063,-70.39399379934132,False,True
2012-09-25,1,2.8305358393291824,0.8492809421356586,,10.182724192633106,0.8489925288657462,,1766.8,-32.850052196275705,0.8481764206955048,,1768.5,1766.2,35.680588035604885,33.983130672773726,32.28567330994256,1.9812548971935238,False,True
2012-09-26,2,14.739231693296055,0.8509672661258298,,-20.415114269766846,0.8497620666213461,,1765.2,-36.96441412128811,0.8514503036839417,,1761.7,1762.7,51.70364581458416,50.001228244774396,48.29881067496462,13.888264427170226,False,True
2012-09-27,3,22.181155120215802,0.8540682115811651,,-9.662111070249054,0.8521274782707494,,1760.3,120.391449878057,0.85295121119072,,1758.6,1756.3,-98.2102947578412,-99.91731418061308,-101.62433360338497,21.327086908634637,False,True
2012-09-28,4,18.522161723367674,0.8426966292134832,,-12.905761688059389,0.8411372175180847,,1783.3,-35.438090807226466,0.8422707619742826,,1780.9,1780.0,53.96025253059414,52.27528513940637,50.59031774821861,17.67946509415419,False,True
2012-10-01,0,-29.360305660054618,0.8456898009810003,,7.912734262400988,0.8481284631912249,,1768.6,42.28574507666757,0.8475055087858072,,1769.9,1773.7,-71.64605073672219,-73.339246046489,-75.0324413562558,-30.205995461035617,True,True
2012-10-02,1,-10.679858242286686,0.8426966292134832,,14.612490657209415,0.8436445444319461,,1778.0,-22.490872567506823,0.8424599831508005,,1780.5,1780.0,11.811014325220137,10.125857712855854,8.44070110049157,-11.52255487150017,True,True
2012-10-03,2,-3.378568645236049,0.8444994933003042,,25.31148523507137,0.844784861455283,,1775.6,-0.5618135342351112,0.8426966292134832,,1780.0,1776.2,-2.816755111000938,-4.503951233514725,-6.191147356028512,-4.2230681385363535,True,True
2012-10-04,3,37.569786529907866,0.8426966292134832,,25.154433454236557,0.8395365758101528,,1786.7,7.2550718923031035,0.8374274229566772,,1791.2,1780.0,30.314714637604762,28.634590585434605,26.95446653326444,36.72708990069438,True,True
2012-10-05,4,7.249407817837655,0.8367734017628028,,-3.9028742376043586,0.8361670104242155,,1793.9,-57.6048124055978,0.8364934195850994,,1793.2,1792.6,64.85422022343545,63.18095340208755,61.507686580739644,6.4126344160748525,True,True
2012-10-08,0,-43.30350101220895,0.8417508417508419,,-15.228858804906123,0.8454038212252721,,1774.3,27.055988546900338,0.8466444657673422,,1771.7,1782.0,-70.35948955910928,-72.04788486662746,-73.73628017414565,-44.14525185395979,False,True
2012-10-09,1,-2.250225031996759,0.8437394532568344,,-1.1254290710210115,0.8440243079000675,,1777.2,-63.22703687169271,0.8441193021947103,,1777.0,1777.8,60.976811839695955,59.288953084244405,57.60109432879287,-3.0939644852535935,False,True
2012-10-10,2,-9.064129331205855,0.8493771234428087,,26.03725929000585,0.8501473588755385,,1764.4,-28.87148542353715,0.8479366873940081,,1769.0,1766.0,19.807356092331293,18.110042281494476,16.41272847065766,-9.913506454648664,False,True
2012-10-11,3,6.230706253853295,0.8499065102838689,,29.40014556225898,0.8493290300662479,,1766.1,-13.559324111359553,0.8468834688346885,,1771.2,1764.9,19.79003036521285,18.093240386094294,16.396450406975735,5.380799743569426,False,True
2012-10-12,4,7.907817854471966,0.8476012883539584,,-2.8231840056514543,0.8468356574267489,,1771.3,-87.3566165598286,0.84717045069468,,1770.6,1769.7,95.26443441430057,93.56966267525193,91.87489093620329,7.060216566118007,False,True
2012-10-15,0,-47.97267909559971,0.8546034639927075,,9.155937692560338,0.8587622373618826,,1746.7,-55.63376455415359,0.8579272477693892,,1748.4,1755.2,7.661085458553885,5.948554746791788,4.236024035029692,-48.82728255959242,False,True
2012-10-16,1,17.820705472153847,0.8630609896432683,,17.21565902070139,0.861524323703406,,1741.1,26.910210622603294,0.8599931200550397,,1744.2,1738.0,-9.089505150449448,-10.812559260147754,-12.535613369846065,16.957644482510577,False,True
2012-10-17,2,16.557713109412443,0.8571428571428572,,-6.848142708994182,0.8557247989046723,,1752.9,-3.9966885113361843,0.8562621303801805,,1751.8,1750.0,20.554401620748628,18.84099663322559,17.12759164570255,15.700570252269586,False,True
2012-10-18,3,-0.5711511553093458,0.8567022674053345,,-40.061863230255945,0.8567511994516794,,1750.8,-6.883891965282706,0.8601903888060559,,1743.8,1750.9,6.312740809973361,4.59584815376197,2.8789554975505802,-1.4278534227146804,False,True
2012-10-19,4,-25.284463533587488,0.8608815426997245,,-13.242365985013219,0.8630609896432683,,1738.0,-76.33624855071207,0.8641548565502939,,1735.8,1742.4,51.05178501712459,49.32674861787457,47.60171221862455,-26.145345076287214,False,True
2012-10-22,0,23.19244966061107,0.870726185638823,,0.579156169624824,0.868759411560292,,1726.6,15.622742943195147,0.8686084892003012,,1726.9,1722.7,7.569706717415924,5.8303720425767995,4.091037367737676,22.32172347497225,False,True
2012-10-23,1,-28.367171018282214,0.8671522719389526,,-78.57786131271911,0.869666048237477,,1724.8,-16.376188008843624,0.8765778401122021,,1711.2,1729.8,-11.99098300943859,-13.734713121489744,-15.4784432335409,-29.234323290221166,False,True
2012-10-24,2,14.033448683635633,0.8777062609713283,,-13.446755804393243,0.8763729843421362,,1711.6,-38.68930319913291,0.877603557219752,,1709.2,1709.0,52.72275188276854,50.96744206457746,49.21213224638638,13.155742422664305,False,True
2012-10-25,3,54.46732256774778,0.8809020436927415,,30.908320276124932,0.8761170492377783,,1712.1,-28.570615044127734,0.8733624454148472,,1717.5,1702.8,83.03793761187552,81.28367312276794,79.52940863366034,53.586420524055036,False,True
2012-10-26,4,-39.79638891903464,0.8761170492377783,,-7.626199296075133,0.8796106256963585,,1705.3,46.25707226315735,0.8803333528962968,,1703.9,1712.1,-86.053461182192,-87.80991158432607,-89.56636198646015,-40.67250596827242,False,True
2012-10-29,0,16.922946296498935,0.8760658801541877,,-30.364986834879392,0.8745845723281442,,1715.1,0.0,0.8772955901275005,,1709.8,1712.2,16.922946296498935,15.169584826217248,13.416223355935559,16.04688041634475,False,True
2012-10-30,1,5.260850625501346,0.8770391159445713,,14.015419252884772,0.8765778401122021,,1711.2,-21.030501967787878,0.8753501400560225,,1713.6,1710.3,26.291352593289226,24.53896333728863,22.786574081288038,4.383811509556775,False,True
2012-10-31,2,14.02278932677381,0.8770391159445713,,44.857492712581745,0.8758101243650377,,1712.7,4.068230085459573,0.871940940533628,,1720.3,1710.3,9.954559241314236,8.205579184836036,6.456599128357837,13.145750210829238,False,True
2012-11-01,3,11.037849321195274,0.8718902580795165,,27.251923049778213,0.8709284096847241,,1722.3,-72.64306243703531,0.8685581933989578,,1727.0,1720.4,83.6809117582306,81.94046330675212,80.20001485527365,10.165959063115757,False,True
2012-11-02,4,-30.940799370795105,0.8743296805782235,,-21.65706603161442,0.8770391159445713,,1710.3,-170.186699290594,0.8788890841975744,,1706.7,1715.6,139.2458999197989,137.4926811550231,135.7394623902473,-31.81512905137333,False,True
2012-11-05,0,-4.175739017337825,0.8946144211844695,,33.953867318588756,0.8950414702547885,,1675.9,19.011412570243728,0.8920076117982875,,1681.6,1676.7,-23.187151587581553,-24.973773620564312,-26.760395653547068,-5.070353438522294,False,True
2012-11-06,1,-0.5933485627880457,0.8899964400142399,,38.4968937638457,0.890102065036791,,1685.2,142.63734918101756,0.886786875554242,,1691.5,1685.4,-143.2306977438056,-145.00748105937407,-146.78426437494255,-1.4833450028022857,False,True
2012-11-07,2,62.16793691182197,0.8742277654738316,,-31.327982923308248,0.8688600556070437,,1726.4,-20.93997973155022,0.8715862870424174,,1721.0,1715.8,83.10791664337219,81.36210259085594,79.61628853833969,61.293709146348135,False,True
2012-11-08,3,4.073912467226993,0.8731590895861226,,1.7455561095136036,0.8728542333430319,,1718.5,71.88853500041941,0.8727526618956188,,1718.7,1717.9,-67.81462253319242,-69.56053428467416,-71.3064460361559,3.2007533776408703,False,True
2012-11-09,4,7.5051240424939625,0.8663008951775918,,-8.659758645262839,0.8656010156385251,,1732.9,-1.1553347595317487,0.8664510166358597,,1731.2,1731.5,8.660458802025712,6.927706890212261,5.194954978398809,6.638823147316371,False,True
2012-11-12,0,16.731577536623654,0.866150825730454,,10.947539337733282,0.8647526807333105,,1734.6,-49.069228201278094,0.8638065073423555,,1736.5,1731.8,65.80080573790175,64.07084840482894,62.34089107175613,15.8654267108932,False,True
2012-11-13,1,-31.86099726370444,0.8675534991324466,,23.759174390534575,0.8702715247157116,,1723.6,-16.799424660584332,0.8682062858135093,,1727.7,1729.0,-15.061572603120108,-16.797332388066064,-18.533092173012022,-32.72855076283689,False,True
2012-11-14,2,12.743282540068023,0.8694140149539211,,-25.50282492771156,0.8683068017366138,,1727.5,16.815009905193016,0.870473537604457,,1723.2,1725.3,-4.071727365124993,-5.811614917683372,-7.551502470241749,11.873868525114101,False,True
2012-11-15,3,-18.544279769592464,0.8684576192681799,,-41.270730244990006,0.8701200765705668,,1723.9,-6.992192337087124,0.8737185461323395,,1716.8,1727.2,-11.55208743250534,-13.294263597905859,-15.03643976330638,-19.412737388860645,False,True
2012-11-16,4,-6.414181391371347,0.874380647041679,,-20.436173287644568,0.8749416705552964,,1714.4,16.93678314050016,0.8767827916764089,,1710.8,1715.5,-23.350964531871508,-25.102127970589596,-26.853291409307683,-7.288562038413026,False,True
2012-11-19,0,45.97441682333387,0.8749416705552964,,9.285051734851761,0.8708778448676266,,1722.4,42.82909660671108,0.8700191404210894,,1724.1,1714.4,3.1453202166227854,1.4003594056463995,-0.3446014053299864,45.099475152778574,False,True
2012-11-20,1,11.544012826014624,0.8663008951775918,,-18.476822624754945,0.8653014133256419,,1733.5,-20.827314442180793,0.8669016933479744,,1730.3,1731.5,32.371327268195415,30.63812467966985,28.904922091144282,10.677711930837033,False,True
2012-11-21,2,-20.857481489590626,0.8681560365783079,,9.275900717277763,0.8700191404210894,,1724.1,15.632692874721496,0.8691621277088887,,1725.8,1727.8,-36.490174364312125,-38.22749252859932,-39.964810692886516,-21.725637526168935,False,True
2012-11-22,3,,,missing bar,,,missing bar,,,,missing bar,,,,,,,False,False
2012-11-23,4,7.510327052227508,0.8669016933479744,,13.851217081505162,0.8663008951775918,,1731.5,,,missing bar,,1730.3,,,,6.643425358879534,False,False
2012-11-26,0,-5.711022428211541,0.8564087924636028,,-0.5713143087227265,0.856946983546618,,1750.4,-9.716785080483065,0.856946983546618,,1750.4,1751.5,4.005762652271525,2.2924068762613037,0.5790511002510828,-6.567431220675143,False,True
2012-11-27,1,5.714939005699378,0.8574858514834507,,-10.861798981275756,0.8570449091532397,,1750.2,-35.53012333722049,0.8580744808649392,,1748.1,1749.3,41.245062342919866,39.52950201057148,37.81394167822309,4.857453154215928,False,True
2012-11-28,2,-16.09103272311809,0.8613264427217917,,-21.879327014617946,0.8627135215965952,,1738.7,-89.74382091938509,0.8646031471554557,,1734.9,1741.5,73.652788196267,71.92685860638976,70.2009290165125,-16.95235916583988,False,True
2012-11-29,3,4.069176048008657,0.8721437292865866,,34.8108961417452,0.8717889108450542,,1720.6,-8.111710277341333,0.868759411560292,,1726.6,1719.9,12.18088632534999,10.439983184503111,8.699080043656233,3.1970323187220706,False,True
2012-11-30,4,24.31541752641713,0.8694644099234872,,7.515102819221484,0.8674531575294935,,1729.2,-90.58243332457309,0.8670520231213874,,1730.0,1725.2,114.89785085099021,113.16133441794534,111.42481798490046,23.44595311649364,False,True
2012-12-03,0,27.359798188748453,0.874380647041679,,0.5813108561438162,0.8719916288803629,,1720.2,-13.96160785254836,0.8719916288803629,,1720.2,1715.5,41.32140604129681,39.57503376537477,37.82866148945273,26.485417541706774,False,True
2012-12-04,1,-56.04544998964708,0.8732607556616406,,-16.993353244093196,0.8782201405152226,,1708.0,-34.66411625904238,0.8797653958944283,,1705.0,1717.7,-21.3813337306047,-23.13435988216077,-24.88738603371684,-56.91871074530872,False,True
2012-12-05,2,58.73042076605471,0.8835483300936562,,-12.89113034492945,0.8783744217368392,,1707.7,-61.74855692738005,0.8794043501201855,,1705.7,1697.7,120.47897769343476,118.71602501322091,116.95307233300707,57.84687243596106,False,True
2012-12-06,3,-28.347033686982453,0.8845904346287671,,17.727357948637675,0.887154009936125,,1690.8,43.59358891979949,0.885582713425434,,1693.8,1695.7,-71.94062260678194,-73.71079575483614,-75.48096890289034,-29.23162412161122,False,True
2012-12-07,4,1.7632019793541371,0.8816787162757892,,-18.823534969809806,0.8815232722143865,,1701.6,41.13297608144625,0.8832361773538246,,1698.3,1701.3,-39.369774102092116,-41.134688995721724,-42.89960388935134,0.8815232630783479,False,True
2012-12-10,0,22.842426542731157,0.8795590477307377,,27.457297810935565,0.8775008775008776,,1709.4,0.5833795177118086,0.8750948019368766,,1714.1,1705.4,22.25904702501935,20.504393175351737,18.74973932568412,21.96286749500042,False,True
2012-12-11,1,-18.10378045773025,0.8751969193068441,,23.936725093479165,0.8767827916764089,,1710.8,-21.015769556260825,0.8747375787263822,,1714.8,1713.9,2.911989098530576,1.1620546004973498,-0.5878798975358768,-18.978977377037094,False,True
2012-12-12,2,12.842217630950211,0.8761682242990655,,12.243828600093474,0.8750948019368766,,1714.1,-19.82970438653456,0.8739730816290859,,1716.3,1712.0,32.67192201748477,30.921780711556618,29.171639405628465,11.966049406651145,False,True
2012-12-13,3,-69.13144879611289,0.8757589911256424,,-34.155854417724065,0.8818342151675487,,1701.0,17.09150261355676,0.8847991505928156,,1695.3,1712.8,-86.22295140966965,-87.9835095513881,-89.74406769310656,-70.00720778723853,False,True
2012-12-14,4,5.293962065935959,0.8825606024947048,,-14.712375759575108,0.8820935019112028,,1700.5,-5.890669350357612,0.8833402037571405,,1698.1,1699.6,11.184631416293572,9.418730610041727,7.652829803789881,4.411401463441255,False,True
2012-12-17,0,-48.98932624864054,0.8831841733396137,,14.78109471823311,0.887521448435004,,1690.1,40.68521783011034,0.8862629246676514,,1692.5,1698.4,-89.67454407875087,-91.44399117675813,-93.2134382747654,-49.87251042198015,False,True
2012-12-18,1,23.514207530773128,0.8828203166382205,,-17.63150618380852,0.880798590722255,,1703.0,-164.2930106876651,0.8824048473439614,,1699.9,1699.1,187.8072182184382,186.04199305445601,184.27676789047385,22.631387214134907,False,True
2012-12-19,2,28.07564342331297,0.897290183645391,,-10.742421658506746,0.8947211452430661,,1676.5,-39.487905804228156,0.8956828088612887,,1674.7,1671.7,67.56354922754113,65.77057623503444,63.97760324252777,27.17835323966758,False,True
2012-12-20,3,17.372035398927512,0.8993344924755682,,-8.982305463350789,0.897827258035554,,1670.7,-122.9671914114833,0.8986340762041698,,1669.2,1667.9,140.33922681041082,138.5412582417311,136.74328967305135,16.472700906451944,False,True
2012-12-21,4,-4.247186302960966,0.9099181073703368,,6.066488902381965,0.9102494083378847,,1647.9,52.62374158241305,0.9096973740069138,,1648.9,1648.5,-56.870927885374016,-58.690543366751264,-60.51015884812852,-5.157104410331303,False,True
2012-12-24,0,44.53278106478627,0.9047044632086854,,-14.423079423380505,0.9007926975738652,,1665.2,,,missing bar,,1658.0,,,,43.62807660157758,False,False
2012-12-25,1,,,missing bar,,,missing bar,,,,missing bar,,,,,,,False,False
2012-12-26,2,5.428718051108109,0.9050319777965489,,3.6175087817633225,0.9045407947898452,,1658.3,6.026274739444533,0.904213635541624,,1658.9,1657.4,-0.5975566883364243,-2.406802301674597,-4.21604791501277,4.52368607331156,False,True
2012-12-27,3,-9.041319442944747,0.9037233401614654,,-12.672360866731552,0.9045953443492946,,1658.2,49.38876509186583,0.9056877188745321,,1656.2,1659.8,-58.430084534810575,-60.23949559384657,-62.04890665288257,-9.945042783106212,False,True
2012-12-28,4,-8.417002841662512,0.9014423076923079,,-9.629273733935527,0.9023099133782484,,1662.4,-25.32562858692651,0.9033423667570011,,1660.5,1664.0,16.908625745263997,15.103841070814688,13.29905639636538,-9.31844514935482,False,True
2012-12-31,0,53.603284309859276,0.9058518026450874,,-17.43365135413035,0.900955012313052,,1664.9,81.49613657486348,0.9025270758122744,,1662.0,1655.9,-27.89285226500421,-29.70123114346157,-31.50961002191893,52.69743250721419,False,True
2013-01-01,1,,,missing bar,,,missing bar,,,,missing bar,,,,,,,True,False
2013-01-02,2,35.72708337573496,0.894774516821761,,33.23247969767409,0.8916364500980801,,1682.3,-4.740740829530623,0.8886782392321821,,1687.9,1676.4,40.467824205265586,38.68437144921164,36.9009186931577,34.8323088589132,True,True
2013-01-03,3,-5.932253837138274,0.8895741904874868,,-38.645667764931915,0.890102065036791,,1685.2,-86.75156862038767,0.8935485792577591,,1678.7,1686.2,80.8193147832494,79.03619201350415,77.2530692437589,-6.82182802762576,True,True
2013-01-04,4,-116.67756220675619,0.9015506671474939,,-54.266771386245274,0.9121313469139558,,1644.5,120.91898812691576,0.9169825162000247,,1635.8,1663.8,-237.59655033367196,-239.41508351701947,-241.23361670036698,-117.57911287390368,False,True
2013-01-07,0,-4.227180835313245,0.9056330374932079,,0.6040288727641472,0.9060706735125341,,1655.5,-51.473150859472504,0.9060159458806477,,1655.6,1656.3,47.24597002415926,45.434321040785406,43.62267205741155,-5.1328138728064525,False,True
2013-01-08,1,6.674150052073564,0.9104151493080846,,25.440682447749182,0.9097525473071326,,1648.8,36.229735903430985,0.9073861230415585,,1653.1,1647.6,-29.55558585135742,-31.373387123707065,-33.19118839605671,5.76373490276548,False,True
2013-01-09,2,11.439926587070328,0.9036688957166096,,-3.0094195056940025,0.9026900162484204,,1661.7,-22.299240820889835,0.9030160736861118,,1661.1,1659.9,33.73916740796017,31.93248243855745,30.125797469154726,10.536257691353718,False,True
2013-01-10,3,7.8376997350179,0.9047044632086854,,10.842721380319245,0.9040501446480232,,1659.2,85.72423086191687,0.9030704394942807,,1661.0,1658.0,-77.88653112689897,-79.69430602960195,-81.5020809323049,6.932995271809214,False,True
2013-01-11,4,-4.182225602407575,0.8960038229496448,,-34.72225710749092,0.8964321998446186,,1673.3,-29.430334465038854,0.8996041741633682,,1667.4,1674.1,25.248108862631277,23.452500865518264,21.65689286840525,-5.07822942535722,False,True
2013-01-14,0,52.88791701598757,0.903886712865321,,22.750413931673833,0.8990649724286742,,1668.4,-27.5498766813382,0.8971291866028709,,1672.0,1659.5,80.43779369732577,78.63677779785759,76.83576189838939,51.984030303122246,False,True
2013-01-15,1,41.286520875475084,0.8993884158772036,,17.897630359223204,0.8956828088612887,,1674.7,7.745703011859333,0.8940811825713776,,1677.7,1667.8,33.54081786361575,31.74734826516717,29.953878666718587,40.38713245959788,False,True
2013-01-16,2,13.08900710429851,0.8930166101089482,,-42.903176284661825,0.8919015340706388,,1681.8,29.214508779690593,0.8956293288750897,,1674.8,1679.7,-16.125501675392083,-17.91414761437612,-19.70279355336016,12.195990494189562,False,True
2013-01-17,3,5.354115360360669,0.8925914906277894,,5.946010402322679,0.8921667757092727,,1681.3,30.27337366828345,0.8917424647761728,,1682.1,1680.5,-24.91925830792278,-26.703592263326744,-28.487926218730706,4.461523869732879,False,True
2013-01-18,4,25.450577497197802,0.8889415669076687,,-8.87075370864241,0.8866820358219544,,1691.7,-37.347762533651206,0.8875739644970415,,1690.0,1687.4,62.798340030849005,61.02182449944429,59.24530896803958,24.561635930290134,False,True
2013-01-21,0,,,missing bar,,,missing bar,,,,missing bar,,,,,,,False,False
2013-01-22,1,23.06124074397471,0.8879943168363723,,-14.184399541338566,0.8858965272856132,,1693.2,9.458501532777571,0.887154009936125,,1690.8,1689.2,13.60273921119714,11.827590884424641,10.052442557652146,22.173246427138338,False,True
2013-01-23,2,-1.773521331242008,0.8866820358219544,,10.045797860640773,0.8868393047179852,,1691.4,-46.769170293246056,0.8859488512196564,,1693.1,1691.7,44.99564896200405,43.22301807496243,41.450387187920825,-2.6602033670639624,False,True
2013-01-24,3,-29.143268612110727,0.8908421427723009,,-9.53402527229647,0.8933889219773675,,1679.0,-59.79448573798072,0.8942410873971623,,1677.4,1683.8,30.651217125869994,28.866133895700532,27.081050665531066,-30.034110754883027,False,True
2013-01-25,4,20.375149375255603,0.8998200359928016,,-34.7826437632492,0.8979885057471265,,1670.4,-40.331130665751125,0.9011173855580922,,1664.6,1667.0,60.70628004100673,58.90534261945583,57.10440519790494,19.475329339262803,False,True
2013-01-28,0,5.427081268067106,0.9047590325110081,,-14.477893582788752,0.904213635541624,,1658.9,-10.872192421519712,0.9055236945366739,,1656.5,1657.9,16.29927368958682,14.488990962539138,12.678708235491456,4.522322235556097,False,True
2013-01-29,1,52.465068332399184,0.906947215672048,,-6.016485350851996,0.9022013713460847,,1662.6,6.617934844312828,0.9027443428021186,,1661.6,1653.9,45.84713348808636,44.03744192961219,42.22775037113802,51.558121116727136,False,True
2013-01-30,2,24.032696017992276,0.9023099133782484,,-16.817830860464028,0.9001980435695854,,1666.3,77.24820592385119,0.9017132551848513,,1663.5,1662.4,-53.21550990585891,-55.01953307442201,-56.823556242985106,23.130386104614026,False,True
2013-01-31,3,0.5968545765592386,0.8953085830249493,,-8.35421936642391,0.8947211452430661,,1676.5,-70.70131308330306,0.8955758552749419,,1674.9,1675.4,71.2981676598623,69.5072832215624,67.71639878326252,-0.29845400646571074,False,True
2013-02-01,4,,,roll,0.0,0.9004682434866133,,1665.8,12.597860030208283,0.9004141905276428,,1665.9,,,,,,False,False
2013-02-04,0,0.0,0.8986879156431612,,-23.993773133007103,0.8986879156431612,,1669.1,59.279835880959055,0.9008467959882291,,1665.1,1669.1,-59.279835880959055,-61.07937059259044,-62.87890530422184,-0.8986879156431612,False,True
2013-02-05,1,-3.5816619294061263,0.8952551477170996,,2.3879171506209698,0.8955758552749419,,1674.9,-10.152588288828916,0.8953620247119921,,1675.3,1675.5,6.57092635942279,4.780309186993699,2.989692014564607,-4.476917077123225,False,True
2013-02-06,2,-3.586157470745512,0.8963786303334529,,23.883460122992517,0.8967001434720231,,1672.8,7.750320833893842,0.8946144211844695,,1676.7,1673.4,-11.336478304639353,-13.127471356157276,-14.918464407675199,-4.482536101078965,False,True
2013-02-07,3,0.0,0.8939213349225269,,-1.788002507966692,0.8939213349225269,,1678.0,-33.43685943063154,0.8941344778254651,,1677.6,1678.0,33.43685943063154,31.648803617883555,29.86074780513556,-0.8939213349225269,False,True
2013-02-08,4,-2.3929169771986256,0.8972365115444433,,-7.781402840786289,0.8975049362771497,,1671.3,-14.980378509299063,0.8981498113885398,,1670.1,1671.8,12.587461532100438,10.792075209167454,8.996688886234471,-3.290153488743069,False,True
2013-02-11,0,-0.5995743024258515,0.8993344924755682,,-54.71229640887911,0.8993884158772036,,1667.8,-61.07720132869933,0.9043226623259181,,1658.7,1667.9,60.47762702627348,58.673969871471996,56.87031271667051,-1.4989087949014197,True,True
2013-02-12,1,-22.468508010145992,0.9098629139876261,,30.3508791928623,0.9119095385737737,,1644.9,9.692271173087489,0.9090909090909092,,1650.0,1648.6,-32.16077918323348,-33.97973300631201,-35.79868682939055,-23.37837092413362,True,True
2013-02-13,2,-22.415421495920533,0.9077155824508322,,-11.529477292823277,0.9096973740069138,,1648.9,-26.143805740709322,0.9108021130609023,,1646.9,1652.5,3.7283842447887885,1.9098665492770541,0.09134885376531976,-23.323137078371367,True,True
2013-02-14,3,10.344723592674093,0.9132420091324203,,20.65614343205427,0.9122422915526366,,1644.3,-81.6480285241912,0.9102494083378847,,1647.9,1642.5,91.99275211686529,90.16926069939498,88.34576928192467,9.431481583541673,True,True
2013-02-15,4,-1.8359291382918859,0.9178803084077837,,-38.02052780234038,0.9181050312155713,,1633.8,-109.96589467901458,0.92160235930204,,1627.6,1634.2,108.1299655407227,106.29048287301286,104.45100020530305,-2.7538094466996696,True,True
2013-02-18,0,,,missing bar,,,missing bar,,,,missing bar,,,,,,,False,False
2013-02-19,1,16.139047575102737,0.9318506554016277,,0.0,0.93034795013335,,1612.3,-49.115706930991855,0.9302902505581743,,1612.4,1609.7,65.2547545060946,63.392613600134794,61.530472694174996,15.20719691970111,False,True
2013-02-20,2,9.346086228147959,0.9350455055479369,,-85.68711151310733,0.9341720122065145,,1605.7,-176.81629255833897,0.9422702431057227,,1591.9,1604.2,186.16237878648693,184.28506303783325,182.4077472891796,8.411040722600022,False,True
2013-02-21,3,5.111168013135466,0.9585889570552149,,35.70749187091269,0.9581603321622486,,1565.5,28.601411431992084,0.9547450830628224,,1571.1,1564.8,-23.49024341885662,-25.403577458974656,-27.316911499092694,4.152579056080251,False,True
2013-02-22,4,40.50125774295091,0.9511731135066583,,-20.232682673434873,0.9474482061647298,,1583.2,5.062009725908393,0.9493670886075951,,1580.0,1577.0,35.439248017042516,33.538707814928266,31.63816761281401,39.55008462944426,False,True
2013-02-25,0,40.432173344627124,0.9495473824143826,,38.38293213161121,0.9456562854621108,,1586.2,3.1396188760621664,0.9420335363938958,,1592.3,1579.7,37.29255446856496,35.400973549756685,33.509392630948405,39.482625962212744,False,True
2013-02-26,1,-5.024178966452639,0.9417969485778867,,8.791209357403146,0.9423294383716548,,1591.8,124.76768215160246,0.9416195856873825,,1593.0,1592.7,-129.7918611180551,-131.67527765232037,-133.55869418658563,-5.965975915030525,False,True
2013-02-27,2,-13.643412969063297,0.9295984134853744,,-39.173064239235956,0.930867568573911,,1611.4,-53.7232676433532,0.9345212136315496,,1605.1,1613.6,40.079854674289905,38.215735047172984,36.351615420056056,-14.573011382548671,False,True
2013-02-28,3,26.276291394845302,0.9396729937981584,,-59.52958019134923,0.9371485692865178,,1600.6,-76.33384067165039,0.9426847662141782,,1591.2,1596.3,102.6101320664957,100.72777430648335,98.84541654647103,25.336618401047144,False,True
2013-03-01,4,0.0,0.95026924295217,,-50.169984253153196,0.9502090459901181,,1578.6,29.87828420237231,0.9549882218119311,,1570.7,1578.5,-29.87828420237231,-31.78354166713641,-33.68879913190051,-0.95026924295217,False,True
2013-03-04,0,-20.299423362370856,0.9505703422053232,,23.46897782041868,0.9525623928367308,,1574.7,-33.634808799466356,0.9503294475418146,,1578.4,1578.0,13.3353854370955,11.434485647348362,9.533585857601224,-21.24999370457618,False,True
2013-03-05,1,39.94045947322606,0.9528649472748063,,12.015051877018175,0.9491268033409264,,1580.4,-48.144017988652614,0.9479271991911021,,1582.4,1574.2,88.08447746187868,86.18368531541277,84.28289316894686,38.98759452595126,False,True
2013-03-06,2,10.154218045804026,0.9524414248523716,,-8.249516601996403,0.9514747859181732,,1576.5,49.39219767808524,0.9521995810321845,,1575.3,1574.9,-39.23797963228121,-41.142620638165766,-43.04726164405032,9.201776620951653,False,True
2013-03-07,3,-11.3715344871292,0.9470892789493625,,-5.690260324876901,0.9481069464635612,,1582.1,-20.89071123451289,0.948586605957124,,1581.3,1583.8,9.519176747383689,7.623500862477202,5.727824977570716,-12.318623766078563,False,True
2013-03-08,4,2.5354969709855304,0.9509319132750096,,-14.58789463659873,0.9506908353403475,,1577.8,13.95319564238431,0.9520182787509521,,1575.6,1577.4,-11.41769867139878,-13.320648863424742,-15.223599055450704,1.5845650577105208,False,True
2013-03-11,0,20.25445340832247,0.950389659760502,,-15.821286089836674,0.9485266219805236,,1581.4,9.49517400030236,0.9499683343888538,,1579.0,1578.3,10.75927940802011,8.858921413870753,6.958563419721398,19.304063748561965,False,True
2013-03-12,1,2.5306845636756505,0.9491268033409264,,84.41526756251073,0.9489466691971912,,1580.7,-15.696126280128304,0.9410288582183189,,1594.0,1580.4,18.226810843803953,16.336655182244705,14.446499520685464,1.5815577603347242,False,True
2013-03-13,2,3.768134190161889,0.942211055276382,,11.296599670011641,0.9419152276295134,,1592.5,-49.67157875334805,0.9407927747114904,,1594.4,1592.0,53.43971294350994,51.55670911352207,49.6737052835342,2.825923134885507,False,True
2013-03-14,3,-2.5212732563447164,0.9453582907922103,,-47.388961777433,0.9455370650529501,,1586.4,63.135508664784275,0.9500285008550257,,1578.9,1586.7,-65.656781921129,-67.55216871277624,-69.44755550442346,-3.466631547136927,False,True
2013-03-15,4,22.624444039695433,0.9437523593808985,,-5.023547986337016,0.9416786992278235,,1592.9,-6.911935931342449,0.942211055276382,,1592.0,1589.4,29.53637997103788,27.650416556380602,25.76445314172332,21.680691680314535,False,True
2013-03-18,0,5.008138329291318,0.9392611145898562,,27.50001733074946,0.9387908374014271,,1597.8,14.344967688950222,0.9362127075271502,,1602.2,1597.0,-9.336829359658903,-11.21230318177591,-13.087777003892917,4.0688772147014625,False,True
2013-03-19,1,6.856786929079959,0.9353370331109311,,-13.095945247304467,0.9348124143088622,,1604.6,58.4869760806034,0.9360374414976601,,1602.5,1603.7,-51.63018915152344,-53.50156362613203,-55.37293810074062,5.921449895969028,False,True
2013-03-20,2,4.9618558358459515,0.9305788200260564,,-29.80813236104083,0.9301171947665408,,1612.7,-11.824378264150818,0.9329518596840404,,1607.8,1611.9,16.78623409999677,14.922703420286672,13.059172740576575,4.031277015819895,False,True
2013-03-21,3,10.581682229791333,0.9341720122065145,,-0.6221420352284677,0.9331840238895112,,1607.4,40.35643263158726,0.9331840238895112,,1607.4,1605.7,-29.774750401795927,-31.64210643789195,-33.50946247398798,9.647510217584818,False,True
2013-03-22,4,-14.260473012216865,0.9293680297397771,,-19.87454849591366,0.9306942979462681,,1611.7,-4.9751244807301545,0.9326038298930615,,1608.4,1614.0,-9.285348531486711,-11.14732039111955,-13.009292250752388,-15.189841041956642,False,True
2013-03-25,0,-10.572469034179747,0.9323719542516162,,-56.78465228804306,0.9333582228859438,,1607.1,38.10242281116906,0.9387320858626949,,1597.9,1608.8,-48.67489184534881,-50.54599588546312,-52.41709992557743,-11.504840988431363,False,True
2013-03-26,1,-21.837475531968444,0.9348706762231226,,-21.882530848927072,0.9367974019485387,,1601.2,8.13338800428281,0.9388495962946737,,1597.7,1604.5,-29.970863536251255,-31.844583808769052,-33.718304081286846,-22.772346208191568,False,True
2013-03-27,2,-25.681996013110737,0.9383797309978106,,-6.900229235928355,0.940615789803725,,1594.7,68.15721241666422,0.9411469444095873,,1593.8,1598.5,-93.83920842977496,-95.71873510518235,-97.59826178058975,-26.620375744108546,False,True
2013-03-28,3,-3.1163327248994412,0.9347541596560106,,-28.085523220389167,0.9348706762231226,,1604.5,-26.91623170520849,0.9376758142151654,,1599.7,1604.7,23.79989898030905,21.927469006437875,20.055039032566697,-4.051086884555452,False,True
2013-03-29,4,,,missing bar,,,missing bar,,,,missing bar,,,,,,,False,False
2013-04-01,0,-5.634684763263937,0.9388495962946737,,15.017836500034845,0.9393199323689649,,1596.9,3.125683768766973,0.9378516943853946,,1599.4,1597.7,-8.76036853203091,-10.637069822710977,-12.513771113391046,-6.573534359558611,False,True
2013-04-02,1,0.6249414119459213,0.9374414099118807,,-15.63526382497691,0.9373828271466067,,1600.2,-134.86466070194615,0.9389671361502349,,1597.5,1600.1,135.48960211389206,133.61319356782994,131.73678502176784,-0.3124999979659594,False,True
2013-04-03,2,-66.19168770100255,0.9515351433646284,,38.240964384034754,0.9578544061302684,,1566.0,-91.3831965659168,0.9541984732824429,,1572.0,1576.4,25.191508864914255,23.285775248267182,21.380041631620113,-67.14322284436717,False,True
2013-04-04,3,-32.15023345436119,0.9629582076137897,,-38.07070253982156,0.9660591228183166,,1552.7,48.370027557102425,0.9697439875872771,,1546.8,1557.7,-80.52026101146362,-82.45296320666469,-84.38566540186575,-33.11319166197498,True,True
2013-04-05,4,-25.128069663441384,0.9652509652509654,,27.70352575560048,0.9677419354838711,,1550.0,167.78167820119486,0.9650025733401956,,1554.4,1554.0,-192.90974786463624,-194.8400014032274,-196.77025494181856,-26.09332062869235,True,True
2013-04-08,0,-8.860199301226478,0.9488866396761135,,-19.646994309840018,0.9497277447131822,,1579.4,-19.051253618947417,0.9516558812333461,,1576.2,1580.8,10.191054317720939,8.29051179681148,6.389969275902019,-9.809085940902591,False,True
2013-04-09,1,22.868768701190927,0.9539557364538287,,-28.595958863043094,0.9518370454978109,,1575.9,85.54914188255152,0.9546235601094637,,1571.3,1572.4,-62.68037318136059,-64.58895247792388,-66.49753177448717,21.9148129647371,False,True
2013-04-10,2,11.980202574157255,0.9463722397476343,,-56.87578527173343,0.9452391455038126,,1586.9,-126.27718818314553,0.9506305849546867,,1577.9,1585.0,138.25739075730277,136.36038793260045,134.46338510789812,11.033830334409622,False,True
2013-04-11,3,-7.058295393935064,0.9621552277100707,,1.2836970492587712,0.962834585018294,,1557.9,18.595112921231387,0.9627109941595535,,1558.1,1559.0,-25.653408315166452,-27.578274537036076,-29.5031407589057,-8.020450621645136,False,True
2013-04-12,4,5.1259051548450385,0.9613535858488753,,-115.32518371101499,0.9608609313945297,,1561.1,-403.30712074260833,0.9720062208398135,,1543.2,1560.3,408.4330258974534,406.49966609076466,404.566306284076,4.164551568996163,False,True
2013-04-15,0,-194.3132554173254,1.0128291694800813,,-299.8232898601352,1.0327733406774995,,1452.4,-446.87205809943225,1.0642071656615824,,1409.5,1481.0,252.55880268210686,250.4817663469652,248.40473001182352,-195.32608458680548,False,True
2013-04-16,1,157.42591268860627,1.1070110701107012,,70.22653295981792,1.0897994768962511,,1376.4,-136.55064004190703,1.0820949357957006,,1386.2,1355.0,293.9765527305133,291.78744672460687,289.59834071870046,156.31890161849557,False,True
2013-04-17,2,53.089103273192556,1.0937727869330613,,-8.708905405653788,1.0881392818280742,,1378.5,-9.443214299970697,1.0890873448050535,,1377.3,1371.4,62.532317573163255,60.349457441425145,58.16659730968703,51.9953304862595,False,True
2013-04-18,3,8.716496520501101,1.0900370612600832,,142.73598733155143,1.0890873448050535,,1377.3,-50.22612266291332,1.0735757228743203,,1397.2,1376.1,58.94261918341442,56.77900639928002,54.615393615145614,7.626459459241018,False,True
2013-04-19,4,163.0567651111963,1.0768126346015794,,-61.63456867576761,1.0593968500600326,,1415.9,-27.753086662584945,1.0659465605457648,,1407.2,1393.0,190.80985177378125,188.6670925786339,186.52433338348655,161.97995247659475,False,True
2013-04-22,0,96.81028159181605,1.06511396719449,,84.03999318664869,1.054926506786694,,1421.9,-57.34682476037578,1.0460251046025106,,1434.0,1408.3,154.15710635219182,152.04596728039482,149.93482820859782,95.74516762462156,False,True
2013-04-23,1,-54.16635944184552,1.0523361863336609,,19.026819453469116,1.0580517740001412,,1417.7,-56.485358120642765,1.056114905301697,,1420.3,1425.4,2.318998678797243,0.21054758716188515,-1.8979035044734722,-55.218695628179184,False,True
2013-04-24,2,98.62707632958757,1.0619469026548674,,-36.51945908588631,1.0515247108307046,,1426.5,69.41794169957976,1.0554461018857306,,1421.2,1412.5,29.20913463000781,27.09174162546721,24.974348620926612,97.5651294269327,False,True
2013-04-25,3,94.6357351631913,1.048731035447109,,8.307373271112557,1.0388531061707875,,1443.9,152.46500955667793,1.0380622837370244,,1445.0,1430.3,-57.82927439348663,-59.91606771267077,-62.00286103185489,93.5870041277442,False,True
2013-04-26,4,44.20122119477628,1.022285831118381,,-68.78027727819735,1.0179843909060062,,1473.5,-10.25606052089478,1.0250802979566735,,1463.3,1467.3,54.45728171567106,52.409915586596,50.36254945752095,43.1789353636579,False,True
2013-04-29,0,25.203514584557972,1.0230527895239396,,33.282421621244545,1.0205470131990748,,1469.8,4.067796666260376,1.0171560317352684,,1474.7,1466.2,21.135717918297594,19.095509097038384,17.055300275779178,24.18046179503403,True,True
2013-04-30,1,-77.50395720405803,1.0158472165786268,,53.783701831438506,1.0239606799098915,,1464.9,21.02622268862151,1.018468223791418,,1472.8,1476.6,-98.53017989267954,-100.56449533304958,-102.59881077341963,-78.51980442063665,True,True
2013-05-01,2,-21.70964217654402,1.0165356465166713,,-46.97241353918977,1.0187449062754688,,1472.4,-57.48322131138354,1.023541453428864,,1465.5,1475.6,35.77357913483952,33.73350203489399,31.693424934948453,-22.72617782306069,True,True
2013-05-02,3,-18.54842011540376,1.0295126973232671,,12.370285406747751,1.0314949800577637,,1454.2,69.12864187587415,1.0302197802197803,,1456.0,1457.0,-87.67706199127791,-89.73679446882096,-91.796526946364,-19.577932812727028,False,True
2013-05-03,4,68.64937750555917,1.0230527895239396,,-10.84451780401837,1.0161224766291832,,1476.2,-31.923953076080974,1.0172250101722504,,1474.6,1466.2,100.57333058164015,98.53305278194395,96.49277498224777,67.62632471603523,False,True
2013-05-06,0,20.387366898483087,1.0204081632653064,,-2.715915280138463,1.0183299389002038,,1473.0,-29.240781094372505,1.018537380321858,,1472.7,1470.0,49.62814799285559,47.58920244926842,45.55025690568126,19.366958735217782,False,True
2013-05-07,1,-77.2151842826882,1.0210332856851136,,22.611267299260923,1.0289477294553437,,1457.8,-63.85410827298506,1.0266237766066664,,1461.1,1469.1,-13.36107600970314,-15.40873307199492,-17.4563901342867,-78.2362175683733,False,True
2013-05-08,2,26.83087846762678,1.0333425186001655,,36.34995943778718,1.0306444963583896,,1455.4,83.84792980188547,1.0268346111719608,,1460.8,1451.6,-57.017051334258696,-59.077228464030824,-61.137405593802946,25.797535949026614,False,True
2013-05-09,3,-24.46983276453141,1.0183299389002038,,-23.850909122572986,1.020963789817588,,1469.2,-57.47928785456957,1.0234716157205241,,1465.6,1473.0,33.00945509003816,30.96765353541743,28.925851980796704,-25.488162703431616,False,True
2013-05-10,4,21.246709613617885,1.0291595197255576,,-203.34056991499878,1.0269752156647955,,1460.6,109.10841761112738,1.0481447837327933,,1431.1,1457.5,-87.8617079975095,-89.93901230096785,-92.0163166044262,20.217550093892328,False,True
2013-05-13,0,-99.26845600178953,1.03612626925468,,-9.0747275083816,1.0466089868825008,,1433.2,-17.473357582244457,1.0474860335195533,,1432.0,1447.7,-81.79509841954507,-83.8787107223193,-85.96232302509354,-100.30458227104421,False,True
2013-05-14,1,49.54477878334665,1.0493179433368314,,-67.05340482814655,1.0442046641141665,,1436.5,-21.046731495806213,1.0512299390286637,,1426.9,1429.5,70.59151027915286,68.49096239678737,66.39041451442186,48.49546084000982,False,True
2013-05-15,2,-89.55388976591254,1.0530010530010532,,-16.305699972317534,1.062548700148757,,1411.7,-126.38962919678465,1.064358192010218,,1409.3,1424.5,36.83573943087211,34.71838018586084,32.601020940849565,-90.6068908189136,False,True
2013-05-16,3,-21.567226188807265,1.0771992818671456,,-119.46708355221321,1.0796027062041171,,1389.4,79.79730409643865,1.0924981791697015,,1373.0,1392.5,-101.36453028524592,-103.53422774628277,-105.70392520731961,-22.64442547067441,False,True
2013-05-17,4,-87.73576200560876,1.0828761189719898,,17.464711177647867,1.0924981791697015,,1373.0,-128.78855018189142,1.0905918278319036,,1375.4,1385.2,41.05278817628266,38.87932022947877,36.705852282674876,-88.81863812458076,False,True
2013-05-20,0,-123.43554483491155,1.1018879012708442,,82.21964023976925,1.1156563778356268,,1344.5,263.5179414801111,1.1064394777605666,,1355.7,1361.3,-386.9534863150227,-389.1618136940541,-391.3701410730855,-124.5374327361824,False,True
2013-05-21,1,-2.1547854276244216,1.0772766446423443,,-106.15734283923548,1.0775087996551973,,1392.1,-19.621386332235204,1.0890082764629012,,1377.4,1392.4,17.466600904610782,15.300315983505538,13.134031062400291,-3.232062072266766,False,True
2013-05-22,2,82.59719469456454,1.0913059294288834,,56.12333050707075,1.0823291723789596,,1385.9,-179.5458352399729,1.0762717945038387,,1393.7,1374.5,262.1430299345374,259.9754522106047,257.807874486672,81.50588876513565,False,True
2013-05-23,3,51.042840877894825,1.0965713867972806,,110.66620483197396,1.0909884355225834,,1374.9,-0.7193468333864166,1.078981441519206,,1390.2,1367.9,51.76218771128124,49.58663488296476,47.41108205464827,49.946269491097546,False,True
2013-05-24,4,-10.077743438582097,1.0792143319663285,,16.55212496933937,1.08038029386344,,1388.4,-38.9049482073189,1.078593514057669,,1390.7,1389.9,28.827204768736806,26.66939692271281,24.51158907668881,-11.156957770548425,False,True
2013-05-27,0,,,missing bar,,,missing bar,,,,missing bar,,,,,,,False,False
2013-05-28,1,-25.159054352051403,1.0768899418479432,,-78.03507807229185,1.0796027062041171,,1389.4,9.42609648156878,1.0881392818280742,,1378.5,1392.9,-34.58515083362018,-36.750180057296205,-38.91520928097222,-26.235944293899344,False,True
2013-05-29,2,26.7776530550473,1.0870352924124937,,51.91071498432896,1.0842850946942317,,1383.4,10.780122500008554,1.078593514057669,,1390.7,1379.9,15.997530555038745,13.831901748568582,11.66627294209842,25.690617762634805,False,True
2013-05-30,3,105.04223205305904,1.0775087996551973,,-54.16976895435013,1.066249644583452,,1406.8,98.15157032522028,1.0721177900078624,,1399.1,1392.1,6.890661727838761,4.741035138175702,2.591408548512642,103.96472325340385,False,True
2013-05-31,4,26.86843163442218,1.0620220900594735,,-70.8669963224298,1.059247228303086,,1416.1,-136.78732274993476,1.0669322142399889,,1405.9,1412.4,163.65575438435695,161.52680008005748,159.39784577575801,25.806409544362708,False,True
2013-06-03,0,52.42570088516618,1.0800691244239633,,7.160759346440892,1.0744985673352436,,1396.0,99.71592595852209,1.0737294201861132,,1397.0,1388.8,-47.29022507335591,-49.44402361796599,-51.597822162576065,51.345631760742215,False,True
2013-06-04,1,-27.67431250004858,1.0629251700680273,,-74.17479269016708,1.0658708164570456,,1407.3,15.739021706592741,1.0739600486861889,,1396.7,1411.2,-43.41333420664132,-45.55021942539554,-47.687104644149755,-28.737237670116606,False,True
2013-06-05,2,27.129309135892232,1.0723477266228196,,-42.153457910843784,1.0694424639954372,,1402.6,42.86333180685265,1.0738831615120277,,1396.8,1398.8,-15.734022670960417,-17.880253559095266,-20.02648444723011,26.056961409269412,False,True
2013-06-06,3,-37.16413654289465,1.0700527892709375,,46.43694717229574,1.0741138560687435,,1396.5,73.84823733694986,1.0690613641223008,,1403.1,1401.8,-111.01237387984452,-113.15148803323775,-115.29060218663099,-38.23418933216559,False,True
2013-06-07,4,-7.789541165036447,1.0617965597791466,,-19.855346191185543,1.0626239727968265,,1411.6,-189.1715913220511,1.0647359454855196,,1408.8,1412.7,181.38205015701467,179.25551765175,177.12898514648535,-8.851337724815593,False,True
2013-06-10,0,-17.368653953830286,1.084598698481562,,7.964377932487857,1.0864841373315952,,1380.6,30.351230121330175,1.0856191647969893,,1381.7,1383.0,-47.719884075160465,-49.89010193843902,-52.06031980171757,-18.453252652311846,True,True
2013-06-11,1,-20.946954099986403,1.0823291723789596,,-64.56081327029639,1.084598698481562,,1383.0,25.440682447749182,1.091703056768559,,1374.0,1385.9,-46.38763654773558,-48.5616687768831,-50.73570100603062,-22.02928327236536,True,True
2013-06-12,2,-23.981698205624262,1.0887711403063076,,21.80391880606868,1.091385331781141,,1374.4,78.10279794885393,1.0890082764629012,,1377.4,1377.7,-102.08449615447819,-104.2622755712474,-106.44005498801661,-25.07046934593057,True,True
2013-06-13,3,17.283599290258678,1.0811590024506272,,-38.20788269210409,1.0792919844581956,,1389.8,3.6104993712796154,1.083345370504117,,1384.6,1387.4,13.673099918979062,11.508595546024317,9.344091173069573,16.202440287808052,False,True
2013-06-14,4,-4.333694542363997,1.0831889081455808,,-36.18734498334357,1.0836584308625923,,1384.2,78.71497584911403,1.0875081563111726,,1379.3,1384.8,-83.04867039147803,-85.21936745593479,-87.39006452039153,-5.4168834505095775,False,True
2013-06-17,0,-25.931009272141353,1.079059060499245,,-21.660658288521137,1.0818608005769927,,1386.5,9.392046350189721,1.0842067220816771,,1383.5,1390.1,-35.323055622331076,-37.486321404912,-39.64958718749292,-27.010068332640596,False,True
2013-06-18,1,-44.8885781259019,1.0835801488116739,,-24.703928860991606,1.088534107402032,,1378.0,-55.44626446693055,1.0913059294288834,,1374.5,1384.3,10.55768634102865,8.382800262788091,6.207914184547535,-45.97215827471358,False,True
2013-06-19,2,6.580150118617589,1.0970525853872597,,27.008301391525556,1.0964110810613261,,1368.1,-159.43910724349135,1.0933741526350318,,1371.9,1367.3,166.01925736210893,163.82883062408666,161.63840388606434,5.48309753323033,False,True
2013-06-20,3,-149.87418440616912,1.1101243339253999,,-188.84941811636156,1.1269722013523669,,1331.0,-170.6539233356903,1.1484572391087975,,1306.1,1351.2,20.779738929521187,18.52115735648699,16.262575783452792,-150.98430874009452,False,True
2013-06-21,4,179.96141892743512,1.1740763932373202,,-38.511947776892455,1.153136531365314,,1300.8,-0.7717538109164367,1.157586047229511,,1295.8,1277.6,180.73317273835156,178.40151029788473,176.0698478574179,178.7873425341978,False,True
2013-06-24,0,-134.35530027154485,1.1571395510298543,,35.121987323524216,1.172791243158718,,1279.0,-16.373634315759823,1.1685883452789034,,1283.6,1296.3,-117.98166595578502,-120.30739385209378,-122.63312174840253,-135.5124398225747,False,True
2013-06-25,1,-1.560549316525911,1.1703206678629945,,35.83116467915261,1.1705033164260634,,1281.5,-72.57435576496727,1.1663167716351763,,1286.1,1281.7,71.01380644844136,68.67716900894318,66.34053156944502,-2.7308699843889057,False,True
2013-06-26,2,-217.7010575753223,1.1746280344557558,,-116.71561641452772,1.2003841229193344,,1249.6,-72.33157627620031,1.2146732528949713,,1234.9,1277.0,-145.369481299122,-147.75878258647273,-150.14808387382345,-218.87568560977806,False,True
2013-06-27,3,120.84984258126579,1.2239902080783354,,-71.19195184417123,1.2091898428053207,,1240.5,-261.57108977095345,1.2178290168060406,,1231.7,1225.5,382.4209323522192,379.9791131273348,377.5372939024505,119.62585237318746,False,True
2013-06-28,4,34.95343105939788,1.2505210504376827,,-14.961352637046922,1.2458471760797343,,1204.0,257.0033482820155,1.2476087498960329,,1202.3,1199.5,-222.04991722261764,-224.54804702295135,-227.04617682328507,33.702910008960195,False,True
2013-07-01,0,99.27041692945936,1.2166436856192717,,-79.82304024685119,1.20462576292965,,1245.2,134.28417117275842,1.2142799320003241,,1235.3,1232.9,-35.01375424329906,-37.44467786091866,-39.87560147853825,98.05377324384008,False,True
2013-07-02,1,47.782204473129866,1.19741358665283,,-15.903311239865173,1.1918004131574769,,1258.6,-111.2322915689765,1.1936972783702056,,1256.6,1252.7,159.01449604210637,156.62338517708335,154.2322743120603,46.58479088647704,False,True
2013-07-03,2,30.551559380601805,1.207826717126983,,64.01046019823097,1.204045593193129,,1245.8,-17.5592670226492,1.196172248803828,,1254.0,1241.9,48.110826403251004,45.70682743732019,43.30282847138938,29.34373266347482,False,True
2013-07-04,3,,,missing bar,,,missing bar,,,,missing bar,,,,,,,False,False
2013-07-05,4,-48.95872374111824,1.2009607686148922,,-36.2684258129687,1.2067578439259856,,1243.0,-134.93945606937564,1.2111425111021399,,1238.5,1249.0,85.9807323282574,83.56862904854037,81.15652576882334,-50.15968450973313,False,True
2013-07-08,0,-29.525158822312612,1.2284006223896489,,118.41222837392134,1.2322352747884664,,1217.3,29.989890764980398,1.217631301241984,,1231.9,1221.1,-59.51504958729301,-61.96108151092464,-64.40711343455627,-30.75355944470226,False,True
2013-07-09,1,163.80645697286602,1.214378238341969,,-56.716212264261955,1.194838298550263,,1255.4,9.609225595270157,1.201730491908348,,1248.2,1235.2,154.19723137759587,151.78112264734557,149.36501391709524,162.59207873452405,False,True
2013-07-10,2,-22.441301395324224,1.2008646225282205,,74.34384135467174,1.2035625451335956,,1246.3,20.685821681308116,1.1946479770627592,,1255.6,1249.1,-43.127123076632344,-45.522635676223324,-47.9181482758143,-23.642166017852446,False,True
2013-07-11,3,156.00206624900017,1.1851149561507468,,-38.19029621242405,1.166861143523921,,1285.5,26.510736774431397,1.1711430356027486,,1280.8,1265.7,129.49132947456877,127.13507148281526,124.77881349106178,154.8169512928494,False,True
2013-07-12,4,-78.13150145358448,1.167406023815083,,-31.419395888730318,1.1763783232687635,,1275.1,100.9674761472187,1.1799874134675898,,1271.2,1284.9,-179.09897760080318,-181.44637103808586,-183.79376447536853,-79.29890747739955,False,True
2013-07-15,0,3.8936261832089105,1.1683152893527535,,-56.9935570931132,1.1677695601401326,,1284.5,46.86776271623074,1.1744440964610086,,1277.2,1283.9,-42.974136533021834,-45.3168959188356,-47.65965530464936,2.725310893856157,False,True
2013-07-16,1,-7.805792293929945,1.170411985018727,,77.01022073966753,1.1713259409651728,,1280.6,3.0990935399521593,1.162340178225494,,1290.5,1281.6,-10.904885833882105,-13.237637997126326,-15.570390160370547,-8.976204278948671,False,True
2013-07-17,2,-28.69664977793138,1.1617100371747213,,-11.657277403265667,1.1650485436893205,,1287.5,-85.90447205038133,1.1664074650077763,,1286.0,1291.2,57.207822272449945,54.879704770267445,52.55158726808495,-29.858359815106102,False,True
2013-07-18,3,16.46478085699682,1.177024482109228,,28.94131630176351,1.174996083346389,,1276.6,24.18569542512267,1.17169192313701,,1280.2,1274.4,-7.720914568125849,-10.069630973372087,-12.418347378618325,15.287756374887593,False,True
2013-07-19,4,49.00635999002167,1.1696818465377419,,10.08260061372301,1.163963684333049,,1288.7,38.681774984506454,1.1627005658476088,,1290.1,1282.4,10.324585005515218,7.992202593129867,5.659820180744516,47.83667814348393,False,True
2013-07-22,0,152.35910846662267,1.1572288227125445,,-3.0395137012129916,1.1396444309375475,,1316.2,144.86446182452391,1.1399908800729597,,1315.8,1296.2,7.494646642098758,5.197426939313254,2.9002072365277494,151.20187964391013,False,True
2013-07-23,1,-27.016901986781832,1.124184965899723,,-16.54882279286265,1.1273957158962797,,1330.5,119.71710509051235,1.1290929619872037,,1328.5,1334.3,-146.73400707729417,-148.9872850051811,-151.24056293306802,-28.141086952681555,False,True
2013-07-24,2,-47.60851066257843,1.1131725417439704,,-0.7456287517913699,1.1184014315538324,,1341.2,-143.45508696324478,1.1185682326621926,,1341.0,1347.5,95.84657630066636,93.6148355262602,91.38309475185403,-48.7216832043224,False,True
2013-07-25,3,-11.359764938508132,1.1353315168029066,,6.060147144031587,1.1366219595362583,,1319.7,96.46619384225767,1.135933358576297,,1320.5,1321.2,-107.8259587807658,-110.097223656145,-112.3684885315242,-12.495096455311039,False,True
2013-07-26,4,2.99962506936115,1.1250281257031427,,-50.36657894193312,1.124775044991002,,1333.6,47.370290467338,1.1305396442568587,,1326.8,1333.3,-44.37066539797685,-46.62623316793685,-48.881800937896855,1.8745969436580074,False,True
2013-07-29,0,-72.24594939630616,1.124775044991002,,90.21939249137098,1.1328449512876673,,1324.1,-64.5696364555745,1.1225864391558151,,1336.2,1333.6,-7.676312940731663,-9.923674424878481,-12.171035909025296,-73.37072444129716,False,True
2013-07-30,1,-22.629563854890144,1.1301989150090417,,-3.021604494964537,1.1329305135951664,,1324.0,12.83745692631239,1.1334441589844342,,1323.4,1327.2,-35.467020781202535,-37.730663855196006,-39.994306929189484,-23.759762769899186,False,True
2013-07-31,2,51.17025237086109,1.1316484345529991,,-29.320022508037322,1.1260415884693342,,1332.1,-30.16138615867557,1.1293479897605785,,1328.2,1325.5,81.33163852953666,79.07064210522309,76.80964568090951,50.03860393630809,False,True
2013-08-01,3,,,roll,42.35691984346651,1.1369665731827485,,1319.3,-117.67074472556038,1.1320754716981134,,1325.0,,,,,,False,False
2013-08-02,4,-157.22867246868,1.147052076164258,,-17.10598348853293,1.1653200745804848,,1287.2,200.3302991432846,1.167406023815083,,1284.9,1307.7,-357.5589716119646,-359.8734297119439,-362.18788781192325,-158.37572454484427,False,True
2013-08-05,0,9.902122148174671,1.1431184270690444,,-50.37794029957293,1.1420740063956145,,1313.4,-35.26529260417891,1.1479298997474556,,1306.7,1312.2,45.16741475235358,42.876366425537086,40.58531809872058,8.759003721105627,False,True
2013-08-06,1,-94.04941356001225,1.1509245760761146,,-19.383607542227136,1.1618900077459335,,1291.0,-50.573926118044575,1.1641443538998837,,1288.5,1303.3,-43.47548744196768,-45.79055637194368,-48.10562530191967,-95.20033813608836,False,True
2013-08-07,2,0.0,1.170777396191071,,-35.96563689225327,1.1706860220088975,,1281.3,77.23853495400114,1.174812030075188,,1276.8,1281.2,-77.23853495400114,-79.5841243802674,-81.92971380653366,-1.170777396191071,False,True
2013-08-08,3,40.35705904279527,1.1664981724861965,,-4.648280220043536,1.1618000154906671,,1291.1,165.99166953001506,1.162340178225494,,1290.5,1285.9,-125.63461048721979,-127.96344883793148,-130.29228718864317,39.19056087030908,False,True
2013-08-09,4,-16.79005202493594,1.143815769406741,,0.0,1.1458253762126653,,1309.1,32.79316570819135,1.1458253762126653,,1309.1,1311.4,-49.58321773312729,-51.8728588787467,-54.1625000243661,-17.93386779434268,False,True
2013-08-12,0,128.5948129214928,1.1419870574800153,,-36.141896129398695,1.1273957158962797,,1330.5,87.12688433590512,1.1315630657815332,,1325.6,1313.5,41.467928585587686,39.194378462326135,36.920828339064585,127.4528258640128,False,True
2013-08-13,1,14.958865915827081,1.122754491017964,,-90.09069942365969,1.1210762331838566,,1338.0,-38.532781612279244,1.1311364150516554,,1326.1,1336.0,53.49164752810633,51.237756622036706,48.983865715967084,13.836111424809117,False,True
2013-08-14,2,-13.642566918139666,1.1361054305839584,,34.07158321614356,1.137656427758817,,1318.5,94.04575955434031,1.1338725527250737,,1322.9,1320.3,-107.68832647247997,-109.958304455789,-112.22828243909804,-14.778672348723624,False,True
2013-08-15,3,35.86911632321783,1.1229225932025755,,-32.12914184637038,1.1189854531891086,,1340.5,216.16061126744412,1.122502432088603,,1336.3,1335.8,-180.2914949442263,-182.53691996951747,-184.78234499480865,34.74619373001526,False,True
2013-08-16,4,-37.41613256929858,1.0984182776801408,,24.957804924470786,1.1024547993532268,,1360.6,87.59180089881553,1.0997067448680353,,1364.0,1365.6,-125.00793346811412,-127.20605849066229,-129.40418351321046,-38.51455084697872,False,True
2013-08-19,0,-21.08095136104564,1.0892455159392929,,-5.094799775404378,1.0914647456887143,,1374.3,-59.14800551148511,1.0921004732435386,,1373.5,1377.1,38.067054150439475,35.885708161256645,33.704362172073814,-22.17019687698493,False,True
2013-08-20,1,-58.047850272806926,1.0989816103743864,,63.18439946541467,1.105542452830189,,1356.8,38.008963235758095,1.098498718418162,,1365.5,1364.9,-96.05681350856503,-98.25429383735757,-100.45177416615013,-59.146831883181314,False,True
2013-08-21,2,-7.31047623756092,1.0961707103186205,,-10.244403061897309,1.0970525853872597,,1367.3,2.196112889028118,1.0981770261366133,,1365.9,1368.4,-9.506589126589038,-11.700936863044271,-13.895284599499504,-8.40664694787954,False,True
2013-08-22,3,-15.38969194587616,1.0984182776801408,,34.41084041254532,1.1001100110011002,,1363.5,54.66685140052224,1.0963309457681627,,1368.2,1365.6,-70.0565433463984,-72.2512925698467,-74.44604179329501,-16.4881102235563,False,True
2013-08-23,4,4.359197976616493,1.0900370612600832,,-33.47405250542767,1.0897203051216855,,1376.5,184.88285697135072,1.0933741526350318,,1371.9,1376.1,-180.52365899473423,-182.70707020862935,-184.89048142252446,3.2691609153564105,False,True
2013-08-26,0,-19.318147173321716,1.0721944245889923,,-25.097714941697934,1.0742677075127123,,1396.3,82.2284852015538,1.0769672601952902,,1392.8,1399.0,-101.54663237487551,-103.69579405965979,-105.84495574444408,-20.39034159791071,False,True
2013-08-27,1,-29.228322358511484,1.0677676537585423,,94.49784342088665,1.0708166761850373,,1400.8,6.361997881851431,1.0606703436571914,,1414.2,1404.8,-35.590320240362914,-37.71875823777865,-39.84719623519438,-30.296090012270028,False,True
2013-08-28,2,78.77933406709799,1.059247228303086,,-23.147346638016703,1.050935332445877,,1427.3,-47.161597990614425,1.053370786516854,,1424.0,1416.1,125.94093205771242,123.82831404289247,121.71569602807253,77.7200868387949,False,True
2013-08-29,3,-65.79203810665233,1.057678747708363,,25.51925961364978,1.0646603733409044,,1408.9,-34.75057573166003,1.0619469026548674,,1412.5,1418.2,-31.0414623749923,-33.16108802535553,-35.28071367571876,-66.8497168543607,False,True
2013-08-30,4,-7.8183308293281835,1.065719360568384,,-74.93879412200071,1.066552901023891,,1406.4,-7.8827622412818465,1.0744985673352436,,1396.0,1407.5,0.06443141195366309,-2.0757865159499644,-4.216004443853592,-8.884050189896568,False,True
2013-09-02,0,,,missing bar,,,missing bar,,,,missing bar,,,,,,,False,False
2013-09-03,1,-9.343444097997091,1.0775862068965518,,30.157271365785675,1.0786710772328494,,1390.6,126.11945288107768,1.0755772264448589,,1394.6,1392.0,-135.46289697907477,-137.61606041241618,-139.76922384575758,-10.421030304893643,False,True
2013-09-04,2,-27.666459671951937,1.0626239727968265,,-24.894212507711888,1.0655679477161328,,1407.7,-90.85443617203029,1.0682238997293834,,1404.2,1411.6,63.18797650007835,61.05712862755214,58.92628075502593,-28.729083644748762,False,True
2013-09-05,3,-33.11976531683347,1.078205865439908,,66.84180562499104,1.0817047667123387,,1386.7,-209.17782193221083,1.074421603037032,,1396.1,1391.2,176.05805661537735,173.90542914690042,171.75280167842348,-34.19797118227338,False,True
2013-09-06,4,29.22483266580726,1.097534206482769,,0.0,1.09449106165633,,1370.5,152.77421274084412,1.0944112067707574,,1370.6,1366.7,-123.54938007503686,-125.74132548829039,-127.93327090154392,28.12729845932449,False,True
2013-09-09,0,-25.912344449351863,1.0782833728703907,,-37.54245980474927,1.0809252720328604,,1387.7,33.220222650403976,1.0850694444444444,,1382.4,1391.1,-59.13256709975584,-61.29591991707067,-63.45927273438551,-26.990627822222255,False,True
2013-09-10,1,-60.74210591660987,1.0813928339701537,,-74.25776696849539,1.0879814317835643,,1378.7,-35.87250817806448,1.0961707103186205,,1368.4,1387.1,-24.869597738545394,-27.047161282834168,-29.22472482712294,-61.82349875058003,False,True
2013-09-11,2,24.160790755172524,1.0995455211845773,,-53.52507554597945,1.096892138939671,,1367.5,35.96202180352509,1.1028600838173666,,1360.1,1364.2,-11.801231048352566,-14.00363665335451,-16.206042258356455,23.061245233987947,False,True
2013-09-12,3,-158.6339385850515,1.0980162506405098,,-29.795180329054215,1.1156563778356268,,1344.5,-143.5089808022858,1.1189854531891086,,1340.5,1366.1,-15.124957782765705,-17.34195948659532,-19.55896119042494,-159.73195483569202,False,True
2013-09-13,4,-56.86356730086198,1.1340440009072352,,-15.979914369562515,1.1405109489051095,,1315.2,96.23838154693571,1.1421609685525016,,1313.3,1322.7,-153.1019488477977,-155.37815381725744,-157.65435878671718,-57.99761130176922,False,True
2013-09-16,0,-75.2732195491296,1.1248593925759283,,-89.56416607466032,1.1334441589844342,,1323.4,9.146342101032094,1.143815769406741,,1311.4,1333.5,-84.4195616501617,-86.68823681214437,-88.95691197412704,-76.39807894170553,False,True
2013-09-17,1,7.609771313120822,1.1419001218026799,,45.53050815853918,1.1408579251597202,,1314.8,-79.80888331012878,1.1355893708834888,,1320.9,1313.6,87.4186546232496,85.14116513056342,82.86367563787726,6.467871191318142,False,True
2013-09-18,2,-45.157169843601686,1.1454753722794961,,-26.121711227006095,1.1509245760761146,,1303.3,479.14255449814715,1.1539349180706209,,1299.9,1309.5,-524.2997243417489,-526.599134632099,-528.8985449224491,-46.302645215881185,False,True
2013-09-19,3,-9.528347552718545,1.098901098901099,,4.398182155635695,1.0997873744409414,,1363.9,13.182951960489659,1.099303774276292,,1364.5,1365.0,-22.711299513208203,-24.909504386385592,-27.107709259562984,-10.627248651619643,True,True
2013-09-20,4,-37.39966959721105,1.0979358805445765,,-55.99778853340865,1.1021307861866276,,1361.0,-202.28344147692655,1.1084016847705611,,1353.3,1366.2,164.8837718797155,162.67743431440036,160.47109674908523,-38.49760547775563,True,True
2013-09-23,0,-15.837704581300285,1.1303692539562926,,-16.618828420758305,1.1321609178051175,,1324.9,2.268002277725355,1.1341297444427645,,1322.6,1327.0,-18.105706859025638,-20.370205857424693,-22.634704855823752,-16.96807383525658,False,True
2013-09-24,1,18.144708992674595,1.135073779795687,,-68.2182589475812,1.1331016769904823,,1323.8,63.68482479362491,1.1408579251597202,,1314.8,1321.5,-45.54011580095032,-47.81604750590573,-50.09197921086113,17.00963521287891,False,True
2013-09-25,2,20.379672676112936,1.1333585190782018,,-32.476143494132096,1.1310511235107827,,1326.2,94.8659425922473,1.1347303124290795,,1321.9,1323.5,-74.48626991613436,-76.75435874764165,-79.02244757914892,19.246314157034735,False,True
2013-09-26,3,-11.258304187613676,1.1251969094591556,,37.478493760999385,1.1264644037248426,,1331.6,-92.45058144051049,1.1222504863085443,,1336.6,1333.1,81.19227725289682,78.94482985712912,76.69738246136141,-12.383501097072832,False,True
2013-09-27,4,9.061391543524286,1.133187278084158,,96.89488810230013,1.1321609178051175,,1324.9,-7.4771949049678454,1.1211600269078408,,1337.9,1323.7,16.538586448492133,14.284239143500134,12.029891838508135,7.928204265440128,False,True
2013-09-30,0,-26.085351105889078,1.1164867882396727,,-29.14473534805592,1.1193194537721067,,1340.1,-53.277430640899915,1.1225864391558151,,1336.2,1343.5,27.192079535010837,24.95300630761535,22.71393308021986,-27.20183789412875,False,True
2013-10-01,1,54.811114434023,1.1293479897605785,,-81.93378417458055,1.1229225932025755,,1335.8,-284.8366515232469,1.132331848720465,,1324.7,1328.2,339.64776595726994,337.3860861187889,335.1244062803079,53.68176644426242,True,True
2013-10-02,2,26.37295974772597,1.1650485436893205,,27.07617791563556,1.1619800139437604,,1290.9,167.77503127134605,1.1588380716934488,,1294.4,1287.5,-141.40207152362007,-143.72595813900284,-146.04984475438562,25.20791120403665,True,True
2013-10-03,3,-8.35898069113421,1.139384732244588,,-67.12970514065672,1.140424237816468,,1315.3,79.28079336631224,1.1480177560079599,,1306.6,1316.5,-87.63977405744644,-89.927176545699,-92.21457903395154,-9.498365423378798,True,True
2013-10-04,4,9.863056070606865,1.138606345832701,,-44.83119852355343,1.1372251705837757,,1319.0,-17.531160402998275,1.1423349326022392,,1313.1,1317.4,27.39421647360514,25.1132751951702,22.83233391673526,8.724449724774164,True,True
2013-10-07,0,6.094309627183798,1.1430313190581425,,22.06079020303202,1.1423349326022392,,1313.1,54.557989387257805,1.1397310234784594,,1316.1,1312.3,-48.46367976007401,-50.746442102610615,-53.029204445147215,4.951278308125656,True,True
2013-10-08,1,25.666202660749402,1.1337868480725626,,-63.530693185780194,1.1308805790108565,,1326.4,12.890997045826012,1.1381743683132257,,1317.9,1323.0,12.77520561492339,10.503244398537602,8.231283182151813,24.532415812676838,False,True
2013-10-09,2,-7.580926752271262,1.136708093361625,,-63.1396871484844,1.1374838856449536,,1318.7,-35.93138684812068,1.1446886446886448,,1310.4,1319.6,28.35046009584942,26.06906335779915,23.787666619748883,-8.717634845632887,False,True
2013-10-10,3,-13.781489050563222,1.1476664116296864,,-19.941715459599422,1.1493372155390393,,1305.1,-115.83141089630759,1.1516314779270636,,1302.5,1307.0,102.04992184574436,99.75062395618761,97.45132606663087,-14.929155462192908,False,True
2013-10-11,4,22.518159920899677,1.166044776119403,,3.101496496910952,1.163241566498643,,1289.5,-142.1010794438937,1.1628808434762385,,1289.9,1286.4,164.61923936479337,162.29031374519772,159.9613881256021,21.352115144780274,False,True
2013-10-14,0,0.0,1.1760094080752648,,57.84881673428525,1.1760094080752648,,1275.5,-83.76110656834659,1.1693171188026195,,1282.8,1275.5,83.76110656834659,81.41578004146871,79.07045351459082,-1.1760094080752648,False,True
2013-10-15,1,-14.143162568111332,1.1777638190954776,,-62.310411802267666,1.1794307281019032,,1271.8,142.20296978734288,1.186896660864061,,1263.8,1273.6,-156.34613235545422,-158.71079283541374,-161.0754533153733,-15.32092638720681,False,True
2013-10-16,2,39.721225168776684,1.170594662088341,,-67.85503553556019,1.1659541391371941,,1286.5,30.47472567535514,1.1738926279542967,,1277.8,1281.4,9.246499493421545,6.9020122033789075,4.55752491333627,38.55063050668834,False,True
2013-10-17,3,-45.365740690188105,1.170594662088341,,314.7922322592137,1.175732873491143,,1275.8,25.7908054664033,1.1392981923135352,,1316.6,1281.4,-71.1565461565914,-73.46643901099327,-75.77633186539515,-46.536335352276446,False,True
2013-10-18,4,38.596937460353296,1.137397634212921,,-50.73654441402087,1.1330160888284613,,1323.9,-9.114386169467961,1.1387792286668692,,1317.2,1318.8,47.71132362982126,45.435146766941465,43.15896990406168,37.45953982614037,False,True
2013-10-21,0,44.73262700091488,1.1398176291793316,,-48.53274105006668,1.1347303124290795,,1321.9,3.0406689705969097,1.140424237816468,,1315.3,1316.0,41.69195803031797,39.41171616332217,37.131474296326374,43.59280937173555,False,True
2013-10-22,1,-1.520450056145465,1.1402508551881414,,-15.21722883618668,1.140424237816468,,1315.3,201.25043269310387,1.1420740063956145,,1313.4,1315.5,-202.77088274924935,-205.05320761083308,-207.33553247241687,-2.660700911333606,False,True
2013-10-23,2,-36.63144678557234,1.1193194537721067,,-24.747847195273113,1.1235113474646097,,1335.1,11.256614448907792,1.1262952395254544,,1331.8,1340.1,-47.888061234480126,-50.13367592777769,-52.37929062107525,-37.75076623934444,False,True
2013-10-24,3,59.11199823155904,1.1257035647279552,,14.909798497863788,1.1190689346463742,,1340.4,31.236080729763927,1.11731843575419,,1342.5,1332.5,27.875917501795115,25.63289550131297,23.389873500830824,57.986294666831085,False,True
2013-10-25,4,-37.9365947598161,1.1136684237879577,,-24.627797066702417,1.1180679785330951,,1341.6,92.23510792024896,1.1209086833059334,,1338.2,1346.9,-130.17170268006507,-132.40627978715898,-134.64085689425286,-39.05026318360406,False,True
2013-10-28,0,-23.68441637088857,1.1088933244621868,,11.84922007853928,1.1115227862171175,,1349.5,9.617875191152942,1.1102886750555148,,1351.0,1352.7,-33.30229156204151,-35.52147356155921,-37.74065556107691,-24.793309695350757,False,True
2013-10-29,1,13.298856780861497,1.1089753068165018,,-83.78176903896178,1.1075014766686357,,1354.4,12.649281793763578,1.1168192986374808,,1343.1,1352.6,0.6495749870979193,-1.5762196183560633,-3.802014223810046,12.189881474044995,False,True
2013-10-30,2,12.635179502528596,1.1155734047300314,,23.73712263582647,1.1139992573338287,,1346.5,-41.57392773440586,1.1112757445547492,,1349.8,1344.6,54.20910723693446,51.98225808764968,49.755408938364894,11.519606097798563,False,True
2013-10-31,3,-42.57391499835023,1.1179846463441903,,-52.53295383345761,1.122754491017964,,1336.0,-46.76077605607609,1.1286681715575624,,1329.0,1341.7,4.1868610577258565,1.9402082398241036,-0.3064445780776488,-43.69189964469442,False,True
2013-11-01,4,18.877190639878602,1.1337011563751798,,-100.82335341512365,1.1313923668728316,,1325.8,25.87126690316149,1.142857142857143,,1312.5,1323.1,-6.994076263282889,-9.27063456251521,-11.547192861747535,17.743489483503424,False,True
2013-11-04,0,0.0,1.1424219345011426,,59.97360925520463,1.1421609685525016,,1313.3,-52.35415425849485,1.1351596791281975,,1321.4,1313.0,52.35415425849485,50.07657264486551,47.79899103123617,-1.1424219345011426,False,True
2013-11-05,1,4.565515221594069,1.1416393941700282,,14.445925340563791,1.1412919424788863,,1314.3,-36.532501244336736,1.1395578515535973,,1316.3,1313.9,41.098016465930804,38.81681922020718,36.535621974483554,3.4238758274240406,False,True
2013-11-06,2,-2.2863239820659755,1.1430313190581425,,44.10988975685144,1.1432926829268295,,1312.0,-0.7589268777606282,1.1383471199817865,,1317.7,1312.3,-1.5273971043053474,-3.808775543345276,-6.090153982385205,-3.429355301124118,False,True
2013-11-07,3,-4.5551169934287765,1.1385199240986719,,49.23692861784741,1.139038651378237,,1316.9,-126.95445893316366,1.1331016769904823,,1323.8,1317.5,122.39934193973488,120.12772033864573,117.85609873755658,-5.693636917527448,False,True
2013-11-08,4,12.990488205909973,1.1469643676403123,,-5.346980992840132,1.1454753722794961,,1309.5,-160.97701949857858,1.1460880195599024,,1308.8,1307.8,173.96750770448855,171.67445531728833,169.38140293008811,11.843523838269661,False,True
2013-11-11,0,-22.535658602931438,1.164325079562214,,-17.909290362132673,1.166951921580831,,1285.4,-8.576664203572642,1.169043722235212,,1283.1,1288.3,-13.958994399358795,-16.29236320115622,-18.625732002953647,-23.699983682493652,False,True
2013-11-12,1,-7.026035653413084,1.170594662088341,,-1.56213387805066,1.1715089034676665,,1280.4,-102.85490903040514,1.17169192313701,,1280.2,1281.4,95.82887337699205,93.4865867917667,91.14430020654135,-8.196630315501425,False,True
2013-11-13,2,53.598299669471515,1.185489607207777,,43.14578177792114,1.179245283018868,,1272.0,25.015647817023424,1.1740763932373202,,1277.6,1265.3,28.58265185244809,26.223085852002992,23.863519851557896,52.41281006226374,False,True
2013-11-14,3,5.461283537336266,1.170594662088341,,-24.206469478095922,1.1698642957416943,,1282.2,56.90913819354674,1.1726995543741696,,1279.1,1281.4,-51.447854656210474,-53.791148872672984,-56.134443089135495,4.290688875247925,False,True
2013-11-15,4,-25.677950536761518,1.1656823127137086,,-2.3376319894502706,1.1686793922867162,,1283.5,48.20035764269862,1.1689526184538654,,1283.2,1286.8,-73.87830817946013,-76.21294311062772,-78.54757804179528,-26.843632849475227,False,True
2013-11-18,0,-17.083402197894248,1.1637830708355963,,-44.397782942102225,1.1657729074376313,,1286.7,-49.301661078586086,1.1709601873536302,,1281.0,1288.9,32.218258880691835,29.88351562250261,27.548772364313383,-18.247185268729844,False,True
2013-11-19,1,-4.706989966876346,1.1764705882352944,,8.62778986027187,1.177024482109228,,1274.4,-4.705144377894538,1.1760094080752648,,1275.5,1275.0,-0.0018455889818085325,-2.3543255852923677,-4.706805581602927,-5.883460555111641,False,True
2013-11-20,2,-15.704753914923383,1.176932130247156,,-88.41232204083342,1.178874567745992,,1272.4,-142.93372257910275,1.1892491873463888,,1261.3,1274.5,127.22896866417936,124.86278734658582,122.49660602899228,-16.88168604517054,False,True
2013-11-21,3,18.50436989652794,1.2079239813174427,,22.479135991169944,1.2055939559556343,,1244.2,-40.97872433277302,1.202790473899447,,1247.1,1241.8,59.48309422930096,57.07237977408407,54.66166531886718,17.296445915210498,False,True
2013-11-22,4,8.850626156060414,1.2074378169524271,,12.860704288485271,1.206466661304593,,1243.3,-16.078466362744827,1.20491605751466,,1244.9,1242.3,24.92909251880524,22.516738644338155,20.104384769871068,7.643188339107987,False,True
2013-11-25,0,-67.07366857011834,1.2081185567010313,,-23.54374945872142,1.2163477132662992,,1233.2,164.45352488737683,1.2192148256522801,,1230.3,1241.6,-231.52719345749517,-233.95452683984848,-236.3818602222018,-68.28178712681938,False,True
2013-11-26,1,23.954019757964403,1.1991366216324248,,-65.61598320079634,1.1963630563088214,,1253.8,-28.136197668444286,1.2041422493377218,,1245.7,1250.9,52.090217426408685,49.68693855543854,47.28365968446839,22.754883136331976,False,True
2013-11-27,2,24.13322706163141,1.2081185567010313,,34.484175477363834,1.2050128534704372,,1244.8,-94.9323300025363,1.2010569300984868,,1248.9,1241.6,119.0655570641677,116.65638157736818,114.24720609056867,22.925108504930378,False,True
2013-11-28,3,,,missing bar,,,missing bar,,,,missing bar,,,,,,,False,False
2013-11-29,4,0.0,1.2062726176115806,,40.82455139671754,1.2031763856581377,,1246.7,,,missing bar,,1243.5,,,,-1.2062726176115806,False,False
2013-12-02,0,-55.32628473502088,1.1994242763473535,,-67.76405407989975,1.2059816690786302,,1243.8,-133.63953780527314,1.2141816415735796,,1235.4,1250.6,78.31325307025226,75.89964715233133,73.4860412344104,-56.52570901136823,False,True
2013-12-03,1,33.56394620773372,1.2300123001230014,,-12.266428327935277,1.2258908139915008,,1223.6,4.0901468932924905,1.2272950417280317,,1222.2,1219.5,29.47379931444123,27.0164919725902,24.559184630739164,32.33393390761072,False,True
2013-12-04,2,-55.75613001162946,1.2264922322158627,,34.47713150840014,1.2334511964476609,,1216.1,185.9046111637726,1.2291052114060965,,1220.4,1223.0,-241.66074117540208,-244.11633861902405,-246.571936062646,-56.98262224384532,False,True
2013-12-05,3,-54.85211784788325,1.2066607674362484,,-53.52810834479748,1.2132977432661978,,1236.3,-43.189571271468104,1.2197105220361035,,1229.8,1243.1,-11.662546576415146,-14.088917865887499,-16.51528915535985,-56.0587786153195,False,True
2013-12-06,4,29.34465750999534,1.2244897959183676,,-6.513597364310532,1.2209018394921052,,1228.6,5.7000937987310145,1.2217968559094243,,1227.7,1225.0,23.644563711264325,21.198277059436535,18.75199040760874,28.120167714076974,False,True
2013-12-09,0,3.2517681775825173,1.2196113505163022,,-10.57211500088349,1.2192148256522801,,1230.3,85.0655269265806,1.2204051745179403,,1229.1,1229.9,-81.81375874899808,-84.25377527403232,-86.69379179906657,2.032156827066215,False,True
2013-12-10,1,44.2745742356273,1.210165389269867,,21.66500345907855,1.20491605751466,,1244.9,111.59050915180327,1.2023084321898048,,1247.6,1239.5,-67.31593491617598,-69.72840873763565,-72.14088255909532,43.06440884635743,False,True
2013-12-11,2,-26.999142899775613,1.1895321173671691,,-23.088263112514042,1.1928429423459246,,1257.5,-22.342811720418073,1.1956001912960308,,1254.6,1261.0,-4.65633117935754,-7.0414634880207405,-9.42659579668394,-28.18867501714278,False,True
2013-12-12,3,24.72386313444654,1.1977960552583249,,-154.10851584758362,1.1947431302270015,,1255.5,-94.25599967831056,1.213101496158512,,1236.5,1252.3,118.97986281275709,116.56896526134025,114.15806770992342,23.526067079188213,False,True
2013-12-13,4,-1.6313213739259358,1.2233912405187182,,26.073509434321206,1.223790487068614,,1225.7,73.77713953989831,1.220603792009114,,1228.9,1226.1,-75.40846091382426,-77.8524559463521,-80.29645097887992,-2.854712614444654,False,True
2013-12-16,0,-34.81362055585751,1.2123171421643906,,13.778014093536438,1.2165450121654504,,1233.0,48.477108751277584,1.214870008909047,,1234.7,1237.3,-83.2907293071351,-85.71791645820853,-88.14510360928197,-36.0259376980219,False,True
2013-12-17,1,46.68392251857618,1.210165389269867,,-90.35234102120054,1.20462576292965,,1245.2,-30.031271302201922,1.215657670799903,,1233.9,1239.5,76.7151938207781,74.28937076070834,71.86354770063856,45.473757129306314,False,True
2013-12-18,2,-5.691288417371485,1.2192148256522801,,18.686279150634988,1.2198097096852891,,1229.7,-118.38322523201155,1.2174336498660825,,1232.1,1230.3,112.69193681464007,110.2552883391217,107.81863986360335,-6.910503243023765,False,True
2013-12-19,3,-20.549922977191336,1.2317293480045985,,-85.95094235934044,1.2343647136273865,,1215.2,-140.4353097731312,1.2451232672034531,,1204.7,1217.8,119.88538679593987,117.40853418073182,114.93168156552376,-21.781652325195935,False,True
2013-12-20,4,40.29555486001642,1.261776581426649,,1.675603221078022,1.256807708420612,,1193.5,72.61226245366902,1.2564918746858773,,1193.8,1188.8,-32.316707593652595,-34.834976049765125,-37.35324450587765,39.03377827858977,False,True
2013-12-23,0,-14.980029432438664,1.2474012474012475,,-10.833785800673054,1.2493753123438283,,1200.6,-9.17546045938594,1.2506253126563283,,1199.4,1202.5,-5.804568973052724,-8.302595533110301,-10.800622093167876,-16.227430679839912,False,True
2013-12-24,1,-7.516599510371815,1.2522958757722493,,26.70005758070816,1.2532375302865737,,1196.9,,,missing bar,,1197.8,,,,-8.768895386144065,False,False
2013-12-25,2,,,missing bar,,,missing bar,,,,missing bar,,,,,,,False,False
2013-12-26,3,9.13355815560448,1.246054161820901,,-3.320604380502549,1.2450199203187253,,1204.8,46.39226280998148,1.2455368263721667,,1204.3,1203.8,-37.258704654377,-39.750295642570066,-42.24188663076313,7.887503993783579,False,True
2013-12-27,4,28.038942994525108,1.238748038648939,,-28.864809122096652,1.2352795849460596,,1214.3,14.853939024254414,1.238748038648939,,1210.9,1210.9,13.185003970270694,10.707507892972815,8.230011815674938,26.80019495587617,False,True
2013-12-30,0,-81.89647460773969,1.235788433020267,,-11.63660674905614,1.246054161820901,,1203.8,-53.37349006101484,1.2476087498960329,,1202.3,1213.8,-28.52298454672485,-31.00638172964115,-33.48977891255745,-83.13226304075995,False,True
2013-12-31,1,11.685169512563233,1.2527142141306162,,6.6711143234586325,1.2512512512512515,,1198.8,42.420525247466564,1.2503125781445363,,1199.7,1197.4,-30.73535573490333,-33.23838252717848,-35.74140931945364,10.432455298432616,False,True
2014-01-01,2,,,missing bar,,,missing bar,,,,missing bar,,,,,,,True,False
2014-01-02,3,148.33399294101093,1.2453300124533004,,-59.069824722725144,1.2269938650306749,,1222.5,67.24092575493496,1.2341615928912293,,1215.4,1204.5,81.09306718607597,78.61357558073145,76.13408397538691,147.08866292855762,False,True
2014-01-03,4,83.9142974492571,1.2271946330688048,,-21.11590161679502,1.2169398020444593,,1232.6,51.906037058035885,1.2197105220361035,,1229.8,1222.3,32.00826039122122,29.561355236116313,27.114450081011405,82.6871028161883,False,True
2014-01-06,0,16.96216229959236,1.2126111560226356,,-22.62078844697559,1.2104583602324082,,1239.2,8.084728389271808,1.2131996117761243,,1236.4,1237.0,8.877433910320553,6.451623142521793,4.025812374723033,15.749551143569725,False,True
2014-01-07,1,18.576106783405198,1.2126111560226356,,-25.047482088815638,1.2104583602324082,,1239.2,-39.716364263472805,1.213395890632584,,1236.2,1237.0,58.292471046878006,55.86646400022279,53.44045695356757,17.363495627382562,False,True
2014-01-08,2,-39.068908558658656,1.2185215272136476,,20.36577625427328,1.2231917149147846,,1226.3,-29.33987434787427,1.2207031250000002,,1228.8,1231.0,-9.729034210784384,-12.168258862998032,-14.60748351521168,-40.2874300858723,False,True
2014-01-09,3,14.684290450664248,1.224589762429586,,23.612761856796855,1.2227928588897041,,1226.7,-19.537616113942075,1.2199089134677947,,1229.6,1224.9,34.22190656460632,31.77740788870894,29.332909212811558,13.459700688234662,False,True
2014-01-10,4,56.07263482831145,1.2223942628962596,,-1.621008270692232,1.215657670799903,,1233.9,112.83162901147809,1.215756200356622,,1233.8,1227.1,-56.758994183166635,-59.19714464641952,-61.6352951096724,54.85024056541519,False,True
2014-01-13,0,8.0115370412377,1.202212070209185,,-22.448498162818943,1.2012492992712422,,1248.7,52.82970743914043,1.2038523274478332,,1246.0,1247.7,-44.818170397902726,-47.224234795559745,-49.630299193216764,6.809324971028515,False,True
2014-01-14,1,-1.5966789112635855,1.19741358665283,,-33.591969523080564,1.1977004152028108,,1252.4,-27.27857917475977,1.2018267767005852,,1248.1,1252.7,25.681900263496185,23.28265990014277,20.883419536789354,-2.7940924979164157,False,True
2014-01-15,2,-28.167899192564736,1.2054970666238047,,-33.097911143175885,1.2088974854932304,,1240.8,35.51254741067667,1.2128072445019407,,1236.8,1244.3,-63.68044660324141,-66.09875091436716,-68.5170552254929,-29.373396259188542,False,True
2014-01-16,3,-25.80230426831909,1.2079239813174427,,-11.3085634022424,1.2109469605231291,,1238.7,37.91397273494141,1.2123171421643906,,1237.3,1241.8,-63.7162770032605,-66.13651812674235,-68.55675925022416,-27.010228249636533,False,True
2014-01-17,4,-12.087515070187779,1.2080212611741967,,9.6711806377482,1.2094823415578133,,1240.2,98.60194519908967,1.2084105373398857,,1241.3,1241.7,-110.68946026927745,-113.10589206779153,-115.52232386630561,-13.295536331361976,False,True
2014-01-20,0,,,missing bar,,,missing bar,,,,missing bar,,,,,,,False,False
2014-01-21,1,-10.371375934653688,1.1960768678733755,,-70.49051937413887,1.1973180076628354,,1252.8,-24.950715185507498,1.2057877813504825,,1244.0,1254.1,14.57933925085381,12.177474601629951,9.775609952406093,-11.567452802527065,False,True
2014-01-22,2,-7.257772182626486,1.2091898428053207,,6.451092877544502,1.2099701540695331,,1239.7,-29.873664782825248,1.2092873266688167,,1240.4,1240.5,22.615892600198762,20.197415430724625,17.778938261250488,-8.466962025431807,False,True
2014-01-23,3,8.088652062782277,1.2137886389383399,,93.35332563466973,1.2128072445019407,,1236.8,121.81194368010588,1.2015379685998078,,1248.4,1235.8,-113.72329161732361,-116.13861822486176,-118.5539448323999,6.874863423843937,False,True
2014-01-24,4,-49.18302790740796,1.18699058320804,,94.1872489847553,1.1928429423459246,,1257.5,3.9380932261786734,1.1816606270679062,,1269.4,1263.7,-53.121121133586634,-55.48977234386258,-57.858423554138525,-50.370018490616005,False,True
2014-01-27,0,-21.280796208570152,1.181009369340997,,-26.069454271397934,1.183431952662722,,1267.5,-57.906797276045694,1.186427272008226,,1264.3,1270.1,36.62600106747554,34.25856442612632,31.891127784777098,-22.46180557791115,False,True
2014-01-28,1,8.756916533005942,1.1946479770627592,,0.0,1.1936972783702056,,1256.6,1.591469725647199,1.1936972783702056,,1256.6,1255.6,7.165446807358743,4.777101551925778,2.3887562964928133,7.562268555943183,False,True
2014-01-29,2,-23.117711280128827,1.194362608487937,,73.94189920370698,1.1970313622216904,,1253.1,39.52574315823342,1.1881188118811883,,1262.5,1255.9,-62.64345443836224,-65.02593585873136,-67.40841727910049,-24.312073888616762,False,True
2014-01-30,3,-80.83093379727666,1.1838989739542227,,-22.300104813269506,1.1933174224343677,,1257.0,-87.30182395196304,1.196172248803828,,1254.0,1267.0,6.470890154686387,4.090818931928336,1.7107477091702856,-82.01483277123089,False,True
2014-01-31,4,-13.679342306116883,1.2061756191701514,,61.84510294814288,1.208507895584918,,1241.2,-32.888169859820586,1.2012492992712422,,1248.7,1243.6,19.208827553703703,16.80140263526231,14.393977716820915,-14.885517925287035,True,True
2014-02-03,0,-5.636751769813223,1.2075350185155371,,45.810809471488525,1.2083131947800871,,1241.4,82.24584230327437,1.2026940346375883,,1247.2,1242.2,-87.8825940730876,-90.29282312624073,-92.70305217939385,-6.844286788328761,True,True
2014-02-04,1,11.123471669739848,1.1924636298592894,,-40.58091902880163,1.191137933772731,,1259.3,0.0,1.1958861516383643,,1254.3,1257.9,11.123471669739848,8.735121888242194,6.34677210674454,9.931008039880558,True,True
2014-02-05,2,3.985810567335751,1.1959815021527669,,26.26449040562114,1.1954096270321966,,1254.8,-5.565051620349757,1.1921793037672868,,1258.2,1254.2,9.550862187685508,7.162701381765455,4.774540575845402,2.7898290651829845,True,True
2014-02-06,3,-3.976301296973387,1.192653255943389,,38.899743411722895,1.193127585109768,,1257.2,-31.746058407726537,1.1885895404120446,,1262.0,1257.7,27.76975711075315,25.388514314397717,23.007271518042284,-5.168954552916776,True,True
2014-02-07,4,46.83105753044616,1.1934123637520886,,-6.336633875396293,1.187742497426558,,1262.9,37.16741457868471,1.1884012042465537,,1262.2,1256.9,9.663642951761446,7.281829383762804,4.900015815764162,45.63764516669407,False,True
2014-02-10,0,49.66310313917164,1.1853959222380277,,20.422597625315056,1.1794307281019032,,1271.8,1.5692428435481396,1.177024482109228,,1274.4,1265.4,48.0938602956235,45.731439891276246,43.36901948692899,48.47770721693361,False,True
2014-02-11,1,82.8453351010944,1.177209229320358,,17.885614628347025,1.167496886674969,,1284.8,30.25486191310407,1.1654106130059827,,1287.1,1274.2,52.59047318799034,50.247853345664,47.90523350333766,81.66812587177405,False,True
2014-02-12,2,-25.612183662196294,1.1627005658476088,,31.036648129354997,1.1656823127137086,,1286.8,1.5491866800924563,1.1619800139437604,,1290.9,1290.1,-27.161370342288752,-29.48605092208012,-31.81073150187149,-26.774884228043902,False,True
2014-02-13,3,-19.386613803277616,1.162070034087388,,31.00056733666565,1.164325079562214,,1288.3,80.91594258542642,1.1606313834726092,,1292.4,1290.8,-100.30255638870403,-102.62525780626403,-104.94795922382403,-20.548683837365004,False,True
2014-02-14,4,51.31947994912056,1.1518967900476118,,67.7710570272392,1.1460880195599024,,1308.8,6.827233339339973,1.1382607375929583,,1317.8,1302.2,44.492246609780594,42.20208908214003,39.91193155449945,50.167583159072954,False,True
2014-02-17,0,,,missing bar,,,missing bar,,,,missing bar,,,,,,,False,False
2014-02-18,1,-83.87219063401723,1.1286681715575624,,-28.118725066507416,1.1383471199817865,,1317.7,59.18074935761798,1.1414656418841795,,1314.1,1329.0,-143.0529399916352,-145.32307380507694,-147.5932076185187,-85.0008588055748,False,True
2014-02-19,2,-34.09739996114237,1.1346444780635403,,5.311682031020944,1.1385199240986719,,1317.5,-50.9603688890089,1.1380016690691148,,1318.1,1322.0,16.862968927866525,14.590322780733871,12.317676633601215,-35.232044439205914,False,True
2014-02-20,3,16.767018637376907,1.1441647597254005,,-25.924528434844824,1.142247943953701,,1313.2,100.27431331002464,1.1452130096197894,,1309.8,1311.0,-83.50729467264773,-85.79667244199292,-88.08605021133812,15.622853877651506,False,True
2014-02-21,4,-15.128595926303177,1.1337868480725626,,6.8107006302879745,1.1355034065102196,,1321.0,18.14059454393276,1.1348161597821154,,1321.8,1323.0,-33.26919047023594,-35.53779347809062,-37.8063964859453,-16.26238277437574,False,True
2014-02-24,0,28.62741144473239,1.1316484345529991,,27.04328571227109,1.1283285692793743,,1329.4,32.20614700042157,1.1252813203300827,,1333.0,1325.5,-3.578735555689182,-5.835665310572264,-8.092595065455345,27.49576301017939,False,True
2014-02-25,1,-17.974840070325467,1.1224184375935349,,14.233811445371165,1.1245220781168004,,1333.9,36.615023159800856,1.1229225932025755,,1335.8,1336.4,-54.589863230126326,-56.83520426092244,-59.08054529171855,-19.097258507919,False,True
2014-02-26,2,11.921616790851616,1.1183180496533216,,-79.25867721245456,1.117152007149773,,1342.7,-10.516037925473311,1.1261261261261262,,1332.0,1341.3,22.43765471632493,20.19321054054548,17.948766364766033,10.803298741198294,False,True
2014-02-27,3,-24.0982118276736,1.1282437006393382,,39.12721319839146,1.1308805790108565,,1326.4,-3.755022386504684,1.1262952395254544,,1331.8,1329.5,-20.343189441168917,-22.59772838133371,-24.852267321498502,-25.22645552831294,False,True
2014-02-28,4,-15.78650957432152,1.1267182453241193,,14.284105725342416,1.1284983448690942,,1329.2,-33.86389961517927,1.1268875366238453,,1331.1,1331.3,18.07739004085775,15.823784258909784,13.570178476961821,-16.91322781964564,False,True
2014-03-03,0,129.74605989781372,1.1257880516361454,,-30.425610647979223,1.1114404267931242,,1349.6,40.056429199070536,1.1149100639215104,,1345.4,1332.4,89.68963069874319,87.44893258318552,85.20823446762788,128.6202718461776,False,True
2014-03-04,1,-67.6356214687872,1.1111111111111114,,-53.843982912344316,1.1187350835322198,,1340.8,5.997001678981118,1.124775044991002,,1333.6,1350.0,-73.63262314776833,-75.86850930387044,-78.10439545997255,-68.74673257989832,False,True
2014-03-05,2,1.498239571309092,1.1237638597542705,,2.2469385556836827,1.1235955056179776,,1335.0,10.478258574154475,1.1232589486296243,,1335.4,1334.8,-8.980019002845383,-11.227041811229277,-13.474064619613173,0.3744757115548214,False,True
2014-03-06,3,-26.212334798741928,1.1219147344801796,,12.742197129372661,1.1250281257031427,,1333.3,117.64841579586431,1.1235113474646097,,1335.1,1337.0,-143.86075059460623,-146.10617667655103,-148.3516027584958,-27.334249533222106,False,True
2014-03-07,4,-7.406310514821706,1.110535278003998,,-2.963841159810368,1.1112757445547492,,1349.8,-69.15811167142466,1.1116051578479325,,1349.4,1350.7,61.75180115660296,59.529660720751025,57.3075202848991,-8.516845792825704,False,True
2014-03-10,0,-66.59956520833639,1.1187350835322198,,56.89063925523081,1.1260415884693342,,1332.1,0.0,1.1196536538030903,,1339.7,1340.8,-66.59956520833639,-68.83795394567169,-71.07634268300701,-67.7183002918686,False,True
2014-03-11,1,14.174346809735368,1.1198208286674134,,61.68500849599341,1.1182346801848815,,1341.4,-5.186914272862148,1.1111934217349433,,1349.9,1339.5,19.361261082597515,17.13024683219516,14.899232581792802,13.054525981067956,False,True
2014-03-12,2,67.97720871050433,1.1120996441281141,,19.12609086790212,1.1044842058758562,,1358.1,46.19284527136729,1.102373778202396,,1360.7,1348.8,21.78436343913704,19.56989001680653,17.35541659447602,66.86510906637622,False,True
2014-03-13,3,17.53104904803085,1.0966515572452114,,-16.068953863029254,1.0947306962487229,,1370.2,19.721711224047148,1.0967317394165388,,1367.7,1367.8,-2.1906621760162963,-4.3840454726780465,-6.577428769339797,16.434397490785642,False,True
2014-03-14,4,-11.677981036667818,1.0941717120140055,,31.35141644196839,1.0953702351394772,,1369.4,68.19032589299601,1.0918619886446355,,1373.8,1370.9,-79.86830692966383,-82.05434063032247,-84.24037433098111,-12.772152748681824,False,True
2014-03-17,0,10.839326132627502,1.0845202805292462,,-49.962089375501954,1.0834236186348865,,1384.5,-75.05409225688382,1.088929219600726,,1377.5,1383.1,85.89341838951133,83.71996888938135,81.54651938925139,9.754805852098256,False,True
2014-03-18,1,-38.10924363034727,1.0972130787798993,,-19.112031692280713,1.1015642211940957,,1361.7,-22.096201079805205,1.103590347263096,,1359.2,1367.1,-16.013042550542067,-18.213845976585063,-20.414649402628058,-39.206456709127174,False,True
2014-03-19,2,-11.805505687497531,1.1061131185015858,,-60.72293539960691,1.107419712070875,,1354.5,-122.55421660796902,1.1140819964349378,,1346.4,1356.1,110.7487109204715,108.52851580553498,106.30832069059845,-12.911618805999117,False,True
2014-03-20,3,-3.004130702278402,1.1263798152737103,,-59.51725859912253,1.1267182453241193,,1331.3,34.69606739048966,1.1333585190782018,,1323.5,1331.7,-37.70019809276806,-39.95993642711997,-42.219674761471886,-4.130510517552112,False,True
2014-03-21,4,15.034205643179638,1.1284134506883325,,65.13705507085609,1.1267182453241193,,1331.3,-36.63144678557234,1.1193194537721067,,1340.1,1329.3,51.665652428751976,49.417919524291534,47.1701866198311,13.905792192491305,False,True
2014-03-24,0,-66.88988150796652,1.1235955056179776,,-9.807250606897936,1.1310511235107827,,1326.2,-119.20721247052,1.1321609178051175,,1324.9,1335.0,52.317330962553484,50.06157453913039,47.8058181157073,-68.01347701358449,False,True
2014-03-25,1,30.49480140105095,1.1453004504848439,,-14.472333713878953,1.1417262901507081,,1313.8,-3.811701971059746,1.1432926829268295,,1312.0,1309.7,34.3065033721107,32.017910238699024,29.72931710528735,29.349500950566107,False,True
2014-03-26,2,22.077585001949096,1.143205548357595,,-3.8027151844337466,1.140597673180747,,1315.1,-71.76151110310178,1.1410314924691924,,1314.6,1312.1,93.83909610505088,91.55485906422409,89.27062202339731,20.9343794535915,False,True
2014-03-27,3,-11.496456525852595,1.1489850631941787,,-66.16426660691381,1.1502185415228896,,1304.1,-29.37313698801874,1.1577647422043842,,1295.6,1305.5,17.876680462166142,15.56993065676758,13.263180851369016,-12.645441589046774,False,True
2014-03-28,4,44.78426139970135,1.1608110199659496,,-32.41243769857103,1.1557130749672548,,1297.9,15.452371150116766,1.159823706796567,,1293.3,1292.2,29.331890249584582,27.01125552282207,24.690620796059548,43.6234503797354,False,True
2014-03-31,0,,,roll,23.959512176711144,1.1607211947690168,,1292.3,-84.50645320851356,1.1580328881340234,,1295.3,,,,,,False,False
2014-04-01,1,0.0,1.1676786548341898,,7.780890526392347,1.1675877636802368,,1284.7,-51.46210187841746,1.1665888940737286,,1285.8,1284.6,51.46210187841746,49.12783432950954,46.79356678060162,-1.1676786548341898,False,True
2014-04-02,2,39.77698962201172,1.1722413254141921,,52.79105498331184,1.1675877636802368,,1284.7,-10.070884377538846,1.16144018583043,,1291.5,1279.6,49.847873999550565,47.514192488305945,45.18051097706132,38.60474829659753,False,True
2014-04-03,3,19.355094495083932,1.162430254184749,,-69.86521199021134,1.1603620329542819,,1292.7,24.11795621941425,1.1684062938152362,,1283.8,1290.4,-4.7628617243303175,-7.093698272330303,-9.424534820330289,18.192664240899184,False,True
2014-04-04,4,3.88545678432008,1.1658635162443653,,51.91998954552943,1.1654106130059827,,1287.1,75.45462346825805,1.159285879897983,,1293.9,1286.6,-71.56916668393796,-73.89431608008032,-76.21946547622267,2.7195932680757147,False,True
2014-04-07,0,-28.41456429324143,1.150306748466258,,-5.384822623290273,1.1535799430900564,,1300.3,-16.942630159900833,1.1542012927054481,,1299.6,1304.0,-11.471934133340596,-13.776442174512303,-16.08095021568401,-29.564871041707686,True,True
2014-04-08,1,85.99561595677604,1.1566933991363357,,31.29654094525937,1.1467889908256883,,1308.0,-25.946290502350173,1.143205548357595,,1312.1,1296.8,111.94190645912622,109.64200751163229,107.34210856413836,84.8389225576397,False,True
2014-04-09,2,23.66323000292546,1.1463507833397022,,-55.81694347826425,1.1437285550895924,,1311.5,60.395428411782376,1.1502185415228896,,1304.1,1308.5,-36.73219840885692,-39.028767733719505,-41.3253370585821,22.516879219585757,False,True
2014-04-10,3,44.11324464221907,1.1433798307797851,,47.693038659915686,1.1382607375929583,,1317.8,-37.830112453566166,1.132759401903036,,1324.2,1311.9,81.94335709578525,79.66721786310244,77.3910786304196,42.96986481143929,False,True
2014-04-11,4,-14.425086964011475,1.1380016690691148,,41.6998974174219,1.1396444309375475,,1316.2,-23.480412226989493,1.1348161597821154,,1321.8,1318.1,9.055325262978018,6.782507434126788,4.5096896052755575,-15.56308863308059,False,True
2014-04-14,0,58.11995074936938,1.1355034065102196,,-48.280117922706175,1.128838049367851,,1328.8,43.76374599798782,1.134301270417423,,1322.4,1321.0,14.356204751381561,12.08640007445392,9.816595397526276,56.98444734285916,False,True
2014-04-15,1,-100.00840986680143,1.1307953260459858,,-83.3370012935035,1.1420740063956145,,1313.4,2.302997745564221,1.1516314779270636,,1302.5,1326.5,-102.31140761236566,-104.59383441633871,-106.87626122031176,-101.13920519284741,False,True
2014-04-16,2,-23.815937197124246,1.1510128913443833,,11.530037020464512,1.1536686663590219,,1300.2,6.1439215510727125,1.1523392486748099,,1301.7,1303.2,-29.959858748196957,-32.26321088821615,-34.56656302823534,-24.96695008846863,False,True
2014-04-17,3,-37.70250301519608,1.1519852545887415,,47.68139465117222,1.1563367252543943,,1297.2,-63.88322668738607,1.1508362743593679,,1303.4,1302.1,26.18072367218999,23.877902143241883,21.575080614293775,-38.854488269784824,False,True
2014-04-18,4,,,missing bar,,,missing bar,,,,missing bar,,,,,,,False,False
2014-04-21,0,-63.52670883849941,1.1583906093134606,,-24.90079879749381,1.1657729074376313,,1286.7,48.18911859150479,1.1686793922867162,,1283.5,1294.9,-111.7158274300042,-114.04289743160437,-116.36996743320455,-64.68509944781287,False,True
2014-04-22,1,2.324770439389774,1.1625203441060221,,-1.5496668247344068,1.1621600681800575,,1290.7,-51.27419561630492,1.162340178225494,,1290.5,1290.3,53.598966055694696,51.27410553336318,48.949245011031664,1.1622500952837518,False,True
2014-04-23,2,2.3361756910357943,1.1682242990654208,,32.649282734097085,1.16795141322121,,1284.3,-36.54321214741979,1.1641443538998837,,1288.5,1284.0,38.87938783845558,36.54701918549027,34.21465053252497,1.1679513919703735,False,True
2014-04-24,3,14.78772110548294,1.1683152893527535,,-111.04274249692173,1.1664981724861965,,1285.9,168.43816814630534,1.179616231519346,,1271.6,1283.9,-153.6504470408224,-155.9983785616945,-158.3463100825666,13.619405816130186,False,True
2014-04-25,4,-19.341617572790994,1.159375483073118,,66.37875561367699,1.1616200727948582,,1291.3,24.587027368868103,1.1539349180706209,,1299.9,1293.8,-43.9286449416591,-46.24195534280284,-48.55526574394658,-20.50099305586411,False,True
2014-04-28,0,6.903693750206325,1.1510128913443833,,-34.568884050532645,1.150306748466258,,1304.0,-20.029280249643378,1.1543789441280592,,1299.4,1303.2,26.932973999849704,24.627582164377262,22.322190328904817,5.752680858861941,False,True
2014-04-29,1,-24.721891453891484,1.1574074074074077,,-17.03050419365608,1.1601825353855675,,1292.9,39.43253263562065,1.162070034087388,,1290.8,1296.0,-64.15442408951213,-66.47390153100693,-68.79337897250173,-25.879298861298892,False,True
2014-04-30,2,-18.541414458961082,1.1577647422043842,,-16.253244551633205,1.1600030933415826,,1293.1,2.3235100596341995,1.1618900077459335,,1291.0,1295.6,-20.86492451859528,-23.1845792685456,-25.504234018495914,-19.699179201165467,False,True
2014-05-01,3,-43.4412288158593,1.161080578992182,,-30.365577893265087,1.1661354271942783,,1286.3,15.583609200156966,1.1696818465377419,,1282.4,1291.9,-59.02483801601626,-61.35560044154619,-63.68636286707611,-44.60230939485148,True,True
2014-05-02,4,-7.007981598862907,1.1675877636802368,,21.0092284412118,1.1684062938152362,,1283.8,102.85053738449587,1.1659541391371941,,1286.5,1284.7,-109.85851898335878,-112.19206088617621,-114.52560278899364,-8.175569362543143,True,True
2014-05-05,0,55.958139195990576,1.1530478899223615,,27.478835701541907,1.1465260261407937,,1308.3,-12.96571893494791,1.1432926829268295,,1312.0,1300.9,68.92385813093848,66.6275175580893,64.3311769852401,54.80509130606821,False,True
2014-05-06,1,12.97165494161826,1.1453004504848439,,-34.37348226528788,1.143815769406741,,1311.4,9.943019672663311,1.1478420569329664,,1306.8,1309.7,3.0286352689549485,0.7354927615371383,-1.5576497458806724,11.826354491133415,False,True
2014-05-07,2,18.333211154327593,1.146876672528481,,-12.217472503224757,1.1446886446886448,,1310.4,-144.6846849276473,1.1460880195599024,,1308.8,1307.9,163.0178960819749,160.7249313898865,158.43196669779812,17.18633448179911,False,True
2014-05-08,3,11.622952763289513,1.162971003256319,,9.287207540067762,1.16144018583043,,1291.5,-25.55862445431376,1.160272277227723,,1292.8,1289.8,37.18157721760328,34.858333937119234,32.53509065663519,10.459981760033195,False,True
2014-05-09,4,8.526140887782981,1.1631513647642682,,12.388696900035358,1.1621600681800575,,1290.7,-26.34639261300482,1.1608110199659496,,1292.2,1289.6,34.8725335007878,32.54857111605759,30.22460873132737,7.3629895230187135,False,True
2014-05-12,0,-10.084164838572592,1.162971003256319,,61.890960363532336,1.164054012106162,,1288.6,-7.714859200734038,1.156782601989666,,1296.7,1289.8,-2.369305637838554,-4.6890592430845395,-7.008812848330525,-11.24713584182891,False,True
2014-05-13,1,-37.105793965356014,1.1574074074074077,,7.742335475016055,1.1618000154906671,,1291.1,13.923269576005413,1.161080578992182,,1291.9,1296.0,-51.029063541361424,-53.34755152776101,-55.6660395141606,-38.26320137276342,False,True
2014-05-14,2,11.586144269094317,1.159285879897983,,67.7029821028518,1.157943492357573,,1295.4,13.790992072380208,1.1500421682128348,,1304.3,1293.9,-2.2048478032858903,-4.514175851396708,-6.823503899507526,10.426858389196335,False,True
2014-05-15,3,-19.16811014338468,1.1489850631941787,,20.701560009565185,1.1512779184895234,,1302.9,-72.25242807995836,1.1488090679329097,,1305.7,1305.5,53.08431793657368,50.78652380544659,48.48872967431951,-20.31709520657886,False,True
2014-05-16,4,-11.577201925979281,1.1570502931194075,,-2.3170496338474997,1.1583906093134606,,1294.9,-8.49978801704629,1.158569552792153,,1294.7,1296.4,-3.077413908932991,-5.393033754844552,-7.7086536007561115,-12.734252219098689,False,True
2014-05-19,0,27.032262068615847,1.1600928074245942,,36.954388039924176,1.1569610489780178,,1296.5,-63.98171759077931,1.1526048870447212,,1301.4,1293.0,91.01397965939516,88.70128196492585,86.38858427045653,25.872169261191253,False,True
2014-05-20,1,-17.803929307154704,1.1600928074245942,,0.7747433666473595,1.1621600681800575,,1290.7,28.625604630853577,1.1621600681800575,,1290.7,1293.0,-46.42953393800828,-48.75178681361293,-51.07403968921758,-18.964022114579297,False,True
2014-05-21,2,-9.276438513082857,1.1590171534538711,,-21.67686844005536,1.1600030933415826,,1293.1,13.941602444057285,1.1626104479925594,,1290.2,1294.2,-23.21804095714014,-25.53966855858657,-27.861296160033,-10.435455666536727,False,True
2014-05-22,3,20.876027220543758,1.1609907120743037,,20.83253714353544,1.158569552792153,,1294.7,-23.922533305627194,1.1561584707877295,,1297.4,1292.0,44.79856052617095,42.48141134330892,40.16426216044689,19.715036508469453,False,True
2014-05-23,4,5.406866852456776,1.1589276056555669,,-27.837939412713983,1.1583011583011584,,1295.0,8.513602928999068,1.16144018583043,,1291.5,1294.3,-3.1067360765422922,-5.427103868028289,-7.747471659514286,4.247939246801209,False,True
2014-05-26,0,-3.8659296109115524,1.1595547309833028,,2.31973710686627,1.1600030933415826,,1293.1,,,missing bar,,1293.6,,,,-5.025484341894855,False,False
2014-05-27,1,-51.18671017860971,1.1603620329542819,,-31.93024791425679,1.1663167716351763,,1286.1,-134.29345422826756,1.1701380762930027,,1281.9,1292.7,83.10674404965786,80.77624394041058,78.4457438311633,-52.34707221156399,False,True
2014-05-28,2,-2.3736994216761773,1.186708860759494,,11.86286666858712,1.18699058320804,,1263.7,-57.86089934832071,1.185489607207777,,1265.3,1264.0,55.48719992664453,53.115001458677256,50.74280299070999,-3.560408282435671,False,True
2014-05-29,3,-54.98679033658946,1.192084558531352,,7.984669858903123,1.1981787682722262,,1251.9,13.558242695858855,1.197126895450918,,1253.0,1258.3,-68.54503303244832,-70.93424448643059,-73.32345594041286,-56.178874895120806,False,True
2014-05-30,4,15.922302543847744,1.195123894510398,,-20.708888324908816,1.1935073201782307,,1256.8,-39.164019207115125,1.1965539246968733,,1253.6,1255.1,55.08632175096287,52.6946439317556,50.302966112548326,14.727178649337347,False,True
2014-06-02,0,-46.48934310741788,1.1995201919232308,,21.66848085090293,1.2051096649795132,,1244.7,-28.901754222334972,1.2025012025012025,,1247.4,1250.5,-17.58758888508291,-19.989610279507342,-22.391631673931776,-47.68886329934111,True,True
2014-06-03,1,21.67891972736673,1.205690860863275,,-4.010748860566962,1.2029833988290963,,1246.9,-11.238662176758817,1.2034659820282414,,1246.4,1244.1,32.91758190412555,30.508425061234032,28.099268218342516,20.473228866503455,False,True
2014-06-04,2,8.832149596582164,1.20491605751466,,-2.4083811780996505,1.204045593193129,,1245.8,-12.050614031103205,1.2043356081894823,,1245.5,1244.9,20.88276362768537,18.47351196198123,16.064260296277087,7.627233539067504,False,True
2014-06-05,3,0.0,1.2054970666238047,,-4.8227635369318165,1.205400192864031,,1244.4,80.07088980573258,1.2058847174210148,,1243.9,1244.3,-80.07088980573258,-82.4822715897774,-84.89365337382222,-1.2054970666238047,False,True
2014-06-06,4,11.957432968435322,1.196458482890644,,-24.72583512952596,1.1949334820361668,,1255.3,8.781384031346702,1.197987381199585,,1252.1,1253.7,3.17604893708862,0.7816030729983909,-1.612842791091838,10.760974485544677,False,True
2014-06-09,0,11.166947000751545,1.197126895450918,,18.318670249555048,1.1957908163265307,,1254.4,-35.869473714246396,1.1935073201782307,,1256.8,1253.0,47.036420714997945,44.645786499368796,42.25515228373965,9.969820105300627,False,True
2014-06-10,1,17.546662661162355,1.19741358665283,,0.0,1.1952191235059764,,1255.0,38.1710205018365,1.195123894510398,,1255.1,1252.7,-20.624357840674147,-23.016895321837374,-25.409432803000602,16.349249074509526,False,True
2014-06-11,2,16.648832481638532,1.1901928112354203,,6.335630211136524,1.188307058543928,,1262.3,-14.261946795853396,1.1876484560570073,,1263.0,1260.3,30.910779277491926,28.532938010199498,26.15509674290707,15.458639670403112,False,True
2014-06-12,3,5.549169748803675,1.1894377924034576,,25.330497198006633,1.1888721566140923,,1261.7,68.54468436622409,1.1858644952170134,,1264.9,1261.1,-62.99551461742041,-65.37081690504088,-67.74611919266135,4.359731956400218,False,True
2014-06-13,4,,,missing bar,,,missing bar,,,,missing bar,,,,,,,False,False
2014-06-16,0,53.116825401574786,1.174812030075188,,-21.83577253790442,1.1684973124561815,,1283.7,-68.94417782437412,1.1711430356027486,,1280.8,1276.8,122.06100322594891,119.71504816027097,117.36909309459304,51.9420133714996,False,True
2014-06-17,1,-55.192129380451405,1.1794307281019032,,6.32261144906566,1.1858644952170134,,1264.9,41.7899287463556,1.1852085967130217,,1265.6,1271.8,-96.982058126807,-99.34669745162194,-101.71133677643685,-56.37156010855331,False,True
2014-06-18,2,-28.339781228285883,1.1791525823441555,,18.115233560244455,1.1824990145841547,,1268.5,55.714822192965656,1.1803588290840417,,1270.8,1272.1,-84.05460342125154,-86.41411483267974,-88.77362624410793,-29.51893381063004,False,True
2014-06-19,3,22.662456462066213,1.1735252699108123,,9.362566026820774,1.1708687846382018,,1281.1,295.06558584688713,1.1697730640255792,,1282.3,1278.2,-272.40312938482094,-274.7464277187574,-277.0897260526937,21.488931192155402,False,True
2014-06-20,4,-60.776605829143925,1.1361054305839584,,1.5238095267562666,1.142944224321853,,1312.4,22.06918440725021,1.1427700746609784,,1312.6,1320.3,-82.84579023639414,-85.12466574163906,-87.403541246884,-61.912711259727885,False,True
2014-06-23,0,20.512827705571397,1.1407711613050424,,-29.645417173537,1.1385199240986719,,1317.5,34.20105936858022,1.1419870574800153,,1313.5,1314.9,-13.688231663008821,-15.97098988179388,-18.25374810057894,19.372056544266353,False,True
2014-06-24,1,-15.944728331574472,1.1380016690691148,,64.3868451699623,1.1399042480431645,,1315.9,-42.369738802851735,1.1325028312570784,,1324.5,1318.1,26.42501047127726,24.154505970951067,21.884001470624874,-17.082730000643586,False,True
2014-06-25,2,-33.41690661903325,1.1373113958601866,,3.0425192293736485,1.1411182959300115,,1314.5,36.438209299106134,1.1407711613050424,,1314.9,1318.9,-69.85511591813938,-72.1331984753046,-74.41128103246983,-34.554218014893436,False,True
2014-06-26,3,-18.216323822913875,1.1374838856449536,,-64.02460894843266,1.1396444309375475,,1316.2,71.61935375033698,1.1469643676403123,,1307.8,1318.7,-89.83567757325086,-92.12012582653612,-94.4045740798214,-19.35380770855883,False,True
2014-06-27,4,29.566755173246435,1.1388656897729863,,-34.12325585961213,1.1355034065102196,,1321.0,2.2785098644134565,1.139384732244588,,1316.5,1317.1,27.288245308832977,25.009994886815406,22.731744464797828,28.42788948347345,False,True
2014-06-30,0,-9.117156079035299,1.1391251518833538,,-11.409014357915558,1.1402508551881414,,1315.5,105.22030386786905,1.1414656418841795,,1314.1,1316.8,-114.33745994690435,-116.61805074067188,-118.8986415344394,-10.256281230918653,False,True
2014-07-01,1,-13.568523112899083,1.1299435028248588,,7.540341180671776,1.1314777098891153,,1325.7,4.52147709285465,1.1306248586718928,,1326.7,1327.5,-18.090000205753732,-20.350568567250484,-22.611136928747236,-14.698466615723941,False,True
2014-07-02,2,-3.7683235174790974,1.130284078064954,,21.834891783125613,1.1306248586718928,,1326.7,-14.301308372550498,1.1282437006393382,,1329.5,1327.1,10.532984855071401,8.27445707636711,6.015929297662817,-4.898607595544052,False,True
2014-07-03,3,-35.44364782866423,1.1291779584462511,,-25.718622345697785,1.133187278084158,,1323.7,-1.5148072436754654,1.136019388064223,,1320.4,1328.4,-33.92884058498877,-36.19403793149924,-38.459235278009714,-36.57282578711048,False,True
2014-07-04,4,6.810185273232322,1.1354174551510108,,-0.7564582627749911,1.1346444780635403,,1322.0,,,missing bar,,1321.1,,,,5.674767818081311,False,False
2014-07-07,0,-59.203208976216885,1.1351596791281975,,9.131030919005893,1.1419001218026799,,1313.6,44.01281956885458,1.1407711613050424,,1314.9,1321.4,-103.21602854507147,-105.4919593855047,-107.76789022593795,-60.338368655345086,False,True
2014-07-08,1,-5.301223192044363,1.1356753482737736,,27.233544330114093,1.1362775547307025,,1320.1,-27.233544330113514,1.133187278084158,,1323.7,1320.8,21.93232113806915,19.663458511711216,17.394595885353286,-6.436898540318136,False,True
2014-07-09,2,39.304661333151635,1.136019388064223,,15.82934789503228,1.1315630657815332,,1325.6,6.776343292843773,1.1297732921593735,,1327.7,1320.4,32.528318040307866,30.26252536008427,27.99673267986067,38.168641945087415,False,True
2014-07-10,3,32.40028453230832,1.1320754716981134,,105.52015588528243,1.1284983448690942,,1329.2,-47.76128482147164,1.1167361524717094,,1343.2,1325.0,80.16156935377995,77.91275772961012,75.6639461054403,31.268209060610207,False,True
2014-07-11,4,3.740415229695956,1.1223344556677892,,13.453922352284362,1.1219147344801796,,1337.0,5.973715828780433,1.1204063340304753,,1338.8,1336.5,-2.233300599084477,-4.4760413887827415,-6.718782178481006,2.618080774028167,False,True
2014-07-14,0,-144.3742649950801,1.1198208286674134,,-14.402124907462552,1.136191486138464,,1320.2,-77.67916601475537,1.1379153390987713,,1318.2,1339.5,-66.69509898032473,-68.95283514809091,-71.2105713158571,-145.4940858237475,False,True
2014-07-15,1,4.582251493040666,1.1458253762126653,,17.544533277168874,1.1452130096197894,,1309.8,-135.04386920077687,1.143205548357595,,1312.1,1309.1,139.62612069381754,137.33708976924729,135.04805884467703,3.436426116828001,False,True
2014-07-16,2,13.887819530183899,1.1581222977146388,,11.558467863592952,1.1565150346954511,,1297.0,8.46772692141962,1.155179052753177,,1298.5,1295.2,5.4200926087642785,3.1067912582964623,0.793489907828647,12.72969723246926,False,True
2014-07-17,3,37.61278661891367,1.1535799430900564,,-36.84376289415218,1.1492491572172847,,1305.2,147.32528593033376,1.1534912334666259,,1300.4,1300.3,-109.71249931142009,-112.01957048797676,-114.32664166453345,36.45920667582361,False,True
2014-07-18,4,-40.25984396501506,1.1371389583807143,,-25.910698843154304,1.1416393941700282,,1313.9,7.627765434672754,1.1446012972148036,,1310.5,1319.1,-47.88760939968781,-50.169349655283334,-52.45108991087885,-41.396982923395775,False,True
2014-07-21,0,22.851929505838825,1.1439029970258523,,31.146756672448095,1.1412919424788863,,1314.3,-41.804492151425265,1.137742718446602,,1318.4,1311.3,64.65642165726409,62.37477594179163,60.09313022631918,21.708026508812974,False,True
2014-07-22,1,-32.05375559834257,1.142944224321853,,-13.768838708569568,1.1466136676349183,,1308.2,3.0613807065969207,1.1481935088793633,,1306.4,1312.4,-35.11513630493949,-37.40627403814071,-39.69741177134192,-33.19669982266442,False,True
2014-07-23,2,-9.178522902289968,1.1467889908256883,,14.528773345198113,1.1478420569329664,,1306.8,-29.076460916887783,1.1460880195599024,,1308.8,1308.0,19.897938014597813,17.605061004212224,15.31218399382663,-10.325311893115657,False,True
2014-07-24,3,-41.48745962999068,1.1500421682128348,,-8.471639768862234,1.1547344110854505,,1299.0,-31.639490838283898,1.1557130749672548,,1297.9,1304.3,-9.847968791706784,-12.153724034886872,-14.459479278066963,-42.637501798203516,False,True
2014-07-25,4,-14.691670920200629,1.1590171534538711,,22.415468322797533,1.1607211947690168,,1292.3,91.45819428080732,1.1581222977146388,,1295.2,1294.2,-106.14986520100794,-108.46700465217646,-110.78414410334496,-15.8506880736545,False,True
2014-07-28,0,-26.796325799426764,1.146876672528481,,9.194698372099193,1.1498658489842852,,1304.5,-13.795219845663146,1.1488090679329097,,1305.7,1307.9,-13.001105953763618,-15.296791694225009,-17.5924774346864,-27.943202471955246,False,True
2014-07-29,1,9.203160401091715,1.1509245760761146,,26.02772655148363,1.1497777096428026,,1304.6,-70.58491788453132,1.1467889908256883,,1308.0,1303.3,79.78807828562304,77.49036471872125,75.19265115181943,8.0522358250156,False,True
2014-07-30,2,2.3099133885201715,1.1550900970275684,,-0.7699118454756423,1.154823312033259,,1298.9,-24.66662778473153,1.154823312033259,,1298.9,1298.6,26.976541173251704,24.666627764190878,22.35671435513005,1.154823291492603,False,True
2014-07-31,3,-1.5444015474697474,1.1582117211026177,,-6.1819026773607195,1.1587485515643108,,1294.5,-95.48649967777054,1.1589276056555669,,1294.3,1295.1,93.94209813030079,91.62495880354261,89.30781947678442,-2.702613268572365,False,True
2014-08-01,4,,,roll,9.339975772378816,1.168042361002959,,1284.2,73.6351813760868,1.166951921580831,,1285.4,,,,,,False,False
2014-08-04,0,-1.5440438539136503,1.157943492357573,,-17.77503462710554,1.1582117211026177,,1295.1,-28.66108317771813,1.160272277227723,,1292.8,1295.4,27.11703932380448,24.798823554219183,22.48060778463389,-2.701987346271223,False,True
2014-08-05,1,22.469307868916996,1.1635122556624264,,3.095256544097369,1.160900859066636,,1292.1,-20.913217799977215,1.1606313834726092,,1292.4,1289.2,43.38252566889421,41.05838202975917,38.73423839062414,21.30579561325457,False,True
2014-08-06,2,23.248615555217885,1.1637830708355963,,-9.292241647404559,1.1609907120743037,,1292.0,123.94785111558198,1.1619800139437604,,1290.9,1288.9,-100.6992355603641,-103.02499864514346,-105.35076172992281,22.08483248438229,False,True
2014-08-07,3,7.650524434055583,1.1480177560079599,,3.058571670885883,1.1471397981033957,,1307.6,44.24448441228425,1.1467889908256883,,1308.0,1306.6,-36.59395997822867,-38.88876672506232,-41.18357347189596,6.502506678047624,False,True
2014-08-08,4,44.02618315219423,1.1411182959300115,,-30.337528008227842,1.135933358576297,,1320.5,-44.913104082762956,1.1392981923135352,,1316.6,1314.5,88.93928723495719,86.65887074671365,84.3784542584701,42.885064856264215,False,True
2014-08-11,0,-16.038495819746274,1.1446886446886448,,17.564630885658925,1.1465260261407937,,1308.3,-7.633005484713154,1.1445139630703496,,1310.6,1310.4,-8.40549033503312,-10.694692942792113,-12.983895550551109,-17.18318446443492,False,True
2014-08-12,1,3.0548342989949724,1.1457378551787354,,29.735830686694587,1.1453879047037265,,1309.6,-22.862378499624583,1.1418131993605847,,1313.7,1309.2,25.917212798619556,23.629661744080238,21.342110689540917,1.909096443816237,False,True
2014-08-13,2,8.395985685749288,1.1453879047037265,,-10.687023917923906,1.1444266422522318,,1310.7,35.06903037564861,1.1455628532152131,,1309.4,1309.6,-26.67304468989932,-28.96399544781826,-31.2549462057372,7.2505977810455615,False,True
2014-08-14,3,5.328258927198836,1.1420740063956145,,-22.09103926389024,1.1413787855729722,,1314.2,27.418143604442527,1.1439902379499696,,1311.2,1313.4,-22.089884677243692,-24.375948921589277,-26.66201316593486,4.186184920803221,False,True
2014-08-15,4,8.371704130635566,1.1420740063956145,,-23.60916522547366,1.1410314924691924,,1314.6,-43.559734155262255,1.143815769406741,,1311.4,1313.4,51.93143828589782,49.64554851009546,47.359658734293106,7.229630124239951,False,True
2014-08-18,0,-16.882821905873797,1.1501303481061187,,-12.29634338764189,1.1520737327188941,,1302.0,-7.692308071613204,1.1534025374855825,,1300.5,1304.2,-9.190513834260592,-11.494046719852294,-13.797579605443994,-18.032952253979914,False,True
2014-08-19,1,13.082459828879417,1.1550900970275684,,12.296343387641745,1.1534912334666259,,1300.4,-41.55770179843994,1.1519852545887415,,1302.1,1298.6,54.64016162731936,52.333086275703046,50.02601092408674,11.927369731851849,False,True
2014-08-20,2,-1.5419011671904377,1.1563367252543943,,-10.02815681678733,1.1565150346954511,,1297.0,-20.861510366664607,1.1577647422043842,,1295.6,1297.2,19.31960919947417,17.00550773201539,14.691406264556612,-2.698237892444832,False,True
2014-08-21,3,-93.32053104509484,1.161080578992182,,2.3438415670409816,1.1720581340834508,,1279.8,-18.769067838866984,1.1719665598874913,,1279.9,1291.9,-74.55146320622785,-76.88451034510753,-79.21755748398719,-94.48161162408702,False,True
2014-08-22,4,17.97788423398543,1.1735252699108123,,-9.37573316590713,1.1714174150722376,,1280.5,21.08469798344458,1.1726078799249533,,1279.2,1278.2,-3.1068137494591497,-5.452946899294916,-7.799080049130681,16.80435896407462,False,True
2014-08-25,0,,,missing bar,8.602823820759403,1.1736170878647996,,1278.1,-14.864074710133625,1.1726078799249533,,1279.2,,,,,,False,False
2014-08-26,1,102.80464374250506,1.1742602160638798,,-16.283491366001144,1.1621600681800575,,1290.7,-51.34999223926606,1.164054012106162,,1288.6,1277.4,154.15463598177112,151.81632175360107,149.47800752543105,101.63038352644118,False,True
2014-08-27,2,33.49564962298602,1.170411985018727,,10.88139389195428,1.1664981724861965,,1285.9,-30.341953491736078,1.1652295502213939,,1287.3,1281.6,63.8376031147221,61.501961579481986,59.16632004424186,32.3252376379673,False,True
2014-08-28,3,36.54321214741958,1.1684062938152362,,51.091611371216466,1.1641443538998837,,1288.5,-35.581720708729016,1.1582117211026177,,1295.1,1283.8,72.1249328561486,69.79831484123075,67.4716968263129,35.37480585360434,False,True
2014-08-29,4,5.4232036967369215,1.162430254184749,,-36.46948755970912,1.1618000154906671,,1291.1,13.982756880883358,1.166044776119403,,1286.4,1290.4,-8.559553184146436,-10.888028214450587,-13.21650324475474,4.260773442552172,False,True
2014-09-01,0,3.879728467675616,1.1641443538998837,,-8.537390405627363,1.1636927851047325,,1289.0,,,missing bar,,1288.5,,,,2.7155841137757326,False,False
2014-09-02,1,-91.22514630738642,1.164234709717479,,-36.881589262377325,1.1749040495026242,,1276.7,-46.49155373860074,1.179245283018868,,1272.0,1288.4,-44.73359256878568,-47.07707256152202,-49.42055255425838,-92.3893810171039,False,True
2014-09-03,2,18.92894326531742,1.1841793637009552,,1.5759199465295233,1.182033096926714,,1269.0,5.513330585054501,1.181753722524226,,1269.3,1266.7,13.415612680262921,11.04967959403774,8.683746507812558,17.744763901616466,False,True
2014-09-04,3,7.0852197413912945,1.181288391872736,,19.654866974491632,1.1804517195246715,,1270.7,-83.60329474412585,1.17813383600377,,1273.2,1269.8,90.68851448551715,88.32909225764064,85.96967002976413,5.903931349518558,False,True
2014-09-05,4,20.58591384156415,1.1888721566140923,,4.744958570638035,1.1865211200759376,,1264.2,34.72499740635153,1.1858644952170134,,1264.9,1261.7,-14.139083564787377,-16.513820216618484,-18.88855686844959,19.397041684950057,False,True
2014-09-08,0,3.937783079037609,1.1815675462780624,,-24.439288446293396,1.1811023622047245,,1270.0,-86.4021862793174,1.1838989739542227,,1267.0,1269.5,90.33996935835502,87.97450283812273,85.60903631789046,2.756215532759547,True,True
2014-09-09,1,-0.795513305378359,1.1932224962214624,,0.0,1.1933174224343677,,1257.0,-7.162468970401793,1.1933174224343677,,1257.0,1257.1,6.3669556650234345,3.980415746367604,1.5938758277117744,-1.9887358015998213,False,True
2014-09-10,2,8.75273578854953,1.194077376213979,,-51.82804728265086,1.1929378081756006,,1257.4,-5.597089659572099,1.1990407673860912,,1251.0,1256.2,14.349825448121628,11.956707304521558,9.563589160921488,7.55865841233555,False,True
2014-09-11,3,-2.4006721997420395,1.200192030724916,,-46.530368748708966,1.2005762766127743,,1249.4,-16.095287556444585,1.2061756191701514,,1243.6,1249.8,13.694615356702545,11.288247706807478,8.881880056912411,-3.6008642304669554,False,True
2014-09-12,4,-5.642658647964237,1.2088000644693369,,-17.75196141162157,1.2092873266688167,,1240.4,-64.81954310863826,1.211435955419157,,1238.2,1240.9,59.17688446067402,56.756648440785526,54.336412420897034,-6.8514587124335735,False,True
2014-09-15,0,55.208388989198895,1.2212000325653345,,14.560753260178364,1.2142799320003241,,1235.3,-25.902556169496606,1.2126111560226356,,1237.0,1228.3,81.1109451586955,78.67713397010753,76.24332278151957,53.98718895663356,False,True
2014-09-16,1,25.106310008859044,1.2163477132662992,,12.933475248833014,1.2132977432661978,,1236.3,-14.550160193684363,1.211631663974152,,1238.0,1233.2,39.6564702025434,37.22849082530295,34.8005114480625,23.889962295592746,False,True
2014-09-17,2,30.71454079679034,1.2142799320003241,,-17.770602414830478,1.2105560487450573,,1239.1,-103.20679963994587,1.212709192335678,,1236.9,1235.3,133.92134043673622,131.49435131240023,129.0673621880642,29.500260864790018,False,True
2014-09-18,3,11.439778989051575,1.2263919548687763,,-31.89795368100038,1.2248897599216073,,1224.6,40.057278169269026,1.2287024901703802,,1220.8,1223.1,-28.61749918021745,-31.07259362525661,-33.52768807029577,10.2133870341828,False,True
2014-09-19,4,-31.87188576312577,1.2238903394255876,,15.54256110669508,1.22799836266885,,1221.5,-59.031080659168296,1.2261914493582935,,1223.3,1225.6,27.159194896042525,24.709113107258645,22.25903131847476,-33.09577610255136,False,True
2014-09-22,0,-13.985440969844351,1.2331469911213417,,2.46944068423588,1.2348728081007658,,1214.7,4.114041280719142,1.2344662990700357,,1215.1,1216.4,-18.099482250563494,-20.56709554075487,-23.03470883094625,-15.218587960965692,False,True
2014-09-23,1,,,missing bar,,,missing bar,,,,missing bar,,,,,,,False,False
2014-09-24,2,,,missing bar,,,missing bar,,,,missing bar,,,,,,,False,False
2014-09-25,3,,,missing bar,,,missing bar,,,,missing bar,,,,,,,False,False
2014-09-26,4,,,missing bar,,,missing bar,,-6.560603810844428,1.2297097884899166,,1219.8,,,,,,False,False
2014-09-29,0,0.820243612813473,1.2304158805676322,,34.389618760827695,1.2303149606299215,,1219.2,-59.02140258335635,1.2259910093992645,,1223.5,1219.1,59.84164619616982,57.38523930620292,54.92883241623603,-0.41017226775415916,False,True
2014-09-30,1,10.687714257788693,1.2338570370979685,,-79.20180004412816,1.232640315555921,,1216.9,10.762035891163682,1.242441812308457,,1207.3,1215.7,-0.0743216333749892,-2.5506204827814147,-5.02691933218784,9.453857220690725,False,True
2014-10-01,2,-13.238459653118582,1.2402844385645775,,14.892035514676113,1.2419274714356685,,1207.8,37.1364156936166,1.2401818933443574,,1209.5,1209.4,-50.37487534673518,-52.855341678644116,-55.33580801055305,-14.47874409168316,True,True
2014-10-02,3,40.30107852164295,1.2361958134168454,,-47.72493218736136,1.231324905598424,,1218.2,21.422105910005804,1.2372154404486968,,1212.4,1213.4,18.878972611637145,16.405561357771603,13.93215010390606,39.06488270822611,True,True
2014-10-03,4,-47.066681991170896,1.2356866298706648,,-9.108599975596507,1.2415163052474756,,1208.2,-127.58146784725123,1.2428535918468806,,1206.9,1213.9,80.51478585608034,78.03624563436279,75.55770541264525,-48.30236862104156,True,True
2014-10-06,0,2.5164618679113953,1.2583892617449666,,24.291170800188176,1.257967125125797,,1192.4,103.20524397394462,1.2549150840793108,,1195.3,1192.0,-100.68878210603323,-103.20208645185751,-105.71539079768178,1.2580726061664287,True,True
2014-10-07,1,-9.940358671395295,1.2419274714356685,,-7.461140242499435,1.2430595839893928,,1206.7,27.328077957561774,1.2438842358404514,,1205.9,1207.8,-37.26843662895707,-39.75424833623319,-42.24006004350931,-11.182286142830963,True,True
2014-10-08,2,56.87219120589514,1.2398743593982477,,2.465381941237771,1.232842935809978,,1216.7,36.08927801507375,1.2325390304026296,,1217.0,1209.8,20.78291319082139,18.310499801020512,15.838086411219635,55.63231684649689,False,True
2014-10-09,3,41.67864489611527,1.2284006223896489,,30.942130378755795,1.223291469580819,,1226.2,-43.99550847497533,1.219413055849118,,1230.1,1221.1,85.6741533710906,83.22633969285184,80.77852601461306,40.45024427372562,False,True
2014-10-10,4,-8.99096876947091,1.2254901960784317,,13.076170545780696,1.2266928361138372,,1222.8,-8.987295837578856,1.2249897917517356,,1224.5,1224.0,-0.003672931892054976,-2.4541529197222225,-4.90463290755239,-10.216458965549343,False,True
2014-10-13,0,69.97018213918479,1.2246897452645333,,-52.019949869093516,1.2160518848804218,,1233.5,72.26697035134124,1.2223942628962596,,1227.1,1224.8,-2.296788212156457,-4.74387222031725,-7.1909562284780435,68.74549239392026,False,True
2014-10-14,1,-32.380826479876944,1.2123171421643906,,20.24866038297373,1.2161504783525214,,1233.4,-23.49225431345513,1.2136904280281577,,1235.9,1237.3,-8.888572166421813,-11.314579736614363,-13.74058730680691,-33.59314362204133,False,True
2014-10-15,2,-65.07791616541603,1.2162490878131844,,31.775803817410917,1.2240900930308471,,1225.4,104.38254746722039,1.2201073694485114,,1229.4,1233.3,-169.46046363263642,-171.8968200898981,-174.3331765471598,-66.29416525322921,False,True
2014-10-16,3,-24.986915027555263,1.2075350185155371,,25.79398496060095,1.2106537530266346,,1239.0,-22.56609597195456,1.2075350185155371,,1242.2,1242.2,-2.4208190556007025,-4.835889092631777,-7.250959129662851,-26.1944500460708,False,True
2014-10-17,4,1.6134236885596809,1.210165389269867,,0.0,1.2098725600903375,,1239.8,-10.490216818359098,1.2097749818533754,,1239.9,1239.5,12.10364050691878,9.683700135795537,7.263759764672295,0.40325829928981394,False,True
2014-10-20,0,10.485986038468582,1.2105560487450573,,49.8593714845609,1.2092873266688167,,1240.4,5.614147799542477,1.2033694344163661,,1246.5,1239.1,4.871838238926105,2.4579127557646814,0.04398727260325774,9.275429989723524,False,True
2014-10-21,1,18.430230786814942,1.2030798845043313,,-7.207784719209035,1.2008646225282205,,1249.1,7.208362011697387,1.2018267767005852,,1248.1,1246.8,11.221868775117555,8.816962113912638,6.412055452707722,17.227150902310612,False,True
2014-10-22,2,5.603362163818362,1.2010569300984868,,-14.416148580314053,1.2004801920768309,,1249.5,-50.620814374233376,1.202212070209185,,1247.7,1248.9,56.224176538051736,53.82090753774406,51.41763853743639,4.402305233719876,False,True
2014-10-23,3,5.63584411680854,1.2080212611741967,,-52.45543238787587,1.2073406310367032,,1242.4,-31.605845022247987,1.2136904280281577,,1235.9,1241.7,37.241689139056525,34.81997744985417,32.39826576065182,4.427822855634344,False,True
2014-10-24,4,-7.298974412686424,1.2160518848804218,,4.055314545214534,1.2168410805548797,,1232.7,-18.668078957451133,1.2163477132662992,,1233.2,1233.5,11.36910454476471,8.93670494661799,6.504305348471268,-8.515026297566846,False,True
2014-10-27,0,-3.2509753212190358,1.218917601170161,,4.876463035518412,1.219413055849118,,1230.1,-35.00064620686572,1.2188185585439182,,1230.7,1230.6,31.74967088564668,29.3119347259326,26.87419856621852,-4.469892922389197,False,True
2014-10-28,1,18.745675647070716,1.2236906510034264,,-12.222450085437242,1.221498371335505,,1228.0,14.666343376944344,1.2230919765166341,,1226.4,1225.8,4.079332270126372,1.632549642606311,-0.8142329849137493,17.52198499606729,False,True
2014-10-29,2,16.276045259734524,1.2216973448444375,,-18.72126223404922,1.2198097096852891,,1229.7,-127.08734980554937,1.2220954863940037,,1227.4,1227.8,143.3633950652839,140.91960223404544,138.47580940280702,15.054347914890085,False,True
2014-10-30,3,-41.36681666297974,1.2384412153236461,,-11.614403163901388,1.2436779703175527,,1206.1,-54.09692357158258,1.2450199203187253,,1204.8,1211.2,12.730106908602842,10.24664577296047,7.7631846373180995,-42.605257878303384,False,True
2014-10-31,4,-107.28457608655778,1.2505210504376827,,-100.79278994702445,1.264115961570875,,1186.6,-19.60033010636524,1.277030478460753,,1174.6,1199.5,-87.68424598019254,-90.21179750909099,-92.73934903798941,-108.53509713699546,False,True
2014-11-03,0,-11.106840391661692,1.2808470668602172,,1.709401713563653,1.282160868450295,,1169.9,-45.39427948404341,1.2818321654418048,,1170.2,1171.1,34.28743909238172,31.724759860079693,29.162080627777673,-12.387687458521908,False,True
2014-11-04,1,6.866953059543789,1.2879958784131895,,35.11931315259714,1.2871117212974088,,1165.4,-13.690427397139242,1.2825994014536128,,1169.5,1164.6,20.55738045668303,17.98678517681623,15.416189896949426,5.578957181130599,False,True
2014-11-05,2,-168.30328654266785,1.2838069154399179,,-78.64423616586193,1.3055966576725566,,1148.9,1.75438596941004,1.3159049039389419,,1139.9,1168.4,-170.0576725120779,-172.65738433145674,-175.2570961508356,-169.58709345810777,False,True
2014-11-06,3,47.22352457605607,1.3148667601683033,,-19.212301778939327,1.3086721340080267,,1146.2,-25.381834991092717,1.3111888111888115,,1144.0,1140.8,72.60535956714878,69.97930399579167,67.35324842443455,45.90865781588777,False,True
2014-11-07,4,-3.5056967931347627,1.314405888538381,,38.495235639286264,1.3148667601683033,,1140.8,274.721259556473,1.3097005151488694,,1145.3,1141.2,-278.22695634960775,-280.85106275329497,-283.47516915698225,-4.820102681673143,False,True
2014-11-10,0,-35.75384757113097,1.2746430999320193,,-57.30184590868818,1.2792085962817672,,1172.6,-132.0977551005274,1.2865597392572263,,1165.9,1176.8,96.34390752939643,93.78270469020718,91.22150185101793,-37.02849067106299,False,True
2014-11-11,1,-16.5138449592481,1.3026487190620932,,29.529290173759772,1.3046881795250937,,1149.7,88.06826045650239,1.3008412106495537,,1153.1,1151.5,-104.58210541575049,-107.18559534546213,-109.78908527517379,-17.816493678310195,False,True
2014-11-12,2,21.47305957147384,1.2897678417884784,,-24.05499441723733,1.2871117212974088,,1165.4,-4.302000496548921,1.2903225806451617,,1162.5,1163.0,25.77506006802276,23.194969645589122,20.61487922315548,20.18329172968536,False,True
2014-11-13,3,-59.60368356094341,1.2918783911807772,,57.876030770249535,1.2994888677120335,,1154.3,6.027468215377662,1.2919896640826876,,1161.0,1161.1,-65.63115177632108,-68.21501983158454,-70.79888788684801,-60.89556195212418,False,True
2014-11-14,4,-81.23802348058628,1.2911000172146672,,-11.287172893571656,1.301631377993752,,1152.4,316.40091200707656,1.3032145960034756,,1151.0,1161.8,-397.6389354876628,-400.233250100881,-402.8275647140991,-82.52912349780095,False,True
2014-11-17,0,10.117191656332496,1.26528890763391,,4.2124774202264765,1.2640094379371367,,1186.7,-10.95521114075702,1.2633706729554455,,1187.3,1185.5,21.072402797089516,18.54374321650016,16.015083635910806,8.851902748698587,False,True
2014-11-18,1,56.35239270263984,1.265182186234818,,47.68885841936921,1.257967125125797,,1192.4,-15.869704729660826,1.2518778167250877,,1198.2,1185.6,72.22209743230067,69.70503742934076,67.18797742638085,55.08721051640502,False,True
2014-11-19,2,-20.07864809089149,1.2536564981195153,,12.554929458320027,1.256281407035176,,1194.0,-112.7199014204822,1.2547051442910917,,1195.5,1196.5,92.64125332959071,90.1328916871801,87.6245300447695,-21.332304589011006,False,True
2014-11-20,3,32.067538028424636,1.2678556335051985,,31.1251565683,1.2637964445193361,,1186.9,21.812089184805746,1.2597631645250693,,1190.7,1183.1,10.25544884361889,7.727830045588621,5.200211247558354,30.799682394919436,False,True
2014-11-21,4,6.697923894073543,1.256281407035176,,30.085264210003594,1.2554402410445265,,1194.8,20.837682055444233,1.251564455569462,,1198.5,1194.0,-14.13975816137069,-16.64760402397533,-19.155449886579966,5.441642487038367,False,True
2014-11-24,0,-25.86891750130515,1.2501041753479458,,-9.195402946784348,1.2533422459893049,,1196.8,6.688963460103853,1.2546002007360324,,1195.6,1199.9,-32.557880961409005,-35.06258533749298,-37.56728971357696,-27.119021676653098,False,True
2014-11-25,1,-10.860031976680732,1.252400434165484,,20.87596265649557,1.2538660871018976,,1196.3,10.00500333583622,1.2512512512512515,,1198.8,1197.7,-20.86503531251695,-23.368686997933686,-25.87233868335042,-12.112432410846216,False,True
2014-11-26,2,-15.005004482537574,1.249479383590171,,-20.87770602597532,1.2513556352715443,,1198.7,1.6719612143952942,1.2540757461750693,,1196.1,1200.5,-16.676965696932868,-19.180520826698107,-21.68407595646335,-16.254483866127746,False,True
2014-11-27,3,-23.419214450810326,1.2531328320802007,,5.85945691229811,1.255965837729214,,1194.3,,,missing bar,,1197.0,,,,-24.672347282890527,False,False
2014-11-28,4,-31.169731650888323,1.2616704516780217,,-9.29250330859296,1.2665709701933634,,1184.3,,,missing bar,,1188.9,,,,-32.431402102566345,False,False
2014-12-01,0,-29.36859673309825,1.293772641021218,,167.26383863486404,1.2974656171611454,,1156.1,303.2820196612644,1.2759441987070435,,1175.6,1159.4,-332.65061639436266,-335.22033323409096,-337.7900500738192,-30.662369374119468,False,True
2014-12-02,1,-61.21286381483995,1.237011380504701,,-96.72384254461302,1.2447099825740604,,1205.1,35.963740514772326,1.256807708420612,,1193.5,1212.6,-97.17660432961227,-99.67042341853758,-102.1642425074629,-62.44987519534465,False,True
2014-12-03,2,54.95891924929056,1.2525050100200403,,-13.295664248792262,1.245640259093174,,1204.2,56.38489233644301,1.2472975220355897,,1202.6,1197.6,-1.4259730871524496,-3.9257756192080793,-6.42557815126371,53.70641423927052,False,True
2014-12-04,3,-38.94118181609118,1.2403870007442324,,-0.8301855469460306,1.2452266312468872,,1204.6,6.638453484187385,1.2451232672034531,,1204.7,1209.3,-45.57963530027857,-48.06514556822626,-50.55065583617394,-40.181568816835416,False,True
2014-12-05,4,-5.806478534006978,1.2438842358404514,,-14.945203711711866,1.2445034431261928,,1205.3,-93.4898295197358,1.2462612163509472,,1203.6,1205.9,87.68335098572882,85.19320553353742,82.70306008134602,-7.05036276984743,False,True
2014-12-08,0,31.012974859090967,1.25923438549362,,-6.696802527189593,1.2552301255230127,,1195.0,80.07382846350201,1.256176199648271,,1194.1,1191.2,-49.060853604411044,-51.57626418955294,-54.09167477469482,29.753740473597347,False,True
2014-12-09,1,26.54721983861184,1.246054161820901,,41.339455317283324,1.242750621375311,,1207.0,162.0462662368314,1.2376237623762378,,1212.0,1203.8,-135.49904639821955,-137.9827243224167,-140.46640224661382,25.30116567679094,False,True
2014-12-10,2,35.67378519756977,1.2183235867446394,,-36.48603390857392,1.2139851084493367,,1235.6,-33.35912942657812,1.2184225489399727,,1231.1,1231.2,69.03291462414789,66.59616848846328,64.15942235277866,34.45546161082513,False,True
2014-12-11,3,-10.607483349477363,1.223291469580819,,-20.430685813837222,1.224589762429586,,1224.9,47.33929833121408,1.2271946330688048,,1222.3,1226.2,-57.946781680691444,-60.39726778334107,-62.84775388599069,-11.830774819058181,False,True
2014-12-12,4,-56.35198055762378,1.221597849987784,,32.7091631883012,1.2286018510934558,,1220.9,-15.523513064674885,1.224589762429586,,1224.9,1227.9,-40.828467492948896,-43.274655105366264,-45.72084271778364,-57.57357840761156,False,True
2014-12-15,0,-38.535693159899665,1.2274959083469723,,-72.54174091333525,1.2320328542094459,,1217.5,-124.05970694041393,1.2412081092263136,,1208.5,1222.0,85.52401378051427,83.055309762941,80.58660574536769,-39.76318906824664,False,True
2014-12-16,1,17.551928949163237,1.254810105404049,,161.5276370245696,1.2526096033402923,,1197.5,-164.0467608543033,1.232640315555921,,1216.9,1195.4,181.59868980346653,179.11123938250654,176.62378896154658,16.297118843759186,False,True
2014-12-17,2,43.409367773727496,1.2549150840793108,,-12.504690887909241,1.2496875781054737,,1200.3,-78.70759881569025,1.2510425354462054,,1199.0,1195.3,122.11696658941774,119.61100896989223,117.10505135036671,42.15445268964819,False,True
2014-12-18,3,87.8924169784995,1.261140070623844,,32.45000143327137,1.2501041753479458,,1199.9,-42.4558390061625,1.246054161820901,,1203.8,1189.4,130.348255984662,127.84106175221724,125.3338675197725,86.63127690787566,False,True
2014-12-19,4,8.343763521195829,1.2520868113522539,,-14.188543047164158,1.2510425354462054,,1199.0,-13.373455687612367,1.2529234881389912,,1197.2,1198.0,21.717219208808196,19.212208909316953,16.707198609825706,7.091676709843575,False,True
2014-12-22,0,30.88870010305437,1.254180602006689,,-32.55836244230823,1.2502083680613438,,1199.8,-165.27908068543525,1.2544952747344653,,1195.7,1196.0,196.1677807884896,193.65910491174844,191.1504290350073,29.63451950104768,False,True
2014-12-23,1,47.501997879790665,1.275401751551739,,-27.962565353884106,1.269250296158403,,1181.8,-21.23233206668221,1.2725884448969205,,1178.7,1176.1,68.73432994647288,66.18633975002422,63.638349553575566,46.226596128238924,False,True
2014-12-24,2,21.221518086966363,1.2746430999320193,,-11.878501311854029,1.2719409819384384,,1179.3,,,missing bar,,1176.8,,,,19.94687498703434,False,False
2014-12-25,3,,,missing bar,,,missing bar,,,,missing bar,,,,,,,False,False
2014-12-26,4,93.16574544958588,1.2763784887678695,,88.12108553155247,1.264435640225913,,1186.3,-7.522882454508845,1.2533422459893049,,1196.8,1175.2,100.68862790409473,98.15890716933755,95.62918643458038,91.88936696081801,False,True
2014-12-29,0,8.36540119053639,1.2553351744915893,,-29.31202634717799,1.254390366281987,,1195.8,-79.14497825529646,1.257967125125797,,1192.4,1194.9,87.51037944583285,84.99707714621546,82.48377484659808,7.110066016044801,False,True
2014-12-30,1,39.65413337913501,1.26806999746386,,-35.42513826156034,1.2629451881788332,,1187.7,141.79874288705292,1.2675342234240325,,1183.4,1182.9,-102.14460950791792,-104.68021372880581,-107.2158179496937,38.38606338167115,False,True
2014-12-31,2,,,missing bar,,,missing bar,,,,missing bar,,,,,,,False,False
2015-01-01,3,,,missing bar,,,missing bar,,,,missing bar,,,,,,,True,False
2015-01-02,4,15.191158293161921,1.2668918918918919,,-77.03089683521839,1.264862130027827,,1185.9,100.62233462676956,1.274751423472423,,1176.7,1184.0,-85.43117633360764,-87.97281964897195,-90.51446296433627,13.92426640127003,True,True
2015-01-05,0,66.28931343774549,1.2628388617612394,,-57.03278061035195,1.2544952747344653,,1195.7,132.0096035484716,1.261564339781329,,1189.0,1187.8,-65.72029011072611,-68.24469331226868,-70.76909651381125,65.02647457598425,False,True
2015-01-06,1,38.960549966450145,1.2458471760797343,,11.575032296914074,1.240900066181337,,1208.8,68.34396069835941,1.239362141617781,,1210.3,1204.0,-29.383410731909265,-31.868620049606783,-34.35382936730429,37.71470279037041,False,True
2015-01-07,2,-38.63071421498355,1.2305168170631666,,-10.712373814988036,1.235381321034426,,1214.2,-11.549250582545746,1.2367054167697256,,1212.9,1219.0,-27.081463632437803,-29.548685866270695,-32.01590810010359,-39.86123103204672,False,True
2015-01-08,3,-19.837996256341825,1.2386457473162678,,11.576946633286257,1.2411054112195932,,1208.6,-11.575989385954552,1.239566977935708,,1210.1,1211.0,-8.262006870387273,-10.740219595639248,-13.218432320891225,-21.076642003658094,False,True
2015-01-09,4,19.833078148101205,1.2407974191413682,,-6.606656446433457,1.238338974655329,,1211.3,103.55122115204132,1.2391573729863694,,1210.5,1208.9,-83.71814300394011,-86.19809779606786,-88.67805258819558,18.592280728959835,False,True
2015-01-12,0,41.614029291659385,1.2264922322158627,,-66.98824167996669,1.2212994626282367,,1228.2,107.6155828469305,1.2295081967213117,,1220.0,1223.0,-66.0015535552711,-68.45755398420827,-70.91355441314545,40.387537059443524,False,True
2015-01-13,1,54.187523913342744,1.2164463547157573,,-13.7212984117321,1.2098725600903375,,1239.8,-55.89548353311168,1.2117295419662333,,1237.9,1233.1,110.08300744645442,107.65483154977242,105.22665565309043,52.97107755862699,False,True
2015-01-14,2,-10.564382763046504,1.2183235867446394,,17.873105740958803,1.2197105220361035,,1229.8,-25.192000645877155,1.2174336498660825,,1232.1,1231.2,14.62761788283065,12.191860646219927,9.756103409609207,-11.782706349791145,False,True
2015-01-15,3,-8.135373048760243,1.2198097096852891,,214.99278094335637,1.2209018394921052,,1228.6,57.9803856120315,1.194838298550263,,1255.4,1229.7,-66.11575866079174,-68.5304066690273,-70.94505467726285,-9.355182758445533,False,True
2015-01-16,4,-46.00991775138985,1.1871784724970322,,26.996999087189263,1.192653255943389,,1257.7,155.79825717585317,1.1895321173671691,,1261.0,1263.5,-201.80817492724302,-204.18488551710723,-206.56159610697142,-47.19709622388688,False,True
2015-01-19,0,-43.03774396075499,1.171234481143125,,23.496251411218687,1.1761938367442957,,1275.3,,,missing bar,,1280.7,,,,-44.20897844189811,False,False
2015-01-20,1,30.510487192579212,1.1752722714095434,,86.32475740233355,1.1716004061548078,,1280.3,32.47007104807406,1.1615301223478398,,1291.4,1276.3,-1.9595838554948486,-4.296386249252231,-6.633188643009615,29.33521492116967,False,True
2015-01-21,2,26.98432692480579,1.1580328881340234,,16.924382838144947,1.1549122266707732,,1298.8,-61.68099740647773,1.1529592621060725,,1301.0,1295.3,88.66532433128351,86.35433218104343,84.04334003080332,25.826294036671765,False,True
2015-01-22,3,-57.36449839186583,1.1594651001004872,,18.640782096756865,1.1661354271942783,,1286.3,104.1957483754208,1.1637830708355963,,1288.9,1293.7,-161.56024676728663,-163.8834949382227,-166.2067431091588,-58.52396349196632,False,True
2015-01-23,4,-57.792493737741786,1.152516327314637,,28.552706823390654,1.1591962905718705,,1294.0,-25.4659241687795,1.15606936416185,,1297.5,1301.5,-32.326569568962285,-34.63515526043877,-36.94374095191526,-58.94501006505642,False,True
2015-01-26,0,-30.21267356096987,1.160272277227723,,-37.31057573505733,1.1637830708355963,,1288.9,-23.389999748402005,1.1681333229499262,,1284.1,1292.8,-6.822673812567864,-9.151079412745512,-11.479485012923162,-31.37294583819759,False,True
2015-01-27,1,-8.592743566632222,1.171234481143125,,25.75611179931812,1.1722413254141921,,1279.6,68.34978065282975,1.169043722235212,,1283.1,1280.7,-76.94252421946197,-79.28280242284032,-81.62308062621865,-9.763978047775348,False,True
2015-01-28,2,-33.33724062809009,1.1609907120743037,,17.84675546437435,1.1649580615097859,,1287.6,-46.62737698599249,1.162971003256319,,1289.8,1292.0,13.290136357902398,10.966174642571776,8.642212927241152,-34.498231340164395,False,True
2015-01-29,3,-18.71929413324836,1.16886152887088,,-102.81454615260543,1.171234481143125,,1280.7,-85.57218844239294,1.183431952662722,,1267.5,1283.3,66.85289430914457,64.50060082761098,62.148307346077374,-19.888155662119242,False,True
2015-01-30,4,30.161146763232598,1.192368839427663,,3.9599256051469407,1.1882129277566542,,1262.4,164.2021415880547,1.1882129277566542,,1262.4,1258.0,-134.0409948248221,-136.42157659200643,-138.80215835919074,28.968777923804936,False,True
2015-02-02,0,-17.16202933131536,1.1691348402182387,,-57.16314849101117,1.171234481143125,,1280.7,11.774403809377796,1.17813383600377,,1273.2,1283.0,-28.936433140693154,-31.283701816915162,-33.63097049313717,-18.331164171533597,False,True
2015-02-03,1,62.51974099799183,1.1759172154280342,,-93.91945064179666,1.1684973124561815,,1283.7,-89.24047378429215,1.1793379982703043,,1271.9,1275.6,151.76021478228398,149.40495956858564,147.0497043548873,61.343823782563796,False,True
2015-02-04,2,26.91578572383696,1.189060642092747,,37.08529914125182,1.1857707509881426,,1265.0,-3.1508468161426015,1.1813814286839412,,1269.7,1261.5,30.06663253997956,27.69619046920287,25.325748398426185,25.726725081744213,False,True
2015-02-05,3,-10.238236767527646,1.1807304785894208,,-56.89016607882045,1.1818468326504885,,1269.2,22.16067388911442,1.1884953648680772,,1262.1,1270.4,-32.398910656642066,-34.76813650009956,-37.13736234355706,-11.418967246117067,False,True
2015-02-06,4,14.99191506581474,1.184459886291851,,-24.472086418900187,1.1826854845068204,,1268.3,-250.50327527005703,1.1855833069870376,,1265.2,1266.4,265.49519033587177,263.1251471425929,260.755103949314,13.80745517952289,False,True
2015-02-09,0,33.119300033927026,1.2136904280281577,,-7.260699766354448,1.2096774193548387,,1240.0,-1.6142050075389127,1.2105560487450573,,1239.1,1235.9,34.73350504146594,32.309258564692726,29.88501208791951,31.905609605898867,False,True
2015-02-10,1,37.0788753041297,1.2113381248485828,,-32.239892517946835,1.2070491671360748,,1242.7,-42.071259465679475,1.211044727918618,,1238.6,1238.3,79.15013476980917,76.72775191704197,74.30536906427477,35.86753717928112,False,True
2015-02-11,2,30.74436078626775,1.2154606595899848,,-12.12366283070564,1.211631663974152,,1238.0,-145.80961295011556,1.2130033964095102,,1236.6,1234.1,176.5539737363833,174.12550968038383,171.69704562438432,29.528900126677765,False,True
2015-02-12,3,36.05083789782749,1.2312238364934749,,8.175946821233218,1.2268935056437102,,1222.6,-15.54256110669365,1.2260912211868564,,1223.4,1218.3,51.593399004521146,49.13608394684081,46.67876888916048,34.819614061334015,False,True
2015-02-13,4,47.31226706235223,1.2264922322158627,,-30.97239414580324,1.2207031250000002,,1228.8,35.85401494081711,1.2244897959183676,,1225.0,1223.0,11.458252121535118,9.007270093400887,6.556288065266657,46.085774830136366,False,True
2015-02-16,0,57.674502911198054,1.2219959266802447,,-18.646890157180366,1.214968410821319,,1234.6,,,missing bar,,1227.5,,,,56.45250698451781,False,False
2015-02-17,1,-61.117413077855836,1.2186205215695833,,-28.654487656599095,1.2262916939175932,,1223.2,-86.45942943889622,1.2298106091661885,,1219.7,1230.9,25.342016361040386,22.893585230304613,20.445154099568843,-62.33603359942542,False,True
2015-02-18,2,-7.445092787127249,1.2403870007442324,,-15.734341368764289,1.2412081092263136,,1208.5,45.48281564173376,1.243265644426026,,1206.5,1209.3,-52.92790842886101,-55.41156107403127,-57.89521371920153,-8.685479787871483,True,True
2015-02-19,3,15.657838297272834,1.2371134020618557,,53.38602470419305,1.2352795849460596,,1214.3,-118.64685609723357,1.2286018510934558,,1220.9,1212.5,134.3046943945064,131.8389791413511,129.3732638881958,14.420724895210977,True,True
2015-02-20,4,-1.6557662095951795,1.241721854304636,,49.55820830986138,1.2420303055394553,,1207.7,-101.85158225231176,1.235788433020267,,1213.8,1208.0,100.19581604271657,97.71830575539168,95.24079546806676,-2.8974880638998153,True,True
2015-02-23,0,-14.967573058725124,1.246364769422518,,-44.205418330117595,1.2483355525965383,,1201.6,43.37315999665172,1.2538660871018976,,1196.3,1203.5,-58.340733055376845,-60.84096391190126,-63.34119476842567,-16.213937828147643,True,True
2015-02-24,1,-19.98834678993977,1.2480239620600715,,12.499480815768079,1.2507295922621533,,1199.3,-4.997917638396988,1.2491672218520988,,1200.8,1201.9,-14.99042915154278,-17.48762033545495,-19.98481151936712,-21.23637075199984,True,True
2015-02-25,2,70.53678471977642,1.2491672218520988,,-15.72262312384891,1.2402844385645775,,1209.4,-23.2153325392067,1.2422360248447208,,1207.5,1200.8,93.75211725898312,91.2607140122863,88.76931076558948,69.28761749792432,False,True
2015-02-26,3,63.75513212101358,1.24595066035385,,38.71663471308606,1.2380323539121825,,1211.6,-56.89094785278084,1.2332483762229716,,1216.3,1203.9,120.64607997379443,118.1668809372176,115.68768190064078,62.50918146065973,False,True
2015-02-27,4,3.308519467732748,1.240900066181337,,1.6538493380965373,1.240489579887529,,1209.2,28.07367048994511,1.2402844385645775,,1209.4,1208.8,-24.76515102221236,-27.246335526958276,-29.727520031704188,2.0676194015514113,False,True
2015-03-02,0,42.74916079516819,1.235788433020267,,-22.996067952621864,1.2305168170631666,,1219.0,-80.91193415615828,1.2334511964476609,,1216.1,1213.8,123.66109495132648,121.19185532185855,118.72261569239062,41.51337236214792,False,True
2015-03-03,1,12.42905243486489,1.2436779703175527,,21.507163555375445,1.2421331566743958,,1207.6,-59.67198213542236,1.2394645513138327,,1210.2,1206.1,72.10103457028725,69.61789204865588,67.13474952702448,11.185374464547337,False,True
2015-03-04,2,6.643414959501826,1.246054161820901,,-10.797791655038395,1.2452266312468872,,1204.6,-30.793582653689974,1.2464683397041716,,1203.4,1203.8,37.4369976131918,34.944475111666726,32.45195261014165,5.397360797680926,False,True
2015-03-05,3,-0.8332291801691025,1.2497917013831028,,4.998333992766406,1.2498958420131658,,1200.1,-28.352253815674406,1.2490632025980515,,1200.9,1200.2,27.519024635505303,25.02016973152415,22.521314827542994,-2.0830208815522053,False,True
2015-03-06,4,-5.847220648575655,1.2526096033402923,,-9.196171696880008,1.2534469791927803,,1196.7,-247.28163201375304,1.2547051442910917,,1195.5,1197.5,241.4344113651774,238.92709661754603,236.41978186991463,-7.099830251915947,False,True
2015-03-09,0,15.378046601680298,1.2824897400820796,,13.649549977935674,1.2805190370496842,,1171.4,-59.849699853874895,1.2786633705566453,,1173.1,1169.6,75.22774645555519,72.66659334491646,70.10544023427774,14.095556861598219,False,True
2015-03-10,1,-50.746249183374545,1.2868908716540841,,37.00998328725607,1.29343795809261,,1159.7,-28.390779168061517,1.2886597938144333,,1164.0,1165.6,-22.355470015313028,-24.931020680781543,-27.506571346250063,-52.03314005502863,False,True
2015-03-11,2,10.329690167018594,1.2918783911807772,,-46.567866148189594,1.2905446098253464,,1162.3,-21.634727836337092,1.2966804979253115,,1156.8,1161.1,31.964418003355686,29.375859114249597,26.787300225143508,9.037811775837817,False,True
2015-03-12,3,83.72583543417129,1.300164687527087,,-45.656279506570066,1.2892135797163733,,1163.5,-47.60059184722585,1.2951131065446384,,1158.2,1153.7,131.32642728139714,128.7311494873254,126.13587169325369,82.4256707466442,False,True
2015-03-13,4,42.4224695782336,1.3014055179593964,,-29.416875340300937,1.2958963282937368,,1157.5,30.283388923443535,1.299826689774697,,1154.0,1152.6,12.139080654790067,9.537848447055973,6.93661623932188,41.12106406027421,False,True
2015-03-16,0,36.206936106004406,1.2954486570515589,,-55.22015757327643,1.2906556530717606,,1162.2,-17.319020608886024,1.297802387956394,,1155.8,1157.9,53.52595671489043,50.93270566988247,48.33945462487452,34.91148744895285,False,True
2015-03-17,1,14.724354139211114,1.300164687527087,,-22.530338820059498,1.298364061282784,,1155.3,-36.50273477814014,1.3012926173332178,,1152.7,1153.7,51.22708891735125,48.62563161249095,46.024174307630645,13.424189451684027,False,True
2015-03-18,2,-6.098889319954236,1.3065064018813697,,10.452962624252919,1.3073034687118703,,1147.4,156.36792190384216,1.3060513713539403,,1148.5,1148.1,-162.46681122379638,-165.07936899703168,-167.691926770267,-7.405395721835606,False,True
2015-03-19,3,49.61515738269601,1.28633907898122,,-56.487654482145686,1.2801911752154989,,1171.7,44.53205954825063,1.2874431379280753,,1165.1,1166.1,5.0830978344453825,2.5093156175360876,-0.06446659937320831,48.32881830371479,False,True
2015-03-20,4,1.70867151205789,1.281613123718387,,5.9775417005528,1.2812847014606648,,1170.7,87.53720963723853,1.2804097311139566,,1171.5,1170.4,-85.82853812518064,-88.39056098001299,-90.95258383484533,0.42705838833950294,False,True
2015-03-23,0,-5.072280098606514,1.2677484787018258,,11.831320572216377,1.2683916793505836,,1182.6,39.61402626583533,1.2667848999239932,,1184.1,1183.2,-44.68630636444184,-47.22083974306766,-49.75537312169348,-6.34002857730834,False,True
2015-03-24,1,-7.575439106439604,1.2620950778291968,,41.178258951201755,1.2631578947368423,,1187.5,2.5156178070691966,1.257967125125797,,1192.4,1188.5,-10.091056913508801,-12.611119116463795,-15.131181319418788,-8.8375341842688,False,True
2015-03-25,2,-35.282294665156726,1.257861635220126,,48.686405244393754,1.2622012790306294,,1188.4,4.18567667573572,1.255965837729214,,1194.3,1192.5,-39.46797134089245,-41.981798813841785,-44.49562628679113,-36.54015630037685,False,True
2015-03-26,3,59.21865589762265,1.254810105404049,,44.80963435036019,1.2475049900199602,,1202.4,-29.850768434532853,1.2419274714356685,,1207.8,1195.4,89.0694243321555,86.57268675531579,84.07594917847607,57.9638457922186,False,True
2015-03-27,4,-13.300085086087128,1.246054161820901,,-10.819359384239753,1.2477125270337717,,1202.2,-27.517215612192185,1.2490632025980515,,1200.9,1203.8,14.217130526105057,11.722013161686105,9.226895797267153,-14.546139247908028,False,True
2015-03-30,0,-64.48123501560612,1.2520868113522539,,-64.06495822306047,1.2603982858583316,,1190.1,27.87281672754786,1.2687135244861714,,1182.3,1198.0,-92.35405174315397,-94.8748520789924,-97.39565241483082,-65.73332182695837,False,True
2015-03-31,1,-42.25477427059266,1.2649687974363302,,33.835254746072515,1.2709710218607015,,1180.2,-13.511233266377896,1.2658227848101267,,1185.0,1185.8,-28.743541004214766,-31.274332586461224,-33.80512416870768,-43.519743068028994,False,True
2015-04-01,2,,,roll,-5.063291247412659,1.2655024044545689,,1185.3,160.76708980267264,1.2661433274246647,,1184.7,,,,,,False,False
2015-04-02,3,19.080017402271437,1.2455368263721667,,-18.24666675285327,1.2429565793834938,,1206.8,-18.28002170855831,1.2452266312468872,,1204.6,1204.3,37.360039110829746,34.86927565321069,32.37851219559164,17.83448057589927,False,True
2015-04-03,4,,,missing bar,,,missing bar,,,,missing bar,,,,,,,False,False
2015-04-06,0,62.572244333886395,1.2388503468780974,,-9.030828576491224,1.2309207287050719,,1218.6,-23.02632596349212,1.2321340561853131,,1217.4,1210.8,85.59857029737852,83.1275858943151,80.65660149125169,61.3333939870083,True,True
2015-04-07,1,-9.059836719027375,1.2348728081007658,,-25.57651656209288,1.2359920896506265,,1213.6,-13.225328427940779,1.2390550140426237,,1210.6,1214.7,4.165491708913404,1.691563886770014,-0.7823639353733753,-10.294709527128141,False,True
2015-04-08,2,14.054816087349465,1.2410027302060065,,-31.443964674849017,1.2392597488433577,,1210.4,-34.869275678964264,1.2431626056688216,,1206.6,1208.7,48.92409176631373,46.4399264304389,43.955761094564075,12.81381335714346,False,True
2015-04-09,3,-57.540916799339385,1.2472975220355897,,49.2262476674087,1.2546002007360324,,1195.6,-60.10536502142387,1.2484394506866419,,1201.5,1202.6,2.5644482220844864,0.06871124936225481,-2.427025723359977,-58.78821432137497,False,True
2015-04-10,4,5.024704904312003,1.2564918746858773,,61.76981242872942,1.255965837729214,,1194.3,48.98104516857462,1.2483355525965383,,1201.6,1193.8,-43.956340264262614,-46.46116769154503,-48.96599511882744,3.768213029626126,False,True
2015-04-13,0,-20.73055180832143,1.2425447316103382,,-46.596855821063556,1.2452266312468872,,1204.6,-4.171011530751828,1.2510425354462054,,1199.0,1207.2,-16.559540277569603,-19.053127544626147,-21.54671481168269,-21.973096539931767,False,True
2015-04-14,1,-41.79559707958621,1.2512512512512515,,-53.7545389797437,1.2564918746858773,,1193.8,42.86261132170038,1.2633706729554455,,1187.3,1198.8,-84.65820840128659,-87.17283032549328,-89.68745224969999,-43.04684833083746,False,True
2015-04-15,2,15.086751667211717,1.258178158027177,,-26.834397653886388,1.256176199648271,,1194.1,93.61485953531506,1.2596573731944913,,1190.8,1192.2,-78.52810786810335,-81.04594339932501,-83.56377893054669,13.82857350918454,False,True
2015-04-16,3,22.441101550986254,1.248127808287569,,20.735710162734954,1.245433410826968,,1204.4,-74.84442422136887,1.242750621375311,,1207.0,1201.8,97.28552577235513,94.79464734269226,92.30376891302937,21.192973742698683,False,True
2015-04-17,4,13.340005313276206,1.2514600367094948,,44.891587568730436,1.2497917013831028,,1200.2,-16.603025563955597,1.2441937624419381,,1205.6,1198.6,29.943030877231806,27.447377078080372,24.951723278928938,12.088545276566713,False,True
2015-04-20,0,33.15652904938171,1.245433410826968,,-78.93356590754367,1.2414135562360342,,1208.3,-29.241008345013316,1.2513556352715443,,1198.7,1204.4,62.39753739439503,59.90074834829652,57.403959302198004,31.91109563855474,False,True
2015-04-21,1,-16.73920712254529,1.254390366281987,,62.62806992779972,1.2564918746858773,,1193.8,4.160945426820337,1.248543366072915,,1201.4,1195.8,-20.90015254936563,-23.403086281720533,-25.906020014075434,-17.99359748882728,False,True
2015-04-22,2,6.652253696172311,1.2477125270337717,,-25.802170043356146,1.2468827930174566,,1203.0,-112.30423094524984,1.2501041753479458,,1199.9,1202.2,118.95648464142215,116.45866793904044,113.96085123665871,5.40454116913854,False,True
2015-04-23,3,-8.428860917100108,1.2637964445193361,,37.03707937484432,1.2649687974363302,,1185.8,24.33397466759526,1.2601865076031253,,1190.3,1186.9,-32.76283558469537,-35.286818536817826,-37.81080148894029,-9.692657361619444,False,True
2015-04-24,4,4.190236809687198,1.2573344509639566,,-48.71912198376947,1.2569130216189042,,1193.4,-76.07813532610436,1.2631578947368423,,1187.5,1193.0,80.26837213579155,77.74787979009076,75.22738744438996,2.9329023587232412,False,True
2015-04-27,0,6.781385357785943,1.2719409819384384,,48.18471641564316,1.2710787221421918,,1180.1,129.86651454062005,1.2649687974363302,,1185.8,1179.3,-123.0851291828341,-125.62203896220886,-128.15894874158363,5.5094443758475045,False,True
2015-04-28,1,-10.824764785712267,1.2483355525965383,,15.816860737626113,1.2496875781054737,,1200.3,77.87943256613546,1.2476087498960329,,1202.3,1201.6,-88.70419735184772,-91.2001416543403,-93.69608595683286,-12.073100338308805,False,True
2015-04-29,2,-19.004343666458595,1.238236750866766,,-10.757583064002107,1.2405921759986769,,1209.1,-32.34235932819951,1.2419274714356685,,1207.8,1211.4,13.338015661740911,10.857851439438477,8.377687217136042,-20.24258041732536,False,True
2015-04-30,3,-14.955137383550758,1.2453300124533004,,18.27698440160804,1.2472975220355897,,1202.6,-179.23427882293956,1.2451232672034531,,1204.7,1204.5,164.2791414393888,161.78868815973206,159.2982348800753,-16.200467396004058,False,True
2015-05-01,4,-15.218129416529992,1.267212976260877,,-25.415127201131913,1.2691429054911585,,1181.9,-12.732907793885214,1.2724804886325078,,1178.8,1183.7,-2.4852216226447776,-5.0249150875381625,-7.564608552431547,-16.48534239279087,True,True
2015-05-04,0,53.40127121335723,1.2748597654258036,,-22.85134928622842,1.26806999746386,,1182.9,61.66341285727954,1.2709710218607015,,1180.2,1176.6,-8.262141643922313,-10.807972431208817,-13.353803218495322,52.126411447931424,False,True
2015-05-05,1,5.0513555544527,1.2631578947368423,,19.34317915257652,1.262732553245223,,1187.9,18.46722593164711,1.2602923878339776,,1190.2,1187.5,-13.41587037719441,-15.939320659765231,-18.46277094233605,3.7881976597158573,False,True
2015-05-06,2,23.452561214388737,1.257861635220126,,-56.21527578304316,1.2550200803212852,,1195.2,24.372832168628463,1.2622012790306294,,1188.4,1192.5,-0.9202709542397258,-3.440333868490481,-5.9603967827412365,22.19469957916861,False,True
2015-05-07,3,-73.29743418586014,1.2591286829513977,,21.11754807673444,1.2683916793505836,,1182.6,-14.353867453715624,1.2656091798852516,,1185.2,1191.3,-58.94356673214452,-61.46830459498117,-63.993042457817815,-74.55656286881154,False,True
2015-05-08,4,10.132568628463533,1.267212976260877,,4.219231318656707,1.2660364618501017,,1184.8,17.702849723363634,1.2656091798852516,,1185.2,1183.7,-7.570281094900102,-10.10310325104623,-12.635925407192358,8.865355652202656,False,True
2015-05-11,0,-30.32347337043947,1.261564339781329,,15.174509740336296,1.2655024044545689,,1185.3,-36.285428614247515,1.2634770889487872,,1187.2,1189.0,5.961955243808045,3.4369138150779293,0.9118723863478131,-31.5850377102208,False,True
2015-05-12,1,0.0,1.2684989429175477,,92.60104894044201,1.2686062246278755,,1182.4,-3.352048971302599,1.256807708420612,,1193.5,1182.5,3.352048971302599,0.8267423199644395,-1.6985643313737206,-1.2684989429175477,False,True
2015-05-13,2,19.268635794584796,1.257861635220126,,11.710582685020327,1.2554402410445265,,1194.8,158.42408226144104,1.2540757461750693,,1196.1,1192.5,-139.15544646685623,-141.66738384825143,-144.17932122964663,18.01077415936467,False,True
2015-05-14,3,24.660924951934682,1.2345679012345683,,-4.9269174916828,1.2314259912979233,,1218.1,26.248887190090635,1.2320328542094459,,1217.5,1215.0,-1.5879622381559528,-4.0545629935999665,-6.521163749043981,23.426357050700112,False,True
2015-05-15,4,-2.4575056441535135,1.2286018510934558,,-62.46424518179778,1.229004506349857,,1220.5,87.00703332698076,1.236603462489695,,1213.0,1220.9,-89.46453897113427,-91.92974428471743,-94.39494959830057,-3.6861074952469695,False,True
2015-05-18,0,47.31998713147458,1.2266928361138372,,-23.6320038270741,1.2209018394921052,,1228.6,-5.712653682921516,1.223790487068614,,1225.7,1222.8,53.0326408143961,50.58215749121366,48.1316741680312,46.09329429536075,False,True
2015-05-19,1,-30.23989881540093,1.2240900930308471,,-16.384045608215978,1.227797331587133,,1221.7,-103.01298395553391,1.2298106091661885,,1219.7,1225.4,72.77308514013298,70.31918443793593,67.8652837357389,-31.463988908431777,False,True
2015-05-20,2,-24.871510085224834,1.2420303055394553,,37.28101745600713,1.2450199203187253,,1204.8,-0.8268904788283532,1.2402844385645775,,1209.4,1207.7,-24.04461960639648,-26.52693435050051,-29.009249094604545,-26.11354039076429,False,True
2015-05-21,3,-2.480876589115587,1.2402844385645775,,-9.929665689682201,1.2405921759986769,,1209.1,-19.887311824746305,1.241721854304636,,1208.0,1209.4,17.406435235630717,14.924428942761502,12.44242264989229,-3.7211610276801643,False,True
2015-05-22,4,16.570012076296084,1.2437810945273633,,29.757006583219834,1.241721854304636,,1208.0,-46.33468491541717,1.238236750866766,,1211.4,1206.0,62.90469699171325,60.42267914631912,57.940661300924994,15.32623098176872,False,True
2015-05-25,0,-3.319502105171646,1.2446067042814473,,-13.289038500536407,1.2450199203187253,,1204.8,,,missing bar,,1205.2,,,,-4.564108809453093,False,False
2015-05-26,1,-89.06705568978055,1.2430595839893928,,-6.691201320240965,1.254180602006689,,1196.0,-71.37789048292406,1.2551250941343823,,1195.1,1206.7,-17.689165206856487,-20.18734988498026,-22.685534563104035,-90.31011527376994,False,True
2015-05-27,2,16.839273154851938,1.2640094379371367,,-27.800026328408688,1.2618827290317156,,1188.7,17.701357511204623,1.2655024044545689,,1185.3,1186.7,-0.8620843563526854,-3.3915961987443914,-5.921108041136097,15.575263716914801,False,True
2015-05-28,3,10.945065289644974,1.2635835228708618,,-22.74355526981319,1.2620950778291968,,1188.5,16.853463161697345,1.2650754828371429,,1185.7,1187.1,-5.908397872052371,-8.437056877760375,-10.96571588346838,9.681481766774112,False,True
2015-05-29,4,1.6836434083050051,1.2628388617612394,,12.620421514398389,1.2628388617612394,,1187.8,16.819447241524376,1.2625199898998405,,1188.1,1187.8,-15.13580383321937,-17.66116268488045,-20.18652153654153,0.42080454654376576,False,True
2015-06-01,0,-10.932179535566165,1.2607160867372669,,-15.157897639098884,1.2622012790306294,,1188.4,21.0464361899031,1.264115961570875,,1186.6,1189.8,-31.97861572546927,-34.50344777377741,-37.02827982208555,-12.192895622303432,False,True
2015-06-02,1,-4.2043305223051055,1.261034047919294,,29.395729394173223,1.2616704516780217,,1188.9,5.868790778380902,1.257967125125797,,1192.4,1189.5,-10.073121300686008,-12.592122473731099,-15.11112364677619,-5.465364570224399,False,True
2015-06-03,2,-18.445548954223607,1.2564918746858773,,0.0,1.2590229981534329,,1191.4,-55.55102240998125,1.2590229981534329,,1191.4,1193.8,37.10547345575765,34.589958582918335,32.074443710079024,-19.702040828909485,False,True
2015-06-04,3,-35.482000560973304,1.2649687974363302,,5.922416518976694,1.269465132024374,,1181.6,-51.72790843212051,1.2687135244861714,,1182.3,1185.8,16.245907871147203,13.712225549224701,11.1785432273022,-36.746969358409636,False,True
2015-06-05,4,2.5496111981045666,1.2749681257968553,,-28.933727954680894,1.2746430999320193,,1176.8,-18.766532847124825,1.2783364581557866,,1173.4,1176.5,21.316144045229393,18.762839461276748,16.20953487732411,1.2746430723077113,False,True
2015-06-08,0,15.362297123839289,1.2811752647762216,,0.0,1.2792085962817672,,1172.6,6.820119616448829,1.2792085962817672,,1172.6,1170.8,8.54217750739046,5.98179364633247,3.4214097852744816,14.081121859063067,False,True
2015-06-09,1,28.93865327059455,1.2785543811796798,,32.244406384289896,1.2748597654258036,,1176.6,-37.34831605653085,1.2708633398288571,,1180.3,1173.2,66.2869693271254,63.737551606116874,61.18813388510833,27.66009888941487,False,True
2015-06-10,2,50.8993294341969,1.275727164483756,,43.907864174897604,1.2693577050012694,,1181.7,-12.64595708721746,1.2637964445193361,,1186.9,1175.8,63.54528652141436,61.00576291241127,58.46623930340817,49.623602269713146,False,True
2015-06-11,3,-10.970002365885717,1.2650754828371429,,-44.00447144821708,1.2665709701933634,,1184.3,17.794352871400193,1.2721567297091005,,1179.1,1185.7,-28.764355237285912,-31.301587449832155,-33.8388196623784,-12.23507784872286,False,True
2015-06-12,4,11.849345440612446,1.2703252032520327,,-11.003429101232038,1.268928178665088,,1182.1,0.8469193314397478,1.2704327941051918,,1180.7,1180.8,11.002426109172697,8.461668111815472,5.920910114458248,10.579020237360414,False,True
2015-06-15,0,25.391465186762378,1.2711864406779665,,-21.15507452819195,1.2679628064243451,,1183.0,44.799533952403586,1.2707556760420198,,1180.4,1180.0,-19.408068765641207,-21.95001088236119,-24.491952999081178,24.120278746084413,False,True
2015-06-16,1,9.276047382676929,1.2655024044545689,,-30.3925940998631,1.264435640225913,,1186.3,-11.844333025970675,1.2682844339223813,,1182.7,1185.3,21.120380408647605,18.586593570270654,16.052806731893703,8.01054497822236,False,True
2015-06-17,2,-21.189142139885334,1.2700025400050805,,-2.5457168451786525,1.2726964194807402,,1178.6,55.01262234293942,1.2730204531952818,,1178.3,1181.1,-76.20176448282476,-78.74478747602512,-81.28781046922548,-22.459144679890414,False,True
2015-06-18,3,26.14380574070672,1.266677926026009,,90.55146974106755,1.2633706729554455,,1187.3,26.671127662365528,1.2518778167250877,,1198.2,1184.2,-0.5273219216588068,-3.0458776644099035,-5.564433407161,24.877127814680712,False,True
2015-06-19,4,-19.15629620078278,1.248127808287569,,23.313915639108068,1.2504168056018676,,1199.6,-22.480339178824533,1.2475049900199602,,1202.4,1201.8,3.324042978041753,0.8284101797342236,-1.6672226185733052,-20.40442400907035,False,True
2015-06-22,0,-25.037569414117904,1.2503125781445363,,-25.938181299743817,1.2534469791927803,,1196.7,-67.25540273424656,1.256807708420612,,1193.5,1199.7,42.217833320128655,39.71071303356351,37.20359274699836,-26.28788199226244,True,True
2015-06-23,1,0.0,1.2655024044545689,,-48.20916851680453,1.2656091798852516,,1185.2,-12.726426016649437,1.2718331354926236,,1179.4,1185.3,12.726426016649437,10.189090476702244,7.651754936755053,-1.2655024044545689,False,True
2015-06-24,2,5.093811129753656,1.2737771739130437,,-13.58926657231437,1.2731285011033782,,1178.2,-17.862463814642147,1.274751423472423,,1176.7,1177.6,22.956274944395805,20.407746347010338,17.85921774962487,3.8200339558406124,False,True
2015-06-25,3,12.767589085960354,1.277574312239162,,-17.87919253684057,1.2759441987070435,,1175.6,-7.672961713251466,1.2783364581557866,,1173.4,1174.1,20.44055079921182,17.884640028816875,15.328729258421923,11.490014773721192,False,True
2015-06-26,4,-4.265301834764937,1.2793176972281453,,10.234542471177555,1.2799726939158633,,1171.9,14.4822617636497,1.2787723785166243,,1173.0,1172.5,-18.747563598414636,-21.305653674159405,-23.863743749904174,-5.544619531993082,False,True
2015-06-29,0,-15.23358453023978,1.2684989429175477,,-23.7429094832522,1.2704327941051918,,1180.7,11.030504703332896,1.2734527549027934,,1177.9,1182.5,-26.264089233572676,-28.806040931393014,-31.34799262921336,-16.502083473157327,False,True
2015-06-30,1,-39.06586709307273,1.2714019325309376,,-40.93124159174764,1.2764871074802149,,1175.1,10.248527671299275,1.2817226352217383,,1170.3,1179.8,-49.31439476437201,-51.86751933212469,-54.42064389987736,-40.33726902560367,False,True
2015-07-01,2,,,missing bar,-16.209533046274593,1.2786633705566453,,1173.1,-28.21358687656598,1.2806283616494496,,1171.3,,,,,,False,False
2015-07-02,3,-27.441917572735733,1.2845765179412523,,-37.85927771057882,1.288217107523188,,1164.4,43.869151254849534,1.2931034482758623,,1160.0,1167.7,-71.31106882758527,-73.88874879380238,-76.4664287600195,-28.726494090676987,False,True
2015-07-03,4,16.292933330283834,1.2873326467559219,,8.566044724581792,1.2854571942754307,,1166.9,,,missing bar,,1165.2,,,,15.005600683527913,False,False
2015-07-06,0,-58.12975848902263,1.2785543811796798,,-22.313775135538787,1.2858979854264896,,1166.5,46.28447450186979,1.2886597938144333,,1164.0,1173.2,-104.41423299089242,-106.98144716588652,-109.54866134088064,-59.40831287020231,False,True
2015-07-07,1,-10.272214565300255,1.2833675564681728,,-30.02103725764373,1.284686536485098,,1167.6,-85.40056216768743,1.2884384126438757,,1164.2,1168.8,75.12834760238717,72.55654163327512,69.98473566416307,-11.555582121768428,False,True
2015-07-08,2,-63.459160237860914,1.299826689774697,,77.30765972180956,1.3079874433205443,,1146.8,11.24129998614238,1.297802387956394,,1155.8,1154.0,-74.7004602240033,-77.29808930173438,-79.89571837946548,-64.7589869276356,False,True
2015-07-09,3,37.08019598043032,1.2958963282937368,,-8.609557139650827,1.2908777969018934,,1162.0,-26.7345250001984,1.2918783911807772,,1161.1,1157.5,63.81472098062872,61.22694626115421,58.639171541679694,35.78429965213658,False,True
2015-07-10,4,13.799053504830322,1.2945542418227327,,11.197727170319546,1.2927691114366977,,1160.3,7.744933909798775,1.291322314049587,,1161.6,1158.7,6.054119595031548,3.468243039159228,0.8823664832869085,12.50449926300759,False,True
2015-07-13,0,-18.08396617698276,1.2905446098253464,,-44.92060076070128,1.292880537838304,,1160.2,14.70652109865553,1.2985888667647825,,1155.1,1162.3,-32.79048727563829,-35.37962075222842,-37.96875422881855,-19.374510786808106,False,True
2015-07-14,1,-32.89761429429363,1.296456352636128,,-2.6020209175812052,1.3008412106495537,,1153.1,16.468042724979593,1.3011797362942403,,1152.8,1157.0,-49.36565701927323,-51.963293108203594,-54.560929197133966,-34.19407064692976,False,True
2015-07-15,2,-5.2011096872909945,1.2999393361643126,,-2.6015696283392593,1.3006156247290386,,1153.3,-40.84653486915412,1.3009540329575022,,1153.0,1153.9,35.645425181863125,33.04453181274131,30.443638443619495,-6.501049023455307,False,True
2015-07-16,3,-0.8724861498367832,1.3086721340080267,,-25.33748242952239,1.3089005235602096,,1146.0,7.869540912405071,1.3121063680895733,,1143.2,1146.2,-8.742027062241855,-11.362805564339455,-13.983584066437054,-2.18115828384481,False,True
2015-07-17,4,-6.993618608331793,1.310845058114131,,-4.373496680251947,1.3117621337997378,,1143.5,-87.88175024109373,1.312450783095634,,1142.9,1144.3,80.88813163276194,78.26483579155219,75.6415399503424,-8.304463666445924,False,True
2015-07-20,0,-145.88410296488362,1.3246202755210172,,-32.310205814464204,1.3440860215053767,,1116.0,-154.01645268282726,1.3485570439629597,,1112.3,1132.4,8.13234971794364,5.459172398459663,2.785995078975686,-147.20872324040465,False,True
2015-07-21,1,47.247044096161055,1.3661202185792352,,32.57921433678803,1.3596809282088473,,1103.2,-60.7188416738084,1.3552584026020964,,1106.8,1098.0,107.96588576996945,105.24450714878812,102.52312852760679,45.88092387758182,False,True
2015-07-22,2,-62.004393049508195,1.3635124079629126,,-53.20137296086005,1.3722440764797368,,1093.1,51.37154678924087,1.3795640577577488,,1087.3,1100.1,-113.37593983874906,-116.11901630446972,-118.86209277019039,-63.36790545747111,False,True
2015-07-23,3,13.709274184802625,1.3718675690506679,,55.558228433005674,1.3699881267695682,,1094.9,-105.91771773105803,1.362397820163488,,1101.0,1093.4,119.62699191586066,116.8927265266465,114.15846113743234,12.337406615751958,False,True
2015-07-24,4,-44.154243385026184,1.3767783386874715,,-67.53344506813357,1.3829983404019919,,1084.6,194.89493516317532,1.3924990716672858,,1077.2,1089.5,-239.0491785482015,-241.81845595855626,-244.58773336891102,-45.53102172371366,False,True
2015-07-27,0,45.40921434611089,1.3653741125068273,,-101.08915373385754,1.3591881116346505,,1103.6,5.489980922957415,1.3728720483250965,,1092.6,1098.6,39.91923342315348,37.18098726232155,34.44274110148963,44.043840233604065,False,True
2015-07-28,1,20.087661977502574,1.3709898546750756,,-27.404785581030445,1.3683634373289546,,1096.2,11.884629090045486,1.3721185510428102,,1093.2,1094.1,8.203032887457088,5.459924481739202,2.716816076021316,18.716672122827497,False,True
2015-07-29,2,17.34447465713122,1.3704888076747377,,-8.21280330873259,1.3682386208154704,,1096.3,1.825817058203203,1.3694878115584774,,1095.3,1094.5,15.518657598928016,12.778680979694801,10.038704360461585,15.973985849456481,False,True
2015-07-30,3,-107.31586597167028,1.3684882766170972,,3.688675807224304,1.3835085777531821,,1084.2,24.867615854439563,1.3832534120250832,,1084.4,1096.1,-132.18348182610984,-134.935223514752,-137.6869652033942,-108.68435424828738,False,True
2015-07-31,4,-60.868951191072796,1.3791835233541747,,0.0,1.388246182322999,,1080.5,131.41759690492458,1.3876040703052732,,1081.0,1087.6,-192.28654809599738,-195.05333568965685,-197.82012328331626,-62.24813471442697,False,True
2015-08-03,0,19.161463958510307,1.3699881267695682,,-64.02070522022522,1.3674901996535693,,1096.9,-34.93292759985625,1.3765256492612647,,1089.7,1094.9,54.09439155836655,51.347877782335715,48.60136400630489,17.79147583174074,False,True
2015-08-04,1,17.491373849648422,1.3821063300469918,,38.560459090895165,1.379817864041947,,1087.1,-38.56399967988263,1.374633431085044,,1091.2,1085.3,56.05537352953105,53.298633768399014,50.54189400726698,16.10926751960143,False,True
2015-08-05,2,-3.6795143456245394,1.3795640577577488,,6.438854106464164,1.3801987486198017,,1086.8,-31.313342955931844,1.3793103448275865,,1087.5,1087.3,27.633828610307305,24.87495420772197,22.116079805136636,-5.059078403382288,False,True
2015-08-06,3,11.98432962058528,1.3836361959228858,,-5.52893489941496,1.381851681252879,,1085.5,35.88355508851182,1.3826159093003965,,1084.9,1084.1,-23.89922546792654,-26.665477573149825,-29.431729678373106,10.600693424662394,False,True
2015-08-07,4,59.52125992444535,1.3776634827332848,,-44.836969473778424,1.3694878115584774,,1095.3,25.645736715899456,1.3756419662509172,,1090.4,1088.8,33.8755232085459,31.1222177595617,28.368912310577496,58.14359644171207,False,True
2015-08-10,0,36.526385236553594,1.3722440764797368,,-18.246515417317827,1.367240907847963,,1097.1,80.04408754799694,1.3698630136986303,,1095.0,1093.1,-43.517702311443344,-46.25980940162171,-49.001916491800074,35.154141160073856,False,True
2015-08-11,1,-51.77358401733382,1.3589418372893642,,95.16544382036719,1.36599581094618,,1098.1,-3.6088055245486315,1.3530579108785858,,1108.6,1103.8,-48.16477849278519,-50.876778240953136,-53.58877798912109,-53.13252585462318,False,True
2015-08-12,2,53.09826632021529,1.353546291283162,,23.310033864756083,1.346378242527601,,1114.1,65.16425647961515,1.343363782912413,,1116.6,1108.2,-12.06599015939986,-14.762900233595435,-17.45981030779101,51.74472002893213,False,True
2015-08-13,3,-35.612573250685266,1.3330963384287238,,-42.01123497380605,1.3379716350013382,,1121.1,-17.930791965712064,1.3436044428520244,,1116.4,1125.2,-17.6817812849732,-20.35848206625395,-23.0351828475347,-36.94566958911399,False,True
2015-08-14,4,10.760402759920982,1.3457742687959808,,22.38238993410839,1.3444474321054047,,1115.7,-36.73345527274235,1.3414416025755682,,1118.2,1114.6,47.493858032663326,44.80664216129178,42.11942628992023,9.414628491125,False,True
2015-08-17,0,49.272216145030235,1.3471037269869781,,-25.053699575920078,1.3404825737265418,,1119.0,5.374417900774276,1.3439655944807816,,1116.1,1113.5,43.89779824425596,41.2067289227882,38.515659601320436,47.925112418043256,False,True
2015-08-18,1,-0.8951349421918714,1.3426423200859294,,7.158836994775582,1.342762510070719,,1117.1,-8.054772888167575,1.3419216317767044,,1117.8,1117.2,7.159637945975703,4.475073994113069,1.7905100422504354,-2.2377772622778007,False,True
2015-08-19,2,34.847910885261605,1.3426423200859294,,-4.461298311781861,1.338090990187333,,1121.0,113.58716497921013,1.338688085676038,,1120.5,1117.2,-78.73925409394852,-81.42058449971049,-84.10191490547246,33.505268565175676,False,True
2015-08-20,3,44.02190592268115,1.3235683402453016,,-7.9096545847155335,1.3177545462531848,,1138.3,122.32568435634451,1.3186813186813189,,1137.5,1133.3,-78.30377843366335,-80.94602809258997,-83.5882777515166,42.69833758243585,False,True
2015-08-21,4,43.260147064073664,1.3006156247290386,,-44.13489921272903,1.2952249373974616,,1158.1,63.97531978189959,1.3009540329575022,,1153.0,1153.3,-20.71517271782593,-23.31674237551247,-25.918312033199012,41.95953143934462,False,True
2015-08-24,0,-50.11675572302757,1.292880537838304,,22.49914413976903,1.2994888677120335,,1154.3,-20.76484566843442,1.296456352636128,,1157.0,1160.2,-29.351910054593155,-31.941246945067586,-34.53058383554202,-51.40963626086588,False,True
2015-08-25,1,-52.921652165805405,1.2979146837414555,,-14.79869693363945,1.3048016701461382,,1149.6,-67.31088834588122,1.3068478829064298,,1147.8,1155.7,14.38923618007582,11.784473613427934,9.17971104678005,-54.21956684954686,False,True
2015-08-26,2,-34.27218961636333,1.3159049039389419,,-59.15870858041698,1.3205387798221675,,1135.9,-43.487976236203735,1.328374070138151,,1129.2,1139.9,9.215786619840408,6.571507645763315,3.9272286716862226,-35.58809452030227,False,True
2015-08-27,3,17.761994012558944,1.3333333333333335,,-7.9897025866798375,1.3310852781968232,,1126.9,-19.555561787582615,1.3320309031169528,,1126.1,1125.0,37.31755580014156,34.652191563691275,31.986827327240988,16.42866067922561,False,True
2015-08-28,4,50.56564333728018,1.3340448239060834,,-49.68072674009366,1.3274336283185841,,1130.0,73.54603174291084,1.3340448239060834,,1124.4,1124.4,-22.980388405630663,-25.64847805344283,-28.316567701254996,49.231598513374095,False,True
2015-08-31,0,4.413257496936196,1.3242694446896794,,-14.1305331292868,1.3238019592269,,1133.1,23.835809122292407,1.3257910553296801,,1131.4,1132.7,-19.42255162535621,-22.07261212537557,-24.722672625394928,3.0889880522465165,False,True
2015-09-01,1,72.06288325752331,1.322984653378021,,-10.514326737501538,1.3136001401173485,,1141.9,-7.894391006895377,1.3152126260412103,,1140.5,1133.8,79.95727426441869,77.31907698499946,74.68087970558022,70.7398986041453,False,True
2015-09-02,2,12.283935913348328,1.3169446883230906,,-13.163092594302718,1.315443304393581,,1140.3,-46.64885456298805,1.3171759747102214,,1138.8,1139.0,58.93279047633638,56.298669813303064,53.66454915026976,10.966991225025238,False,True
2015-09-03,3,-9.711738722978204,1.3236851394281683,,-44.26352836030875,1.3249712922886674,,1132.1,-22.2054538993156,1.330849081714134,,1127.1,1133.2,12.493715176337396,9.839180955195094,7.184646734052791,-11.035423862406372,True,True
2015-09-04,4,1.7784101060571835,1.3339261894175192,,-8.89600628012721,1.333807576027032,,1124.6,-24.95100207291299,1.3349946600213602,,1123.6,1124.5,26.729412178970172,24.060491329531295,21.391570480092412,0.44448391663966436,True,True
2015-09-07,0,-8.017460676227424,1.3357079252003563,,-13.379121649655904,1.3370175594972815,,1121.9,,,missing bar,,1123.0,,,,-9.35316860142778,False,False
2015-09-08,1,16.978691358179756,1.3415615776764156,,12.492194004318982,1.3392857142857144,,1120.0,-7.135849022806266,1.3374944271065539,,1121.5,1118.1,24.11454038098602,21.435484376203053,18.756428371420082,15.63712978050334,False,True
2015-09-09,2,4.459308881030614,1.338090990187333,,-23.210151465874223,1.3374944271065539,,1121.5,-110.5380834966622,1.3406023773348825,,1118.9,1121.0,114.9973923776928,112.31869901017058,109.64000564264838,3.1212178908432806,False,True
2015-09-10,3,-4.523044990946635,1.3566066745048386,,9.043227239554518,1.3570976205555054,,1105.3,28.880886500732544,1.3557483731019524,,1106.4,1105.7,-33.40393149167918,-36.11628653928597,-38.828641586892765,-5.879651665451473,False,True
2015-09-11,4,-10.814709056939586,1.351107908484958,,-37.94385255284731,1.3525698827772772,,1109.0,18.088093925102378,1.3578347062550922,,1104.7,1110.2,-28.902802982041962,-31.611745596782015,-34.32068821152206,-12.165816965424543,False,True
2015-09-14,0,0.0,1.3550135501355016,,-21.705715314064914,1.3551359653085193,,1106.9,30.7330984014203,1.3579576317218907,,1104.6,1107.0,-30.7330984014203,-33.44606958327769,-36.15904076513508,-1.3550135501355016,False,True
2015-09-15,1,4.5152843138560534,1.3548911570770483,,-21.693943245542712,1.3544018058690748,,1107.5,-7.241785416514071,1.3573432268572982,,1105.1,1107.1,11.757069730370125,9.044835346435779,6.332600962501432,3.160393156779005,False,True
2015-09-16,2,12.66853847833011,1.3582035494386093,,14.461318499997134,1.356729377713459,,1105.6,105.12698462383487,1.3548911570770483,,1107.1,1104.4,-92.45844614550477,-95.17154085202043,-97.88463555853608,11.3103349288915,False,True
2015-09-17,3,8.041817884134199,1.3408420488066508,,-34.00146439675414,1.3398838767306835,,1119.5,134.4333622030105,1.3444474321054047,,1115.7,1118.7,-126.39154431887629,-129.07683379978835,-131.7621232807004,6.700975835327548,False,True
2015-09-18,4,-21.261524664288963,1.3274336283185841,,69.81602305655701,1.3302589570769778,,1127.6,24.630554323975925,1.3211203100228994,,1135.4,1130.0,-45.892078988264885,-48.54063292660637,-51.18918686494785,-22.588958292607547,False,True
2015-09-21,0,0.8781558732300011,1.3172916483709496,,-75.80468208139446,1.3171759747102214,,1138.8,22.097503135994362,1.327316166710911,,1130.1,1138.7,-21.219347262764362,-23.863955077846224,-26.508562892928083,-0.4391357751409485,False,True
2015-09-22,1,-0.8829632251547456,1.324386367649656,,-43.36481860911212,1.3246202755210172,,1132.4,-31.09317123253243,1.3304949441192127,,1127.4,1132.6,30.210208007377684,27.555326695608816,24.900445383839948,-2.2073495928044014,False,True
2015-09-23,2,21.333341424203876,1.3347570742124935,,35.45160143034608,1.3317943709491258,,1126.3,-7.964954622597524,1.326963906581741,,1130.4,1123.8,29.2982960468014,26.636575066007165,23.974854085212932,19.998584349991383,False,True
2015-09-24,3,52.95687574710502,1.3274336283185841,,-7.0447343526375485,1.3204225352112677,,1136.0,158.18551386060105,1.3213530655391121,,1135.2,1130.0,-105.22863811349603,-107.87742480735373,-110.52621150121142,51.629442118786436,False,True
2015-09-25,4,-40.91765600918694,1.3032145960034756,,-22.711400398176366,1.3087863188203475,,1146.1,17.47488430714463,1.3117621337997378,,1143.5,1151.0,-58.392540316331576,-61.007517046134794,-63.622493775938004,-42.22087060519042,False,True
2015-09-28,0,-74.51272695742156,1.310043668122271,,-49.40024160597676,1.319957761351637,,1136.4,4.420671129858626,1.3264945171559959,,1130.8,1145.0,-78.93339808728018,-81.56993627255845,-84.20647445783672,-75.82277062554384,False,True
2015-09-29,1,-38.965688692790856,1.3257910553296801,,14.189431256238292,1.3312034078807242,,1126.8,-13.302001695375276,1.3293158454448777,,1128.4,1131.4,-25.66368699741558,-28.31879389819014,-30.9739007989647,-40.29147974812054,False,True
2015-09-30,2,-32.87868959086663,1.3307310149041875,,-3.560936563934859,1.3351134846461952,,1123.5,-76.86845143066769,1.3355889947466837,,1123.1,1127.2,43.98976183980106,41.32344183015019,38.65712182049932,-34.209420605770816,False,True
2015-10-01,3,-23.356101167199032,1.3458950201884254,,23.35610116720019,1.3490421800521633,,1111.9,-16.16379662268741,1.3458950201884254,,1114.5,1114.5,-7.192304544511622,-9.884094584888473,-12.575884625265324,-24.701996187387458,True,True
2015-10-02,4,-29.70700298772306,1.3483146067415732,,-22.564204708832918,1.3523260007212408,,1109.2,274.47811136205496,1.3552584026020964,,1106.8,1112.5,-304.185114349778,-306.88868735912166,-309.59226036846536,-31.055317594464636,True,True
2015-10-05,0,-24.656581706083745,1.3192612137203168,,-21.184578493887198,1.322634688299092,,1134.1,30.881923338815703,1.3255567338282082,,1131.6,1137.0,-55.53850504489945,-58.18332299244798,-60.8281409399965,-25.975842919804062,True,True
2015-10-06,1,28.161595660191743,1.3219353132986695,,3.5146296820780427,1.318217769575534,,1137.9,74.39533678043921,1.3177545462531848,,1138.3,1134.7,-46.233741120247466,-48.873430979799316,-51.513120839351174,26.839660346893073,True,True
2015-10-07,2,33.0895460400551,1.3083296990841695,,2.607901957667231,1.304121022430882,,1150.2,-47.919934870805875,1.3037809647979142,,1150.5,1146.5,81.00948091086097,78.3973702469789,75.7852595830968,31.78121634097093,True,True
2015-10-08,3,-22.733244030200392,1.310043668122271,,13.995803544232636,1.3130252100840338,,1142.4,-49.954093626042464,1.3113034356150013,,1143.9,1145.0,27.220849595842072,24.599502492104797,21.978155388367526,-24.043287698322665,False,True
2015-10-09,4,65.68311918536936,1.3179861172128988,,66.98881025511847,1.3093575418994416,,1145.6,19.05587410767689,1.3005028611062945,,1153.4,1138.1,46.62724507769248,44.00875609937329,41.390267121054094,64.36513306815647,False,True
2015-10-12,0,86.20743043906954,1.298701298701299,,29.142045137851238,1.2875536480686696,,1165.0,-42.025877712395406,1.2838069154399179,,1168.4,1155.0,128.23330815146494,125.65079993732371,123.06829172318251,84.90872914036824,False,True
2015-10-13,1,-54.32687013226937,1.2899896800825594,,-3.459309902179959,1.2970168612191961,,1156.5,105.82109330537008,1.2973533990659059,,1156.2,1162.8,-160.14796343763945,-162.73530651678792,-165.32264959593638,-55.61685981235193,False,True
2015-10-14,2,39.29949526177963,1.2840267077555214,,-43.587949870622026,1.2792085962817672,,1172.6,139.49362874538187,1.2847965738758034,,1167.5,1168.2,-100.19413348360223,-102.76295676523355,-105.33178004686488,38.01546855402411,False,True
2015-10-15,3,-5.913910534378944,1.2668918918918919,,12.669455641233693,1.2677484787018258,,1183.2,-14.359929823266828,1.2661433274246647,,1184.7,1184.0,8.446019288887884,5.912984069571327,3.3799488502547703,-7.180802426270836,False,True
2015-10-16,4,-44.071602819369396,1.2684989429175477,,6.793478522141869,1.2742099898063202,,1177.2,-5.095108805877681,1.2734527549027934,,1177.9,1182.5,-38.97649401349172,-41.518445711312054,-44.0603974091324,-45.34010176228694,False,True
2015-10-19,0,-32.340453719420815,1.2745347947998982,,-4.263483330410213,1.2787723785166243,,1173.0,-15.364919796170097,1.2794268167860798,,1172.4,1176.9,-16.975533923250715,-19.529495534836695,-22.08345714642267,-33.61498851422071,False,True
2015-10-20,1,17.070676729942505,1.281394156842645,,23.85212818373947,1.2793176972281453,,1172.5,3.4025178960447064,1.2761613067891782,,1175.4,1170.6,13.668158833897799,11.110603370265977,8.553047906634152,15.789282573099861,False,True
2015-10-21,2,-11.916923439580973,1.2760527435133988,,26.370650303930457,1.2776831345826236,,1174.0,-88.74535588623492,1.2743182397417383,,1177.1,1175.5,76.82843244665395,74.27806146339881,71.72769048014368,-13.192976183094371,False,True
2015-10-22,3,12.847417295362405,1.2855673637298597,,-13.705672866719198,1.2840267077555214,,1168.2,-6.859298905655382,1.285677552069941,,1166.7,1166.8,19.706716201017787,17.135471285217985,14.564226369418186,11.561849931632546,False,True
2015-10-23,4,60.712487142297704,1.2865597392572263,,51.024857706224324,1.2788814050643704,,1172.9,-128.0427224598774,1.2722646310432573,,1179.0,1165.9,188.7552096021751,186.19638523187461,183.63756086157414,59.425927403040475,False,True
2015-10-26,0,5.154196488986543,1.288881251074068,,23.16106546839678,1.288217107523188,,1164.4,-36.90832909578322,1.285126799177519,,1167.2,1163.8,42.062525584769766,39.48851753451818,36.91450948426659,3.8653152379124744,False,True
2015-10-27,1,10.312823189708379,1.2897678417884784,,6.010389568305658,1.2883277505797477,,1164.3,16.294330606607236,1.2874431379280753,,1165.1,1163.0,-5.981507416898857,-8.558718396615411,-11.135929376331966,9.0230553479199,False,True
2015-10-28,2,35.080249879193765,1.285677552069941,,11.097359114037001,1.2811752647762216,,1170.8,-140.90790747738794,1.2797542871768621,,1172.1,1166.7,175.9881573565817,173.4227255173349,170.8572936780881,33.794572327123824,False,True
2015-10-29,3,38.84841075231943,1.2974656171611454,,-30.199772725969247,1.2923235978288963,,1160.7,-102.48482960481809,1.2961202799619809,,1157.3,1156.1,141.33324035713753,138.7396544600144,136.1460685628913,37.55094513515829,False,True
2015-10-30,4,4.359768129395733,1.30821559392988,,5.229213994007182,1.3076453665765848,,1147.1,-52.41560004341219,1.306961749586129,,1147.7,1146.6,56.77536817280792,54.16019082929191,51.545013485775904,3.051552535465853,False,True
2015-11-02,0,-5.258545257020328,1.3142907211075092,,-25.455357173052292,1.3149820285789429,,1140.7,-37.86715810151967,1.3184495033840204,,1137.7,1141.3,32.60861284449934,29.975872620007813,27.34313239551628,-6.572835978127838,False,True
2015-11-03,1,31.726474131550034,1.3240356606937949,,-42.324373207019626,1.3198416190057194,,1136.5,-128.95371900874164,1.3254396041353715,,1131.7,1132.9,160.6801931402917,158.03071787546253,155.38124261063336,30.40243847085624,False,True
2015-11-04,2,11.627388278364098,1.3424020046536602,,-22.372374985516426,1.3408420488066508,,1118.7,-83.659913120496,1.3437248051599033,,1116.3,1117.4,95.2873013988601,92.60117458904652,89.91504777923296,10.284986273710437,False,True
2015-11-05,3,3.6133695063430618,1.3552584026020964,,-4.517324014117989,1.3548911570770483,,1107.1,-32.58511210506846,1.3555033435749144,,1106.6,1106.8,36.19848161141152,33.48771986523451,30.776958119057504,2.2581111037409656,False,True
2015-11-06,4,42.51284047535164,1.3596809282088473,,0.9026492762374024,1.3540350243726307,,1107.8,-172.08054246988172,1.3540350243726307,,1107.8,1103.2,214.59338294523337,211.8796669926519,209.1659510400704,41.15315954714279,False,True
2015-11-09,0,30.254435179094017,1.3772839959599672,,4.576449670281778,1.3732491073880804,,1092.3,-11.904218245680182,1.3727464079802325,,1092.7,1089.1,42.1586534247742,39.408623020834,36.6585926168938,28.87715118313405,False,True
2015-11-10,1,10.079260485872089,1.3751375137513753,,-2.7478818583730824,1.3737521751076107,,1091.9,-26.601859470489746,1.374129717845365,,1091.6,1090.8,36.68111995636183,33.93185272476509,31.182585493168354,8.704122972120715,False,True
2015-11-11,2,20.190902600950665,1.3780431786862657,,-18.353680475628963,1.3752635921885028,,1090.7,-26.675267622930757,1.3779165901157455,,1088.6,1088.5,46.866170223881426,44.11021045507941,41.3542506862774,18.8128594222644,False,True
2015-11-12,3,14.730254919049857,1.3819789939192926,,-32.25066144795677,1.379944802207912,,1087.0,9.225092905153705,1.3844023996308261,,1083.5,1085.4,5.505162013896152,2.7387806203460334,-0.02760077320408527,13.348275925130565,False,True
2015-11-13,4,-7.386206595611555,1.3844023996308261,,-2.7712346027422585,1.3854253255749516,,1082.7,9.235316504210319,1.3859373556315258,,1082.3,1083.5,-16.621523099821875,-19.391862855084227,-22.16220261034658,-8.770608995242382,False,True
2015-11-16,0,63.22465739486888,1.3788031988234213,,-22.863423924583252,1.3702384214853385,,1094.7,-97.52584429353804,1.3733748397729355,,1092.2,1087.9,160.75050168840693,157.99832364981057,155.24614561121422,61.84585419604546,False,True
2015-11-17,1,-39.80565311506207,1.3858093126385809,,6.491399124410467,1.391465677179963,,1078.0,-86.59675140515634,1.3906916373076212,,1078.6,1082.4,46.79109829009427,44.01459734014807,41.23809639020186,-41.19146242770065,False,True
2015-11-18,2,-4.673115651190477,1.4016071762287425,,-14.033776920836495,1.4023934181002247,,1069.6,13.098804268105344,1.4043628873700966,,1068.1,1070.2,-17.77191991929582,-20.57788998289466,-23.383860046493496,-6.074722827419219,False,True
2015-11-19,3,50.373240844968464,1.402786869914898,,-24.224366639737134,1.3958682300390846,,1074.6,86.37958320744069,1.3992537313432836,,1072.0,1069.3,-36.006342362472225,-38.80838296373041,-41.61042356498859,48.970453975053566,False,True
2015-11-20,4,3.7040467133363753,1.3892747985551543,,31.432031055330903,1.388888888888889,,1080.0,-62.95734154742383,1.3844023996308261,,1083.5,1079.7,66.6613882607602,63.887711062574226,61.11403386438825,2.314771914781221,False,True
2015-11-23,0,-58.70037819795378,1.3935340022296543,,3.7376191801215084,1.401869158878505,,1070.0,-20.574214682940642,1.4013452914798206,,1070.4,1076.4,-38.12616351501314,-40.92104280872262,-43.71592210243209,-60.09391220018344,False,True
2015-11-24,1,26.170685093101408,1.403837154890033,,36.34165114219448,1.400298730395818,,1071.2,-2.7905678986721463,1.3950892857142858,,1075.2,1068.5,28.961252991773556,26.162326551169237,23.363400110564918,24.766847938211374,False,True
2015-11-25,2,38.993643317830696,1.3953488372093026,,-47.37364300877915,1.3900472616068948,,1079.1,-34.50691230037181,1.396518015082395,,1074.1,1075.0,73.5005556182025,70.70868876591081,67.9168219136191,37.59829448062139,False,True
2015-11-26,3,1.8677624260512087,1.4009526478005045,,-0.9337504091931296,1.400560224089636,,1071.0,,,missing bar,,1070.7,,,,0.46680977825070413,False,False
2015-11-27,4,-24.31043740527469,1.4008218154650733,,-30.00752439238324,1.404494382022472,,1068.0,,,missing bar,,1070.8,,,,-25.711259220739763,False,False
2015-11-30,0,,,roll,0.0,1.4204545454545456,,1056.0,75.47205635382903,1.4204545454545456,,1056.0,,,,,,False,False
2015-12-01,1,54.3326863530708,1.4089798985534476,,-17.76780754523985,1.4014762216201069,,1070.3,-0.9360228396423158,1.4039685511044553,,1068.4,1064.6,55.26870919271311,52.45576074305521,49.642812293397306,52.92370645451735,False,True
2015-12-02,2,-4.683182776550214,1.4046259013016202,,-15.939246729340592,1.405283867341203,,1067.4,-123.67398605402693,1.4073935072246202,,1065.8,1067.9,118.99080327747672,116.17878386895048,113.36676446042424,-6.087808677851834,False,True
2015-12-03,3,-14.248399465885637,1.423825344091125,,24.684337987140427,1.425855513307985,,1052.0,61.44557783175124,1.4223402237815288,,1054.6,1053.5,-75.69397729763688,-78.54014286550954,-81.38630843338218,-15.672224809976761,False,True
2015-12-04,4,-30.17731448938015,1.4124293785310738,,16.987546554029773,1.4168319637291018,,1058.7,235.76547466613604,1.4144271570014146,,1060.5,1062.0,-265.9427891555162,-268.7696456910487,-271.5965022265812,-31.589743867911224,False,True
2015-12-07,0,-12.905606511005104,1.381851681252879,,-23.091498737997433,1.3838915029061725,,1083.9,-99.43857783680195,1.3870908082115778,,1081.4,1085.5,86.53297132579685,83.76402883633239,80.99508634686794,-14.287458192257983,False,True
2015-12-08,1,27.073722367395828,1.4022623165373471,,-36.429912785012036,1.398601398601399,,1072.5,51.337210803304416,1.4037057832678275,,1068.6,1069.7,-24.263488435908588,-27.069456535713762,-29.87542463551894,25.67146005085848,False,True
2015-12-09,2,10.23398703081105,1.3962580284836639,,25.07780072461795,1.3949595461731614,,1075.3,-55.81409838195152,1.391465677179963,,1078.0,1074.3,66.04808541276256,63.26036170709894,60.47263800143531,8.837729002327386,False,True
2015-12-10,3,9.326618844322828,1.3996454231594664,,-2.7970724157928952,1.398340635778876,,1072.7,-13.995803544232434,1.398601398601399,,1072.5,1071.7,23.32242238855526,20.524175566794394,17.725928745033528,7.926973421163362,False,True
2015-12-11,4,-13.075559909081576,1.4000373343289154,,-63.754200569162485,1.401869158878505,,1070.0,98.27399041054174,1.4108352144469527,,1063.2,1071.4,-111.34955031962332,-114.16042286839918,-116.97129541717506,-14.475597243410492,False,True
2015-12-14,0,-23.32634600960995,1.397949673811743,,-31.81140407218328,1.401214385801028,,1070.5,-70.53210224604616,1.4056789429294352,,1067.1,1073.0,47.205756236436216,44.40212761969504,41.59849900295386,-24.724295683421694,False,True
2015-12-15,1,25.444107399101423,1.41536138894131,,16.928434400993996,1.411897590361446,,1062.4,-35.77147747398423,1.4095094906972376,,1064.2,1059.8,61.215584873085646,58.3907139934471,55.565843113808555,24.028746010160113,False,True
2015-12-16,2,32.01509325866787,1.4146939545411679,,8.457454810376486,1.4101720409890008,,1063.7,66.48275810097591,1.4092446448703497,,1064.4,1060.3,-34.46766484230805,-37.291603441719566,-40.11554204113108,30.6003993041267,False,True
2015-12-17,3,-54.24122528938415,1.398992725237829,,-3.7516413870917242,1.4066016504126033,,1066.4,-151.21732244481723,1.4069974674045589,,1066.1,1072.2,96.97609715543308,94.17010696279068,91.3641167701483,-55.64021801462198,False,True
2015-12-18,4,29.438319536147507,1.4265335235378034,,16.109930041858636,1.422610015174507,,1054.4,90.49835519917856,1.4204545454545456,,1056.0,1051.5,-61.06003566303106,-63.90702373202341,-66.75401180101576,28.011786012609704,False,True
2015-12-21,0,37.48130324986857,1.4081862561021408,,-16.850780995348938,1.4030492937985224,,1069.1,97.907444414268,1.4055472263868067,,1067.2,1065.2,-60.42614116439943,-63.23987464688838,-66.05360812937732,36.073116993766426,False,True
2015-12-22,1,6.491399124410467,1.391465677179963,,-15.772142249948566,1.3905627143784185,,1078.7,-49.327662959745766,1.392628353913286,,1077.1,1078.0,55.81906208415623,53.034968053062975,50.25087402196973,5.099933447230504,False,True
2015-12-23,2,15.845648093425204,1.3992537313432836,,-13.04874823979811,1.397168405365127,,1073.6,-23.34377081352229,1.398992725237829,,1072.2,1072.0,39.189418906947495,36.391172450366376,33.59292599378527,14.446394362081922,False,True
2015-12-24,3,32.66909145348321,1.4023934181002247,,-5.593362688941286,1.397949673811743,,1073.0,,,missing bar,,1069.6,,,,31.266698035382987,False,False
2015-12-25,4,,,missing bar,,,missing bar,,,,missing bar,,,,,,,False,False
2015-12-28,0,-21.414281261845208,1.3950892857142858,,-13.058485206086793,1.3982102908277407,,1072.8,-28.037401544293967,1.3999066728884744,,1071.5,1075.2,6.62312028244876,3.8281243238459997,1.0331283652432397,-22.809370547559492,False,True
2015-12-29,1,42.966626908588985,1.404099971918001,,-26.136484588226676,1.398340635778876,,1072.7,-14.028526967495637,1.401869158878505,,1070.0,1068.3,56.99515387608462,54.18918474528812,51.38321561449161,41.562526936670984,False,True
2015-12-30,2,6.5509337423013125,1.4042314173375774,,-17.78943402526136,1.4031805425631434,,1069.0,-63.92200746488784,1.4055472263868067,,1067.2,1068.2,70.47294120718915,67.66316256346477,64.85338391974038,5.146702324963735,False,True
2015-12-31,3,15.074432852691851,1.4142937959645487,,-37.732334173779414,1.4122963939365412,,1062.1,22.65648094621225,1.4176353841791893,,1058.1,1060.6,-7.582048093520397,-10.413977273664134,-13.245906453807873,13.660139056727303,False,True
2016-01-01,4,,,missing bar,,,missing bar,,,,missing bar,,,,,,,True,False
2016-01-04,0,84.4282688642663,1.4130946773433821,,12.136490310124548,1.401214385801028,,1070.5,19.57403803421014,1.39951483485725,,1071.8,1061.5,64.85423083005617,62.04162131785554,59.229011805654906,83.01517418692292,False,True
2016-01-05,1,25.119797364836902,1.3972985561248257,,25.05685501975293,1.3937929752834048,,1076.2,-17.626054009058773,1.3903049402168877,,1078.9,1073.5,42.745851373895675,39.958247877553966,37.17064438121225,23.722498808712075,False,True
2016-01-06,2,41.703410610280386,1.3930163447251116,,62.69613013595395,1.3873473917869035,,1081.2,47.67589483472705,1.3785497656465402,,1088.1,1076.8,-5.972484224446667,-8.744050334818319,-11.51561644518997,40.310394265555274,False,True
2016-01-07,3,28.304059069244406,1.3714912681722595,,30.04509020298722,1.3677395823835143,,1096.7,78.77977991843989,1.363636363636364,,1100.0,1093.7,-50.47572084919548,-53.210848481004106,-55.94597611281273,26.932567801072146,False,True
2016-01-08,4,-71.50322359281171,1.3528138528138531,,-13.635745942611496,1.3626453488372094,,1100.8,42.65947018531197,1.3643805712206658,,1099.4,1108.8,-114.16269377812367,-116.87988820215818,-119.5970826261927,-72.85603744562556,False,True
2016-01-11,0,20.819197381834027,1.3591881116346505,,-23.540074247404057,1.356483993488877,,1105.8,-84.67296912322315,1.359927470534905,,1103.0,1103.6,105.49216650505718,102.77305092288763,100.05393534071807,19.460009270199375,False,True
2016-01-12,1,5.482957278912275,1.3711151736745888,,-69.67391588608264,1.370363603142701,,1094.6,-9.203866273286726,1.379944802207912,,1087.0,1094.0,14.686823552199002,11.9357635763165,9.184703600434,4.111842105237686,False,True
2016-01-13,2,-43.34000974589763,1.3801987486198017,,3.69617450151546,1.3863216266173755,,1082.0,100.19847583860769,1.3858093126385809,,1082.4,1086.8,-143.53848558450534,-146.3044936457637,-149.07050170702212,-44.720208494517436,False,True
2016-01-14,3,-48.58160707723838,1.371616678858815,,-27.60399250046698,1.3782964256179366,,1088.3,-65.62855741277917,1.3819789939192926,,1085.4,1093.6,17.046950335540792,14.293354662762685,11.539758989984577,-49.953223756097195,False,True
2016-01-15,4,45.301237736997045,1.389918458117124,,-1.8451886757773874,1.3837638376383765,,1084.0,43.268191783951494,1.3838915029061725,,1083.9,1079.2,2.0330459530455514,-0.7407640079777451,-3.5145739690010416,43.91131927887992,False,True
2016-01-18,0,8.25877541780777,1.3770311209033328,,0.9173049586772776,1.3760205485735255,,1090.1,,,missing bar,,1089.3,,,,6.881744296904438,False,False
2016-01-19,1,9.178522902289597,1.3774104683195594,,-49.66897628336912,1.3762730525736306,,1089.9,25.785077367747057,1.3831258644536655,,1084.5,1089.0,-16.60655446545746,-19.367090798230684,-22.127627131003912,7.8011124339700375,False,True
2016-01-20,2,61.43144978222772,1.3795640577577488,,71.05149220274113,1.371240515586434,,1093.9,-6.35583623339327,1.361532177543796,,1101.7,1087.3,67.78728601562099,65.04618978031945,62.305093545017904,60.051885724469976,False,True
2016-01-21,3,21.77661689902893,1.3625215732582434,,-29.960529016215997,1.3598041881968999,,1103.1,14.537527546668578,1.363884342607747,,1099.8,1100.9,7.239089352360352,4.5126834364943615,1.7862775206283716,20.41409532577069,False,True
2016-01-22,4,-41.844871392148164,1.3616557734204797,,10.02232328437132,1.367365542388332,,1097.0,0.9106224110479885,1.36599581094618,,1098.1,1101.6,-42.75549380319615,-45.483145387562814,-48.21079697192947,-43.206527165568644,False,True
2016-01-25,0,59.940239402106464,1.3663691018400441,,1.810774110875857,1.3582035494386093,,1104.4,31.63558475192494,1.3579576317218907,,1104.6,1097.8,28.304654650181522,25.580327916619588,22.856001183057653,58.57387030026642,False,True
2016-01-26,1,74.61714846963145,1.353546291283162,,-36.78948920402708,1.343484102104792,,1116.5,67.19552228838053,1.3484358144552322,,1112.4,1108.2,7.4216261812509146,4.71964407551252,2.0176619697741263,73.26360217834828,False,True
2016-01-27,2,-15.191459961029889,1.339405304045004,,8.046131586028451,1.3415615776764156,,1118.1,52.587134868550734,1.3404825737265418,,1119.0,1119.9,-67.77859482958063,-70.45848270735218,-73.13837058512372,-16.530865265074894,False,True
2016-01-28,3,-66.86602722898584,1.332859427759019,,14.301039262538593,1.341681574239714,,1118.0,-42.96846643231627,1.3398838767306835,,1119.5,1125.4,-23.897560796669573,-26.570304101159277,-29.24304740564898,-68.19888665674486,False,True
2016-01-29,4,-8.079357681737108,1.346015793251974,,16.15219303068787,1.3471037269869781,,1113.5,21.48997961710742,1.3445679455001796,,1115.6,1114.4,-29.569337298844527,-32.25992103759668,-34.950504776348836,-9.425373474989081,False,True
2016-02-01,0,43.73249863448639,1.341681574239714,,8.901549457284247,1.335826876836762,,1122.9,41.73147010818069,1.3346383130171724,,1123.9,1118.0,2.001028526305703,-0.6752913609511835,-3.3516112482080693,42.390817060246675,False,True
2016-02-02,1,-21.28981554610603,1.3291980505095262,,-5.3300170045705215,1.3321492007104798,,1126.0,38.13920983026246,1.3329778725673156,,1125.3,1128.5,-59.429025376368486,-62.09120129944532,-64.75337722252218,-22.619013596615556,False,True
2016-02-03,2,-39.92375439956088,1.3281388347795289,,47.89366139342575,1.333570412517781,,1124.8,111.73300598125255,1.3270813058480053,,1130.3,1129.4,-151.6567603808134,-154.31198052144094,-156.96720066206848,-41.25189323434041,False,True
2016-02-04,3,-0.8753118303978771,1.3129102844638951,,51.51724993635025,1.3131401558259654,,1142.3,67.70271498786232,1.3063926145270859,,1148.2,1142.5,-68.5780268182602,-71.19732971725118,-73.81663261624216,-2.188222114861772,False,True
2016-02-05,4,-7.790521926157062,1.2979146837414555,,36.303955509717476,1.298926220990648,,1154.8,129.44332296414328,1.2942191544434858,,1159.0,1155.7,-137.23384489030033,-139.82597872848527,-142.4181125666702,-9.088436609898517,False,True
2016-02-08,0,-70.09174776592393,1.2776831345826236,,143.09076440301342,1.2867804752509222,,1165.7,59.01711759215742,1.2683916793505836,,1182.6,1174.0,-129.10886535808135,-131.65494017201453,-134.20101498594775,-71.36943090050654,True,True
2016-02-09,1,-23.567050719189215,1.261034047919294,,83.07856284837862,1.2640094379371367,,1186.7,-62.023499477194214,1.2533422459893049,,1196.8,1189.5,38.456448758004996,35.9420724640964,33.4276961701878,-24.82808476710851,True,True
2016-02-10,2,-13.457820182387135,1.2608220559804995,,-37.1026650439366,1.2625199898998405,,1188.1,115.07413531403776,1.267212976260877,,1183.7,1189.7,-128.5319554964249,-131.05999052866628,-133.58802556090765,-14.718642238367634,True,True
2016-02-11,3,83.98868547613458,1.2526096033402923,,232.47343068961985,1.2422360248447208,,1207.5,91.03055569891642,1.2138868657441129,,1235.7,1197.5,-7.041870222781839,-9.508366691866245,-11.97486316095065,82.73607587279429,True,True
2016-02-12,4,-36.148972971079736,1.202790473899447,,-30.630364106295517,1.2072434607645877,,1242.5,-1.6147263074003422,1.2109469605231291,,1238.7,1247.1,-34.5342466636794,-36.947984098101976,-39.36172153252455,-37.351763444979184,True,True
2016-02-15,0,-195.21181829233103,1.2132977432661978,,-23.121397583797247,1.2372154404486968,,1212.4,,,missing bar,,1236.3,,,,-196.42511603559723,False,False
2016-02-16,1,-109.7450322865596,1.2402844385645775,,147.72052848339104,1.2540757461750693,,1196.1,-106.84658735117034,1.235788433020267,,1213.8,1209.4,-2.8984449353892643,-5.374517806974109,-7.850590678558953,-110.98531672512418,False,True
2016-02-17,2,79.55623297837181,1.2480239620600715,,-36.3877344931541,1.238236750866766,,1211.4,17.3848299094028,1.2428535918468806,,1206.9,1201.9,62.17140306896901,59.68052551506206,57.18964796115511,78.30820901631174,False,True
2016-02-18,3,-16.549445233541828,1.2401818933443574,,-14.088594714225671,1.2422360248447208,,1207.5,209.27274743520633,1.2439873942610715,,1205.8,1209.5,-225.82219266874816,-228.30636195635358,-230.790531243959,-17.789627126886185,False,True
2016-02-19,4,-55.383754534120015,1.2183235867446394,,59.44400876181029,1.2250898399215944,,1224.4,-41.492147555553544,1.2178290168060406,,1231.7,1231.2,-13.891606978566472,-16.32775958211715,-18.76391218566783,-56.602078120864654,False,True
2016-02-22,0,-130.44198244044924,1.222593528404923,,-27.28965927637056,1.238748038648939,,1210.9,9.931309266165906,1.2420303055394553,,1207.7,1226.9,-140.37329170661513,-142.83791554055952,-145.30253937450388,-131.66457596885417,False,True
2016-02-23,1,73.35096966527287,1.2407974191413682,,11.488594731542284,1.231628212496921,,1217.9,55.61931563774945,1.2303149606299215,,1219.2,1208.9,17.73165402752342,15.260541647752127,12.78942926798084,72.1101722461315,False,True
2016-02-24,2,-14.692680791872476,1.2234910277324635,,97.55381812310705,1.2253900825095991,,1224.1,-54.35016420868225,1.2134940538791361,,1236.1,1226.0,39.657483416809775,37.22049833519817,34.78351325358658,-15.91617181960494,False,True
2016-02-25,3,97.98045914055515,1.220603792009114,,-37.132751740045556,1.2086052695189755,,1241.1,-22.670238840519737,1.213101496158512,,1236.5,1228.9,120.6506979810749,118.21699269290727,115.78328740473965,96.75985534854604,False,True
2016-02-26,4,36.4446647564263,1.2170385395537526,,0.808374762978811,1.2126111560226356,,1237.0,-115.45782375808515,1.2126111560226356,,1237.0,1232.5,151.90248851451145,149.47283881893506,147.04318912335867,35.227626216872544,False,True
2016-02-29,0,62.757449545694406,1.2263919548687763,,5.686664924358343,1.218917601170161,,1230.6,63.94970593718575,1.2181257105733312,,1231.4,1223.1,-1.192256391491341,-3.636774056933449,-6.081291722375556,61.53105759082563,False,True
2016-03-01,1,11.293966995906352,1.210751473080959,,51.4718845897254,1.2094823415578133,,1240.2,-111.32738406138783,1.2033694344163661,,1246.5,1238.9,122.62135105729419,120.20723014979687,117.79310924229954,10.083215522825393,False,True
2016-03-02,2,-31.698323774100903,1.2172360626470828,,26.830375052965422,1.2212000325653345,,1228.3,72.00387081510539,1.217927898668399,,1231.6,1232.3,-103.70219458920629,-106.13735855052177,-108.57252251183725,-32.91555983674799,False,True
2016-03-03,3,10.471626878189317,1.2088974854932304,,26.532678882036667,1.2076322357298126,,1242.1,156.16602926393514,1.2045290291496027,,1245.3,1240.8,-145.69440238574583,-148.10782890038865,-150.5212554150315,9.262729392696087,False,True
2016-03-04,4,-15.827796909875733,1.1861458168590862,,31.63308292215024,1.1881188118811883,,1262.5,-50.66107566082516,1.1843663639952626,,1266.5,1264.6,34.83327875094943,32.462766570095084,30.092254389240736,-17.013942726734818,False,True
2016-03-07,0,36.42702792649173,1.1900039666798892,,57.53710454365372,1.185677021579322,,1265.1,-35.426134275065984,1.1787819253438114,,1272.5,1260.5,71.85316220155772,69.48437630953401,67.11559041751032,35.23702395981184,False,True
2016-03-08,1,52.70415346291235,1.1830586008360282,,7.843137656959595,1.176932130247156,,1274.5,-106.40494480707589,1.1760094080752648,,1275.5,1267.9,159.10909826998824,156.75003026107694,154.39096225216565,51.521094862076325,False,True
2016-03-09,2,-23.002191383385195,1.1884012042465537,,-20.666091132310072,1.191043353978085,,1259.4,-23.896777342996522,1.1934123637520886,,1256.9,1262.2,0.8945859596113266,-1.4872276083873157,-3.8690411763859576,-24.19059258763175,False,True
2016-03-10,3,-55.99118771050164,1.196458482890644,,-50.66559553466261,1.2032729022942406,,1246.6,260.2096284130558,1.2092873266688167,,1240.4,1253.7,-316.20081612355744,-318.6065619331169,-321.01230774267634,-57.18764619339228,False,True
2016-03-11,4,-1.572450667601274,1.179245283018868,,-40.97397584971272,1.1795234725171033,,1271.7,-122.34026118375607,1.1843663639952626,,1266.5,1272.0,120.7678105161548,118.40419886914066,116.04058722212653,-2.751695950620142,False,True
2016-03-14,0,24.75149972170296,1.1991366216324248,,5.5805797278800835,1.196172248803828,,1254.0,-150.95838298886957,1.1954096270321966,,1254.8,1250.9,175.70988271057254,173.31533646190792,170.9207902132433,23.552363100070536,False,True
2016-03-15,1,-55.93626517748638,1.2126111560226356,,40.56471569229362,1.219413055849118,,1230.1,-18.63933438062642,1.2144765606023806,,1235.1,1237.0,-37.29693079685997,-39.72401851348498,-42.15110623011,-57.14887633350902,False,True
2016-03-16,2,16.206145674839735,1.2164463547157573,,-16.206145674839362,1.2144765606023806,,1235.1,240.3769290344487,1.2164463547157573,,1233.1,1233.1,-224.17078335960895,-226.6036760690405,-229.03656877847197,14.989699320123979,False,True
2016-03-17,3,-19.82947308493638,1.1885895404120446,,85.38951314232119,1.191043353978085,,1259.4,-91.7437627604138,1.1809163911195089,,1270.2,1262.0,71.91428967547742,69.54478374394587,67.17527781241431,-21.018062625348428,False,True
2016-03-18,4,56.29350842152421,1.192653255943389,,-104.91274100535247,1.1859582542694498,,1264.8,35.093352334169666,1.1984659635666348,,1251.6,1257.7,21.200156087354543,18.809036867844522,16.417917648334495,55.10085516558082,False,True
2016-03-21,0,-92.04114759127526,1.1950286806883366,,26.500718179417934,1.2061756191701514,,1243.6,-23.282897595911844,1.202886928628709,,1247.0,1255.2,-68.75824999536341,-71.15616560468047,-73.5540812139975,-93.2361762719636,False,True
2016-03-22,1,40.10271656198095,1.2054970666238047,,8.800352582042171,1.2005762766127743,,1249.4,-13.603811164514292,1.1995201919232308,,1250.5,1244.3,53.70652772649524,51.301510467948205,48.89649320940117,38.89721949535714,False,True
2016-03-23,2,-108.71860657750354,1.2014417300760916,,-25.944558091346806,1.2145748987854252,,1235.0,-95.43691671654408,1.217730150998539,,1231.8,1248.5,-13.28168986095946,-15.70086174203409,-18.12003362310872,-109.92004830757963,False,True
2016-03-24,3,-45.15792394190904,1.2288031457360533,,32.85963689464502,1.2342631449024934,,1215.3,-21.346477728156035,1.230214057245961,,1219.3,1220.7,-23.811446213753005,-26.27046341673502,-28.729480619717034,-46.38672708764509,False,True
2016-03-25,4,,,missing bar,,,missing bar,,,,missing bar,,,,,,,False,False
2016-03-28,0,-11.519790626374695,1.2335526315789478,,23.845754011961212,1.2348728081007658,,1214.7,33.61347702704706,1.2318305001231833,,1217.7,1216.0,-45.133267653421754,-47.59865078512388,-50.06403391682602,-12.753343257953642,False,True
2016-03-29,1,-22.128435862412648,1.22799836266885,,5.741705444210231,1.230718739744011,,1218.8,187.66544497067977,1.2301131704116781,,1219.4,1221.5,-209.79388083309243,-212.25199236617294,-214.71010389925348,-23.356434225081497,False,True
2016-03-30,2,-24.195511440896986,1.2083131947800871,,-21.011806663768645,1.2109469605231291,,1238.7,-86.9676713131745,1.2138868657441129,,1235.7,1241.4,62.77215987227752,60.349959811753315,57.92775975122912,-25.403824635677072,False,True
2016-03-31,3,,,roll,67.30755653895132,1.2205044751830758,,1229.0,-21.847320256804053,1.2124151309408342,,1237.2,,,,,,False,False
2016-04-01,4,10.528448026610887,1.2154606595899848,,-37.304398139121155,1.2141816415735796,,1235.4,-57.85779901542658,1.2188185585439182,,1230.7,1234.1,68.38624704203747,65.95196782390357,63.51768860576966,9.312987367020902,False,True
2016-04-04,0,-43.43023174210597,1.2264922322158627,,25.425480172306774,1.2318305001231833,,1217.7,-31.175675426653875,1.2287024901703802,,1220.8,1223.0,-12.254556315452092,-14.709751037838336,-17.164945760224576,-44.65672397432183,True,True
2016-04-05,1,81.82682101990801,1.2324377618930247,,50.39841589440233,1.2223942628962596,,1227.1,-3.243856974352342,1.2162490878131844,,1233.3,1217.1,85.07067799426035,82.62199114455414,80.17330429484794,80.59438325801499,False,True
2016-04-06,2,-29.249289621078603,1.2169398020444593,,-63.6736845157557,1.220603792009114,,1228.9,23.720922332952227,1.2284006223896489,,1221.1,1232.6,-52.97021195403083,-55.41555237846494,-57.860892802899045,-30.46622942312306,False,True
2016-04-07,3,50.52573701996488,1.2254901960784317,,62.40143430521796,1.219413055849118,,1230.1,33.8737318816298,1.211827435773146,,1237.8,1224.0,16.652005138335078,14.2146875064835,11.777369874631923,49.30024682388645,False,True
2016-04-08,4,-38.728465383045254,1.2079239813174427,,-8.895718511497975,1.212513135558969,,1237.1,33.116624910904804,1.2135922330097089,,1236.0,1241.8,-71.84509029395005,-74.2666065082772,-76.68812272260435,-39.9363893643627,False,True
2016-04-11,0,78.60792863934641,1.2079239813174427,,-19.996007462512416,1.1985617259288854,,1251.5,86.09747062250872,1.2009607686148922,,1249.0,1241.8,-7.489541983162312,-9.898426733094647,-12.307311483026982,77.40000465802896,False,True
2016-04-12,1,-4.76379524689739,1.1906651849499923,,32.51003933777657,1.1913271384322137,,1259.1,-44.43746401530329,1.1876484560570073,,1263.0,1259.8,39.6736687684059,37.295355127398906,34.9170414863919,-5.954460431847382,False,True
2016-04-13,2,-56.634778268951436,1.193127585109768,,-52.93139313113301,1.1998080307150858,,1250.2,4.019777358464893,1.2061756191701514,,1243.6,1257.2,-60.65455562741633,-63.05385883169625,-65.45316203597616,-57.82790585406121,False,True
2016-04-14,3,-55.6296028882476,1.2059816690786302,,39.53371561499,1.2126111560226356,,1237.0,-101.97563280691614,1.207826717126983,,1241.9,1243.8,46.34602991866854,43.932221532462925,41.518413146257316,-56.83558455732623,False,True
2016-04-15,4,26.014159862048437,1.2210012210012213,,-0.8119189709337064,1.2178290168060406,,1231.7,34.043965765338754,1.217927898668399,,1231.6,1228.5,-8.029805903290317,-10.468735022959939,-12.907664142629557,24.793158641047217,False,True
2016-04-18,0,-27.53930138374209,1.2132977432661978,,52.586990649224994,1.2167423750811164,,1232.8,-42.857786054954175,1.2103606874848707,,1239.3,1236.3,15.318484671212087,12.894826240461018,10.47116780970995,-28.75259912700829,False,True
2016-04-19,1,95.98008915556935,1.215657670799903,,-5.620909932390602,1.2041422493377218,,1245.7,54.46985591793106,1.2048192771084338,,1245.0,1233.9,41.51023323763828,39.08975628972994,36.66927934182161,94.76443148476945,False,True
2016-04-20,2,-7.994883700552587,1.1987532965715657,,-2.399904015358647,1.1998080307150858,,1250.2,-32.85654276131075,1.2000960076806146,,1249.9,1251.3,24.86165906075816,22.46280975650598,20.063960452253802,-9.193636997124154,False,True
2016-04-21,3,124.57240068000682,1.2053033346725595,,10.31132353903526,1.1903817157368466,,1260.1,-94.78743954543883,1.1891549072459173,,1261.4,1244.5,219.35984022544565,216.96538198352718,214.5709237416087,123.36709734533426,False,True
2016-04-22,4,-11.219747931265323,1.2014417300760916,,-1.603720635304,1.2026940346375883,,1247.2,-107.22882602617527,1.202886928628709,,1247.0,1248.5,96.00907809490995,93.60474943620514,91.20042077750036,-12.421189661341414,False,True
2016-04-25,0,8.097166434305574,1.2150668286755772,,-4.857513048879547,1.2140833670578715,,1235.5,36.37396404230371,1.2146732528949713,,1234.9,1234.5,-28.276797607998137,-30.706537689568687,-33.136277771139234,6.882099605629997,False,True
2016-04-26,1,-45.27089380852451,1.2098725600903375,,-5.673299175551051,1.215362177929023,,1234.2,92.002908667345,1.2161504783525214,,1233.4,1239.8,-137.2738024758695,-139.69982551431235,-142.12584855275523,-46.48076636861485,False,True
2016-04-27,2,28.057255168764346,1.2041422493377218,,-8.809514845155393,1.2007684918347743,,1249.2,-5.610547977095968,1.201923076923077,,1248.0,1245.7,33.66780314586031,31.261737819599514,28.855672493338716,26.853112919426625,False,True
2016-04-28,3,73.48862851983382,1.2025976108394134,,1.591596374519828,1.1937922801432552,,1256.5,89.50909299442425,1.1935073201782307,,1256.8,1247.3,-16.020464474590426,-18.41656940560807,-20.812674336625715,72.2860309089944,False,True
2016-04-29,4,65.24410991473728,1.1829652996845428,,23.477863343442642,1.1752722714095434,,1276.3,120.42254058757183,1.1724245740190715,,1279.4,1268.0,-55.17843067283455,-57.53382054653816,-59.88921042024178,64.06114461505274,False,True
2016-05-02,0,16.997608975386648,1.1599133931333128,,54.659668787053334,1.157943492357573,,1295.4,-69.34306235783417,1.1517199017199018,,1302.4,1293.2,86.34067133322083,84.02903803836762,81.7174047435144,15.837695582253335,True,True
2016-05-03,1,60.89354770219095,1.1597340343281275,,-44.670437805469945,1.1526934603857684,,1301.3,-57.28013184383771,1.1577647422043842,,1295.6,1293.4,118.17367954602867,115.85618076949616,113.53868199296365,59.733813667862826,False,True
2016-05-04,2,-40.4638323481354,1.1648675933835522,,-9.361835603401133,1.1696818465377419,,1282.4,2.341280691227254,1.170777396191071,,1281.2,1287.7,-42.80511303936265,-45.14075802893728,-47.4764030185119,-41.62869994151895,False,True
2016-05-05,3,-3.903353029770178,1.170777396191071,,26.514871652047475,1.1713259409651728,,1280.6,-33.54791521675148,1.1683152893527535,,1283.9,1281.2,29.6445621869813,27.305469501437475,24.966376815893653,-5.074130425961249,False,True
2016-05-06,4,17.182134811365035,1.1725162198077075,,2.3409153085701195,1.170594662088341,,1281.4,62.22311434567117,1.1703206678629945,,1281.7,1279.3,-45.04097953430613,-47.38381642197683,-49.72665330964754,16.009618591557327,False,True
2016-05-09,0,-36.594427103291906,1.1657729074376313,,-57.8940750191887,1.1701380762930027,,1281.9,-71.65667103386147,1.176932130247156,,1274.5,1286.7,35.062243930569565,32.719538892884785,30.37683385519999,-37.760200010729534,False,True
2016-05-10,1,19.737108211182893,1.1853959222380277,,-12.62726077339641,1.1830586008360282,,1267.9,7.893906314557672,1.1845534233593937,,1266.3,1265.4,11.84320189662522,9.4732525510278,7.103303205430378,18.551712288944866,False,True
2016-05-11,2,55.868265078204814,1.183618716957311,,39.154317836734,1.176932130247156,,1274.5,-6.254397827208297,1.1723329425556859,,1279.5,1267.3,62.12266290541311,59.76671124590011,57.410759586387115,54.6846463612475,False,True
2016-05-12,3,-58.01207865550409,1.1725162198077075,,-28.344243840550043,1.1793379982703043,,1271.9,-29.21323778261554,1.1825922421948913,,1268.4,1279.3,-28.79884087288855,-31.153949334891152,-33.50905779689375,-59.184594875311795,False,True
2016-05-13,4,90.51260093382751,1.1859582542694498,,4.700352612978115,1.1753643629525155,,1276.2,-20.38257212402088,1.174720025060694,,1276.9,1264.8,110.8951730578484,108.53449477851825,106.1738164991881,89.32664267955806,False,True
2016-05-16,0,78.24153833372965,1.17822637656115,,4.675446200653574,1.1691348402182387,,1283.0,-63.30371653835632,1.1685883452789034,,1283.6,1273.1,141.54525487208596,139.19844015024591,136.85162542840587,77.0633119571685,False,True
2016-05-17,1,18.02437696550354,1.1765628676758964,,-17.24273489357977,1.1746280344557558,,1277.0,44.62021571939649,1.1768397928761967,,1274.6,1274.9,-26.595838753892952,-28.949241414445048,-31.30264407499714,16.84781409782764,False,True
2016-05-18,2,-51.671609525931224,1.1713259409651728,,19.60554288347185,1.1774864589057226,,1273.9,-132.50450195980156,1.1752722714095434,,1276.3,1280.6,80.83289243387034,78.48629422149563,76.13969600912091,-52.8429354668964,False,True
2016-05-19,3,-37.39809411511364,1.1913271384322137,,-5.581914741639864,1.1957908163265307,,1254.4,15.940068729387692,1.196458482890644,,1253.7,1259.1,-53.33816284450133,-55.72594846582419,-58.11373408714705,-38.58942125354586,False,True
2016-05-20,4,-2.38824982228142,1.1939823290615301,,17.50060107785362,1.194267515923567,,1256.0,-42.21263884422243,1.1921793037672868,,1258.2,1256.3,39.824389021941016,37.4382273891122,35.05206575628338,-3.58223215134295,False,True
2016-05-23,0,3.9937697723230134,1.1983702165055525,,-14.38619173948015,1.197987381199585,,1252.1,-8.001920887884543,1.1998080307150858,,1250.2,1251.7,11.995690660207556,9.597512412986918,7.199334165766279,2.795399555817461,False,True
2016-05-24,1,-49.74336316115261,1.2004801920768309,,-16.904813846666706,1.206466661304593,,1243.3,-112.62931522483647,1.2086052695189755,,1241.1,1249.5,62.88595206368387,60.47686660208806,58.06778114049226,-50.94384335322944,False,True
2016-05-25,2,-26.107545219957736,1.2221950623319484,,-4.085134253469901,1.2252899852965202,,1224.2,5.719188031213259,1.2258908139915008,,1223.6,1227.3,-31.826733251170992,-34.27481912749444,-36.72290500381789,-27.329740282289684,False,True
2016-05-26,3,44.03497289286535,1.2258908139915008,,-4.069176048009765,1.2205044751830758,,1229.0,-70.25598704311459,1.22110061869098,,1228.4,1223.6,114.29095993597994,111.84396850329746,109.39697707061498,42.80908207887385,False,True
2016-05-27,4,9.82881560001429,1.2292059329673035,,-9.83123133420544,1.2283000327546678,,1221.2,-62.48992543654033,1.2295081967213117,,1220.0,1220.3,72.31874103655463,69.86002690686601,67.4013127771774,8.599609667046986,False,True
2016-05-30,0,,,roll,41.339455317283324,1.242750621375311,,1207.0,,,missing bar,,,,,,,False,False
2016-05-31,1,59.42082351236434,1.241619071268935,,-8.232485852294516,1.2343647136273865,,1215.2,27.965144068152927,1.235483073881888,,1214.1,1208.1,31.455679444211416,28.978577299060593,26.50147515390977,58.17920444109541,False,True
2016-06-01,2,-0.8211191859122173,1.231628212496921,,27.063615977428455,1.2318305001231833,,1217.7,-46.79619393246657,1.2286018510934558,,1220.9,1217.9,45.975074746554355,43.514844682963975,41.0546146193736,-2.0527473984091382,False,True
2016-06-02,3,23.001735270839923,1.2336540833950163,,0.0,1.2308197259374745,,1218.7,-47.70530514621765,1.2308197259374745,,1218.7,1215.9,70.70704041705757,68.24256660772508,65.77809279839259,21.768081187444906,False,True
2016-06-03,4,12.360431716660573,1.2368073878627972,,-2.470864403296251,1.2352795849460596,,1214.3,264.18931344168936,1.2355848434925865,,1214.0,1212.8,-251.8288817250288,-254.30127395638416,-256.77366618773954,11.123624328797776,False,True
2016-06-06,0,-10.443026213156688,1.2043356081894823,,8.837826470079158,1.205690860863275,,1244.1,20.056968495225487,1.20462576292965,,1245.2,1245.5,-30.499994708382175,-32.90895607950131,-35.31791745062044,-11.64736182134617,False,True
2016-06-07,1,-20.052142271379115,1.201923076923077,,-45.06324516438699,1.2043356081894823,,1245.5,49.875415110391884,1.2096774193548387,,1240.0,1248.0,-69.927557381771,-72.33915787804891,-74.75075837432682,-21.25406534830219,False,True
2016-06-08,2,47.20197571470556,1.202886928628709,,36.647587223871504,1.1972224439300823,,1252.9,62.62158310236716,1.1927480916030537,,1257.6,1247.0,-15.4196073876616,-17.81524240789336,-20.210877428125123,45.999088786076854,False,True
2016-06-09,3,0.7907326141796045,1.1861458168590862,,-29.301149453319415,1.1861458168590862,,1264.6,91.57717745497061,1.1896264572924102,,1260.9,1264.6,-90.786444840791,-93.1622171149425,-95.537989389094,-0.39541320267948166,True,True
2016-06-10,4,-24.410421979820107,1.1797090051120724,,18.11666046296297,1.1825922421948913,,1268.4,43.97337278156317,1.1804517195246715,,1270.7,1271.5,-68.38379476138329,-70.74395548602003,-73.10411621065677,-25.59013098493218,True,True
2016-06-13,0,54.610839421100756,1.1734334663224597,,14.77277413628587,1.1671335200746968,,1285.2,-2.3310929046078424,1.1654106130059827,,1287.1,1278.3,56.9419323257086,54.60308824638016,52.264244167051714,53.4374059547783,False,True
2016-06-14,1,-27.24903394957684,1.1662260923651067,,32.68994193814272,1.1694082794106184,,1282.7,11.648224962931065,1.1655011655011656,,1287.0,1286.2,-38.89725891250791,-41.228986170374185,-43.560713428240454,-28.41526004194195,False,True
2016-06-15,2,7.7603604701700775,1.164505861346169,,-56.009481309700504,1.1636025133814292,,1289.1,98.59180121465839,1.1702293649555315,,1281.8,1288.1,-90.8314407444883,-93.16617597079001,-95.50091119709171,6.595854608823909,False,True
2016-06-16,3,146.41325515954148,1.1583011583011584,,-51.88079081777945,1.1414656418841795,,1314.1,-199.32674763688524,1.1474030444427448,,1307.3,1295.0,345.7400027964267,343.4342985936828,341.12859439093893,145.25495400124032,False,True
2016-06-17,4,4.677633202930607,1.1696818465377419,,62.15543279700223,1.169043722235212,,1283.1,80.22258389143626,1.1617100371747213,,1291.2,1282.4,-75.54495068850565,-77.8763425722181,-80.20773445593058,3.507951356392865,False,True
2016-06-20,0,-45.734741165254846,1.1600928074245942,,-28.788193389170047,1.1654106130059827,,1287.1,74.52293455442461,1.168770453482936,,1283.4,1293.0,-120.25767571967945,-122.58653898058698,-124.91540224149452,-46.89483397267944,False,True
2016-06-21,1,-44.19811017713,1.160541586073501,,-99.19244058835864,1.1657729074376313,,1286.7,-25.936274216198846,1.1773940345368918,,1274.0,1292.5,-18.26183596093115,-20.599771581541543,-22.937707202151937,-45.3586517632035,False,True
2016-06-22,2,-31.51097612891794,1.179801793298726,,23.642536034547398,1.1835253274420072,,1267.4,-11.814280900024363,1.1807304785894208,,1270.4,1271.4,-19.696695228893574,-22.05722750078172,-24.417759772669868,-32.69077792221667,False,True
2016-06-23,3,-2.3660239078783603,1.1828720132481667,,-13.418053238585472,1.1831519167061053,,1267.8,-53.06312692320817,1.184834123222749,,1266.0,1268.1,50.697103015329816,48.3293968788589,45.96169074238799,-3.548895921126527,False,True
2016-06-24,4,561.1700789224219,1.1958861516383643,,12.053640151576838,1.1307100859339667,,1326.6,-70.25524647717536,1.1291779584462511,,1328.4,1254.3,631.4253253995972,629.1002612895127,626.775197179428,559.9741927707836,False,True
2016-06-27,0,70.08582138092672,1.134387052862437,,38.97179480977609,1.1263798152737103,,1331.7,-69.80700143257495,1.1219986536016158,,1336.9,1322.3,139.89282281350165,137.63643710703758,135.38005140057354,68.95143432806428,False,True
2016-06-28,1,-64.95491115673849,1.1292629677030794,,-50.89456084361905,1.1365358387634492,,1319.8,10.65611304976536,1.1423349326022392,,1313.1,1328.3,-75.61102420650386,-77.88262210680918,-80.15422000711449,-66.08417412444157,False,True
2016-06-29,2,75.82112295834752,1.1416393941700282,,-19.659741681877538,1.1331016769904823,,1323.8,3.7834361618135537,1.1352455914629533,,1321.3,1313.9,72.03768679653396,69.76080181090099,67.483916825268,74.67948356417749,False,True
2016-06-30,3,-24.2534604260587,1.1355034065102196,,19.708920873431833,1.1381743683132257,,1317.9,31.755659530290917,1.135933358576297,,1320.5,1321.0,-56.00911995634962,-58.280556721436135,-60.551993486522655,-25.388963832568923,False,True
2016-07-01,4,74.45042849110567,1.1322463768115945,,6.741320805094415,1.1239322643488687,,1334.6,69.39031760004085,1.1230907457322554,,1335.6,1324.8,5.060110891064824,2.8047737685209735,0.5494366459771243,73.31818211429407,False,True
2016-07-04,0,60.781448706138654,1.1152416356877326,,4.433279221421577,1.108565516222009,,1353.1,,,missing bar,,1345.0,,,,59.66620707045092,False,False
2016-07-05,1,-26.68645023350333,1.1104530648504591,,32.6095301198004,1.1135030806918567,,1347.1,53.87268112203611,1.1099600414385085,,1351.4,1350.8,-80.55913135553945,-82.77954446182842,-84.99995756811738,-27.79690329835379,False,True
2016-07-06,2,90.1666483351382,1.1045655375552283,,26.964998301393415,1.094650806392761,,1370.3,-59.86293245523783,1.0917825169226292,,1373.9,1358.0,150.02958079037603,147.83323273589818,145.63688468142033,89.06208279758297,False,True
2016-07-07,3,18.288896425189034,1.098337848722267,,-19.022540123085918,1.0964110810613261,,1368.1,-27.86947165070424,1.098579170938919,,1365.4,1365.7,46.15836807589328,43.96145105623209,41.76453403657091,17.190558576466767,False,True
2016-07-08,4,-27.959697413910117,1.1021307861866276,,-5.15862791940303,1.1051351948721728,,1357.3,79.29556967714534,1.1057054400707653,,1356.6,1361.0,-107.25526709105546,-109.46310331731284,-111.67093954357024,-29.061828200096745,False,True
2016-07-11,0,-35.85938198059217,1.0957703265395573,,-38.198827025516124,1.0997873744409414,,1363.9,-18.418246633019976,1.1040777270719861,,1358.6,1368.9,-17.441135347572192,-19.640983401183735,-21.84083145479528,-36.955152307131726,False,True
2016-07-12,1,-3.687179718038861,1.1059500110595002,,-48.057465601235876,1.1063578698923147,,1355.8,-115.54789559146342,1.1117699377408836,,1349.2,1356.3,111.86071587342455,109.64299592462416,107.42527597582378,-4.793129729098361,False,True
2016-07-13,2,65.00564603093463,1.1244377811094455,,-8.941878390142017,1.117235215253985,,1342.6,13.408822032885835,1.1181513231457325,,1341.5,1334.0,51.59682399804879,49.35423489379362,47.111645789538436,63.881208249825185,False,True
2016-07-14,3,-82.90125524959618,1.1156563778356268,,-63.19611763637139,1.1249437528123596,,1333.4,79.68169649176882,1.1320754716981134,,1325.0,1344.5,-162.58295174136498,-164.8306835908987,-167.07841544043245,-84.0169116274318,False,True
2016-07-15,4,-21.72366860532613,1.1224184375935349,,7.496252225099196,1.1248593925759283,,1333.5,23.9503145696196,1.1240164855751218,,1334.5,1336.4,-45.67398317494573,-47.92041809811439,-50.166853021283046,-22.846087042919663,False,True
2016-07-18,0,-36.06314952819021,1.1249437528123596,,-20.341288514543916,1.128923007450892,,1328.7,23.351296814792462,1.1312217194570138,,1326.0,1333.4,-59.41444634298267,-61.670611815252045,-63.92677728752142,-37.188093281002566,False,True
2016-07-19,1,9.024592625729921,1.128583251824543,,20.277127596518344,1.1276499774470006,,1330.2,-4.502476438063061,1.1253657438667568,,1332.9,1329.1,13.527069063792982,11.273120068101683,9.019171072410384,7.896009373905378,False,True
2016-07-20,2,-27.812247792108575,1.1259570635039786,,-78.58586612521158,1.1290079783230471,,1328.6,-17.46460066522508,1.1380016690691148,,1318.1,1332.2,-10.347647126883494,-12.611605859456589,-14.875564592029681,-28.938204855612554,False,True
2016-07-21,3,8.353902137625973,1.1396444309375475,,15.169905821779844,1.138606345832701,,1317.4,89.79498177213364,1.1369665731827485,,1319.3,1316.2,-81.44107963450767,-83.71769063862797,-85.99430164274827,7.214257706688425,False,True
2016-07-22,4,-39.88716483050043,1.1266336187471835,,-12.827770104619223,1.1311364150516554,,1326.1,-17.381451570403748,1.1325883418906677,,1324.4,1331.4,-22.505713260096684,-24.764935220734536,-27.024157181372388,-41.013798449247616,False,True
2016-07-25,0,-44.70551109196319,1.1340440009072352,,-2.278682931131106,1.1392116655274551,,1316.7,-8.359615944520739,1.13947128532361,,1316.4,1322.7,-36.34589514744245,-38.619410433673295,-40.89292571990414,-45.83955509287043,False,True
2016-07-26,1,22.77905312993867,1.1402508551881414,,9.85557867576439,1.137742718446602,,1318.4,3.7880223188661466,1.1366219595362583,,1319.7,1315.5,18.991030811072523,16.71415799634812,14.437285181623723,21.638802274750528,False,True
2016-07-27,2,-9.85408455709752,1.1364497310402304,,4.549590615327246,1.137656427758817,,1318.5,156.45298439688398,1.1371389583807143,,1319.1,1319.9,-166.30706895398149,-168.58065764340245,-170.85424633282338,-10.99053428813775,False,True
2016-07-28,3,0.7465193538597045,1.1198208286674134,,15.665215243355345,1.1198208286674134,,1339.5,-66.56469737242183,1.1181513231457325,,1341.5,1339.5,67.31121672628154,65.07324457446839,62.83527242265525,-0.3733014748077089,False,True
2016-07-29,4,-6.752954674183947,1.125112511251125,,7.506380775820648,1.1263798152737103,,1331.7,126.75385929554918,1.1255346289487507,,1332.7,1333.2,-133.50681396973312,-135.757461109933,-138.00810825013286,-7.8780671854350715,False,True
2016-08-01,0,-19.175461292719287,1.1052166224580018,,4.4283711698678205,1.1073379595452535,,1354.6,35.3591528624513,1.10692937790569,,1355.1,1357.2,-54.53461415517059,-56.746760155534275,-58.95890615589797,-20.28067791517729,False,True
2016-08-02,1,-2.940311694219414,1.1024547993532268,,39.61854044994658,1.1026979342792034,,1360.3,34.35801471924366,1.0984182776801408,,1365.6,1360.6,-37.29832641346307,-39.49919949049644,-41.70007256752981,-4.042766493572641,False,True
2016-08-03,2,-0.7296873293024403,1.09449106165633,,11.668612759203679,1.0945709281961473,,1370.4,-54.81468137437335,1.0932944606413995,,1372.0,1370.5,54.08499404507091,51.89720852277318,49.70942300047545,-1.82417839095877,False,True
2016-08-04,3,-64.6918377580451,1.0991426687183998,,66.15239118719182,1.106194690265487,,1356.0,16.10424182321154,1.098901098901099,,1365.0,1364.7,-80.79607958125663,-82.99412334887613,-85.19216711649563,-65.7909804267635,False,True
2016-08-05,4,22.64841150774008,1.0971328262141604,,-18.990583459145423,1.0945709281961473,,1370.4,-194.8976499835868,1.0966515572452114,,1367.8,1367.2,217.5460614913269,215.3522771078675,213.15849272440815,21.55127868152592,False,True
2016-08-08,0,-14.176461989971013,1.1184014315538324,,-2.2402270190392146,1.1199880534607634,,1339.3,14.925375905060505,1.1202389843166545,,1339.0,1341.2,-29.10183789503152,-31.340478310902004,-33.57911872677249,-15.294863421524846,False,True
2016-08-09,1,-29.120797133226414,1.1184014315538324,,6.727714699657348,1.1216630524190536,,1337.3,62.57469762463819,1.1209086833059334,,1338.2,1341.2,-91.69549475786461,-93.93480487272437,-96.17411498758415,-30.239198564780246,False,True
2016-08-10,2,90.16393947358284,1.11358574610245,,-1.4715620657859314,1.103590347263096,,1359.2,-49.42288671829607,1.1037527593818985,,1359.0,1347.0,139.5868261918789,137.36948768639456,135.15214918091021,89.0503537274804,False,True
2016-08-11,3,-35.53453546647746,1.1084835944428024,,20.003711060076604,1.1124295461287452,,1348.4,-51.196550333833486,1.1101243339253999,,1351.2,1353.2,15.662014867356028,13.443406938987826,11.224799010619623,-36.64301906092026,False,True
2016-08-12,4,3.717610362903402,1.1154904439651967,,0.7434115157876149,1.1151587242584198,,1345.1,-26.79569895071143,1.1149929383780572,,1345.3,1344.7,30.513309313614833,28.282825931271578,26.052342548928326,2.6021199189382056,False,True
2016-08-15,0,11.901221279769848,1.1164036915748736,,0.0,1.1149929383780572,,1345.3,-5.9479555656924505,1.1149100639215104,,1345.4,1343.6,17.8491768454623,15.617863089965915,13.386549334469532,10.784817588194974,False,True
2016-08-16,1,58.55555403483912,1.1150758251561108,,44.24459691703137,1.108565516222009,,1353.1,-57.55623917261245,1.1036715473475096,,1359.1,1345.2,116.11179320745157,113.89304583494796,111.67429846244433,57.44047820968301,False,True
2016-08-17,2,-30.387275559780328,1.1100421816029011,,11.869437595286225,1.1134204275534443,,1347.2,37.74008253474317,1.1120996441281141,,1348.8,1351.3,-68.1273580945235,-70.34949992025452,-72.57164174598553,-31.497317741383227,False,True
2016-08-18,3,23.609277603618253,1.1079923179199294,,-11.797671328564451,1.1053795136330142,,1357.0,15.480449812961778,1.1066027296200664,,1355.5,1353.8,8.128827790656475,5.914232743116479,3.6996376955764827,22.501285285698323,False,True
2016-08-19,4,-25.823602353661613,1.1052980620440649,,-44.42148416626911,1.1080741670975844,,1353.7,-14.108040208959524,1.1130073458484826,,1347.7,1357.1,-11.715562144702089,-13.933867552594636,-16.152172960487185,-26.928900415705677,False,True
2016-08-22,0,-58.161374899959505,1.1152416356877326,,23.903798638311695,1.1218308279111513,,1337.1,20.869054305785927,1.1191524285607701,,1340.3,1345.0,-79.03042920574543,-81.26482326999394,-83.49921733424245,-59.276616535647236,False,True
2016-08-23,1,-4.466612149000705,1.1164036915748736,,19.34236579830747,1.1169856281182517,,1342.9,-30.518465013235737,1.1148272017837237,,1345.5,1343.6,26.05185286423503,23.820621970876434,21.589391077517835,-5.5830158405755785,False,True
2016-08-24,2,-5.962140585020313,1.1175681716584713,,-2.236719487425707,1.1182346801848815,,1341.4,-103.43369084737849,1.1184848258891957,,1341.1,1342.2,97.47155026235818,95.2354972648105,92.99944426726285,-7.079708756678784,False,True
2016-08-25,3,9.788788854375856,1.130028627391894,,-19.587169137089997,1.128923007450892,,1328.7,-7.543754129628132,1.1311364150516554,,1326.1,1327.4,17.332542984003986,15.071377941560437,12.810212899116888,8.658760226983961,False,True
2016-08-26,4,18.852990011613283,1.1322463768115945,,27.83735762955055,1.1301137647856554,,1327.3,-52.73081898158115,1.1269722013523669,,1331.0,1324.8,71.58380899319444,69.32459041503047,67.06537183686652,17.72074363480169,False,True
2016-08-29,0,-22.687750789041804,1.1331016769904823,,11.350309568590033,1.1356753482737736,,1320.8,32.463884160565264,1.134301270417423,,1322.4,1323.8,-55.15163494960707,-57.41903789701498,-59.68644084442288,-23.820852466032285,False,True
2016-08-30,1,-21.87771986496474,1.1303692539562926,,-6.043665667073863,1.1328449512876673,,1324.1,-71.29343811054389,1.133615477629988,,1323.2,1327.0,49.41571824557915,47.151733513992866,44.88774878240659,-23.00808911892103,False,True
2016-08-31,2,9.123394535363225,1.140944702213433,,3.798959130899575,1.1399042480431645,,1315.9,-35.004982095498164,1.13947128532361,,1316.4,1314.7,44.12837663086139,41.84796064332435,39.5675446557873,7.982449833149792,False,True
2016-09-01,3,-6.863679964404924,1.143554166349013,,-9.158907677343691,1.1443393347574002,,1310.8,57.86524445284195,1.1453879047037265,,1309.6,1311.7,-64.72892441724687,-67.01786648829962,-69.30680855935235,-8.007234130753938,False,True
2016-09-02,4,-31.15622414675985,1.1380880121396058,,26.600813709616666,1.1415525114155254,,1314.0,85.40277883567697,1.1385199240986719,,1317.5,1318.0,-116.55900298243682,-118.8356109186751,-121.11221885491338,-32.29431215889946,False,True
2016-09-05,0,13.544020129126915,1.1294330246216402,,3.0072927074248557,1.1279043537108056,,1329.9,,,missing bar,,1328.1,,,,12.414587104505275,False,False
2016-09-06,1,5.258611096652097,1.1271415689810642,,36.73029878103813,1.1264644037248426,,1331.6,133.0429523995196,1.1223344556677892,,1336.5,1330.8,-127.7843413028675,-130.03381732751635,-132.2832933521652,4.131469527671033,False,True
2016-09-07,2,14.76559884364435,1.1082379017362396,,-25.8560333165289,1.1066843736166447,,1355.4,-17.768569123004198,1.1095495228937053,,1351.9,1353.5,32.534167966648546,30.316380542018603,28.098593117388656,13.65736094190811,False,True
2016-09-08,3,20.733069255884157,1.1118523460084504,,-6.6595141016084165,1.1095495228937053,,1351.9,-65.35000236059854,1.1102886750555148,,1351.0,1349.1,86.0830716164827,83.86093059541874,81.63878957435477,19.621216909875706,False,True
2016-09-09,4,-14.918695889496016,1.1180679785330951,,-14.193406185087479,1.1197372349955212,,1339.6,-43.45552653915197,1.1214114832535889,,1337.6,1341.6,28.536830649655954,26.29735118786927,24.05787172608259,-16.036763868029112,False,True
2016-09-12,0,7.504690783741788,1.1261261261261262,,-10.507356115319759,1.1251969094591556,,1333.1,-4.50653455125812,1.1263798152737103,,1331.7,1332.0,12.011225334999908,9.758719393600073,7.506213452200235,6.378564657615662,False,True
2016-09-13,1,6.755996203373767,1.1263798152737103,,-31.56710625845138,1.1256190904997752,,1332.6,-46.78547622406704,1.1292629677030794,,1328.3,1331.7,53.54147242744081,51.28582964446402,49.03018686148723,5.629616388100057,False,True
2016-09-14,2,16.62008390433336,1.1341297444427645,,6.791171738086843,1.1322463768115945,,1324.8,4.524886955032754,1.1314777098891153,,1325.7,1322.6,12.095196949300606,9.829589494968726,7.563982040636846,15.485954159890595,False,True
2016-09-15,3,-14.341248636798785,1.1313923668728316,,11.324602018105741,1.1331016769904823,,1323.8,-55.997119460213085,1.1319046181708423,,1325.2,1325.8,41.655870823414304,39.39257383837063,37.12927685332696,-15.472641003671615,True,True
2016-09-16,4,-3.7934828420473035,1.1378290222255938,,-10.629414105345711,1.1382607375929583,,1317.8,-25.097933089264014,1.139384732244588,,1316.5,1318.3,21.30445024721671,19.027236492746532,16.750022738276346,-4.931311864272898,True,True
2016-09-19,0,47.10181161333038,1.142247943953701,,-16.68816286561303,1.136880400181901,,1319.4,-6.834491665964805,1.1386927806877707,,1317.3,1313.2,53.93630327929519,51.65536255465372,49.374421830012245,45.959563669376685,False,True
2016-09-20,1,30.34213053793438,1.1395578515535973,,-18.194228353117516,1.1361054305839584,,1320.3,0.7587541260898583,1.1381743683132257,,1317.9,1316.3,29.583376411844522,27.3056441919777,25.02791197211088,29.202572686380783,False,True
2016-09-21,2,31.815798370252384,1.1380880121396058,,38.497877326788554,1.1344728482831645,,1322.2,86.25592575078521,1.1299435028248588,,1327.5,1318.0,-54.44012738053283,-56.70815889549729,-58.976190410461754,30.67771035811278,False,True
2016-09-22,3,-11.957254245831885,1.1203226529240422,,4.484975407814696,1.1214953271028039,,1337.5,18.664382587989596,1.1209086833059334,,1338.2,1338.9,-30.621636833821483,-32.862868170051456,-35.104099506281436,-13.077576898755927,False,True
2016-09-23,4,-12.69177817909182,1.1191524285607701,,27.60474763731836,1.1206574523720585,,1338.5,-8.198860072445436,1.1175681716584713,,1342.2,1340.3,-4.492918106646384,-6.729638706865625,-8.966359307084867,-13.81093060765259,False,True
2016-09-26,0,-12.687042262981482,1.1187350835322198,,11.941191059950203,1.1201553282055114,,1339.1,8.946544993965833,1.1188185276348177,,1340.7,1340.8,-21.633587256947315,-23.871140868114352,-26.10869447928139,-13.805777346513702,False,True
2016-09-27,1,-29.103412206840858,1.1177347242921014,,13.442869836193863,1.120992451984157,,1338.1,-68.89864744865613,1.1194865288454363,,1339.9,1342.0,39.79523524181528,37.55801398867774,35.3207927355402,-30.22114693113296,False,True
2016-09-28,2,-15.8007632287129,1.1277347567852043,,19.562115936591255,1.129688206055129,,1327.8,-40.6749581578244,1.1275652108546947,,1330.3,1330.1,24.8741949291115,22.6188949614716,20.363594993831704,-16.928497985498105,False,True
2016-09-29,3,-6.79476074611451,1.1320754716981134,,1.5104599379215702,1.1329305135951664,,1324.0,-4.532406785551698,1.1328449512876673,,1324.1,1325.0,-2.2623539605628116,-4.527274383548592,-6.792194806534373,-7.926836217812623,False,True
2016-09-30,4,23.393588754141586,1.1332728921124209,,15.063646743910919,1.1306248586718928,,1326.7,-74.03524033564828,1.1290079783230471,,1328.6,1323.6,97.42882908978987,95.16654821935441,92.90426734891894,22.260315862029167,False,True
2016-10-03,0,-19.70145367118011,1.1355034065102196,,15.158408238307361,1.137742718446602,,1318.4,-48.588009344822254,1.136019388064223,,1320.4,1321.0,28.886555673642142,26.615032879067698,24.343510084493257,-20.836957077690332,True,True
2016-10-04,1,-28.939171822449232,1.140684410646388,,-7.630093457312152,1.1440774921821373,,1311.1,-307.6927353755719,1.1448633796366967,,1310.2,1315.0,278.75356355312266,276.46801576283957,274.1824679725565,-30.07985623309562,True,True
2016-10-05,2,21.228926477190168,1.180637544273908,,18.047005565125453,1.178041309981937,,1273.3,-52.65858829856729,1.1758250372344596,,1275.7,1270.5,73.88751477575745,71.53105219424909,69.17458961274072,20.04828893291626,True,True
2016-10-06,3,-15.764171310647072,1.1813814286839412,,-11.839458346548867,1.1832452472982569,,1267.7,-79.2899808974578,1.1846469752013902,,1266.2,1269.7,63.52580958681072,61.15978118292539,58.79375277904006,-16.945552739331013,True,True
2016-10-07,4,-13.53557275010986,1.1935073201782307,,24.66877469528815,1.195123894510398,,1255.1,3.178639569039287,1.1921793037672868,,1258.2,1256.8,-16.714212319149148,-19.099898943094665,-21.485585567040182,-14.729080070288092,True,True
2016-10-10,0,61.78726881192191,1.191895113230036,,-37.980738804752605,1.1846469752013902,,1266.2,0.0,1.1891549072459173,,1261.4,1258.5,61.78726881192191,59.40621879144596,57.025168770970005,60.59537369869187,False,True
2016-10-11,1,7.922675109391053,1.1888721566140923,,-42.058547099422256,1.1878365536902125,,1262.8,-24.682523777508393,1.1928429423459246,,1257.5,1261.7,32.605198886899444,30.22348378793943,27.84176868897941,6.73380295277696,False,True
2016-10-12,2,22.294777926585216,1.195695496213631,,-19.902088326982764,1.1929378081756006,,1257.4,15.129198251487555,1.1953143676786997,,1254.9,1254.5,7.165579675097661,4.77456981120533,2.3835599473129996,21.099082430371585,False,True
2016-10-13,3,31.768750410435313,1.1932224962214624,,-7.932730861813507,1.1894377924034576,,1261.1,-6.350214533128005,1.1902872559911126,,1260.2,1257.1,38.11896494356332,35.735455191350745,33.35194543913817,30.57552791421385,False,True
2016-10-14,4,-20.664448618729832,1.1909487892020645,,-15.923570243631946,1.1933174224343677,,1257.0,-25.53260782284602,1.1953143676786997,,1254.9,1259.5,4.868159204116189,2.4818960472354252,0.09563289035466127,-21.855397407931896,False,True
2016-10-17,0,20.730353461326143,1.1972224439300823,,-7.967493051555569,1.1946479770627592,,1255.6,14.336920018488376,1.1956001912960308,,1254.6,1252.9,6.393433442837766,4.000610807611654,1.6077881723855398,19.53313101739606,False,True
2016-10-18,1,54.78595623980474,1.194267515923567,,-11.090867016626035,1.1876484560570073,,1263.0,14.258557548793933,1.189060642092747,,1261.5,1256.0,40.52739869101081,38.1440705329945,35.76074237497818,53.59168872388118,False,True
2016-10-19,2,-9.498932084459785,1.186802753382388,,70.23664592012858,1.187930624851509,,1262.7,-12.590495840106612,1.179616231519346,,1271.6,1263.9,3.0915637556468276,0.7251447707450938,-1.64127421415664,-10.685734837842173,False,True
2016-10-20,3,3.934374681902496,1.1805446245868096,,7.864727106133546,1.1801730920535014,,1271.0,-46.4878905213902,1.1791525823441555,,1272.1,1270.6,50.422265203292696,48.06256799636173,45.70287078943076,2.753830057315686,False,True
2016-10-21,4,-19.75894734927138,1.1843663639952626,,21.33797782784152,1.186708860759494,,1264.0,-0.7894217489782104,1.1840858856962426,,1266.8,1266.5,-18.96952560029317,-21.337977849984675,-23.706430099676183,-20.943313713266644,False,True
2016-10-24,0,-2.3682652567783142,1.1839924224484963,,-10.267346793060035,1.1840858856962426,,1266.8,-3.951788235580873,1.185302252074279,,1265.5,1266.9,1.5835229788025589,-0.7857716957202165,-3.155066370242992,-3.552257679226811,False,True
2016-10-25,1,16.5844065652474,1.1855833069870376,,16.556947843512887,1.183618716957311,,1267.3,37.73886073500332,1.1815675462780624,,1269.5,1265.2,-21.154454169755923,-23.521605023021024,-25.888755876286123,15.39882325826036,False,True
2016-10-26,2,11.767014497575207,1.1773940345368918,,-20.404967054771355,1.1760094080752648,,1275.5,-41.72741558238894,1.1785040854808297,,1272.8,1274.0,53.49443007996415,51.13853195994643,48.78263383992871,10.589620463038315,False,True
2016-10-27,3,14.194466542262925,1.1837121212121213,,6.30169378869252,1.181939957450162,,1269.1,-6.301197435964495,1.1811023622047245,,1270.0,1267.2,20.49566397822742,18.130849494810573,15.766035011393727,13.010754421050803,False,True
2016-10-28,4,6.3011974359653,1.1818468326504885,,-23.649991314978564,1.1811023622047245,,1270.0,71.57213296727504,1.1839924224484963,,1266.9,1269.2,-65.27093553130973,-67.63677478640872,-70.0026140415077,5.119350603314811,False,True
2016-10-31,0,-10.958047433404458,1.1734334663224597,,-27.447768477105345,1.174720025060694,,1276.9,35.27893588852999,1.178041309981937,,1273.3,1278.3,-46.23698332193445,-48.588458098238846,-50.939932874543246,-12.131480899726917,False,True
2016-11-01,1,20.326799274652956,1.1738926279542967,,58.40455802916614,1.1715089034676665,,1280.4,9.313155504342783,1.1646866992778944,,1287.9,1277.8,11.013643770310173,8.675064443077982,6.336485115845791,19.15290664669866,False,True
2016-11-02,2,47.983994242381016,1.1636927851047325,,17.743495494135928,1.1582117211026177,,1295.1,2.3118714702443595,1.15606936416185,,1297.5,1289.0,45.67212277213665,43.352360622870066,41.032598473603485,46.82030145727629,False,True
2016-11-03,3,33.838377285733294,1.1555350127108854,,-111.17230225479808,1.1516314779270636,,1302.5,120.39040299107404,1.1645962732919255,,1288.0,1298.1,-86.55202570534075,-88.87215699134356,-91.19228827734638,32.68284227302241,False,True
2016-11-04,4,-54.63022858506047,1.1510128913443833,,43.88166708957593,1.157318108170666,,1296.1,26.083635808787022,1.1522507297587956,,1301.8,1303.2,-80.7138643938475,-83.01712801495067,-85.32039163605386,-55.78124147640486,False,True
2016-11-07,0,-40.25084774800438,1.1587485515643108,,-19.409190519206504,1.1634220119444663,,1289.3,-37.37448872855475,1.1657729074376313,,1286.7,1294.5,-2.8763590194496302,-5.200880478451572,-7.525401937453514,-41.40959629956869,False,True
2016-11-08,1,22.591837599383425,1.1698642957416943,,-33.516536305905184,1.1672243405182479,,1285.1,-38.330707548073306,1.1711430356027486,,1280.8,1282.2,60.92254514745673,58.58153781611229,56.240530484767845,21.42197330364173,False,True
2016-11-09,2,249.0653921435566,1.174812030075188,,-59.001741984772785,1.1460004584001835,,1308.9,-179.87769844702382,1.1526048870447212,,1301.4,1276.8,428.9430905905804,426.6156736734605,424.2882567563406,247.8905801134814,False,True
2016-11-10,3,43.70909237896097,1.1733416770963705,,-25.734018178803908,1.1682242990654208,,1284.0,-174.06811339192924,1.171234481143125,,1280.7,1278.4,217.77720577089022,215.43262961265071,213.08805345441124,42.5357507018646,False,True
2016-11-11,4,-7.1527918805631465,1.1917057281322,,-1.5903307921566041,1.192653255943389,,1257.7,-243.07031719945357,1.1927480916030537,,1257.6,1258.7,235.91752531889043,233.53307149915517,231.1486176794199,-8.344497608695347,False,True
2016-11-14,0,-44.081704035772475,1.2217968559094243,,8.177952696534923,1.2271946330688048,,1222.3,-19.636726977599285,1.2260912211868564,,1223.4,1227.7,-24.44497705817319,-26.89286513526947,-29.34075321236575,-45.3035008916819,False,True
2016-11-15,1,23.707348115751213,1.2276968407267965,,4.897959281590017,1.224789744427207,,1224.7,25.26797611266513,1.2241899942871135,,1225.3,1221.8,-1.5606279969139187,-4.012514831927829,-6.464401666941739,22.479651275024416,False,True
2016-11-16,2,-7.331677245857309,1.221498371335505,,-16.311886823772614,1.2223942628962596,,1227.1,0.0,1.2244897959183676,,1225.0,1228.0,-7.331677245857309,-9.777665413111182,-12.223653580365054,-8.553175617192814,False,True
2016-11-17,3,26.09264363613845,1.2246897452645333,,3.2570637858150713,1.221597849987784,,1227.9,-100.64316018936293,1.2212000325653345,,1228.3,1224.8,126.73580382550138,124.28991404767152,121.84402426984164,24.867953890873917,False,True
2016-11-18,4,-85.89415213826723,1.2335526315789478,,42.209870242984586,1.244090569793481,,1205.7,-28.948368092218665,1.2388503468780974,,1210.8,1216.0,-56.945784046048566,-59.418187024505606,-61.890590002962654,-87.12770476984618,False,True
2016-11-21,0,61.929928332518905,1.242441812308457,,4.1150570516089,1.2347711557458019,,1214.8,-11.525480818113294,1.2341615928912293,,1215.4,1207.3,73.45540915063219,70.97880574543251,68.50220234023283,60.68748652021045,False,True
2016-11-22,1,16.467685895219695,1.2360939431396787,,-7.4064933641277655,1.23395853899309,,1215.6,-21.4291683421512,1.2349744771941382,,1214.6,1213.5,37.896854237370896,35.42578581703708,32.95471739670326,15.231591952080016,False,True
2016-11-23,2,5.771054201971038,1.237011380504701,,-37.16094949014814,1.2363996043521268,,1213.2,-174.42545283651572,1.2410027302060065,,1208.7,1212.6,180.19650703848674,177.71849292777603,175.24047881706534,4.534042821466336,False,True
2016-11-24,3,-48.038523126453896,1.261140070623844,,14.352655594001973,1.2673200405542415,,1183.6,,,missing bar,,1189.4,,,,-49.29966319707774,False,False
2016-11-25,4,24.52743649388543,1.2702176306207131,,25.310061600420628,1.267105930055753,,1183.8,,,missing bar,,1180.9,,,,23.257218863264715,False,False
2016-11-28,0,71.5100006046388,1.2664640324214793,,-45.36679208311398,1.2573344509639566,,1193.0,46.20109860398747,1.2629451881788332,,1187.7,1184.4,25.308902000651337,22.779492780051026,20.25008355945071,70.24353657221732,False,True
2016-11-29,1,-19.29449866643302,1.2571237009721756,,-64.02178383437042,1.2595515996305315,,1190.9,31.21706816894343,1.2675342234240325,,1183.4,1193.2,-50.511566835376456,-53.036224759772665,-55.560882684168874,-20.551622367405198,False,True
2016-11-30,2,0.8423535362773885,1.2635835228708618,,-48.12775786153478,1.2634770889487872,,1187.2,-73.95791776106215,1.2704327941051918,,1180.7,1187.1,74.80027129733953,72.26625498036348,69.73223866338742,-0.4212299865934733,False,True
2016-12-01,3,,,roll,-40.10757605851827,1.2774655084312725,,1174.2,34.99640804538074,1.2825994014536128,,1169.5,,,,,,False,False
2016-12-02,4,18.717037963817283,1.2773567231542198,,-30.648755474530425,1.2750765045902754,,1176.4,54.421903026852576,1.2789904502046388,,1172.8,1174.3,-35.70486506303529,-38.26121223639415,-40.81755940975301,17.439681240663063,False,True
2016-12-05,0,-68.72879287761953,1.2683916793505836,,-42.662180747337786,1.277139208173691,,1174.5,22.2070470490073,1.2825994014536128,,1169.5,1182.6,-90.93583992662683,-93.48683100743102,-96.03782208823522,-69.99718455697011,False,True
2016-12-06,1,17.03868192077953,1.2789904502046388,,-4.256949534295331,1.2768130745658839,,1174.8,-24.7261071535349,1.2773567231542198,,1174.3,1172.8,41.764789074314436,39.20844190095558,36.65209472759672,15.759691470574893,False,True
2016-12-07,2,-15.37804660167991,1.2805190370496842,,45.20841921597984,1.2823800974608877,,1169.7,4.254414018648324,1.2765957446808514,,1175.0,1171.4,-19.632460620328235,-22.189575402058768,-24.746690183789305,-16.658565638729595,False,True
2016-12-08,3,12.745891176208938,1.275401751551739,,-24.658828021537726,1.2738853503184715,,1177.5,-18.74734251681549,1.277030478460753,,1174.6,1176.1,31.49323369302443,28.940801463011937,26.388369232999445,11.470489424657199,False,True
2016-12-09,4,-16.2178346331397,1.2793176972281453,,-61.69156743280421,1.2812847014606648,,1170.7,-18.065298043968607,1.2892135797163733,,1163.5,1172.5,1.847463410828908,-0.7210678661156105,-3.289599143060129,-17.497152330367843,False,True
2016-12-12,0,-35.36468083917508,1.2915446874461856,,-3.456918191887623,1.2961202799619809,,1157.3,62.90141802791932,1.2965684155933963,,1156.9,1161.4,-98.2660988670944,-100.85421197013399,-103.44232507317356,-36.65622552662126,False,True
2016-12-13,1,-10.310165016750421,1.2881064834693003,,-23.23681066212853,1.289435227370412,,1163.3,-4.309044751468707,1.292434947440979,,1160.6,1164.5,-6.001120265281714,-8.581661696191993,-11.162203127102273,-11.598271500219722,False,True
2016-12-14,2,38.72471600630039,1.2933264355923437,,-9.452202637153604,1.2883277505797477,,1164.3,-162.05562847718832,1.289435227370412,,1163.3,1159.8,200.7803444834887,198.19758282052595,195.6148211575632,37.43138957070805,False,True
2016-12-15,3,-31.523668837342093,1.3114180800839308,,-87.20601400796183,1.3155586739168568,,1140.2,0.0,1.3270813058480053,,1130.3,1143.8,-31.523668837342093,-34.16216822327403,-36.800667609205966,-32.835086917426025,False,True
2016-12-16,4,49.41331857834222,1.3268465280849182,,-6.16332839232805,1.320306311064167,,1136.1,10.561521840747742,1.3208876364917228,,1135.6,1130.5,38.851796737594476,36.20406257301783,33.556328408441196,48.0864720502573,False,True
2016-12-19,0,52.67328480702529,1.320306311064167,,-10.512484542375487,1.313370107696349,,1142.1,-10.523547406340738,1.3147515119642388,,1140.9,1136.1,63.19683221336603,60.561774390337625,57.926716567309214,51.352978495961125,False,True
2016-12-20,1,-29.874374208661482,1.316020354448149,,-45.85545953965619,1.3197254970966041,,1136.6,22.95604045373139,1.3259082471492976,,1131.3,1139.8,-52.83041466239287,-55.47234326399032,-58.11427186558776,-31.19039456310963,False,True
2016-12-21,2,29.937505850019587,1.3227513227513228,,-7.915219620844364,1.3186813186813189,,1137.5,-29.078753362363194,1.3198416190057194,,1136.5,1134.0,59.01625921238278,56.37366627062573,53.731073328868696,28.614754527268264,False,True
2016-12-22,3,-7.062147186168916,1.3236851394281683,,-7.067138103326244,1.3246202755210172,,1132.4,-14.149277210257987,1.3255567338282082,,1131.6,1133.2,7.0871300240890704,4.437888150832695,1.7886462775763174,-8.385832325597084,False,True
2016-12-23,4,20.333296136075695,1.3274336283185841,,-1.7664723593014091,1.3247372604433458,,1132.3,27.345317617692658,1.3249712922886674,,1132.1,1130.0,-7.012021481616962,-9.664426402224214,-12.316831322831465,19.00586250775711,False,True
2016-12-26,0,,,missing bar,,,missing bar,,,,missing bar,,,,,,,False,False
2016-12-27,1,83.33016071753123,1.3212366775301685,,-13.984793818425482,1.3101580924098177,,1144.9,-33.29247862185247,1.3119916032537393,,1143.3,1135.3,116.6226393393837,113.98941105859979,111.35618277781587,82.00892404000106,False,True
2016-12-28,2,33.298313276627105,1.3165979109979815,,-27.153697759837314,1.3121063680895733,,1143.2,21.028659286857764,1.315674063678625,,1140.1,1139.3,12.269653989769342,9.637382015092737,7.005110040416129,31.981715365629125,False,True
2016-12-29,3,62.78907870231976,1.3122211530049868,,-29.601275314877267,1.3040076501782147,,1150.3,105.82109330537008,1.3079874433205443,,1146.8,1143.1,-43.03201460305032,-45.65222319937585,-48.27243179570138,61.47685754931478,False,True
2016-12-30,4,-2.587656891136353,1.2936610608020702,,-3.4515489168259004,1.2941074971961006,,1159.1,-57.9912474718018,1.2945542418227327,,1158.7,1159.5,55.403590580665444,52.81537527804064,50.22715997541584,-3.8813179519384233,False,True
2017-01-02,0,,,missing bar,,,missing bar,,,,missing bar,,,,,,,True,False
2017-01-03,1,19.088942889753024,1.302761855132882,,-37.3442615597161,1.3002773925104025,,1153.6,87.49568530919711,1.3051422605063956,,1149.3,1151.4,-68.40674241944409,-71.01464653508337,-73.62255065072264,17.786181034620142,False,True
2017-01-04,2,22.396425935048814,1.293549499827527,,35.21886559227701,1.290766715428965,,1162.1,-17.16443950420444,1.2862287772251757,,1166.2,1159.6,39.560865439253256,36.98108716220055,34.40130888514785,21.102876435221287,False,True
2017-01-05,3,114.40404808512457,1.2879958784131895,,-39.12567719772439,1.273344651952462,,1178.0,62.86123316157902,1.278227524499361,,1173.5,1164.6,51.54281492354555,48.976591520632994,46.41036811772045,113.11605220671139,False,True
2017-01-06,4,-50.08286857467089,1.2701100762066049,,11.906788275219215,1.2764871074802149,,1175.1,-30.64614639957767,1.2749681257968553,,1176.5,1181.0,-19.43672217509322,-21.981800377096683,-24.526878579100142,-51.352978650877496,False,True
2017-01-09,0,7.670345967746691,1.2788814050643704,,40.80597348047326,1.277791975466394,,1173.9,22.035774659548576,1.2726964194807402,,1178.6,1172.9,-14.365428691801885,-16.917006516346994,-19.468584340892107,6.39146456268232,False,True
2017-01-10,1,24.519141432016657,1.2697875222212818,,-16.904745805798523,1.2667848999239932,,1184.1,46.419461332733924,1.268928178665088,,1182.1,1181.3,-21.900319900717268,-24.43903560160364,-26.977751302490006,23.249353909795374,False,True
2017-01-11,2,3.3661533600707663,1.2625199898998405,,0.0,1.2620950778291968,,1188.5,24.368736062366473,1.2619888944977287,,1188.6,1188.1,-21.002582702295708,-23.527091586693277,-26.051600471090847,2.1036333701709258,False,True
2017-01-12,3,74.4430688923658,1.259340105784569,,36.59960831487127,1.2500000000000002,,1200.0,-78.34679182090868,1.2453300124533004,,1204.5,1191.1,152.7898607132745,150.28519059503662,147.78052047679876,73.18372878658123,False,True
2017-01-13,4,10.038481686222589,1.2554402410445265,,15.038853197849482,1.254180602006689,,1196.0,-4.175191075641673,1.2522958757722493,,1197.8,1194.8,14.213672761864263,11.705936645047487,9.19820052823071,8.783041445178062,False,True
2017-01-16,0,38.279151343568806,1.2506253126563283,,-6.646726731909514,1.2458471760797343,,1204.0,,,missing bar,,1199.4,,,,37.02852603091248,False,False
2017-01-17,1,65.46532599320629,1.2470901230462257,,2.477598393976508,1.2389526720079294,,1210.7,46.9581124031117,1.2386457473162678,,1211.0,1202.8,18.507213590094594,16.021477719732097,13.535741849369607,64.21823587016007,False,True
2017-01-18,2,-47.77997391990778,1.2327416173570023,,6.604474771562363,1.238748038648939,,1210.9,-66.24185851787784,1.2379301807378065,,1211.7,1216.8,18.461884597970062,15.991212799875253,13.520541001780444,-49.01271553726478,False,True
2017-01-19,3,-33.30283654091252,1.2467791538525477,,40.77732109785186,1.2508338892595063,,1199.2,0.8303923608674931,1.245640259093174,,1204.2,1203.1,-34.133228901780015,-36.62564831472574,-39.11806772767146,-34.54961569476507,False,True
2017-01-20,4,7.467330776360401,1.2450199203187253,,-47.387543471734695,1.244090569793481,,1205.7,84.64078412129363,1.2500000000000002,,1200.0,1204.8,-77.17345334493324,-79.66847326525196,-82.16349318557069,6.222310856041676,False,True
2017-01-23,0,34.67066375426411,1.2403870007442324,,4.11912515607055,1.2359920896506265,,1213.6,31.25259555030012,1.2355848434925865,,1214.0,1209.3,3.4180682039639905,0.9420963597271717,-1.5338754845096467,33.43027675351988,False,True
2017-01-24,1,-41.959829550073444,1.2315270935960594,,0.0,1.2368073878627972,,1212.8,-34.690709606491055,1.2368073878627972,,1212.8,1218.0,-7.269119943582389,-9.737454425041244,-12.205788906500102,-43.1913566436695,False,True
2017-01-25,2,-43.11781141206618,1.2411054112195932,,9.135833864940789,1.246364769422518,,1203.5,-34.92727043408464,1.2452266312468872,,1204.6,1208.6,-8.190540977981541,-10.67687302044802,-13.163205062914502,-44.358916823285774,False,True
2017-01-26,3,-39.220645260953084,1.2492712584325811,,-73.014465616458,1.2542854753741952,,1195.9,7.5779905112559245,1.2634770889487872,,1187.2,1200.7,-46.79863577220901,-49.31138411959038,-51.82413246697175,-40.46991651938566,False,True
2017-01-27,4,-57.379281552787425,1.2620950778291968,,-0.8462742780000962,1.2693577050012694,,1181.7,80.08472728337631,1.2695725772323319,,1181.5,1188.5,-137.46400883616374,-139.99567649122528,-142.5273441462868,-58.64137663061662,True,True
2017-01-30,0,-9.23477377470919,1.2587060501804146,,-4.200445308956176,1.2598689736267432,,1190.6,32.7112893905801,1.2601865076031253,,1190.3,1191.7,-41.94606316528929,-44.464955723072826,-46.98384828085637,-10.493479824889604,True,True
2017-01-31,1,45.09025675590706,1.2553351744915893,,34.92727043408491,1.2495834721759413,,1200.4,44.75392850248874,1.24595066035385,,1203.9,1194.9,0.33632825341832273,-2.1649575814271165,-4.666243416272556,43.83492158141547,True,True
2017-02-01,2,,,roll,24.77497344535629,1.2402844385645775,,1209.4,-5.775339461712879,1.2372154404486968,,1212.4,,,,,,True,False
2017-02-02,3,42.01859941206333,1.2384412153236461,,49.21269774805825,1.2333497779970402,,1216.2,-39.347538264721905,1.2271946330688048,,1222.3,1211.2,81.36613767678523,78.90050182839278,76.43486598000032,40.780158196739684,True,True
2017-02-03,4,-18.08170131835683,1.2317293480045985,,-18.114455344403808,1.23395853899309,,1215.6,66.52728737766512,1.2360939431396787,,1213.5,1217.8,-84.60898869602195,-87.07681198716622,-89.54463527831051,-19.31343066636143,False,True
2017-02-06,0,21.25573069745781,1.2275963663147558,,51.32603226520216,1.2251899044351877,,1224.3,54.297309135400816,1.218917601170161,,1230.6,1221.9,-33.041578437943,-35.48809240542792,-37.93460637291284,20.028134331143054,False,True
2017-02-07,1,-34.824898528214405,1.212709192335678,,0.0,1.2169398020444593,,1232.6,24.311195118196736,1.2170385395537526,,1232.5,1236.9,-59.13609364641114,-61.565841378300576,-63.995589110190004,-36.037607720550085,False,True
2017-02-08,2,-16.20483258516437,1.214378238341969,,67.07366857011908,1.2162490878131844,,1233.3,12.073893687154118,1.2081185567010313,,1241.6,1235.2,-28.27872627231849,-30.70122306736149,-33.12371986240449,-17.41921082350634,False,True
2017-02-09,3,-9.661058637275973,1.2070491671360748,,-9.671180637748218,1.2083131947800871,,1241.4,-87.46411442868522,1.2094823415578133,,1240.2,1242.7,77.80305579140925,75.38652428271536,72.96999277402148,-10.868107804412048,False,True
2017-02-10,4,-52.185376095334355,1.2199089134677947,,35.09491461679446,1.2263919548687763,,1223.1,59.29914618701203,1.2220954863940037,,1227.4,1229.6,-111.48452228234638,-113.92652668220816,-116.36853108206998,-53.40528500880215,False,True
2017-02-13,0,-9.727627226221706,1.215362177929023,,-23.547572896050074,1.2165450121654504,,1233.0,-33.383575359267134,1.2193139326938711,,1230.2,1234.2,23.655948133045428,21.221272022422532,18.78659591179964,-10.94298940415073,False,True
2017-02-14,1,14.669929281258904,1.2233912405187182,,54.416377933284146,1.221597849987784,,1227.9,-44.64474317368371,1.214870008909047,,1234.7,1226.1,59.31467245494261,56.87641120551485,54.43814995608708,13.446538040740187,False,True
2017-02-15,2,-17.107250312830118,1.2209018394921052,,5.705669144478253,1.222992254382389,,1226.5,60.11390970235553,1.2221950623319484,,1227.3,1228.6,-77.22116001518565,-79.6642569170097,-82.10735381883376,-18.32815215232222,False,True
2017-02-16,3,7.288925206288326,1.2152637122255532,,28.295422896425833,1.214378238341969,,1235.2,11.295789485723747,1.2109469605231291,,1238.7,1234.3,-4.006864279435421,-6.4330749521841035,-8.859285624932784,6.0736614940627724,False,True
2017-02-17,4,-22.591586177876124,1.2088974854932304,,40.30638266169639,1.211631663974152,,1238.0,-57.27900780033558,1.2066607674362484,,1243.1,1240.8,34.68742162245945,32.271863369529974,29.856305116600495,-23.800483663369356,False,True
2017-02-20,0,-4.853976310822017,1.2131996117761243,,16.170766783819634,1.2137886389383399,,1235.8,,,missing bar,,1236.4,,,,-6.067175922598142,False,False
2017-02-21,1,-33.94765626859933,1.2103606874848707,,-34.06605614190792,1.2145748987854252,,1235.0,47.82177300124764,1.2187195320117,,1230.8,1239.3,-81.76942926984697,-84.19850948934354,-86.6275897088401,-35.158016956084204,False,True
2017-02-22,2,-12.13445119165201,1.212709192335678,,30.71205840860139,1.2141816415735796,,1235.4,-8.072980175270915,1.2104583602324082,,1239.2,1236.9,-4.061471016381095,-6.4846385689491814,-8.907806121517268,-13.347160383987688,False,True
2017-02-23,3,-8.078850011227994,1.2113381248485828,,54.80790700515165,1.2123171421643906,,1237.3,51.302717732754544,1.2054970666238047,,1244.3,1238.3,-59.38156774398254,-61.798402935454924,-64.21523812692732,-9.290188136076576,False,True
2017-02-24,4,30.339344629461024,1.1994242763473535,,35.01515594108269,1.1957908163265307,,1254.4,-6.357279298659814,1.1916110581506199,,1258.8,1250.6,36.696623928120836,34.305588593622865,31.91455325912489,29.13992035311367,False,True
2017-02-27,0,-14.308428514283635,1.191516403209151,,-6.365879104131398,1.1932224962214624,,1257.1,-23.9062987391641,1.1938872970391596,,1256.4,1258.9,9.597870224880465,7.212466524632154,4.827062824383844,-15.499944917492787,False,True
2017-02-28,1,6.381112125275013,1.1968403414984443,,-0.7974163713797532,1.1960768678733755,,1254.1,-41.55351991643771,1.196172248803828,,1254.0,1253.3,47.93463204171272,45.54161945141045,43.14860686110817,5.184271783776569,False,True
2017-03-01,2,-20.044103724294015,1.2014417300760916,,-26.522016752242248,1.2039489525644114,,1245.9,58.571194843977864,1.2070491671360748,,1242.7,1248.5,-78.61529856827188,-81.02378946548406,-83.43228036269622,-21.245545454370106,False,True
2017-03-02,3,-28.84386263845031,1.2000960076806146,,-45.03425383505274,1.2035625451335956,,1246.3,-50.90714399874662,1.2089949222213268,,1240.7,1249.9,22.06328136029631,19.65419043039437,17.245099500492426,-30.043958646130925,False,True
2017-03-03,4,-56.85063634608306,1.2147716229348884,,4.071164002002501,1.221597849987784,,1227.9,52.770571008438196,1.2210012210012213,,1228.5,1234.8,-109.62120735452126,-112.05698019845737,-114.49275304239347,-58.06540796901795,False,True
2017-03-06,0,-16.22191936559633,1.215657670799903,,1.6233766269393806,1.217631301241984,,1231.9,-53.71106662455246,1.2174336498660825,,1232.1,1233.9,37.48914725895612,35.05605593829014,32.62296461762415,-17.437577036396235,False,True
2017-03-07,1,-2.4478805556520227,1.223790487068614,,-19.6046460438192,1.2240900930308471,,1225.4,-58.223133847997346,1.2264922322158627,,1223.0,1225.7,55.775253292345326,53.32497057306085,50.87468785377637,-3.6716710427206367,False,True
2017-03-08,2,-15.64236930322045,1.23395853899309,,-14.016574830561037,1.2358902529455384,,1213.7,-32.23010103741701,1.2376237623762378,,1212.0,1215.6,16.58773173419656,14.116149432827232,11.644567131457904,-16.87632784221354,False,True
2017-03-09,3,-24.871510085224834,1.2420303055394553,,24.873572230631268,1.2452266312468872,,1204.6,-56.4644861469196,1.2420303055394553,,1207.7,1207.7,31.592976061694763,29.108915450615854,26.624854839536944,-26.11354039076429,False,True
2017-03-10,4,-40.07352165258673,1.2497917013831028,,11.70372980945448,1.2547051442910917,,1195.5,63.29662175601271,1.2532375302865737,,1196.9,1200.2,-103.37014340859943,-105.8731726402691,-108.37620187193879,-41.32331335396983,False,True
2017-03-13,0,47.19137788939188,1.244813278008299,,-52.171871061157916,1.2389526720079294,,1210.7,-5.81419510544099,1.2455368263721667,,1204.3,1205.0,53.00557299483287,50.5152228904524,48.02487278607194,45.94656461138358,False,True
2017-03-14,1,-18.296744957972567,1.246364769422518,,24.111423030180845,1.2486472987596773,,1201.3,-48.27710391995068,1.2455368263721667,,1204.3,1203.5,29.980358961978116,27.488457366183432,24.996555770388746,-19.543109727395084,False,True
2017-03-15,2,41.625101726350564,1.2513556352715443,,-19.96008646714816,1.2462612163509472,,1203.6,151.18632386770216,1.2486472987596773,,1201.3,1198.7,-109.56122214135159,-112.06122507538282,-114.56122800941404,40.37374609107902,False,True
2017-03-16,3,57.23646042568943,1.2300123001230014,,3.2607809859317425,1.222992254382389,,1226.5,-6.52262558795988,1.222593528404923,,1226.9,1219.5,63.75908601364931,61.30648018512139,58.85387435659346,56.00644812556643,False,True
2017-03-17,4,9.781546264091254,1.223291469580819,,26.85002223294252,1.2220954863940037,,1227.4,-14.63652887739375,1.2188185585439182,,1230.7,1226.2,24.418075141485005,21.975965113360267,19.53385508523553,8.558254794510436,False,True
2017-03-20,0,40.6009489929836,1.2205044751830758,,-24.34078280879641,1.2155591572123179,,1234.0,24.340782808796973,1.2185215272136476,,1231.0,1229.0,16.260166184186623,13.8211401817899,11.382114179393177,39.38044451780052,False,True
2017-03-21,1,-35.714323675972445,1.215362177929023,,26.7955176363037,1.2196113505163022,,1229.9,92.01776123122028,1.2163477132662992,,1233.2,1234.2,-127.73208490719273,-130.16379479838804,-132.59550468958338,-36.92968585390147,False,True
2017-03-22,2,24.077058180271447,1.2053033346725595,,-17.65083898570954,1.2024048096192386,,1247.5,25.661601892920565,1.2044323109041273,,1245.4,1244.5,-1.5845437126491184,-3.994279358225805,-6.404015003802492,22.871754845598886,False,True
2017-03-23,3,-9.615385356213379,1.2013455069678043,,4.808848373505578,1.2025012025012025,,1247.4,-24.067400305649763,1.201923076923077,,1248.0,1248.6,14.452014949436384,12.048746365545503,9.645477781654622,-10.816730863181183,False,True
2017-03-24,4,-20.10050928024223,1.2048192771084338,,25.723486853110835,1.2073406310367032,,1242.4,-19.284859331552372,1.2041422493377218,,1245.7,1245.0,-0.8156499486898561,-3.2246114751360118,-5.6335730015821674,-21.305328557350663,False,True
2017-03-27,0,101.45072433694246,1.2043356081894823,,1.5893197744845964,1.192084558531352,,1258.3,-35.02351745366524,1.191895113230036,,1258.5,1245.5,136.4742417906077,134.07801106918816,131.68178034776867,100.24638872875298,False,True
2017-03-28,1,-15.968067265191236,1.196649381731153,,29.518550294356913,1.1984659635666348,,1251.6,-31.91322319168263,1.194838298550263,,1255.4,1253.5,15.945155926491394,13.553668246209979,11.162180565928562,-17.16471664692239,False,True
2017-03-29,2,-7.197984875099651,1.1992324912056287,,21.58015464038689,1.200192030724916,,1249.8,6.38569625786021,1.1977004152028108,,1252.4,1250.8,-13.58368113295986,-15.9806140393683,-18.37754694577674,-8.39721736630528,False,True
2017-03-30,3,-20.7700985356549,1.1970313622216904,,-6.400000218454635,1.199616122840691,,1250.4,-65.83196543516694,1.200288069136593,,1249.7,1253.1,45.06186689951204,42.664547468153756,40.26722803679547,-21.96712989787659,False,True
2017-03-31,4,1.6100466948318248,1.2076322357298126,,0.0,1.2079239813174427,,1241.8,49.827315177972025,1.208507895584918,,1241.2,1242.1,-48.2172684831402,-50.63340861445493,-53.04954874576966,0.40241445910201223,False,True
2017-04-03,0,-25.59387144517187,1.1981787682722262,,-4.0046454421704105,1.2011531069827035,,1248.8,56.71621226426121,1.2016342225426582,,1248.3,1251.9,-82.31008370943309,-84.70989670024797,-87.10970969106286,-26.792050213444096,True,True
2017-04-04,1,35.77821347883902,1.1947431302270015,,18.2358821596246,1.1903817157368466,,1260.1,-34.91512831223983,1.1882129277566542,,1262.4,1255.5,70.69334179107885,68.3103857330952,65.92742967511154,34.58347034861202,True,True
2017-04-05,2,-3.9747208281939126,1.1921793037672868,,-25.475692466329072,1.192653255943389,,1257.7,24.68055868465047,1.195695496213631,,1254.5,1258.2,-28.655279512844384,-31.0431543128253,-33.43102911280622,-5.166900131961199,False,True
2017-04-06,3,-16.712430773022778,1.1927480916030537,,-11.157157676357004,1.1947431302270015,,1255.5,-3.9877178819299663,1.1960768678733755,,1254.1,1257.6,-12.72471289109281,-15.11353785056924,-17.502362810045668,-17.90517886462583,False,True
2017-04-07,4,89.71518235001696,1.196267644947763,,-3.162055362315652,1.1855833069870376,,1265.2,-69.81384960288901,1.1858644952170134,,1264.9,1253.9,159.52903195290597,157.1468998127412,154.76476767257643,88.5189147050692,False,True
2017-04-10,0,-0.7964637015869266,1.1946479770627592,,-29.513841070386867,1.1947431302270015,,1255.5,37.47861330513792,1.1983702165055525,,1251.7,1255.6,-38.27507700672485,-40.66809520029316,-43.061113393861476,-1.9911116786496859,False,True
2017-04-11,1,15.900782488404333,1.1935073201782307,,4.764930204512078,1.191516403209151,,1258.9,134.07140888873644,1.1909487892020645,,1259.5,1256.8,-118.17062640033211,-120.5550825097124,-122.9395386190927,14.707275168226102,False,True
2017-04-12,2,-0.7829933841071555,1.1744440964610086,,-7.049700679697103,1.1745360582569888,,1277.1,99.0222897648746,1.1753643629525155,,1276.2,1277.2,-99.80528314898176,-102.15509160839528,-104.5049000678088,-1.957437480568164,False,True
2017-04-13,3,-17.091365254379486,1.164325079562214,,21.745892384246584,1.1662260923651067,,1286.2,8.530107919033606,1.1636927851047325,,1289.0,1288.3,-25.621473173413094,-27.94949103808004,-30.277508902746987,-18.2556903339417,False,True
2017-04-14,4,,,missing bar,,,missing bar,,,,missing bar,,,,,,,False,False
2017-04-17,0,-20.913217799977215,1.1606313834726092,,-10.085729548847745,1.1631513647642682,,1289.6,-15.53639712809233,1.164325079562214,,1288.3,1292.4,-5.376820671884884,-7.701777134919707,-10.02673359795453,-22.073849183449823,False,True
2017-04-18,1,-15.555731533804524,1.1657729074376313,,11.669066631988697,1.1675877636802368,,1284.7,41.1219883513229,1.1662260923651067,,1286.2,1286.7,-56.67771988512742,-59.009718884930166,-61.3417178847329,-16.721504441242153,False,True
2017-04-19,2,-41.115608132678304,1.161260354571495,,-21.789891890002686,1.166044776119403,,1286.4,-13.251746102655552,1.1684973124561815,,1283.7,1291.7,-27.86386203002275,-30.19361969705043,-32.5233773640781,-42.2768684872498,False,True
2017-04-20,3,0.0,1.1698642957416943,,-10.143967160664664,1.1698642957416943,,1282.2,21.83747553196779,1.1711430356027486,,1280.8,1282.2,-21.83747553196779,-24.178482863312233,-26.519490194656676,-1.1698642957416943,False,True
2017-04-21,4,-17.158013880273707,1.16886152887088,,31.17452450707544,1.1708687846382018,,1281.1,6.2227755586137405,1.1671335200746968,,1285.2,1283.3,-23.380789438887447,-25.716784487833024,-28.0527795367786,-18.326875409144588,False,True
2017-04-24,0,-57.98026114971157,1.1718750000000002,,-13.367409106669225,1.178689297501179,,1272.6,54.92794726632941,1.1802659532614683,,1270.9,1280.0,-112.90820841604099,-115.26034936930246,-117.61249032256393,-59.15213614971157,False,True
2017-04-25,1,-28.995749322698217,1.1738007668831678,,-27.50817154902242,1.1773016246762422,,1274.1,-39.43222775040039,1.180637544273908,,1270.5,1277.9,10.436478427702177,8.0820401165451,5.727601805388025,-30.169550089581385,False,True
2017-04-26,2,-8.695996437159781,1.185302252074279,,8.69599643716055,1.1863334387851947,,1264.4,41.00305381971735,1.1852085967130217,,1265.6,1265.5,-49.69905025687713,-52.069561105664434,-54.44007195445173,-9.881298689234061,False,True
2017-04-27,3,-36.280503554851514,1.1809163911195089,,0.0,1.1852085967130217,,1265.6,-3.1608060318481623,1.1851149561507468,,1265.7,1270.2,-33.11969752300335,-35.48572887027361,-37.85176021754386,-37.46141994597102,False,True
2017-04-28,4,15.006123733686428,1.1855833069870376,,11.830120863912127,1.1837121212121213,,1267.2,6.303679981804247,1.182312603452353,,1268.7,1265.2,8.702443751882182,6.334547841442792,3.966651931003401,13.82054042669939,False,True
2017-05-01,0,-48.95390747599144,1.1814744801512291,,11.86662059270466,1.1873664212776065,,1263.3,-59.469707045353545,1.1858644952170134,,1264.9,1269.6,10.515799569362102,8.14846059399386,5.781121618625617,-50.13538195614267,True,True
2017-05-02,1,-5.568593278618238,1.1929378081756006,,-8.75691653300495,1.1936022917164002,,1256.7,16.70977114484662,1.1945528390539142,,1255.7,1257.4,-22.278364423464858,-24.66585507069437,-27.05334571792389,-6.7615310867938385,False,True
2017-05-03,2,-15.11716085321856,1.1925584353633332,,-11.153602176042112,1.194362608487937,,1255.9,-129.15826733228593,1.1956001912960308,,1254.6,1257.8,114.04110647906737,111.65294785240799,109.26478922574864,-16.309719288581896,False,True
2017-05-04,3,-21.824363025350948,1.2111425111021399,,-8.095855364467232,1.2138868657441129,,1235.7,-50.34521393128024,1.214968410821319,,1234.6,1238.5,28.520850905929294,26.094739984005834,23.668629062082374,-23.035505536453087,False,True
2017-05-05,4,31.695747612790395,1.2210012210012213,,-0.8115236360709879,1.2172360626470828,,1232.3,-30.886800138030324,1.2173348482389224,,1232.2,1228.5,62.58254775082072,60.14421168158058,57.705875612340435,30.474746391789175,False,True
2017-05-08,0,56.255498731457486,1.2263919548687763,,21.927161910105834,1.2195121951219514,,1230.0,-52.869292288861764,1.2168410805548797,,1232.7,1223.1,109.12479102031925,106.68155798489559,104.23832494947195,55.02910677658871,False,True
2017-05-09,1,11.407155152043972,1.2228925485080713,,-33.44621138026974,1.221597849987784,,1227.9,-20.44906851397262,1.2256904722993955,,1223.8,1226.6,31.85622366601659,29.407640645209124,26.959057624401655,10.1842626035359,False,True
2017-05-10,2,-4.092155395321301,1.2273954668194094,,16.357245816082084,1.227797331587133,,1221.7,-37.661744205220394,1.225790634959549,,1223.7,1222.1,33.569588809899095,31.116402708120138,28.66321660634118,-5.31955086214071,False,True
2017-05-11,3,22.93954799158727,1.2303149606299215,,15.53620656752151,1.2274959083469723,,1222.0,8.983625905345782,1.2255903260070269,,1223.9,1219.2,13.955922086241486,11.500016799604538,9.04411151296759,21.709233030957346,False,True
2017-05-12,4,21.201997667535966,1.2244897959183676,,4.07249038412024,1.2219959266802447,,1227.5,-2.4430962294237766,1.2213989088836417,,1228.1,1225.0,23.645093896959743,21.199205192157734,18.753316487355725,19.9775078716176,False,True
2017-05-15,0,26.018390155439274,1.2212000325653345,,7.3054916192031545,1.218026796589525,,1231.5,-16.240360857346733,1.2170385395537526,,1232.5,1228.3,42.25875101278601,39.82051244066692,37.382273868547834,24.79719012287394,False,True
2017-05-16,1,34.87573996081821,1.2187195320117,,0.0,1.2145748987854252,,1235.0,14.564287710798741,1.2145748987854252,,1235.0,1230.8,20.311452250019467,17.87815781922234,15.444863388425217,33.65702042880651,False,True
2017-05-17,2,49.18373147977352,1.2124151309408342,,34.525707747563885,1.206466661304593,,1243.3,107.61792253930166,1.202212070209185,,1247.7,1237.2,-58.43419105952814,-60.84881826067816,-63.26344546182818,47.97131634883269,False,True
2017-05-18,3,-45.290292346326915,1.1891549072459173,,33.391667216658085,1.1945528390539142,,1255.7,-104.52083823402093,1.1905706802127154,,1259.9,1261.4,59.230545887694014,56.850820300235384,54.47109471277675,-46.47944725357283,False,True
2017-05-19,4,24.83279202994112,1.2030798845043313,,23.973161553307648,1.2000960076806146,,1249.9,21.525100988498192,1.197126895450918,,1253.0,1246.8,3.3076910414429292,0.9074842614876799,-1.4927225184675699,23.62971214543679,False,True
2017-05-22,0,-27.074391438902552,1.1928429423459246,,19.117418599260763,1.1959815021527669,,1254.2,30.988066591280468,1.1936972783702056,,1256.6,1257.5,-58.06245803018302,-60.44899825089916,-62.83553847161528,-28.26723438124848,False,True
2017-05-23,1,11.893907757452977,1.1900983814662012,,-19.83104604222677,1.1886837308820033,,1261.9,-67.72664428114545,1.191137933772731,,1259.3,1260.4,79.62055203859843,77.2393157233595,74.85807940812057,10.703809375986776,False,True
2017-05-24,2,-11.996642379328039,1.1989449284629528,,20.7850422578869,1.2003841229193344,,1249.6,50.979877816230726,1.197891710589363,,1252.2,1251.1,-62.97652019555876,-65.37335683461107,-67.7701934736634,-13.19558730779099,False,True
2017-05-25,3,-6.3593006912613,1.191989828353465,,2.3854013550868656,1.1928429423459246,,1257.5,-19.89575285240212,1.1925584353633332,,1257.8,1258.4,13.536452161140819,11.15190389742402,8.767355633707222,-7.551290519614765,False,True
2017-05-26,4,45.31189437214249,1.195123894510398,,34.834965160371205,1.1896264572924102,,1260.9,11.058452943689725,1.185489607207777,,1265.3,1255.1,34.25344142845277,31.872827926734594,29.492214425016417,44.116770477632095,False,True
2017-05-29,0,-4.735222249319645,1.1835253274420072,,-2.3684522275476296,1.1840858856962426,,1266.8,,,missing bar,,1267.4,,,,-5.918747576761652,True,False
2017-05-30,1,7.89141455094119,1.1841793637009552,,-46.642244327438675,1.1830586008360282,,1267.9,-2.377461674628652,1.1885895404120446,,1262.0,1266.7,10.26887622556984,7.8961073214568405,5.523338417343841,6.707235187240235,True,True
2017-05-31,2,-11.88919412429056,1.1882129277566542,,19.015931568109703,1.1896264572924102,,1260.9,30.806928270996472,1.186708860759494,,1264.0,1262.4,-42.696122395287034,-45.07104418380318,-47.44596597231933,-13.077407052047214,False,True
2017-06-01,3,,,roll,-2.363786797437645,1.181753722524226,,1269.3,-6.30616448456415,1.182033096926714,,1269.0,,,,,,False,False
2017-06-02,4,-39.510126466801,1.1829652996845428,,15.033432431378014,1.187742497426558,,1262.9,131.1725990886352,1.1859582542694498,,1264.8,1268.0,-170.6827255554362,-173.0516491093902,-175.4205726633442,-40.69309176648554,False,True
2017-06-05,0,0.7796359104261975,1.1694994542335884,,6.23441416701889,1.1693171188026195,,1282.8,-12.473689931060532,1.1686793922867162,,1283.5,1282.6,13.25332584148673,10.915146994966426,8.57696814844612,-0.38986354380739086,False,True
2017-06-06,1,66.05813801717822,1.169590643274854,,17.025232405258116,1.1618000154906671,,1291.1,25.483623196966946,1.159823706796567,,1293.3,1282.5,40.57451482021128,38.24510047013986,35.915686120068436,64.88854737390336,False,True
2017-06-07,2,-18.521382050341813,1.1565150346954511,,-24.748659190430185,1.158659045264947,,1294.6,-14.723548709671658,1.1615301223478398,,1291.4,1297.0,-3.797833340670156,-6.115878497713446,-8.433923654756738,-19.677897085037266,False,True
2017-06-08,3,0.0,1.163241566498643,,-30.290108980966565,1.163241566498643,,1289.5,-41.31109971169508,1.1667703795892972,,1285.6,1289.5,41.31109971169508,38.98108776560714,36.6510758195192,-1.163241566498643,False,True
2017-06-09,4,-68.79864522319535,1.1686793922867162,,7.0579934702684115,1.1767474699929397,,1274.7,-53.450842553189915,1.1759172154280342,,1275.6,1283.5,-15.347802670005436,-17.692399277720185,-20.036995885434937,-69.96732461548207,False,True
2017-06-12,0,-8.667218759490698,1.1813814286839412,,18.115233560244455,1.1824990145841547,,1268.5,-22.059411765863405,1.1804517195246715,,1270.7,1269.7,13.392193006372707,11.030359858164093,8.668526709955483,-9.84860018817464,False,True
2017-06-13,1,0.7887990538486004,1.1832452472982569,,-13.419112405595694,1.1832452472982569,,1267.7,19.727763352151346,1.184834123222749,,1266.0,1267.7,-18.938964298302746,-21.307043668823752,-23.675123039344758,-0.3944461934496565,False,True
2017-06-14,2,16.542600960264682,1.1825922421948913,,-18.908065193649612,1.180637544273908,,1270.5,-44.258350913389854,1.1828720132481667,,1268.1,1268.4,60.80095187365454,58.43548761821148,56.070023362768424,15.36000871806979,False,True
2017-06-15,3,2.3755790585632615,1.187930624851509,,-42.85040678230242,1.187742497426558,,1262.9,-15.917233762545676,1.1928429423459246,,1257.5,1262.7,18.29281282110894,15.912039253911503,13.531265686714072,1.1876484337117525,False,True
2017-06-16,4,0.0,1.1946479770627592,,6.369426966931405,1.1946479770627592,,1255.6,-9.555662456686795,1.1938872970391596,,1256.4,1255.6,9.555662456686795,7.167127182584876,4.778591908482957,-1.1946479770627592,False,True
2017-06-19,0,-16.736405580295372,1.1944577161968468,,-11.972703669090677,1.1965539246968733,,1253.6,-55.259821074487746,1.197987381199585,,1252.1,1255.8,38.52341549419238,36.13097039679595,33.73852529939951,-17.93086329649222,False,True
2017-06-20,1,15.244516933117543,1.2044323109041273,,-9.625411828415597,1.2025976108394134,,1247.3,-16.062970283765974,1.20375571783966,,1246.1,1245.4,31.307487216883516,28.89929918813973,26.491111159395942,14.040084622213415,False,True
2017-06-21,2,19.275566164121116,1.2058847174210148,,-1.605007627231545,1.203659123736158,,1246.2,12.03128278275241,1.2038523274478332,,1246.0,1243.9,7.244283381368707,4.834546336499859,2.4248092916310107,18.069681446700102,False,True
2017-06-22,3,59.99298080008269,1.2034659820282414,,-17.560668625143432,1.196267644947763,,1253.9,-4.794246995544326,1.1982744847419717,,1251.8,1246.4,64.78722779562702,62.385487328856804,59.98374686208659,58.78951481805445,False,True
2017-06-23,4,27.940783754476865,1.1991366216324248,,31.83702147924608,1.1957908163265307,,1254.4,-4.769096346652302,1.191989828353465,,1258.4,1250.9,32.709880101129166,30.318753651143275,27.927627201157385,26.74164713284444,False,True
2017-06-26,0,-19.891003892867214,1.19227406406486,,-106.49898472437015,1.1947431302270015,,1255.5,24.11964507471505,1.2074378169524271,,1242.3,1258.1,-44.01064896758226,-46.41036084859955,-48.810072729616834,-21.083277956932076,False,True
2017-06-27,1,49.66764996810026,1.20462576292965,,-15.994885047936052,1.1986575035959726,,1251.4,-14.418458121097913,1.2006723765308576,,1249.3,1245.2,64.08610808919818,61.680809949737665,59.275511810277166,48.463024205170605,False,True
2017-06-28,2,32.0179573934573,1.2025976108394134,,12.778533804979435,1.1987532965715657,,1251.3,-28.772398365987506,1.197126895450918,,1253.0,1247.3,60.79035575944481,58.390631253154474,55.99090674686414,30.81535978261789,False,True
2017-06-29,3,15.193317864074821,1.2003841229193344,,-52.87202895919051,1.1984659635666348,,1251.6,4.818116209804218,1.2048192771084338,,1245.0,1249.6,10.375201654270603,7.969998254242834,5.564794854215066,13.992933741155486,False,True
2017-06-30,4,-16.0745895407011,1.20462576292965,,1.608622218542618,1.2065637065637067,,1243.2,-16.902092639069327,1.2062726176115806,,1243.5,1245.2,0.8275030983682257,-1.5833952821730048,-3.9942936627142354,-17.27921530363075,False,True
2017-07-03,0,-44.392501976234875,1.2080212611741967,,-26.72823848536983,1.2132977432661978,,1236.3,-110.09285508369368,1.2165450121654504,,1233.0,1241.7,65.7003531074588,63.27578683411915,60.8512205607795,-45.60052323740907,False,True
2017-07-04,1,39.26385412351391,1.229407425620851,,-4.082465866049336,1.2244897959183676,,1225.0,,,missing bar,,1220.1,,,,38.03444669789306,False,False
2017-07-05,2,17.972392714477724,1.2264922322158627,,-35.977144284276996,1.2242899118511263,,1225.2,45.7629302373421,1.2286018510934558,,1220.9,1223.0,-27.790537522864373,-30.24563160617369,-32.70072568948301,16.745900482261863,False,True
2017-07-06,3,-17.136566272864545,1.222992254382389,,-13.077239297252163,1.2251899044351877,,1224.3,16.34387877097194,1.2267931626727737,,1222.7,1226.5,-33.48044504383648,-35.93023046089165,-38.38001587794681,-18.359558527246936,False,True
2017-07-07,4,-28.621682048778972,1.2248897599216073,,6.54878870817857,1.2283000327546678,,1221.2,-82.99484757098831,1.2274959083469723,,1222.0,1224.6,54.37316552220934,51.92077985394076,49.46839418567218,-29.846571808700578,False,True
2017-07-10,0,-52.1114542116116,1.2375216566289913,,47.16014201275348,1.2439873942610715,,1205.8,18.14283855735452,1.2381345439537765,,1211.5,1212.1,-70.25429276896612,-72.72994896954889,-75.20560517013166,-53.34897586824059,False,True
2017-07-11,1,-25.572296880601012,1.235788433020267,,-8.263097478920931,1.2389526720079294,,1210.7,60.16419021724562,1.2399768537653966,,1209.7,1213.8,-85.73648709784663,-88.2122523846323,-90.68801767141797,-26.80808531362128,False,True
2017-07-12,2,7.3955383624693285,1.2330456226880397,,-4.107957170696458,1.2321340561853131,,1217.4,22.98285506438137,1.232640315555921,,1216.9,1216.5,-15.58731670191204,-18.053002640156002,-20.51868857839996,6.162492739781289,False,True
2017-07-13,3,26.212334798742873,1.2303149606299215,,-25.39215846037101,1.2270942408376966,,1222.4,-21.346477728156035,1.230214057245961,,1219.3,1219.2,47.558812526898905,45.09828350902303,42.63775449114714,24.98201983811295,False,True
2017-07-14,4,5.753030773015883,1.2331469911213417,,36.086318172839896,1.2324377618930247,,1217.1,52.25354802665251,1.2278978388998036,,1221.6,1216.4,-46.50051725363663,-48.96156208365778,-51.42260691367892,4.519883781894541,False,True
2017-07-17,0,5.695455993835084,1.220802474159681,,35.72882404123629,1.2202066216546004,,1229.3,-4.053670654236276,1.2158547458863582,,1233.7,1228.7,9.74912664807136,7.312469428025321,4.875812207979282,4.474653519675403,False,True
2017-07-18,1,26.72174552525851,1.2162490878131844,,4.042527443175624,1.2130033964095102,,1236.6,39.53371561499,1.2126111560226356,,1237.0,1233.3,-12.811970089731492,-15.240830333567311,-17.66969057740313,25.505496437445323,False,True
2017-07-19,2,-21.762794225955172,1.207729468599034,,15.319495033966728,1.2103606874848707,,1239.3,-2.4173079365119436,1.208507895584918,,1241.2,1242.0,-19.34548628944323,-21.761723653627183,-24.177961017811135,-22.970523694554206,False,True
2017-07-20,3,-12.098239165698947,1.209092374657424,,-18.58060881131064,1.2106537530266346,,1239.0,57.242063827614594,1.2128072445019407,,1236.8,1240.6,-69.34030299331354,-71.76220261247292,-74.18410223163227,-13.30733154035637,False,True
2017-07-21,4,20.876834304841164,1.205690860863275,,15.227412279175287,1.2030798845043313,,1246.8,51.12648938240608,1.2013455069678043,,1248.6,1244.1,-30.249655077564913,-32.65669144539599,-35.063727813227075,19.67114344397789,False,True
2017-07-24,0,-23.125085063273378,1.1947431302270015,,29.49737061260556,1.1976047904191618,,1252.5,-7.1670319611771385,1.194077376213979,,1256.2,1255.5,-15.95805310209624,-18.34687360853722,-20.7356941149782,-24.319828193500378,False,True
2017-07-25,1,11.943152022760323,1.1950286806883366,,-55.85269446430095,1.1935073201782307,,1256.8,-1.6002560443813831,1.2000960076806146,,1249.9,1255.2,13.543408067141707,11.148283378772756,8.753158690403804,10.748123342071986,False,True
2017-07-26,2,-45.69329365836491,1.1997120691034153,,15.254308284951614,1.2052064920456373,,1244.6,109.29942468695958,1.2032729022942406,,1246.6,1250.3,-154.99271834532448,-157.39570331672212,-159.7986882881198,-46.89300572746832,False,True
2017-07-27,3,16.64619305550613,1.1900039666798892,,-11.095261876862,1.1881188118811883,,1262.5,-19.04913664369473,1.1894377924034576,,1261.1,1260.5,35.69532969920086,33.31588794011751,30.936446181034167,15.456189088826243,False,True
2017-07-28,4,0.7946283130238591,1.191989828353465,,1.5890672208864014,1.191895113230036,,1258.5,80.7030252413579,1.1916110581506199,,1258.8,1258.4,-79.90839692833404,-82.29199781483813,-84.67559870134221,-0.39736151532960584,False,True
2017-07-31,0,,,roll,5.4942900012504845,1.177671351181597,,1273.7,7.059654370151794,1.177024482109228,,1274.4,,,,,,False,False
2017-08-01,1,-10.196479176690389,1.1759172154280342,,-16.494525202226825,1.177209229320358,,1274.2,21.988386431139475,1.179245283018868,,1272.0,1275.6,-32.18486560782986,-34.540028106276765,-36.895190604723666,-11.372396392118423,False,True
2017-08-02,2,-15.696126280128304,1.1762860727728985,,-1.5709685053130371,1.17813383600377,,1273.2,-3.9281926890797454,1.17822637656115,,1273.1,1275.2,-11.767933591048559,-14.122446040382608,-16.476958489716658,-16.872412352901204,False,True
2017-08-03,3,-36.21195801520421,1.178689297501179,,42.49298178657749,1.1828720132481667,,1268.1,6.279435057204119,1.1777638190954776,,1273.6,1272.6,-42.49139307240833,-44.84784618900498,-47.204299305601644,-37.39064731270539,False,True
2017-08-04,4,0.0,1.1761938367442957,,-10.983839171128576,1.1761938367442957,,1275.3,-74.85949619413375,1.1775788977861519,,1273.8,1275.3,74.85949619413375,72.50572345960332,70.15195072507287,-1.1761938367442957,False,True
2017-08-07,0,-9.49592537922503,1.186427272008226,,-6.335630211135888,1.1875544295780225,,1263.1,8.710457057840989,1.188307058543928,,1262.3,1264.3,-18.20638243706602,-20.581116767618173,-22.955851098170328,-10.682352651233256,False,True
2017-08-08,1,20.56637333054188,1.187742497426558,,32.34589227020523,1.185302252074279,,1265.5,-25.23461634015857,1.1813814286839412,,1269.7,1262.9,45.800989670700446,43.43186574458995,41.062741818479445,19.37863083311532,False,True
2017-08-09,2,46.49155373859929,1.1847405418213415,,22.772792440092115,1.179245283018868,,1272.0,64.89213968173338,1.1765628676758964,,1274.9,1266.1,-18.40058594313409,-20.76188935263133,-23.123192762128564,45.30681319677795,False,True
2017-08-10,3,7.789982476979337,1.1689526184538654,,19.44693545861135,1.16795141322121,,1284.3,41.10285363303286,1.1656823127137086,,1286.8,1283.2,-33.31287115605352,-35.64750608722109,-37.98214101838867,6.621029858525471,False,True
2017-08-11,4,-10.063088668998583,1.160541586073501,,17.023914968080884,1.1617100371747213,,1291.2,12.362851211455713,1.1597340343281275,,1293.4,1292.5,-22.425939880454294,-24.74621550085592,-27.06649112125755,-11.223630255072084,False,True
2017-08-14,0,-29.354984385973214,1.1570502931194075,,-46.526138518950866,1.160451802568467,,1292.6,8.545349131384823,1.1657729074376313,,1286.7,1296.4,-37.900333517358035,-40.223156717915074,-42.54597991847211,-30.512034679092622,False,True
2017-08-15,1,-46.7290569939237,1.1655011655011656,,-17.970860796116,1.1709601873536302,,1281.0,-13.304639019908853,1.1731581417175037,,1278.6,1287.0,-33.424417974014844,-35.763077281233514,-38.101736588452184,-47.89455815942486,False,True
2017-08-16,2,-11.754105494642015,1.174720025060694,,7.0541210747370915,1.1761016151795516,,1275.4,97.46285874119602,1.1752722714095434,,1276.3,1276.9,-109.21696423583803,-111.56695653230827,-113.91694882877852,-12.928825519702709,False,True
2017-08-17,3,27.868109071792162,1.162790697674419,,-16.246957270018108,1.1595547309833028,,1293.6,16.246957270017614,1.16144018583043,,1291.5,1290.0,11.621151801774548,9.296920918269699,6.972690034764851,26.705318374117745,False,True
2017-08-18,4,6.1814250152461625,1.159375483073118,,50.85148487786679,1.158659045264947,,1294.6,-84.12166141396138,1.1527820473409163,,1301.2,1293.8,90.30308642920754,87.9909288987935,85.67877136837947,5.022049532173044,False,True
2017-08-21,0,23.24501279115482,1.1636025133814292,,10.056860786513225,1.1609907120743037,,1292.0,31.651703577565648,1.159823706796567,,1293.3,1289.1,-8.406690786410827,-10.730117006588824,-13.05354322676682,22.08141027777339,False,True
2017-08-22,1,-51.78755535628194,1.1564258731015344,,8.520857248960487,1.162430254184749,,1290.4,-8.520857248959732,1.16144018583043,,1291.5,1297.1,-43.26669810732221,-45.584564166254175,-47.902430225186144,-52.943981229383475,False,True
2017-08-23,2,8.520857248960487,1.162430254184749,,30.151942129215957,1.16144018583043,,1291.5,6.945248571803737,1.157943492357573,,1295.4,1290.4,1.5756086771567501,-0.7447650693855721,-3.0651388159278943,7.358426994775738,False,True
2017-08-24,3,-24.721891453891484,1.1574074074074077,,-2.3206343171264785,1.1601825353855675,,1292.9,-8.513602928998406,1.160451802568467,,1292.6,1296.0,-16.208288524893078,-18.526147734868953,-20.84400694484483,-25.879298861298892,False,True
2017-08-25,4,2.32297031514226,1.1616200727948582,,6.96513590825246,1.161260354571495,,1291.7,30.1263214992404,1.160451802568467,,1292.6,1291.3,-27.80335118409814,-30.125423059461465,-32.44749493482479,1.1613502423474018,False,True
2017-08-28,0,43.831051755256965,1.1559802712700373,,0.7671947527628186,1.1508362743593679,,1303.4,90.87153516941089,1.150659711567966,,1303.6,1297.6,-47.040483414153925,-49.34712339699193,-51.65376337982993,42.675071483986926,False,True
2017-08-29,1,44.58052643843714,1.135933358576297,,-1.507840774871903,1.1307953260459858,,1326.5,-87.85273105291462,1.1310511235107827,,1326.2,1320.5,132.43325749135175,130.16627300926467,127.89928852717759,43.444593079860844,False,True
2017-08-30,2,-15.984779807025468,1.1408579251597202,,19.786916653712442,1.1426830197303268,,1312.7,-10.650438435429479,1.1405109489051095,,1315.2,1314.8,-5.33434137159599,-7.61571024566082,-9.89707911972565,-17.12563773218519,False,True
2017-08-31,3,-37.357570225667665,1.1414656418841795,,16.788770732206952,1.145650347513939,,1309.3,113.72374270866018,1.1437285550895924,,1311.5,1314.1,-151.08131293432785,-153.3665071313016,-155.6517013282754,-38.49903586755185,False,True
2017-09-01,4,-22.634685987795226,1.13045444268596,,11.324602018105741,1.1331016769904823,,1323.8,34.64902532484561,1.1318192107447373,,1325.3,1326.9,-57.28371131264083,-59.54598496607153,-61.808258619502226,-23.765140430481186,False,True
2017-09-04,0,23.857463041894224,1.1196536538030903,,-26.097021111797524,1.1169856281182517,,1342.9,,,missing bar,,1339.7,,,,22.737809388091133,False,False
2017-09-05,1,7.4610165365141015,1.1195700850873267,,-46.34482805490652,1.118651651875606,,1340.9,75.3819295228459,1.1237638597542705,,1334.8,1339.8,-67.92091298633179,-70.1642469311734,-72.40758087601498,6.3414464514267745,False,True
2017-09-06,2,-12.647399669719462,1.1152416356877326,,8.184828761551119,1.1165698972755695,,1343.4,-40.24450207398961,1.1156563778356268,,1344.5,1345.0,27.597102404270146,25.366204390746788,23.13530637722343,-13.762641305407195,False,True
2017-09-07,3,10.45010171982807,1.1202389843166545,,22.356369696088937,1.1190689346463742,,1340.4,77.8502541667441,1.1164867882396727,,1343.5,1339.0,-67.40015244691602,-69.63687821947235,-71.87360399202868,9.329862735511416,False,True
2017-09-08,4,43.47993142693081,1.1078286558345645,,-13.246009737178223,1.1031033975584648,,1359.8,-51.679701584425615,1.1045655375552283,,1358.0,1354.0,95.15963301135642,92.94723881796662,90.73484462457684,42.372102771096245,False,True
2017-09-11,0,-12.680417915116717,1.1181513231457325,,4.477612015106812,1.1196536538030903,,1339.7,-64.37147976351646,1.1191524285607701,,1340.3,1341.5,51.69106184839974,49.45375809669324,47.21645434498674,-13.798569238262449,False,True
2017-09-12,1,-9.76672629381274,1.1263798152737103,,-5.262960160577877,1.127480457005412,,1330.4,47.26722233930889,1.1280740016545088,,1329.7,1331.7,-57.033948633121625,-59.288402450049844,-61.54285626697806,-10.89310610908645,False,True
2017-09-13,2,-14.229547430019844,1.1225864391558151,,23.953900217867233,1.124184965899723,,1334.3,-78.06089326958072,1.1214953271028039,,1337.5,1336.2,63.831345839560875,61.58726407330225,59.343182307043634,-15.35213386917566,False,True
2017-09-14,3,-14.321790410154552,1.1298583910816513,,-11.321183140582207,1.1314777098891153,,1325.7,70.73548945838483,1.132759401903036,,1324.2,1327.6,-85.05727986853938,-87.31989766152407,-89.58251545450875,-15.451648801236203,False,True
2017-09-15,4,1.4994751864961284,1.1246907100547352,,-57.138716466912584,1.1245220781168004,,1333.9,-20.37967267611344,1.1310511235107827,,1326.2,1333.7,21.879147862609567,19.623406029044048,17.367664195478532,0.37478447644139323,False,True
2017-09-18,0,-39.352252993775984,1.1329305135951664,,-14.417424814014527,1.137397634212921,,1318.8,-44.90284952474672,1.139038651378237,,1316.9,1324.0,5.550596530970736,3.278627365997333,1.0066582010239298,-40.48518350737115,False,True
2017-09-19,1,3.814610002387825,1.1446012972148036,,1.5254366592002,1.1441647597254005,,1311.0,25.896883998558074,1.1439902379499696,,1311.2,1310.5,-22.08227399617025,-24.370865531335028,-26.659457066499797,2.6700087051730215,False,True
2017-09-20,2,9.123394535363225,1.140944702213433,,17.464600665224626,1.1399908800729597,,1315.8,-102.95610485669451,1.1380880121396058,,1318.0,1314.7,112.07949939205773,109.80046667770469,107.52143396335165,7.982449833149792,False,True
2017-09-21,3,-56.875105278490196,1.1496014714898837,,-10.02583664746692,1.1562475911508519,,1297.3,-13.125894638275799,1.1574074074074077,,1296.0,1304.8,-43.7492106402144,-46.056219519111686,-48.363228398008985,-58.024706749980076,False,True
2017-09-22,4,52.40859779889179,1.1591067150915697,,-19.235954071319412,1.1530478899223615,,1300.9,16.930895224984397,1.1553570053146425,,1298.3,1294.1,35.47770257390739,33.163238853501184,30.848775133094968,51.24949108380022,False,True
2017-09-25,0,-50.06750300981982,1.152516327314637,,14.661062080578063,1.1583011583011584,,1295.0,131.75219307896367,1.1566042100393248,,1296.9,1301.5,-181.8196960887835,-184.12881662613745,-186.43793716349143,-51.22001933713446,False,True
2017-09-26,1,-9.896845237027408,1.1413787855729722,,-57.29361381137071,1.1425959780621575,,1312.8,-61.481902860026224,1.1492491572172847,,1305.2,1314.2,51.58505762299882,49.29442968020856,47.0038017374183,-11.03822402260038,False,True
2017-09-27,2,-18.517095021722305,1.1562475911508519,,-18.551446922102524,1.1583906093134606,,1294.9,-53.527919592814804,1.160541586073501,,1292.5,1297.3,35.0108245710925,32.69403539386815,30.377246216643794,-19.673342612873157,False,True
2017-09-28,3,-15.575114121228479,1.1672243405182479,,35.789348090165184,1.1691348402182387,,1283.0,17.84675546437435,1.1649580615097859,,1287.6,1285.1,-33.42186958560283,-35.75405198763086,-38.0862343896589,-16.742338461746726,False,True
2017-09-29,4,-1.5503876000033745,1.1627005658476088,,2.3254912705083313,1.1628808434762385,,1289.9,-59.08436686166283,1.1627005658476088,,1290.1,1290.1,57.533979261659454,55.20857812996424,52.88317699826902,-2.7130881658509836,False,True
2017-10-02,0,-42.20404857612656,1.1698642957416943,,-13.323408060481194,1.174812030075188,,1276.8,-13.34013616438944,1.1762860727728985,,1275.2,1282.2,-28.863912411737118,-31.21006278025171,-33.556213148766304,-43.37391287186826,True,True
2017-10-03,1,11.775328125940804,1.17822637656115,,-12.560843227871963,1.1768397928761967,,1274.6,9.422851109461897,1.1784115012962526,,1272.9,1273.1,2.3524770164789075,-0.00416086137849514,-2.3607987392358982,10.597101749379654,True,True
2017-10-04,2,28.988934000113566,1.176932130247156,,43.71591661496296,1.1735252699108123,,1278.2,-48.41490013021349,1.1684973124561815,,1283.7,1274.5,77.40383413032706,75.05840468762372,72.71297524492039,27.81200186986641,True,True
2017-10-05,3,-1.5656802912834045,1.1741682974559688,,15.645782742581922,1.174352149064433,,1277.3,-68.23823490556468,1.1725162198077075,,1279.3,1277.5,66.67255461428128,64.32587009701761,61.97918557975393,-2.739848588739373,True,True
2017-10-06,4,0.0,1.1805446245868096,,3.93468429235231,1.180637544273908,,1270.5,62.75022551249683,1.1802659532614683,,1270.9,1270.6,-62.75022551249683,-65.11103609034511,-67.4718466681934,-1.1805446245868096,True,True
2017-10-09,0,42.92354504601836,1.1731581417175037,,10.897486872793792,1.1682242990654208,,1284.0,7.776654875160053,1.166951921580831,,1285.4,1278.6,35.146890170858306,32.80678010755997,30.466670044261637,41.75038690430086,False,True
2017-10-10,1,24.061796062191444,1.1656823127137086,,37.145995351327805,1.162971003256319,,1289.8,-33.270176536094795,1.158659045264947,,1294.6,1286.8,57.33197259828624,55.00763124030759,52.68328988232893,22.896113749477735,False,True
2017-10-11,2,0.7747433666473595,1.1621600681800575,,14.708731120953528,1.162070034087388,,1290.8,10.051417709439217,1.1603620329542819,,1292.7,1290.7,-9.276674342791857,-11.599196443926196,-13.921718545060536,-0.3874167015326979,False,True
2017-10-12,3,18.521382050341867,1.158659045264947,,1.5417823033928306,1.1564258731015344,,1297.1,-10.797471355978594,1.1562475911508519,,1297.3,1294.6,29.31885340632046,27.003946769904662,24.689040133488863,17.36272300507692,False,True
2017-10-13,4,23.89119089467067,1.1574074074074077,,-34.69949890277387,1.1546455238241862,,1299.1,88.43830472065615,1.158659045264947,,1294.6,1296.0,-64.54711382598548,-66.86318027865782,-69.17924673133018,22.733783487263263,False,True
2017-10-16,0,0.0,1.1485451761102605,,17.59553680454055,1.1485451761102605,,1306.0,-85.20489083667536,1.1465260261407937,,1308.3,1306.0,85.20489083667536,82.90981963442431,80.61474843217326,-1.1485451761102605,False,True
2017-10-17,1,-42.48915195193059,1.1563367252543943,,-2.3229703151415726,1.1613502632393933,,1291.6,-33.35534256479254,1.1616200727948582,,1291.3,1297.2,-9.13380938713805,-11.451766185187303,-13.769722983236555,-43.64548867718498,False,True
2017-10-18,2,-17.109974620552382,1.1655917320693139,,-31.962607604710882,1.167496886674969,,1284.8,15.604278737790006,1.171234481143125,,1280.7,1286.9,-32.71425335834239,-35.05107957155483,-37.38790578476727,-18.275566352621695,False,True
2017-10-19,3,0.0,1.1693171188026195,,44.3356227341986,1.1693171188026195,,1282.8,26.35251873835805,1.1641443538998837,,1288.5,1282.8,-26.35251873835805,-28.685980211060553,-31.019441683763056,-1.1693171188026195,False,True
2017-10-20,4,-51.214514053613165,1.1609907120743037,,-1.5560569548250816,1.166951921580831,,1285.4,-25.711962429689805,1.1672243405182479,,1285.1,1292.0,-25.50255162392336,-27.830766676515914,-30.15898172910846,-52.37550476568747,False,True
2017-10-23,0,-37.52642977820656,1.1705033164260634,,-1.5666614476662766,1.1749040495026242,,1276.7,55.466725541632115,1.175088131609871,,1276.5,1281.5,-92.99315531983868,-95.33874676787461,-97.68433821591054,-38.69693309463263,False,True
2017-10-24,1,-13.249680438810483,1.1683152893527535,,-34.37503384914092,1.1698642957416943,,1282.2,0.0,1.1738926279542967,,1277.8,1283.9,-13.249680438810483,-15.591888356117533,-17.934096273424583,-14.417995728163236,False,True
2017-10-25,2,-28.993477192466536,1.1737089201877935,,4.707359258431252,1.1771168484658245,,1274.3,28.97985188549802,1.1765628676758964,,1274.9,1278.0,-57.97332907796456,-60.32360086582825,-62.67387265369194,-30.167186112654328,False,True
2017-10-26,3,22.65537471499451,1.1731581417175037,,-37.52349618550464,1.170411985018727,,1281.6,-71.53275009539603,1.1749040495026242,,1276.7,1278.6,94.18812481039053,91.8400626191704,89.49200042795027,21.482216573277007,False,True
2017-10-27,4,-10.25762507584343,1.1829652996845428,,5.525080056885529,1.18427285646613,,1266.6,58.22661820032283,1.1837121212121213,,1267.2,1268.0,-68.48424327616627,-70.85092069706293,-73.2175981179596,-11.440590375527973,False,True
2017-10-30,0,-26.71697330208654,1.1771168484658245,,6.29376151685698,1.1804517195246715,,1270.7,46.29456265314497,1.1797090051120724,,1271.5,1274.3,-73.01153595523151,-75.36836180880941,-77.7251876623873,-27.894090150552366,False,True
2017-10-31,1,4.695203153788896,1.1740763932373202,,-29.771253578058243,1.1734334663224597,,1278.3,-21.207249828628083,1.176932130247156,,1274.5,1277.6,25.90245298241698,23.5514444589325,21.200435935448027,3.5211267605515753,False,True
2017-11-01,2,30.61827710937048,1.1794307281019032,,14.099955336150584,1.1758250372344596,,1275.7,-15.667844959933914,1.1741682974559688,,1277.5,1271.8,46.2861220693044,43.93252304374652,41.57892401818865,29.43884638126858,False,True
2017-11-02,3,35.2264640759957,1.1762860727728985,,-32.09270493496821,1.1722413254141921,,1279.6,10.18689113678301,1.1760094080752648,,1275.5,1275.2,25.03957293921269,22.687277458364527,20.334981977516364,34.050178003222804,False,True
2017-11-03,4,-10.964913379288584,1.1741682974559688,,-8.623731474040833,1.1754564689287677,,1276.1,-38.50238520621683,1.1763783232687635,,1275.1,1277.5,27.537471826928247,25.186925206203515,22.836378585478784,-12.139081676744553,False,True
2017-11-06,0,-10.235818381189553,1.1804517195246715,,18.888719609376224,1.1816606270679062,,1269.4,86.90600792298589,1.1795234725171033,,1271.7,1270.7,-97.14182630417545,-99.50180149621723,-101.861776688259,-11.416270100714225,False,True
2017-11-07,1,-24.980496987251588,1.1694994542335884,,-14.07900115234736,1.1724245740190715,,1279.4,-14.882703565582368,1.1740763932373202,,1277.6,1282.6,-10.09779342166922,-12.441369269140127,-14.784945116611038,-26.149996441485175,False,True
2017-11-08,2,14.874547698874098,1.1751801942964588,,24.22160030945358,1.1734334663224597,,1278.3,4.6812827569412,1.170594662088341,,1281.4,1276.4,10.193264941932899,7.847490085548099,5.501715229163299,13.699367504577639,False,True
2017-11-09,3,22.593597706651625,1.169955541689416,,20.99126135217974,1.167406023815083,,1284.9,-15.544850013502742,1.1649580615097859,,1287.6,1282.1,38.13844772015437,35.80353411695516,33.468620513755965,21.42364216496221,False,True
2017-11-10,4,-14.785419603365359,1.1664074650077763,,10.118700999575777,1.1681333229499262,,1284.1,-76.53297801283445,1.166951921580831,,1285.4,1286.0,61.74755840946909,59.41419902288048,57.08083963629188,-15.951827068373134,False,True
2017-11-13,0,10.971787934510177,1.1761938367442957,,11.742143898762343,1.1749040495026242,,1276.7,2.3467751505990333,1.1735252699108123,,1278.2,1275.3,8.625012783911144,6.275293677256036,3.9255745706009275,9.795594097765882,False,True
2017-11-14,1,-21.134210050278583,1.1728829462819612,,-13.329676180763725,1.1753643629525155,,1276.2,44.62021571939649,1.1768397928761967,,1274.6,1278.9,-65.75442576967507,-68.10414850883322,-70.45387124799139,-22.307092996560545,False,True
2017-11-15,2,17.163368232684338,1.171234481143125,,18.69159422703572,1.1693171188026195,,1282.8,-57.744990734605516,1.1671335200746968,,1285.2,1280.7,74.90835896728986,72.56999096607203,70.23162296485421,15.992133751541212,False,True
2017-11-16,3,-17.22923129625228,1.1737089201877935,,9.401442246844553,1.175732873491143,,1275.8,11.739386987020456,1.1746280344557558,,1277.0,1278.0,-28.968618283272736,-31.316955237916282,-33.66529219255983,-18.402940216440072,False,True
2017-11-17,4,24.99220294929105,1.1729746637472633,,0.7800007803944476,1.170046801872075,,1282.0,95.4790874557238,1.169955541689416,,1282.1,1278.8,-70.48688450643274,-72.82981471186943,-75.1727449173061,23.819228285543787,False,True
2017-11-20,0,-22.434543119399557,1.1591067150915697,,13.158405861580308,1.1618000154906671,,1291.1,-129.23496332584338,1.160272277227723,,1292.8,1294.1,106.80042020644382,104.48104121412453,102.16166222180523,-23.593649834491128,False,True
2017-11-21,1,24.25381621593334,1.174996083346389,,-17.989133160614386,1.1721497225912325,,1279.7,20.331567842043018,1.1741682974559688,,1277.5,1276.6,3.922248373890323,1.573083993087965,-0.7760803877143925,23.07882013258695,False,True
2017-11-22,2,19.503068162709187,1.1713259409651728,,7.790589362557376,1.169043722235212,,1283.1,59.78510761144021,1.1681333229499262,,1284.1,1280.6,-40.28203944873103,-42.62149871264613,-44.960957976561225,18.331742221744015,False,True
2017-11-23,3,-21.697025171965716,1.161080578992182,,16.277180666252875,1.1636025133814292,,1289.1,,,missing bar,,1291.9,,,,-22.858105750957897,False,False
2017-11-24,4,-6.195787063133552,1.1613502632393933,,-21.715535135077953,1.162070034087388,,1290.8,,,missing bar,,1291.6,,,,-7.357137326372945,False,False
2017-11-27,0,17.84121793501392,1.1645962732919255,,34.03995241090068,1.162430254184749,,1290.4,-5.407284516286909,1.1583906093134606,,1294.9,1288.0,23.24850245130083,20.92551556869544,18.602528686090057,16.676621661721995,False,True
2017-11-28,1,-12.373367907615538,1.159285879897983,,21.64335698395862,1.1607211947690168,,1292.3,-14.680319422267852,1.1581222977146388,,1295.2,1293.9,2.3069515146523134,-0.01045666296030845,-2.3278648405729303,-13.53265378751352,False,True
2017-11-29,2,16.223109896721066,1.1597340343281275,,-11.586144269094929,1.157943492357573,,1295.4,-83.83189668561613,1.1594651001004872,,1293.7,1293.4,100.0550065823372,97.73580744790858,95.41660831347997,15.063375862392938,False,True
2017-11-30,3,-12.47758096846753,1.169043722235212,,-10.93323029643213,1.170777396191071,,1281.2,-44.630696954294386,1.1718750000000002,,1280.0,1283.1,32.15311598582686,29.812197263591646,27.471278541356433,-13.646624690702742,False,True
2017-12-01,4,,,roll,7.822890174434948,1.1738926279542967,,1277.8,33.56886715286107,1.1729746637472633,,1278.8,,,,,,False,False
2017-12-04,0,-8.613602192641016,1.1740763932373202,,-3.1340594160792747,1.175088131609871,,1276.5,19.571775926957837,1.1754564689287677,,1276.1,1277.6,-28.18537811959885,-30.53491098176494,-32.884443843931024,-9.787678585878336,False,True
2017-12-05,1,-7.0386738916601965,1.1726995543741696,,-14.092228120929024,1.1735252699108123,,1278.2,-63.65694017346187,1.175088131609871,,1276.5,1279.1,56.618266281801674,54.270478595817636,51.92269090983359,-8.211373446034367,False,True
2017-12-06,2,16.54390419487396,1.1826854845068204,,-13.390573463187232,1.1807304785894208,,1270.4,-24.464361331632766,1.182312603452353,,1268.7,1268.3,41.008265526506726,38.643267438547554,36.27826935058838,15.36121871036714,False,True
2017-12-07,3,-34.837723278792204,1.1855833069870376,,-23.027762587879085,1.1897208121827414,,1260.8,-69.40871137539487,1.1925584353633332,,1257.8,1265.2,34.57098809660267,32.1928463542523,29.814704611901927,-36.02330658577924,False,True
2017-12-08,4,12.796930483470874,1.2004801920768309,,-14.398850579876433,1.1990407673860912,,1251.0,10.401249087501714,1.2007684918347743,,1249.2,1249.5,2.3956813959691594,-0.005567287942445764,-2.4068159718540514,11.596450291394042,False,True
2017-12-11,0,18.394854629052855,1.2007684918347743,,5.591277752597171,1.1984659635666348,,1251.6,-69.71461385388035,1.1977960552583249,,1252.3,1249.2,88.10946848293321,85.71090393584011,83.312339388747,17.19408613721808,False,True
2017-12-12,1,12.854504863161587,1.2058847174210148,,-5.622264314197519,1.2044323109041273,,1245.4,14.45202981366424,1.2052064920456373,,1244.6,1243.9,-1.5975249505026525,-4.008616159969304,-6.419707369435956,11.648620145740573,False,True
2017-12-13,2,-21.687626477324635,1.2035625451335956,,-2.4126422570684722,1.2061756191701514,,1243.6,117.5308352184783,1.2063696316551393,,1243.4,1246.3,-139.21846169580294,-141.6283938725917,-144.0383260493804,-22.89118902245823,False,True
2017-12-14,3,1.589572408370521,1.19227406406486,,7.1499506521666,1.192084558531352,,1258.3,-31.02010838976086,1.1912325285895808,,1259.2,1258.1,32.60968079813138,30.226174205476937,27.842667612822495,0.397298344305661,False,True
2017-12-15,4,28.63280410015155,1.1947431302270015,,11.906180713549313,1.1913271384322137,,1259.1,-20.644758801386445,1.189815182041723,,1260.7,1255.5,49.27756290153799,46.89300458926927,44.508446277000544,27.43806096992455,False,True
2017-12-18,0,16.681896071811067,1.1925584353633332,,19.031010422317504,1.1905706802127154,,1259.9,23.737944364019487,1.188307058543928,,1262.3,1257.8,-7.05604829220842,-9.436913786115682,-11.817779280022942,15.489337636447734,False,True
2017-12-19,1,14.214643473774466,1.1853959222380277,,-5.525516184315126,1.1837121212121213,,1267.2,-14.22138187067659,1.18427285646613,,1266.6,1265.4,28.436025344451053,26.066356565746897,23.696687787042737,13.029247551536438,False,True
2017-12-20,2,13.431835464677597,1.1859582542694498,,20.507973743886225,1.1843663639952626,,1266.5,0.7879910173095928,1.182033096926714,,1269.0,1264.8,12.643844447368004,10.27585309617184,7.907861744975676,12.245877210408148,False,True
2017-12-21,3,-0.7881773403085571,1.1822194199243383,,-7.885192018715541,1.182312603452353,,1268.7,17.33922250306663,1.1832452472982569,,1267.7,1268.8,-18.127399843375187,-20.49286451059778,-22.858329177820377,-1.9703967602328953,False,True
2017-12-22,4,8.655624728934862,1.1808234275368026,,3.1456433099887864,1.179801793298726,,1271.4,57.23485772039985,1.1794307281019032,,1271.8,1270.3,-48.57923299146499,-50.9394871471037,-53.299741302742405,7.47480130139806,False,True
2017-12-25,0,,,missing bar,,,missing bar,,,,missing bar,,,,,,,False,False
2017-12-26,1,29.666662401571127,1.172791243158718,,3.117692932502761,1.1693171188026195,,1282.8,34.23062312402988,1.1689526184538654,,1283.2,1279.0,-4.563960722458756,-6.905704584071339,-9.247448445683922,28.49387115841241,False,True
2017-12-27,2,13.967566482806994,1.164777139307346,,-13.967566482807376,1.1631513647642682,,1289.6,27.139162937420046,1.1646866992778944,,1287.9,1287.8,-13.171596454613052,-15.501060293198293,-17.830524131783534,12.802789343499647,False,True
2017-12-28,3,27.05315659617424,1.1609907120743037,,-8.494536979373741,1.157854110382092,,1295.5,22.380869847705252,1.1589276056555669,,1294.3,1292.0,4.672286748468988,2.3523684307391175,0.03245011300924716,25.892165884099935,False,True
2017-12-29,4,-2.3124060688074404,1.15606936416185,,11.556686828817757,1.1563367252543943,,1297.2,49.159020574371965,1.1550011550011552,,1298.7,1297.5,-51.471426643179406,-53.78249716234241,-56.09356768150542,-3.4684754329692904,False,True
2018-01-01,0,,,missing bar,,,missing bar,,,,missing bar,,,,,,,True,False
2018-01-02,1,45.09849034875961,1.149161112387957,,19.049801928076985,1.1440774921821373,,1311.1,41.782261567104555,1.1419001218026799,,1313.6,1305.3,3.316228781655056,1.025167547464419,-1.2658936867262174,43.94932923637165,False,True
2018-01-03,2,-28.851284153990882,1.1372251705837757,,8.360886740997435,1.140597673180747,,1315.1,-12.164526703420398,1.1397310234784594,,1316.1,1319.0,-16.686757450570482,-18.96371364463272,-21.240669838694952,-29.988509324574657,False,True
2018-01-04,3,-28.165816207123708,1.1402508551881414,,18.277364009777642,1.1433798307797851,,1311.9,73.53253008991132,1.1412919424788863,,1314.3,1315.5,-101.69834629703503,-103.97988909470206,-106.26143189236909,-29.30606706231185,False,True
2018-01-05,4,-37.82438884320686,1.1325883418906677,,-7.582651258066621,1.1369665731827485,,1319.3,15.159557212311599,1.1378290222255938,,1318.3,1324.4,-52.98394605551846,-55.25436341963472,-57.524780783750984,-38.95697718509753,False,True
2018-01-08,0,-37.8989311354711,1.1348161597821154,,19.725368659653416,1.1391251518833538,,1316.8,14.391216269036397,1.1369665731827485,,1319.3,1321.8,-52.2901474045075,-54.56193013747236,-56.833712870437225,-39.03374729525322,False,True
2018-01-09,1,-22.732448980150423,1.1353315168029066,,-22.023931438866256,1.1379153390987713,,1318.2,-12.933167765692064,1.140424237816468,,1315.3,1321.2,-9.79928121445836,-12.075036969077734,-14.350792723697108,-23.86778049695333,False,True
2018-01-10,2,-11.428137314790675,1.1421609685525016,,85.00999961380465,1.1433798307797851,,1311.9,-43.929480628342844,1.133615477629988,,1323.2,1313.3,32.50134331355217,30.22556686736968,27.94979042118719,-12.570298283343176,False,True
2018-01-11,3,-2.2772991330818884,1.1385199240986719,,21.236261299081082,1.1388656897729863,,1317.1,23.45908980046794,1.1364497310402304,,1319.9,1317.5,-25.73638893354983,-28.01135858868873,-30.286328243827633,-3.4158190571805602,False,True
2018-01-12,4,36.19913455134615,1.1332728921124209,,33.07030447223744,1.1292629677030794,,1328.3,41.9319221664739,1.1255346289487507,,1332.7,1323.6,-5.732787615127755,-7.991595136188927,-10.250402657250099,35.065861659233725,False,True
2018-01-15,0,46.254931767950936,1.1216630524190536,,-8.190313551178072,1.1164036915748736,,1343.6,,,missing bar,,1337.3,,,,45.133268715531884,False,False
2018-01-16,1,-9.699683655469478,1.118651651875606,,-27.6563318634916,1.1196536538030903,,1339.7,20.93615240580398,1.122754491017964,,1336.0,1340.9,-30.63583606127346,-32.877242204167025,-35.1186483470606,-10.818335307345084,False,True
2018-01-17,2,-32.91445221666362,1.1202389843166545,,12.729793175090444,1.1239322643488687,,1334.6,-67.57797154858574,1.122502432088603,,1336.3,1339.0,34.66351933192212,32.42077791551686,30.178036499111602,-34.03469120098028,False,True
2018-01-18,3,4.519093245545582,1.130028627391894,,6.774813010829339,1.129518072289157,,1328.0,-14.307770052546616,1.1287531040710364,,1328.9,1327.4,18.8268632980922,16.568081566629267,14.309299835166339,3.3890646181536876,False,True
2018-01-19,4,59.35627329479159,1.1303692539562926,,-3.746300572043825,1.1236796763802532,,1334.9,-24.760845515089933,1.1241007194244605,,1334.4,1327.0,84.11711880988153,81.86264883650078,79.60817886312003,58.225904040835296,False,True
2018-01-22,0,-22.514080804573705,1.1244377811094455,,7.51089114474309,1.127056878803817,,1330.9,11.255769769746781,1.126210676477213,,1331.9,1334.0,-33.769850574320486,-36.02049903190714,-38.2711474894938,-23.63851858568315,False,True
2018-01-23,1,24.725596083065245,1.1252813203300827,,-0.7484189652872774,1.1225864391558151,,1336.2,36.60681686830351,1.1226704587979945,,1336.1,1333.0,-11.881220785238266,-14.129172564366343,-16.377124343494422,23.600314762735163,False,True
2018-01-24,2,10.431414402428203,1.1182346801848815,,69.0246552424705,1.117152007149773,,1342.7,42.807652646372084,1.109467455621302,,1352.0,1341.4,-32.37623824394388,-34.603940379750064,-36.83164251555625,9.313179722243321,False,True
2018-01-25,3,25.758983884318173,1.1053795136330142,,-22.81341829121038,1.1026168773890033,,1360.4,-76.91776699150103,1.1051351948721728,,1357.3,1357.0,102.6767508758192,100.46623616731401,98.25572145880882,24.65360437068516,False,True
2018-01-26,4,60.71843904206967,1.1140819964349378,,-38.45874128631438,1.1072562190890973,,1354.7,-5.929879352473624,1.1115227862171175,,1349.5,1346.4,66.6483183945433,64.42271361189124,62.197108829239184,59.60435704563473,False,True
2018-01-29,0,-23.006429680859103,1.1119347664936992,,-32.000027306710145,1.1144958763652575,,1345.9,-21.639377171469974,1.1180679785330951,,1341.6,1349.0,-1.3670525093891293,-3.597055254415924,-5.827057999442718,-24.118364447352803,False,True
2018-01-30,1,-31.42303947273205,1.1204900276387542,,59.01044201443633,1.1237638597542705,,1334.8,-39.54786335718181,1.1170688114387848,,1342.8,1338.7,8.12482388444976,5.887265045372223,3.649706206294683,-32.5435295003708,False,True
2018-01-31,2,33.588387614655296,1.1214953271028039,,4.469606749022207,1.1176514417703602,,1342.1,10.418993277130024,1.116902457185406,,1343.0,1337.5,23.169394337525272,20.930996553237062,18.69259876894885,32.46689228755249,False,True
2018-02-01,3,,,roll,8.939879907035394,1.1179846463441903,,1341.7,66.79555783230008,1.1169856281182517,,1342.9,,,,,,False,False
2018-02-02,4,-3.6983616679548983,1.1093033574914954,,-23.703714802290662,1.1097957975732469,,1351.6,-99.1177023215933,1.1123470522803116,,1348.5,1352.2,95.4193406536384,93.19769024386659,90.97603983409479,-4.8076650254463935,False,True
2018-02-05,0,2.2476119218067994,1.1239322643488687,,28.42611130165397,1.1236796763802532,,1334.9,27.6006292108968,1.1204900276387542,,1338.7,1334.6,-25.353017289089998,-27.597439581077623,-29.84186187306524,1.1236796574579306,False,True
2018-02-06,1,21.568562896435868,1.1168192986374808,,-55.88063567055708,1.1144958763652575,,1345.9,-87.04189418016374,1.1206574523720585,,1338.5,1343.1,108.6104570765996,106.37298032559006,104.13550357458053,20.451743597798387,False,True
2018-02-07,2,43.625492280690665,1.1307100859339667,,-42.871713966535026,1.1257880516361454,,1332.4,-46.08477162400237,1.1306248586718928,,1326.7,1326.6,89.71026390469304,87.44892896008717,85.18759401548132,42.494782194756695,False,True
2018-02-08,3,-48.57694561796274,1.1357613386840313,,-0.7608902419488104,1.1412919424788863,,1314.3,49.33409117955772,1.1412919424788863,,1314.3,1320.7,-97.91103679752047,-100.18809007868339,-102.46514335984631,-49.71270695664678,False,True
2018-02-09,4,-9.84587499541471,1.1355034065102196,,-7.580352091303876,1.1366219595362583,,1319.7,-4.550970952334266,1.1374838856449536,,1318.7,1321.0,-5.294904043080443,-7.567891335235616,-9.84087862739079,-10.981378401924928,False,True
2018-02-12,0,48.47392662155186,1.1388656897729863,,-17.39328150521316,1.1333585190782018,,1323.5,29.475137539557856,1.1353315168029066,,1321.2,1317.1,18.998789081994005,16.724591875418113,14.450394668842218,47.33506093177888,False,True
2018-02-13,1,33.90472262751986,1.1320754716981134,,7.51879734669453,1.1282437006393382,,1329.5,11.267606825906672,1.1273957158962797,,1330.5,1325.0,22.637115801613188,20.377644614018795,18.118173426424402,32.772647155821744,False,True
2018-02-14,2,17.253670684301117,1.126210676477213,,-2.9985007720919934,1.1242692250037476,,1334.2,147.35698653752965,1.1246063877642827,,1333.8,1331.9,-130.10331585322854,-132.35413291747003,-134.60494998171154,16.127460007823903,False,True
2018-02-15,3,31.730831331313826,1.108647450110865,,-30.252743973659587,1.1051351948721728,,1357.3,22.88246062115655,1.1084835944428024,,1353.2,1353.0,8.848370710157276,6.631239665603609,4.414108621049941,30.62218388120296,True,True
2018-02-16,4,27.972046210614405,1.1057054400707653,,-11.031440721573171,1.1025358324145536,,1360.5,-70.89085957818614,1.1037527593818985,,1359.0,1356.6,98.86290578880055,96.65344758934788,94.44398938989522,26.86634077054364,True,True
2018-02-19,0,3.702469589483307,1.1109465264405276,,-5.9246095193702875,1.110535278003998,,1350.7,,,missing bar,,1350.2,,,,2.5915230630427795,True,False
2018-02-20,1,-58.73841193955601,1.1120171991993477,,4.472938795316041,1.1184848258891957,,1341.1,-77.8097596218437,1.117901326576241,,1341.8,1348.9,19.071347682287687,16.8414291565121,14.61151063073651,-59.85042913875536,True,True
2018-02-21,2,-26.326691650878274,1.1268028846153846,,18.06005457394089,1.1297732921593735,,1327.7,-26.348492677949366,1.1277347567852043,,1330.1,1331.2,0.021801027071091994,-2.2327366143294967,-4.487274255730085,-27.453494535493657,True,True
2018-02-22,3,-17.357839911559463,1.1310511235107827,,15.095481770618278,1.1330160888284613,,1323.9,60.9047335489591,1.1313070367297686,,1325.9,1326.2,-78.26257346051857,-80.52493162075912,-82.78728978099967,-18.488891035070246,False,True
2018-02-23,4,-33.79777147909585,1.1246907100547352,,23.293394459712403,1.1284134506883325,,1329.3,-14.270159017808291,1.1257880516361454,,1332.4,1333.7,-19.52761246128756,-21.778091222978443,-24.02856998466932,-34.922462189150586,False,True
2018-02-26,0,80.85086713355545,1.127480457005412,,-19.404439255317094,1.1184014315538324,,1341.2,-27.679090048550503,1.120573733751681,,1338.6,1330.4,108.52995718210596,106.28190299134886,104.03384880059177,79.72338667655004,False,True
2018-02-27,1,3.745458675194809,1.1238480557428636,,-10.490821494194941,1.123427201917316,,1335.2,-110.06518952816666,1.1246063877642827,,1333.8,1334.7,113.81064820336147,111.56219375985431,109.31373931634718,2.6216106194519453,False,True
2018-02-28,2,1.5163002303479571,1.1373113958601866,,17.420947409113012,1.1371389583807143,,1319.1,-15.146928070148169,1.1351596791281975,,1321.4,1318.9,16.663228300496126,14.390757225507743,12.118286150519358,0.37898883448777054,False,True
2018-03-01,3,-39.49272240138577,1.1369665731827485,,-51.88079081777945,1.1414656418841795,,1314.1,82.27364150605652,1.1474030444427448,,1307.3,1319.3,-121.7663639074423,-124.05073352506778,-126.33510314269328,-40.629688974568516,False,True
2018-03-02,4,0.7586965596740379,1.1380880121396058,,31.810978881948287,1.1379153390987713,,1318.2,9.82578212910675,1.134301270417423,,1322.4,1318.0,-9.067085569432713,-11.339474851989742,-13.61186413454677,-0.3793914524655678,False,True
2018-03-05,0,21.111370277789586,1.1321609178051175,,-24.88595228765131,1.1297732921593735,,1327.7,-25.70695503100755,1.132673865438345,,1324.3,1324.9,46.818325308797135,44.55349052555368,42.28865574231021,19.97920935998447,False,True
2018-03-06,1,3.7842952201847138,1.1355034065102196,,58.09802436095289,1.135073779795687,,1321.5,48.030111095061955,1.1284134506883325,,1329.3,1321.0,-44.24581587487724,-46.50973273207579,-48.77364958927434,2.648791813674494,False,True
2018-03-07,2,-44.8934536259444,1.1198208286674134,,-4.500450120964431,1.1248593925759283,,1333.5,-49.63909109665397,1.1253657438667568,,1332.9,1339.5,4.745637470709568,2.500450898175397,0.25526432564122725,-46.01327445461182,False,True
2018-03-08,3,21.84311492519615,1.1310511235107827,,-28.631725406539687,1.128583251824543,,1329.1,-20.39506693286424,1.1319046181708423,,1325.2,1326.2,42.238181858060386,39.975226116378764,37.712270374697134,20.712063801685368,False,True
2018-03-09,4,-26.496097866124515,1.1340440009072352,,-3.0326004781326783,1.1370527592480293,,1319.2,40.11054683300056,1.1374838856449536,,1318.7,1322.7,-66.60664469912507,-68.87817258567726,-71.14970047222945,-27.63014186703175,False,True
2018-03-12,0,-7.55515297345807,1.1328449512876673,,-53.806351631027056,1.1337011563751798,,1323.1,56.82909781893494,1.1398176291793316,,1316.0,1324.1,-64.384250792393,-66.65691337286,-68.929575953327,-8.687997924745737,False,True
2018-03-13,1,-28.757398356249944,1.1335298118340515,,-1.5158405364786012,1.1367942402425164,,1319.5,56.687351831665076,1.1369665731827485,,1319.3,1323.3,-85.44475018791502,-87.71524657293182,-89.98574295794862,-29.890928168083995,False,True
2018-03-14,2,0.0,1.1306248586718928,,-1.5076134507677046,1.1306248586718928,,1326.7,-11.314351574717604,1.1307953260459858,,1326.5,1326.7,11.314351574717604,9.052931389999726,6.7915112052818465,-1.1306248586718928,False,True
2018-03-15,3,6.791684221372154,1.132331848720465,,-24.16737072349581,1.1314777098891153,,1325.7,-46.99470484795708,1.134301270417423,,1322.4,1324.7,53.78638906932923,51.519755950191346,49.25312283105346,5.659352372651689,False,True
2018-03-16,4,4.555462837874012,1.1391251518833538,,23.503555305942857,1.138606345832701,,1317.4,-50.10639089410362,1.135933358576297,,1320.5,1316.8,54.66185373197763,52.38679522151798,50.11173671105833,3.4163376859906585,False,True
2018-03-19,0,-28.221673130392677,1.142508949653439,,4.582251493040666,1.1458253762126653,,1309.1,53.305030269408256,1.1453004504848439,,1309.7,1312.9,-81.52670339980094,-83.81451279993921,-86.10232220007751,-29.364182080046117,False,True
2018-03-20,1,-3.7986705110162955,1.139384732244588,,-34.255733265758046,1.1399042480431645,,1315.9,-3.8134462575544696,1.143815769406741,,1311.4,1316.5,0.01477574653817415,-2.2684247551131547,-4.551625256764485,-4.938055243260884,False,True
2018-03-21,2,28.95240117662048,1.1445139630703496,,4.563778888064921,1.1412051125989047,,1314.4,132.20211428134738,1.140684410646388,,1315.0,1310.6,-103.2497131047269,-105.53491147844363,-107.82010985216037,27.80788721355013,False,True
2018-03-22,3,-12.770914104744891,1.1261261261261262,,-3.007518819663021,1.1276499774470006,,1330.2,-6.770226308924169,1.1279891713039556,,1329.8,1332.0,-6.000687795820722,-8.254803093250803,-10.508918390680886,-13.897040230871017,False,True
2018-03-23,4,104.7913780999231,1.1286681715575624,,-13.41181931164041,1.116902457185406,,1343.0,44.63296853757507,1.1183180496533216,,1341.3,1329.0,60.15840956234803,57.911423341137144,55.66443711992626,103.66270992836553,False,True
2018-03-26,0,-15.602365808603876,1.11358574610245,,31.18274113350027,1.1154074955383704,,1344.8,31.822413533539443,1.1118523460084504,,1349.1,1347.0,-47.42477934214332,-49.650217434254216,-51.87565552636512,-16.715951554706326,False,True
2018-03-27,1,12.551221700115587,1.1081560283687946,,-70.34200267752652,1.1067660296613298,,1355.3,-8.177527125595642,1.1146615144534444,,1345.7,1353.6,20.72874882571123,18.505931282888987,16.283113740066753,11.443065671746792,False,True
2018-03-28,2,-34.25936172784126,1.1152416356877326,,-32.88247488684465,1.1191524285607701,,1340.3,-91.73686411768607,1.122754491017964,,1336.0,1345.0,57.47750238984481,55.23950626313911,53.00151013643342,-35.37460336352899,False,True
2018-03-29,3,,,roll,15.810279973187733,1.1301989150090417,,1327.2,1.504324937020292,1.1283285692793743,,1329.4,,,,,,False,False
2018-03-30,4,,,missing bar,,,missing bar,,,,missing bar,,,,,,,False,False
2018-04-02,0,27.016901986782496,1.1272262718869768,,22.45678015395903,1.1241007194244605,,1334.4,59.63935971627275,1.1215791834903546,,1337.4,1330.7,-32.62245772949025,-34.87126318486758,-37.12006864024491,25.88967571489552,False,True
2018-04-03,1,0.7434667859636098,1.1152416356877326,,-24.561807592023317,1.1150758251561108,,1345.2,-39.57739549813919,1.117901326576241,,1341.8,1345.0,40.3208622841028,38.08771932183883,35.85457635957486,-0.3717748497241228,False,True
2018-04-04,2,10.468073335157325,1.12216652951298,,95.19631611482241,1.1209086833059334,,1338.2,-104.16760858255715,1.1102886750555148,,1351.0,1336.7,114.63568191771448,112.40322671314598,110.17077150857749,9.345906805644345,False,True
2018-04-05,3,-54.745346522651744,1.1218308279111513,,18.031560107244996,1.1279891713039556,,1329.8,-18.030205470486134,1.1258725512272014,,1332.3,1337.1,-36.715141052165606,-38.962844431303964,-41.210547810442314,-55.8671773505629,True,True
2018-04-06,4,-12.793018262810284,1.1280740016545088,,-14.317473528259171,1.129518072289157,,1328.0,83.34945943983615,1.1310511235107827,,1326.2,1329.7,-96.14247770264643,-98.40160282781173,-100.66072795297701,-13.921092264464793,True,True
2018-04-09,0,-24.69414208067939,1.1210762331838566,,-13.495278701333039,1.1238480557428636,,1334.7,50.14042310077,1.1253657438667568,,1332.9,1338.0,-74.83456518144939,-77.0810071585,-79.32744913555062,-25.815218313863248,False,True
2018-04-10,1,-23.91272997197437,1.1195700850873267,,24.659082175927548,1.1222504863085443,,1336.6,24.60025840862399,1.1195700850873267,,1339.8,1339.8,-48.51298838059836,-50.75212855077301,-52.991268720947666,-25.032300057061693,False,True
2018-04-11,2,37.89994504309084,1.1168192986374808,,31.10652782295803,1.1126771011052596,,1348.1,33.22139558324425,1.1092213266287068,,1352.3,1343.1,4.678549459846586,2.4525088345803985,0.22646820931421097,36.78312574445336,False,True
2018-04-12,3,-18.449508941619538,1.1059500110595002,,-39.96748714601521,1.1079923179199294,,1353.8,-80.42339869867271,1.1125120522138991,,1348.3,1356.3,61.97388975705317,59.75542769377977,57.53696563050637,-19.55545895267904,False,True
2018-04-13,4,17.926506145199273,1.1214114832535889,,-6.718172909717069,1.1193194537721067,,1340.1,69.19927907405159,1.1199880534607634,,1339.3,1337.6,-51.27277292885232,-53.51417246556667,-55.75557200228103,16.805094661945684,False,True
2018-04-16,0,-26.706247326933127,1.1112757445547492,,0.0,1.1143302874972143,,1346.1,20.779228255868347,1.1143302874972143,,1346.1,1349.8,-47.48547558280147,-49.71108161485343,-51.9366876469054,-27.817523071487877,False,True
2018-04-17,1,15.553830488190181,1.1118523460084504,,-48.96515458654128,1.1101243339253999,,1351.2,43.039544028460455,1.1154904439651967,,1344.7,1349.1,-27.485713540270275,-29.713056330243923,-31.94039912021757,14.44197814218173,False,True
2018-04-18,2,-16.30475422354181,1.1107819905213272,,37.75684663121347,1.1125945705384959,,1348.2,-5.9136607282242695,1.1084835944428024,,1353.2,1350.4,-10.391093495317541,-12.61035908028167,-14.8296246652458,-17.41553621406314,False,True
2018-04-19,3,30.27061265255417,1.109139307897072,,-24.35515429519159,1.1057054400707653,,1356.6,-39.24041610207556,1.1084016847705611,,1353.3,1352.4,69.51102875462973,67.29348776196211,65.07594676929446,29.1614733446571,False,True
2018-04-20,4,-20.785398322889208,1.1123470522803116,,-20.82869160366058,1.1146615144534444,,1345.7,-38.800227754427716,1.1170688114387848,,1342.8,1348.5,18.01482943153851,15.785413567819411,13.555997704100315,-21.89774537516952,False,True
2018-04-23,0,0.7483629563831934,1.1225864391558151,,-44.24951908297267,1.122502432088603,,1336.3,-28.60370787262428,1.127480457005412,,1330.4,1336.2,29.352070829007474,27.102003932846248,24.85193703668502,-0.37422348277262174,False,True
2018-04-24,1,2.2620169747737355,1.1311364150516554,,13.561367255826424,1.1308805790108565,,1326.4,30.070688724658382,1.1293479897605785,,1328.2,1326.1,-27.808671749884645,-30.06915615469688,-32.329640559509116,1.1308805597220801,False,True
2018-04-25,2,-43.63862165567115,1.1261261261261262,,-31.71728984256287,1.1309658448314863,,1326.3,17.381451570404018,1.1345586566825507,,1322.1,1332.0,-61.02007322607517,-63.28075800888384,-65.54144279169252,-44.764747781797276,False,True
2018-04-26,3,16.60001890284876,1.132759401903036,,-16.600018902848618,1.1308805790108565,,1326.4,-48.448240110262354,1.132759401903036,,1324.2,1324.2,65.0482590131111,62.78274020930503,60.517221405498965,15.467259500945724,False,True
2018-04-27,4,-6.830860574518027,1.1380880121396058,,17.44737783769923,1.1388656897729863,,1317.1,35.55895556940507,1.136880400181901,,1319.4,1318.0,-42.3898161439231,-44.664784556244605,-46.93975296856611,-7.968948586657633,False,True
2018-04-30,0,-34.803697081829846,1.1329305135951664,,-38.728833008081,1.136880400181901,,1319.4,13.686133523153762,1.1412919424788863,,1314.3,1324.0,-48.48983060498361,-50.764053061057666,-53.038275517131716,-35.93662759542501,True,True
2018-05-01,1,-31.96593025627481,1.1398176291793316,,-20.603616735817898,1.1434669919195002,,1311.8,-34.433978240577126,1.1458253762126653,,1309.1,1316.0,2.4680479843023164,0.18240497891031948,-2.1032380264816775,-33.10574788545414,True,True
2018-05-02,2,45.89269183640906,1.1499540018399266,,-2.289639391801233,1.1446886446886448,,1310.4,-32.87590407091865,1.1449507671170143,,1310.1,1304.4,78.76859590732771,76.47369113837077,74.17878636941383,44.74273783456913,False,True
2018-05-03,3,31.356379177415622,1.1489850631941787,,68.49341845574769,1.1454753722794961,,1309.5,-43.324660174602435,1.137656427758817,,1318.5,1305.5,74.68103935201806,72.39439786106507,70.10775637011207,30.207394114221444,False,True
2018-05-04,4,-7.620209162460216,1.1425959780621575,,2.2868468293423625,1.143554166349013,,1311.7,30.44142381228052,1.1432926829268295,,1312.0,1312.8,-38.06163297474073,-40.34752163572972,-42.63341029671871,-8.762805140522374,False,True
2018-05-07,0,-18.249567835855398,1.1395578515535973,,-18.28293340848191,1.1416393941700282,,1313.9,22.848448630075463,1.1437285550895924,,1311.5,1316.3,-41.09801646593086,-43.381302872574054,-45.66458927921724,-19.389125687408995,False,True
2018-05-08,1,-4.5669052399772925,1.1414656418841795,,-16.00061296075403,1.1419870574800153,,1313.5,26.65145304936535,1.1437285550895924,,1311.5,1314.1,-31.218358289342643,-33.503552486316416,-35.788746683290185,-5.708370881861472,False,True
2018-05-09,2,-54.126299476205496,1.140424237816468,,25.95421304269618,1.1465260261407937,,1308.3,9.906649695716832,1.1436413540713635,,1311.6,1315.3,-64.03294917192233,-66.31701476381015,-68.60108035569799,-55.266723714021964,False,True
2018-05-10,3,1.523345269150232,1.1425959780621575,,38.0112970977891,1.142508949653439,,1312.9,28.790079738998863,1.1380880121396058,,1318.0,1312.8,-27.26673446984863,-29.54741846005039,-31.828102450252153,0.38074929108807454,False,True
2018-05-11,4,-15.142340870312276,1.1348161597821154,,46.112641713519054,1.1365358387634492,,1319.8,-58.24304502053619,1.1313070367297686,,1325.9,1321.8,43.10070415022391,40.834580953712035,38.56845775720014,-16.277157030094394,False,True
2018-05-14,0,10.61410258859644,1.1378290222255938,,-6.822058252078497,1.1366219595362583,,1319.7,-44.073019668798494,1.1373113958601866,,1318.9,1318.3,54.68712225739493,52.41198183930915,50.13684142122337,9.476273566370846,False,True
2018-05-15,1,-14.478950900591851,1.142247943953701,,-35.90668130728596,1.1439029970258523,,1311.3,-128.62656639382715,1.1479298997474556,,1306.7,1313.2,114.14761549323529,111.85743764953413,109.56725980583298,-15.621198844545551,False,True
2018-05-16,2,31.73008892074794,1.1627005658476088,,-46.4720842558218,1.1591067150915697,,1294.1,16.289806960992927,1.164505861346169,,1288.1,1290.1,15.440281959755012,13.113075532561234,10.785869105367457,30.56738835490033,False,True
2018-05-17,3,-10.856922353767672,1.1626104479925594,,-7.76277014607317,1.163963684333049,,1288.7,18.621979310648424,1.1649580615097859,,1287.6,1290.2,-29.478901664416096,-31.80647017391844,-34.13403868342078,-12.019532801760231,False,True
2018-05-18,4,-4.652244791978998,1.162790697674419,,-11.64008977895153,1.1633317822242903,,1289.4,29.461953393451672,1.1646866992778944,,1287.9,1290.0,-34.11419818543067,-36.441675582382985,-38.7691529793353,-5.815035489653417,False,True
2018-05-21,0,-60.63451412875655,1.1625203441060221,,12.468829545631303,1.1696818465377419,,1282.4,61.33321505318941,1.1681333229499262,,1284.1,1290.3,-121.96772918194597,-124.29838284900192,-126.62903651605787,-61.79703447286257,False,True
2018-05-22,1,-32.553121291035325,1.1607211947690168,,51.10743662559552,1.164505861346169,,1288.1,-33.267602536024086,1.158569552792153,,1294.7,1292.3,0.714481244988761,-1.6048095025724087,-3.924100250133579,-33.71384248580434,False,True
2018-05-23,2,-7.751337493754803,1.1622501162250118,,51.04814241251882,1.1631513647642682,,1289.6,-24.71807221758144,1.1572288227125445,,1296.2,1290.6,16.966734723826637,14.64725578488908,12.327776845951524,-8.913587609979814,False,True
2018-05-24,3,16.224363276182043,1.159823706796567,,0.0,1.157854110382092,,1295.5,65.39742484433515,1.157854110382092,,1295.5,1293.3,-49.1730615681531,-51.49073938533176,-53.80841720251042,15.064539569385476,False,True
2018-05-25,4,-8.439142777122923,1.150306748466258,,6.905282815529446,1.1512779184895234,,1302.9,-21.498779779336036,1.1504832029452372,,1303.8,1304.0,13.059637002213114,10.758847050801618,8.458057099390123,-9.589449525589181,False,True
2018-05-28,0,-22.349822412702167,1.1547344110854505,,18.49996673473872,1.157318108170666,,1296.1,,,missing bar,,1299.0,,,,-23.504556823787617,False,False
2018-05-29,1,-9.254975209429212,1.1563367252543943,,42.34847522400109,1.1574074074074077,,1296.0,-24.617290684123017,1.152516327314637,,1301.5,1297.2,15.362315474693805,13.053462422124774,10.744609369555743,-10.411311934683606,False,True
2018-05-30,2,-6.165228308723703,1.1556240369799693,,-3.0835646251120483,1.1561584707877295,,1297.4,29.257797279991838,1.1566042100393248,,1296.9,1298.0,-35.42302558871554,-37.73525383573484,-40.04748208275413,-7.320852345703672,False,True
2018-05-31,3,33.76307688611804,1.1529592621060725,,-9.192585295723275,1.1485451761102605,,1306.0,-42.283361095210644,1.1507479861910244,,1303.5,1301.0,76.0464379813287,73.7427307330316,71.4390234847345,32.61011762401197,False,True
2018-06-01,4,,,missing bar,-32.28288737621846,1.1511012201672937,,1303.1,-6.931341492030892,1.154823312033259,,1298.9,,,,,,False,False
2018-06-04,0,-11.574521914132422,1.156782601989666,,40.836825252809064,1.1581222977146388,,1295.2,-36.202619936824625,1.15331385514378,,1300.6,1296.7,24.628098022692203,22.31800156555876,20.007905108425312,-12.731304516122089,False,True
2018-06-05,1,5.398110792350076,1.1570502931194075,,-13.115767802335803,1.1565150346954511,,1297.0,39.2958089354003,1.1580328881340234,,1295.3,1296.4,-33.89769814305023,-36.212781324303656,-38.52786450555709,4.241060499230668,False,True
2018-06-06,2,9.990394683001348,1.15331385514378,,-14.603592003916237,1.1520737327188941,,1302.0,4.614319854231734,1.153846153846154,,1300.0,1300.6,5.376074828769614,3.068914819779679,0.7617548107897463,8.837080827857568,False,True
2018-06-07,3,4.611128271067387,1.1530478899223615,,18.423279948064774,1.152516327314637,,1301.5,-19.960086467150383,1.1503949689393358,,1303.9,1300.9,24.57121473821777,22.267771879356072,19.964329020494375,3.4580803811450256,False,True
2018-06-08,4,-19.23003554020804,1.1526934603857684,,24.607825398236795,1.1549122266707732,,1298.8,11.514106050418357,1.1520737327188941,,1302.0,1301.3,-30.7441415906264,-33.048908783731065,-35.353675976835724,-20.38272900059381,False,True
2018-06-11,0,-16.89189590844829,1.1507479861910244,,-3.0745580565034465,1.1527820473409163,,1301.2,26.868323076507302,1.1530478899223615,,1300.9,1303.5,-43.76021898495559,-46.064014861068976,-48.36781073718237,-18.042643894639316,False,True
2018-06-12,1,-23.023801421630854,1.1498658489842852,,1.536570377947883,1.152516327314637,,1301.5,-15.377521098827966,1.1524277811923789,,1301.6,1304.5,-7.6462803228028875,-9.948573952979553,-12.250867583156216,-24.173667270615137,False,True
2018-06-13,2,-10.778351955769157,1.1542012927054481,,-6.935080224015455,1.1554460021568327,,1298.2,42.30287429930821,1.1561584707877295,,1297.4,1299.6,-53.08122625507737,-55.39158601857055,-57.701945782063724,-11.932553248474605,False,True
2018-06-14,3,22.995564326151662,1.1511012201672937,,5.357621344335106,1.1483693155718881,,1306.2,-9.186955170725804,1.1478420569329664,,1306.8,1303.1,32.18251949687747,29.883576219777208,27.584632942676947,21.844463105984367,False,True
2018-06-15,4,-23.766638242832517,1.1486331265793706,,-11.520296193667601,1.1513662879950877,,1302.8,-150.19249580268365,1.1526048870447212,,1301.4,1305.9,126.42585755985114,124.12461954622705,121.82338153260295,-24.915271369411887,False,True
2018-06-18,0,3.902134517066462,1.1708687846382018,,1.5605493165246302,1.1705033164260634,,1281.5,-6.24414631589846,1.170411985018727,,1281.6,1281.1,10.146280832964923,7.805000063307994,5.4637192936510655,2.73126573242826,True,True
2018-06-19,1,14.824642827364293,1.171234481143125,,-60.99487161728428,1.1694082794106184,,1282.7,17.242734893579392,1.1766551615939758,,1274.8,1280.7,-2.418092066215099,-4.7659817089522,-7.1138713516893,13.653408346221168,False,True
2018-06-20,2,-13.318189128286805,1.174352149064433,,7.053568222223194,1.1760094080752648,,1275.5,-53.417251918893214,1.1751801942964588,,1276.4,1277.3,40.09906279060641,37.74953044724552,35.39999810388463,-14.492541277351238,False,True
2018-06-21,3,-41.038649657259164,1.1813814286839412,,11.064570796086494,1.1861458168590862,,1264.6,23.66865010266244,1.184834123222749,,1266.0,1269.7,-64.7072997599216,-67.07351531182827,-69.43973086373498,-42.220031085943106,False,True
2018-06-22,4,26.765347002708058,1.1824058016711336,,-3.931281255175655,1.1791525823441555,,1272.1,-3.146385615511614,1.1797090051120724,,1271.5,1268.6,29.911732618219673,27.549617811436466,25.187503004653262,25.582941201036924,False,True
2018-06-25,0,-37.80127355287264,1.1790598962427292,,29.937783330895265,1.1835253274420072,,1267.4,-29.940142126046666,1.1800802454566912,,1271.1,1272.2,-7.86113142682597,-10.22027156852539,-12.57941171022481,-38.98033344911536,False,True
2018-06-26,1,-18.955854345223123,1.183618716957311,,-54.69909393110344,1.1858644952170134,,1264.9,22.232818432287832,1.192368839427663,,1258.0,1267.3,-41.18867277751096,-43.56466033389594,-45.94064789028091,-20.139473062180436,False,True
2018-06-27,2,-15.084755351413824,1.1900039666798892,,19.049136643694546,1.1917057281322,,1258.7,-58.054161219606584,1.1894377924034576,,1261.1,1260.5,42.96940586819276,40.58996410910941,38.21052235002607,-16.274759318093714,False,True
2018-06-28,3,-13.570147761943499,1.1965539246968733,,15.165425742513635,1.1981787682722262,,1251.9,-34.354685648609816,1.1963630563088214,,1253.8,1253.6,20.784537886666318,18.391620905660623,15.998703924654928,-14.766701686640372,False,True
2018-06-29,4,23.98082684012846,1.2004801920768309,,0.7983713229248507,1.1976047904191618,,1252.5,12.765280176080175,1.1975091809037204,,1252.6,1249.5,11.215546664048286,8.817557291067734,6.419567918087184,22.78034664805163,False,True
2018-07-02,0,-23.96358683308239,1.196744853997128,,0.0,1.1995201919232308,,1250.5,-61.76572798781424,1.1995201919232308,,1250.5,1253.4,37.80214115473185,35.4058761088115,33.00961106289113,-25.160331687079516,False,True
2018-07-03,1,1.6090104620370644,1.2068549360366885,,47.349713279079936,1.2066607674362484,,1243.1,39.952110672882476,1.2009607686148922,,1249.0,1242.9,-38.343100210845414,-40.750915915496996,-43.15873162014857,0.40215552600037596,False,True
2018-07-04,2,67.58125502810354,1.196649381731153,,-48.45317077077289,1.1885895404120446,,1262.0,,,missing bar,,1253.5,,,,66.38460564637239,False,False
2018-07-05,3,-8.749950842633288,1.192653255943389,,-15.132813210040457,1.1937922801432552,,1256.5,33.41823606559556,1.1955049015700965,,1254.7,1257.7,-42.16818690822885,-44.556345065742335,-46.94450322325582,-9.942604098576677,False,True
2018-07-06,4,-7.154497701738522,1.191989828353465,,-19.89892008541643,1.1927480916030537,,1257.6,6.37196357680654,1.195123894510398,,1255.1,1258.4,-13.526461278545062,-15.913575001408926,-18.30068872427279,-8.346487530091986,False,True
2018-07-09,0,46.083030861941815,1.1945528390539142,,34.81842561670118,1.189060642092747,,1261.5,-60.21728044860521,1.1849277194091161,,1265.9,1255.7,106.30031131054702,103.92083075208399,101.54135019362096,44.8884780228879,False,True
2018-07-10,1,-4.768717305437865,1.191895113230036,,-70.20931983825287,1.1925584353633332,,1257.8,53.495277081454084,1.2008646225282205,,1249.1,1258.5,-58.26399438689195,-60.65675412265021,-63.04951385840847,-5.960612418667901,False,True
2018-07-11,2,-35.07377051112177,1.1936022917164002,,-27.184793266730086,1.1977004152028108,,1252.4,-54.587917522322584,1.2008646225282205,,1249.1,1256.7,19.514147011200812,17.11968009695619,14.72521318271157,-36.267372802838175,False,True
2018-07-12,3,18.496929154861743,1.2074378169524271,,0.0,1.2052064920456373,,1244.6,25.680136093290994,1.2053033346725595,,1244.5,1242.3,-7.183206938429251,-9.595948090054238,-12.008689241679225,17.289491337909315,False,True
2018-07-13,4,-22.46651029235369,1.202212070209185,,-55.58478886362431,1.2050128534704372,,1244.8,31.455443930276914,1.2117295419662333,,1237.9,1247.7,-53.9219542226306,-56.335895834806024,-58.74983744698144,-23.668722362562875,False,True
2018-07-16,0,24.144880945175533,1.2087026591458503,,-2.4120603132036096,1.2058847174210148,,1243.9,-21.733014550881432,1.2060786363270886,,1243.7,1241.0,45.877895496056965,43.46311420058403,41.04833290511109,22.936178286029683,False,True
2018-07-17,1,17.71479648382021,1.2088974854932304,,-24.16432911628568,1.2067578439259856,,1243.0,-102.13268644085896,1.2096774193548387,,1240.0,1240.8,119.84748292467917,117.42890801983111,115.01033311498303,16.505898998326977,False,True
2018-07-18,2,-22.845962939419376,1.2224938875305624,,-13.896270679424113,1.2252899852965202,,1224.2,39.186922544355475,1.2269938650306749,,1222.5,1227.0,-62.03288548377485,-64.48237323633609,-66.93186098889733,-24.068456826949937,False,True
2018-07-19,3,-30.193013267142604,1.2221950623319484,,-67.24092575493418,1.2258908139915008,,1223.6,57.42427592849079,1.2340600575894696,,1215.5,1227.3,-87.61728919563339,-90.07354431555481,-92.52979943547622,-31.415208329474552,False,True
2018-07-20,4,3.2703785754639205,1.2265925259628754,,10.621349909833693,1.2261914493582935,,1223.3,60.24605049611145,1.2248897599216073,,1224.6,1222.9,-56.97567192064753,-59.427154206532016,-61.87863649241649,2.043786049501045,False,True
2018-07-23,0,-15.437744280693737,1.2178290168060406,,13.813840412232986,1.2197105220361035,,1229.8,-55.37473433255739,1.2181257105733312,,1231.4,1231.7,39.93699005186365,37.50103532448428,35.06508059710491,-16.655573297499778,False,True
2018-07-24,1,-41.740045050385206,1.2250898399215944,,70.27895233371926,1.2301131704116781,,1219.4,-29.35662224115914,1.2213989088836417,,1228.1,1224.4,-12.383422809226065,-14.8299115580313,-17.276400306836535,-42.9651348903068,False,True
2018-07-25,2,27.734743286114927,1.2252899852965202,,40.65046248169593,1.2219959266802447,,1227.5,-5.68112663902304,1.2170385395537526,,1232.5,1224.2,33.41586992513797,30.973541400287697,28.531212875437422,26.509453300818407,False,True
2018-07-26,3,-17.064157230525627,1.2178290168060406,,-14.649632309900445,1.2199089134677947,,1229.6,-47.350892618552784,1.2216973448444375,,1227.8,1231.7,30.286735388027157,27.84720902637668,25.407682664726202,-18.281986247331666,False,True
2018-07-27,4,4.089477830680568,1.2270942408376966,,-34.403703658676,1.2265925259628754,,1222.9,28.677966313584825,1.2308197259374745,,1218.7,1222.4,-24.588488482904257,-27.04640244967943,-29.5043164164546,2.862383589842872,False,True
2018-07-30,0,-29.491296872362742,1.2269938650306749,,18.031313794512734,1.2305168170631666,,1219.0,-7.372517229289758,1.2283000327546678,,1221.2,1222.5,-22.118779643072983,-24.574073540858326,-27.029367438643668,-30.718290737393417,False,True
2018-07-31,1,-4.917629801587269,1.2291052114060965,,-13.936141944824591,1.2288031457360533,,1220.7,30.296850196014752,1.2301131704116781,,1219.4,1220.4,-35.21447999760202,-37.67369837941979,-40.13291676123757,-6.146735012993366,False,True
2018-08-01,2,,,roll,8.938366499302026,1.219413055849118,,1230.1,-54.56706132447046,1.2183235867446394,,1231.2,,,,,,False,False
2018-08-02,3,15.501981646416645,1.224789744427207,,-31.02549843382089,1.2227928588897041,,1226.7,-56.587677143067644,1.2266928361138372,,1222.8,1224.7,72.08965878948429,69.63817620894324,67.1866936284022,14.277191901989438,False,True
2018-08-03,4,-15.637219761827586,1.2335526315789478,,47.658266047625,1.235483073881888,,1214.1,15.5616559517437,1.2295081967213117,,1220.0,1216.0,-31.198875713571287,-33.66193654187155,-36.124997370171805,-16.870772393406533,False,True
2018-08-06,0,-6.54771671780755,1.2272950417280317,,-38.554659956309955,1.2280989028983134,,1221.4,-9.044937507655401,1.232842935809978,,1216.7,1222.2,2.4972207898478516,0.037082812309841895,-2.4230551652281678,-7.775011759535581,False,True
2018-08-07,1,43.497955243539494,1.2337555518999839,,18.001805041478473,1.2285012285012287,,1221.0,-36.03607503298656,1.2262916939175932,,1223.2,1215.8,79.53403027652605,77.07398303070848,74.6139357848909,42.26419969163951,False,True
2018-08-08,2,23.76758074966005,1.2308197259374745,,-31.979035903738296,1.22799836266885,,1221.5,35.2560525892168,1.2320328542094459,,1217.5,1218.7,-11.488471839556752,-13.951324419703672,-16.414176999850593,22.536761023722573,False,True
2018-08-09,3,-1.6367951587409215,1.2274959083469723,,4.909983732029392,1.227797331587133,,1221.7,-18.01654733512887,1.2272950417280317,,1222.2,1222.0,16.37975217638795,13.924961226312945,11.47017027623794,-2.864291067087894,False,True
2018-08-10,4,-32.01841740348503,1.2295081967213117,,41.034115845922585,1.2335526315789478,,1216.0,-14.752891783227867,1.2285012285012287,,1221.0,1220.0,-17.265525620257165,-19.723535045479707,-22.181544470702246,-33.247925600206344,False,True
2018-08-13,0,-24.65281879697163,1.231122783978989,,-76.81861589623806,1.2342631449024934,,1215.3,-45.70961625822848,1.2437810945273633,,1206.0,1218.4,21.05679746125685,18.581893582750496,16.106989704244143,-25.88394158095062,False,True
2018-08-14,1,7.490325347083292,1.2488552160519526,,1.6637550990873746,1.247920133111481,,1202.0,-8.322237497639987,1.2478163214374847,,1202.1,1201.1,15.81256284472328,13.315891307233843,10.819219769744405,6.24147013103134,False,True
2018-08-15,2,-50.062682781441936,1.2484394506866419,,-15.905574488830926,1.2547051442910917,,1195.5,-100.19027189418532,1.2565971349585325,,1193.7,1201.5,50.12758911274338,47.62255252709821,45.11751594145303,-51.311122232128575,False,True
2018-08-16,3,-8.456660123432581,1.2679628064243451,,46.419461332733924,1.268928178665088,,1182.1,-55.72926692242391,1.2630515325025264,,1187.6,1183.0,47.27260679899133,44.74159246006447,42.21057812113759,-9.724622929856926,False,True
2018-08-17,4,6.773347138985301,1.2704327941051918,,16.91475369458928,1.2696800406297615,,1181.4,70.73118070284784,1.2675342234240325,,1183.4,1180.7,-63.957833563862536,-66.49580058139176,-69.03376759892099,5.502914344880109,False,True
2018-08-20,0,20.140993717011856,1.2600806451612903,,2.514774312260423,1.2575452716297788,,1192.8,35.14059841043279,1.2572290671360324,,1193.1,1190.4,-14.999604693420931,-17.516914405718254,-20.034224118015576,18.880913071850564,False,True
2018-08-21,1,35.849802870723515,1.2528188423953899,,-19.993342214822658,1.2483355525965383,,1201.6,28.309760788955934,1.2507295922621533,,1199.3,1197.3,7.540042081767581,5.036493647110037,2.5329452124524945,34.59698402832812,False,True
2018-08-22,2,-22.469114433798246,1.2468827930174566,,49.03396485587434,1.2496875781054737,,1200.3,-30.721990369701402,1.2435748632067651,,1206.2,1203.0,8.252875935903155,5.762418279678934,3.271960623454712,-23.715997226815702,False,True
2018-08-23,3,-51.67970158442673,1.2470901230462257,,-4.179728378509569,1.2536564981195153,,1196.5,-35.1788619769855,1.254180602006689,,1196.0,1202.8,-16.50083960744123,-19.002110332494144,-21.50338105754706,-52.92679170747296,False,True
2018-08-24,4,33.51209570655671,1.258811681772407,,21.72097762936447,1.2544952747344653,,1195.7,116.15496064066726,1.2517733455728952,,1198.3,1191.6,-82.64286493411055,-85.15344996145586,-87.66403498880115,32.2532840247843,False,True
2018-08-27,0,-25.557538953802453,1.2350761630300537,,9.076282647914459,1.238236750866766,,1211.4,41.152321451065795,1.2371134020618557,,1212.5,1214.5,-66.70986040486825,-69.18204996996016,-71.65423953505207,-26.792615116832508,False,True
2018-08-28,1,1.642305801031257,1.2318305001231833,,7.386433919485261,1.2315270935960594,,1218.0,-98.10870564259335,1.2306177701206007,,1218.9,1217.7,99.7510114436246,97.28856317338082,94.82611490313704,0.4104753009080737,False,True
2018-08-29,2,15.734341368764163,1.2431626056688216,,-0.8275063102065808,1.2412081092263136,,1208.5,36.34565375590185,1.2413108242303872,,1208.4,1206.6,-20.611312387137687,-23.095785817036894,-25.580259246936105,14.491178763095341,False,True
2018-08-30,3,-32.21412772218946,1.237011380504701,,12.40335876548653,1.2411054112195932,,1208.6,-35.59753748701556,1.239566977935708,,1210.1,1212.6,3.383409764826098,0.906831406385689,-1.5697469520547198,-33.451139102694164,False,True
2018-08-31,4,28.972331014759053,1.243471773190749,,0.0,1.239771881973717,,1209.9,-24.8262292357993,1.239771881973717,,1209.9,1206.3,53.79856025055835,51.31531659539389,48.83207294022942,27.728859241568305,False,True
2018-09-03,0,-13.272502985309687,1.243471773190749,,6.637902666565718,1.2450199203187253,,1204.8,,,missing bar,,1206.3,,,,-14.515974758500436,False,False
2018-09-04,1,-51.49940778279323,1.242750621375311,,-9.164757983698,1.2491672218520988,,1200.8,-20.862026175298865,1.2504168056018676,,1199.6,1207.0,-30.637381607494362,-33.13054903447154,-35.62371646144872,-52.742158404168535,False,True
2018-09-05,2,6.680026968507607,1.2529234881389912,,10.84644051102551,1.252191334835963,,1197.9,25.8172119247545,1.2508338892595063,,1199.2,1197.2,-19.13718495624689,-21.640942333645388,-24.144699711043884,5.427103480368616,False,True
2018-09-06,3,0.8315662555208952,1.2474012474012475,,64.64468061542121,1.2471938139186831,,1202.7,-42.223848798483615,1.2392597488433577,,1210.4,1202.5,43.05541505400451,40.568754057759904,38.0820930615153,-0.4158349918803522,False,True
2018-09-07,4,4.9755370460090385,1.2441937624419381,,4.973474903579943,1.2436779703175527,,1206.1,-40.6892817972763,1.2430595839893928,,1206.7,1205.6,45.66481884328534,43.17756549685401,40.69031215042268,3.7313432835671003,False,True
2018-09-10,0,-21.677513908190516,1.2492712584325811,,-3.3391769239218303,1.2519823053167518,,1198.1,26.68002249621567,1.2522958757722493,,1197.8,1200.7,-48.35753640440619,-50.859103538611016,-53.36067067281585,-22.926785166623098,False,True
2018-09-11,1,4.997085137715005,1.2495834721759413,,-14.164898423082509,1.2489592006661117,,1201.0,34.956340214806396,1.2506253126563283,,1199.4,1200.4,-29.95925507709139,-32.45946386192366,-34.959672646755934,3.7475016655390636,False,True
2018-09-12,2,-41.63203348687544,1.246364769422518,,4.170663613027274,1.2514600367094948,,1198.6,103.70524767694789,1.2509382036527399,,1199.1,1203.5,-145.33728116382332,-147.83458413689857,-150.33188710997385,-42.87839825629796,False,True
2018-09-13,3,-21.468095108342762,1.2372154404486968,,10.739808541908324,1.2398743593982477,,1209.8,-39.7088542949262,1.2384412153236461,,1211.2,1212.4,18.240759186583436,15.765102530811092,13.28944587503875,-22.70531054879146,False,True
2018-09-14,4,37.22550520343434,1.2431626056688216,,-12.393111017362592,1.2385434728758982,,1211.1,-94.68509277331695,1.2399768537653966,,1209.7,1206.6,131.9105979767513,129.42745851731706,126.94431905788285,35.982342597765516,False,True
2018-09-17,0,2.5001041840289013,1.2502083680613438,,17.483249676661263,1.2498958420131658,,1200.1,31.556246083338834,1.2476087498960329,,1202.3,1199.8,-29.05614189930993,-31.55395901726731,-34.051776135224685,1.2498958159675575,False,True
2018-09-18,1,-20.744313127109212,1.243368700265252,,25.71655156550765,1.24595066035385,,1203.9,-34.026340975044846,1.242750621375311,,1207.0,1206.4,13.282027847935634,10.79590852629507,8.309789204654507,-21.987681827374463,False,True
2018-09-19,2,34.85769983157601,1.2470901230462257,,4.969767351522085,1.242750621375311,,1207.0,9.104830327275836,1.2421331566743958,,1207.6,1202.8,25.752869504300172,23.26364622457955,20.774422944858927,33.61060970852978,False,True
2018-09-20,3,-10.760254318020566,1.240900066181337,,22.33528661493469,1.2422360248447208,,1207.5,14.037407862207624,1.2394645513138327,,1210.2,1208.8,-24.79766218022819,-27.27802679772336,-29.75839141521853,-12.001154384201904,False,True
2018-09-21,4,17.31031219867531,1.2375216566289913,,-42.091425161327756,1.235381321034426,,1214.2,-47.25789170675831,1.240694789081886,,1209.0,1212.1,64.56820390543362,62.08998745972274,59.611771014011865,16.072790542046317,False,True
2018-09-24,0,-19.121259515121967,1.2458471760797343,,21.614440204773096,1.2483355525965383,,1201.6,-7.4760148018270565,1.2455368263721667,,1204.3,1204.0,-11.645244713294911,-14.136628715746813,-16.62801271819871,-20.367106691201702,True,True
2018-09-25,1,11.629840154473644,1.2467791538525477,,11.617294477263318,1.245433410826968,,1204.4,-0.8293593203999662,1.2439873942610715,,1205.8,1203.1,12.45919947487361,9.968432926759991,7.477666378646372,10.383061000621097,False,True
2018-09-26,2,-12.450717524594266,1.2442969722107011,,-19.121259515121967,1.2458471760797343,,1204.0,-26.66446042815023,1.2482316717982858,,1201.7,1205.5,14.213742903555966,11.72121425954698,9.228685615537993,-13.695014496804967,False,True
2018-09-27,3,0.0,1.2511468846442573,,-13.354479908101972,1.2511468846442573,,1198.9,-90.61985154821457,1.2529234881389912,,1197.2,1198.9,90.61985154821457,88.11578117543132,85.61171080264808,-1.2511468846442573,False,True
2018-09-28,4,-11.803390629288733,1.2639029322548032,,14.332085242133408,1.2655024044545689,,1185.3,77.20750000788608,1.2636899747262007,,1187.0,1186.8,-89.01089063717481,-91.53848354415582,-94.06607645113682,-13.067293561543536,False,True
2018-10-01,0,-41.05061685619725,1.2540757461750693,,-4.198681675655384,1.259340105784569,,1191.1,15.9442823187609,1.2597631645250693,,1190.7,1196.1,-56.99489917495815,-59.50873808565829,-62.022576996358424,-42.30469260237232,True,True
2018-10-02,1,33.48123994847191,1.2576507084765658,,-18.402347309506062,1.2535517299013874,,1196.6,107.42494113360883,1.2558606831882118,,1194.4,1192.7,-73.94370118513692,-76.4572125768017,-78.97072396846647,32.22358923999534,True,True
2018-10-03,2,3.313452647944112,1.242750621375311,,-8.285691086341123,1.2423389100546631,,1207.4,-44.02914693247126,1.243368700265252,,1206.4,1207.0,47.34259958041537,44.85648025877481,42.370360937134244,2.070702026568801,True,True
2018-10-04,3,0.8323276046244816,1.248543366072915,,35.72174099676693,1.2483355525965383,,1201.6,-19.089519014415636,1.2437810945273633,,1206.0,1201.4,19.921846619040117,17.429522158439838,14.937197697839562,-0.4162157614484334,True,True
2018-10-05,4,-11.637574048258008,1.2461576804851708,,36.53275401599606,1.2477125270337717,,1202.2,1.6575501446876848,1.243265644426026,,1206.5,1203.7,-13.295124192945693,-15.78454751785689,-18.273970842768087,-12.883731728743179,True,True
2018-10-08,0,-54.01151524142642,1.2430595839893928,,-18.347098800178077,1.2497917013831028,,1200.2,-53.570061984885754,1.252191334835963,,1197.9,1206.7,-0.4414532565406688,-2.9367041753660246,-5.43195509419138,-55.254574825415816,False,True
2018-10-09,1,10.89826993058627,1.258178158027177,,-29.366132611022255,1.256702412868633,,1193.6,25.176246933604904,1.2603982858583316,,1190.1,1192.2,-14.277977003018634,-16.79655344690414,-19.31512989078965,9.640091772559094,False,True
2018-10-10,2,9.218521499260692,1.2576507084765658,,-35.24380588604225,1.2564918746858773,,1193.8,72.0391790284097,1.261034047919294,,1189.5,1192.7,-62.82065752914902,-65.33934228554487,-67.85802704194074,7.960870790784126,False,True
2018-10-11,3,-4.174842460337109,1.252191334835963,,81.5108896238753,1.2527142141306162,,1197.4,167.56038848452584,1.242441812308457,,1207.3,1197.9,-171.73523094486296,-174.2298640920074,-176.72449723915182,-5.427033795173072,False,True
2018-10-12,4,-59.638263442795854,1.2217968559094243,,40.88981817606901,1.2292059329673035,,1220.3,-30.242370509782585,1.2241899942871135,,1225.3,1227.7,-29.39589293301327,-31.841879783209805,-34.287866633406345,-60.86006029870528,False,True
2018-10-15,0,58.78527705944561,1.2283000327546678,,33.32117350177696,1.22110061869098,,1228.4,-16.240360857346733,1.2170385395537526,,1232.5,1221.2,75.02563791679235,72.58029934448392,70.1349607721755,57.556977026690944,False,True
2018-10-16,1,-6.50353652708927,1.219016659894352,,30.854197910098943,1.2198097096852891,,1229.7,-43.873973530730005,1.2160518848804218,,1233.5,1230.5,37.37043700364073,34.93536845886596,32.50029991409119,-7.722553186983623,False,True
2018-10-17,2,-10.59192668381449,1.221498371335505,,21.174370644464176,1.2228925485080713,,1226.6,-30.146272881624128,1.2203058900097625,,1229.2,1228.0,19.554346197809636,17.112541936464368,14.670737675119101,-11.813425055149995,False,True
2018-10-18,3,-14.698679765447892,1.2239902080783354,,32.637104688327696,1.2258908139915008,,1223.6,9.769601037573313,1.2217968559094243,,1227.7,1225.5,-24.468280803021205,-26.914067867008963,-29.359854930996725,-15.922669973526228,False,True
2018-10-19,4,18.702993864231352,1.2209018394921052,,4.8732944434234975,1.2186205215695833,,1230.9,-12.187691941294547,1.218026796589525,,1231.5,1228.6,30.890685805525898,28.45175716944427,26.012828533362637,17.48209202473925,False,True
2018-10-22,0,-9.756891578152354,1.219016659894352,,-30.146272881624128,1.2203058900097625,,1229.2,-4.897159745274525,1.2239902080783354,,1225.5,1230.5,-4.859731832877829,-7.302738700850517,-9.745745568823203,-10.975908238046706,False,True
2018-10-23,1,61.032862280178975,1.2243898457268796,,59.04494041608746,1.2168410805548797,,1232.7,-54.183141738011166,1.2097749818533754,,1239.9,1225.1,115.21600401819015,112.7818391906099,110.34767436302964,59.80847243445209,False,True
2018-10-24,2,2.43121683599606,1.215756200356622,,-28.398737086755553,1.215362177929023,,1234.2,47.02075951571523,1.218917601170161,,1230.6,1233.8,-44.589542679719166,-47.02421648124595,-49.45889028277273,1.215460635639438,False,True
2018-10-25,3,12.122683021774728,1.2130033964095102,,-28.309154668503325,1.2115338017930704,,1238.1,-0.8099461390254703,1.214870008909047,,1234.7,1236.6,12.932629160800198,10.504755755481641,8.076882350163084,10.909679625365218,False,True
2018-10-26,4,-7.291877981597417,1.214870008909047,,32.367725297229015,1.215756200356622,,1233.8,-20.215912759658355,1.2117295419662333,,1237.9,1234.7,12.924034778060939,10.497435227185658,8.070835676310379,-8.506747990506463,False,True
2018-10-29,0,-29.970457004875367,1.2131996117761243,,-15.425211095870317,1.2168410805548797,,1232.7,4.061903463785218,1.2188185585439182,,1230.7,1236.4,-34.032360468660585,-36.46437863898063,-38.89639680930067,-31.18365661665149,False,True
2018-10-30,1,-24.382326773768465,1.217631301241984,,-51.39721695926652,1.220603792009114,,1228.9,15.52731893709625,1.2267931626727737,,1222.7,1231.9,-39.909645710864716,-42.35407017477948,-44.79849463869423,-25.59995807501045,False,True
2018-10-31,2,-49.111991977850444,1.224789744427207,,10.660544697344566,1.230718739744011,,1218.8,-33.65762730798334,1.2293066710375349,,1220.2,1224.7,-15.454364669867104,-17.908461085331844,-20.362557500796587,-50.33678172227765,False,True
2018-11-01,3,57.372503901433724,1.2329442709189546,,24.485810470838224,1.225790634959549,,1223.7,70.67741350884774,1.2228925485080713,,1226.6,1216.6,-13.304909607414011,-15.760746426841036,-18.216583246268062,56.13955963051477,False,True
2018-11-02,4,-6.478257575337572,1.2142799320003241,,19.42219595729885,1.2150668286755772,,1234.5,-19.42062432692463,1.2126111560226356,,1237.0,1235.3,12.942366751587059,10.5154756635641,8.08858457554114,-7.692537507337897,False,True
2018-11-05,0,-1.6202203535124022,1.2150668286755772,,-32.45965683759767,1.2152637122255532,,1234.3,21.109044129648034,1.2191157347204162,,1230.4,1234.5,-22.729264483160435,-25.163447046556428,-27.59762960995242,-2.8352871821879795,False,True
2018-11-06,1,1.6214025167238648,1.2161504783525214,,23.482742885498695,1.2160518848804218,,1233.5,-64.10018296727547,1.2131996117761243,,1236.4,1233.4,65.72158548399933,63.29223539387069,60.86288530374204,0.4052520383713434,False,True
2018-11-07,2,24.38232677376976,1.220603792009114,,12.979640014828476,1.217631301241984,,1231.9,-47.127738156690555,1.2159533073929965,,1233.6,1228.9,71.51006493046032,69.07350783105821,66.6369507316561,23.161722981760644,False,True
2018-11-08,3,-14.672320858456077,1.2217968559094243,,-3.2634413278136774,1.2235908312260382,,1225.9,-7.346039590850463,1.2238903394255876,,1225.6,1227.7,-7.326281267605614,-9.771968462940626,-12.217655658275637,-15.894117714365501,False,True
2018-11-09,4,-31.08641246854874,1.2251899044351877,,-9.01750276295635,1.2291052114060965,,1220.4,-74.08660821660918,1.230214057245961,,1219.3,1224.3,43.000195748060435,40.544791786379285,38.089387824698136,-32.31160237298393,False,True
2018-11-12,0,-43.057117112119805,1.239362141617781,,15.753910641853313,1.2447099825740604,,1205.1,-51.49940778279323,1.242750621375311,,1207.0,1210.3,8.442290670673422,5.960177907680331,3.478065144687239,-44.29647925373759,False,True
2018-11-13,1,17.468706351308146,1.2488552160519526,,-19.966728763232627,1.2466755319148939,,1203.2,16.6417079512179,1.2491672218520988,,1200.8,1201.1,0.8269984000902468,-1.6710240378138046,-4.169046475717856,16.219851135256192,False,True
2018-11-14,2,-4.15783133510552,1.2470901230462257,,-6.65668189000531,1.2477125270337717,,1202.2,82.05939370323186,1.2484394506866419,,1201.5,1202.8,-86.21722503833738,-88.71275461207024,-91.20828418580311,-5.404921458151746,False,True
2018-11-15,3,5.774863007495729,1.2378280244264732,,-14.03045664074732,1.2371134020618557,,1212.5,25.57018756194551,1.2388503468780974,,1210.8,1211.8,-19.79532455444978,-22.272002925754354,-24.748681297058923,4.5370349830692565,False,True
2018-11-16,4,8.231130598893806,1.2351778656126484,,6.580029847544417,1.2341615928912293,,1215.4,47.576170455313196,1.2333497779970402,,1216.2,1214.4,-39.34503985641939,-41.81356750002908,-44.28209514363877,6.9959527332811575,False,True
2018-11-19,0,-11.457567339021848,1.2268935056437102,,-1.637867500181564,1.2283000327546678,,1221.2,30.2547350449782,1.2284006223896489,,1221.1,1222.6,-41.71230238400005,-44.167596512033406,-46.622890640066764,-12.684460844665558,False,True
2018-11-20,1,6.530612477001834,1.2248897599216073,,4.89516204602372,1.2240900930308471,,1225.4,-33.49539506800639,1.2233912405187182,,1226.1,1224.6,40.02600754500822,37.577726544567895,35.12944554412757,5.305722717080227,False,True
2018-11-21,2,8.994644704702125,1.2270942408376966,,10.619614607476251,1.2259910093992645,,1223.5,15.500716952323357,1.2246897452645333,,1224.8,1222.4,-6.506072247621232,-8.957856233723462,-11.409640219825691,7.767550463864429,False,True
2018-11-22,3,8.147967532994668,1.222693185523313,,9.768805726389068,1.2216973448444375,,1227.8,,,missing bar,,1226.8,,,,6.925274347471356,False,False
2018-11-23,4,-25.280339661542893,1.2216973448444375,,-10.621349909834231,1.2248897599216073,,1224.6,,,missing bar,,1227.8,,,,-26.50203700638733,False,False
2018-11-26,0,31.814686051030325,1.2255903260070269,,-18.75026025228647,1.2216973448444375,,1227.8,-26.14594184950251,1.2239902080783354,,1225.5,1223.9,57.960627900532835,55.51104736644747,53.06146683236211,30.5890957250233,False,True
2018-11-27,1,-19.649588768728506,1.2268935056437102,,31.096588070044078,1.229407425620851,,1220.1,-77.10011946065613,1.2255903260070269,,1223.9,1222.6,57.450530691927625,54.99804686027689,52.54556302862615,-20.876482274372215,False,True
2018-11-28,2,-14.834352481349448,1.2352795849460596,,8.244023550177621,1.2371134020618557,,1212.5,63.25755330778511,1.2361958134168454,,1213.4,1214.3,-78.09190578913456,-80.56338118749746,-83.03485658586037,-16.069632066295508,False,True
2018-11-29,3,40.05072990244027,1.2285012285012287,,3.26237667031673,1.2235908312260382,,1225.9,-17.14076247120873,1.223291469580819,,1226.2,1221.0,57.191492373649,54.739699675566946,52.2879069774849,38.82222867393904,False,True
2018-11-30,4,0.8168933550277594,1.2253900825095991,,-17.991499782785986,1.2255903260070269,,1223.9,6.548252669118672,1.228199459592238,,1221.3,1224.1,-5.731359314090913,-8.18494885619275,-10.638538398294587,-0.40849672748183974,False,True
2018-12-03,0,75.45980875389989,1.2216973448444375,,-21.849088198346358,1.212513135558969,,1237.1,12.953369686848363,1.2151652624756968,,1234.4,1227.8,62.50643906705153,60.0695764597314,57.632713852411264,74.23811140905545,False,True
2018-12-04,1,47.609531123212676,1.2132977432661978,,22.51709837592287,1.2076322357298126,,1242.1,-8.839246828889218,1.2048192771084338,,1245.0,1236.3,56.44877795210189,54.03066093172726,51.61254391135263,46.39623337994648,False,True
2018-12-05,2,-41.0612065987227,1.2052064920456373,,30.610624836467107,1.210165389269867,,1239.5,-5.631763292984849,1.206466661304593,,1243.3,1244.6,-35.42944330573785,-37.841116459088084,-40.252789612438306,-42.26641309076834,False,True
2018-12-06,3,-20.939042844172157,1.2067578439259856,,11.281226015126702,1.2093848262517135,,1240.3,11.268513748732403,1.2080212611741967,,1241.7,1243.0,-32.20755659290456,-34.62233569800474,-37.03711480310493,-22.14580068809814,False,True
2018-12-07,4,18.485036406819948,1.2066607674362484,,6.421576717700036,1.2044323109041273,,1245.4,62.395210827443506,1.203659123736158,,1246.2,1243.1,-43.91017442062356,-46.32049431179597,-48.730814202968375,17.2783756393837,False,True
2018-12-10,0,-19.9306479655916,1.1946479770627592,,-4.78927212219377,1.1970313622216904,,1253.1,-20.781719572693877,1.1977004152028108,,1252.4,1255.6,0.851071607102277,-1.541276785163293,-3.933625177428863,-21.125295942654358,False,True
2018-12-11,1,23.97507741557446,1.200192030724916,,-7.985307459375528,1.1973180076628354,,1252.8,-27.197840939766657,1.1982744847419717,,1251.8,1249.8,51.17291835534112,48.77445183987423,46.37598532440734,22.774885384849544,False,True
2018-12-12,2,-7.212405649829921,1.2016342225426582,,19.221534029590302,1.2025012025012025,,1247.4,5.599328226924268,1.200192030724916,,1249.8,1248.3,-12.81173387675419,-15.213560130021763,-17.615386383289337,-8.414039872372578,False,True
2018-12-13,3,1.5989766583480522,1.199328376109379,,-35.23950467202292,1.1992324912056287,,1250.8,-0.8023428415270992,1.2034659820282414,,1246.4,1250.7,2.4013194998751515,-0.0014748582624688478,-2.4042692164000887,0.3996482822386733,False,True
2018-12-14,4,-30.539282756442443,1.203659123736158,,-4.830529036850122,1.2073406310367032,,1242.4,4.025602888389064,1.2079239813174427,,1241.8,1246.2,-34.564885644831506,-36.97646874988511,-39.38805185493871,-31.742941880178602,False,True
2018-12-17,0,-2.4141954810849238,1.2069520437721277,,8.848490301020817,1.2071463061323036,,1242.6,48.12714832042689,1.2060786363270886,,1243.7,1242.8,-50.541343801511815,-52.954374481611026,-55.367405161710245,-3.6211475248570517,False,True
2018-12-18,1,16.78992998863082,1.200288069136593,,-6.392329422623994,1.1981787682722262,,1251.9,18.36841150565476,1.1990407673860912,,1251.0,1249.7,-1.5784815170239384,-3.9778103535466225,-6.377139190069307,15.589641919494227,False,True
2018-12-19,2,1.5954052363138993,1.196649381731153,,-15.965517880015623,1.196458482890644,,1253.7,-39.22672443797636,1.1984659635666348,,1251.6,1253.5,40.82212967429026,38.42701432899247,36.03189898369468,0.3987558545827463,False,True
2018-12-20,3,38.418488105645295,1.202886928628709,,49.406427697847576,1.1982744847419717,,1251.8,43.62835619773442,1.1924636298592894,,1257.9,1247.0,-5.209868092089124,-7.605218650577123,-10.000569209065121,37.21560117701659,False,True
2018-12-21,4,11.074198252473655,1.1871784724970322,,-14.240508735666666,1.1858644952170134,,1264.9,-31.718367722746418,1.1875544295780225,,1263.1,1263.5,42.79256597522007,40.41783307314502,38.043100171069966,9.887019779976622,False,True
2018-12-24,0,40.37211103981121,1.189815182041723,,-3.160556284209889,1.1850213303839472,,1265.8,,,missing bar,,1260.7,,,,39.18229585776949,False,False
2018-12-25,1,,,missing bar,,,missing bar,,,,missing bar,,,,,,,False,False
2018-12-26,2,20.395363204189458,1.1778563015312133,,-7.055227039799101,1.1754564689287677,,1276.1,-43.220372965045705,1.1761938367442957,,1275.3,1273.5,63.61573616923516,61.26168603095965,58.90763589268414,19.217506902658243,False,True
2018-12-27,3,-6.30070116142251,1.181009369340997,,53.43404195694549,1.1818468326504885,,1269.2,16.444152329334564,1.175548589341693,,1276.0,1270.1,-22.744853490757073,-25.101411449439766,-27.45796940812245,-7.4817105307635074,False,True
2018-12-28,4,42.16450378934825,1.1737089201877935,,-28.871308728647165,1.168770453482936,,1283.4,28.87130872864781,1.1721497225912325,,1279.7,1278.0,13.293195060700441,10.947336417921415,8.601477775142389,40.99079486916046,False,True
2018-12-31,0,3.8963569555876627,1.1691348402182387,,22.57073768254684,1.168770453482936,,1283.4,-12.446520471056996,1.1661354271942783,,1286.3,1283.0,16.34287742664466,14.007607159232142,11.672336891819626,2.727222115369424,True,True
2019-01-01,1,,,missing bar,,,missing bar,,,,missing bar,,,,,,,True,False
2019-01-02,2,19.436352085710308,1.1673151750972766,,0.0,1.1650485436893205,,1287.5,-7.770008160923857,1.1650485436893205,,1287.5,1285.0,27.206360246634166,24.87399652784757,22.54163280906097,18.269036910613032,False,True
2019-01-03,3,24.030087917003456,1.1641443538998837,,-13.94484266879418,1.161260354571495,,1291.7,48.722110225252635,1.1628808434762385,,1289.9,1288.5,-24.69202230824918,-27.0190475056253,-29.346072703001425,22.865943563103574,False,True
2019-01-04,4,-0.7713371132665681,1.1569610489780178,,-27.034350068847754,1.1570502931194075,,1296.4,-51.95622559744824,1.1601825353855675,,1292.9,1296.5,51.18488848418167,48.867744899818085,46.5506013154545,-1.9282981622445858,False,True
2019-01-07,0,44.964801707042135,1.1655011655011656,,6.185726633485231,1.1601825353855675,,1292.9,-25.542798050967424,1.1595547309833028,,1293.6,1287.0,70.50759975800956,68.18254386152509,65.85748796504062,43.79930054154097,False,True
2019-01-08,1,-47.402660934127425,1.1628808434762385,,-3.1162356126276736,1.1684062938152362,,1283.8,21.015769556260906,1.168770453482936,,1283.4,1289.9,-68.41843049038833,-70.75008178734751,-73.08173308430668,-48.56554177760366,False,True
2019-01-09,2,-21.015769556259713,1.1663167716351763,,-7.015629550720584,1.16886152887088,,1283.3,95.45685769258348,1.1696818465377419,,1282.4,1286.1,-116.4726272488432,-118.80862586701612,-121.14462448518903,-22.18208632789489,False,True
2019-01-10,3,12.350445413954407,1.158569552792153,,-11.578989290140145,1.1572288227125445,,1296.2,-58.87382409269657,1.158569552792153,,1294.7,1294.7,71.22426950665098,68.90713040106667,66.58999129548238,11.191875861162254,False,True
2019-01-11,4,50.3545240297128,1.1649580615097859,,-12.37145445040184,1.1591067150915697,,1294.1,-36.42708930170296,1.160451802568467,,1292.6,1287.6,86.78161333141576,84.4562034673375,82.13079360325925,49.18956596820301,False,True
2019-01-14,0,41.06463756899658,1.1645962732919255,,17.768168759756342,1.159823706796567,,1293.3,-29.37313698801874,1.1577647422043842,,1295.6,1288.0,70.43777455701532,68.11541354151902,65.79305252602269,39.90004129570465,False,True
2019-01-15,1,-23.239610738234173,1.1606313834726092,,10.851031912642167,1.163241566498643,,1289.5,-11.626556361438505,1.1619800139437604,,1290.9,1292.4,-11.613054376795668,-13.935665774212037,-16.258277171628407,-24.400242121706782,False,True
2019-01-16,2,0.0,1.1631513647642682,,-7.757350478217781,1.1631513647642682,,1289.6,37.17764331738268,1.163963684333049,,1288.7,1289.6,-37.17764331738268,-39.50475836648,-41.83187341557732,-1.1631513647642682,False,True
2019-01-17,3,-10.052194931122443,1.159285879897983,,8.507018803128286,1.160541586073501,,1292.5,-15.472693787769114,1.1595547309833028,,1293.6,1293.9,5.42049885664667,3.101658245765385,0.7828176348840987,-11.211480811020426,False,True
2019-01-18,4,-17.819102138918282,1.161080578992182,,-33.39938636277617,1.1631513647642682,,1289.6,-31.94766421655431,1.166951921580831,,1285.4,1291.9,14.128562077636026,11.800529577063013,9.47249707649,-18.980182717910463,False,True
2019-01-21,0,8.585366381003833,1.171234481143125,,-37.517630375871605,1.1702293649555315,,1281.8,,,missing bar,,1280.7,,,,7.414131899860708,False,False
2019-01-22,1,12.500978266787774,1.1726995543741696,,14.824642827364293,1.171234481143125,,1280.7,16.359603228014468,1.1694994542335884,,1282.6,1279.1,-3.8586249612266936,-6.200823969834452,-8.54302297844221,11.328278712413605,False,True
2019-01-23,2,-4.67180573785542,1.1676786548341898,,1.5575111004155184,1.1682242990654208,,1284.0,-18.704705009210876,1.16795141322121,,1284.3,1284.6,14.032899271355456,11.697269203300056,9.361639135244657,-5.83948439268961,False,True
2019-01-24,3,-25.768178862274315,1.1697730640255792,,-7.821666413626161,1.172791243158718,,1279.0,14.854777759941895,1.1736170878647996,,1278.1,1282.3,-40.62295662221621,-42.96634677410658,-45.309736925996965,-26.937951926299895,False,True
2019-01-25,4,26.525214491311235,1.171783454417624,,-3.1167212345164073,1.1685883452789034,,1283.6,149.28536515272,1.1689526184538654,,1283.2,1280.1,-122.76015066140877,-125.10088673428027,-127.44162280715175,25.35343103689361,False,True
2019-01-28,0,-9.98732461152212,1.1518083390923752,,-13.845091050917427,1.1529592621060725,,1301.0,24.598367388313303,1.1544677903486493,,1299.3,1302.3,-34.58569199983542,-36.89196812927644,-39.198244258717466,-11.139132950614494,False,True
2019-01-29,1,31.428487791279316,1.1516314779270636,,6.885208549550981,1.1479298997474556,,1306.7,20.62565186348324,1.147052076164258,,1307.7,1302.5,10.802835927796075,8.504152373704754,6.205468819613431,30.27685631335225,False,True
2019-01-30,2,19.821612039912026,1.1446886446886448,,-16.00427122081594,1.142247943953701,,1313.2,64.6267217967884,1.1441647597254005,,1311.0,1310.4,-44.80510975687638,-47.09396316129042,-49.382816565704466,18.67692339522338,False,True
2019-01-31,3,-3.0307622599023776,1.1363636363636365,,24.97825164258988,1.1367942402425164,,1319.5,-18.924346134559666,1.134387052862437,,1322.3,1320.0,15.893583874657288,13.622833185431215,11.352082496205142,-4.167125896266014,False,True
2019-02-01,4,,,roll,21.143253364694587,1.1338725527250737,,1322.9,-27.948803931724594,1.1314777098891153,,1325.7,,,,,,False,False
2019-02-04,0,-35.599355907182826,1.1341297444427645,,-18.228776124687467,1.1382607375929583,,1317.8,8.358980691134828,1.140337539911814,,1315.4,1322.6,-43.95833659831766,-46.232803882672236,-48.507271167026815,-36.73348565162559,True,True
2019-02-05,1,2.2779908219544938,1.1391251518833538,,4.554425462057792,1.1388656897729863,,1317.1,12.135003385242097,1.1383471199817865,,1317.7,1316.8,-9.857012563287604,-12.134484835152744,-14.411957107017885,1.13886567007114,True,True
2019-02-06,2,-3.032140714559964,1.136880400181901,,-12.89686481533198,1.1372251705837757,,1319.0,-51.75443472320356,1.1386927806877707,,1317.3,1319.4,48.722294008643594,46.44672082777392,44.17114764690425,-4.169021114741865,True,True
2019-02-07,3,-20.617776766511827,1.1442520405828058,,35.0984642323437,1.1465260261407937,,1308.3,6.852705183078942,1.142508949653439,,1312.9,1310.9,-27.47048194959077,-29.757242939827016,-32.04400393006326,-21.762028807094634,True,True
2019-02-08,4,-12.18119678600674,1.1412919424788863,,34.98368462586939,1.1427700746609784,,1312.6,7.588981164102523,1.1387792286668692,,1317.2,1314.3,-19.770177950109264,-22.05024912125502,-24.330320292400778,-13.322488728485627,True,True
2019-02-11,0,-23.54640106555008,1.1380016690691148,,-38.8616330892007,1.1407711613050424,,1314.9,14.49662635135946,1.1453004504848439,,1309.7,1318.1,-38.04302741690954,-40.3263295364635,-42.609631656017456,-24.684402734619194,False,True
2019-02-12,1,27.40979331422488,1.1436413540713635,,12.15805620889728,1.1405109489051095,,1315.2,-19.76435459037858,1.1391251518833538,,1316.8,1311.6,47.17414790460346,44.89138139864874,42.60861489269402,26.26615196015352,False,True
2019-02-13,2,6.085038599566556,1.1412919424788863,,-20.55186260972502,1.140597673180747,,1315.1,-23.64878853239025,1.142944224321853,,1312.4,1314.3,29.733827131956804,27.449590965156066,25.165354798355324,4.9437466570876705,False,True
2019-02-14,3,19.071600547449034,1.1453879047037265,,-39.70683286555257,1.1431184270690444,,1312.2,66.34408747570507,1.1476664116296864,,1307.0,1309.6,-47.27248692825603,-49.56554124458944,-51.85859556092286,17.926212642745305,False,True
2019-02-15,4,15.191799351699093,1.1402508551881414,,25.773210143005407,1.1385199240986719,,1317.5,30.234338979973508,1.1355034065102196,,1321.0,1315.5,-15.042539628274415,-17.31829388997278,-19.59404815167114,14.051548496510952,False,True
2019-02-18,0,0.0,1.1320754716981134,,30.895620069644746,1.1320754716981134,,1325.0,,,missing bar,,1325.0,,,,-1.1320754716981134,False,False
2019-02-19,1,-2.257251429771312,1.1284983448690942,,34.55532284606758,1.1287531040710364,,1328.9,78.42591640518421,1.124775044991002,,1333.6,1329.2,-80.68316783495553,-82.93644122481562,-85.18971461467572,-3.385749774640406,False,True
2019-02-20,2,11.898566139418438,1.116154475779448,,9.657171199587912,1.1148272017837237,,1345.5,-41.66672694845834,1.113751113751114,,1346.8,1343.9,53.56529308787678,51.33538749834622,49.10548190881566,10.78241166363899,False,True
2019-02-21,3,0.0,1.1179846463441903,,-31.350327983504815,1.117901326576241,,1341.8,-87.10071584629272,1.1214114832535889,,1337.6,1341.7,87.10071584629272,84.86131971669494,82.62192358709716,-1.1179846463441903,False,True
2019-02-22,4,22.602284917940278,1.1313923668728316,,-26.372316833355804,1.1287531040710364,,1328.9,39.90818895570254,1.1317338162064283,,1325.4,1325.8,-17.305904037762264,-19.569030220841523,-21.832156403920784,21.470892551067447,False,True
2019-02-25,0,4.503828330146542,1.126210676477213,,-0.750497204749664,1.1257035647279552,,1332.5,-20.28474456864399,1.1257880516361454,,1332.4,1331.9,24.788572898790534,22.536574170677174,20.284575442563817,3.3776176536693283,False,True
2019-02-26,1,-21.82996086910065,1.1279043537108056,,-7.53863586399711,1.1303692539562926,,1327.0,36.88235711558487,1.1311364150516554,,1326.1,1329.9,-58.71231798468551,-60.97135875344797,-63.23039952221043,-22.957865222811456,False,True
2019-02-27,2,-18.04783163970863,1.1269722013523669,,-3.011141245274434,1.1290079783230471,,1328.6,-49.058553428522984,1.1293479897605785,,1328.2,1331.0,31.010721788814354,28.75440159770141,26.49808140658846,-19.174803841060996,False,True
2019-02-28,3,12.098300152427173,1.134902020125596,,21.135273568081185,1.1334441589844342,,1323.4,-87.09207232208693,1.1310511235107827,,1326.2,1321.7,99.1903724745141,96.92441933087773,94.65846618724134,10.963398132301577,False,True
2019-03-01,4,-39.60702869807841,1.1402508551881414,,-22.158557299617296,1.1448633796366967,,1310.2,-99.15911987036915,1.1473152822395594,,1307.4,1315.5,59.552091172290744,57.26452503486304,54.976958897435345,-40.74727955326655,False,True
2019-03-04,0,-17.010751801621936,1.1588380716934488,,-45.76312039395405,1.1608110199659496,,1292.2,10.87801195068381,1.1661354271942783,,1286.3,1294.4,-27.888763752305746,-30.21373725119347,-32.5387107500812,-18.169589873315385,False,True
2019-03-05,1,-13.987103065184124,1.164777139307346,,8.549998577673929,1.1664074650077763,,1286.0,11.647320492099123,1.1654106130059827,,1287.1,1287.8,-25.63442355728325,-27.964611309596577,-30.294799061909906,-15.15188020449147,False,True
2019-03-06,2,8.531431083259326,1.1638733705772815,,-17.846755464374734,1.1628808434762385,,1289.9,-4.660556244061387,1.1648675933835522,,1287.7,1288.8,13.191987327320714,10.863246363359881,8.534505399399047,7.367557712682045,False,True
2019-03-07,3,-18.66107376153603,1.1652295502213939,,24.87176783470252,1.1673151750972766,,1285.0,-15.538811300010629,1.164505861346169,,1288.1,1287.3,-3.122262461525402,-5.451997873092965,-7.781733284660527,-19.826303311757425,False,True
2019-03-08,4,58.11942432221302,1.1657729074376313,,-3.0914290376808653,1.1591067150915697,,1294.1,38.577318114892165,1.1595547309833028,,1293.6,1286.7,19.542106207320856,17.216778568899922,14.891450930478989,56.95365141477539,False,True
2019-03-11,0,-5.393535593245833,1.1554460021568327,,-17.743495494136624,1.1561584707877295,,1297.4,-13.136037124395806,1.1583011583011584,,1295.0,1298.2,7.742501531149973,5.428754370691982,3.1150072102339905,-6.548981595402665,False,True
2019-03-12,1,20.850233431001357,1.1595547309833028,,0.0,1.1571395510298543,,1296.3,42.33869532289776,1.1571395510298543,,1296.3,1293.6,-21.488461891896407,-23.805156173909563,-26.12185045592272,19.690678700018054,False,True
2019-03-13,2,23.78487329914272,1.1522507297587956,,22.199266589743512,1.1495133726722355,,1304.9,12.990488205909973,1.1469643676403123,,1307.8,1301.8,10.794385093232748,8.49516999583364,6.1959548984345325,22.632622569383926,False,True
2019-03-14,3,-52.831178354655194,1.1454753722794961,,-41.541716791381944,1.1515430677107328,,1302.6,-10.027383307705382,1.1564258731015344,,1297.1,1309.5,-42.803795046949816,-45.10569629233085,-47.40759753771188,-53.97665372693469,False,True
2019-03-15,4,36.21098760100027,1.1577647422043842,,28.414564293240637,1.1535799430900564,,1300.3,-13.045315129407781,1.150306748466258,,1304.0,1295.6,49.25630273040805,46.94823123973741,44.64015974906677,35.053222858795884,False,True
2019-03-18,0,9.979657681596187,1.1520737327188941,,6.9026347795728595,1.1508362743593679,,1303.4,-6.135440026809294,1.1500421682128348,,1304.3,1302.0,16.115097708405482,13.812981807473754,11.510865906542024,8.827583948877294,False,True
2019-03-19,1,12.265237260109178,1.1505714504870754,,19.89745816026816,1.1490730810479548,,1305.4,-13.005395246264927,1.1467889908256883,,1308.0,1303.7,25.270632506374106,22.973272065061344,20.67591162374858,11.114665809622103,False,True
2019-03-20,2,-9.192585295723275,1.1485451761102605,,-1.532919448084878,1.1496014714898837,,1304.8,60.37235103783234,1.1497777096428026,,1304.6,1306.0,-69.56493633355561,-71.86325921930867,-74.16158210506174,-10.341130471833536,False,True
2019-03-21,3,47.11971022477363,1.1426830197303268,,-28.093105299236612,1.1373113958601866,,1318.9,-47.252583920155274,1.1405109489051095,,1315.2,1312.7,94.3722941449289,92.08910017629347,89.80590620765803,45.9770272050433,False,True
2019-03-22,4,11.449945909520046,1.145650347513939,,12.19977276741083,1.1444266422522318,,1310.7,8.378718546313776,1.1430313190581425,,1312.3,1309.3,3.0712273632062708,0.7825456966341893,-1.5061359699378922,10.304295562006107,False,True
2019-03-25,0,16.737678892332173,1.1421609685525016,,15.950783830831707,1.1402508551881414,,1315.5,31.07122351196062,1.1385199240986719,,1317.5,1313.3,-14.333544619628448,-16.61422551227962,-18.894906404930794,15.595517923779672,False,True
2019-03-26,1,-27.27894394500297,1.135073779795687,,-34.967728522818895,1.1382607375929583,,1317.8,15.218386744777609,1.142247943953701,,1313.2,1321.5,-42.497330689780576,-44.774652413529964,-47.05197413727935,-28.414017724798654,False,True
2019-03-27,2,5.320159730272819,1.140337539911814,,3.798093402791703,1.1396444309375475,,1316.2,-62.47163392097511,1.1392116655274551,,1316.7,1315.4,67.79179365124793,65.51224444580866,63.23269524036939,4.179822190361005,False,True
2019-03-28,3,5.34861521824416,1.1464383980434119,,-55.919560477664014,1.1458253762126653,,1309.1,-94.15829385923105,1.1522507297587956,,1301.8,1308.4,99.50690907747521,97.20821994967301,94.9095308218708,4.202176820200748,False,True
2019-03-29,4,-21.73576387492569,1.1631513647642682,,34.92572140379297,1.1662260923651067,,1286.2,-17.029185940507645,1.1600928074245942,,1293.0,1289.6,-4.706577934418046,-7.029822106606908,-9.35306627879577,-22.89891523968996,False,True
2019-04-01,0,-27.01765509306667,1.1563367252543943,,6.954371875535827,1.1594651001004872,,1293.7,-17.781905802641287,1.158659045264947,,1294.6,1297.2,-9.235749290425382,-11.550745060944724,-13.865740831464064,-28.173991818321063,False,True
2019-04-02,1,-8.516239433922124,1.1608110199659496,,15.47748335593773,1.1617100371747213,,1291.2,27.02808703560662,1.1599133931333128,,1293.2,1292.2,-35.54432646952874,-37.865050882628005,-40.18577529572727,-9.677050453888073,False,True
2019-04-03,2,-1.5422578685725925,1.1566042100393248,,5.396862241165903,1.156782601989666,,1296.7,-23.922533305627194,1.1561584707877295,,1297.4,1296.9,22.380275437054603,20.067512756227547,17.754750075400494,-2.698862078611917,False,True
2019-04-04,3,23.149944747278457,1.1588380716934488,,-30.88090155768066,1.1562475911508519,,1297.3,23.941008461938498,1.159823706796567,,1293.3,1294.4,-0.7910637146600408,-3.109725493150057,-5.428387271640073,21.99110667558501,False,True
2019-04-05,4,-29.3527168881708,1.1569610489780178,,-8.512285288609915,1.160272277227723,,1292.8,32.46254203398899,1.161260354571495,,1291.7,1296.5,-61.815258922159785,-64.1334803257093,-66.45170172925882,-30.50967793714882,True,True
2019-04-08,0,40.81795493573341,1.157586047229511,,9.21871464227319,1.1528706479133044,,1301.1,-5.3765506882954615,1.1518083390923752,,1302.3,1295.8,46.19450562402887,43.88511123770699,41.575716851385096,39.6603688885039,False,True
2019-04-09,1,3.0726686368661835,1.1524277811923789,,29.145595106413804,1.1521622244412015,,1301.9,19.89441317269991,1.1488970588235297,,1305.6,1301.6,-16.821744535833727,-19.123069375849635,-21.424394215865544,1.9202408556738046,False,True
2019-04-10,2,6.113403827874398,1.1466136676349183,,-11.46482335997791,1.1458253762126653,,1309.1,33.59294653978888,1.1471397981033957,,1307.6,1308.2,-27.479542711914483,-29.773296177652796,-32.067049643391115,4.96679016023948,False,True
2019-04-11,3,-15.250879881415424,1.142944224321853,,-44.36293033756392,1.1447760054949252,,1310.3,-66.14899899307346,1.1499540018399266,,1304.4,1312.4,50.89811911165804,48.605220885496266,46.312322659334484,-16.393824105737277,False,True
2019-04-12,4,4.6292725153547325,1.157586047229511,,-6.172363439538879,1.1569610489780178,,1296.5,-16.993670086813186,1.157675387821255,,1295.7,1295.8,21.622942602167917,19.307681167117153,16.992419732066388,3.4716864681252213,False,True
2019-04-15,0,-32.51028484568877,1.1591962905718705,,-8.532092819315086,1.162971003256319,,1289.8,17.058234732647094,1.164054012106162,,1288.6,1294.0,-49.56851957833587,-51.8917698810139,-54.215020183691934,-33.66948113626064,False,True
2019-04-16,1,-11.627457610148785,1.162070034087388,,-14.747547982763553,1.1634220119444663,,1289.3,-61.55304018672007,1.1651390399254313,,1287.4,1290.8,49.92558257657129,47.59837350255847,45.271164428545646,-12.789527644236173,False,True
2019-04-17,2,10.935792372468795,1.1723329425556859,,-22.667770678472586,1.1711430356027486,,1280.8,-13.31193180411163,1.1738007668831678,,1277.9,1279.5,24.247724176580427,21.901590467141574,19.55545675770272,9.763459429913109,False,True
2019-04-18,3,-20.393763441280477,1.1753643629525155,,36.83534083857462,1.1777638190954776,,1273.6,-3.129645593183168,1.1734334663224597,,1278.3,1276.2,-17.26411784809731,-19.612915677372285,-21.96171350664726,-21.56912780423299,False,True
2019-04-19,4,,,missing bar,,,missing bar,,,,missing bar,,,,,,,False,False
2019-04-22,0,10.948620785573077,1.1737089201877935,,6.2514653907454365,1.1725162198077075,,1279.3,-25.81252166519639,1.171783454417624,,1280.1,1278.0,36.76114245076947,34.415650076164056,32.070157701558635,9.774911865385283,False,True
2019-04-23,1,-21.165688143058265,1.1746280344557558,,-3.139471024921951,1.1771168484658245,,1274.3,3.139471024922678,1.1774864589057226,,1273.9,1277.0,-24.305159167980943,-26.65727366134242,-29.0093881547039,-22.34031617751402,False,True
2019-04-24,2,-18.064014336736225,1.177024482109228,,28.25747563151074,1.1790598962427292,,1272.2,15.662936869601296,1.1756407241946862,,1275.9,1274.4,-33.72695120633752,-36.07961641264143,-38.432281618945346,-19.241038818845453,False,True
2019-04-25,3,3.1296455931823024,1.1738007668831678,,-2.3471423649586507,1.1734334663224597,,1278.3,7.821666413624769,1.1737089201877935,,1278.0,1277.9,-4.692020820442466,-7.039530507513428,-9.38704019458439,1.9558448262991346,False,True
2019-04-26,4,36.67724272330434,1.1726995543741696,,-5.454049767051373,1.1684062938152362,,1283.8,41.22113556071261,1.169043722235212,,1283.1,1279.1,-4.543892837408272,-6.885636114017654,-9.227379390627036,35.50454316893017,False,True
2019-04-29,0,-27.189762332432274,1.1636927851047325,,-17.907895936940317,1.166861143523921,,1285.5,-12.475635146368983,1.16886152887088,,1283.3,1289.0,-14.71412718606329,-17.046681500038904,-19.379235814014514,-28.353455117537006,False,True
2019-04-30,1,21.04033505603078,1.1701380762930027,,25.657985541449136,1.1677695601401326,,1284.5,-19.430309614387582,1.1646866992778944,,1287.9,1281.9,40.470644670418366,38.13581989484747,35.80099511927657,19.870196979737777,False,True
2019-05-01,2,-45.231302256660534,1.1671335200746968,,37.44446219166523,1.1723329425556859,,1279.5,-46.827526450340656,1.16795141322121,,1284.3,1285.2,1.596224193680122,-0.7388607396157849,-3.073945672911692,-46.398435776735234,True,True
2019-05-02,3,-43.89753854852376,1.173249902229175,,0.7855768101762959,1.1784115012962526,,1272.9,-11.00283040898415,1.17822637656115,,1273.1,1278.5,-32.89470813953961,-35.24618441832993,-37.59766069712026,-45.070788450752936,True,True
2019-05-03,4,4.717352080563778,1.179616231519346,,-2.3583978726499706,1.1790598962427292,,1272.2,64.25850807835644,1.179245283018868,,1272.0,1271.6,-59.541155997792664,-61.90001751233088,-64.2588790268691,3.5377358490444317,True,True
2019-05-06,0,14.032901655753157,1.1702293649555315,,-12.472717550864386,1.1685883452789034,,1283.6,2.3398198445468057,1.170046801872075,,1282.0,1281.8,11.693081811206351,9.352805644378744,7.012529477551138,12.862672290797626,False,True
2019-05-07,1,4.677633202930607,1.1696818465377419,,-14.039468806332895,1.1691348402182387,,1283.0,34.28129574672763,1.1706860220088975,,1281.3,1282.4,-29.60366254379702,-31.94403041234366,-34.2843982808903,3.507951356392865,False,True
2019-05-08,2,22.532156691170204,1.1667703795892972,,10.859448786707343,1.1641443538998837,,1288.5,-62.99845840498587,1.162971003256319,,1289.8,1285.6,85.53061509615607,83.20087371331046,80.87113233046483,21.365386311580906,False,True
2019-05-09,3,10.915329323262647,1.1701380762930027,,-0.7792713816520468,1.16886152887088,,1283.3,13.240392915247188,1.169043722235212,,1283.1,1281.9,-2.3250635919845415,-4.664245390512756,-7.003427189040971,9.745191246969643,False,True
2019-05-10,4,-1.5565413682303442,1.1673151750972766,,13.223913871379379,1.1675877636802368,,1284.7,3.1089694016914224,1.166044776119403,,1286.4,1285.0,-4.665510769921767,-6.998870721138446,-9.332230672355125,-2.7238565433276207,False,True
2019-05-13,0,-41.22434181842592,1.164325079562214,,14.019785768607397,1.1691348402182387,,1283.0,124.53268415016315,1.167496886674969,,1284.8,1288.3,-165.75702596858906,-168.08884793482625,-170.42066990106343,-42.38866689798813,False,True
2019-05-14,1,-19.237434273383847,1.153136531365314,,11.547789881744801,1.1554460021568327,,1298.2,-17.710704202047193,1.1540236959532237,,1299.8,1300.8,-1.5267300713366545,-3.8338902986551924,-6.14105052597373,-20.39057080474916,False,True
2019-05-15,2,-29.31874640869521,1.1556240369799693,,43.17662837082684,1.1590171534538711,,1294.2,-20.023110270855565,1.1540236959532237,,1299.8,1298.0,-9.295636137839644,-11.605283870772837,-13.91493160370603,-30.474370445675177,False,True
2019-05-16,3,-3.8537131002190192,1.1558911921091164,,-23.92622605538557,1.1563367252543943,,1297.2,-55.015442314976916,1.1591067150915697,,1294.1,1297.7,51.1617292147579,48.846731307557214,46.53173340035653,-5.009604292328135,False,True
2019-05-17,4,7.765784346168874,1.1653200745804848,,-17.87032836396984,1.1644154634373547,,1288.2,-67.09863670075843,1.1664074650077763,,1286.0,1287.2,74.8644210469273,72.53269350733905,70.20096596775079,6.60046427158839,False,True
2019-05-20,0,-16.4505931893652,1.1740763932373202,,3.1352876883262097,1.1759172154280342,,1275.6,12.532311501617896,1.1756407241946862,,1275.9,1277.6,-28.982904690983098,-31.332621808415105,-33.68233892584711,-17.62466958260252,False,True
2019-05-21,1,-25.861070014386637,1.1739845034045553,,-21.210581815858305,1.1771168484658245,,1274.3,22.779947795224828,1.179616231519346,,1271.6,1277.7,-48.64101780961147,-50.99461854453537,-53.34821927945927,-27.035054517791192,False,True
2019-05-22,2,-10.206085282392255,1.177024482109228,,20.401764766447148,1.17822637656115,,1273.1,-21.18894259513595,1.1759172154280342,,1275.6,1274.4,10.982857312743693,8.62991561520643,6.276973917669169,-11.383109764501484,False,True
2019-05-23,3,0.7853300353527776,1.178041309981937,,26.664591126193237,1.1779487984922257,,1273.4,48.441379200920565,1.174812030075188,,1276.8,1273.3,-47.65604916556779,-50.00890250562491,-52.36175584568204,-0.39271127462915933,False,True
2019-05-24,4,-4.676903974876041,1.1689526184538654,,-7.019459789841417,1.1694994542335884,,1282.6,20.265010832317675,1.1703206678629945,,1281.7,1283.2,-24.941914807193715,-27.281188093510575,-29.620461379827436,-5.845856593329906,False,True
2019-05-27,0,14.792326259908224,1.1686793922867162,,-3.8902937662400285,1.166861143523921,,1285.5,,,missing bar,,1283.5,,,,13.623646867621508,False,False
2019-05-28,1,-22.593597706652584,1.1673151750972766,,-2.3400023506791965,1.1698642957416943,,1282.2,-24.214032530037915,1.1702293649555315,,1281.8,1285.0,1.620434823385331,-0.7171097166674771,-3.0546542567202852,-23.76091288174986,False,True
2019-05-29,2,34.345518111407856,1.1728829462819612,,1.5584820416489322,1.1689526184538654,,1283.2,-35.12198732352388,1.1686793922867162,,1283.5,1278.9,69.46750543493174,67.12594309636306,64.78438075779438,33.1726351651259,False,True
2019-05-30,3,-22.692603344988548,1.1724245740190715,,0.0,1.174720025060694,,1276.9,84.98745162082598,1.1745360582569888,,1277.1,1279.4,-107.68005496581452,-110.02701559809059,-112.37397623036664,-23.86502791900762,False,True
2019-05-31,4,,,roll,23.830583595852048,1.1544677903486493,,1299.3,60.47865324118441,1.1518083390923752,,1302.3,,,,,,False,False
2019-06-03,0,15.987213636968518,1.142857142857143,,54.61592882795406,1.140944702213433,,1314.7,61.83565438689247,1.1346444780635403,,1322.0,1312.5,-45.84844074992395,-48.12594237084464,-50.40344399176532,14.844356494111375,False,True
2019-06-04,1,11.274382042840625,1.1280740016545088,,-22.559792994138565,1.1267182453241193,,1331.3,15.046647437075231,1.1293479897605785,,1328.2,1329.7,-3.7722653942346067,-6.029687385649694,-8.28710937706478,10.146308041186115,False,True
2019-06-05,2,61.455638222934766,1.1276499774470006,,8.961912474352642,1.12074118350269,,1338.4,-37.391608028343505,1.1196536538030903,,1339.7,1330.2,98.84724625127828,96.59994262002819,94.3526389887781,60.32798824548777,False,True
2019-06-06,3,5.237756863355698,1.1226704587979945,,31.369060004945943,1.1220825852782768,,1336.8,-11.937627322309815,1.1184848258891957,,1341.1,1336.1,17.175384185665514,14.934228900978324,12.693073616291134,4.115086404557704,False,True
2019-06-07,4,-32.14835859171732,1.1196536538030903,,32.89476650398705,1.1232589486296243,,1335.4,37.24676534941104,1.1194865288454363,,1339.9,1339.7,-69.39512394112836,-71.63426412377689,-73.87340430642541,-33.26801224552041,True,True
2019-06-10,0,-77.09330499563043,1.1184014315538324,,-14.286253792651838,1.127056878803817,,1330.9,21.046309632766757,1.1286681715575624,,1329.0,1341.2,-98.1396146283972,-100.3866842315086,-102.63375383461998,-78.21170642718427,False,True
2019-06-11,1,-21.04630963276655,1.1262952395254544,,-35.427617803266834,1.1286681715575624,,1329.0,48.21101616778086,1.132673865438345,,1324.3,1331.8,-69.25732580054742,-71.51629490551123,-73.77526401047501,-22.172604872292005,False,True
2019-06-12,2,61.43722029384335,1.1273109875244254,,1.4938751148184517,1.1204900276387542,,1338.7,-12.705057573904295,1.1203226529240422,,1338.9,1330.6,74.14227786774765,71.89464422729918,69.64701058685071,60.30990930631893,False,True
2019-06-13,3,28.36457824691475,1.1212438331589178,,-4.473605800824046,1.1181513231457325,,1341.5,37.96200919076761,1.118651651875606,,1340.9,1337.8,-9.59743094385286,-11.837326428887383,-14.077221913921907,27.243334413755832,False,True
2019-06-14,4,93.14082709648036,1.1139992573338287,,-5.887548006393235,1.103590347263096,,1359.2,-96.90500065585724,1.1042402826855124,,1358.4,1346.5,190.0458277523376,187.82758821231826,185.60934867229892,92.02682783914653,False,True
2019-06-17,0,-29.027596579614627,1.1148272017837237,,-17.158421159226137,1.1180679785330951,,1341.6,27.58622439079661,1.1199044348215619,,1339.4,1345.5,-56.61382097041124,-58.84855260701653,-61.08328424362181,-30.14242378139835,False,True
2019-06-18,1,43.80598756287551,1.116154475779448,,35.50037009913521,1.1113580795732385,,1349.7,-32.53718761949408,1.107419712070875,,1354.5,1343.9,76.34317518236958,74.11960099451925,71.89602680666893,42.68983308709606,False,True
2019-06-19,2,-8.890206541975195,1.1107819905213272,,-25.976932260877447,1.1118523460084504,,1349.1,138.0146635014488,1.1147443519619504,,1345.6,1350.4,-146.904870043424,-149.1303963859073,-151.35592272839057,-10.000988532496521,False,True
2019-06-20,3,159.9452490743955,1.099303774276292,,-10.824464343939004,1.0818608005769927,,1386.5,52.56916293800843,1.0830324909747293,,1385.0,1364.5,107.37608613638706,105.19374987113603,103.01141360588501,158.8459453001192,False,True
2019-06-21,4,35.159509545289374,1.078205865439908,,19.319529460839373,1.0743446497636444,,1396.2,29.265876200760466,1.0722710701265281,,1398.9,1391.2,5.893633344528908,3.743156408962472,1.5926794733960357,34.08130367984947,False,True
2019-06-24,0,17.79169953007097,1.068452168957903,,44.6920191978392,1.0664770707429791,,1406.5,74.04568226884075,1.0617214043035108,,1412.8,1403.9,-56.25398273876978,-58.384156312031195,-60.514329885292604,16.723247361113067,False,True
2019-06-25,1,70.70630458253828,1.053814809610791,,-18.153894107351874,1.0463899546564355,,1433.5,-29.395317919205652,1.0482912852051156,,1430.9,1423.4,100.10162250174393,97.99951640692804,95.89741031211211,69.6524897729275,False,True
2019-06-26,2,-130.47189559483823,1.0510089686098656,,-13.4967166643386,1.0648115283594806,,1408.7,40.43849290581073,1.0663254425250588,,1406.7,1427.2,-170.91038850064896,-173.02772291178388,-175.1450573229188,-131.5229045634481,False,True
2019-06-27,3,-51.09655571032071,1.0617965597791466,,19.90050408010231,1.0671599317017646,,1405.6,31.1924256879805,1.0650383413802897,,1408.4,1412.7,-82.2889813983012,-84.41581629946063,-86.54265120062007,-52.158352270099854,False,True
2019-06-28,4,12.728045842205582,1.061345786457228,,9.888403122456568,1.0599957600169603,,1415.1,-28.278562499752198,1.0589481115425345,,1416.5,1413.3,41.00660834195778,38.886314443958014,36.766020545958256,11.666700055748354,False,True
2019-07-01,0,-113.35224316375852,1.0700527892709375,,64.00827348341,1.0822510822510825,,1386.0,-56.79586783357998,1.07534590293211,,1394.9,1401.8,-56.55637533017853,-58.701774022381585,-60.84717271458463,-114.42229595302945,False,True
2019-07-02,1,56.11121836584898,1.0820949357957006,,11.47117992149702,1.0760401721664277,,1394.0,184.59878114677645,1.0748835542816197,,1395.5,1386.2,-128.48756278092748,-130.6445412710048,-132.80151976108212,55.029123430053275,False,True
2019-07-03,2,25.936714971075126,1.052853232259423,,-42.09646292400485,1.0501995379122036,,1428.3,-5.626274851278187,1.0546298249314492,,1422.3,1424.7,31.562989822353313,29.45550676516244,27.348023707971567,24.883861738815703,False,True
2019-07-04,3,-33.82190371817713,1.055149127743388,,3.5287060601160034,1.058798616503141,,1416.7,,,missing bar,,1421.6,,,,-34.877052845920524,False,False
2019-07-05,4,-15.518095799445929,1.0572314632083453,,-17.66472814053196,1.0589481115425345,,1416.5,-90.93555133186227,1.0608203677510608,,1414.0,1418.8,75.41745553241634,73.29940370145694,71.18135187049752,-16.575327262654273,False,True
2019-07-08,0,45.57763195441505,1.0706638115631695,,3.552019360332165,1.0657950831320164,,1407.4,-73.42752648634946,1.065416577881952,,1407.9,1401.0,119.00515844076452,116.8690780513194,114.73299766187428,44.506968142851875,False,True
2019-07-09,1,-15.750289624842777,1.0730381286215038,,-15.774004848129856,1.0746525290156186,,1395.8,42.24400368068977,1.0762717945038387,,1393.7,1397.9,-57.99429330553255,-60.143603228657895,-62.29291315178324,-16.82332775346428,False,True
2019-07-10,2,-52.27927544303727,1.0714285714285716,,32.259248736307356,1.0770445896460115,,1392.7,169.62189440659463,1.073652566029633,,1397.1,1400.0,-221.9011698496319,-224.04625098709013,-226.19133212454832,-53.35070401446584,False,True
2019-07-11,3,15.468994787638005,1.0555203715431711,,-7.732049729748303,1.0539629005059024,,1423.2,-118.83008691320167,1.0547039797496838,,1422.2,1421.1,134.29908170083968,132.18885734954682,130.07863299825397,14.413474416094834,False,True
2019-07-12,4,29.114169331334626,1.066704593941118,,-7.093205007291587,1.063603488619443,,1410.3,59.42292527994972,1.064282673478076,,1409.4,1406.2,-30.308755948615097,-32.439743216034294,-34.57073048345349,28.047464737393508,False,True
2019-07-15,0,-13.410977834970684,1.0580517740001412,,0.7063393963718136,1.0595465140919686,,1415.7,-0.7063393963729941,1.0594716767905072,,1415.8,1417.7,-12.704638438597689,-14.822161889388337,-16.939685340178986,-14.469029608970825,False,True
2019-07-16,1,-9.889101604106916,1.0590228748940977,,5.65211262750752,1.060070671378092,,1415.0,-58.08615892658858,1.0594716767905072,,1415.8,1416.4,48.19705732248167,46.07856277079706,43.96006821911246,-10.948124479001013,False,True
2019-07-17,2,-7.816108686543683,1.065416577881952,,-4.977423930401576,1.0663254425250588,,1406.7,157.37243029147817,1.0669322142399889,,1405.9,1407.9,-165.18853897802185,-167.3208877701438,-169.45323656226574,-8.881525264425635,False,True
2019-07-18,3,-51.937230730120426,1.0500525026251315,,12.659119771993586,1.055594651653765,,1421.0,171.42082357727284,1.0542592071970764,,1422.8,1428.5,-223.35805430739327,-225.4623660172155,-227.5666777270377,-52.987283232745554,False,True
2019-07-19,4,-56.7789920347378,1.0356970240972176,,-9.726951367905027,1.041666666666667,,1440.0,-84.46526779701055,1.0426803837063814,,1438.6,1448.3,27.686275762272757,25.607898354469157,23.52952094666556,-57.814689058835015,False,True
2019-07-22,0,-7.703351338607034,1.0500525026251315,,-9.111617942457702,1.0508617065994117,,1427.4,-4.208163899945397,1.0518196479910247,,1426.1,1428.5,-3.4951874386616364,-5.597059589277793,-7.698931739893949,-8.753403841232165,False,True
2019-07-23,1,-53.43846214242995,1.0518934081346425,,31.675667916476613,1.0575296108291032,,1418.4,-33.790950843454254,1.0541851149061776,,1422.9,1426.0,-19.647511298975694,-21.753589822016515,-23.859668345057333,-54.490355550564594,False,True
2019-07-24,2,25.34498681431257,1.057380516001692,,29.488190995130427,1.0547039797496838,,1422.2,-1.4022295472741781,1.0515984296130119,,1426.4,1418.6,26.747216361586748,24.638237415972043,22.52925847035734,24.287606298310877,False,True
2019-07-25,3,-9.115451320097954,1.051303616484441,,44.10073298511454,1.0523361863336609,,1425.4,-121.57136482902801,1.047705524900468,,1431.7,1426.8,112.45591350893005,110.35690436754514,108.25789522616023,-10.166754936582395,False,True
2019-07-26,4,25.41118046999256,1.0601455933281505,,12.682309879951484,1.0575296108291032,,1418.4,-11.97731499087232,1.0561892691170258,,1420.2,1414.9,37.38849546086488,35.2721605984197,33.15582573597453,24.351034876664407,False,True
2019-07-29,0,-2.8192839205631555,1.0570824524312898,,11.976471190960067,1.057380516001692,,1418.6,44.959682336864155,1.056114905301697,,1420.3,1419.0,-47.778966257427314,-49.8921636151603,-52.005360972893286,-3.876366372994445,False,True
2019-07-30,1,-7.013606683912277,1.0516721587323847,,25.222461350223814,1.0522623640827782,,1425.5,16.082232603035308,1.0496850944716587,,1429.0,1426.3,-23.095839286947587,-25.19719654015163,-27.298553793355673,-8.065278842644663,False,True
2019-07-31,2,11.870266380009292,1.047998323202683,,0.0,1.047851903597625,,1431.5,-126.5572681606588,1.047998323202683,,1431.3,1431.3,138.4275345406681,136.33153789426274,134.23554124785736,10.82226805680661,False,True
2019-08-01,3,,,roll,-16.236634819015134,1.0580517740001412,,1417.7,292.39813672693066,1.059696220416814,,1415.5,,,,,,False,False
2019-08-02,4,-81.98178946628818,1.0291595197255576,,30.3888623945256,1.0375596596804317,,1445.7,16.536901722167713,1.034411419902076,,1450.1,1457.5,-98.51869118845589,-100.58226212808351,-102.64583306771115,-83.01094898601373,False,True
2019-08-05,0,133.4767754539582,1.033627342888644,,8.156052922730307,1.0199224858910723,,1470.7,25.783702708627693,1.0190909708539984,,1471.9,1451.2,107.69307274533051,105.64035443158787,103.58763611784522,132.44314811106955,False,True
2019-08-06,1,-50.088097137095396,1.01276078590237,,12.207529491596507,1.0179153094462543,,1473.6,75.6300451463116,1.016742357486613,,1475.3,1481.1,-125.71814228340699,-127.74764542679597,-129.77714857018495,-51.10085792299777,False,True
2019-08-07,2,73.0492810402244,1.0089459877581222,,63.23868636891108,1.0016694490818032,,1497.5,40.39339333243598,0.9952889655630021,,1507.1,1486.7,32.65588770778842,30.6516527544673,28.647417801146176,72.04033505246628,False,True
2019-08-08,3,-24.499267344212928,0.9919978837378481,,13.250300070341838,0.994431185361973,,1508.4,15.8782699585765,0.9931801628815469,,1510.3,1512.1,-40.37753730278943,-42.362715349408816,-44.34789339602822,-25.491265227950777,False,True
2019-08-09,4,-7.919224329929557,0.9895111814763508,,-7.264802353659961,0.9902951079421669,,1514.7,-37.06649729712435,0.9910147991543343,,1513.6,1515.9,29.147272967194795,27.166746986564107,25.186221005933426,-8.908735511405908,False,True
2019-08-12,0,-46.49008838244017,0.9939040551285451,,104.629787036637,0.9985354812941021,,1502.2,28.28670109633179,0.9881422924901186,,1518.0,1509.2,-74.77678947877196,-76.75883582639062,-78.74088217400929,-47.483992437568716,False,True
2019-08-13,1,72.6514305958574,0.9853511134467583,,22.14840329552821,0.978218338333116,,1533.4,-160.04539437568968,0.9760541384695472,,1536.8,1522.3,232.69682497154707,230.73541971963076,228.77401446771447,71.66607948241065,False,True
2019-08-14,2,-33.10165220454492,0.9914077990746862,,122.59578803182485,0.994760925790835,,1507.9,5.894488823779131,0.9827044025157233,,1526.4,1513.0,-38.99614102832405,-40.970253229914455,-42.94436543150486,-34.093060003619605,False,True
2019-08-15,3,-14.421503646647253,0.9825756583256913,,8.52431119451212,0.9839937024403045,,1524.4,53.60190634906809,0.9831552729894475,,1525.7,1526.6,-68.02340999571534,-69.98914092703048,-71.95487185834561,-15.404079304972944,False,True
2019-08-16,4,-52.291118563733846,0.9778994719342853,,-11.803280058860816,0.9830264106428993,,1525.9,-3.2811628735500675,0.9841873892789189,,1524.1,1533.9,-49.00995569018378,-50.97204255139699,-52.93412941261019,-53.26901803566813,False,True
2019-08-19,0,-35.51934274357408,0.9848982271831912,,-88.6894422850163,0.9884027411702692,,1517.6,9.967109366949714,0.997207818109294,,1504.2,1523.0,-45.48645211052379,-47.46855815581628,-49.450664201108765,-36.50424097075727,False,True
2019-08-20,1,3.9824771533936647,0.9958175662218682,,58.22818013502566,0.9954210631096955,,1506.9,11.209654663633629,0.9896417496866136,,1515.7,1506.3,-7.227177510239963,-9.212636826148445,-11.198096142056926,2.9866595871717965,False,True
2019-08-21,2,-57.461932819730656,0.9878819810326661,,0.6623613183400296,0.9935748824269723,,1509.7,18.52832716404532,0.9935090740495431,,1509.8,1518.4,-75.99025998377597,-77.97165103885818,-79.95304209394038,-58.44981480076332,False,True
2019-08-22,3,-9.261097440382864,0.9918011108172442,,-56.41295863376978,0.9927200529450696,,1511.0,33.88594983617567,0.9983361064891848,,1502.5,1512.4,-43.14704727655853,-45.13718449386496,-47.12732171117139,-10.252898551200108,False,True
2019-08-23,4,-22.559892787614018,0.994167550371156,,-1.328550553303102,0.9963467286615744,,1505.5,207.08757012834678,0.9964129135113592,,1505.4,1508.8,-229.6474629159608,-231.6380433798433,-233.62862384372582,-23.554060337985174,False,True
2019-08-26,0,11.640691995463781,0.9706224925585609,,-38.20629546355805,0.969493278179938,,1547.2,-28.588155394076857,0.9732044378122366,,1541.3,1545.4,40.22884738954064,38.28502045916984,36.341193528799046,10.67006950290522,False,True
2019-08-27,1,33.768458609891304,0.9757366811943019,,-12.973535810333857,0.972384286269934,,1542.6,75.65261907021906,0.9735834361004739,,1540.7,1537.3,-41.884160460327756,-43.83348057762253,-45.782800694917306,32.792721928697006,False,True
2019-08-28,2,-25.809796234901093,0.9666194097177473,,46.40977776975703,0.969117457035793,,1547.8,-41.88555274668748,0.9645681949713847,,1555.1,1551.8,16.075756511786388,14.144568907097256,12.213381302408123,-26.77641564461884,False,True
2019-08-29,3,59.843812972031564,0.9681166903317413,,-81.80663356005272,0.9622786759045422,,1558.8,-60.336900860806075,0.9702457956015526,,1546.0,1549.4,120.18071383283764,118.24235134690434,116.30398886097105,58.875696281699824,False,True
2019-08-30,4,3.9032006740649643,0.9759906304899474,,-29.31120808858812,0.9756097560975612,,1537.5,-24.81877049556409,0.9784735812133074,,1533.0,1536.9,28.721971169629057,26.767506957925804,24.81304274622255,2.927210043575017,False,True
2019-09-02,0,-23.477250903507993,0.9770713913496614,,11.745515216547835,0.979367981196135,,1531.6,,,missing bar,,1535.2,,,,-24.454322294857654,False,False
2019-09-03,1,-24.067400305649763,0.9745322245322245,,30.562172242727616,0.9768804949527843,,1535.5,103.98931105814431,0.9738994935722635,,1540.2,1539.2,-128.05671136379408,-130.00514308189858,-131.95357480000305,-25.041932530181988,False,True
2019-09-04,2,-61.24112613212568,0.9640102827763498,,-11.645964049189281,0.9699321047526674,,1546.5,108.8121993862263,0.9710623422023695,,1544.7,1556.0,-170.05332551835198,-171.9883981433307,-173.92347076830941,-62.20513641490203,False,True
2019-09-05,3,-30.146586443869,0.9606763161265531,,-34.104469850323845,0.9635767970707266,,1556.7,-158.51692929299102,0.9668063164679344,,1551.5,1561.4,128.370342849122,126.44286021652752,124.51537758393303,-31.107262759995553,False,True
2019-09-06,4,-74.34489323599463,0.9832197168327217,,-4.623666649960323,0.9905566928613884,,1514.3,9.905894816960883,0.9910802775024777,,1513.5,1525.6,-84.25078805295551,-86.22508804729071,-88.19938804162591,-75.32811295282735,False,True
2019-09-09,0,6.59239261794608,0.9891849116328146,,13.829894528733119,0.988533017002768,,1517.4,-81.94058931217191,0.987166831194472,,1519.5,1516.4,88.53298193011798,86.5566301872907,84.58027844446342,5.603207706313266,False,True
2019-09-10,1,-52.559916082264785,0.9953550099535503,,4.668378490200201,1.00060036021613,,1499.1,-40.085569443227286,1.000133351113482,,1499.8,1507.0,-12.474346639037499,-14.469835000104531,-16.465323361171563,-53.555271092218334,False,True
2019-09-11,2,45.41515853672289,1.004083271972689,,-12.0008014936245,0.9994669509594883,,1500.8,39.94413140048055,1.00060036021613,,1499.1,1493.9,5.471027136242341,3.4663435040535218,1.4616598718647031,44.4110752647502,False,True
2019-09-12,3,25.881820865200655,0.9967439696989834,,77.25105269064885,0.994233446013124,,1508.7,-90.51031299533322,0.9865175928970735,,1520.5,1504.9,116.39213386053387,114.40887229793782,112.42561073534176,24.885076895501673,False,True
2019-09-13,4,39.74831334640561,0.9956853634251578,,20.47354015682186,0.9916699722332409,,1512.6,-132.83053772330283,0.9896417496866136,,1515.7,1506.5,172.57885106970843,170.59352395659664,168.6081968434849,38.75262798298045,True,True
2019-09-16,0,-2.643928893714479,0.9913422774436589,,-9.259259920786404,0.9916044159449992,,1512.7,-35.133110945260036,0.9925886712546322,,1511.2,1513.1,32.489182051545555,30.50525110284726,28.521320154148974,-3.635271171158138,False,True
2019-09-17,1,-30.581063588207737,0.9956853634251578,,45.173796344937124,0.9987349357480525,,1501.9,2.6511134831855947,0.9942993503910913,,1508.6,1506.5,-33.23217707139333,-35.22216178520958,-37.21214649902583,-31.576748951632894,False,True
2019-09-18,2,-3.3124648353493646,0.9935748824269723,,0.0,0.9939040551285451,,1509.2,-50.481674791474546,0.9938382031405288,,1509.3,1509.7,47.16920995612518,45.18179687055768,43.19438378499018,-4.306039717776337,False,True
2019-09-19,3,11.311842041944896,0.9986684420772305,,34.521709913311945,0.997539402806411,,1503.7,-15.918289492497985,0.9941016634634502,,1508.9,1502.0,27.230131534442883,25.2373614289022,23.244591323361522,10.313173599867666,False,True
2019-09-20,4,33.12797040190275,0.9954871250331832,,-30.47369035977674,0.9921947347532744,,1511.8,114.13615574074693,0.9952889655630021,,1507.1,1506.8,-81.00818533884419,-82.99896142944037,-84.98973752003656,32.132483276869564,False,True
2019-09-23,0,0.6572245409997788,0.985869208018403,,32.806275732442295,0.9858044164037857,,1521.6,18.978442265881007,0.9825756583256913,,1526.6,1521.5,-18.32121772488123,-20.289662591225323,-22.25810745756942,-0.32864466701862427,False,True
2019-09-24,1,-0.6537015854580984,0.9805203294548308,,-9.811296859253684,0.9806485355648538,,1529.6,72.37667300230603,0.9816111511026767,,1528.1,1529.8,-73.03037458776413,-74.99250606832165,-76.95463754887915,-1.6342219149129291,False,True
2019-09-25,2,-21.454352734097792,0.9741524873360178,,-5.859565908726924,0.9763082530590993,,1536.4,-160.84377608137538,0.9768804949527843,,1535.5,1539.8,139.38942334727759,137.43839036498878,135.48735738269997,-22.42850522143381,False,True
2019-09-26,3,31.71878691815831,0.9927857568336753,,-21.7944147293216,0.9895764612745747,,1515.8,-5.290655503343599,0.9917355371900828,,1512.5,1510.9,37.00944242150191,35.02492112747815,33.040399833454394,30.726001161324636,False,True
2019-09-27,4,-48.40376787976403,0.9921947347532744,,-20.624737027361817,0.9969427090256548,,1504.6,11.314853614897064,0.9989344698987749,,1501.6,1511.8,-59.71862149466109,-61.70975069931315,-63.700879903965195,-49.39596261451731,False,True
2019-09-30,0,-27.33972962907486,0.9988679496570554,,-44.84162384501056,1.0016694490818032,,1497.5,-84.20109698059144,1.0061711832573117,,1490.8,1501.7,56.861367351516584,54.856328218602215,52.85128908568785,-28.338597578731914,False,True
2019-10-01,1,-61.76001170777857,1.0148849797023005,,25.836293947472754,1.0211723058070667,,1468.9,84.51992570808443,1.018537380321858,,1472.7,1478.0,-146.279937415863,-148.31335977588714,-150.34678213591133,-62.77489668748087,True,True
2019-10-02,2,-19.54244363315606,1.0098290022889458,,65.21689165533414,1.0118043844856663,,1482.5,88.73527884374451,1.0052271813429836,,1492.2,1485.4,-108.27772247690058,-110.2927786605325,-112.30783484416443,-20.552272635445007,True,True
2019-10-03,3,-19.945488960549092,0.9962805526036134,,44.48730819087273,0.9982032341784789,,1502.7,10.593922728210288,0.9937065253395165,,1509.5,1505.6,-30.53941168875938,-32.52939876670251,-34.51938584464564,-20.941769513152707,True,True
2019-10-04,4,13.882922931857404,0.9923260121725326,,1.3210912232697831,0.9908838684106225,,1513.8,-25.128964420304992,0.9906875371507828,,1514.1,1511.6,39.0118873521624,37.02887380283908,35.04586025351577,12.89059691968487,True,True
2019-10-07,0,-45.540124244712324,0.987751876728566,,-49.071716508840474,0.9922603691208575,,1511.7,-37.29359676649147,0.9970752459452275,,1504.4,1518.6,-8.246527478220855,-10.23135460089465,-12.216181723568443,-46.52787612144089,True,True
2019-10-08,1,-16.0267146157677,1.0008674184293056,,100.40311745521677,1.0024057738572576,,1496.4,-3.9703547371741355,0.9923916639100232,,1511.5,1498.7,-12.056359878593563,-14.049618960932891,-16.04287804327222,-17.027582034197003,False,True
2019-10-09,2,18.51485022724294,0.9927857568336753,,-43.69421052968414,0.9908838684106225,,1513.8,23.856870162031527,0.9952229299363058,,1507.2,1510.9,-5.342019934788588,-7.3300286215585695,-9.31803730832855,17.522064470409262,False,True
2019-10-10,3,6.616820197744706,0.992851469420175,,9.917028349042177,0.9921947347532744,,1511.8,-96.94631042030032,0.9912112601599156,,1513.3,1510.8,103.56313061804502,101.57906788846493,99.59500515888485,5.623968728324531,False,True
2019-10-11,4,34.64591379485234,1.0011346192351334,,-109.01295048730688,0.9977384594918186,,1503.4,43.616911960095045,1.008742434431742,,1487.0,1498.3,-8.970998165242705,-10.98087521890958,-12.990752272576454,33.64477917561721,False,True
2019-10-14,0,-1.3405724264336651,1.0053619302949062,,44.1413236791529,1.0054293183189222,,1491.9,-8.67910726443957,1.001001001001001,,1498.5,1492.0,7.338534838005906,5.332171906709998,3.325808975414091,-2.3459343567285713,False,True
2019-10-15,1,-22.727282510025667,1.0015356880550177,,21.39181242257122,1.003814495081309,,1494.3,-86.51095097377419,1.0016025641025643,,1497.6,1497.7,63.78366846374852,61.78053021159094,59.77739195943336,-23.728818198080685,False,True
2019-10-16,2,-2.0206782812156976,1.0102370689655173,,6.060402192157513,1.0103731644887513,,1484.6,56.383556542665794,1.0096930533117934,,1485.6,1484.8,-58.40423482388149,-60.4241649461588,-62.44409506843611,-3.030915350181215,False,True
2019-10-17,3,3.3457125006803476,1.0038816758131444,,-18.080160280627055,1.0035458620458957,,1494.7,23.432541770125948,1.0054293183189222,,1491.9,1494.2,-20.0868292694456,-22.096140263577666,-24.105451257709735,2.3418308248672033,False,True
2019-10-18,4,-12.042551799923546,1.002941963091736,,-9.376465759633923,1.0041504886865713,,1493.8,6.028333348441405,1.0050251256281408,,1492.5,1495.6,-18.07088514836495,-20.078852237084828,-22.086819325804704,-13.045493763015282,False,True
2019-10-21,0,-2.0060851316057584,1.002941963091736,,-13.383299642138995,1.0030761000401232,,1495.4,-38.24096438403506,1.0044194455604663,,1493.4,1495.6,36.2348792524293,34.2275178437771,32.2201564351249,-3.0090270946974944,False,True
2019-10-22,1,8.06397463226649,1.008403361344538,,10.070156267061964,1.0075228371843097,,1488.8,1.341831602145289,1.0064412238325282,,1490.4,1487.5,6.722143030121201,4.707298444944135,2.6924538597670686,7.055571270921952,False,True
2019-10-23,2,22.776001271308466,1.005968747904232,,4.682744173606188,1.003680160588826,,1494.5,-0.6688292147100082,1.0032102728731944,,1495.2,1491.1,23.444830486018475,21.435651465241047,19.42647244446362,21.770032523404232,False,True
2019-10-24,3,-3.3448172369243023,1.0032773727509867,,-8.70118190167432,1.0035458620458957,,1494.7,88.66429205641326,1.0044194455604663,,1493.4,1495.1,-92.00910929333756,-94.01680611164902,-96.02450292996046,-4.3480946096752895,False,True
2019-10-25,4,7.9628405003756155,0.9957514604354755,,27.82011465095892,0.9949588750331655,,1507.6,-31.137194324456893,0.9921947347532744,,1511.8,1506.4,39.100034824832505,37.11208862964375,35.124142434455,6.96708903994014,False,True
2019-10-28,0,12.59654756012838,0.9950908849674939,,-23.216487493606177,0.9938382031405288,,1509.3,-73.31899804693036,0.9961482268561563,,1505.8,1507.4,85.91554560705875,83.9243064952351,81.93306738341144,11.601456675160886,False,True
2019-10-29,1,1.3383297664516234,1.003814495081309,,-38.210202346848426,1.0036130068245686,,1494.6,6.714113317886726,1.007455168245013,,1488.9,1494.3,-5.375783551435102,-7.3870532147614245,-9.398322878087747,0.33451527137031434,False,True
2019-10-30,2,4.695308132007379,1.0063737001006374,,31.468674490886325,1.0059012875536482,,1491.2,14.028526967494118,1.002740824921452,,1495.9,1490.5,-9.33321883548674,-11.342333360508828,-13.351447885530918,3.6889344319067416,False,True
2019-10-31,3,6.669779477567308,1.0008006405124101,,59.82867011904063,1.000133351113482,,1499.8,42.985219776674,0.9941016634634502,,1508.9,1498.8,-36.31544029910669,-38.31034260308255,-40.30524490705841,5.6689788370548975,False,True
2019-11-01,4,-15.853097976361253,0.9900336611444791,,0.0,0.9916044159449992,,1512.7,26.407884891976714,0.9916044159449992,,1512.7,1515.1,-42.26098286833797,-44.24262094542745,-46.224259022516925,-16.84313163750573,False,True
2019-11-04,0,-3.2978267620714483,0.9891849116328146,,-7.919224329929557,0.9895111814763508,,1515.9,-17.841217935014427,0.9902951079421669,,1514.7,1516.4,14.543391172942979,12.563911153367997,10.584431133793016,-4.287011673704263,False,True
2019-11-05,1,-21.855037011272778,0.9923260121725326,,-45.84877960817149,0.994431185361973,,1508.4,-111.83776370283121,0.9989344698987749,,1501.6,1511.6,89.98272669155844,87.99146620948714,86.00020572741583,-22.84736302344531,False,True
2019-11-06,2,20.19114967832898,1.0105773765411306,,-2.6899798413725913,1.0086067778375472,,1487.2,34.24086060528509,1.0088102764140157,,1486.9,1484.3,-14.049710926956113,-16.06909857991126,-18.088486232866405,19.180572301787848,False,True
2019-11-07,3,-26.8438521037133,1.005294551303532,,-18.159200604986015,1.0079290417954578,,1488.2,-110.31887457130165,1.009625092548967,,1485.7,1492.1,83.47502246758835,81.46010282373584,79.44518317988334,-27.84914665501683,False,True
2019-11-08,4,24.476487607390517,1.0211027910142956,,-92.09738664639735,1.0186065462447376,,1472.6,4.110996974649984,1.0279605263157896,,1459.2,1469.0,20.36549063274053,18.316427315410444,16.267363998080363,23.45538481637622,False,True
2019-11-11,0,38.28279217483705,1.0273972602739727,,-15.704485833252798,1.023401787541789,,1465.7,-45.88891995027603,1.0250102501025011,,1463.4,1460.0,84.17171212511309,82.11930461473662,80.06689710436014,37.25539491456308,False,True
2019-11-12,1,-19.938815089973865,1.0302905419328252,,13.067851510600551,1.0323468685478323,,1453.0,14.423574738616537,1.030998694068321,,1454.9,1455.9,-34.3623898285904,-36.42367906459155,-38.4849683005927,-20.96910563190669,False,True
2019-11-13,2,34.27008151811354,1.0298661174047374,,27.331755996465017,1.0263427984946973,,1461.5,-8.191685897356495,1.023541453428864,,1465.5,1456.5,42.461767415470035,40.408359844636436,38.35495227380283,33.240215400708806,False,True
2019-11-14,3,21.152476243414842,1.0245901639344264,,11.580777206276467,1.022425192556745,,1467.1,21.7627942259567,1.0212418300653596,,1468.8,1464.0,-0.6103179825418579,-2.656149976541644,-4.70198197054143,20.127886079480415,False,True
2019-11-15,4,-47.67102462816701,1.0190909708539984,,3.412852836785282,1.0240305843801203,,1464.8,23.176561158372696,1.0236811574421623,,1465.3,1471.9,-70.84758578653971,-72.89035791483587,-74.93313004313202,-48.69011559902101,False,True
2019-11-18,0,-26.60573933596268,1.021937593677613,,-44.500809411842674,1.0246601543821299,,1463.9,99.00056962359253,1.029230135858378,,1457.4,1467.8,-125.60630895955521,-127.6574766890912,-129.7086444186272,-27.627676929640295,False,True
2019-11-19,1,-14.277461037702265,1.0190909708539984,,-11.572893493562274,1.0205470131990748,,1469.8,29.92385257935355,1.0216591744993873,,1468.2,1471.9,-44.20131361705582,-46.2420637624092,-48.28281390776259,-15.296552008556263,False,True
2019-11-20,2,37.276806186698906,1.018537380321858,,-30.48886131569153,1.014747666080368,,1478.2,-11.542249303957764,1.0178462373617427,,1473.7,1472.7,48.819055490656666,46.78267187297306,44.746288255289464,36.258268806377046,False,True
2019-11-21,3,-25.114555878392206,1.0168802115110842,,-5.438477360423064,1.0194372706266142,,1471.4,-42.248785160406506,1.0199918400652797,,1470.6,1475.1,17.1342292820143,15.097357230437936,13.060485178861573,-26.13143608990329,False,True
2019-11-22,4,19.785099409888947,1.024380249948781,,19.065782705814474,1.0223555070883317,,1467.2,-58.671201186198275,1.020338752465819,,1470.1,1464.3,78.45630059608722,76.41158159367262,74.36686259125801,18.760719159940166,False,True
2019-11-25,0,-13.013254807228737,1.026694045174538,,-7.541737013731692,1.0280309780001373,,1459.1,-19.91006802370596,1.0288065843621401,,1458.0,1461.0,6.896813216477224,4.841312586940545,2.785811957403867,-14.039948852403276,False,True
2019-11-26,1,1.374381530476466,1.0308569857741738,,6.869075692540712,1.0307153164296023,,1455.3,34.27712960516773,1.0300782859497324,,1456.2,1455.1,-32.90274807469126,-34.963683346415166,-37.02461861813907,0.3435245447022921,False,True
2019-11-27,2,-20.553583557991477,1.0266237766066664,,-2.743672422725605,1.0287360263356427,,1458.1,-28.168065067631908,1.0290889132821077,,1457.6,1461.1,7.614481509640431,5.558768819751657,3.503056129862882,-21.580207334598143,False,True
2019-11-28,3,18.55734406573345,1.0319207484865165,,-6.182805129461989,1.0301490282260835,,1456.1,,,missing bar,,1453.6,,,,17.525423317246933,False,False
2019-11-29,4,,,roll,-15.717364085726091,1.02424035506999,,1464.5,,,missing bar,,,,,,,False,False
2019-12-02,0,-37.477472233105935,1.0201999591920017,,-7.511865685976483,1.0239606799098915,,1464.9,30.696841867798096,1.0248001639680264,,1463.7,1470.3,-68.17431410090403,-70.21931422406405,-72.26431434722409,-38.497672192297934,False,True
2019-12-03,1,4.086358430490824,1.021798365122616,,48.22559864449445,1.021311363791108,,1468.7,52.03945106610266,1.0163978858923974,,1475.8,1468.0,-47.95309263561183,-49.99128888662684,-52.029485137641856,3.064560065368208,False,True
2019-12-04,2,43.72841573956503,1.011326860841424,,-43.05422055980592,1.0069141437873397,,1489.7,-22.272475714059237,1.0112586799703365,,1483.3,1483.2,66.00089145362426,63.9783059128125,61.95572037200074,42.71708887872361,False,True
2019-12-05,3,-2.0272324967212327,1.0135135135135136,,13.50803933615925,1.0137875101378753,,1479.6,-3.3752995898801994,1.0124190064794818,,1481.6,1480.0,1.3480670931589667,-0.6778654268340287,-2.703797946827024,-3.0407460102347463,False,True
2019-12-06,4,-18.247563607546134,1.0128291694800813,,12.84521692356619,1.014747666080368,,1478.2,-105.95765775354803,1.0134450374974666,,1480.1,1481.0,87.7100941460019,85.68381993902435,83.6575457320468,-19.260392777026215,False,True
2019-12-09,0,15.696983260588363,1.0245201830476063,,18.3942552800644,1.0228435049437439,,1466.5,-22.486466495267813,1.020963789817588,,1469.2,1464.1,38.183449755856174,36.13796578299098,34.09248181012578,14.672463077540757,False,True
2019-12-10,1,2.045756766655454,1.0229830184818933,,31.31597630412344,1.0227737624437476,,1466.6,-16.327644963493274,1.019645163483108,,1471.1,1466.3,18.37340173014873,16.330773548183725,14.288145366218725,1.0227737481735608,False,True
2019-12-11,2,7.487832622410887,1.021450459652707,,8.842034243815757,1.020685900925422,,1469.6,56.945445728927,1.0197838058331634,,1470.9,1468.5,-49.45761310651611,-51.49884737200198,-53.54008163748785,6.466382162758181,False,True
2019-12-12,3,-8.792398523880475,1.014061654948621,,11.496974857170411,1.0150223304912709,,1477.8,-36.56558787031888,1.0138560324433932,,1479.5,1479.2,27.773189346438404,25.74527165904639,23.717353971654376,-9.806460178829097,False,True
2019-12-13,4,19.01916073925334,1.0198531411476748,,29.137747194847087,1.0179153094462543,,1473.6,15.549474112993826,1.0148849797023005,,1478.0,1470.8,3.4696866262595147,1.4349485054095394,-0.5997896154404359,17.999307598105666,False,True
2019-12-16,0,10.804971337541788,1.0135135135135136,,2.0246330421789343,1.0124190064794818,,1481.6,-10.127266841318612,1.0122140495310075,,1481.9,1480.0,20.932238178860402,18.906510615815883,16.88078305277136,9.791457824028274,False,True
2019-12-17,1,2.026000344598597,1.0131027961637178,,17.542680431699853,1.0129659643435982,,1480.8,-19.568817608118056,1.0111905082917623,,1483.4,1480.6,21.594817952716653,19.570524648261173,17.546231343805694,1.0128975484348792,False,True
2019-12-18,2,12.151490052575252,1.0132396649554176,,-12.827005978121711,1.0120091755498584,,1482.2,-6.081697656790913,1.0133081132202935,,1480.3,1480.4,18.233187709366163,16.206639931190452,14.18009215301474,11.138250387619834,False,True
2019-12-19,3,4.730528893756473,1.0139245640124375,,-14.198305349959128,1.0134450374974666,,1480.1,31.07270805953493,1.0148163182463976,,1478.1,1479.4,-26.342179165778454,-28.370920048037288,-30.399660930296122,3.7166043297440354,False,True
2019-12-20,4,-2.698145041664198,1.0116679031496596,,3.3725675676316014,1.0119409026512853,,1482.3,-2.697963054270768,1.0115996762881039,,1482.8,1482.7,-0.00018198739343011638,-2.023449566831194,-4.046717146268957,-3.7098129448138577,False,True
2019-12-23,0,33.67233298049825,1.0118726389638426,,-10.762815514940495,1.0084711577248893,,1487.4,27.55841098868696,1.009625092548967,,1485.7,1482.4,6.113921991811289,4.092424260298479,2.0709265287856695,32.6604603415344,False,True
2019-12-24,1,26.813261807904645,1.0068465565847766,,0.6694560671959491,1.0042177144004822,,1493.7,,,missing bar,,1489.8,,,,25.80641525131987,False,False
2019-12-25,2,,,missing bar,,,missing bar,,,,missing bar,,,,,,,False,False
2019-12-26,3,22.58236878915968,0.9974067424695792,,17.23338399600439,0.9950908849674939,,1507.4,39.65636393346885,0.9933774834437088,,1510.0,1503.9,-17.073995144309173,-19.06477937022246,-21.055563596135748,21.5849620466901,False,True
2019-12-27,4,-21.78434369761585,0.9891196834817014,,15.84681744630805,0.9912112601599156,,1513.3,-0.6597829316554382,0.9896417496866136,,1515.7,1516.5,-21.12456076596041,-23.103322199128723,-25.082083632297042,-22.77346338109755,False,True
2019-12-30,0,9.231175652227186,0.9895111814763508,,-13.1900038907893,0.9885981677980625,,1517.3,19.779791508540274,0.9899683210137277,,1515.2,1515.9,-10.548615856313088,-12.528095358803165,-14.507574861293245,8.241664470750836,False,True
2019-12-31,1,60.43505223465864,0.98833761612967,,-17.042479216700993,0.9823826052786693,,1526.9,-27.593473916950117,0.9841228185277524,,1524.2,1517.7,88.02852615160876,86.05606571695134,84.08360528229392,59.44671461852897,False,True
2020-01-01,2,,,missing bar,,,missing bar,,,,missing bar,,,,,,,True,False
2020-01-02,3,4.601176667760714,0.9861932938856017,,26.251901930877068,0.9857396333048565,,1521.7,38.596194839828605,0.9831552729894475,,1525.7,1521.0,-33.995018172067894,-35.96436673894294,-37.93371530581799,3.6149833738751123,False,True
2020-01-03,4,93.57401438040532,0.9793040412613437,,18.09370445164342,0.9701830412004401,,1546.1,40.59153152461549,0.9684292078249082,,1548.9,1531.7,52.982482855789826,51.03474960670357,49.08701635761732,92.59471033914397,False,True
2020-01-06,0,87.28671901593137,0.9598771357266271,,15.212984678434267,0.9515351433646284,,1576.4,-70.55487714206623,0.9500886749429948,,1578.8,1562.7,157.8415961579976,155.93163034732797,154.02166453665836,86.32684188020474,False,True
2020-01-07,1,26.760130655403234,0.9569988516013782,,-29.314321272594547,0.9545020680878143,,1571.5,59.181183898191605,0.9573653306101609,,1566.8,1567.4,-32.421053242788375,-34.33541742499991,-36.24978160721145,25.803131803801858,False,True
2020-01-08,2,70.68951425585144,0.9500886749429948,,-84.62852074915165,0.9433368970505003,,1590.1,-122.5208358182789,0.9513540939937846,,1576.7,1578.8,193.21035007413033,191.30890730519354,189.40746453625678,69.73942558090845,False,True
2020-01-09,3,-72.80725438438976,0.9629582076137897,,59.9556964754928,0.9699321047526674,,1546.5,-14.151552599737645,0.9641961817831202,,1555.7,1557.7,-58.65570178465212,-60.582856174049034,-62.510010563445945,-73.77021259200356,False,True
2020-01-10,4,-10.949728961086949,0.9656237929702589,,-7.736445489346924,0.966681703937617,,1551.7,81.57542748014721,0.9674298613350533,,1550.5,1553.4,-92.52515644123416,-94.45821009553947,-96.39126374984478,-11.915352754057208,False,True
2020-01-13,0,-60.96601588374462,0.959692898272553,,13.507865560154638,0.9654994850669415,,1553.6,-47.6805027028475,0.9641961817831202,,1555.7,1563.0,-13.28551318089712,-15.209402260952793,-17.133291341008466,-61.92570878201717,False,True
2020-01-14,1,-31.04387436869642,0.9686168151879119,,0.0,0.9716913908142775,,1543.7,21.354393852705847,0.9716913908142775,,1543.7,1548.6,-52.39826822140227,-54.33857642740446,-56.27888463340665,-32.012491183884336,False,True
2020-01-15,2,41.290381243702804,0.9697439875872771,,-12.884939290702299,0.9657481328869433,,1553.2,34.751305968457324,0.9669932955131513,,1551.2,1546.8,6.53907527524548,4.602337992145052,2.6656007090446234,40.320637256115525,False,True
2020-01-16,3,-19.29136988227383,0.9636386997301813,,21.86214862526747,0.9655616350177022,,1553.5,-27.65897624106745,0.9635149023638234,,1556.8,1556.6,8.36760635879362,6.440452756699615,4.51329915460561,-20.255008582004013,False,True
2020-01-17,4,16.727791329050035,0.9658725048293626,,22.474084009135552,0.9642581640524559,,1555.6,-11.55179181212831,0.9620935154897059,,1559.1,1553.0,28.279583141178342,26.351617120859274,24.423651100540205,15.761918824220672,False,True
2020-01-20,0,26.933452218403044,0.963205548063957,,-12.816406752753501,0.9606147934678195,,1561.5,,,missing bar,,1557.3,,,,25.970246670339087,False,False
2020-01-21,1,-9.613844675741635,0.9609224855861629,,-18.61420993836731,0.9619084263178146,,1559.4,9.632365490307814,0.96370061034372,,1556.5,1561.0,-19.24621016604945,-21.170833261979336,-23.095456357909217,-10.574767161327799,False,True
2020-01-22,2,-29.55160829782986,0.9622169478478415,,9.645992838214417,0.9650646593321754,,1554.3,17.982151143159797,0.9641961817831202,,1555.7,1558.9,-47.533759440989655,-49.46017257062062,-51.38658570025158,-30.5138252456777,False,True
2020-01-23,3,-34.05625781574861,0.9622169478478415,,6.4345925905884105,0.9654994850669415,,1553.6,48.12792040843772,0.9648784253184101,,1554.6,1558.9,-82.18417822418633,-84.11127359735256,-86.03836897051883,-35.01847476359645,False,True
2020-01-24,4,-25.626255295126644,0.959754302898458,,-10.268259148906997,0.9621552277100707,,1559.0,88.85538053200278,0.9631437010401953,,1557.4,1562.9,-114.48163582712942,-116.40453383106808,-118.32743183500673,-26.5860095980251,True,True
2020-01-27,0,-18.999372403042496,0.9490667510281559,,35.43634664363608,0.9508716323296357,,1577.5,-12.641427636324408,0.9475080538184577,,1583.1,1580.5,-6.357944766718088,-8.254519571564702,-10.151094376411315,-19.948439154070652,True,True
2020-01-28,1,-27.87634851325712,0.9490067063140581,,-20.957045742188814,0.9515955084692002,,1576.3,-43.96171585889706,0.9535918626827719,,1573.0,1580.6,16.085367345639938,14.182768776643107,12.280170207646279,-28.82535521957118,True,True
2020-01-29,2,5.1062744455394675,0.9576709442635511,,26.76524666915823,0.9571820560270565,,1567.1,34.30753047349967,0.9546235601094637,,1571.3,1566.3,-29.2012560279602,-31.113550532333214,-33.02584503670623,4.148603501275916,True,True
2020-01-30,3,27.86575584020025,0.9512937595129378,,-6.958722406378971,0.948586605957124,,1581.3,-41.85964125870296,0.9493670886075951,,1580.0,1576.8,69.72539709890322,67.82473625078268,65.92407540266215,26.91446208068731,True,True
2020-01-31,4,12.703253740817383,0.9533494343460024,,12.048576237988554,0.951776649746193,,1576.0,61.25109920878818,0.9500886749429948,,1578.8,1573.4,-48.5478454679708,-50.4512835772598,-52.3547216865488,11.74990430647138,True,True
2020-02-03,0,-106.33377945799425,0.9387908374014271,,20.853747012016697,0.9488866396761135,,1580.8,-19.588644853329228,0.9469099173032007,,1584.1,1597.8,-86.74513460466503,-88.63083535936966,-90.51653611407428,-107.27257029539568,False,True
2020-02-04,1,-33.568768261542736,0.9484666455896302,,-31.13584723463137,0.9516558812333461,,1576.2,-92.71462558397846,0.954684317718941,,1571.2,1581.5,59.145857322435724,57.24270635912715,55.33955539581858,-34.51723490713237,False,True
2020-02-05,2,55.753292550888204,0.9639483323693853,,-44.189767384327624,0.958527701450572,,1564.9,10.905476270862765,0.9627727856225932,,1558.0,1556.1,44.84781628002544,42.92109516203347,40.994374044041486,54.78934421851882,False,True
2020-02-06,3,13.452485933803935,0.9615384615384617,,49.16838870074907,0.9601843553962361,,1562.2,1.9107671788328482,0.9554748710108926,,1569.9,1560.0,11.541718754971086,9.624705422421732,7.707692089872378,12.490947472265473,False,True
2020-02-07,4,-2.546959580786178,0.9549882218119311,,-8.919470519981493,0.955231484429727,,1570.3,31.18340261973011,0.9560838804257762,,1568.9,1570.7,-33.73036220051629,-35.64143430275399,-37.5525064049917,-3.5019478025981092,False,True
2020-02-10,0,-2.5387154236371776,0.9518974489148372,,4.442329122711924,0.9521391392662183,,1575.4,-3.8075898416603136,0.9517162616585244,,1576.1,1575.8,1.268874418023136,-0.6347392925502257,-2.538353003123587,-3.4906128725520147,False,True
2020-02-11,1,-23.512227652547402,0.952078705172961,,7.631160942666774,0.9542591767924169,,1571.9,-12.721029574529855,0.9534706331045004,,1573.2,1575.5,-10.791198078017548,-12.696747416295008,-14.602296754572471,-24.464306357720364,False,True
2020-02-12,2,-17.199099694686332,0.954684317718941,,3.1870478645652436,0.9562667346678568,,1568.6,0.0,0.9559620164425469,,1569.1,1571.2,-17.199099694686332,-19.10974602884782,-21.020392363009307,-18.15378401240527,False,True
2020-02-13,3,53.36734394221398,0.9555357370365654,,-14.58326987046749,0.950389659760502,,1578.3,18.38294074146807,0.9517162616585244,,1576.1,1569.8,34.98440320074591,33.07715120205082,31.16989920335573,52.411808205177415,False,True
2020-02-14,4,-4.4341685077090265,0.9499683343888538,,1.9005986943085122,0.950389659760502,,1578.3,52.44049294494581,0.9502090459901181,,1578.6,1579.0,-56.874661452654834,-58.77483883303381,-60.675016213412775,-5.38413684209788,False,True
2020-02-17,0,-12.625467241151105,0.9463125354867203,,8.20836668029852,0.9475080538184577,,1583.1,,,missing bar,,1585.1,,,,-13.571779776637825,False,False
2020-02-18,1,24.536801765877094,0.9448818897637797,,-10.059730493120716,0.9426255262992523,,1591.3,93.29769312304505,0.9436336185203827,,1589.6,1587.5,-68.76089135716796,-70.64940686545212,-72.5379223737363,23.591919876113312,False,True
2020-02-19,2,18.6764668618945,0.9346959122632106,,12.43085497882762,0.9328938366813858,,1607.9,29.15182712666268,0.9317348903658612,,1609.9,1604.8,-10.475360264768181,-12.341791067397253,-14.208221870026325,17.741770949631288,False,True
2020-02-20,3,-31.007776782482708,0.9287925696594428,,59.453943631352146,0.9317348903658612,,1609.9,16.65690258347199,0.9261546060755744,,1619.6,1615.0,-47.6646793659547,-49.51962654168972,-51.37457371742473,-31.93656935214215,False,True
2020-02-21,4,77.30574114855223,0.9238728750923875,,25.637909294091223,0.9168143756494104,,1636.1,34.08195131582433,0.9144668658172288,,1640.3,1623.6,43.2237898327279,41.385450091818285,39.54711035090867,76.38186827345984,False,True
2020-02-24,0,113.48406039219472,0.9057971014492755,,48.2445320638144,0.8955758552749419,,1674.9,-127.9615642495257,0.8912126433367002,,1683.1,1656.0,241.44562464172043,239.64861489693445,237.85160515214847,112.57826329074544,False,True
2020-02-25,1,-114.3837931858978,0.9026356962330006,,41.3048026958746,0.9130196603566864,,1642.9,-77.28154810743813,0.9092562284051646,,1649.7,1661.8,-37.102245078459674,-38.914137003097835,-40.726028927736,-115.2864288821308,False,True
2020-02-26,2,53.603100875926565,0.9161424296097235,,3.644093572059753,0.9111894059045075,,1646.2,-23.103123116620406,0.9109127345600293,,1646.7,1637.3,76.70622399254697,74.87916882837722,73.05211366420747,52.686958446316844,False,True
2020-02-27,3,41.90840960130715,0.9129640900791236,,34.48800877178441,0.9091460088490213,,1649.9,-56.331352206011644,0.9060159458806477,,1655.6,1643.0,98.23976180731879,96.420781771359,94.60180173539925,40.99544551122803,False,True
2020-02-28,4,,,missing bar,-49.8385895475579,0.9206407659731175,,1629.3,-211.3215617595776,0.9252405625462621,,1621.2,,,,,,False,False
2020-03-02,0,38.22419041388241,0.941737820190859,,3.751875981979215,0.9381449746700858,,1598.9,-57.687644304064435,0.9378516943853946,,1599.4,1592.8,95.91183471794685,94.03224520337058,92.15265568879434,37.28245259369155,False,True
2020-03-03,1,60.97388221588389,0.9457755359394705,,47.51493778409956,0.9400263207369808,,1595.7,236.07370781658733,0.9355703860787128,,1603.3,1586.0,-175.09982560070344,-176.98117152272164,-178.8625174447398,60.02810667994442,False,True
2020-03-04,2,-18.91917197928279,0.914578379367112,,68.1890008982527,0.9163663021565155,,1636.9,-63.302907843126334,0.9101389478793765,,1648.1,1640.1,44.38373586384354,42.55901853659705,40.73430120935056,-19.8337503586499,False,True
2020-03-05,3,-1.8314459316782057,0.9156391161030399,,92.36818224562528,0.9157509157509159,,1638.0,119.06334278268636,0.9073861230415585,,1653.1,1638.2,-120.89478871436457,-122.71781395350916,-124.54083919265376,-2.747085047781246,False,True
2020-03-06,4,0.0,0.8965393580778198,,94.00354800855513,0.8966465419331701,,1672.9,-87.41990197919621,0.8881520516312394,,1688.9,1673.1,87.41990197919621,85.63521056948716,83.85051915977809,-0.8965393580778198,False,True
2020-03-09,0,-134.42181825204813,0.8862105636299186,,39.44306792956158,0.8982035928143713,,1670.0,23.829392903608007,0.8946677800310153,,1676.6,1692.6,-158.25121115565614,-160.0320894993171,-161.812967842978,-135.30802881567806,False,True
2020-03-10,1,-107.14495102870211,0.8930697785186951,,3.0083331053274813,0.9026356962330006,,1661.8,-79.72019512218054,0.9023099133782484,,1662.4,1679.6,-27.42475590652157,-29.22013559841851,-31.015515290315456,-108.0380208072208,False,True
2020-03-11,2,84.52625342382775,0.9094767477111504,,17.41899109990584,0.9017674642298906,,1663.4,-190.83970565395455,0.900144023043687,,1666.4,1649.3,275.3659590777823,273.55633830702743,271.7467175362726,83.6167766761166,False,True
2020-03-12,3,23.241600676114643,0.9184985610189214,,-17.120150925705172,0.9163663021565155,,1636.9,-362.0445879192254,0.9179926560587517,,1634.0,1633.1,385.28618859534004,383.4496973782624,381.6132061611847,22.323102115095722,False,True
2020-03-13,4,26.50178229559116,0.947747520060656,,-39.14640685446866,0.9452391455038126,,1586.9,-333.1926431678176,0.9489466691971912,,1580.7,1582.7,359.6944254634088,357.7977312741509,355.90103708489306,25.554034775530504,False,True
2020-03-16,0,-129.3662450261795,0.9592019439826066,,-547.0789853843021,0.9715025906735753,,1544.0,354.1679842100078,1.026132165822958,,1461.8,1563.8,-483.5342292361873,-485.5195633459929,-487.5048974557984,-130.32544697016212,False,True
2020-03-17,1,-192.8848133216696,0.9915388683236385,,-73.04239156415505,1.0107816711590298,,1484.0,372.4738510393777,1.0183299389002038,,1473.0,1512.8,-565.3586643610473,-567.3685331682713,-569.378401975495,-193.87635218999324,False,True
2020-03-18,2,-94.71262592486825,0.9819324430479185,,32.990264811444504,0.9913422774436589,,1513.1,-201.62375792377355,0.9881422924901186,,1518.0,1527.6,106.9111319989053,104.94105726336726,102.97098252782924,-95.69455836791617,False,True
2020-03-19,3,31.553179815683052,1.0086067778375472,,-109.15814876996242,1.0052271813429836,,1492.2,-21.023370803207403,1.0161913149515618,,1476.1,1487.2,52.57655061889045,50.55175252610134,48.526954433312234,30.544573037845506,False,True
2020-03-20,4,206.47022837758718,1.0192987224789347,,29.24173014746091,0.9983361064891848,,1502.5,-41.88139743239239,0.9950908849674939,,1507.4,1471.6,248.35162580997957,246.33723620253315,244.3228465950867,205.45092965510824,False,True
2020-03-23,0,-93.45862418237658,0.9966777408637876,,45.500245778116266,1.005968747904232,,1491.1,408.1131355533671,1.0013351134846464,,1498.0,1505.0,-501.5717597357437,-503.5697725900921,-505.5677854444406,-94.45530192324037,False,True
2020-03-24,1,219.46932809482598,0.9592019439826066,,474.0977001622007,0.938497153225302,,1598.3,-41.25689728992707,0.8950414702547885,,1675.9,1563.8,260.72622538475304,258.8719819705156,257.01773855627823,218.51012615084338,False,True
2020-03-25,2,12.595593208190039,0.9002520705797624,,-238.40260443952067,0.899172761059825,,1668.2,86.19425556087691,0.9209233791748528,,1628.8,1666.2,-73.59866235268687,-75.41983780244149,-77.2410132521961,11.695341137610276,False,True
2020-03-26,3,-122.51301780520517,0.9132420091324203,,117.64120722227597,0.9244992295839755,,1622.5,-14.018836294628432,0.9136313801924718,,1641.8,1642.5,-108.49418151057674,-110.32105489990163,-112.14792828922653,-123.42625981433758,False,True
2020-03-27,4,-29.91546539465615,0.91441111923921,,-119.32728623840843,0.9171507184347295,,1635.5,88.70330429463026,0.9281029575547581,,1616.2,1640.4,-118.61876968928641,-120.46128376608037,-122.30379784287435,-30.82987651389536,False,True
2020-03-30,0,,,roll,14.617214369485755,0.9142439202779302,,1640.7,1.2170632279382911,0.9128529698149952,,1643.2,,,,,,False,False
2020-03-31,1,-34.13388660999696,0.9127418765972983,,-150.68399134195084,0.9156391161030399,,1638.2,-142.28009127966098,0.9294256149699486,,1613.9,1643.4,108.14620466966403,106.30403717809679,104.46186968652954,-35.04662848659426,False,True
2020-04-01,2,47.70282708933399,0.9437523593808985,,33.756361365961304,0.9392611145898562,,1597.0,6.862775950171217,0.9361542782250517,,1602.3,1589.4,40.84005113916277,38.96014450155681,37.08023786395087,46.759074729953085,False,True
2020-04-02,3,9.356579917237863,0.9360958562156766,,24.289240602829114,0.9353370331109311,,1603.7,168.9833611552495,0.9329518596840404,,1607.8,1602.4,-159.62678123801163,-161.49582895391134,-163.36487666981105,8.420484061022186,False,True
2020-04-03,4,-39.21333374785442,0.9172628875435701,,85.58555726199832,0.9209233791748528,,1628.8,35.84777663958152,0.9130196603566864,,1642.9,1635.3,-75.06111038743595,-76.8913929353362,-78.72167548323645,-40.13059663539799,False,True
2020-04-06,0,23.64138948549415,0.9103598956120653,,119.16366333108637,0.908155234001332,,1651.7,211.26921248546472,0.8971291866028709,,1672.0,1647.7,-187.62782299997056,-189.4353120821855,-191.24280116440045,22.731029589882088,True,True
2020-04-07,1,50.251362026732004,0.8786831468572435,,-85.46560246863616,0.8743296805782235,,1715.6,-126.01107372904474,0.8818342151675487,,1701.0,1707.1,176.26243575577675,174.50191839375196,172.74140103172718,49.37267887987476,False,True
2020-04-08,2,21.42220396746327,0.8935485792577591,,-5.350613961962774,0.8915304606240715,,1682.5,-12.49591070339137,0.8920076117982875,,1681.6,1678.7,33.918114670854635,32.13255847979859,30.34700228874254,20.528655388205507,False,True
2020-04-09,3,60.51276177760448,0.8925914906277894,,94.19037081790734,0.8872064825220324,,1690.7,196.09609041568507,0.8788375908132179,,1706.8,1680.5,-135.5833286380806,-137.3547577195216,-139.1261868009626,59.620170286976695,False,True
2020-04-10,4,,,missing bar,,,missing bar,,,,missing bar,,,,,,,False,False
2020-04-13,0,9.179049465550532,0.8609309533375424,,14.899716223514506,0.8602397201353446,,1743.7,96.89998300969201,0.8591557362964661,,1745.9,1742.3,-87.72093354414147,-89.44102023377549,-91.16110692340949,8.31811851221299,False,True
2020-04-14,1,33.43821302611694,0.8515469770082318,,-34.57367345654183,0.848704311417902,,1767.4,-32.41493924171067,0.851643672287515,,1761.3,1761.5,65.85315226782761,64.14996161853188,62.44677096923612,32.58666604910871,False,True
2020-04-15,2,-112.68530506523918,0.853193788749218,,73.93219336398812,0.8628624022089278,,1738.4,-46.36395357834111,0.8566044200788078,,1751.1,1758.1,-66.32135148689807,-68.0311496957261,-69.74094790455412,-113.5384988539884,False,True
2020-04-16,3,58.90275229549442,0.8603383997705766,,63.65828022141833,0.8552856654122478,,1753.8,-178.35158932857206,0.84985835694051,,1765.0,1743.5,237.25434162406648,235.5441448673554,233.83394811064431,58.04241389572385,False,True
2020-04-17,4,-106.40243795570943,0.8628127696289907,,-79.37939305583421,0.8720423231207489,,1720.1,-69.98176110034791,0.8790436005625879,,1706.4,1738.5,-36.42067685536152,-38.1625332255531,-39.904389595744675,-107.26525072533842,False,True
2020-04-20,0,20.06255467300477,0.8860011813349086,,22.963474630042946,0.8842254185333648,,1696.4,70.91189207351009,0.8821972593071813,,1700.3,1693.0,-50.84933740050532,-52.617535841147415,-54.385734281789496,19.17655349166986,False,True
2020-04-21,1,0.0,0.8755034144633166,,-226.09504756791466,0.8755545178613122,,1713.2,161.6807005843621,0.8955758552749419,,1674.9,1713.3,-161.6807005843621,-163.45177985410038,-165.22285912383862,-0.8755034144633166,False,True
2020-04-22,2,-11.162354653117017,0.8807468733485998,,73.79675051266508,0.8817823761095763,,1701.1,132.17583731954338,0.8753501400560225,,1713.6,1703.1,-143.33819197266038,-145.094288986065,-146.85038599946964,-12.043101526465616,False,True
2020-04-23,3,19.560471085418502,0.8638065073423555,,76.7252547121374,0.8621680652948616,,1739.8,-8.559934325851822,0.8556271747190692,,1753.1,1736.5,28.120405411270326,26.4009717292089,24.681538047147477,18.696664578076145,False,True
2020-04-24,4,3.9923575401244684,0.8556759840273818,,8.549201170448711,0.8552856654122478,,1753.8,-55.411298272832695,0.8545060954768144,,1755.4,1753.0,59.40365581295716,57.69347373345297,55.98329165394877,3.136681556097087,False,True
2020-04-27,0,-80.5527946031829,0.8595988538681949,,-1.1554682547954345,0.8665511265164646,,1731.0,-37.6277615512881,0.8667013347200555,,1730.7,1745.0,-42.9250330518948,-44.65133324048305,-46.3776334290713,-81.4123934570511,False,True
2020-04-28,1,-55.24394010878216,0.8698677800974253,,48.86003205626209,0.8746355685131196,,1715.0,4.640371312968123,0.8702715247157116,,1723.6,1724.4,-59.88431142175028,-61.62445072656342,-63.36459003137656,-56.113807888879585,False,True
2020-04-29,2,-8.120179090114727,0.869666048237477,,1.7402906329274543,0.8702210361431805,,1723.7,31.275364309433655,0.8701200765705668,,1723.9,1724.8,-39.39554339954838,-41.13532952435642,-42.87511564916447,-8.989845138352203,False,True
2020-04-30,3,19.638428306622785,0.8672525439407957,,-9.235742979289283,0.8654511885529657,,1733.2,-225.42416823919112,0.8662008431021541,,1731.7,1729.6,245.0625965458139,243.32914315877096,241.59568977172802,18.771175762681988,False,True
2020-05-01,4,-62.78897538798768,0.8857395925597876,,33.81488109256661,0.8913715236510579,,1682.8,128.2898781351129,0.8884150675195452,,1688.4,1693.5,-191.07885352310058,-192.8530081831799,-194.62716284325924,-63.67471498054747,True,True
2020-05-04,0,29.759321743969238,0.8765778401122021,,1.1652295515393398,0.8739730816290859,,1716.3,-32.67976764616111,0.8739221626660453,,1716.4,1711.2,62.43908939013035,60.688589387352096,58.93808938457386,28.882743903857037,True,True
2020-05-05,1,-29.851642057196,0.8766803039158387,,-22.88800553154494,0.8793012486077731,,1705.9,72.01647097554303,0.8814196732871079,,1701.8,1711.0,-101.86811303273903,-103.62621300994198,-105.38431298714492,-30.72832236111184,True,True
2020-05-06,2,-12.842967322785423,0.8750948019368766,,-22.80769432217544,0.876219405339097,,1711.9,-129.0492556458027,0.8782201405152226,,1708.0,1714.1,116.20628832301728,114.45297338056517,112.69965843811308,-13.7180621247223,False,True
2020-05-07,3,14.817012638217008,0.8896797153024913,,64.34306900771293,0.8883098424730547,,1688.6,162.2635263115666,0.8826644698128753,,1699.4,1686.0,-147.4465136733496,-149.218857858465,-150.99120204358036,13.927332922914516,False,True
2020-05-08,4,5.788042067013514,0.8684576192681799,,-9.841665772519118,0.8679550977896078,,1728.2,-126.48436045639639,0.8688097306689836,,1726.5,1727.2,132.2724025234099,130.53513517347275,128.79786782353557,4.919584447745334,False,True
2020-05-11,0,18.154671028350805,0.8792497069167645,,-32.81958053438288,0.8776549060909252,,1709.1,-18.803625237220977,0.8805917576611484,,1703.4,1706.0,36.95829626557178,35.198454800993865,33.438613336415955,17.27542132143404,False,True
2020-05-12,1,10.58263371149524,0.8823529411764708,,40.46333038770715,0.8814196732871079,,1701.8,-18.74524595527248,0.8778603616784691,,1708.7,1700.0,29.32787966676772,27.56766636391278,25.807453061057842,9.700280770318768,False,True
2020-05-13,2,15.82325175576281,0.8797653958944283,,37.40944273918128,0.8784258608573438,,1707.6,54.692636479413494,0.8751458576429406,,1714.0,1705.0,-38.86938472365068,-40.624295977188055,-42.37920723072542,14.94348635986838,False,True
2020-05-14,3,9.861075656242983,0.8705240554814,,-17.408464908237292,0.869666048237477,,1724.8,95.3736890364033,0.8711813218724592,,1721.8,1723.1,-85.51261338016032,-87.25431875751417,-88.99602413486804,8.990551600761583,False,True
2020-05-15,4,37.891881369093774,0.8628127696289907,,-30.415219567839618,0.8595003438001376,,1745.2,81.28264557063824,0.8621185125581932,,1739.9,1738.5,-43.390764201544464,-45.11569548373164,-46.840626765918834,37.029068599464786,False,True
2020-05-18,0,82.16507480206356,0.8534850640113799,,3.9495585471233325,0.8465011286681717,,1772.0,-220.1526121523511,0.8461668641056018,,1772.7,1757.5,302.3176869544147,300.6180350262977,298.9183830981807,81.31158973805218,False,True
2020-05-19,1,-21.35088378527419,0.8646529859349782,,41.50579544810887,0.8665010686846516,,1731.1,56.79388813778323,0.8629616845012082,,1738.2,1734.8,-78.14477192305742,-79.87238659349362,-81.6000012639298,-22.215536771209166,False,True
2020-05-20,2,25.1227721493084,0.8575348730848389,,11.967518168614607,0.855334435764384,,1753.7,-24.52169687038791,0.8543600842968617,,1755.7,1749.2,49.64446901969631,47.93257406231461,46.220679104932906,24.265237276223562,False,True
2020-05-21,3,-90.6073408309808,0.8563110121596165,,6.334763666014136,0.8641050751771416,,1735.9,-60.04983689492976,0.8635081457601752,,1737.1,1751.7,-30.55750393605104,-32.277323093970836,-33.99714225189062,-91.46365184314043,False,True
2020-05-22,4,60.650005407554694,0.8690614136732331,,-34.610094539063894,0.8637567660946679,,1736.6,23.66318594724981,0.8667514156939792,,1730.6,1726.0,36.986819460304886,35.251006630937674,33.51519380157046,59.78094399388146,False,True
2020-05-25,0,-53.75269423153037,0.8646529859349782,,12.162985484879924,0.8693132425383947,,1725.5,,,missing bar,,1734.8,,,,-54.61734721746535,False,False
2020-05-26,1,13.885676843461923,0.8684576192681799,,-23.15485839165359,0.8673026886383349,,1729.5,-130.65981495676863,0.8692628650904035,,1725.6,1727.2,144.54549180023054,142.80777131587195,141.07005083151336,13.017219224193743,False,True
2020-05-27,2,-34.11366677304527,0.8807468733485998,,-30.08940586938704,0.8836524300441828,,1697.5,92.34001798102454,0.8863152918931696,,1692.4,1703.1,-126.45368475406981,-128.22074691931158,-129.98780908455336,-34.994413646393866,False,True
2020-05-28,3,45.52891357534485,0.8775522143567543,,19.77664674360969,0.8733624454148472,,1717.5,-28.49750394664689,0.8711307276845346,,1721.9,1709.3,74.02641752199175,72.27773457995046,70.52905163790916,44.6513613609881,False,True
2020-05-29,4,,,roll,65.00439952123926,0.8657009291856641,,1732.7,-5.735589489040008,0.8600917431192663,,1744.0,,,,,,False,False
2020-06-01,0,38.21697033717544,0.8572408275231457,,-59.38802288014963,0.8540195855158278,,1756.4,27.453689171927483,0.859106529209622,,1746.0,1749.8,10.763281165247957,9.046933808515188,7.3305864517824215,37.3597295096523,False,True
2020-06-02,1,-17.726952462038973,0.8569959435525341,,22.295278636604923,0.858467349625136,,1747.3,-98.69822474115118,0.8565065951007824,,1751.3,1750.3,80.97127227911221,79.2577697404589,77.54426720180558,-18.583948405591507,False,True
2020-06-03,2,-36.983572926032934,0.8652015919709293,,9.837109840517027,0.8684073409367222,,1727.3,-151.50922065953426,0.8675033254294143,,1729.1,1733.7,114.52564773350133,112.79294281610099,111.06023789870065,-37.848774518003864,False,True
2020-06-04,3,1.1744670869100873,0.8809020436927415,,55.05138354387977,0.8809020436927415,,1702.8,50.10497548339985,0.8761170492377783,,1712.1,1702.8,-48.93050839648976,-50.68752748942028,-52.4445465823508,0.2935650432173458,False,True
2020-06-05,4,-47.76615361428659,0.8716875871687588,,-16.362789999583285,0.8758612635758497,,1712.6,-124.18133273664075,0.8773469029654326,,1709.7,1720.8,76.41517912235417,74.66614463221998,72.91711014208579,-48.637841201455345,False,True
2020-06-08,0,62.64795903516774,0.8893104879350211,,-11.79106374080495,0.8838086259721896,,1697.2,59.993121944280766,0.8849035455135392,,1695.1,1686.7,2.6548370908869714,0.8806230574384111,-0.8935909760101493,61.75864854723272,False,True
2020-06-09,1,-17.622185011474446,0.8803333528962968,,79.0564243932119,0.8818860603210066,,1700.9,31.448398174287686,0.8749416705552964,,1714.4,1703.9,-49.07058318576213,-50.82585820921372,-52.581133232665316,-18.502518364370744,False,True
2020-06-10,2,31.36619671974704,0.872651114084589,,37.04779924867454,0.8699182276865975,,1724.3,98.31337990311228,0.866651259533164,,1730.8,1718.9,-66.94718318336524,-68.686485556983,-70.42578793060075,30.49354560566245,False,True
2020-06-11,3,-16.61748656184383,0.8588114050154587,,-55.78413982960938,0.8602397201353446,,1743.7,-1.730253486451265,0.865051903114187,,1734.0,1746.6,-14.887233075392565,-16.61109638352221,-18.334959691651857,-17.47629796685929,False,True
2020-06-12,4,32.82562191958301,0.8652514997692664,,29.27923554503793,0.8624159144483414,,1739.3,-40.78473068757622,0.8598945196055952,,1744.4,1733.6,73.61035260715923,71.88520658778437,70.1600605684095,31.960370419813742,False,True
2020-06-15,0,-73.80532839587447,0.8617222956281956,,-70.27354180211262,0.8681057931593265,,1727.9,92.8188587483594,0.8742277654738316,,1715.8,1740.7,-166.62418714423387,-168.3601372053359,-170.09608726643793,-74.66705069150267,False,True
2020-06-16,1,5.771006623694959,0.8659008254921206,,8.650270139465297,0.8654012577164947,,1733.3,1.1528706491899,0.8647028304605985,,1734.7,1732.3,4.6181359745050585,2.8875323185523394,1.1569286625996202,4.905105798202838,False,True
2020-06-17,2,14.971786742299992,0.8644038494784765,,-83.77919868417278,0.8630609896432683,,1738.0,69.96877071858046,0.870423025590437,,1723.3,1735.3,-54.99698397628047,-56.73181085134938,-58.4666377264183,14.107382892821516,False,True
2020-06-18,3,-8.07009497337391,0.864304235090752,,-35.81748485427383,0.865002018338043,,1734.1,10.98932988930745,0.8680555555555557,,1728.0,1735.5,-19.05942486268136,-20.79178465332767,-22.524144443973977,-8.934399208464663,False,True
2020-06-19,4,53.61943141385373,0.8671522719389526,,21.82654513839056,0.8625150940141455,,1739.1,76.01991398259274,0.860634574559642,,1742.9,1729.8,-22.400482568739008,-24.128269415237604,-25.856056261736196,52.75227914191478,False,True
2020-06-22,0,-11.899703911630484,0.8494733265375469,,-26.11708746224301,0.8505330006804265,,1763.6,30.085453964617294,0.8527572484366118,,1759.0,1765.8,-41.985157876247776,-43.687388451221935,-45.389619026196094,-12.74917723816803,False,True
2020-06-23,1,-14.74257468196309,0.8499065102838689,,53.76204907608262,0.8511604153662828,,1762.3,66.37441400234084,0.8465489023082569,,1771.9,1764.9,-81.11698868430393,-82.81344409689606,-84.50989950948818,-15.592481192246959,False,True
2020-06-24,2,16.79825693181901,0.840618695359785,,25.702645875840314,0.8392077878482713,,1787.4,-111.11848998451697,0.8371470030137294,,1791.8,1784.4,127.91674691633598,126.23898121796248,124.56121551958896,15.957638236459227,False,True
2020-06-25,3,27.60954000659529,0.8463578400947922,,-44.55103942796353,0.8440243079000675,,1777.2,27.094168753529853,0.8478408320144699,,1769.2,1772.3,0.5153712530654353,-1.1788274190438268,-2.873026091153089,26.763182166500496,True,True
2020-06-26,4,-27.081939368795435,0.8451656524678838,,14.67848736422698,0.8474576271186443,,1770.0,67.4614656535818,0.8461191335740074,,1772.8,1774.8,-94.54340502237723,-96.23468980841912,-97.92597459446101,-27.92710502126332,True,True
2020-06-29,0,-19.580973556140005,0.8383635144198526,,-12.888405022999502,0.8400067200537605,,1785.7,2.802926273360561,0.8409957389549229,,1783.6,1789.2,-22.383899829500567,-24.063259082875344,-25.742618336250118,-20.41933707055986,False,True
2020-06-30,1,16.800138352531285,0.840712924560027,,-60.609647352511075,0.8392547417892912,,1787.3,,,missing bar,,1784.2,,,,15.959425427971258,False,False
2020-07-01,2,,,missing bar,-38.91920847201045,0.8323622440486101,,1802.1,-87.84993409588644,0.8356545961002787,,1795.0,,,,,,False,False
2020-07-02,3,-5.622715919852466,0.843170320404722,,34.80802975480891,0.843597098025983,,1778.1,14.560119053182973,0.840618695359785,,1784.4,1779.0,-20.18283497303544,-21.866623988799944,-23.550413004564454,-6.465886240257188,False,True
2020-07-03,4,-10.632643213301114,0.8389730969293586,,8.95455622851944,0.83986562150056,,1786.0,,,missing bar,,1787.9,,,,-11.471616310230472,False,False
2020-07-06,0,-11.19820945688568,0.8393956351426973,,29.0909296068373,0.8403832147459243,,1784.9,21.204181819029195,0.8378952072394147,,1790.2,1787.0,-32.40239127591487,-34.07968211829699,-35.7569729606791,-12.037605092028377,False,True
2020-07-07,1,-2.787611870976828,0.8361670104242155,,-48.626538540144814,0.8363534987454698,,1793.5,125.82283797457652,0.8403832147459243,,1784.9,1793.9,-128.61044984555335,-130.28700007072348,-131.96355029589364,-3.6237788814010434,False,True
2020-07-08,2,-2.766022201133815,0.8296919077382598,,49.67445913804776,0.8299673546173852,,1807.3,8.255139292722179,0.8258547596762651,,1816.3,1807.9,-11.021161493855994,-12.676708161270518,-14.332254828685043,-3.595714108872075,False,True
2020-07-09,3,24.162559806190103,0.8247195953375853,,-43.977862094872386,0.8227743952608196,,1823.1,-41.403354848232574,0.8263552225650067,,1815.2,1818.8,65.56591465442267,63.91483983652008,62.263765018617484,23.33784021085252,False,True
2020-07-10,4,-38.78336070807663,0.8294625082946252,,55.91090985489482,0.8326856889086267,,1801.4,-53.69066117792361,0.8280430582390286,,1811.5,1808.4,14.90730046984698,13.249794903313326,11.592289336779672,-39.612823216371254,False,True
2020-07-13,0,38.740432535213515,0.8317622269047356,,23.723494616505626,0.8285461776403005,,1810.4,-54.70080219606106,0.826537359488649,,1814.8,1803.4,93.44123473127458,91.7829351448812,90.12463555848781,37.90867030830878,False,True
2020-07-14,1,-9.421676092524315,0.8309328606248616,,0.0,0.8317161075686167,,1803.5,51.985516920288205,0.8317161075686167,,1803.5,1805.2,-61.40719301281252,-63.069841981006,-64.73249094919947,-10.252608953149176,False,True
2020-07-15,2,-13.260403070205433,0.828225940036442,,-9.40291559641744,0.829279080053074,,1808.8,32.04422631504305,0.830059210890377,,1807.1,1811.1,-45.30462938524848,-46.9629145361753,-48.62119968710212,-14.088629010241874,False,True
2020-07-16,3,-26.50910040829091,0.8273123379846673,,-6.6382698681565255,0.8295083780346183,,1808.3,-57.717014655917986,0.830059210890377,,1807.1,1813.1,31.207914247627077,29.550542698752032,27.893171149876988,-27.336412746275577,False,True
2020-07-17,4,11.679970181250662,0.8347709944905115,,46.030638910598206,0.8337965536409118,,1799.0,26.52374876519016,0.8299673546173852,,1807.3,1796.9,-14.843778583939498,-16.508516933047396,-18.173255282155292,10.84519918676015,False,True
2020-07-20,0,-6.071478039414244,0.8276775368316505,,29.77013059249401,0.8281802120141344,,1811.2,13.202774500091675,0.8257183749862381,,1816.6,1812.3,-19.27425253950592,-20.927648451323808,-22.581044363141697,-6.899155576245895,False,True
2020-07-21,1,24.700179970198032,0.8243570015387999,,25.186171877184723,0.8223233375363195,,1824.1,78.97859620984946,0.8202548258325587,,1828.7,1819.6,-54.27841623965142,-55.92302806702278,-57.56763989439414,23.875822968659232,False,True
2020-07-22,2,92.36568759319272,0.8139787280225745,,0.0,0.8065383374556406,,1859.8,58.971918076342114,0.8065383374556406,,1859.8,1842.8,33.393769516850604,31.773252451372386,30.152735385894175,91.55170886517014,False,True
2020-07-23,3,27.212353051658766,0.8014533019876043,,0.0,0.7993179153788769,,1876.6,41.476184099630984,0.7992753237065062,,1876.7,1871.6,-14.263831047972218,-15.86455967366633,-17.465288299360438,26.410899749671163,False,True
2020-07-24,4,12.194800164542633,0.7957981855801369,,29.102859390823586,0.7948704361189127,,1887.1,40.60223353179778,0.7925604987847408,,1892.6,1884.9,-28.407433367255145,-29.995792051620022,-31.5841507359849,11.399001978962495,False,True
2020-07-27,0,146.7197706907277,0.7889753839680204,,33.63608956683203,0.7775243624300229,,1929.2,9.294640760020686,0.7749134679960739,,1935.7,1901.2,137.42512993070702,135.86124107874292,134.29735222677883,145.93079530675968,False,True
2020-07-28,1,-22.2228056003512,0.7743534148985598,,-49.795216746204375,0.7761163139649196,,1932.7,143.02554381373054,0.7800717666025275,,1922.9,1937.1,-165.24834941408173,-166.80277459558283,-168.3571997770839,-22.99715901524976,False,True
2020-07-29,2,22.02023678159361,0.7689941556444173,,-8.699435085401074,0.7672634271099745,,1955.0,57.68706811009287,0.7679705099324188,,1953.2,1950.6,-35.66683132849926,-37.203795994076096,-38.740760659652935,21.251242625949192,False,True
2020-07-30,3,-73.6124375086029,0.7639808495467048,,-13.35113682969436,0.769743931852004,,1948.7,4.10888552262602,0.7705743347374912,,1946.6,1963.4,-77.72132303122892,-79.2558782155131,-80.79043339979731,-74.37641835814959,False,True
2020-07-31,4,120.38504906987868,0.7697834342604949,,-36.050713090544676,0.7602635580334517,,1973.0,14.707003690519757,0.7612667478684532,,1970.4,1948.6,105.67804537935892,104.14699519722998,102.61594501510102,119.61526563561819,False,True
2020-08-03,0,-31.59084989045349,0.7509762691498949,,-23.12953565335283,0.7533524182612628,,1991.1,33.17086018837923,0.7551349174385824,,1986.4,1997.4,-64.76171007883272,-66.2678212654212,-67.77393245200967,-32.341826159603386,False,True
2020-08-04,1,-15.060243810377976,0.7524454477050415,,-9.55037897114984,0.7536173633440515,,1990.4,240.9635427753858,0.7542995071909888,,1988.6,1993.5,-256.0237865857638,-257.5305315406598,-259.03727649555583,-15.812689258083017,False,True
2020-08-05,2,58.73732012093916,0.7363770250368189,,42.36984934485613,0.732064421669107,,2049.0,-22.867161544517298,0.7289692374981777,,2057.7,2037.0,81.60448166545646,80.13913540292147,78.67378914038648,58.00094309590234,False,True
2020-08-06,3,47.575214740692154,0.7299270072992702,,34.3269126203276,0.7264626113909338,,2064.8,14.949487991423764,0.7239032865209208,,2072.1,2055.0,32.62572674926839,31.171896455448195,29.718066161628006,46.84528773339289,False,True
2020-08-07,4,-49.24453537729067,0.7224041610479678,,-12.59080069480968,0.7259352465760054,,2066.3,-84.6802802012303,0.7269202810758422,,2063.5,2076.4,35.435744823939636,33.986420381815826,32.537095939692016,-49.966939538338636,False,True
2020-08-10,0,-22.031293335129853,0.7335680751173711,,0.9801999615764356,0.735186002058521,,2040.3,-14.713818928054742,0.7351499705940012,,2040.4,2044.8,-7.31747440707511,-8.786192452786484,-10.254910498497855,-22.764861410247224,False,True
2020-08-11,1,-146.27657534468966,0.7358712715855574,,-104.58200351584318,0.7466772860769576,,2008.9,-339.1716191912337,0.7544892108042857,,1988.1,2038.4,192.895043846544,191.40468336415418,189.91432288176432,-147.0124466162752,False,True
2020-08-12,2,5.722758525717435,0.7805995004163199,,76.68034049211205,0.7801529099703544,,1922.7,-57.977178655206004,0.7742335088262621,,1937.4,1921.6,63.69993718092344,62.145104171680856,60.59027116243828,4.942159025301115,False,True
2020-08-13,3,83.7041158727209,0.7782908732423599,,-10.29707139327699,0.7718828796377298,,1943.3,112.68301980295135,0.772638302256104,,1941.4,1927.3,-28.978903930230445,-30.52983310572891,-32.08076228122737,82.92582499947855,False,True
2020-08-14,4,-68.46892008182708,0.7638252367858235,,33.2727905437513,0.769112444239348,,1950.3,-15.854753353180698,0.7665576451349143,,1956.8,1963.8,-52.61416672864638,-54.14454961056712,-55.674932492487855,-69.2327453186129,False,True
2020-08-17,0,26.03436984405189,0.7667143733387856,,21.38929314145645,0.764720876879939,,1961.5,141.43792885028319,0.7630869410388158,,1965.7,1956.4,-115.40355900623129,-116.9333603206089,-118.46316163498649,25.267655470713105,False,True
2020-08-18,1,89.88375704675747,0.7524077046548958,,17.88109551085514,0.7457121551081284,,2011.5,-24.344813911657443,0.7443429932512903,,2015.2,1993.6,114.2285709584149,112.73182026050871,111.23506956260253,89.13134934210257,False,True
2020-08-19,2,-78.39652665361224,0.7460830639144493,,-8.02407264717893,0.7519550832163626,,1994.8,-299.97411285829054,0.7525964577793388,,1993.1,2010.5,221.5775862046783,220.07890668298452,218.58022716129074,-79.1426097175267,False,True
2020-08-20,3,73.65282709560468,0.7754342431761788,,-23.121397583795023,0.7698229407236338,,1948.5,59.49345684106116,0.771604938271605,,1944.0,1934.4,14.159370254543518,12.612331073095735,11.06529189164795,72.8773928524285,False,True
2020-08-21,4,0.5113389411286039,0.7670280220904072,,-173.81875068365588,0.7669888019634915,,1955.7,130.7681123157027,0.7803964413922274,,1922.1,1955.6,-130.2567733745741,-131.80419783805675,-133.35162230153935,-0.2556890809618033,False,True
2020-08-24,0,-31.364912465063263,0.7700600646850455,,82.56668870881431,0.7724393635099646,,1941.9,-112.47903695336122,0.7660878447395303,,1958.0,1947.9,81.11412448829796,79.57797657887339,78.0418286694488,-32.13497252974831,False,True
2020-08-25,1,3.098853449030723,0.7748334108166745,,-27.405068988769504,0.7745533409067439,,1936.6,18.10517009065595,0.7766387076731905,,1931.4,1935.9,-15.006316641625226,-16.55778876011509,-18.109260878604957,2.3240200382140483,False,True
2020-08-26,2,-84.93939610936057,0.773594636410521,,3.64042961089321,0.7802340702210665,,1922.5,202.80703339761982,0.7799906401123189,,1923.1,1939.0,-287.7464295069804,-289.30001478350323,-290.8536000600261,-85.7129907457711,False,True
2020-08-27,3,-70.54883307109894,0.7641365257259298,,-4.618345175096593,0.7695464806074288,,1949.2,-62.2990816587037,0.7699019658163528,,1948.3,1963.0,-8.249751412395241,-9.783789903937523,-11.317828395479808,-71.31296959682487,False,True
2020-08-28,4,75.07233941545861,0.7741935483870969,,95.84575029400622,0.7684032580298142,,1952.1,8.6217832144444,0.7610736211882896,,1970.9,1937.5,66.45055620101421,64.91528903143882,63.38002186186343,74.29814586707151,False,True
2020-08-31,0,-6.08118399118666,0.7599169157505447,,4.5614658300859645,0.760417722802393,,1972.6,2.0266504603997717,0.7600709399543959,,1973.5,1973.9,-8.107834451586431,-9.627822307291371,-11.147810162996311,-6.841100906937204,False,True
2020-09-01,1,114.35604835392336,0.7599939200486396,,2.00330546069841,0.7513148009015779,,1996.5,-102.6785747373179,0.7511266900350527,,1997.0,1973.7,217.03462309124126,215.52350248115758,214.01238187107387,113.59605443387471,False,True
2020-09-02,2,-26.84701356718458,0.7588021044111697,,-27.427892042367947,0.7608419984783161,,1971.5,-86.84601199551093,0.7629704984740591,,1966.0,1976.8,59.99899842832636,58.47722582544113,56.9554532225559,-27.60581567159575,False,True
2020-09-03,3,-71.57784364096403,0.7696649391964698,,28.89877127316756,0.7751937984496126,,1935.0,-16.50335598914484,0.7729568174791303,,1940.6,1948.9,-55.0744876518192,-56.61710940849479,-58.1597311651704,-72.34750858016051,False,True
2020-09-04,4,14.952695559699729,0.7739938080495358,,30.86739769513523,0.7728771640560594,,1940.8,-30.3521595261778,0.7704951715635917,,1946.8,1938.0,45.30485508587753,43.7603661062644,42.21587712665127,14.178701751650193,False,True
2020-09-07,0,-6.710197170253201,0.7739938080495358,,-10.332180492448105,0.7745133474466878,,1936.7,,,missing bar,,1938.0,,,,-7.4841909783027365,False,False
2020-09-08,1,11.875566130403097,0.7749535027898327,,-84.98341124992493,0.7739938080495358,,1938.0,88.07890732788542,0.7805995004163199,,1921.6,1935.6,-76.20334119748232,-77.75889420068846,-79.31444720389462,11.100612627613264,False,True
2020-09-09,2,-24.78060121999364,0.7734350830153657,,-9.826485753595154,0.775394158697338,,1934.5,114.7279465086574,0.7761564731449861,,1932.6,1939.4,-139.50854772865102,-141.05813928481138,-142.60773084097173,-25.554036303009003,False,True
2020-09-10,3,-16.379181631811583,0.767145706541196,,17.401099636257484,0.7683638971416864,,1952.2,-3.580104884165311,0.7670280220904072,,1955.6,1955.3,-12.799076747646271,-14.333250476277875,-15.867424204909478,-17.14632733835278,False,True
2020-09-11,4,-4.607469301054614,0.767734670897738,,-1.0241704228533053,0.768088483793333,,1952.9,-23.072792044126945,0.768206493905562,,1952.6,1953.8,18.46532274307233,16.92938157826903,15.393440413465731,-5.375203971952352,False,True
2020-09-14,0,21.01541048700288,0.7696649391964698,,-5.633947241138698,0.7680491551459295,,1953.0,67.39877441156307,0.7684819919053231,,1951.9,1948.9,-46.383363924560186,-47.92151085566198,-49.45965778676377,20.24574554780641,False,True
2020-09-15,1,34.01795568099885,0.7628928898382669,,23.79446762447816,0.7603020933650971,,1972.9,-79.7059683658842,0.7584951456310681,,1977.6,1966.2,113.72392404688306,112.20253601141371,110.68114797594438,33.25506279116058,False,True
2020-09-16,2,43.24276064089892,0.7647598654022637,,12.682953276611453,0.761459972587441,,1969.9,-26.399974717743284,0.7605333874157076,,1972.3,1961.4,69.6427353586422,68.11744210582422,66.59214885300625,42.47800077549666,False,True
2020-09-17,3,-80.62502213823898,0.7623500711526735,,17.404662699154212,0.7685213648939442,,1951.8,-18.430353857746418,0.7672241829062454,,1955.1,1967.6,-62.19466828049256,-63.72424253455148,-65.2538167886104,-81.38737220939164,False,True
2020-09-18,4,54.69103054362257,0.7687970888216905,,-17.85669207424517,0.7646039351615864,,1961.8,-6.640276070836277,0.7659313725490198,,1958.4,1951.1,61.331306614458846,59.796578153088134,58.26184969171742,53.922233454800875,False,True
2020-09-21,0,0.0,0.7663618249629593,,-94.45170571518646,0.7663618249629593,,1957.3,-109.95391103750535,0.7737143446639502,,1938.7,1957.3,109.95391103750535,108.41383486787845,106.87375869825154,-0.7663618249629593,False,True
2020-09-22,1,-37.08447487369324,0.7820238777957356,,-1.046736798988212,0.7850115135021982,,1910.8,-33.02841871136959,0.7850936878467499,,1910.6,1918.1,-4.0560561623236495,-5.623173727966135,-7.19029129360862,-37.866498751488976,False,True
2020-09-23,2,-109.25032795503125,0.7873602435567688,,10.077705257928505,0.7960093398429209,,1884.4,-104.98644220032537,0.7952075491703335,,1886.3,1905.1,-4.263885754705882,-5.846453547432985,-7.429021340160086,-110.03768819858801,False,True
2020-09-24,3,-54.24725283054709,0.8034709946970916,,25.281743381845004,0.8078849571820974,,1856.7,55.71343494511876,0.8058017727639002,,1861.5,1866.9,-109.96068777566586,-111.56996054312685,-113.17923331058785,-55.050723825244184,False,True
2020-09-25,4,25.59864871827132,0.800982538580659,,-86.12211886679628,0.7989347536617845,,1877.5,16.10479197128421,0.8058883575995274,,1861.3,1872.7,9.49385674698711,7.886985850806924,6.280114954626737,24.797666179690662,False,True
2020-09-28,0,-2.6846358452739185,0.8052826542116285,,35.3792917947853,0.8054988723015789,,1862.2,92.14691423217243,0.8026541095890412,,1868.8,1862.7,-94.83155007744635,-96.43948684124702,-98.0474236050477,-3.489918499485547,False,True
2020-09-29,1,13.243982546675044,0.7951653944020357,,15.86966054599669,0.7941129758060247,,1888.9,58.49973203775765,0.7928537449125219,,1891.9,1886.4,-45.25574949108261,-46.843768630397165,-48.431787769711725,12.448817152273008,False,True
2020-09-30,2,-48.98484947058289,0.7881462799495588,,-23.260742143656458,0.7920582954905483,,1893.8,7.935878521400815,0.7939028262940616,,1889.4,1903.2,-56.9207279919837,-58.50277709822732,-60.08482620447094,-49.772995750532445,False,True
2020-10-01,3,55.89257893564798,0.7931472081218275,,21.536449558574073,0.7887679444707368,,1901.7,30.91030620884731,0.7870710462797776,,1905.8,1891.2,24.982272726800673,23.40205447239907,21.821836217997465,55.09943172752615,True,True
2020-10-02,4,40.73325387635869,0.7849293563579279,,-25.048283200259505,0.7817793297545214,,1918.7,-51.335890634934174,0.7837400073149068,,1913.9,1911.0,92.06914451129286,90.50047514762004,88.9318057839472,39.94832452000076,True,True
2020-10-05,0,-68.79014707667595,0.7849704327803654,,47.838177707374335,0.7904305211571905,,1897.7,61.16866543265963,0.7866170223923648,,1906.9,1910.9,-129.9588125093356,-131.53039996450832,-133.10198741968105,-69.57511750945632,True,True
2020-10-06,1,-7.302697106136437,0.7821462091980396,,35.42223842352096,0.7827584407451862,,1916.3,-217.6284376620274,0.7799906401123189,,1923.1,1917.8,210.32574055589097,208.76360370658062,207.20146685727025,-8.084843315334476,True,True
2020-10-07,2,81.99585707828493,0.7967704238818657,,-31.1337683215801,0.7903055848261329,,1898.0,-7.9312628083602155,0.7928118393234673,,1892.0,1882.6,89.92711988664514,88.33753762343981,86.74795536023447,81.19908665440306,True,True
2020-10-08,3,42.22533456414235,0.7933989209774677,,-10.539074590926939,0.7900142202559648,,1898.7,8.959393468691225,0.7908889591901298,,1896.6,1890.6,33.265941095451126,31.68165321528353,30.09736533511593,41.431935643164884,True,True
2020-10-09,4,74.5214679388833,0.7901390644753478,,30.279323578075758,0.7842727177663914,,1912.6,92.87430236102568,0.7819015846538784,,1918.4,1898.4,-18.35283442214238,-19.924875071271604,-21.496915720400832,73.73132887440795,False,True
2020-10-12,0,-18.62197931064651,0.7751937984496126,,-6.733135046553466,0.7766387076731905,,1931.4,-14.517553231564303,0.7771618050878194,,1930.1,1935.0,-4.104426079082206,-5.656781682619638,-7.20913728615707,-19.397173109096123,False,True
2020-10-13,1,-33.26233512139626,0.7782908732423599,,21.83974660397668,0.7808433107756378,,1921.0,-161.26848276634365,0.779099361138524,,1925.3,1927.3,128.0061476449474,126.44875741056651,124.89136717618562,-34.040625994638624,False,True
2020-10-14,2,27.92341320697256,0.7913896802785693,,14.195212814511924,0.7891829326037777,,1900.7,11.026806756718097,0.7880634653777452,,1903.4,1895.4,16.89660645025446,15.317153304598145,13.73770015894183,27.132023526693988,False,True
2020-10-15,3,-21.00841108811839,0.7869884575026235,,-37.3989742976681,0.7886435331230285,,1902.0,95.07123109011326,0.7916402786573782,,1894.8,1906.0,-116.07964217823165,-117.65827091439166,-119.23689965055165,-21.795399545621013,False,True
2020-10-16,4,-15.696947551199797,0.7842317143305276,,18.833382495887662,0.7854636853956121,,1909.7,-55.027259361057595,0.783944810285356,,1913.4,1912.7,39.3303118098578,37.76213528524191,36.19395876062603,-16.481179265530326,False,True
2020-10-19,0,49.26892926694277,0.7881462799495588,,16.195181556131786,0.7842727177663914,,1912.6,-47.08599261365554,0.7829218643979332,,1915.9,1903.2,96.35492188059831,94.78385373625082,93.21278559190333,48.48078298699321,False,True
2020-10-20,1,-9.446340245868084,0.7868233319345364,,17.31057163717799,0.787525594581824,,1904.7,7.858958306678515,0.7862047277110961,,1907.9,1906.4,-17.3052985525466,-18.87832661219223,-20.451354671837862,-10.233163577802621,False,True
2020-10-21,2,50.09403086666213,0.7846829880728188,,-7.811076503065675,0.7808026651397638,,1921.1,41.58658590021432,0.7813720893889672,,1919.7,1911.6,8.507444966447814,6.941389888986028,5.375334811524242,49.309347878589314,False,True
2020-10-22,3,-34.30178510143678,0.7782504928919789,,-20.8474563439904,0.7809652730775238,,1920.7,-52.83682612043298,0.7826359177710531,,1916.6,1927.4,18.535041018996203,16.974154608333173,15.413268197670138,-35.080035594328756,False,True
2020-10-23,4,12.05672046033248,0.786782061369001,,25.11512412660994,0.7858340318524729,,1908.8,-53.44524118069425,0.7838628762541807,,1913.6,1906.5,65.50196164102672,63.931316703403546,62.36067176578036,11.269938398963479,False,True
2020-10-26,0,-37.32034082776318,0.7869884575026235,,36.272874571673704,0.789972614282705,,1898.8,-5.774126823768928,0.7871536523929472,,1905.6,1906.0,-31.546214003994255,-33.12035611388983,-34.694498223785395,-38.107329285265806,False,True
2020-10-27,1,35.64318691236162,0.7876496534341525,,-33.54300838946758,0.7848472164085393,,1911.2,27.262258680226136,0.7874842503149939,,1904.8,1904.4,8.380928232135485,6.805794328386339,5.230660424637192,34.85553725892747,False,True
2020-10-28,2,-11.526170920328367,0.7854225573358468,,-82.64292331695479,0.786328370727616,,1907.6,-76.9377418948223,0.7928537449125219,,1891.9,1909.8,65.41157097449393,63.83329467224556,62.25501836999719,-12.311593477664214,False,True
2020-10-29,3,28.720368640930932,0.7989347536617845,,-58.060727197036314,0.7966857871255578,,1882.8,-21.925728722799644,0.8012820512820514,,1872.0,1877.5,50.646097363730576,49.04588055878674,47.4456637538429,27.92143388726915,False,True
2020-10-30,4,12.84040623697001,0.8030408480111355,,50.13611227314073,0.8020532563362208,,1870.2,-5.321130333610137,0.7979572294924994,,1879.8,1867.9,18.161536570580147,16.56053849307651,14.959540415572878,12.037365388958873,False,True
2020-11-02,0,43.061122863577474,0.7991475759190197,,20.66718628642981,0.795713755238449,,1885.1,39.62493627444043,0.7940709370037058,,1889.0,1877.0,3.4361865891370442,1.8429680762143188,0.24974956329159337,42.26197528765845,False,True
2020-11-03,1,-27.45803816184267,0.7909723686985869,,50.10955443987708,0.7931891491724395,,1891.1,51.95362109739891,0.789224455435126,,1900.6,1896.4,-79.41165925924157,-80.9918560833753,-82.572052907509,-28.249010530541256,False,True
2020-11-04,2,-97.8440209798845,0.7852169816259228,,94.70265969750706,0.7929375693820374,,1891.7,-36.19676083241968,0.7854636853956121,,1909.7,1910.3,-61.64726014746483,-63.21794081448636,-64.7886214815079,-98.62923796151043,False,True
2020-11-05,3,43.51137896729535,0.7880634653777452,,89.56993695221978,0.7846419417272585,,1911.7,114.95268208891756,0.7776856076316883,,1928.8,1903.4,-71.44130312162221,-73.00705219463164,-74.57280126764108,42.723315501917604,False,True
2020-11-06,4,-7.69526779028541,0.7692307692307694,,8.207654097777716,0.7697834342604949,,1948.6,6.663762196509233,0.769151881858271,,1950.2,1950.0,-14.359029986794642,-15.897412637883683,-17.435795288972724,-8.46449855951618,False,True
2020-11-09,0,9.708986684647156,0.766871165644172,,-243.50467747420592,0.766126972776955,,1957.9,-256.0504589844779,0.7850936878467499,,1910.6,1956.0,265.75944566912506,264.20748081563414,262.6555159621432,8.942115519002984,False,True
2020-11-10,1,106.7189040875512,0.8046778606297946,,-29.235901222848074,0.7961783439490446,,1884.0,-12.785000676073565,0.7985519591141398,,1878.4,1864.1,119.50390476362476,117.90067494388083,116.29744512413689,105.9142262269214,False,True
2020-11-11,2,-11.199702511977467,0.7995309418474497,,-25.646519720963177,0.80042689434365,,1874.0,-28.931174747160185,0.8024823453884016,,1869.2,1876.1,17.731472235182718,16.129458947946866,14.527445660711015,-11.999233453824917,False,True
2020-11-12,3,12.867944513258395,0.8047642040882022,,11.781087364548052,0.803729303970423,,1866.3,38.99265149299529,0.8027829810008028,,1868.5,1863.9,-26.1247069797369,-27.732254164825903,-29.339801349914907,12.063180309170193,False,True
2020-11-13,4,8.526967048315267,0.7997440818937941,,41.995649526039706,0.799062433411464,,1877.2,17.49225221405199,0.7957981855801369,,1884.9,1875.6,-8.965285165736724,-10.560827433210655,-12.156369700684586,7.727222966421473,False,True
2020-11-16,0,18.00561837935312,0.7950810982720239,,-84.48284886054165,0.7936507936507938,,1890.0,73.3655603336368,0.8003841844085162,,1874.1,1886.6,-55.35994195428367,-56.955407236964206,-58.55087251964475,17.210537281081095,False,True
2020-11-17,1,-13.779216764949485,0.7944073721004131,,-1.5911320938390057,0.7955027577428937,,1885.6,-32.40805067834315,0.7956293428101631,,1885.3,1888.2,18.628833913393667,17.038797198483092,15.448760483572514,-14.573624137049897,False,True
2020-11-18,2,7.446016725262733,0.7980845969672786,,-63.46518728898297,0.7974481658692186,,1881.0,9.625154478184818,0.8024823453884016,,1869.2,1879.5,-2.1791377529220854,-3.7797046952777658,-5.380271637633446,6.647932128295454,False,True
2020-11-19,3,-51.413995004186525,0.8012820512820514,,-3.7594994937827666,0.8054556193953715,,1862.3,15.02871841024101,0.8057152065316646,,1861.7,1872.0,-66.44271341442753,-68.04971067224125,-69.65670793005496,-52.215277055468576,False,True
2020-11-20,4,-2.6816122013152692,0.8043758043758045,,5.898597913474084,0.8045915356970447,,1864.3,22.489969318849834,0.8041170794467676,,1865.4,1864.8,-25.171581520165102,-26.780074403987676,-28.388567287810247,-3.4859880056910737,False,True
2020-11-23,0,18.167250521713953,0.8022248368809499,,-33.153337676641385,0.800768737988469,,1873.2,-171.7939716661638,0.8034279592929835,,1867.0,1869.8,189.96122218787775,188.35556939170382,186.7499165955299,17.365025684833004,False,True
2020-11-24,1,-60.650952252306766,0.8171269815329304,,-91.93821813070204,0.8220078912757565,,1824.8,-14.389287999402335,0.8295542528481364,,1808.2,1835.7,-46.26166425290443,-47.908345487285494,-49.555026721666565,-61.468079233839696,False,True
2020-11-25,2,13.839300279625526,0.8309328606248616,,23.208276980627936,0.8298296083204251,,1807.6,-30.958065523474612,0.8279516476237789,,1811.7,1805.2,44.797365803100135,43.138481294851495,41.479596786602855,13.008367419000665,False,True
2020-11-26,3,42.54267583849647,0.8305187974087815,,-17.10298063863449,0.8268562923763851,,1814.1,,,missing bar,,1806.1,,,,41.71215704108769,False,False
2020-11-27,4,-1.6588791544579358,0.829370784031848,,-24.36054797881116,0.8294625082946252,,1808.4,,,missing bar,,1808.6,,,,-2.488249938489784,False,False
2020-11-30,0,,,roll,-73.1161862468837,0.8405715886803028,,1784.5,47.30537627180706,0.8467400508044033,,1771.5,,,,,,False,False
2020-12-01,1,76.6587420792449,0.8425546256248948,,98.18411977013739,0.8361670104242155,,1793.9,41.312130143063676,0.8279516476237789,,1811.7,1780.3,35.346611936181226,33.67610566293256,32.00559938968388,75.81618745362,False,True
2020-12-02,2,-1.6493031731494876,0.8245835852894291,,25.809300178302827,0.8247649419915325,,1818.7,60.69406498535919,0.8226841441342622,,1823.3,1819.1,-62.34336815850868,-63.99063588793238,-65.63790361735606,-2.473886758438917,False,True
2020-12-03,3,64.67941128686964,0.8179290037624735,,-5.419173166817869,0.812655759020479,,1845.8,0.0,0.813096270598439,,1844.8,1833.9,64.67941128686964,63.04838601250873,61.41736073814781,63.861482283107165,False,True
2020-12-04,4,-6.507239533345324,0.813140348024069,,8.675378736375102,0.8136696501220505,,1843.5,-16.273396593753713,0.8130081300813009,,1845.0,1844.7,9.76615706040839,8.14000858230302,6.513860104197649,-7.3203798813693925,False,True
2020-12-07,0,1.6293279058462402,0.8147303242626692,,-24.467837017269954,0.8145975887911373,,1841.4,159.86514581972992,0.8166376306620211,,1836.8,1841.1,-158.23581791388366,-159.86718586880838,-161.49855382373303,0.814597581583571,False,True
2020-12-08,1,17.13337678859969,0.8038154439740638,,1.0698619888246872,0.8024394158241054,,1869.3,28.8430923173665,0.8023535704733887,,1869.5,1866.1,-11.70971552876681,-13.315884543214263,-14.922053557661716,16.329561344625628,False,True
2020-12-09,2,-62.04555633969756,0.7998293697344567,,-15.572563222194018,0.8048505660782315,,1863.7,-96.12343155604229,0.806148223786747,,1860.7,1875.4,34.07787521634473,32.471897622823526,30.865920029302323,-62.845385709432016,False,True
2020-12-10,3,-10.314596066622707,0.8138903960933263,,-6.519967631131746,0.8147303242626692,,1841.1,2.1740312059090683,0.8153503288579661,,1839.7,1843.0,-12.488627272531776,-14.117867997483067,-15.74710872243436,-11.128486462716033,False,True
2020-12-11,4,-14.140427656651262,0.8152173913043479,,3.264773127267915,0.816326530612245,,1837.5,29.33509274480645,0.8160600620205649,,1838.1,1840.0,-43.475520401457715,-45.10679785478263,-46.73807530810754,-14.95564504795561,False,True
2020-12-14,0,-46.17691214905552,0.8130081300813009,,-52.40758801415049,0.8167265599477296,,1836.6,16.40689457460018,0.8210180623973728,,1827.0,1845.0,-62.5838067236557,-64.21783291613437,-65.85185910861304,-46.98992027913682,False,True
2020-12-15,1,85.40318995760211,0.8194482381862881,,1.6247393683003462,0.8124356821751613,,1846.3,58.853872533867424,0.8123036932741255,,1846.6,1830.5,26.549317423734685,24.91756549227427,23.285813560813857,84.58374171941583,False,True
2020-12-16,2,0.5382855606199364,0.8074500726705066,,18.822775731349743,0.8074500726705066,,1857.7,40.75072663414427,0.805931656995487,,1861.2,1857.7,-40.21244107352433,-41.82582280319033,-43.439204532856316,-0.26916451205057024,False,True
2020-12-17,3,58.1691743460204,0.802825947334618,,44.59789712132916,0.7981695312084288,,1879.3,15.349197180837407,0.794533608771651,,1887.9,1868.4,42.81997716518299,41.22261760907672,39.62525805297045,57.36634839868578,False,True
2020-12-18,4,-31.24423332358649,0.7931052715063714,,29.129062251242456,0.7955871433117642,,1885.4,-21.706337770675887,0.7932730445819451,,1890.9,1891.3,-9.537895552910602,-11.124273868998918,-12.710652185087234,-32.03733859509286,False,True
2020-12-21,0,32.70045108025345,0.7924348882666808,,-76.64087832821498,0.7898062342038754,,1899.2,-13.272811271352875,0.7958404074702888,,1884.8,1892.9,45.97326235160632,44.38498705586935,42.79671176013238,31.90801619198677,False,True
2020-12-22,1,-51.646681901392824,0.7966011683483804,,21.328791278611945,0.8006832497064161,,1873.4,-66.80765608769099,0.7990198689607416,,1877.3,1883.0,15.160974186298162,13.565353148989042,11.969732111679917,-52.443283069741206,False,True
2020-12-23,2,26.765178442773923,0.804030874785592,,-29.98181922534629,0.801881749171389,,1870.6,65.73521252400563,0.8042895442359251,,1865.0,1865.6,-38.97003408123171,-40.578354500253226,-42.18667491927474,25.96114756798833,False,True
2020-12-24,3,16.499458196589867,0.7990198689607416,,-9.577525474052306,0.7977450406849972,,1880.3,,,missing bar,,1877.3,,,,15.700438327629126,False,False
2020-12-25,4,,,missing bar,,,missing bar,,,,missing bar,,,,,,,False,False
2020-12-28,0,10.06382669223886,0.7949125596184421,,-48.29004581593806,0.7940709370037058,,1889.0,-13.840832659384526,0.7979572294924994,,1879.8,1887.0,23.904659351623387,22.311789562512445,20.718919773401502,9.268914132620418,False,True
2020-12-29,1,26.057607341746614,0.7987220447284347,,-3.7183607769533302,0.7966434754899359,,1882.9,1.0624734391636195,0.7968974127397335,,1882.3,1878.0,24.995133902582996,23.399514445114825,21.80389498764666,25.25888529701818,False,True
2020-12-30,2,3.7191510138349315,0.7971091508130514,,6.903327146680478,0.7968127490039842,,1882.5,78.25759058981306,0.7962628729164456,,1883.8,1881.8,-74.53843957597813,-76.13181159970763,-77.72518362343712,2.92204186302188,False,True
2020-12-31,3,-12.11897822009125,0.7898894154818326,,5.79755991678313,0.7908055672711937,,1896.8,20.003165063260045,0.7903888713246919,,1897.8,1899.0,-32.12214328335129,-33.70242157015782,-35.28269985696434,-12.908867635573083,False,True
2021-01-01,4,,,missing bar,,,missing bar,,,,missing bar,,,,,,,True,False
2021-01-04,0,107.37658549215749,0.7860811235719527,,35.70785484793697,0.7776452900616933,,1928.9,56.14953580244363,0.7748734373385682,,1935.8,1908.2,51.22704968971386,49.666095128803335,48.10514056789282,106.59050436858554,False,True
2021-01-05,1,-13.88424875292658,0.7708119218910587,,46.71586308502421,0.7718431614695895,,1943.4,5.631928060187075,0.768206493905562,,1952.6,1946.0,-19.516176813113653,-21.055195228910275,-22.594213644706894,-14.655060674817637,False,True
2021-01-06,2,-7.68422977797269,0.7681278164686606,,-78.72233291806755,0.7687576875768759,,1951.2,-81.42987346380377,0.7748334108166745,,1935.9,1952.8,73.74564368583108,72.20268245854575,70.65972123126042,-8.45235759444135,False,True
2021-01-07,3,1.5611583826878925,0.7806401249024201,,-16.66493459320284,0.7805182641273808,,1921.8,-20.868121095548542,0.7817385866166355,,1918.8,1921.5,22.429279478236435,20.86690076671738,19.304522055198323,0.7805182577854725,False,True
2021-01-08,4,-49.201878896209244,0.7832080200501254,,-86.43005055058117,0.7871123471690193,,1905.7,-210.218754646186,0.7939868727503707,,1889.2,1915.2,161.01687574997675,159.43968085717626,157.86248596437576,-49.98508691625937,False,True
2021-01-11,0,-18.401260807408512,0.8110738617930141,,-21.691982475453266,0.8125677139761648,,1846.0,9.767215492417737,0.8143322475570034,,1842.0,1849.4,-28.16847629982625,-29.793882409176266,-31.419288518526283,-19.212334669201525,False,True
2021-01-12,1,74.50231513136553,0.8128319063617644,,3.226847398120521,0.806842020332419,,1859.1,-25.845372991239135,0.8066250806625083,,1859.6,1845.4,100.34768812260467,98.72823113558039,97.10877414855612,73.68948322500377,False,True
2021-01-13,2,12.391241517605659,0.8086253369272238,,-15.08702263650657,0.807623970279438,,1857.3,-53.52376738591842,0.808799741184083,,1854.6,1855.0,65.91500890352408,64.29758382541277,62.68015874730147,11.582616180678436,False,True
2021-01-14,3,-21.153697579834798,0.8127438231469443,,-7.061571764693511,0.8145091225021722,,1841.6,33.09375053436448,0.8151287903488752,,1840.2,1845.6,-54.24744811419928,-55.8753207276951,-57.50319334119092,-21.966441402981744,False,True
2021-01-15,4,25.410226415330698,0.8119958858875116,,-24.8689104761499,0.8099352051835854,,1852.0,-107.20899398113272,0.8119519324455993,,1847.4,1847.3,132.61922039646342,130.9952725781303,129.3713247597972,24.598230529443185,False,True
2021-01-18,0,27.8483266224323,0.820209973753281,,2.7259097892668605,0.8178844056706653,,1834.0,,,missing bar,,1828.8,,,,27.028116648679017,False,False
2021-01-19,1,-5.442769415373377,0.8161932745674176,,-0.5444399075795211,0.8166376306620211,,1836.8,13.601373115046565,0.8166376306620211,,1836.8,1837.8,-19.04414253041994,-20.67697343564938,-22.309804340878816,-6.258962689940795,False,True
2021-01-20,2,82.81284641274225,0.8152616990053807,,-71.95637939975114,0.8086253369272238,,1855.0,162.6402375027076,0.8144206754262137,,1841.8,1839.9,-79.82739108996536,-81.45707346439696,-83.08675583882855,81.99758471373687,False,True
2021-01-21,3,-22.473121984290994,0.8017103153393907,,0.5356903710926564,0.8035570793378691,,1866.7,16.592184072540295,0.8035140347118065,,1866.8,1871.0,-39.06530605683129,-40.670530406882484,-42.27575475693369,-23.274832299630386,False,True
2021-01-22,4,-50.92889020216048,0.8020961445911985,,-98.29946827982671,0.8061915511125446,,1860.6,71.3941049718909,0.8141996417521579,,1842.3,1870.1,-122.32299517405139,-123.93929096039474,-125.5555867467381,-51.73098634675168,False,True
2021-01-25,0,-12.404607474721898,0.8084945830862934,,51.6769196534558,0.8095417993415728,,1852.9,-40.886650460218696,0.8053258885428972,,1862.6,1855.3,28.482042985496797,26.868222513867607,25.254402042238414,-13.213102057808191,False,True
2021-01-26,1,-26.992026752893015,0.8086689309396733,,24.294788572750765,0.8108108108108109,,1850.0,-26.9993144194905,0.8088869715271787,,1854.4,1854.9,0.007287666597484588,-1.6102682358693674,-3.2278241383362194,-27.80069568383269,False,True
2021-01-27,2,-0.5406428244504937,0.8109423149699952,,-59.10919842854483,0.8110300081103002,,1849.5,19.016060713903222,0.8157494017837721,,1838.8,1849.7,-19.556703538353716,-21.183395255107484,-22.81008697186125,-1.351585139420489,False,True
2021-01-28,3,-53.84984048183253,0.8137137897363568,,25.053114786910058,0.8179736067182901,,1833.8,16.84554127470747,0.8157937673356177,,1838.7,1843.4,-70.69538175654,-72.32488931361198,-73.95439687068395,-54.663554271568884,False,True
2021-01-29,4,16.815387325845457,0.8143322475570034,,107.27576530079334,0.8129640669882393,,1845.1,-106.69354363399006,0.8039877793857535,,1865.7,1842.0,123.50893095983551,121.89061093289276,120.27229090595,16.001055078288452,False,True
2021-02-01,0,-5.363368323794005,0.8042895442359251,,3.754861248352707,0.8047642040882022,,1863.9,-4.827678784926462,0.8044189413846733,,1864.7,1865.0,-0.5356895388675431,-2.1443980244881415,-3.75310651010874,-6.167657868029931,False,True
2021-02-02,1,-70.54228116430966,0.8048937540244688,,-30.85002311416113,0.810591731964334,,1850.5,-33.12430060291804,0.8131844302287761,,1844.6,1863.6,-37.417980561391616,-39.03605874564486,-40.65413692989811,-71.34717491833412,False,True
2021-02-03,2,-1.0879025250072019,0.81588251291814,,-0.5440252429065273,0.816015667500816,,1838.2,-18.513482009922196,0.816015667500816,,1838.2,1838.5,17.425579484914994,15.793681304496038,14.161783124077083,-1.9037850379253418,False,True
2021-02-04,3,-46.98948652649438,0.8176614881439085,,-44.46281511927275,0.8215576733486692,,1825.8,-130.68462193714367,0.8252186829509821,,1817.7,1834.5,83.6951354106493,82.05225523955441,80.40937506845952,-47.80714801463829,False,True
2021-02-05,4,25.60393250019476,0.8359806052499583,,18.882600301188475,0.8338429039968871,,1798.9,71.87513664694961,0.8323160581511487,,1802.2,1794.3,-46.271204146754854,-47.93950081015596,-49.60779747355707,24.7679518949448,False,True
2021-02-08,0,-17.06532026275961,0.8250371266707003,,59.875484437362424,0.8264462809917356,,1815.0,33.352500913882515,0.8215126786790077,,1825.9,1818.1,-50.41782117664212,-52.06437098199183,-53.710920787341536,-17.89035738943031,False,True
2021-02-09,1,62.02076351906946,0.8185985592665357,,-1.627295167811968,0.8135813852579055,,1843.7,-24.985076274909638,0.8137137897363568,,1843.4,1832.4,87.0058397939791,85.37352744497622,83.74121509597332,61.20216495980293,False,True
2021-02-10,2,43.42404912871421,0.8159712778110212,,-39.0752695173005,0.8124796880077999,,1846.2,28.78012358233389,0.8157050410571538,,1838.9,1838.3,14.64392554638032,13.012249227512145,11.38057290864397,42.608077850903186,False,True
2021-02-11,3,-3.796198424070875,0.8133167055251316,,0.5423728814891747,0.8135813852579055,,1843.7,-99.74193603307866,0.81349313954119,,1843.9,1844.3,95.94573760900778,94.31892776394146,92.69211791887514,-4.609515129596007,True,True
2021-02-12,4,-43.92232821530269,0.821737701325737,,4.401166380115628,0.8254003191547903,,1817.3,37.33396232754184,0.8250825082508252,,1818.0,1825.4,-81.25629054284454,-82.9031107524211,-84.54993096199766,-44.74406591662843,True,True
2021-02-15,0,-51.061137102144286,0.8214676889375686,,28.033548660100745,0.8256729234325977,,1816.7,,,missing bar,,1826.0,,,,-51.88260479108185,True,False
2021-02-16,1,3.8460482328999697,0.8243116997307249,,-74.43997871404045,0.8240399934076802,,1820.3,-72.21451224913119,0.8302429844467815,,1806.7,1819.7,76.06056048203116,74.40600579785365,72.75145111367615,3.0217365331692445,True,True
2021-02-17,2,-23.450597011481282,0.836540070269366,,15.081695359749313,0.8385041086701326,,1788.9,-91.96498394250528,0.8372871895060007,,1791.5,1793.1,68.514386931024,66.84055967124864,65.16673241147328,-24.287137081750647,True,True
2021-02-18,3,26.990569691649835,0.8445945945945947,,12.90721018720469,0.8423180592991916,,1780.8,-47.783771387635376,0.8412315630082442,,1783.1,1776.0,74.77434107928521,73.08851492168236,71.40268876407953,26.145975097055242,False,True
2021-02-19,4,-12.969073401433587,0.84526090386566,,1.1284134518862798,0.8463578400947922,,1772.3,59.06027235703444,0.8462146000225659,,1772.6,1774.6,-72.02934575846803,-73.72082126235625,-75.41229676624448,-13.814334305299246,False,True
2021-02-22,0,62.0963646756348,0.8417508417508419,,-0.5576778296633352,0.8364934195850994,,1793.2,88.27750745931019,0.8364934195850994,,1793.2,1782.0,-26.181142783675384,-27.859387045011324,-29.537631306347265,61.25461383388396,False,True
2021-02-23,1,-9.400315879261662,0.8290499088045102,,9.399796108326099,0.8297837030480723,,1807.7,-21.02468407538357,0.8290499088045102,,1809.3,1809.3,11.624368196121907,9.966268378512886,8.308168560903866,-10.229365788066172,False,True
2021-02-24,2,-2.216312065810099,0.8310249307479225,,4.986011571122405,0.8312091322176661,,1804.6,-8.311400949434864,0.8307947936859598,,1805.5,1805.0,6.095088883624765,4.433269159190883,2.7714494347570007,-3.0473369965580215,False,True
2021-02-25,3,-65.59223071884614,0.8310709734611337,,-39.11493587880278,0.836540070269366,,1793.1,-96.7549878027066,0.8397245703409284,,1786.3,1804.9,31.162757083860456,29.491961540058394,27.821165996256333,-66.42330169230728,False,True
2021-02-26,4,-75.95547229933456,0.8470269354565476,,-2.8453549772274607,0.8534850640113799,,1757.5,-136.96881655402458,0.8537765382207297,,1756.9,1770.9,61.013344254690026,59.31254078101275,57.611737307335474,-76.80249923479111,False,True
2021-03-01,0,107.91058680517189,0.865650969529086,,-83.12599819365586,0.8563598995204386,,1751.6,-80.92061958823822,0.8635081457601752,,1737.1,1732.8,188.83120639341013,187.10204727812086,185.3728881628316,107.0449358356428,False,True
2021-03-02,1,-38.96599771698094,0.8706756442999769,,92.23605722125458,0.8741768168308177,,1715.9,29.405850462662347,0.866150825730454,,1731.8,1722.8,-68.37184817964328,-70.10867464967372,-71.84550111970414,-39.836673361280916,False,True
2021-03-03,2,-28.835083416521016,0.8638065073423555,,-42.24910066651986,0.8663008951775918,,1731.5,-86.21245219583122,0.8700191404210894,,1724.1,1736.5,57.3773687793102,55.64354313154676,53.90971748378331,-29.698889923863373,False,True
2021-03-04,3,46.13550975281308,0.878014516506673,,6.408202718493312,0.8741258741258743,,1716.0,-129.54839873466705,0.8736167734420502,,1717.0,1708.4,175.68390848748012,173.9322771975314,172.1806459075827,45.257495236306404,False,True
2021-03-05,4,-7.0808995700662525,0.8847991505928156,,12.387555042265795,0.8853736276708772,,1694.2,10.605079648274002,0.8842254185333648,,1696.4,1695.3,-17.685979218340254,-19.455003787466435,-21.224028356592616,-7.965698720659068,False,True
2021-03-08,0,-30.606262855916704,0.8815232722143865,,-53.793763156706156,0.8843296781039973,,1696.2,-42.77064854441541,0.8891523414344992,,1687.0,1701.6,12.164385688498704,10.39371007484982,8.623034461200934,-31.48778612813109,False,True
2021-03-09,1,93.05700913588483,0.8932293217412018,,33.573879276832486,0.8850079650716857,,1694.9,78.48230514643613,0.8819897689186807,,1700.7,1679.3,14.574703989448693,12.79948489878881,11.024265808128927,92.16377981414362,False,True
2021-03-10,2,-9.336523990357048,0.8748906386701663,,-14.605792331584766,0.8757078638566175,,1712.9,86.16727743605263,0.8770903987837682,,1710.2,1714.5,-95.50380142640968,-97.25578246386361,-99.00776350131756,-10.211414629027214,False,True
2021-03-11,3,57.22724366822215,0.8695652173913045,,-4.03609426876083,0.8647028304605985,,1734.7,-75.25361128947709,0.865051903114187,,1734.0,1725.0,132.48085495769925,130.74623783719375,129.01162071668827,56.357678450830846,False,True
2021-03-12,4,-72.3330459352006,0.8718395815170009,,-21.099527227581625,0.8782201405152226,,1708.0,125.94918680351552,0.8801783828189181,,1704.2,1720.5,-198.28223273871612,-200.03425070305204,-201.78626866738796,-73.2048855167176,False,True
2021-03-15,0,-27.259826061928116,0.8688097306689836,,36.52283836091726,0.8711813218724592,,1721.8,10.410040845256049,0.8679550977896078,,1728.2,1726.5,-37.669866907184165,-39.40663173564276,-41.14339656410135,-28.1286357925971,False,True
2021-03-16,1,-7.514234046235372,0.8667013347200555,,5.2027633627279535,0.8673528391349601,,1729.4,-1.155935731260524,0.8669016933479744,,1730.3,1730.7,-6.3582983149748475,-8.091901343042878,-9.825504371110908,-8.380935380955428,False,True
2021-03-17,2,32.893817350112776,0.8670520231213874,,-47.93402380650737,0.8642046436596187,,1735.7,95.63937622739782,0.868357068426537,,1727.4,1730.0,-62.74555887728504,-64.48096796883297,-66.21637706038089,32.02676532699139,False,True
2021-03-18,3,30.91546516829613,0.8600917431192663,,-116.71830075010969,0.8574368354864526,,1749.4,31.757973396116988,0.8675033254294143,,1729.1,1744.0,-0.8425082278208578,-2.5701032963695383,-4.297698364918219,30.055373425176864,False,True
2021-03-19,4,33.39862600154638,0.8652015919709293,,-0.574894363318222,0.8623167576889913,,1739.5,25.262687834179566,0.8623167576889913,,1739.5,1733.7,8.135938167366817,6.408419817706896,4.680901468046976,32.53342440957545,False,True
2021-03-22,0,-90.34732725874527,0.8593033913840515,,34.049953544244964,0.8671522719389526,,1729.8,16.118822210801433,0.8642046436596187,,1735.7,1745.6,-106.4661494695467,-108.18965750459037,-109.91316553963405,-91.20663065012931,False,True
2021-03-23,1,-6.904885480623279,0.8628127696289907,,5.7544022764085305,0.8634087376964257,,1737.3,-71.01441466002223,0.8629616845012082,,1738.2,1738.5,64.10952917939895,62.38375472526875,60.65798027113855,-7.76769825025227,False,True
2021-03-24,2,21.415143475862997,0.8691117677733357,,-2.891426939329413,0.8673026886383349,,1729.5,25.99429589514286,0.8676036786395975,,1728.9,1725.9,-4.579152419279861,-6.315867865692795,-8.052583312105728,20.54603170808966,False,True
2021-03-25,3,-2.88525348953263,0.8654511885529657,,-32.37184166927559,0.8657009291856641,,1732.7,-9.268915042001865,0.8685581933989578,,1727.0,1733.2,6.383661552469235,4.649652170517312,2.915642788565388,-3.7507046780855955,False,True
2021-03-26,4,5.793742919889742,0.8693132425383947,,-19.13321354816543,0.8688600556070437,,1726.4,49.20842418771561,0.8705240554814,,1723.1,1725.5,-43.41468126782586,-45.154518565845656,-46.89435586386545,4.924429677351347,False,True
2021-03-29,0,-47.47027554945349,0.8663008951775918,,6.960960893642111,0.870423025590437,,1723.3,-84.43782880190112,0.8698173383589447,,1724.5,1731.5,36.96755325244763,35.23143501891109,33.495316785374555,-48.336576444631085,False,True
2021-03-30,1,-57.441105127150365,0.8766803039158387,,-86.79533719722771,0.8818342151675487,,1701.0,-16.02707136764833,0.8896797153024913,,1686.0,1711.0,-41.41403375950203,-43.180393778720365,-44.94675379793869,-58.317785431066206,False,True
2021-03-31,2,,,roll,-8.899172964279657,0.8895214374666431,,1686.3,140.2745933780712,0.8903133903133905,,1684.8,,,,,,False,False
2021-04-01,3,42.62406827001883,0.8777062609713283,,5.824790472235918,0.8739730816290859,,1716.3,74.83284624218142,0.8734132991731689,,1717.4,1709.0,-32.208777972162586,-33.95989753230708,-35.711017092451584,41.7463620090475,False,True
2021-04-02,4,,,missing bar,,,missing bar,,,,missing bar,,,,,,,False,False
2021-04-05,0,-21.989477062673732,0.8670520231213874,,-2.8969553202397518,0.8689607229753217,,1726.2,20.261085399435743,0.8692124934809065,,1725.7,1730.0,-42.25056246210947,-43.98682697871177,-45.72309149531406,-22.85652908579512,True,True
2021-04-06,1,7.515102819221484,0.8674531575294935,,39.217998244547495,0.8668015024559378,,1730.5,40.78473068757699,0.8634087376964257,,1737.3,1729.2,-33.26962786835551,-35.00048976358143,-36.73135165880734,6.6476496616919905,False,True
2021-04-07,2,-13.767785561632998,0.8598945196055952,,-41.41745451236943,0.8610792192881747,,1742.0,20.152590669564482,0.8645533141210376,,1735.0,1744.4,-33.92037623119748,-35.644824064924116,-37.369271898650744,-14.627680081238593,False,True
2021-04-08,3,31.011338239609987,0.8627631427585416,,37.77477019305808,0.8601410631343541,,1743.9,34.21731311161317,0.8568980291345331,,1750.5,1738.6,-3.2059748720031855,-4.925636043896261,-6.645297215789335,30.148575096851445,False,True
2021-04-09,4,-41.64652167116126,0.8539709649871906,,-24.041225088331036,0.8575839002915787,,1749.1,-4.012726127965405,0.8596973865199451,,1744.8,1756.5,-37.63379554319585,-39.34746389470299,-41.06113224621012,-42.50049263614845,False,True
2021-04-12,0,-20.657607621564395,0.8598452278589855,,10.33413801924302,0.861623298293986,,1740.9,-58.12464210556651,0.860733344809778,,1742.7,1744.5,37.46703448400211,35.74645591133335,34.025877338664586,-21.517452849423382,False,True
2021-04-13,1,-48.031109960114364,0.8659508139937653,,31.851771535850826,0.8700696055684456,,1724.0,96.67470850377465,0.8673528391349601,,1729.4,1732.2,-144.70581846388902,-146.43912211701775,-148.17242577014648,-48.89706077410813,False,True
2021-04-14,2,6.29668872231196,0.8589097572148421,,-13.17108279168849,0.8584182213574454,,1747.4,-49.402674006967594,0.85954959601169,,1745.1,1746.4,55.69936272927956,53.98090337605303,52.26244402282649,5.4377789650971184,False,True
2021-04-15,3,52.26442704189151,0.8637567660946679,,-4.010656942064058,0.8592541673827119,,1745.7,110.56133594257227,0.8595988538681949,,1745.0,1736.6,-58.29690890068076,-60.02026452064362,-61.74362014060649,51.40067027579684,False,True
2021-04-16,4,-10.771892075402427,0.8499546690843156,,93.16048518969357,0.8508707243746101,,1762.9,-11.80870044720961,0.8429807800382153,,1779.4,1764.8,1.036808371807183,-0.6561270773153479,-2.349062526437879,-11.621846744486742,False,True
2021-04-19,0,8.990785051579785,0.8432651225545313,,10.666667678024464,0.8425546256248948,,1780.3,-63.0348777859251,0.8415619389587073,,1782.4,1778.8,72.02566283750488,70.34083577599165,68.6560087144784,8.147519929025254,False,True
2021-04-20,1,-2.8244598408360426,0.8472182999152783,,19.754486458017933,0.8474576271186443,,1770.0,32.65217110356659,0.8458328634261871,,1773.4,1770.5,-35.47663094440263,-37.169682107744094,-38.86273327108556,-3.671678140751321,False,True
2021-04-21,2,50.45985140427463,0.8431229273228038,,-28.00024229558636,0.8388323453752377,,1788.2,62.054706469619596,0.8411843876177659,,1783.2,1779.1,-11.594855065344966,-13.279162380285536,-14.963469695226106,49.61672847695183,False,True
2021-04-22,3,-13.383150383190001,0.8358874338255782,,-34.09634112898576,0.8370068634562805,,1792.1,-11.204482964897178,0.83986562150056,,1786.0,1794.5,-2.1786674182928234,-3.8544204736189616,-5.5301735289451,-14.219037817015579,False,True
2021-04-23,4,4.483299783680049,0.8408071748878926,,37.466840976828074,0.8403832147459243,,1784.9,-83.51364291284627,0.8372404554588079,,1791.6,1784.0,87.99694269652632,86.3188950661796,84.64084743583291,3.642492608792157,False,True
2021-04-26,0,-1.1261261273150847,0.8445470412701989,,2.8152360761375363,0.8446897173105081,,1775.8,26.986017388993243,0.8444519506840062,,1776.3,1776.1,-28.11214351630833,-29.801142508262537,-31.49014150021674,-1.9706731685852836,False,True
2021-04-27,1,-4.492615339224752,0.8421761832575376,,11.227125912655783,0.8425073017299484,,1780.4,-35.96924015169912,0.841514726507714,,1782.5,1781.1,31.476624812474366,29.792933902709112,28.109242992943862,-5.3347915224822895,False,True
2021-04-28,2,-47.39880220358535,0.8444044134204008,,-11.884887785101235,0.8484162895927603,,1768.0,88.51361524079164,0.8494252222662666,,1765.9,1776.4,-135.91241744437698,-137.60624708006364,-139.30007671575032,-48.24320661700575,False,True
2021-04-29,3,-20.78594046330483,0.8417980807003761,,-15.195433038960608,0.843549656956473,,1778.2,-19.73221218116304,0.8448324415657562,,1775.5,1781.9,-1.0537282821417904,-2.7403588044079226,-4.426989326674055,-21.627738544005204,False,True
2021-04-30,4,-5.0791501980775715,0.8463100880162493,,-7.341107707500684,0.8467400508044033,,1771.5,-7.911839915400526,0.8473618800135578,,1770.2,1772.4,2.832689717322954,1.139017749293147,-0.5546542187366601,-5.925460286093821,False,True
2021-05-03,0,65.39287071896352,0.8483683049601268,,6.740815893937138,0.8428860418071478,,1779.6,68.83263977037875,0.8423180592991916,,1780.8,1768.1,-3.439769051415226,-5.130455415674545,-6.821141779933862,64.54450241400339,True,True
2021-05-04,1,-39.672613708466066,0.8364934195850994,,-18.49309838037137,0.8398185991825767,,1786.1,-23.58624106861041,0.8413731209333634,,1782.8,1793.2,-16.086372639855657,-17.76423918037412,-19.442105720892584,-40.50910712805116,True,True
2021-05-05,2,-16.883340157678443,0.843454790823212,,13.509712158879355,0.8449276178674029,,1775.3,50.50232382373153,0.8438343834383439,,1777.6,1778.4,-67.38566398140998,-69.07295315567154,-70.76024232993309,-17.726794948501656,True,True
2021-05-06,3,36.307818129091565,0.8393956351426973,,0.0,0.8363068688670832,,1793.6,120.80386299421971,0.8362602441879914,,1793.7,1787.0,-84.49604486512814,-86.17170074445883,-87.84735662378952,35.468422493948864,False,True
2021-05-07,4,14.861706327001015,0.8262641842018289,,12.641879277302806,0.8249917500824993,,1818.2,62.97077618587399,0.8239494644328482,,1820.5,1815.4,-48.10906985887297,-49.75928350750765,-51.40949715614232,14.035442142799186,False,True
2021-05-10,0,-0.5448552048648465,0.8172605426610005,,33.719507665881444,0.8171714970581827,,1835.6,-27.730219221385795,0.8144648965629582,,1841.7,1835.4,27.18536401652095,25.553638577296994,23.921913138073034,-1.362115747525847,False,True
2021-05-11,1,-11.988448931894798,0.816904476636532,,32.11848483637691,0.8178844056706653,,1834.0,-7.61241948565535,0.8153060115229918,,1839.8,1836.2,-4.376029446239448,-6.008239934398972,-7.640450422558495,-12.80535340853133,False,True
2021-05-12,2,-17.968478331011376,0.816015667500816,,-5.451373881184822,0.8174832415935475,,1834.9,-99.18161250658854,0.8178844056706653,,1834.0,1838.2,81.21313417557715,79.57923410240566,77.94533402923419,-18.784493998512193,False,True
2021-05-13,3,28.041255487701306,0.8259002312520648,,-34.10156761675945,0.8236327696024601,,1821.2,64.25239710911939,0.8264007492700128,,1815.1,1816.2,-36.21114162141808,-37.86344260194016,-39.515743582462235,27.215355256449243,False,True
2021-05-14,4,46.97665273084844,0.8212877792378449,,0.0,0.8174386920980928,,1835.0,48.92643627868453,0.8174386920980928,,1835.0,1826.4,-1.949783547836084,-3.5885100191720216,-5.227236490507959,46.1553649516106,False,True
2021-05-17,0,40.54826738036731,0.8126117341134406,,-32.4236976843012,0.809279741030483,,1853.5,108.20810274425119,0.8119079837618404,,1847.5,1845.9,-67.65983536388389,-69.28435508175917,-70.90887479963445,39.73565564625387,False,True
2021-05-18,1,20.329559751523387,0.803298880736893,,-1.6034634845549165,0.8016674683341352,,1871.1,-5.346735945158034,0.8017960230917256,,1870.8,1867.3,25.67629569668142,24.071200792852803,22.466105889024185,19.526260870786494,False,True
2021-05-19,2,16.562044656667393,0.8020532563362208,,-93.31827882754217,0.8007259915656864,,1873.3,76.76035435595276,0.8082767539605563,,1855.8,1870.2,-60.19830969928536,-61.80863970958214,-63.418969719878916,15.759991400331172,False,True
2021-05-20,3,8.018603588980737,0.802181934862827,,0.0,0.8014533019876043,,1871.6,31.475925584079427,0.8014961261020573,,1871.5,1869.9,-23.457321995098688,-25.061000056063573,-26.66467811702846,7.21642165411791,False,True
2021-05-21,4,-22.92172969803892,0.7986795165326662,,28.77853190639985,0.800555051502375,,1873.7,13.826112279621087,0.7982120051085568,,1879.2,1878.1,-36.74784197766001,-38.344733499301235,-39.94162502094245,-23.720409214571585,False,True
2021-05-24,0,-6.904427074082741,0.7963897000265464,,-4.251248868363576,0.7969397513547977,,1882.2,1.0629816645665693,0.7972786223025408,,1881.4,1883.5,-7.96740873864931,-9.561077060978397,-11.154745383307485,-7.700816774109287,False,True
2021-05-25,1,21.770883416444388,0.7973633850733575,,-15.924415488971793,0.7955871433117642,,1885.4,93.06819860362195,0.7968974127397335,,1882.3,1881.2,-71.29731518717756,-72.89157598499065,-74.48583678280374,20.97352003137103,False,True
2021-05-26,2,34.676649049459236,0.7894736842105264,,-3.672131188803696,0.786740795132697,,1906.6,-47.86082189401639,0.7870297497245397,,1905.9,1900.0,82.53747094347563,80.96096750954057,79.38446407560549,33.88717536524871,False,True
2021-05-27,3,26.325503541481726,0.7908055672711937,,-36.8751405574718,0.7887264696603219,,1901.8,8.44104508046272,0.7916820604845095,,1894.7,1896.8,17.88445846101901,16.301970833263308,14.719483205507602,25.534697974210534,False,True
2021-05-28,4,,,roll,6.867587897693396,0.7926861491306876,,1892.3,66.316032510715,0.7921001214553521,,1893.7,,,,,,False,False
2021-05-31,0,5.243013804370146,0.78665827564506,,-0.5242051740263103,0.7862871520679353,,1907.7,,,missing bar,,1906.8,,,,4.456355528725086,False,False
2021-06-01,1,39.705396711848586,0.7852169816259228,,-32.904215831132454,0.7821462091980396,,1917.8,-46.67147096238453,0.7847650936486347,,1911.4,1910.3,86.37686767423313,84.80688559895857,83.236903523684,38.920179730222664,False,True
2021-06-02,2,-17.88250621182741,0.788229111928534,,19.983178715486527,0.7895983576354163,,1899.7,38.27505000370399,0.7879806682076068,,1903.6,1903.0,-56.1575562155314,-57.73376599566755,-59.30997577580368,-18.67073532375594,False,True
2021-06-03,3,-57.21650211987932,0.7851347814708193,,-26.35603233532695,0.7896399241945675,,1899.6,-115.20925923223892,0.7918074324324325,,1894.4,1910.5,57.9927571123596,56.41581489845635,54.838872684553095,-58.00163690135014,False,True
2021-06-04,4,13.34080616230786,0.800982538580659,,-9.069811489514656,0.7999146757679182,,1875.2,109.88829887665545,0.8006832497064161,,1873.4,1872.7,-96.5474927143476,-98.14915850263466,-99.75082429092174,12.539823623727202,False,True
2021-06-07,0,-40.73109918480334,0.7918492319062452,,14.831296749070626,0.7951232441028361,,1886.5,66.99220623761246,0.7939028262940616,,1889.4,1894.3,-107.7233054224158,-109.3090574806161,-110.89480953881642,-41.52294841670959,False,True
2021-06-08,1,-12.628921905805312,0.7888094236432479,,16.835020811137944,0.7898062342038754,,1899.2,-37.91873091941724,0.7884777123633305,,1902.4,1901.6,25.28980901361193,23.71252187760535,22.135234741598772,-13.417731329448559,False,True
2021-06-09,2,-3.167731402868716,0.7918074324324325,,-2.112378546088421,0.7920582954905483,,1893.8,-13.742074044202953,0.7922674694977025,,1893.3,1894.4,10.574342641334237,8.990267739404104,7.4061928374739665,-3.9595388353011485,False,True
2021-06-10,3,-28.591113880089978,0.7930633393253675,,-41.975567065110766,0.7953340402969249,,1886.0,122.77235228648759,0.7986795165326662,,1878.1,1891.4,-151.36346616657755,-152.95520902243558,-154.5469518782936,-29.384177219415346,False,True
2021-06-11,4,9.985023295893782,0.7886849992113152,,-64.8172374412088,0.787897888433659,,1903.8,-63.643810688512346,0.7930214115781128,,1891.5,1901.9,73.62883398440613,72.0471275736167,70.46542116282727,9.196338296682468,False,True
2021-06-14,0,-89.78256120438503,0.7980421366248139,,-39.80640006124782,0.8052826542116285,,1862.7,67.15220378239484,0.8085381630012938,,1855.2,1879.6,-156.93476498677987,-158.54134528640597,-160.14792558603207,-90.58060334100985,True,True
2021-06-15,1,3.7470224992116354,0.8030838419531001,,-14.460543986779742,0.8027829810008028,,1868.5,-29.521505029187303,0.8039446886054241,,1865.8,1867.8,33.26852752839894,31.661498997840415,30.05447046728189,2.9439386572585353,False,True
2021-06-16,2,5.909054454660079,0.8060182697474477,,-27.42600735010937,0.8055421298533915,,1862.1,-242.00003732024595,0.8077544426494347,,1857.0,1861.0,247.90909177490602,246.29531906250912,244.68154635011226,5.103036184912631,False,True
2021-06-17,3,20.395233484332838,0.8276775368316505,,-149.78644628675724,0.8259457078354718,,1816.1,-83.06721166243344,0.8384103739310269,,1789.1,1812.3,103.46244514676627,101.7963572360036,100.13026932524092,19.567555947501187,False,True
2021-06-18,4,55.09346069363758,0.845594452900389,,58.69053486514122,0.8409014463504879,,1783.8,-171.43437588567105,0.8359340169415962,,1794.4,1773.9,226.52783657930863,224.84630810946663,223.16477963962467,54.247866240737196,False,True
2021-06-21,0,77.91367327882243,0.8501955449753444,,25.835453853620997,0.843549656956473,,1778.2,3.9256372654552694,0.8413731209333634,,1782.8,1764.3,73.98803601336716,72.29646734745845,70.60489868154974,77.06347773384708,False,True
2021-06-22,1,-1.1216420851872189,0.8411843876177659,,-12.346373418600294,0.8412787436904096,,1783.0,-10.675057900562075,0.8423180592991916,,1780.8,1783.2,9.553415815374857,7.869913368457899,6.186410921540942,-1.9628264728049847,False,True
2021-06-23,2,19.653542558872,0.8431229273228038,,3.9258574296318143,0.8414203174959332,,1782.7,-26.388943193474375,0.84109005270831,,1783.4,1779.1,46.04248575234638,44.35827277231527,42.674059792284154,18.8104196315492,False,True
2021-06-24,3,-6.750675323873522,0.843549656956473,,61.71127578808083,0.8441193021947103,,1777.0,-71.84987407016429,0.8389730969293586,,1787.9,1778.2,65.09919874629077,63.41667599240494,61.734153238519106,-7.594224980829995,False,True
2021-06-25,4,23.62471567918207,0.8447372867038352,,31.41481322499891,0.8427913248679628,,1779.8,-20.183904587183118,0.8401478660244204,,1785.4,1775.7,43.80862026636519,42.12373511363693,40.43884996090868,22.779978392478235,False,True
2021-06-28,0,3.366436658623048,0.8417508417508419,,-45.54279610065786,0.8414675193537531,,1782.6,24.202865499901982,0.84530853761623,,1774.5,1782.0,-20.836428841278934,-22.523488220646005,-24.21054760001308,2.524685816872206,False,True
2021-06-29,1,-14.064304307012117,0.8432651225545313,,-33.83334681107308,0.8444044134204008,,1776.4,-50.395055835429126,0.8472182999152783,,1770.5,1778.8,36.33075152841701,34.6402681059472,32.94978468347739,-14.907569429566648,False,True
2021-06-30,2,-9.653332568721607,0.8513536523071685,,4.543905564948509,0.852175889103511,,1760.2,54.36642680742548,0.8517887563884158,,1761.0,1761.9,-64.01975937614709,-65.72290178484268,-67.42604419353826,-10.504686221028775,False,True
2021-07-01,3,40.57715215864056,0.8470747684662301,,-4.500703310854584,0.843691996175263,,1777.9,1.68809611294708,0.8441193021947103,,1777.0,1770.8,38.88905604569348,37.19786197503254,35.5066679043716,39.73007739017433,False,True
2021-07-02,4,-7.879334041148839,0.8438818565400845,,59.507277156233,0.8445945945945947,,1776.0,5.595344819213861,0.8395365758101528,,1786.7,1777.5,-13.474678860362701,-15.158097292712938,-16.841515725063175,-8.723215897688924,False,True
2021-07-05,0,18.44451798647732,0.8391608391608394,,-5.026950143561666,0.8376144739781105,,1790.8,,,missing bar,,1787.5,,,,17.60535714731648,False,False
2021-07-06,1,73.95290730937792,0.8371470030137294,,28.764263664814766,0.8309328606248616,,1805.2,-74.29207535768592,0.8285461776403005,,1810.4,1791.8,148.24498266706382,146.57928948640978,144.91359630575576,73.1157603063642,False,True
2021-07-07,2,34.99711929666954,0.8347245409015026,,19.39005067222967,0.8318083513558477,,1803.3,-16.063370668163675,0.8301970334292673,,1806.8,1797.0,51.06048996483321,49.39556839050244,47.73064681617167,34.162394755768034,False,True
2021-07-08,3,-34.431088604883456,0.8315777802417121,,95.2335418577647,0.8344923504867873,,1797.5,-63.576519532059265,0.826628458062383,,1814.6,1803.8,29.14543092717581,27.487224688871713,25.82901845056762,-35.262666385125165,False,True
2021-07-09,4,-26.098801498332342,0.831854480922804,,10.003891236129787,0.8340747330960855,,1798.4,46.552954833948164,0.8332407510276638,,1800.2,1803.2,-72.65175633228051,-74.31685156423097,-75.98194679618145,-26.930655979255146,False,True
2021-07-12,0,-42.11232466245496,0.8294166436273155,,-3.8879169586364513,0.8329631274988896,,1800.8,36.59757883222692,0.8332870396089108,,1800.1,1808.5,-78.70990349468188,-80.3726071779181,-82.03531086115433,-42.94174130608228,False,True
2021-07-13,1,24.876322289822042,0.8302429844467815,,-7.7326709183093545,0.8281802120141344,,1811.2,-12.71526279062713,0.828729281767956,,1810.0,1806.7,37.59158508044917,35.93261281423443,34.2736405480197,24.04607930537526,False,True
2021-07-14,2,25.957543639170446,0.8295083780346183,,24.791352256240597,0.8274036074797287,,1812.9,60.88716322651782,0.8253094910591473,,1817.5,1808.3,-34.929619587347375,-36.58443745644114,-38.239255325534906,25.128035261135828,False,True
2021-07-15,3,18.029343534882226,0.8202548258325587,,-30.066989987384268,0.8187772925764193,,1832.0,20.783205905792126,0.8212428141253766,,1826.5,1828.7,-2.7538623709099,-4.395360010867835,-6.0368576508257705,17.209088709049666,False,True
2021-07-16,4,-34.47241519423581,0.8193587152455346,,-33.49167212196428,0.8221881166410876,,1824.4,-31.398929589279817,0.8249917500824993,,1818.2,1830.7,-3.073485604955991,-4.717836070284025,-6.362186535612059,-35.29177390948134,False,True
2021-07-19,0,-44.25765135129642,0.8279973504084788,,-15.536569544065967,0.8316699933466402,,1803.6,69.17379067457433,0.8329631274988896,,1800.8,1811.6,-113.43144202587075,-115.09240250377812,-116.75336298168548,-45.0856487017049,False,True
2021-07-20,1,13.22532842794334,0.827129859387924,,14.858434893870305,0.8260821676396081,,1815.8,-45.19657145263088,0.8249010118785747,,1818.4,1813.5,58.421899880574216,56.76986900930772,55.11783813804122,12.398198568555417,False,True
2021-07-21,2,13.246497135111547,0.8284546559151664,,-69.18527665921178,0.8273579702151131,,1813.0,18.311466426778523,0.8331019161344072,,1800.5,1810.6,-5.064969291666976,-6.72652586371655,-8.388082435766123,12.41804247919638,False,True
2021-07-22,3,-11.648224962932053,0.8315316813570598,,-28.903360680811282,0.8325470389076983,,1801.7,59.383586002200644,0.8349568605622044,,1796.5,1803.9,-71.03181096513269,-72.69829950705196,-74.36478804897122,-12.479756644289113,False,True
2021-07-23,4,0.5531738350171296,0.8297837030480723,,-67.71408456533507,0.8297378028542982,,1807.8,36.69116858087927,0.8354218880534672,,1795.5,1807.7,-36.137994745862144,-37.803200336963684,-39.46840592806522,-0.2766098680309427,False,True
2021-07-26,0,28.810480341602428,0.8322698773789049,,2.21275655049099,0.8298755186721993,,1807.5,-59.36052491963943,0.8296919077382598,,1807.9,1802.3,88.17100526124186,86.50904347612469,84.84708169100753,27.978210464223523,False,True
2021-07-27,1,-17.822338329313983,0.8346780924823327,,25.053599943270434,0.8361670104242155,,1793.9,1.6679176087369874,0.8340283569641369,,1798.5,1797.1,-19.49025593805097,-21.15896238749744,-22.82766883694391,-18.657016421796314,False,True
2021-07-28,2,28.315261957385815,0.8339819859891028,,-48.350887537742906,0.8316238842379554,,1803.7,61.65144912834982,0.8357011532675915,,1794.9,1798.6,-33.336187170964,-35.0058703102207,-36.67555344947739,27.481279971396713,False,True
2021-07-29,3,63.45374009483917,0.8302889405513121,,36.23590217262553,0.8250371266707003,,1818.1,14.782778021263749,0.8218727740945704,,1825.1,1806.6,48.670962073575424,47.01880035892954,45.36663864428366,62.62345115428786,False,True
2021-07-30,4,-7.114127314571554,0.8205689277899345,,-9.848444194822662,0.8202996828174562,,1828.6,-78.58694582014056,0.8211079483249399,,1826.8,1828.0,71.47281850556901,69.83114162945414,68.18946475333927,-7.934696242361488,False,True
2021-08-02,0,-33.07610512757753,0.8255365987892131,,17.10298063863575,0.8282716731087799,,1811.0,14.872348440719357,0.8268562923763851,,1814.1,1817.0,-47.948453568296884,-49.60084645946248,-51.25323935062808,-33.90164172636674,False,True
2021-08-03,1,-26.45504188424054,0.8256274768824308,,5.517545935606547,0.8278602571885866,,1811.9,2.757631763332291,0.8274036074797287,,1812.9,1816.8,-29.21267364757283,-30.86570473193499,-32.51873581629715,-27.28066936112297,False,True
2021-08-04,2,18.178317727935273,0.8270386502729228,,24.18646737547043,0.8255365987892131,,1817.0,-38.50813428380559,0.823587547356284,,1821.3,1813.7,56.68645201174086,55.035825814111654,53.385199616482446,17.35127907766235,False,True
2021-08-05,3,-14.336129495497417,0.8264918177310046,,22.59887967437504,0.8277232093587905,,1812.2,-53.55134668033057,0.8259002312520648,,1816.2,1814.9,39.21521718483315,37.56282513585008,35.91043308686701,-15.16262131322842,False,True
2021-08-06,4,-25.493252556561824,0.8302429844467815,,-1.1098779145682205,0.8323622440486101,,1802.1,-215.41193056661956,0.8324546312225984,,1801.9,1806.7,189.91867801005773,188.25598039438836,186.59328277871896,-26.323495541008604,False,True
2021-08-09,0,-104.22396933049902,0.84985835694051,,-5.153311116365407,0.8586639189421262,,1746.9,-83.96161808881845,0.8590081319436491,,1746.2,1765.0,-20.262351241680562,-21.97121773056472,-23.68008421944888,-105.07382768743953,False,True
2021-08-10,1,31.704883165667557,0.8660508083140879,,-23.04812313869095,0.8633093525179857,,1737.5,-21.36691252666677,0.8653014133256419,,1733.5,1732.0,53.07179569233433,51.3404434706946,49.60909124905487,30.838832357353468,False,True
2021-08-11,2,12.705748171907237,0.8668515950069349,,33.41979486180039,0.865750894609258,,1732.6,84.20981793739813,0.8629120404993386,,1738.3,1730.4,-71.5040697654909,-73.23383340099717,-74.96359703650344,11.838896576900302,False,True
2021-08-12,3,6.843456212334673,0.8557247989046723,,-22.2571072049144,0.8550906396077985,,1754.2,22.257107204913517,0.8569959435525341,,1750.3,1752.9,-15.413650992578845,-17.12637173503605,-18.839092477493256,5.987731413430001,False,True
2021-08-13,4,20.498811414438187,0.8549931600547197,,13.641791463634505,0.853193788749218,,1758.1,118.01046019084986,0.8519822787686019,,1760.6,1754.4,-97.51164877641168,-99.218624215235,-100.92559965405832,19.64381825438347,False,True
2021-08-16,0,-33.747711876592014,0.8422707619742826,,-8.454276958396703,0.8450704225352114,,1775.0,87.01320793675492,0.8457374830852505,,1773.6,1780.9,-120.76091981334693,-122.44892805840645,-124.136936303466,-34.5899826385663,False,True
2021-08-17,1,18.985933779983487,0.8384103739310269,,3.904398075090054,0.8368200836820084,,1792.5,-27.923619171608888,0.836540070269366,,1793.1,1789.1,46.909552951592374,45.23460250739198,43.55965206319159,18.14752340605246,False,True
2021-08-18,2,31.832043185851806,0.8390200246112541,,-25.681121751673615,0.8363534987454698,,1793.5,5.588153260815101,0.8384572386808273,,1789.0,1787.8,26.243889925036704,24.56641266174462,22.888935398452542,30.99302316124055,False,True
2021-08-19,3,-30.782170661257847,0.8382229673093043,,29.105584187383766,0.8408071748878926,,1784.0,-37.517192702420886,0.8383635144198526,,1789.2,1789.5,6.735022041163038,5.058435559433881,3.3818490777047243,-31.62039362856715,False,True
2021-08-20,4,39.18719676357105,0.8413731209333634,,-17.33538809636271,0.838082467314784,,1789.8,-22.41399571121751,0.8395835665509909,,1786.6,1782.8,61.60119247478856,59.92023578730421,58.23927909981985,38.34582364263769,False,True
2021-08-23,0,35.30701120615318,0.8421289018639121,,30.72199036970059,0.8391608391608394,,1787.5,81.08903083026144,0.8364934195850994,,1793.2,1781.2,-45.78201962410826,-47.46064194555726,-49.13926426700628,34.46488230428927,False,True
2021-08-24,1,-11.624368196121754,0.8298296083204251,,4.43016952643922,0.8308408109006316,,1805.4,-7.199623715305464,0.8304268393954494,,1806.3,1807.6,-4.42474448081629,-6.085000928532165,-7.7452573762480394,-12.45419780444218,False,True
2021-08-25,2,-57.22396792587413,0.8309788931361145,,4.456079837563864,0.8357011532675915,,1794.9,-17.277418259153457,0.8352823254259941,,1795.8,1805.1,-39.94654966672067,-41.61281088528278,-43.27907210384489,-58.05494681901024,False,True
2021-08-26,3,-39.67704777678743,0.8365867261572785,,24.60851353722589,0.8399596819352672,,1785.8,23.43489522475193,0.8379420144126029,,1790.1,1793.0,-63.11194300153936,-64.78647174210924,-66.46100048267913,-40.51363450294471,False,True
2021-08-27,4,57.76510174948598,0.8355614973262033,,-37.72961253194328,0.830702774547267,,1805.7,119.35821646847634,0.8338429039968871,,1798.9,1795.2,-61.593114718990364,-63.262519120313456,-64.93192352163655,56.929540252159775,False,True
2021-08-30,0,-24.18380864281527,0.8234519104084324,,15.397308513500274,0.8254911672445107,,1817.1,-39.09158453716975,0.8242664029014178,,1819.8,1821.6,14.907775894354483,13.260057581044633,11.612339267734782,-25.007260553223702,False,True
2021-08-31,1,29.203536197141048,0.8277232093587905,,-12.112537956147108,0.8253549026081215,,1817.4,6.608657581641918,0.8263552225650067,,1815.2,1812.2,22.59487861549913,20.940800183575334,19.286721751651534,28.375812987782258,False,True
2021-09-01,2,11.002916882728279,0.8256729234325977,,-19.813975330402982,0.8247649419915325,,1818.7,5.507214590122459,0.8263097008758884,,1815.3,1816.7,5.49570229260582,3.843719668297334,2.191737043988848,10.177243959295682,False,True
2021-09-02,3,4.95417399283185,0.8259002312520648,,4.951720824129466,0.8254911672445107,,1817.1,-34.16357742050958,0.8251278948236977,,1817.9,1816.2,39.11775141334143,37.46672328726567,35.81569516118991,4.128273761579785,False,True
2021-09-03,4,19.3023636381915,0.8280430582390286,,9.911895084629705,0.8264007492700128,,1815.1,71.29568425246586,0.8255820353349111,,1816.9,1811.5,-51.99332061427436,-53.646945707848296,-55.30057080142224,18.474320579952472,False,True
2021-09-06,0,-26.760617810545217,0.8181074447777477,,-13.13413421447489,0.8203445447087778,,1828.5,,,missing bar,,1833.5,,,,-27.578725255322965,False,False
2021-09-07,1,-27.425830366227867,0.8216476774758985,,-43.48431236177359,0.8238589553468447,,1820.7,-92.54963674325825,0.8274492497793471,,1812.8,1825.6,65.12380637703038,63.47470944977513,61.82561252251988,-28.247478043703765,False,True
2021-09-08,2,7.791629957856742,0.835142809420411,,8.341907443673287,0.8345387782352287,,1797.4,-46.243501078192196,0.8337965536409118,,1799.0,1796.1,54.03513103604894,52.36619167298762,50.69725230992629,6.956487148436331,False,True
2021-09-09,3,-5.0266693789310155,0.8375677033893574,,62.93357074962294,0.8380356444494106,,1789.9,-27.796326547227455,0.8327319158385612,,1801.3,1790.9,22.76965716829644,21.09935754906852,19.429057929840603,-5.864237082320373,False,True
2021-09-10,4,51.088516272051855,0.835096314441599,,-33.28897881036104,0.8308408109006316,,1805.4,-61.881730572552684,0.8336575334852444,,1799.3,1796.2,112.97024684460453,111.30149299667768,109.63273914875084,50.253419957610255,False,True
2021-09-13,0,0.0,0.838082467314784,,10.052497216457576,0.8381292954126391,,1789.7,20.07472932015909,0.8372871895060007,,1791.5,1789.8,-20.07472932015909,-21.750098976979874,-23.42546863380066,-0.838082467314784,False,True
2021-09-14,1,-6.130695468598486,0.8357477156229107,,-47.500717998535706,0.8362602441879914,,1793.7,118.60817832580148,0.8402419896930318,,1785.2,1794.8,-124.73887379439996,-126.4148634997159,-128.09085320503186,-6.966443184221396,False,True
2021-09-15,2,-25.494665474598538,0.8302889405513121,,8.87557610825044,0.8324546312225984,,1801.9,-46.682312185518384,0.8316699933466402,,1803.6,1806.6,21.187646710919847,19.525687777021894,17.863728843123944,-26.32495441514985,False,True
2021-09-16,3,-50.251362026730426,0.8354218880534672,,-82.06442548016157,0.839677563815495,,1786.4,-101.54675261136427,0.8466444657673422,,1771.7,1795.5,51.29539058463384,49.613324230813035,47.93125787699223,-51.086783914783894,False,True
2021-09-17,4,51.16263789499089,0.8548957027242678,,-19.86436136607616,0.8504847763225039,,1763.7,-35.28745835831604,0.8522243054371913,,1760.1,1754.6,86.45009625330692,84.74297624514547,83.035856236984,50.307742192266616,False,True
2021-09-20,0,-2.8507084203428508,0.8550906396077985,,13.107282115886955,0.8553832116788322,,1753.6,49.99158283902546,0.8542627712284299,,1755.9,1754.2,-52.84229125936831,-54.55164467020454,-56.26099808104077,-3.705799059950649,True,True
2021-09-21,1,-24.385414868422664,0.8496176720475787,,41.928782600359575,0.8516920281626166,,1761.2,35.55609468768191,0.8480805111098548,,1768.7,1765.5,-59.94150955610458,-61.63920773926201,-63.33690592241945,-25.235032540470243,True,True
2021-09-22,2,26.44387846423829,0.8450704225352114,,-37.71783681732125,0.8428386806765187,,1779.7,-25.978441221197304,0.8460236886632827,,1773.0,1775.0,52.422319685435596,50.73122557423711,49.040131463038605,25.598808041703077,False,True
2021-09-23,3,-27.734558601518167,0.8478408320144699,,54.82872735504781,0.8501955449753444,,1764.3,-176.31122699064892,0.8456421242530163,,1773.8,1769.2,148.57666838913076,146.88318543286329,145.18970247659578,-28.582399433532636,False,True
2021-09-24,4,58.89601608680291,0.8602397201353446,,-24.54549281554242,0.8551881413911062,,1754.0,6.28553490594784,0.8573878250928838,,1749.5,1743.7,52.61048118085507,50.892853635626835,49.17522609039861,58.03577636666756,False,True
2021-09-27,0,32.48513955831309,0.8562621303801805,,-54.20067469339145,0.8534850640113799,,1757.5,10.292184566834429,0.8581235697940505,,1748.0,1751.8,22.192954991478658,20.478569291304428,18.764183591130195,31.628877427932906,False,True
2021-09-28,1,-54.43359666066168,0.8571428571428572,,-35.10896006166422,0.8618213157138754,,1740.5,-2.3066720591288137,0.8649022660439372,,1734.3,1750.0,-52.12692460153286,-53.84896972471965,-55.571014847906454,-55.29073951780453,False,True
2021-09-29,2,37.9900301492612,0.865051903114187,,18.9410302000139,0.8617718028266117,,1740.6,-102.02111601071188,0.8601903888060559,,1743.8,1734.0,140.01114615997307,138.28590386805283,136.5606615761326,37.124978246147016,False,True
2021-09-30,3,13.895324144049907,0.8690614136732331,,-14.47471520420619,0.8678546632723908,,1728.4,181.43691147462457,0.8691117677733357,,1725.9,1726.0,-167.54158733057466,-169.27976051202123,-171.0179336934678,13.026262730376674,False,True
2021-10-01,4,-6.261919198156776,0.8536307762349193,,-7.4055088975003684,0.854165480325722,,1756.1,36.40297518688733,0.8547495583793949,,1754.9,1757.2,-42.66489438504411,-44.373274719658426,-46.08165505427274,-7.115549974391696,True,True
2021-10-04,0,-26.131924204376933,0.8510155452172928,,-23.91936899867042,0.8532423208191128,,1758.0,94.20647391584741,0.8552856654122478,,1753.8,1762.6,-120.33839812022434,-122.04469933085389,-123.75100054148342,-26.982939749594227,True,True
2021-10-05,1,-74.8217978758556,0.8470747684662301,,-1.137980086575599,0.8534365043240785,,1757.6,19.32697281912382,0.8534850640113799,,1757.5,1770.8,-94.14877069497942,-95.84933052745703,-97.54989035993464,-75.66887264432182,True,True
2021-10-06,2,-44.97459973357024,0.8520306731042319,,13.114755978108771,0.8558712769599455,,1752.6,49.44737120436026,0.8546521565722753,,1755.1,1760.5,-94.4219709379305,-96.128653767607,-97.83533659728351,-45.82663040667447,True,True
2021-10-07,3,-1.1339797029791159,0.8504365574328157,,-9.644570004113994,0.8505812305075137,,1763.5,-31.838107512857338,0.8514503036839417,,1761.7,1763.8,30.704127809878223,29.002240948761468,27.300354087644706,-1.9844162604119315,True,True
2021-10-08,4,10.239491195577479,0.8537279453614116,,21.016167458149607,0.852902712230625,,1758.7,-28.981409686991633,0.8511604153662828,,1762.3,1757.0,39.22090088256911,37.51601252184142,35.811124161113725,9.385763250216067,False,True
2021-10-11,0,-13.09608728098488,0.8535336292249915,,0.5697843367828844,0.8547008547008549,,1755.0,-6.839165888375224,0.8546034639927075,,1755.2,1757.4,-6.256921392609656,-7.965058485827355,-9.673195579045053,-13.949620910209871,False,True
2021-10-12,1,46.08434179398141,0.8553832116788322,,2.837603946284862,0.8514019752525828,,1761.8,-12.490775484219848,0.8511121198365866,,1762.4,1753.6,58.575117278201255,56.868621946685835,55.162126615170415,45.228958582302575,False,True
2021-10-13,2,13.056684889713718,0.8520790729379687,,63.9015944361708,0.8509672661258298,,1762.7,110.98768638442021,0.8454991263175697,,1774.1,1760.4,-97.93100149470649,-99.62857969396202,-101.32615789321757,12.20460581677575,False,True
2021-10-14,3,5.573825460617734,0.8363068688670832,,12.2508089717726,0.8357942831671032,,1794.7,2.7823377381024783,0.8348174532502227,,1796.8,1793.6,2.791487722515256,1.1203634003979501,-0.5507609217193559,4.737518591750652,False,True
2021-10-15,4,-25.06895271271675,0.8345852111500586,,-76.14818430453911,0.8366800535475235,,1792.8,-62.020947566861466,0.8431229273228038,,1779.1,1797.3,36.951994854144715,35.274286715671856,33.59657857719899,-25.90353792386681,False,True
2021-10-18,0,-15.854145215403767,0.8486562942008488,,-6.802335730807347,0.8500028333427778,,1764.7,7.368988231313295,0.8505812305075137,,1763.5,1767.5,-23.22313344671706,-24.922370971425426,-26.621608496133785,-16.702801509604615,False,True
2021-10-19,1,82.95056451009258,0.8499546690843156,,10.110088481917751,0.8429334082607475,,1779.5,-67.02928749153651,0.8420816257789255,,1781.3,1764.8,149.97985200162907,148.28781570676583,146.59577941190258,82.10060984100826,False,True
2021-10-20,2,40.60919286315012,0.8477449983045101,,21.92921680617612,0.8443568815085845,,1776.5,13.4710393070135,0.8425073017299484,,1780.4,1769.4,27.138153556136622,25.447901256102163,23.757648956067705,39.76144786484561,False,True
2021-10-21,3,7.290469436559218,0.841514726507714,,-29.19382266567318,0.8409014463504879,,1783.8,26.94662833033659,0.8432177188149981,,1778.9,1782.5,-19.656158893777373,-21.340891339100086,-23.0256237844228,6.448954710051504,False,True
2021-10-22,4,57.57905054483648,0.8409485900095309,,-3.902439073914919,0.8360737974471881,,1794.1,-0.5576778296633352,0.8364934195850994,,1793.2,1783.7,58.13672837449981,56.45928636490518,54.78184435531055,56.738101954826945,False,True
2021-10-25,0,17.26298632805618,0.8360271987515328,,31.11113620488177,0.8346316492321391,,1797.2,33.77913891096256,0.8320390503660974,,1802.8,1794.2,-16.51615258290638,-18.184218832024012,-19.852285081141638,16.426959129304645,False,True
2021-10-26,1,-17.707934459571398,0.8293249295073811,,-5.540166346691891,0.8307947936859598,,1805.5,-57.800416575045425,0.831255195344971,,1804.5,1808.7,40.09248211547403,38.431901990621675,36.77132186576932,-18.53725938907878,False,True
2021-10-27,2,-16.16905373036272,0.8356545961002787,,3.3474671145003696,0.8370068634562805,,1792.1,31.189109103583263,0.8367267250515983,,1792.7,1795.0,-47.35816283394598,-49.03054415509786,-50.70292547624974,-17.004708326463,False,True
2021-10-28,3,29.422398886439563,0.8339356201701229,,-2.2174178260367072,0.8314394989191287,,1804.1,-17.20168001777133,0.8316238842379554,,1803.7,1798.7,46.62407890421089,44.95851939980281,43.29295989539473,28.58846326626944,False,True
2021-10-29,4,-39.48946982149294,0.8326394671107412,,-1.6719146247876973,0.8358874338255782,,1794.5,-51.40824911443775,0.8360271987515328,,1794.2,1801.5,11.918779292944812,10.250112627082538,8.581445961220265,-40.32210928860368,False,True
2021-11-01,0,-10.648136181369338,0.8401949252226518,,25.2009205699545,0.84109005270831,,1783.4,37.404091061829234,0.8389730969293586,,1787.9,1785.3,-48.05222724319857,-49.731395265350585,-51.41056328750259,-11.48833110659199,False,True
2021-11-02,1,1.1142682055096542,0.8357477156229107,,-20.078088172831638,0.8357477156229107,,1794.8,-12.848804873751941,0.8374274229566772,,1791.2,1794.8,13.963073079261596,12.289897940682009,10.61672280210242,0.2785204898867435,False,True
2021-11-03,2,-48.743688408607035,0.8383635144198526,,29.724370613798385,0.8425073017299484,,1780.4,-87.18451039881047,0.8400537634408605,,1785.6,1789.2,38.44082199020344,36.76240471234272,35.08398743448201,-49.58205192302689,False,True
2021-11-04,3,16.93576107626631,0.8475055087858072,,49.51062212335584,0.8460236886632827,,1773.0,62.099838717637894,0.8417980807003761,,1781.9,1769.9,-45.164077641371584,-46.85338123085777,-48.54268482034395,16.088255567480502,False,True
2021-11-05,4,27.853619478580253,0.8367734017628028,,-16.70193017139636,0.8343995104856206,,1797.7,139.42905969012887,0.8357477156229107,,1794.8,1792.6,-111.57544021154861,-113.24796132893432,-114.92048244632004,27.01684607681745,False,True
2021-11-08,0,-15.3913838651842,0.8239042074041526,,7.698229787418285,0.8251278948236977,,1817.9,36.7597045215592,0.8244929368438412,,1819.3,1820.6,-52.151088386743396,-53.79948553099139,-55.447882675239384,-16.21528807258835,False,True
2021-11-09,1,-26.857425226204786,0.8210630029010894,,19.740095240522596,0.8233163181294254,,1821.9,45.9067370859905,0.8216476774758985,,1825.6,1826.9,-72.76416231219528,-74.40687299257226,-76.04958367294925,-27.678488229105874,False,True
2021-11-10,2,-48.08489675872126,0.8176614881439085,,13.137009935747686,0.8216026729473627,,1825.7,127.18253937396945,0.8204791598293404,,1828.2,1834.5,-175.2674361326907,-176.90557678066395,-178.5437174286372,-48.90255824686516,False,True
2021-11-11,3,39.34996857155804,0.8101539292465569,,10.753845535767608,0.8069722401549387,,1858.8,18.79144737015815,0.806104901117799,,1860.8,1851.5,20.558521201399888,18.942262371035532,17.326003540671177,38.53981464231148,False,True
2021-11-12,4,-29.545292905925905,0.8045915356970447,,-17.770123951361274,0.8070156561037285,,1858.7,65.53525818908979,0.8084074373484237,,1855.5,1864.3,-95.0805510950157,-96.69355006806116,-98.30654904110663,-30.34988444162295,False,True
2021-11-15,0,-50.32399934657404,0.801025312399872,,15.016628371578575,0.8050665521683126,,1863.2,-8.040955698738156,0.8037723716643448,,1866.2,1872.6,-42.28304364783588,-43.8878413319001,-45.492639015964315,-51.12502465897391,False,True
2021-11-16,1,5.360780658026435,0.8043326719931364,,37.979130408850665,0.803901602443861,,1865.9,-111.68500970576332,0.8009397693293466,,1872.8,1864.9,117.04579036378976,115.44051792246728,113.8352454811448,4.556447986033299,False,True
2021-11-17,2,36.11961122489526,0.8101101749837979,,40.81199951089743,0.8071459319845029,,1858.4,18.20323877742411,0.8038154439740638,,1866.1,1851.6,17.916372447471147,16.302446828513286,14.688521209555423,35.30950104991146,False,True
2021-11-18,3,7.4858307420463035,0.8023535704733887,,-16.58330815755518,0.8017531669250094,,1870.9,-38.08710985103129,0.8031268404990095,,1867.7,1869.5,45.5729405930776,43.9674601821052,42.3619797711328,6.683477171572915,False,True
2021-11-19,4,-9.140031282285092,0.806104901117799,,17.734789009474014,0.806842020332419,,1859.1,-84.65259620880742,0.8053691275167786,,1862.5,1860.8,75.51256492652233,73.90109089788774,72.28961686925318,-9.94613618340289,False,True
2021-11-22,0,-16.244318062023748,0.8115565654926149,,-21.158288104910977,0.8129200086711468,,1845.2,-201.32883312774092,0.8146418291424539,,1841.3,1848.3,185.08451506571717,183.4583166710821,181.83211827644703,-17.055874627516364,False,True
2021-11-23,1,6.638269868156191,0.830059210890377,,-89.44255622232333,0.8296001327360214,,1808.1,-12.84449957397499,0.8371470030137294,,1791.8,1807.1,19.48276944213118,17.815563228227074,16.148357014322965,5.808210657265814,False,True
2021-11-24,2,23.996216765809248,0.838082467314784,,-44.130451755529705,0.8360737974471881,,1794.1,13.986407494144693,0.8397715821296609,,1786.2,1789.8,10.009809271664555,8.33195522222011,6.654101172775665,23.158134298494463,False,True
2021-11-25,3,21.76886796417564,0.8381761287438536,,-15.62325951084981,0.8363068688670832,,1793.6,,,missing bar,,1789.6,,,,20.930691835431787,False,False
2021-11-26,4,112.8761741238926,0.8387854386847846,,-12.725815754542555,0.8294166436273155,,1808.5,,,missing bar,,1788.3,,,,112.03738868520782,False,False
2021-11-29,0,15.61541781809703,0.8371937266283419,,-5.574757642425517,0.8359806052499583,,1794.3,-59.27765931612542,0.8363534987454698,,1793.5,1791.7,74.89307713422245,73.21952990884864,71.54598268347483,14.778224091468687,False,True
2021-11-30,1,42.51278987786657,0.8408543079769046,,-5.023863456582405,0.8371002846140968,,1791.9,-87.58688298736507,0.8385041086701326,,1788.9,1783.9,130.09967286523164,128.4203144485846,126.74095603193757,41.67193556988966,False,True
2021-12-01,2,,,roll,6.714789575783843,0.839630562552477,,1786.5,-26.32391113751229,0.8390200246112541,,1787.8,,,,,,False,False
2021-12-02,3,-44.94894633880582,0.8409014463504879,,27.553648607308713,0.8446421532743962,,1775.9,-63.088138048206936,0.8422707619742826,,1780.9,1783.8,18.139191709401118,16.456019501076344,14.772847292751576,-45.789847785156304,False,True
2021-12-03,4,9.603164133009942,0.8477449983045101,,21.99600446929781,0.8469312856416918,,1771.1,49.45219406463973,0.8450228156160219,,1775.1,1769.4,-39.84902993162979,-41.54179774555032,-43.23456555947085,8.755419134705432,False,True
2021-12-06,0,-24.08222720263818,0.839066957543212,,-13.467259765074607,0.8411372175180847,,1783.3,-9.549757768711084,0.8422234699606963,,1781.0,1787.7,-14.532469433927096,-16.213759861431004,-17.89505028893491,-24.921294160181393,False,True
2021-12-07,1,20.209965897535994,0.8429334082607475,,6.727588973821047,0.8412315630082442,,1783.1,3.9225575577910434,0.840712924560027,,1784.2,1779.5,16.28740833974495,14.603762006924175,12.9201156741034,19.367032489275246,False,True
2021-12-08,2,31.321687892074053,0.8402890594364464,,-29.646225041543584,0.8378016085790885,,1790.4,-6.723819382583772,0.8401949252226518,,1785.3,1785.1,38.04550727465782,36.365023289998724,34.68453930533963,30.481398832637606,False,True
2021-12-09,3,14.560934472326725,0.8406658073193971,,-56.6859943610318,0.8394895903290801,,1786.8,-4.503743813107742,0.844261833736703,,1776.7,1784.3,19.064678285434468,17.37975064437837,15.694823003322266,13.720268665007328,False,True
2021-12-10,4,-16.90331707406617,0.8444519506840062,,4.510345681694535,0.8458805616646932,,1773.3,51.165386704760344,0.8455467869222099,,1774.0,1776.3,-68.06870377882652,-69.75870251643273,-71.44870125403895,-17.747769024750177,False,True
2021-12-13,0,8.963586034329506,0.840712924560027,,27.399575393562927,0.8399126490844954,,1785.9,-18.445548954222495,0.8376612497905849,,1790.7,1784.2,27.409134988552,25.73076081420139,24.052386639850777,8.122873109769479,False,True
2021-12-14,1,-15.675739409736996,0.8391138957261134,,0.0,0.8403832147459243,,1784.9,-75.92196859979484,0.8403832147459243,,1784.9,1787.6,60.24622919005784,58.5667320795858,56.88723496911376,-16.51485330546311,False,True
2021-12-15,2,-23.731506221862578,0.8465489023082569,,23.7315062218623,0.8485602760649432,,1767.7,31.556433264428264,0.8465966813410093,,1771.8,1771.9,-55.28793948629084,-56.98108506994011,-58.67423065358937,-24.578055124170834,False,True
2021-12-16,3,40.97561232588755,0.843691996175263,,-3.3615328906388986,0.8402419896930318,,1785.2,87.58528556808061,0.840477391158178,,1784.7,1777.9,-46.609673242193054,-48.2938426295265,-49.978012016859935,40.13192032971229,False,True
2021-12-17,4,46.519439266778555,0.8326394671107412,,16.01016158915949,0.8287750704458811,,1809.9,-79.1918855520757,0.8274036074797287,,1812.9,1801.5,125.71132481885425,124.05128174426379,122.39123866967331,45.68679979966782,False,True
2021-12-20,0,-8.891853425698306,0.8332407510276638,,-3.3364844884946216,0.8339819859891028,,1798.6,-35.66059387240759,0.834306691139663,,1797.9,1800.2,26.76874044670928,25.101193004541955,23.433645562374625,-9.72509417672597,False,True
2021-12-21,1,11.715809312422133,0.8373339287707938,,31.72927040577492,0.8363068688670832,,1793.6,-54.055691825531824,0.8336575334852444,,1799.3,1791.4,65.77150113795396,64.10050967569792,62.42951821344189,10.878475383651338,False,True
2021-12-22,2,-13.421319540676684,0.8382698111098693,,37.42080381151403,0.839348665435622,,1787.1,60.58098283349663,0.8362136247073254,,1793.8,1789.4,-74.00230237417331,-75.6767858099905,-77.3512692458077,-14.259589351786554,False,True
2021-12-23,3,6.090302765556675,0.8307487815684539,,-2.768012861252943,0.8302889405513121,,1806.6,22.122679228894693,0.8305187974087815,,1806.1,1805.6,-16.032376463338018,-17.693644042315253,-19.354911621292487,5.259553983988221,False,True
2021-12-24,4,,,missing bar,,,missing bar,,,,missing bar,,,,,,,False,False
2021-12-27,0,-2.2099447603762314,0.8286377195889958,,-11.057666853467127,0.8288666629828149,,1809.7,28.172922929330984,0.8297837030480723,,1807.7,1810.2,-30.382867689707215,-32.04128911234429,-33.69971053498135,-3.0385824799652275,False,True
2021-12-28,1,15.990739808390652,0.8277688869267702,,14.3156064531955,0.8264918177310046,,1814.9,-60.15304691931326,0.8253094910591473,,1817.5,1812.1,76.14378672770391,74.49070834971799,72.83762997173207,15.16297092146388,False,True
2021-12-29,2,-11.076651553428713,0.8302889405513121,,-61.145271105059706,0.831255195344971,,1804.5,66.1315589171723,0.8363534987454698,,1793.5,1806.6,-77.20821047060102,-78.8748529098978,-80.54149534919458,-11.906940493980025,False,True
2021-12-30,3,-39.39962367647268,0.8307487815684539,,37.73798806933659,0.8340283569641369,,1798.5,56.34128911778189,0.8308868332133165,,1805.3,1805.6,-95.74091279425457,-97.40254840903634,-99.06418402381811,-40.23037245804113,False,True
2021-12-31,4,4.401892884987939,0.8255365987892131,,9.897724331615288,0.8252186829509821,,1817.7,59.724568644418255,0.8243570015387999,,1819.6,1817.0,-55.32267575943032,-56.97256935975833,-58.622462960086345,3.5763562861987257,False,True
2022-01-03,0,-29.002181810583597,0.819627342768155,,-12.612762495718439,0.8220529402093496,,1824.7,-115.90813062496753,0.8231355978708227,,1822.3,1830.1,86.90594881438393,85.26318587374496,83.62042293310597,-29.82180915335175,True,True
2022-01-04,1,27.168656339190512,0.8328243850979957,,-26.614931152858844,0.8306107757904647,,1805.9,76.3278041934314,0.8328243850979957,,1801.1,1801.1,-49.15914785424089,-50.82479662443688,-52.49044539463287,26.335831954092516,False,True
2022-01-05,2,-8.26696842254395,0.8263552225650067,,24.780430643801537,0.8270386502729228,,1813.7,-42.98711496993525,0.8249010118785747,,1818.4,1815.2,34.720146547391295,33.068890312947715,31.417634078504133,-9.093323645108956,False,True
2022-01-06,3,-54.82803865880194,0.8284546559151664,,-52.3415638983123,0.8330556481172944,,1800.6,-1.6749951185137217,0.8374274229566772,,1791.2,1810.6,-53.153043540288216,-54.81892561916006,-56.4848076980319,-55.6564933147171,False,True
2022-01-07,4,-10.055305020187607,0.8375209380234507,,-1.1178804997396508,0.8383635144198526,,1789.2,41.83523044854184,0.8384572386808273,,1789.0,1791.0,-51.89053546872945,-53.56651364543373,-55.24249182213801,-10.892825958211057,False,True
2022-01-10,0,-18.944676084501005,0.8350033400133601,,-11.160715444210934,0.8365867261572785,,1793.0,57.903396568189606,0.8375677033893574,,1790.9,1796.4,-76.8480726526906,-78.52064369609332,-80.19321473949604,-19.779679424514363,False,True
2022-01-11,1,42.102992780765774,0.8327319158385612,,-10.509141153608462,0.8292332356680856,,1808.9,79.92325856389978,0.8301051466519094,,1807.0,1801.3,-37.820265783134005,-39.48310284562447,-41.14593990811495,41.27026086492722,False,True
2022-01-12,2,-24.18779696103109,0.823587547356284,,13.200595943630628,0.8255820353349111,,1816.9,35.66631123192931,0.824538258575198,,1819.2,1821.3,-59.8541081929604,-61.50223399889188,-63.15035980482337,-25.011384508387373,False,True
2022-01-13,3,4.928401381138952,0.8216026729473627,,-14.244236233018452,0.8211978539362752,,1826.6,-10.42209578443754,0.8223684210526317,,1824.0,1825.7,15.350497165576492,13.706526071576498,12.062554977576504,4.10679870819159,False,True
2022-01-14,4,24.666332017455936,0.8232259480818837,,-33.45126642090407,0.8211978539362752,,1826.6,-17.043740552712734,0.8239947264337509,,1820.4,1822.1,41.71007257016867,40.06285189565303,38.4156312211374,23.843106069374052,False,True
2022-01-17,0,15.383773156462329,0.8247649419915325,,-12.634240467719062,0.8234519104084324,,1821.6,,,missing bar,,1818.7,,,,14.559008214470797,False,False
2022-01-18,1,-17.057808081380074,0.8246742536698005,,-5.509034956430224,0.8261276642617172,,1815.7,-7.166285690224665,0.8265829062654985,,1814.7,1818.9,-9.891522391155409,-11.542779551090707,-13.194036711026007,-17.882482335049875,False,True
2022-01-19,2,-8.829535367517007,0.8274036074797287,,36.37369675806244,0.8281802120141344,,1811.2,125.73968419623327,0.8252186829509821,,1817.7,1812.9,-134.56921956375027,-136.22184185418098,-137.8744641446117,-9.656938974996736,False,True
2022-01-20,3,-2.717612865598587,0.8151730884191078,,5.977448894183923,0.8153503288579661,,1839.7,-5.43389678099291,0.8148631029986964,,1840.8,1840.1,2.7162839153943232,1.0862477239765191,-0.5437884674412854,-3.5327859540176947,False,True
2022-01-21,4,-10.32805244960666,0.8149516462023254,,-18.509450545479346,0.8158381377134779,,1838.6,4.902895530349754,0.8173496076721884,,1835.2,1840.6,-15.230947979956415,-16.863249233830928,-18.495550487705444,-11.143004095808987,False,True
2022-01-24,0,14.701480963221547,0.8173496076721884,,5.983626800229171,0.8161932745674176,,1837.8,24.439930698780827,0.8156606851549757,,1839.0,1835.2,-9.73844973555928,-11.371460028386444,-13.004470321213608,13.884131355549359,False,True
2022-01-25,1,-15.19922125197109,0.8136255152961599,,-5.43389678099291,0.8148631029986964,,1840.8,44.46861991662835,0.8152616990053807,,1839.9,1843.6,-59.66784116859944,-61.29672838290098,-62.92561559720252,-16.012846767267252,False,True
2022-01-26,2,-21.66848085090314,0.8116883116883118,,15.172043007923126,0.8134049129656745,,1844.1,-153.85758248384545,0.8121277747698973,,1847.0,1848.0,132.1891016329423,130.56528554648412,128.9414694600259,-22.48016916259145,False,True
2022-01-27,3,-49.600542582507906,0.8246289169873559,,-20.462911213595707,0.828729281767956,,1810.0,-53.29201021592164,0.8304728158564945,,1806.2,1819.0,3.691467633413737,2.036365900569886,0.38126416772603644,-50.425171499495264,False,True
2022-01-28,4,-14.475005311058904,0.8344923504867873,,-52.522889922591865,0.8359340169415962,,1794.4,28.530689824064808,0.8403361344537816,,1785.0,1797.5,-43.005695135123716,-44.680523620064285,-46.355352105004854,-15.309497661545691,False,True
2022-01-31,0,-19.541615889010718,0.8366800535475235,,17.310220141718542,0.8383166601464261,,1789.3,28.967765785948778,0.8368200836820084,,1792.5,1792.8,-48.5093816749595,-50.18288181218903,-51.85638194941856,-20.378295942558243,True,True
2022-02-01,1,33.852247983407395,0.8338429039968871,,2.215943724096998,0.8310709734611337,,1804.9,-22.735474345419206,0.8308408109006316,,1805.4,1798.9,56.5877223288266,54.92303861392908,53.258354899031566,33.018405079410506,True,True
2022-02-02,2,-20.011123965175656,0.8329631274988896,,43.30693570976386,0.8346316492321391,,1797.2,12.180943868121805,0.8310249307479225,,1805.0,1800.8,-32.19206783329746,-33.85605589154427,-35.52004394979108,-20.844087092674545,True,True
2022-02-03,3,-13.287567008741766,0.8299214341042381,,-14.415615714432187,0.8310709734611337,,1804.9,15.52278834811402,0.8322237017310253,,1802.4,1807.4,-28.810355356855787,-30.47250049269105,-32.134645628526314,-14.117488442846003,True,True
2022-02-04,4,13.837768239141926,0.8308408109006316,,21.548755472186365,0.8296919077382598,,1807.9,-16.019890182051242,0.8279516476237789,,1811.7,1805.4,29.857658421193168,28.19886596266876,26.540073504144345,13.006927428241294,True,True
2022-02-07,0,31.476956712558373,0.8296460176991152,,1.1025966161447494,0.8269930532583528,,1813.8,39.06147513350163,0.8268562923763851,,1814.1,1808.0,-7.584518420943258,-9.241020731018759,-10.897523041094258,30.647310694859257,False,True
2022-02-08,1,-19.783487246024166,0.823497117760088,,3.850067423737233,0.8251732863901421,,1817.8,46.088087725102724,0.8249010118785747,,1818.4,1821.5,-65.87157497112689,-67.51997310076555,-69.16837123040422,-20.606984363784253,False,True
2022-02-09,2,3.8306838238966687,0.8210180623973728,,8.204118927635822,0.8207485226526594,,1827.6,27.843765429637067,0.8200754469411188,,1829.1,1827.0,-24.013081605740396,-25.654175115078885,-27.29526862441738,3.0096657614992957,False,True
2022-02-10,3,9.26506320194382,0.8178844056706653,,-16.355908127735415,0.8171269815329304,,1835.7,-30.053846287370938,0.8184199039720647,,1832.8,1834.0,39.318909489314755,37.682605179672024,36.0463008700293,8.447178796273153,False,True
2022-02-11,4,-1.0947506716282214,0.8210180623973728,,26.788415003021242,0.8211528986697323,,1826.7,157.09114551517908,0.8189561039528284,,1831.6,1827.0,-158.1858961868073,-159.82587035315748,-161.4658445195077,-1.9157687340255942,False,True
2022-02-14,0,-35.504905768408356,0.8054988723015789,,7.00336728961443,0.8083638715240355,,1855.6,86.86381695296532,0.8077979428079057,,1856.9,1862.2,-122.36872272137367,-123.98201953648316,-125.59531635159264,-36.31040464070993,False,True
2022-02-15,1,19.726501212019482,0.8005123278898497,,-141.61047672650466,0.7989347536617845,,1877.5,21.045255049152214,0.81028522039758,,1851.2,1873.8,-1.318753837132732,-2.929551385420162,-4.540348933707591,18.925988884129634,False,True
2022-02-16,2,5.387931164825792,0.8084074373484237,,-11.318620336835288,0.808015513897867,,1856.4,92.86912171601523,0.8089742206881675,,1854.2,1855.5,-87.48119055118944,-89.09857220922603,-90.71595386726263,4.579523727477368,False,True
2022-02-17,3,33.59734381836969,0.8012820512820514,,55.7518634207711,0.7986795165326662,,1878.1,63.86425527823202,0.7942391189240708,,1888.6,1872.0,-30.266911459862335,-31.862432630068458,-33.45795380027458,32.796061767087636,False,True
2022-02-18,4,-38.46665262234235,0.7888923950773115,,9.498681452969102,0.7919328440948209,,1894.1,25.284463533586905,0.7911392405063292,,1896.0,1901.4,-63.75111615592925,-65.33114779151289,-66.91117942709653,-39.255545017419664,False,True
2022-02-21,0,-51.0890427315236,0.7880220646178093,,28.998517671624285,0.7920164739426581,,1893.9,,,missing bar,,1903.5,,,,-51.877064796141404,False,False
2022-02-22,1,-5.754793640208553,0.7845188284518829,,-52.46877035217776,0.7849704327803654,,1910.9,-3.6829506111725387,0.7890583903208839,,1901.0,1912.0,-2.0718430290360144,-3.645420247808781,-5.218997466581548,-6.539312468660436,False,True
2022-02-23,2,-25.80646593491737,0.7889753839680204,,8.960337929848453,0.7909723686985869,,1896.4,67.73635077452597,0.7903055848261329,,1898.0,1901.2,-93.54281670944334,-95.1220976782375,-96.70137864703165,-26.59544131888539,False,True
2022-02-24,3,183.46285719174318,0.7845598619174644,,87.93512696113177,0.770257779603574,,1947.4,-306.984986801443,0.7634364820846906,,1964.8,1911.9,490.44784399318615,488.89984764918404,487.35185130518187,182.6782973298257,False,True
2022-02-25,4,42.918520815410844,0.786782061369001,,-90.75948248568902,0.7833716315019846,,1914.8,-39.074925628744126,0.790513833992095,,1897.5,1906.5,81.99344644415497,80.41615054879388,78.83885465343278,42.13173875404184,False,True
2022-02-28,0,-118.87134972060504,0.7808433107756378,,88.63771876121987,0.7902223158782005,,1898.2,-24.04726967800728,0.7832080200501254,,1915.2,1921.0,-94.82408004259776,-96.38813137342352,-97.95218270424928,-119.65219303138068,False,True
2022-03-01,1,5.238619219808102,0.7859987424020123,,48.06445698482638,0.7855459544383347,,1909.5,150.02091924698547,0.7818200771395811,,1918.6,1908.4,-144.78230002717737,-146.35011884671894,-147.91793766626057,4.45262047740609,False,True
2022-03-02,2,12.329824320827898,0.77108929214003,,-101.136052968188,0.7700995995482084,,1947.8,12.956390607784035,0.7778872582067107,,1928.3,1945.3,-0.6265662869561375,-2.175542837302878,-3.724519387649619,11.558735028687869,False,True
2022-03-03,3,13.450596958044274,0.776518092871564,,-6.205719804059329,0.7754743317996176,,1934.3,27.379585746698652,0.7759557187936477,,1933.1,1931.7,-13.928988788654378,-15.48146260031959,-17.0339364119848,12.67407886517271,False,True
2022-03-04,4,1.0316723417792124,0.7737941707505804,,49.39552106679619,0.7737143446639502,,1938.7,135.0924120955318,0.7698624512420449,,1948.4,1938.5,-134.0607397537526,-135.60439637574524,-137.14805299773786,0.257878171028632,False,True
2022-03-07,0,97.57647080424239,0.7581501137225171,,-51.18180674593634,0.7507507507507508,,1998.0,69.67970644442693,0.7545651189697672,,1987.9,1978.5,27.896764359815464,26.384049127123177,24.871333894430897,96.81832069051987,False,True
2022-03-08,1,109.34502584012156,0.7496251874062969,,-46.079605875398975,0.7415097137772505,,2022.9,219.06573480595264,0.7448974524507127,,2013.7,2001.0,-109.72070896583108,-111.21523160568809,-112.7097542455451,108.59540065271527,False,True
2022-03-09,2,-29.65269654466015,0.7280846519755365,,-187.69282875800886,0.7301401869158879,,2054.4,-102.19685645901548,0.7439738121218135,,2016.2,2060.2,72.54415991435533,71.07210145025799,69.60004298616063,-30.380781196635684,False,True
2022-03-10,3,-57.3701940904078,0.7527097551184264,,137.84333943162125,0.7570786857114017,,1981.3,-34.90753058456831,0.7467144563918758,,2008.8,1992.8,-22.462663505839487,-23.96208771734979,-25.46151192886009,-58.122903845526224,False,True
2022-03-11,4,-19.516106977530004,0.7498875168724692,,-91.0629390372976,0.7512395452496621,,1996.7,71.02409909037327,0.7582650894752807,,1978.2,2000.3,-90.54020606790327,-92.04835867425102,-93.55651128059877,-20.265994494402474,False,True
2022-03-14,0,-39.8035542517869,0.7542615779152211,,-63.813840253918286,0.757269789983845,,1980.8,-75.48745424693472,0.7621951219512196,,1968.0,1988.7,35.68389999514782,34.16744329528137,32.650986595414935,-40.55781582970212,False,True
2022-03-15,1,-115.83439254322731,0.767773967344014,,-11.400146327422885,0.7768398156300171,,1930.9,-49.377682902659465,0.7777259293824857,,1928.7,1953.7,-66.45670964056785,-68.00220953729435,-69.54770943402085,-116.60216651057132,False,True
2022-03-16,2,-17.201390777406306,0.7812093120149993,,47.35276182636117,0.7823909868558315,,1917.2,10.378828124200213,0.7788161993769472,,1926.0,1920.1,-27.58021890160652,-29.14024441299847,-30.700269924390415,-17.982600089421307,False,True
2022-03-17,3,20.203596894874035,0.777846919726198,,58.30017802859229,0.7761564731449861,,1932.6,-3.087531543077914,0.7717637373945258,,1943.6,1928.4,23.29112843795195,21.741517780831227,20.191907123710504,19.425749975147838,False,True
2022-03-18,4,-54.161533375620735,0.7716446319255107,,35.619375346527455,0.7757149506128148,,1933.7,-99.42601713150852,0.772916988715412,,1940.7,1943.9,45.26448375588778,43.71992213524686,42.175360514605934,-54.933178007546246,False,True
2022-03-21,0,8.319468033924966,0.7802746566791512,,8.311257036532853,0.7795042353063453,,1924.3,50.2370479342917,0.7788161993769472,,1926.0,1922.4,-41.91757990036673,-43.476670756422834,-45.03576161247893,7.539193377245815,False,True
2022-03-22,1,-2.066222436194699,0.7747533701771605,,-38.30628972352644,0.7749935417204858,,1935.5,-32.214513986470266,0.7781293769777456,,1927.7,1936.1,30.148291550275566,28.595408803120662,27.04252605596575,-2.8409758063718593,False,True
2022-03-23,2,-15.629887520753847,0.7808839606434484,,64.96060260907424,0.7820646506777895,,1918.0,70.71544682677666,0.7770007770007772,,1930.5,1920.9,-86.3453343475305,-87.90321908517473,-89.46110382281894,-16.410771481397294,False,True
2022-03-24,3,-11.322698070198912,0.7715652487011987,,78.99502478924032,0.7724791430631374,,1941.8,2.0434227401887948,0.7663618249629593,,1957.3,1944.1,-13.366120810387708,-14.904047884051867,-16.441974957716024,-12.094263318900111,False,True
2022-03-25,4,-4.5980535716985775,0.7661661048115233,,-17.902360219817773,0.7665576451349143,,1956.8,23.0137928561628,0.7680098305258308,,1953.1,1957.8,-27.61184642786138,-29.146022363198735,-30.680198298536087,-5.364219676510101,False,True
2022-03-28,0,-132.07787652366596,0.7658140603461481,,-18.12298230657468,0.7759958613554062,,1933.0,-37.907354233677204,0.7774437649010056,,1929.4,1958.7,-94.17052228998875,-95.7137801152359,-97.25703794048306,-132.8436905840121,False,True
2022-03-29,1,9.358915049050237,0.7802746566791512,,-92.42161705720882,0.7796257796257798,,1924.0,63.27314753318906,0.7868646068299849,,1906.3,1922.4,-53.91423248413882,-55.48137174764796,-57.048511011157096,8.578640392371087,False,True
2022-03-30,2,27.069251302577,0.7819015846538784,,-4.680065606340785,0.7798284377436966,,1923.5,51.87271720690175,0.7801123361764095,,1922.8,1918.4,-24.803465904324746,-26.36547982515503,-27.927493745985323,26.287349717923124,False,True
2022-03-31,3,,,roll,24.83188032327595,0.7769605304050556,,1930.6,36.10484631781565,0.7750736319950396,,1935.3,,,,,,False,False
2022-04-01,4,-27.83937458183326,0.7722405271828666,,-23.258829454188085,0.7743933918430564,,1937.0,-20.20255031969192,0.7762368039743325,,1932.4,1942.4,-7.636824262141339,-9.185301593298538,-10.733778924455738,-28.611615109016125,False,True
2022-04-04,0,21.77069074678732,0.7783716465154898,,7.762971019948074,0.7765984985762362,,1931.5,19.638249205474327,0.7759557187936477,,1933.1,1927.1,2.1324415413129927,0.5781141760038551,-0.9762131893052821,20.992319100271832,True,True
2022-04-05,1,-4.130311380933296,0.7742734733908018,,-26.887296446131565,0.7745533409067439,,1936.6,-25.401117828127585,0.7765984985762362,,1931.5,1937.3,21.27080644719429,19.719934475227248,18.169062503260214,-4.904584854324098,True,True
2022-04-06,2,-25.97269134461861,0.778169744760324,,10.91788301541517,0.7802746566791512,,1922.4,20.764127061685226,0.7794637289544794,,1924.4,1927.6,-46.73681840630384,-48.29445188001865,-49.85208535373344,-26.750861089378933,False,True
2022-04-07,3,-1.037344399269962,0.777967947720554,,31.073617628297388,0.7780486539758288,,1927.9,4.652966349942379,0.7756748371082843,,1933.8,1928.1,-5.690310749212341,-7.24395353404118,-8.797596318870017,-1.815312346990516,False,True
2022-04-08,4,-7.75775167556219,0.7754743317996176,,20.675047422642145,0.7761163139649196,,1932.7,69.97353103158503,0.774473358116481,,1936.8,1934.3,-77.73128270714722,-79.28123039706331,-80.8311780869794,-8.533226007361808,False,True
2022-04-11,0,-16.940890624671226,0.7693885925318015,,94.61292353649864,0.7707723138584864,,1946.1,-37.2231008786514,0.7634364820846906,,1964.8,1949.6,20.282210253980175,18.749385179363685,17.21656010474719,-17.710279217203027,False,True
2022-04-12,1,24.492307375712706,0.7663226729334832,,-11.728412144761046,0.764448068494547,,1962.2,52.41342177359117,0.7653061224489797,,1960.0,1957.4,-27.921114397878462,-29.452743193260925,-30.98437198864339,23.725984702779222,False,True
2022-04-13,2,9.130567743992726,0.7612281146917027,,50.07471073910038,0.7606105167080779,,1972.1,-4.0369380373647,0.7567731194187984,,1982.1,1970.5,13.167505781357427,11.649504547246925,10.131503313136424,8.369339629301024,False,True
2022-04-14,3,-23.74637973258002,0.7569640694388374,,20.71911194235009,0.7588021044111697,,1976.8,-18.69678909442121,0.757269789983845,,1980.8,1981.6,-5.049590638158811,-6.5638244975814946,-8.078058357004176,-24.503343802018858,False,True
2022-04-15,4,,,missing bar,,,missing bar,,,,missing bar,,,,,,,False,False
2022-04-18,0,76.03067767654943,0.7581501137225171,,12.532272237028524,0.7524077046548958,,1993.6,-69.88640526018322,0.7515406583496167,,1995.9,1978.5,145.91708293673264,144.4073921646605,142.89770139258837,75.27252756282691,False,True
2022-04-19,1,-19.70443987298725,0.7571168988491824,,29.79574458979924,0.7586485939712726,,1977.2,-157.04335150919343,0.7563915082446676,,1983.1,1981.2,137.33891163620618,135.82540322911234,134.31189482201847,-20.461556771836435,False,True
2022-04-20,2,-46.711067147034825,0.7681671531725304,,54.38978978494984,0.7717637373945258,,1943.6,30.14589820986457,0.7675775253300584,,1954.2,1952.7,-76.8569653568994,-78.39271003540198,-79.92845471390457,-47.47923430020735,False,True
2022-04-21,3,-27.589043198276247,0.7653061224489797,,-69.81906281930603,0.767381183813373,,1954.7,62.13592282046702,0.7726781023025809,,1941.3,1960.0,-89.72496601874327,-91.26295024349483,-92.8009344682464,-28.354349320725227,False,True
2022-04-22,4,9.723395766205671,0.7680098305258308,,-93.02392662313449,0.7673419275629221,,1954.8,-21.193567158536176,0.7745533409067439,,1936.6,1953.1,30.916962924741846,29.37439975330927,27.831836581876697,8.95538593567984,False,True
2022-04-25,0,-69.60343911501269,0.7764377038148974,,-52.7843604505513,0.7818608287724785,,1918.5,-49.37503465085057,0.7859575582918524,,1908.5,1931.9,-20.228404464162118,-21.790799726268865,-23.353194988375616,-70.37987681882758,False,True
2022-04-26,1,17.880625326658574,0.789556795452153,,6.828269299107297,0.7881462799495588,,1903.2,9.446340245867987,0.7875669431901713,,1904.6,1899.8,8.434285080790588,6.857161342148263,5.280037603505939,17.09106853120642,False,True
2022-04-27,2,-43.60968424612788,0.7864108210128973,,9.999211421772548,0.7898062342038754,,1899.2,-76.56398781828194,0.7890168849613384,,1901.1,1907.4,32.95430357215407,31.37887586617983,29.803448160205598,-44.39609506714078,False,True
2022-04-28,3,-23.347139969538333,0.7949968200127201,,25.468258049177102,0.7968974127397335,,1882.3,42.305721479765154,0.7949125596184421,,1887.0,1886.8,-65.65286144930349,-67.24277082893464,-68.8326802085658,-24.142136789551053,False,True
2022-04-29,4,88.74943377547288,0.791222702816753,,41.738465143178644,0.7842317143305276,,1912.7,-125.20791174366228,0.7809246147438569,,1920.8,1895.8,213.95734551913517,212.38519820157455,210.81305088401396,87.95821107265613,False,True
2022-05-02,0,-47.04647239765165,0.7910557958021307,,-60.58370021062728,0.7947440924022465,,1887.4,-68.46410996038671,0.7995735607675907,,1876.0,1896.2,21.41763756273506,19.82700820616534,18.236378849595617,-47.83752819345378,True,True
2022-05-03,1,-27.403902053348027,0.8048937540244688,,29.551642815583843,0.8071459319845029,,1858.4,24.115121142365943,0.8048073827663914,,1863.8,1863.6,-51.51902319571397,-53.12872433250483,-54.73842546929569,-28.208795807372496,True,True
2022-05-04,2,-10.71065276707977,0.8028689182679443,,12.315602209893026,0.8036862408915559,,1866.4,72.51431401922771,0.8026970621287527,,1868.7,1868.3,-83.22496678630748,-84.83053276670418,-86.43609874710087,-11.513521685347714,True,True
2022-05-05,3,70.34274674821569,0.7961360861950004,,1.5808193946785618,0.7904721753794267,,1897.6,-109.14015619395563,0.7903888713246919,,1897.8,1884.1,179.48290294217134,177.89637798465165,176.30985302713196,69.54661066202068,False,True
2022-05-06,4,-22.929063289031095,0.7989347536617845,,46.87092468960741,0.8008114889754953,,1873.1,4.249893816621637,0.7970244420828907,,1882.0,1877.5,-27.17895710565273,-28.774916301397404,-30.37087549714208,-23.727998042692878,False,True
2022-05-09,0,-69.25235433314514,0.7963051441312312,,-59.51281538429238,0.8018388838402738,,1870.7,-31.23992630081184,0.806668459263243,,1859.5,1883.7,-38.01242803233329,-39.615401635727764,-41.21837523912224,-70.04865947727636,False,True
2022-05-10,1,28.00971397624847,0.8091051297265225,,3.2266738650480775,0.8067986230636833,,1859.2,-122.26281592458463,0.8065383374556406,,1859.8,1853.9,150.2725299008331,148.65688643365093,147.04124296646876,27.20060884652195,False,True
2022-05-11,2,32.61581495409923,0.8167265599477296,,36.83644468706605,0.8140670791273202,,1842.6,15.669326453378853,0.8111177202184612,,1849.3,1836.6,16.946488500720378,15.318644220554187,13.690799940387997,31.7990883941515,False,True
2022-05-12,3,-4.319887750099581,0.8098040274253632,,-51.43904998943977,0.8101101749837979,,1851.6,-116.85182648252204,0.8142880408229739,,1842.1,1852.3,112.53193873242246,110.90784666417413,109.28375459592579,-5.129691777524944,False,True
2022-05-13,4,-2.7455179592054724,0.823542330075766,,-47.33866934624799,0.8237232289950578,,1821.0,-11.593564110850043,0.8276318693445157,,1812.4,1821.4,8.84804615164457,7.196871952224289,5.545697752804007,-3.5690602892812384,False,True
2022-05-16,0,-25.45516287901585,0.8290040897535095,,-33.85412673650447,0.8310709734611337,,1804.9,133.64457804950766,0.8339356201701229,,1798.7,1809.4,-159.09974092852352,-160.76268063844714,-162.42562034837078,-26.284166968769362,False,True
2022-05-17,1,27.923038209136777,0.8224135095125831,,22.937042441034308,0.8201202843083653,,1829.0,-107.49253441649806,0.8182413266419377,,1833.2,1823.9,135.41557262563484,133.77491778948033,132.1342629533258,27.100624699624195,False,True
2022-05-18,2,-32.03891598838743,0.8272667107875581,,-3.873502524706991,0.8298755186721993,,1807.5,45.27892882146734,0.8301510874979248,,1806.9,1813.2,-77.31784480985476,-78.97526260814024,-80.63268040642572,-32.866182699174985,False,True
2022-05-19,3,-18.197363647445904,0.8264007492700128,,94.49581358487379,0.8279973504084788,,1811.6,62.13908580618786,0.820165126578818,,1828.9,1815.1,-80.33644945363376,-81.98301532948258,-83.62958120533142,-19.02376439671592,False,True
2022-05-20,4,40.145445334712925,0.8153946510110895,,-33.08118746723478,0.8121277747698973,,1847.0,23.332168266806367,0.8148631029986964,,1840.8,1839.6,16.813277067906558,15.183019313896772,13.552761559886985,39.330050683701835,False,True
2022-05-23,0,37.340736625803466,0.8132726089785297,,53.33633310505842,0.81028522039758,,1851.2,-48.4758032116199,0.8059749610445437,,1861.1,1844.4,85.81653983742336,84.19729226740029,82.57804469737722,36.527464016824936,False,True
2022-05-24,1,-12.424710563068341,0.8098040274253632,,38.30905486390253,0.8108984755108661,,1849.8,45.668313085067744,0.8077544426494347,,1857.0,1852.3,-58.09302364813608,-59.71058211821088,-61.32814058828568,-13.234514590493704,False,True
2022-05-25,2,-49.9799508771043,0.8041170794467676,,-13.478180868863747,0.8081461128171976,,1856.1,-9.175055289188814,0.8091924259588932,,1853.7,1865.4,-40.80489558791549,-42.41820509332115,-44.03151459872681,-50.78406795655107,False,True
2022-05-26,3,-37.330635502270084,0.810022680635058,,-3.2523851110634774,0.8129640669882393,,1845.1,22.204780441360455,0.8132726089785297,,1844.4,1851.8,-59.53541594363054,-61.15871123324413,-62.78200652285771,-38.14065818290514,False,True
2022-05-27,4,19.45841379325346,0.8115565654926149,,22.653731370928977,0.8099789405475458,,1851.9,-29.13723531216003,0.8081896551724139,,1856.0,1848.3,48.595649105413486,46.97590288474846,45.35615666408343,18.646857227760844,False,True
2022-05-30,0,,,roll,-37.069911094223336,0.8043758043758045,,1864.8,,,missing bar,,,,,,,False,False
2022-05-31,1,-12.915031661175366,0.806668459263243,,-30.198469886512417,0.8076674563859574,,1857.2,-62.305497506360865,0.8101539292465569,,1851.5,1859.5,49.3904658451855,47.7736434566757,46.156821068165904,-13.721700120438609,False,True
2022-06-01,2,-24.486476661422916,0.8152173913043479,,-20.179440187414734,0.8172605426610005,,1835.4,96.70834906337447,0.8189113937871924,,1831.7,1840.0,-121.19482572479738,-122.82895450988892,-124.46308329498046,-25.301694052727264,False,True
2022-06-02,3,25.913743378977422,0.8108546407913941,,22.61835204138324,0.8087125296527929,,1854.8,71.29295024545978,0.8069288288772931,,1858.9,1849.9,-45.379206866482356,-46.99699033615104,-48.61477380581973,25.102888738186028,False,True
2022-06-03,4,-19.778170285317408,0.801025312399872,,-10.171579345343124,0.8026111616458881,,1868.9,-70.41336303175943,0.8034279592929835,,1867.0,1872.6,50.63519274644202,49.03073947474917,47.426286203056314,-20.57919559771728,True,True
2022-06-06,0,14.016174801339284,0.8091924259588932,,-0.5386915184334211,0.808015513897867,,1856.4,-67.02365504058443,0.8080590421806821,,1856.3,1853.7,81.03982984192372,79.42257837378413,77.80532690564456,13.206982375380392,False,True
2022-06-07,1,-0.5424611463534468,0.8136696501220505,,34.65644883144361,0.8136696501220505,,1843.5,26.994941347378003,0.8109423149699952,,1849.7,1843.5,-27.53740249373145,-29.162014458823496,-30.78662642391554,-1.3561307964754974,False,True
2022-06-08,2,-17.265570275888074,0.8086253369272238,,11.33450397962034,0.8100664254468867,,1851.7,10.244521425449694,0.8091924259588932,,1853.7,1855.0,-27.510091701337767,-29.127909464223887,-30.745727227110002,-18.0741956128153,False,True
2022-06-09,3,-12.945683883604092,0.808581747614684,,-24.318421020270073,0.8096291898310575,,1852.7,13.517534297625684,0.8116004761389461,,1848.2,1855.1,-26.463218181229777,-28.083400404983408,-29.70358262873704,-13.754265631218775,False,True
2022-06-10,4,-20.015694654024347,0.8106355382619975,,-54.300741591056635,0.8123036932741255,,1846.6,207.99284203271813,0.8167265599477296,,1836.6,1850.4,-228.00853668674247,-229.63589878495222,-231.26326088316193,-20.826330192286346,False,True
2022-06-13,0,-76.39538183417547,0.7982969664715275,,-39.22311129633135,0.8043758043758045,,1864.8,-202.31275198652705,0.8075804888553892,,1857.4,1879.0,125.91737015235158,124.31149269702466,122.70561524169774,-77.19367880064699,False,True
2022-06-14,1,58.0441888107129,0.8237684661431162,,-69.59122855090487,0.8190902637470651,,1831.3,-48.50632374779602,0.8248102936324646,,1818.6,1820.9,106.55051255850893,104.90193379873334,103.25335503895776,57.22042034456979,False,True
2022-06-15,2,66.09045370627842,0.8288666629828149,,60.20158287047611,0.8234067080199814,,1821.7,17.44344950339109,0.8183752523323696,,1832.9,1809.7,48.64700420288733,46.99976228757215,45.35252037225696,65.2615870432956,False,True
2022-06-16,3,-22.90452002050192,0.8170824708573919,,-61.88240223684385,0.8189113937871924,,1831.7,212.49067304794974,0.8239042074041526,,1820.6,1835.8,-235.39519306845165,-237.0361797467132,-238.67716642497473,-23.721602491359313,False,True
2022-06-17,4,-62.043305493722904,0.8067552304630776,,14.602885312201241,0.8118640398354623,,1847.6,-46.582253011533446,0.810591731964334,,1850.5,1859.3,-15.461052482189459,-17.07839944461687,-18.695746407044282,-62.85006072418598,False,True
2022-06-20,0,21.16632631973901,0.8149516462023254,,-24.966091665337352,0.813096270598439,,1844.8,,,missing bar,,1840.6,,,,20.351374673536686,False,False
2022-06-21,1,-20.132226513019194,0.8153503288579661,,-1.634209454816026,0.8170379650307752,,1835.9,-4.358960456965753,0.8171269815329304,,1835.7,1839.7,-15.77326605605344,-17.405743366444337,-19.038220676835234,-20.94757684187716,False,True
2022-06-22,2,-38.22217168349551,0.8174832415935475,,57.825702563899554,0.8206587153955577,,1827.8,6.524930904109221,0.81588251291814,,1838.5,1834.9,-44.74710258760473,-46.380468342116416,-48.0138340966281,-39.03965492508906,False,True
2022-06-23,3,-13.598413800991825,0.8153503288579661,,-32.71718933459488,0.8165931732810715,,1836.9,-37.21138145210315,0.8193139611098975,,1830.8,1839.7,23.612967651111322,21.978303361143457,20.343639071175595,-14.41376412984979,False,True
2022-06-24,4,1.0963109148732282,0.8222782589628331,,9.861393446943838,0.8221881166410876,,1824.4,10.398709307997253,0.8213777242361188,,1826.2,1824.2,-9.302398393124024,-10.946054376322975,-12.589710359521927,0.27403265591039505,False,True
2022-06-27,0,3.2610468249223783,0.8153946510110895,,-27.206459267224755,0.8150844970928653,,1840.3,-62.305497506360865,0.8172605426610005,,1835.4,1839.6,65.56654433128324,63.933889137611146,62.30123394393906,2.445652173911289,False,True
2022-06-28,1,24.64606773753199,0.8225488045624042,,-8.20860855461003,0.8205240413544118,,1828.1,-28.508791238602075,0.8211978539362752,,1826.6,1823.6,53.154858976134065,51.51111231763539,49.86736565913671,23.823518932969584,False,True
2022-06-29,2,-16.484425953847335,0.823542330075766,,44.9956860998825,0.8249463784853985,,1818.3,-39.49972219314156,0.8212877792378449,,1826.4,1821.4,23.015296239294223,21.37046612998061,19.725636020667,-17.307968283923103,False,True
2022-06-30,3,-9.349135885971819,0.824538258575198,,-65.68621304997363,0.8252640845070424,,1817.6,12.72933730286999,0.830702774547267,,1805.7,1819.2,-22.07847318884181,-23.733714221964274,-25.38895525508674,-10.173674144547016,False,True
2022-07-01,4,-54.904056064355565,0.8296001327360214,,-47.38156527309854,0.8341675008341676,,1798.2,129.35641859702716,0.8381761287438536,,1789.6,1808.1,-184.26047466138272,-185.92825092286262,-187.59602718434246,-55.733656197091584,False,True
2022-07-04,0,-15.996031983010303,0.8267195767195769,,-30.4044016526682,0.8279516476237789,,1811.7,,,missing bar,,1814.4,,,,-16.82275155972988,False,False
2022-07-05,1,6.081212007074133,0.8295083780346183,,-62.091340409687966,0.8290040897535095,,1809.4,-193.7120171707074,0.8341211143858089,,1798.3,1808.3,199.79322917778154,198.1295996853611,196.4659701929407,5.251703629039515,False,True
2022-07-06,2,21.51634372922049,0.8502437365378076,,-32.29373079347991,0.8484642796538266,,1767.9,-142.31657914018072,0.8512570228704389,,1762.1,1764.2,163.83292286940122,162.13142210999297,160.42992135058472,20.666099992682682,False,True
2022-07-07,3,24.721891453890727,0.8634584388671427,,4.018715787357049,0.8613264427217917,,1741.5,-21.834069809435064,0.8609309533375424,,1742.3,1737.2,46.55596126332579,44.831571871121106,43.10718247891642,23.858433015023586,False,True
2022-07-08,4,13.793898388087282,0.8627135215965952,,-9.768712168879091,0.861524323703406,,1741.1,8.619947090074696,0.8623663332183512,,1739.4,1738.7,5.173951298012586,3.448871443197639,1.723791588382693,12.931184866490687,False,True
2022-07-11,0,-23.570679802357052,0.8613264427217917,,-25.931382842867144,0.8632596685082875,,1737.6,-6.34938980608456,0.8655510675129834,,1733.0,1741.5,-17.221289996272493,-18.948167506507268,-20.675045016742043,-24.432006245078846,False,True
2022-07-12,1,6.351589554412605,0.8664009703690869,,7.501659372540923,0.8659008254921206,,1732.3,-55.52998998510814,0.8652514997692664,,1733.6,1731.3,61.88157953952074,60.14992706938239,58.418274599244036,5.485188584043518,False,True
2022-07-13,2,-1.740694541515221,0.8702715247157116,,22.60411893572214,0.8703725194383197,,1723.4,37.56035735301231,0.8684073409367222,,1727.3,1723.6,-39.301051894527525,-41.03973076017996,-42.778409625832396,-2.6109660662309326,False,True
2022-07-14,3,-84.57444839300017,0.8652514997692664,,-43.14372363871307,0.872651114084589,,1718.9,-21.055101941464983,0.8763729843421362,,1711.6,1733.6,-63.519346451535185,-65.2609709356466,-67.002595419758,-85.43969989276944,False,True
2022-07-15,4,-39.29969571086445,0.878117316473481,,5.288052063648617,0.8815750808110492,,1701.5,23.467303230944072,0.881057268722467,,1702.5,1708.2,-62.766998941808524,-64.52617352700447,-66.28534811220042,-40.177813027337926,False,True
2022-07-18,0,35.100071136501505,0.8790436005625879,,7.588803960123436,0.8759635599159076,,1712.4,-39.75683440577777,0.8752479869296302,,1713.8,1706.4,74.85690554227926,73.10261395478705,71.34832236729483,34.221027535938916,False,True
2022-07-19,1,-5.273180142697753,0.8786316776007499,,34.51607837784516,0.8790436005625879,,1706.4,-15.77978761727509,0.8759635599159076,,1712.4,1707.2,10.506607474577336,8.75201223706068,6.997416999544021,-6.151811820298503,False,True
2022-07-20,2,-25.77170055250155,0.8774495466510677,,7.035647569772401,0.8797653958944283,,1705.0,-69.98999310533887,0.879146641659829,,1706.2,1709.5,44.21829255283732,42.461696364526425,40.705100176215524,-26.649150099152617,False,True
2022-07-21,3,-38.451347325106966,0.8856350002952118,,-27.301340478517034,0.8890469416785207,,1687.2,205.88962577621464,0.8915304606240715,,1682.5,1693.7,-244.3409731013216,-246.1181385622409,-247.89530402316015,-39.336982325402175,False,True
2022-07-22,4,-1.1647545292997459,0.8735150244584208,,59.80566526428417,0.8735658959874208,,1717.1,-12.16439458367127,0.868357068426537,,1727.4,1717.2,10.999640054371524,9.257767961486566,7.515895868601608,-2.0382695537581665,False,True
2022-07-25,0,-13.332175988647942,0.8689103863754853,,1.160025521861709,0.8700696055684456,,1724.0,-35.43939802129725,0.8699182276865975,,1724.3,1726.3,22.10722203264931,20.368393418587228,18.629564804525145,-14.201086375023428,False,True
2022-07-26,1,29.64342895529824,0.8731590895861226,,-40.126831196723074,0.8705745792222869,,1723.0,-4.079848519362175,0.874074937357963,,1716.1,1717.9,33.723277474660414,31.976043447716325,30.228809420772244,28.77026986571212,False,True
2022-07-27,2,11.071294432740231,0.8745335820895523,,10.477910033645388,0.8736167734420502,,1717.0,78.81357439631685,0.8727018850360718,,1718.8,1715.2,-67.74227996357662,-69.48951543070224,-71.23675089782787,10.196760850650678,False,True
2022-07-28,3,36.87702248848927,0.8659008254921206,,-2.3009664160416183,0.8627631427585416,,1738.6,88.79272383797073,0.8631106507854308,,1737.9,1732.3,-51.91570134948146,-53.64471282575901,-55.373724302036564,36.01112166299715,False,True
2022-07-29,4,59.68470183196504,0.8551881413911062,,-35.768056982465595,0.8500991782374612,,1764.5,27.816429618767703,0.8527087715308966,,1759.1,1754.0,31.86827221319734,30.160375300275337,28.452478387353334,58.82951369057394,False,True
2022-08-01,0,-17.406444777839894,0.841514726507714,,56.600223954133654,0.8429807800382153,,1779.4,-1.6764927810362114,0.8381761287438536,,1789.6,1782.5,-15.729951996803683,-17.40964285205525,-19.089333707306817,-18.24795950434761,False,True
2022-08-02,1,7.263178797944294,0.8383635144198526,,27.329278841008044,0.8377548170901984,,1790.5,-108.07283841733819,0.8354218880534672,,1795.5,1789.2,115.33601721528248,113.66223181280917,111.98844641033584,6.424815283524441,False,True
2022-08-03,2,34.823670330000716,0.8439768187700446,,-10.658290633972836,0.8409957389549229,,1783.6,3.367381331627604,0.841987089531294,,1781.5,1777.3,31.45628899837311,29.770325090071772,28.084361181770433,33.97969351123067,False,True
2022-08-04,3,30.81493880242897,0.8417036081028002,,80.7826337989414,0.839066957543212,,1787.7,31.57809887031774,0.8323160581511487,,1802.2,1782.1,-0.7631600678887693,-2.437179734142718,-4.111199400396667,29.97323519432617,False,True
2022-08-05,4,-1.6597051295323644,0.8297837030480723,,-17.722645312246193,0.8300132802124834,,1807.2,-64.5091771058093,0.8314855875831487,,1804.0,1807.7,62.84947197627694,61.18820268564572,59.526933395014495,-2.4894888325804367,False,True
2022-08-08,0,1.675556428282486,0.8378484052952021,,48.472112066186504,0.8377548170901984,,1790.5,34.95440072406452,0.8337038683859493,,1799.2,1790.3,-33.27884429578204,-34.95039656946319,-36.62194884314434,0.8377080229872839,False,True
2022-08-09,1,-21.62402772141275,0.8307947936859598,,20.51396500172979,0.8325008325008326,,1801.8,27.101037023698886,0.8307487815684539,,1805.6,1805.5,-48.72506474511164,-50.38660832036605,-52.048151895620464,-22.454822515098712,False,True
2022-08-10,2,-35.39239440716182,0.8280430582390286,,18.263834393065025,0.8309328606248616,,1805.2,-2.2121446832836993,0.8294625082946252,,1808.4,1811.5,-33.18024972387812,-34.83775529041177,-36.49526085694543,-36.22043746540084,False,True
2022-08-11,3,-33.242869552002404,0.8296919077382598,,47.06412164558607,0.8325008325008326,,1801.8,-26.55015664385735,0.8285919460862842,,1810.3,1807.9,-6.6927129081450545,-8.350996761969599,-10.009280615794143,-34.07256145974066,False,True
2022-08-12,4,18.81676353533633,0.8309328606248616,,-44.33368303222723,0.8294166436273155,,1808.5,101.11980071418456,0.8330556481172944,,1800.6,1805.2,-82.30303717884823,-83.96702568759038,-85.63101419633254,17.98583067471147,False,True
2022-08-15,0,-65.63911153566316,0.8246742536698005,,-95.0825923977425,0.8301051466519094,,1807.0,28.451108422236043,0.8379888268156426,,1790.0,1818.9,-94.09021995789921,-95.75288303838465,-97.4155461188701,-66.46378578933296,False,True
2022-08-16,1,-1.113957893544039,0.8354218880534672,,-23.421826455703727,0.8355149557177075,,1795.3,-2.792282150329211,0.8375677033893574,,1790.9,1795.5,1.678324256785172,0.005334665342347389,-1.6676549261004772,-1.9493797815975062,False,True
2022-08-17,2,3.908103781979513,0.8376144739781105,,-44.19216768887211,0.8372404554588079,,1791.6,-41.5730935841764,0.8409485900095309,,1783.7,1790.8,45.48119736615591,43.802634302168265,42.124071238180626,3.0704893080014024,False,True
2022-08-18,3,-11.260628406825887,0.8440718023746556,,51.13088818998758,0.8449752140603876,,1775.2,-68.04468824180961,0.8406658073193971,,1784.3,1777.1,56.78405983498372,55.09932222528967,53.414584615595615,-12.104700209200542,False,True
2022-08-19,4,-21.454389439856854,0.8459759742823305,,-15.838899113954682,0.8478408320144699,,1769.2,-34.02714109471145,0.8492328596501163,,1766.3,1773.1,12.5727516548546,10.877542820922152,9.182333986989706,-22.300365414139186,False,True
2022-08-22,0,-30.718495058399,0.8519822787686019,,-52.55653342915771,0.8546521565722753,,1755.1,20.59968684505212,0.8592049490205065,,1745.8,1760.6,-51.31818190345112,-53.02936913124023,-54.740556359029334,-31.570477337167603,False,True
2022-08-23,1,-8.003201707691552,0.8571428571428572,,13.145488133097487,0.8578781812982558,,1748.5,59.22905862152756,0.856800137088022,,1750.7,1750.0,-67.23226032921912,-68.94620332344999,-70.66014631768087,-8.86034456483441,False,True
2022-08-24,2,-8.520065267895783,0.851643672287515,,-11.370744303199636,0.8523211546110575,,1759.9,35.77415018821252,0.8532908584106037,,1757.9,1761.3,-44.294215456108304,-45.99914998680642,-47.70408451750454,-9.371708940183298,False,True
2022-08-25,3,50.87918715121906,0.8501473588755385,,13.524938663555725,0.8458805616646932,,1773.3,-21.98732386857076,0.8447372867038352,,1775.7,1764.4,72.86651101978981,71.17162637421045,69.47674172863107,50.02903979234352,False,True
2022-08-26,4,-20.338990062279194,0.8465966813410093,,-61.83188999188755,0.8482723519764747,,1768.3,-37.62617745002572,0.8535336292249915,,1757.4,1771.8,17.287187387746528,15.587057077180528,13.886926766614526,-21.185586743620203,False,True
2022-08-29,0,-74.63149629770116,0.8579272477693892,,21.300488753585558,0.8644536652835408,,1735.2,60.77303419719459,0.8626142963942723,,1738.9,1748.4,-135.40453049489577,-137.12507203905943,-138.8456135832231,-75.48942354547056,False,True
2022-08-30,1,-32.05497879278915,0.8572408275231457,,2.2929206176713732,0.859943817003956,,1744.3,-52.29446161660533,0.859746661317132,,1744.7,1749.8,20.239482823816182,18.522495334975904,16.805507846135626,-32.91221962031229,False,True
2022-08-31,2,-9.800248673010005,0.864304235090752,,-47.989453493635715,0.8652015919709293,,1733.7,-15.081209354946896,0.8694140149539211,,1725.3,1735.5,5.280960681936891,3.547242431892218,1.8135241818475452,-10.664552908100758,False,True
2022-09-01,3,-29.643428955297402,0.8705745792222869,,-30.897509058774233,0.8731082654249128,,1718.0,-22.79702872447488,0.8758101243650377,,1712.7,1723.0,-6.846400230822521,-8.592784934409845,-10.33916963799717,-30.514003534519688,False,True
2022-09-02,4,33.90428219978465,0.8783229886403562,,18.657809622200826,0.875401225561716,,1713.5,34.89187070953713,0.8738203425375745,,1716.6,1707.8,-0.9875885097524773,-2.739731840930408,-4.4918751721083385,33.0259592111443,False,True
2022-09-05,0,-8.703473235011014,0.8699686811274795,,12.183449422817594,0.8707767328456986,,1722.6,,,missing bar,,1724.2,,,,-9.573441916138494,False,False
2022-09-06,1,63.74246534783273,0.8719916288803629,,-33.56096194865576,0.8665010686846516,,1731.1,-72.13107883878783,0.8694140149539211,,1725.3,1720.2,135.87354418662056,134.1321385427863,132.390732898952,62.87047371895236,False,True
2022-09-07,2,-18.114359118060406,0.8757078638566175,,11.69043855376071,0.8772955901275005,,1709.8,102.86900929714177,0.8762705923589207,,1711.8,1712.9,-120.98336841520218,-122.73534687141772,-124.48732532763326,-18.990066981917025,False,True
2022-09-08,3,6.358197954150499,0.8673026886383349,,24.239637885726534,0.8667514156939792,,1730.6,-89.74382091938509,0.8646031471554557,,1734.9,1729.5,96.10201887353558,94.3701130377418,92.638207201948,5.4908952655121634,False,True
2022-09-09,4,78.77705243628021,0.8722958827634336,,-5.7716727909504595,0.8655011251514629,,1733.1,-25.436480358344312,0.8660508083140879,,1732.0,1719.6,104.21353279462453,102.475186103547,100.73683941246948,77.90475655351678,False,True
2022-09-12,0,15.609195249056091,0.8678546632723908,,54.728367727294106,0.8665010686846516,,1731.1,-30.49396799274174,0.8617222956281956,,1740.7,1728.4,46.10316324179783,44.37358628289724,42.644009323996656,14.7413405857837,True,True
2022-09-13,1,-14.41130095217315,0.8640552995391706,,41.45083655168622,0.8653513326410524,,1733.4,-164.50788047028007,0.8617718028266117,,1740.6,1736.0,150.09657951810692,148.37075241574115,146.64492531337535,-15.27535625171232,False,True
2022-09-14,2,-4.090577120588272,0.8763729843421362,,5.259313488649768,0.8767827916764089,,1710.8,-27.49584907178021,0.8763217853595842,,1711.7,1711.6,23.40527195119194,21.65257718149022,19.899882411788496,-4.966950104930408,False,True
2022-09-15,3,-61.694134985950846,0.8786316776007499,,-8.254717449865074,0.8840690752637473,,1696.7,-127.03483195332976,0.8847991505928156,,1695.3,1707.2,65.3406969673789,63.57726613918534,61.81383531099177,-62.5727666635516,False,True
2022-09-16,4,-34.11440600900272,0.8962179602079227,,35.90883025446891,0.8993344924755682,,1667.9,63.722932478338684,0.8961644162982436,,1673.8,1673.7,-97.83733848734141,-99.62972086384758,-101.42210324035375,-35.01062396921064,False,True
2022-09-19,0,-67.27216916514041,0.8899964400142399,,-24.52081010938295,0.8960038229496448,,1674.1,88.82058928890415,0.8981498113885398,,1670.1,1685.4,-156.09275845404454,-157.88090470544734,-159.6690509568501,-68.16216560515466,False,True
2022-09-20,1,-22.578738053266882,0.8902605495875127,,-26.207650952506988,0.8922729165427401,,1681.1,-21.492545586796243,0.8945610687022902,,1676.8,1684.9,-1.0861924664706386,-2.8710140847604415,-4.655835703050244,-23.468998602854395,False,True
2022-09-21,2,39.36778123483232,0.8964857757590248,,20.218846088672645,0.8929102922793024,,1679.9,-7.1309724913884525,0.891053819650707,,1683.4,1673.2,46.49875372622078,44.711214130811044,42.92367453540131,38.471295459073296,False,True
2022-09-22,3,-94.33468965571744,0.8913715236510579,,80.0673493485398,0.8998740176375309,,1666.9,-5.3576213443338006,0.8926977325477595,,1680.3,1682.8,-88.97706831138365,-90.76113756758247,-92.54520682378129,-95.2260611793685,False,True
2022-09-23,4,-10.123567933238826,0.892803999761919,,-141.59953395191937,0.8936550491510278,,1678.5,-19.355234978529403,0.9063991781980785,,1654.9,1680.1,9.231667045290576,7.432463867330579,5.633260689370582,-11.016371933000745,False,True
2022-09-26,0,-39.447782910163404,0.908540278619019,,15.188799663563142,0.9120204292576155,,1644.7,-109.26402004670459,0.9106362311801847,,1647.2,1651.0,69.81623713654119,67.99706062674198,66.17788411694278,-40.356323188782426,False,True
2022-09-27,1,83.13006308145944,0.9206972747360669,,9.126031114321423,0.9130196603566864,,1642.9,-47.54946778945232,0.9122422915526366,,1644.3,1629.2,130.67953087091178,128.84659130462308,127.01365173833437,82.20936580672337,False,True
2022-09-28,2,-46.54874577675831,0.9165902841429883,,19.01199554604891,0.9208103130755065,,1629.0,220.5749003477867,0.9190613320262241,,1632.1,1636.5,-267.123646124545,-268.95929774071425,-270.7949493568834,-47.4653360609013,False,True
2022-09-29,3,-82.42383395715314,0.8987417615338527,,24.73979237408789,0.9062348960850654,,1655.2,57.089785777658776,0.9039956608208282,,1659.3,1669.0,-139.51361973481193,-141.3163571571666,-143.1190945795213,-83.32257571868699,False,True
2022-09-30,4,50.784276434422516,0.8984725965858043,,-37.01938787066894,0.8939746111210443,,1677.9,-20.957464034277727,0.8972365115444433,,1671.8,1669.5,71.74174046870024,69.94603136056999,68.15032225243975,49.88580383783671,False,True
2022-10-03,0,5.984440633420732,0.8979347500748281,,14.347204756603725,0.8973438621679829,,1671.6,203.98614295779203,0.8960038229496448,,1674.1,1670.5,-198.0017023243713,-199.79564089739577,-201.58957947042026,5.086505883345904,True,True
2022-10-04,1,37.97509894789919,0.878014516506673,,-1.7495261744591957,0.8746865706455188,,1714.9,116.54670522707774,0.874839612737665,,1714.6,1708.4,-78.57160627917855,-80.32446040842288,-82.07731453766723,37.09708443139252,True,True
2022-10-05,2,-6.92121379572735,0.8648523985239853,,-107.31272680948685,0.8654511885529657,,1733.2,60.47233220804687,0.874839612737665,,1714.6,1734.4,-67.39354600377422,-69.13323801503586,-70.87293002629752,-7.786066194251335,True,True
2022-10-06,3,22.576639882717938,0.8693132425383947,,-36.49321975099303,0.8673026886383349,,1729.5,-13.35617631258824,0.870473537604457,,1723.2,1725.5,35.932816195306174,34.19302941516332,32.45324263502047,21.707326640179545,True,True
2022-10-07,4,-23.851781283731153,0.8715862870424174,,1.1648223659063575,0.8736676568233445,,1716.9,-88.92067482018555,0.8736167734420502,,1717.0,1721.0,65.0688935364544,63.323690475969926,61.57848741548546,-24.723367570773572,True,True
2022-10-10,0,-63.6044547097499,0.8805917576611484,,-50.34511773997029,0.8862105636299186,,1692.6,-49.40927395593541,0.8907363420427554,,1684.0,1703.4,-14.19518075381449,-15.966508853518395,-17.7378369532223,-64.48504646741105,False,True
2022-10-11,1,-15.528880860557647,0.8952017187873003,,25.073143097835455,0.896592946802152,,1673.0,-23.28150769538678,0.8944010494305648,,1677.1,1675.6,7.752626834829131,5.963024066611267,4.173421298393402,-16.424082579344947,False,True
2022-10-12,2,33.408932160424555,0.8963786303334529,,-23.252358069366224,0.8932825154835637,,1679.2,28.610617358701415,0.8953620247119921,,1675.3,1673.4,4.798314801723141,3.006574146677696,1.214833491632251,32.512553530091104,False,True
2022-10-13,3,-37.566008221725085,0.892750862992501,,68.4669122967874,0.8961108787860685,,1673.9,-73.84942144739172,0.8900492493917997,,1685.3,1680.2,36.283413225666635,34.500613113282334,32.71781300089803,-38.458759084717585,False,True
2022-10-14,4,17.91794064762182,0.8967001434720231,,-89.9178819397098,0.8951482962344096,,1675.7,-63.42707542464619,0.9032335762028062,,1660.7,1672.8,81.34501607226801,79.54508235259318,77.74514863291836,17.021240504149795,False,True
2022-10-17,0,31.467499490959522,0.9091460088490213,,53.03134038623999,0.906344410876133,,1655.0,-50.61166434160621,0.9014964841637119,,1663.9,1649.9,82.07916383256573,80.26852133955299,78.45787884654025,30.5583534821105,False,True
2022-10-18,1,27.1386953044515,0.9058518026450874,,-13.861686715568752,0.903396771862202,,1660.4,-3.016136352226697,0.9047044632086854,,1658.0,1655.9,30.154831656678198,28.344275390824425,26.533719124970652,26.23284350180641,False,True
2022-10-19,2,-69.63605601909575,0.9051412020275164,,-35.91323822212572,0.9114108640174993,,1645.8,-34.206862503877204,0.9146899201170804,,1639.9,1657.2,-35.42919351521854,-37.249024637363135,-39.068855759507734,-70.54119722112327,False,True
2022-10-20,3,-1.223615786169334,0.9176556955830174,,45.78343314569811,0.9177679882525699,,1634.4,-56.80618763579636,0.9136313801924718,,1641.8,1634.6,55.58257184962703,53.751284773851545,51.91999769807605,-2.1412714817523515,False,True
2022-10-21,4,-44.819721996879046,0.9188924283263906,,13.528473346058917,0.9230201218386562,,1625.1,214.6174723571377,0.9218289085545724,,1627.2,1632.4,-259.43719435401675,-261.2779156908977,-263.1186370277787,-45.738614425205434,False,True
2022-10-24,0,-18.057065216949727,0.9020386072523905,,-33.18753988922084,0.9036144578313254,,1660.0,-2.417941134914301,0.9066183136899367,,1654.5,1662.9,-15.639124082035426,-17.447781002977752,-19.256437923920082,-18.959103824202117,False,True
2022-10-25,1,-0.6044304755683985,0.9066183136899367,,-39.970983449824274,0.9066183136899367,,1654.5,57.483593982576565,0.9102494083378847,,1647.9,1654.5,-58.088024458144965,-59.90489218017279,-61.72175990220061,-1.5110487892583353,False,True
2022-10-26,2,69.73277430521884,0.9048681908668639,,20.345886977874567,0.8985264166766505,,1669.4,-24.538420907271465,0.8966465419331701,,1672.9,1657.7,94.27119521249031,92.46968047969028,90.66816574689024,68.82790611435198,False,True
2022-10-27,3,-27.001906538272063,0.8988494726749762,,9.00873908559385,0.9012798173406238,,1664.3,9.600384752730763,0.9004682434866133,,1665.8,1668.8,-36.60229129100283,-38.40160900716442,-40.200926723326006,-27.90075601094704,False,True
2022-10-28,4,-39.665897311175854,0.8997120921305184,,-39.82386244293593,0.9032879682042636,,1660.6,-33.91681526437357,0.906947215672048,,1653.9,1667.2,-5.749082046802286,-7.555741354604852,-9.362400662407419,-40.565609403306375,False,True
2022-10-31,0,-4.857906337944551,0.9106362311801847,,-20.672470425171504,0.9110787172011663,,1646.4,-39.64265857047596,0.9130196603566864,,1642.9,1647.2,34.78475223253141,32.96109634099454,31.137440449457667,-5.768542569124736,False,True
2022-11-01,1,84.59926905595543,0.9168143756494104,,33.88397989902254,0.9091460088490213,,1649.9,-27.219130671729214,0.9060706735125341,,1655.5,1636.1,111.81839972768465,109.99551467852271,108.17262962936076,83.68245468030602,False,True
2022-11-02,2,17.54545629641952,0.9083202131524768,,24.15022607082888,0.9067279211751195,,1654.3,-125.00162764231382,0.9045407947898452,,1658.3,1651.4,142.54708393873335,140.73422293079102,138.92136192284872,16.637136083267045,False,True
2022-11-03,3,-15.26391602033102,0.9151363553169424,,-92.07602955491032,0.9165342783820117,,1636.6,64.54213018859866,0.9250123334977802,,1621.6,1639.1,-79.80604620892969,-81.64619489774441,-83.48634358655913,-16.179052375647963,False,True
2022-11-04,4,108.49795571611251,0.919286633572348,,28.45468848920341,0.9094216078574028,,1649.4,189.23853538086897,0.9068375551659514,,1654.1,1631.7,-80.74057966475645,-82.56670385349476,-84.39282804223305,107.57866908254016,False,True
2022-11-07,0,-44.78020439390187,0.893601811033004,,55.497680858902264,0.8976123511459518,,1671.1,-11.313228751373952,0.8926446084265652,,1680.4,1678.6,-33.46697564252791,-35.25322206198748,-37.03946848144705,-45.67380620493487,False,True
2022-11-08,1,-29.244149635337973,0.8939213349225269,,3.585514559746589,0.8965393580778198,,1673.1,248.42699619272483,0.8962179602079227,,1673.7,1678.0,-277.6711458280628,-279.46128512319325,-281.25142441832367,-30.1380709702605,False,True
2022-11-09,2,-2.915536916771639,0.8745335820895523,,-21.601432926122293,0.8747885927567506,,1714.7,-7.600783831299165,0.8766803039158387,,1711.0,1715.2,4.685246914527527,2.934033028522136,1.1828191425167445,-3.7900704988611915,False,True
2022-11-10,3,-5.265467431878955,0.8773469029654326,,19.877235425096924,0.877808988764045,,1708.8,269.6637242917279,0.8760658801541877,,1712.2,1709.7,-274.92919172360683,-276.6826045067265,-278.43601728984606,-6.142814334844387,False,True
2022-11-11,4,32.93212151866949,0.853096741170449,,1.1336583165988137,0.8502919335638571,,1764.1,55.95605952466573,0.8501955449753444,,1764.3,1758.3,-23.023938005996243,-24.72723029214204,-26.430522578287828,32.07902477749904,False,True
2022-11-14,0,-23.19858454048324,0.8477449983045101,,-4.532834799125349,0.8497139296436869,,1765.3,56.50690291331685,0.8500028333427778,,1764.7,1769.4,-79.70548745380009,-81.40323528544738,-83.10098311709467,-24.04632953878775,False,True
2022-11-15,1,66.29610213591137,0.8455467869222099,,-42.084061774672904,0.8399126490844954,,1785.9,21.907044290044812,0.843502221222516,,1778.3,1774.0,44.38905784586656,42.70000883772183,41.01095982957711,65.45055534898916,False,True
2022-11-16,2,-10.106115059235032,0.8417508417508419,,21.321969698406402,0.8425546256248948,,1780.3,-39.8753722600626,0.8407600470825629,,1784.1,1782.0,29.769257200827568,28.086746311994165,26.404235423160756,-10.947865900985875,False,True
2022-11-17,3,-40.035013579432025,0.8441193021947103,,-17.529479452703722,0.8474576271186443,,1770.0,-22.66546754539513,0.8489925288657462,,1766.8,1777.0,-17.369546034036894,-19.06265786509735,-20.755769696157806,-40.87913288162674,False,True
2022-11-18,4,26.056432551230408,0.850774204526119,,-31.731667604600798,0.8486082824168366,,1767.6,-56.915349997880966,0.8513053348467651,,1762.0,1763.1,82.97178254911137,81.26970300973848,79.5676234703656,25.20565834670429,False,True
2022-11-21,0,-45.19329221713923,0.8561643835616439,,-13.19677731185684,0.8600917431192663,,1744.0,-12.63932145742553,0.8612275363150945,,1741.7,1752.0,-32.5539707597137,-34.27136267959043,-35.98875459946718,-46.04945660070087,False,True
2022-11-22,1,24.112998249099256,0.8622176237282291,,20.62210732550736,0.8601410631343541,,1743.9,-37.841912023708225,0.8584182213574454,,1747.4,1739.7,61.95491027280748,60.23427442772181,58.51363858263613,23.25078062537103,False,True
2022-11-23,2,22.378434242325824,0.8616727941176473,,-42.506813384512114,0.859795941763155,,1744.6,76.26839734053594,0.8634584388671427,,1737.2,1740.8,-53.88996309821012,-55.6150943311949,-57.3402255641797,21.516761448208175,False,True
2022-11-24,3,18.258592314293722,0.8566533409480298,,22.208943953878077,0.8551393877201986,,1754.1,,,missing bar,,1751.0,,,,17.401938973345693,False,False
2022-11-25,4,-22.81022886835614,0.8544087491455914,,-3.426222052703056,0.8564087924636028,,1751.5,,,missing bar,,1755.6,,,,-23.664637617501732,False,False
2022-11-28,0,-25.673955052458098,0.8547008547008549,,25.104138248406315,0.8568980291345331,,1750.5,-83.54363079432744,0.8547495583793949,,1754.9,1755.0,57.869675741869344,56.160225328789096,54.45077491570884,-26.528655907158953,False,True
2022-11-29,1,73.88561347746699,0.8623167576889913,,7.983577066378968,0.8557247989046723,,1752.9,-35.97023490680276,0.8548957027242678,,1754.6,1739.5,109.85584838426975,108.1386359238565,106.42142346344323,73.023296719778,False,True
2022-11-30,2,,,missing bar,31.295368226216436,0.8548469823901523,,1754.7,44.21525257877256,0.852175889103511,,1760.2,,,,,,False,False
2022-12-01,3,,,roll,52.961796269593705,0.8384572386808273,,1789.0,104.53924125568116,0.8340283569641369,,1798.5,,,,,,False,False
2022-12-02,4,-7.707978138606878,0.8255365987892131,,-13.227515156162871,0.8261731658955718,,1815.6,-10.483627191317439,0.8272210886229527,,1813.3,1817.0,2.775649052710561,1.122891365298395,-0.5298663221137709,-8.533514737396091,False,True
2022-12-05,0,13.247228299267228,0.8285004142502073,,-10.485941522092071,0.8274036074797287,,1812.9,-164.2347283752268,0.8282716731087799,,1811.0,1810.5,177.48195667449403,175.82518458713503,174.16841249977605,12.41872788501702,False,True
2022-12-06,1,15.710922320411461,0.8423180592991916,,51.44562037123801,0.8409485900095309,,1783.7,-53.68840142914017,0.8366333872497073,,1792.9,1780.8,69.39932374955163,67.72037230300273,66.04142085645383,14.868604261112269,False,True
2022-12-07,2,8.407836598552079,0.8411372175180847,,13.437851966136643,0.8404303003137608,,1784.8,65.8080563559677,0.8393017009847807,,1787.2,1783.3,-57.40021975741561,-59.08065867591848,-60.761097594421344,7.5666993810339935,False,True
2022-12-08,3,-10.564066479660777,0.8335648791330926,,2.2249416044631913,0.834445927903872,,1797.6,18.336903979471753,0.8342602892102337,,1798.0,1799.5,-28.90097045913253,-30.568795627475858,-32.236620795819185,-11.39763135879387,False,True
2022-12-09,4,14.972968276316589,0.8324546312225984,,45.33901386030223,0.831255195344971,,1804.5,-18.773126821005828,0.8274492497793471,,1812.8,1801.9,33.74609509732242,32.08619121632047,30.426287335318527,14.140513645093991,False,True
2022-12-12,0,-31.576349533623752,0.8296460176991152,,-9.991119836443595,0.8321775312066575,,1802.5,-43.965899911409025,0.8329631274988896,,1800.8,1808.0,12.389550377785273,10.726941232587269,9.064332087389264,-32.40599555132287,False,True
2022-12-13,1,36.756557310888674,0.8369134631479106,,6.668148724517686,0.8337965536409118,,1799.0,122.55867219236393,0.8331944675887354,,1800.3,1792.3,-85.80211488147526,-87.47222281221191,-89.14233074294856,35.919643847740765,False,True
2022-12-14,2,-12.077959195395163,0.8230001097333481,,-20.89520170788767,0.8239494644328482,,1820.5,12.103208827423643,0.8257183749862381,,1816.6,1822.6,-24.181168022818806,-25.82988650753839,-27.478604992257978,-12.900959305128511,False,True
2022-12-15,3,-108.91005182439102,0.8247649419915325,,-62.447930847992176,0.8337502084375522,,1799.1,-3.3568311829152737,0.839066957543212,,1787.7,1818.7,-105.55322064147575,-107.21705254101049,-108.88088444054523,-109.73481676638255,False,True
2022-12-16,4,1.1191941813581257,0.8394426101068891,,44.66536374273098,0.839348665435622,,1787.1,44.46922280938133,0.8356545961002787,,1795.0,1786.9,-43.3500286280232,-45.025125834230366,-46.700223040437535,0.2797515712512365,False,True
2022-12-19,0,8.322468369513933,0.8325932504440499,,-1.1091393090348964,0.8318083513558477,,1803.3,-35.00100798143911,0.8319006156064558,,1803.1,1801.6,43.323476350953044,41.65898248490254,39.99448861885203,7.489875119069883,False,True
2022-12-20,1,36.11014729047307,0.8348174532502227,,38.19016679844497,0.8318083513558477,,1803.3,96.21009367326141,0.8286377195889958,,1810.2,1796.8,-60.09994638278834,-61.76340155562756,-63.426856728466774,35.27532983722285,False,True
2022-12-21,2,-9.852217545700476,0.8206138191367144,,-4.381640994627778,0.8213777242361188,,1826.2,-7.672914987864221,0.8217827206486606,,1825.3,1827.9,-2.1793025578362553,-3.82169909762163,-5.464095637407006,-10.67283136483719,False,True
2022-12-22,3,11.50779643122248,0.8224586029169866,,7.664933307108326,0.8215576733486692,,1825.8,-147.21147998842048,0.8209731268129825,,1827.1,1823.8,158.71927641964297,157.075844689913,155.43241296018303,10.685337828305494,False,True
2022-12-23,4,22.739257184596326,0.8328706274292061,,1.1079718586484428,0.8310249307479225,,1805.0,4.4306602408460405,0.8309328606248616,,1805.2,1801.0,18.308596943750285,16.644793455696217,14.980989967642149,21.90638655716712,False,True
2022-12-26,0,,,missing bar,,,missing bar,,,,missing bar,,,,,,,False,False
2022-12-27,1,31.47348060657746,0.8295542528481364,,16.525287444711253,0.8269474612712939,,1813.9,26.382339145382872,0.8255365987892131,,1817.0,1808.2,5.091141461194589,3.436050609557239,1.7809597579198897,30.643926353729324,False,True
2022-12-28,2,-26.373641660856258,0.8230904302019316,,-24.23709460137951,0.8252640845070424,,1817.6,-6.620324637695366,0.8272667107875581,,1813.2,1822.4,-19.753317023160893,-21.403674164150384,-23.054031305139873,-27.19673209105819,False,True
2022-12-29,3,4.413306189576967,0.8276775368316505,,2.7571755668348166,0.8272667107875581,,1813.2,45.10954948261892,0.8270386502729228,,1813.7,1812.3,-40.69624329304195,-42.35095948014653,-44.0056756672511,3.5856286527453163,False,True
2022-12-30,4,8.778668400929702,0.8233615105939183,,13.701259918848493,0.8226390259953933,,1823.4,22.975940085493605,0.8215126786790077,,1825.9,1821.8,-14.197271684563903,-15.842145873836829,-17.487020063109753,7.955306890335783,False,True
2023-01-02,0,,,missing bar,,,missing bar,,,,missing bar,,,,,,,True,False
2023-01-03,1,120.46377156913269,0.8188666885031117,,-73.07797699051093,0.8090178523272749,,1854.1,26.04309431376757,0.8149073721953606,,1840.7,1831.8,94.42067725536512,92.78690319466665,91.15312913396818,119.64490488062958,False,True
2023-01-04,2,103.51612814920536,0.8129200086711468,,-25.243722619320156,0.804634695848085,,1864.2,6.989059718381225,0.8067118425298484,,1859.4,1845.2,96.52706843082413,94.90743657962314,93.28780472842215,102.70320814053422,False,True
2023-01-05,3,-34.98483075252272,0.805931656995487,,-23.210006910950728,0.8087125296527929,,1854.8,-67.78216445801003,0.8106355382619975,,1850.4,1861.2,32.79733370548731,31.180766510229827,29.564199314972342,-35.79076240951821,False,True
2023-01-06,4,37.51329595601829,0.8170379650307752,,-8.686211186755123,0.8139787280225745,,1842.8,157.33930915026417,0.8146418291424539,,1841.3,1835.9,-119.82601319424589,-121.45769298841913,-123.08937278259235,36.69625799098751,False,True
2023-01-09,0,36.24351051959728,0.8009397693293466,,-0.5319856365132795,0.7979572294924994,,1879.8,-18.104371292208892,0.7979996808001277,,1879.7,1872.8,54.347881811806175,52.748942361676704,51.150002911547226,35.44257075026793,False,True
2023-01-10,1,3.198294270331919,0.7997014447939437,,-1.599104504886626,0.799488327470419,,1876.2,28.211766509149125,0.7995735607675907,,1876.0,1875.7,-25.013472238817208,-26.612747244378742,-28.212022249940276,2.398592825537975,False,True
2023-01-11,2,22.830454048366,0.7973210014351779,,-23.892336619840975,0.7954605716709976,,1885.7,-7.976814483431394,0.7973633850733575,,1881.2,1881.3,30.807268531797394,29.212584145288858,27.617899758780325,22.03313304693082,False,True
2023-01-12,3,31.33882999371556,0.7979996808001277,,26.480261210062856,0.7954605716709976,,1885.7,50.12012918765854,0.7933569577405195,,1890.7,1879.7,-18.78129919394298,-20.37265583248363,-21.964012471024276,30.540830312915432,False,True
2023-01-13,4,19.467030586778552,0.789972614282705,,-15.25392821353162,0.7883948281299276,,1902.6,121.37849132697603,0.789556795452153,,1899.8,1898.8,-101.91146074019748,-103.49099014993234,-105.0705195596672,18.67705797249585,False,True
2023-01-16,0,-19.772106966879722,0.779706830231833,,-9.901248887265464,0.7812906922235534,,1919.9,,,missing bar,,1923.8,,,,-20.551813797111556,False,False
2023-01-17,1,-30.279323578076305,0.7819015846538784,,-2.614584165285356,0.7842727177663914,,1912.6,-4.184975997467685,0.7845188284518829,,1912.0,1918.4,-26.09434758060862,-27.66076799371438,-29.227188406820144,-31.06122516273018,False,True
2023-01-18,2,-6.281078458266683,0.7848882842342109,,50.13588943414923,0.7853403141361257,,1910.0,-69.52640464159524,0.7814127943321526,,1919.6,1911.1,63.24532618332855,61.67902510476218,60.11272402619582,-7.065966742500894,False,True
2023-01-19,3,29.845297960694083,0.7865757734661775,,-16.744287309175505,0.7842317143305276,,1912.7,126.97922485514218,0.785587095422646,,1909.4,1907.0,-97.1339268944481,-98.70608976333692,-100.27825263222574,29.058722187227904,False,True
2023-01-20,4,3.619348039820604,0.7757149506128148,,-21.2176962669879,0.7754342431761788,,1934.4,-12.960420694899401,0.7771215418091391,,1930.2,1933.7,16.579768734720005,15.026932242298052,13.474095749876097,2.8436330892077892,False,True
2023-01-23,0,-35.3247120574822,0.777846919726198,,32.72985232109517,0.7805588801581934,,1921.7,20.72539601972375,0.7780082987551868,,1928.0,1928.4,-56.05010807720595,-57.60596329568734,-59.161818514168715,-36.1025589772084,True,True
2023-01-24,1,49.051343992587654,0.7763975155279504,,-19.59066461487822,0.7725587144622993,,1941.6,4.127328129580069,0.7740337478714072,,1937.9,1932.0,44.92401586300758,43.37358459960822,41.82315333620887,48.2749464770597,True,True
2023-01-25,2,-47.04917812295592,0.7737143446639502,,-11.926678278604413,0.7773631840796021,,1929.6,103.23738002526737,0.7782908732423599,,1927.3,1938.7,-150.2865581482233,-151.8385633661296,-153.39056858403592,-47.82289246761987,True,True
2023-01-26,3,-25.18569345499399,0.7700205338809035,,-31.440893874317773,0.7719226018937836,,1943.2,-38.79081126763936,0.7743134420813547,,1937.2,1948.0,13.605117812645371,12.060783836683115,10.516449860720854,-25.955713988874894,True,True
2023-01-27,4,-32.187754921254914,0.7774840615767378,,37.88767994020353,0.7799906401123189,,1923.1,-15.551296483370466,0.7769605304050556,,1930.6,1929.3,-16.63645843788445,-18.19090302986624,-19.745347621848037,-32.96523898283165,True,True
2023-01-30,0,-21.28488798395111,0.7778872582067107,,7.272349808848591,0.7794637289544794,,1924.4,-18.18890978271872,0.7788161993769472,,1926.0,1928.3,-3.0959782012323878,-4.652681658816046,-6.209385116399703,-22.06277524215782,False,True
2023-01-31,1,-41.688439740333855,0.78003120124805,,-41.35806748538472,0.7836581160858892,,1914.1,112.11756690885969,0.7866170223923648,,1906.9,1923.0,-153.80600664919353,-155.37265487283395,-156.93930309647436,-42.468470941581906,False,True
2023-02-01,2,,,roll,23.677178036853554,0.7729966503478486,,1940.5,110.43057008153536,0.7711289327575572,,1945.2,,,,,,False,False
2023-02-02,3,18.791747321247094,0.7625438462711608,,-10.153315929619161,0.7611122386847982,,1970.8,-215.0951743525066,0.7618080243778569,,1969.0,1967.1,233.8869216737537,232.36256980310466,230.83821793245568,18.029203474975933,False,True
2023-02-03,4,6.746412980651864,0.7786949073353062,,8.297034286390968,0.778169744760324,,1927.6,-270.05949295078096,0.7775646674615107,,1929.1,1926.3,276.80590593143285,275.24964635663605,273.6933867818392,5.967718073316558,False,True
2023-02-06,0,55.75482384303321,0.7987220447284347,,-18.550422704003577,0.7942811755361399,,1888.5,-25.496667376606347,0.7957559681697614,,1885.0,1878.0,81.25149121963955,79.65701320674135,78.06253519384316,54.95610179830477,False,True
2023-02-07,1,44.57423140371645,0.7977450406849972,,-30.754571141506784,0.7941550190597206,,1888.8,11.677283704837722,0.7966434754899359,,1882.9,1880.3,32.89694769887873,31.302559182703803,29.70817066652887,43.77648636303146,False,True
2023-02-08,2,72.41237804296553,0.795713755238449,,-34.29268179025536,0.7900142202559648,,1898.7,-21.161789719277174,0.7927280414332524,,1892.2,1885.1,93.5741677622427,91.98572596557099,90.39728416889929,71.61666428772708,False,True
2023-02-09,3,20.63219882811687,0.7943653021236033,,8.980692116846273,0.792769938163945,,1892.1,-108.30430774369441,0.7920582954905483,,1893.8,1888.3,128.93650657181126,127.35008297419712,125.76365937658296,19.83783352599327,False,True
2023-02-10,4,18.664183527668705,0.8006405124099281,,-9.593860665510835,0.7991050023973152,,1877.1,6.397270716094254,0.7999146757679182,,1875.2,1873.5,12.26691281157445,10.666357623396605,9.065802435218757,17.863543015258777,False,True
2023-02-13,0,-10.129282486758942,0.7992753237065062,,-17.08398258662113,0.8001280204832775,,1874.7,-38.54600843067895,0.8014961261020573,,1871.5,1876.7,28.41672594392001,26.815954494111445,25.215183044302883,-10.928557810465449,False,True
2023-02-14,1,26.786686969321888,0.8046778606297946,,9.091152795991196,0.8025252795463059,,1869.1,-32.123381301837334,0.8017960230917256,,1870.8,1864.1,58.91006827115922,57.3035943874377,55.69712050371618,25.982009108692093,False,True
2023-02-15,2,-105.10243083857675,0.8042464211034263,,1.625355550105218,0.8127438231469443,,1845.6,3.7914692397312626,0.8126117341134406,,1845.9,1865.1,-108.89390007830801,-110.51075823352488,-112.12761638874174,-105.90667725968018,False,True
2023-02-16,3,22.179555223118637,0.8123476848090984,,-5.946106826724023,0.810591731964334,,1850.5,-22.1939626110605,0.8110738617930141,,1849.4,1846.5,44.37351783417914,42.75009628757703,41.12667474097491,21.36720753830954,False,True
2023-02-17,4,-69.04640473540525,0.812699788698055,,16.35501645704752,0.8184199039720647,,1832.8,84.0774121014036,0.8170824708573919,,1835.8,1845.7,-153.12381683680883,-154.7535990963643,-156.3833813559197,-69.8591045241033,False,True
2023-02-20,0,24.827301181168433,0.810591731964334,,-16.185598354108045,0.8086253369272238,,1855.0,,,missing bar,,1850.5,,,,24.0167094492041,False,False
2023-02-21,1,-38.9779618649137,0.8104603414739574,,-8.140008589470824,0.8136696501220505,,1843.5,10.851873012869833,0.8143322475570034,,1842.0,1850.8,-49.82983487778353,-51.45462746681449,-53.07942005584545,-39.78842220638766,False,True
2023-02-22,2,26.541737543319986,0.8135813852579055,,11.35411438243237,0.8114687584527996,,1848.5,-89.01491690086016,0.8105479304009512,,1850.6,1843.7,115.55665444418014,113.93252512852128,112.30839581286243,25.72815615806208,False,True
2023-02-23,3,14.161222410150998,0.8175723551534312,,-15.796500819943958,0.8164153921515268,,1837.3,-26.74601086765384,0.8176614881439085,,1834.5,1834.7,40.907233277804835,39.2719994345075,37.63676559121016,13.343650054997568,False,True
2023-02-24,4,-2.7330618662017185,0.8198065256599443,,-27.921509476034032,0.8200754469411188,,1829.1,-32.94895896852538,0.8223684210526317,,1824.0,1829.7,30.215897102323662,28.573722155611087,26.93154720889851,-3.552868391861663,False,True
2023-02-27,0,-2.2004621059199234,0.8250825082508252,,3.8504909851694165,0.8252640845070424,,1817.6,32.9453405830019,0.8249917500824993,,1818.2,1818.0,-35.145802688921826,-36.795876947255145,-38.44595120558847,-3.0255446141707485,False,True
2023-02-28,1,-36.80210684703837,0.8224135095125831,,-6.055101607954273,0.8254457406999781,,1817.2,96.98971891347566,0.8259457078354718,,1816.1,1823.9,-133.79182576051403,-135.4401849778621,-137.08854419521015,-37.62452035655095,False,True
2023-03-01,2,46.78243858421422,0.8178844056706653,,27.10028758865158,0.814111261872456,,1842.5,-20.590633121566185,0.8119519324455993,,1847.4,1834.0,67.3730717057804,65.74323536766414,64.11339902954788,45.96455417854355,False,True
2023-03-02,3,-33.682869896055266,0.8135372600065084,,4.896227282754667,0.8162376884148665,,1837.7,19.01812728517118,0.8158381377134779,,1838.6,1843.8,-52.70099718122644,-54.330372578946424,-55.959747976666414,-34.49640715606177,False,True
2023-03-03,4,34.682742185150985,0.8142880408229739,,17.29636667083758,0.8114687584527996,,1848.5,58.685930402621985,0.8099789405475458,,1851.9,1842.1,-24.003188217471,-25.627455198841517,-27.251722180212038,33.86845414432801,False,True
2023-03-06,0,6.983052952095009,0.8060182697474477,,-20.966058805045474,0.8055421298533915,,1862.1,-31.261816006151864,0.8072328059412336,,1858.2,1861.0,38.244868958246876,36.631617882558196,35.018366806869516,6.1770346823475615,False,True
2023-03-07,1,5.935839151164423,0.809672892151571,,-49.75403698313254,0.8091924259588932,,1853.7,-146.91288509898135,0.8132285172133371,,1844.5,1852.6,152.84872425014578,151.22582284078086,149.60292143141595,5.126166259012852,False,True
2023-03-08,2,2.1999780090925736,0.8250825082508252,,7.146980704999495,0.8249463784853985,,1818.3,-7.697383269874374,0.8244023083264634,,1819.5,1818.0,9.897361278966947,8.247876462389659,6.59839164581237,1.3748955008417485,False,True
2023-03-09,3,2.1999780090925736,0.8250825082508252,,17.03343910285027,0.8249010118785747,,1818.4,73.29245739140877,0.8234519104084324,,1821.6,1818.0,-71.0924793823162,-72.74101380097547,-74.38954821963472,1.3748955008417485,False,True
2023-03-10,4,13.069761703628696,0.8173941474579043,,18.48630365524812,0.816326530612245,,1837.5,171.8098004530662,0.8148631029986964,,1840.8,1835.1,-158.7400387494375,-160.3722959998941,-162.0045532503507,12.252367556170793,False,True
2023-03-13,0,4.260985417332792,0.7991050023973152,,85.89660448535172,0.7987645774535386,,1877.9,130.08313513000968,0.7919328440948209,,1894.1,1877.1,-125.82214971267689,-127.41318755916902,-129.00422540566117,3.461880414935477,False,True
2023-03-14,1,-26.083795893637408,0.7814942169427948,,-29.29485250511934,0.7835353113246971,,1914.4,-2.619789907834002,0.7858340318524729,,1908.8,1919.4,-23.464005985803407,-25.031334234598674,-26.598662483393944,-26.865290110580204,False,True
2023-03-15,2,-17.308755730931495,0.7860811235719527,,95.60951596236113,0.7874429103889969,,1904.9,1.0399334451975695,0.7799906401123189,,1923.1,1908.2,-18.348689176129064,-19.914760939813338,-21.480832703497608,-18.09483685450345,False,True
2023-03-16,3,-10.927541089993163,0.7801123361764095,,55.55714074681331,0.781005935645111,,1920.6,-39.427318143023996,0.7766387076731905,,1931.4,1922.8,28.499777053030833,26.943026009181235,25.386274965331634,-11.707653426169573,False,True
2023-03-17,4,54.88829024640361,0.7788566384547485,,14.448632473881814,0.774593338497289,,1936.5,276.13561978335224,0.7734350830153657,,1939.4,1925.9,-221.24732953694863,-222.79962125841874,-224.35191297988885,54.109433607948866,False,True
2023-03-20,0,18.578499481535587,0.7538824948484697,,-27.124790591188876,0.7524454477050415,,1993.5,-27.197196316259795,0.754451262448446,,1988.2,1989.7,45.77569579779538,44.26736204049846,42.759028283201545,17.82461698668712,False,True
2023-03-21,1,-29.795744589798442,0.7563915082446676,,-33.947287686948165,0.7587253414264038,,1977.0,-136.9464427458031,0.7612667478684532,,1970.4,1983.1,107.15069815600465,105.63303989989154,104.1153816437784,-30.55213609804311,False,True
2023-03-22,2,8.229183203685608,0.7718034473887317,,0.5140727414066169,0.7711289327575572,,1945.2,143.41736619294917,0.77108929214003,,1945.3,1943.5,-135.18818298926357,-136.73107572879232,-138.2739684683211,7.457379756296876,False,True
2023-03-23,3,33.8837656979146,0.7598784194528876,,1.0096930541706857,0.7573080224163175,,1980.7,76.43989948201528,0.7572315614114796,,1980.9,1974.0,-42.55613378410068,-44.07324376496505,-45.59035374582942,33.12388727846171,False,True
2023-03-24,4,-37.64403270863705,0.7514653574470218,,50.163135036329486,0.7543374402816194,,1988.5,-88.45167729137984,0.7505253677574304,,1998.6,1996.1,50.80764458274279,49.30565385753833,47.80366313233388,-38.39549806608407,False,True
2023-03-27,0,-56.144402811151636,0.7565822657116918,,-79.95764632735307,0.7608805924723547,,1971.4,10.732630780065438,0.7670280220904072,,1955.6,1982.6,-66.87703359121707,-68.40064387901916,-69.92425416682127,-56.90098507686333,False,True
2023-03-28,1,-10.220769491552419,0.7661661048115233,,12.264297106780491,0.7669888019634915,,1955.7,86.94601613983893,0.7660096006536616,,1958.2,1957.8,-97.16678563139135,-98.69896133685653,-100.23113704232172,-10.986935596363942,False,True
2023-03-29,2,-62.460530600393376,0.7593398805305255,,27.980584480203472,0.7641754546843956,,1962.9,-11.18284058999288,0.7620402357244463,,1968.4,1975.4,-51.2776900104005,-52.79907012665547,-54.32045024291044,-63.2198704809239,False,True
2023-03-30,3,15.248554342258219,0.7630093087135664,,0.5077559725889108,0.7616532954199249,,1969.4,61.26446341155364,0.7618080243778569,,1969.0,1965.9,-46.015909069295425,-47.540726402386845,-49.06554373547827,14.485545033544652,False,True
2023-03-31,4,,,roll,-20.0000066666711,0.7492507492507494,,2002.0,-55.20716656682022,0.7507507507507508,,1998.0,,,,,,False,False
2023-04-03,0,-93.3996440085618,0.7537688442211056,,124.00602499155052,0.7608419984783161,,1971.5,29.017430807087226,0.7515406583496167,,1995.9,1990.0,-122.41707481564902,-123.92238431821973,-125.42769382079047,-94.15341285278289,False,True
2023-04-04,1,-11.999401469782699,0.7495128166691651,,-0.5003126955383266,0.7504502701620974,,1998.8,194.2097205573265,0.7504127269998501,,1998.9,2001.3,-206.2091220271092,-207.7090475707782,-209.20897311444725,-12.748914286451864,False,True
2023-04-05,2,13.728184152515475,0.7359434795407713,,-5.881488186011749,0.7349698662354844,,2040.9,-12.755103770118641,0.7354022650389764,,2039.7,2038.2,26.483287922634116,25.011942178054365,23.54059643347462,12.992240672974702,True,True
2023-04-06,3,-34.4217491722235,0.7363408767365375,,22.634463238148644,0.7389162561576356,,2030.0,-53.717202820341676,0.7372456502506637,,2034.6,2037.1,19.295453648118176,17.821867121130975,16.348280594143773,-35.158090048960034,False,True
2023-04-07,4,,,missing bar,,,missing bar,,,,missing bar,,,,,,,False,False
2023-04-10,0,11.941488134135474,0.7467888081250624,,27.8081418646286,0.745897563401293,,2011.0,-49.71177467602565,0.7438262421898246,,2016.6,2008.6,61.653262810161124,60.16264775984624,58.67203270953135,11.194699326010412,False,True
2023-04-11,1,36.306706880402515,0.7473841554559044,,6.947891098356302,0.744675569676811,,2014.3,15.862003920598857,0.7441214406191091,,2015.8,2007.0,20.444702959803656,18.95319736372864,17.46169176765363,35.55932272494661,False,True
2023-04-12,2,57.77936516910836,0.7429052548165025,,-38.480560556959645,0.7385888029937466,,2030.9,30.59766489227119,0.741399762752076,,2023.2,2019.1,27.18170027683717,25.697395259268593,24.213090241700012,57.036459914291854,False,True
2023-04-13,3,25.589305829048357,0.73909830007391,,40.21781869012191,0.7371731865539612,,2034.8,56.618659645410986,0.734214390602056,,2043.0,2029.5,-31.02935381636263,-32.5026665070386,-33.97597919771456,24.850207528974448,False,True
2023-04-14,4,3.406243190035599,0.7300335815447512,,-38.02285949738682,0.7298204641658153,,2055.3,-146.61287906592162,0.7326007326007328,,2047.5,2054.7,150.01912225595723,148.55648794181175,147.09385362766625,2.676209608490848,False,True
2023-04-17,0,50.51516288695984,0.7447495159128149,,-8.896358022625478,0.7410334947139612,,2024.2,-73.94758131621579,0.7416930379746836,,2022.4,2014.1,124.46274420317563,122.97630164928813,121.48985909540063,49.77041337104703,False,True
2023-04-18,1,20.398524449235676,0.747049155834454,,21.84490988845991,0.7455268389662029,,2012.0,6.940657658030748,0.7439000198373339,,2016.4,2007.9,13.457866791204928,11.966917615533141,10.475968439861353,19.651475293401223,False,True
2023-04-19,2,-75.11165216048767,0.7433470439565887,,-103.37824790940208,0.7488766849725412,,2003.0,125.82565683534641,0.7566967663824851,,1982.3,2017.9,-200.9373089958341,-202.43735280617315,-203.93739661651225,-75.85499920444425,False,True
2023-04-20,3,15.428645588874518,0.7471235742391792,,7.9534726069661605,0.7459346561241237,,2010.9,19.35820722162933,0.7452675510508273,,2012.7,2007.7,-3.92956163275481,-5.421952758044816,-6.914343883334823,14.68152201463534,False,True
2023-04-21,4,-94.68823860898,0.7440107137542782,,8.508296101468362,0.7510514720608854,,1997.2,-24.042085209554106,0.7504127269998501,,1998.9,2016.1,-70.6461533994259,-72.14057684018003,-73.63500028093415,-95.43224932273428,False,True
2023-04-24,0,-13.060734262299693,0.7530120481927711,,21.59339980826185,0.7540719887391917,,1989.2,29.05085939946481,0.7524077046548958,,1993.6,1992.0,-42.1115936617645,-43.61701341461217,-45.12243316745984,-13.813746310492464,False,True
2023-04-25,1,27.47048652053844,0.7502250675202561,,-85.1580560789864,0.7482043096568237,,2004.8,100.60900240801152,0.7546030787805615,,1987.8,1999.4,-73.13851588747308,-74.6433440337739,-76.14817218007471,26.720261453018185,False,True
2023-04-26,2,3.9838653980409515,0.7471235742391792,,-14.447629863946252,0.7467516304077265,,2008.7,-34.959831840579646,0.7478312892611428,,2005.8,2007.7,38.9436972386206,37.448742375120275,35.95378751161996,3.2367418238017724,False,True
2023-04-27,3,56.84383294233911,0.7500750075007503,,-24.892973125146696,0.7458604743672619,,2011.1,-45.963310335695816,0.7476821852258001,,2006.2,1999.8,102.80714327803493,101.30938608530838,99.81162889258182,56.093757934838365,False,True
2023-04-28,4,-12.024049544868165,0.7510514720608854,,-13.043043887807771,0.7519927808693038,,1994.7,36.577768453420894,0.7529742482807089,,1992.1,1997.2,-48.60181799828906,-50.10584371863065,-51.60986943897225,-12.77510101692905,False,True
2023-05-01,0,-59.67173278380279,0.7499250074992502,,48.66433785569297,0.7543753771876887,,1988.4,-34.0903724145748,0.7507131775186429,,1998.1,2000.2,-25.581360369227987,-27.08199855424588,-28.582636739263773,-60.42165779130204,True,True
2023-05-02,1,13.555239668775302,0.7535795026375284,,10.02908518522591,0.7525586995785672,,1993.2,152.70509871681332,0.7518420129316828,,1995.1,1990.5,-139.14985904803802,-140.65528056360725,-142.16070207917645,12.801660166137774,True,True
2023-05-03,2,2.9604776453461406,0.7402289774970391,,-10.366020130045525,0.7400463762395777,,2026.9,117.83325654401338,0.7408139075464244,,2024.8,2026.4,-114.87277889866724,-116.3538217837107,-117.83486466875416,2.2202486678491016,True,True
2023-05-04,3,-35.10315144744655,0.7300335815447512,,13.666538636304846,0.7326365146038879,,2047.4,40.88790743158035,0.7316359379572726,,2050.2,2054.7,-75.9910588790269,-77.45272839852892,-78.91439791803094,-35.8331850289913,False,True
2023-05-05,4,-14.101288471203915,0.7288629737609331,,-56.60484542542541,0.7298914894652331,,2055.1,-90.94770552099637,0.7340706665361653,,2043.4,2058.0,76.84641704979245,75.38348340949534,73.92054976919826,-14.830151444964848,False,True
2023-05-08,0,25.651158500664398,0.7408870888076659,,0.0,0.7390254717445929,,2029.7,-5.9139521707891625,0.7390254717445929,,2029.7,2024.6,31.56511067145356,30.085198110901302,28.60528555034904,24.910271411856733,False,True
2023-05-09,1,14.28677238845349,0.7394991126010649,,33.90749950062819,0.7383706620723605,,2031.5,16.175284756068407,0.7358351729212658,,2038.5,2028.4,-1.8885123676149167,-3.363846653137247,-4.839180938659578,13.547273275852426,False,True
2023-05-10,2,-12.743225760154738,0.7347178683385581,,-13.741659013598229,0.7356547327121138,,2039.0,2.4551324667283487,0.7366301625497227,,2036.3,2041.6,-15.198358226883087,-16.669706257771367,-18.14105428865965,-13.477943628493296,False,True
2023-05-11,3,-16.215024558628603,0.7364493322859389,,46.60869470342873,0.7376444553725107,,2033.5,-110.74310299093665,0.734214390602056,,2043.0,2036.8,94.52807843230805,93.05741470942004,91.58675098653205,-16.951473890914542,False,True
2023-05-12,4,-28.250706470329664,0.7423904974016334,,-26.33869083841061,0.7444538190480918,,2014.9,29.81220532563452,0.7464171974522295,,2009.6,2020.5,-58.06291179596418,-59.55171949081805,-61.040527185671905,-28.993096967731297,False,True
2023-05-15,0,38.17082339400819,0.7450084434290256,,-16.341086604449224,0.7421701053881551,,2021.1,18.320918199298625,0.7434207265698568,,2017.7,2013.4,19.849905194709564,18.361476024710683,16.8730468547118,37.42581495057916,False,True
2023-05-16,1,-49.59589593776887,0.7420966704596054,,-7.957823955217878,0.745749229392463,,2011.4,-83.43582164456672,0.7463057863575304,,2009.9,2021.3,33.83992570679784,32.35152324998071,30.86312079316357,-50.337992608228475,False,True
2023-05-17,2,-2.007226020388655,0.7526342197691923,,-7.028465573736211,0.7527853056308342,,1992.6,-27.659752603954608,0.7533145841703497,,1991.2,1993.0,25.652526583565955,24.146577779626412,22.64062897568687,-2.759860240157847,False,True
2023-05-18,3,-28.74797087689773,0.7554391619661565,,-15.164538113067113,0.7576522881099101,,1979.8,-84.32438465513106,0.7587637209772877,,1976.9,1985.6,55.57641377823333,54.06221089528989,52.54800801234644,-29.503410038863883,False,True
2023-05-19,4,31.574685022218826,0.7651109410864576,,-4.577008242233722,0.7626601586333132,,1966.8,71.47051230123992,0.7630481229016177,,1965.8,1960.5,-39.89582727902109,-41.42398634300916,-42.95214540699724,30.809574081132368,False,True
2023-05-22,0,-5.558784285444506,0.7578053955744166,,-17.202129210325694,0.7582650894752807,,1978.2,-5.5717362464582845,0.7595705894267776,,1974.8,1979.4,0.012951961013778046,-1.5044240239874163,-3.0218000089886106,-6.3165896810189235,False,True
2023-05-23,1,-48.24425983852206,0.7599169157505447,,-18.343954188543865,0.7636308099577459,,1964.3,85.82871814183157,0.7650719167601756,,1960.6,1973.9,-134.07297798035364,-135.59796681286437,-137.12295564537507,-49.004176754272606,False,True
2023-05-24,2,-17.716589888771264,0.7586102260658475,,53.55982688987179,0.7599554159489311,,1973.8,-127.29334850172722,0.7558959887119533,,1984.4,1977.3,109.57675861295596,108.06225239817816,106.54774618340035,-18.47520011483711,False,True
2023-05-25,3,0.5103212473358089,0.7655014034192397,,15.297540079734674,0.7654623392529089,,1959.6,-107.06246771985094,0.7642922653622747,,1962.6,1959.5,107.57278896718675,106.04299529840524,104.51320162962372,-0.2551801560834308,False,True
2023-05-26,4,51.36909636748025,0.7725189267137045,,0.0,0.7686001229760199,,1951.6,-28.22179054562722,0.7686001229760199,,1951.6,1941.7,79.59088691310747,78.04976786341774,76.50864881372802,50.59657744076655,False,True
2023-05-29,0,16.458369193752517,0.7721212745148506,,0.5139934723955377,0.7710100231303008,,1945.5,,,missing bar,,1942.7,,,,15.686247919237667,False,False
2023-05-30,1,-39.702029514942794,0.7718828796377298,,118.59977290750008,0.7747133560582585,,1936.2,-2.5521272118716873,0.7655404715729306,,1959.4,1943.3,-37.14990230307111,-38.68732565428177,-40.22474900549243,-40.47391239458052,False,True
2023-05-31,2,15.30846857107188,0.7660096006536616,,24.00961537538268,0.7671849427168578,,1955.2,14.785737009339037,0.765345170671973,,1959.9,1958.2,0.5227315617328436,-1.0086232095927912,-2.539977980918426,14.542458970418219,False,True
2023-06-01,3,,,roll,33.30140824163547,0.7581117962195494,,1978.6,50.248836948919546,0.7556294393229561,,1985.1,,,,,,False,False
2023-06-02,4,4.5111652102111535,0.752030482302216,,2.505449365446901,0.7517289766462866,,1995.4,-159.5912867572102,0.7515406583496167,,1995.9,1994.6,164.10245196742136,162.59888082676952,161.0953096861177,3.7591347279089375,False,True
2023-06-05,0,-17.852138071144896,0.7644091117566123,,-3.574437702417953,0.7658140603461481,,1958.7,102.13243931574499,0.7660878447395303,,1958.0,1962.3,-119.98457738688988,-121.51507434338602,-123.04557129988217,-18.61654718290151,False,True
2023-06-06,1,-12.647023312119543,0.7583417593528818,,18.20757128538661,0.7593398805305255,,1975.4,3.536335887720648,0.7579202667879341,,1979.1,1978.0,-16.18335919984019,-17.699621225981005,-19.21588325212182,-13.405365071472426,False,True
2023-06-07,2,-33.89576513200744,0.7575757575757577,,18.731811577684145,0.7601094557616297,,1973.4,-109.34628975048051,0.7587253414264038,,1977.0,1980.0,75.45052461847307,73.93422351947092,72.41792242046874,-34.6533408895832,False,True
2023-06-08,3,15.324107815653592,0.7667927614763318,,9.693136488355735,0.7656186198448347,,1959.2,96.41808176955342,0.7648768548263731,,1961.1,1956.2,-81.09397395389983,-82.62564357020254,-84.15731318650525,14.557315054177261,False,True
2023-06-09,4,-0.5049357470335221,0.7573844988639233,,3.0292321128295767,0.7574227428802263,,1980.4,-27.294800609214466,0.7571551158447328,,1981.1,1980.5,26.789864862180945,25.27532524747229,23.760785632763632,-1.2623202458974454,False,True
2023-06-12,0,-5.569479397656545,0.7592630087062159,,20.2388249613785,0.7597244732576987,,1974.4,-32.91058893105361,0.7582267603497954,,1978.3,1975.6,27.341109533397066,25.823619764341053,24.306129995285044,-6.328742406362761,False,True
2023-06-13,1,24.31858529523782,0.7608805924723547,,7.081795025090559,0.7590324865904261,,1976.2,-105.22399793211535,0.7584951456310681,,1977.6,1971.4,129.54258322735316,128.02320748924976,126.50383175114632,23.557704702765466,False,True
2023-06-14,2,9.192585295722273,0.7664009809932558,,6.123698905387738,0.765696784073507,,1959.0,-22.473067326260267,0.7652670782102955,,1960.1,1957.2,31.665652621982538,30.133984562778984,28.602316503575437,8.426184314729017,False,True
2023-06-15,3,-58.461704968233526,0.7669888019634915,,-22.13928050643698,0.771446204484674,,1944.4,155.99344577684508,0.7731958762886598,,1940.0,1955.7,-214.4551507450786,-215.99533542333077,-217.5355201015829,-59.22869377019702,False,True
2023-06-16,4,14.707749576611292,0.7613053849667564,,23.79085427780576,0.7601864990877764,,1973.2,-36.46866220826679,0.7583801001061732,,1977.9,1970.3,51.176411784878084,49.65672629980516,48.137040814732224,13.946444191644535,False,True
2023-06-19,0,-22.352054010257568,0.7611508601004721,,-29.03055337885562,0.7628540914407773,,1966.3,,,missing bar,,1970.7,,,,-23.11320487035804,False,False
2023-06-20,1,1.0189525176947205,0.7642533245019617,,1.0188487018478274,0.7641754546843956,,1962.9,-77.2125636948863,0.7640586797066016,,1963.2,1962.7,78.23151621258101,76.70320420837244,75.17489220416388,0.2546991931927588,False,True
2023-06-21,2,-10.786102383702437,0.7700205338809035,,-2.055709741025352,0.7708119218910587,,1946.0,-10.285421323303616,0.7710100231303008,,1945.5,1948.0,-0.5006810603988203,-2.0417116174100247,-3.582742174421229,-11.55612291758334,False,True
2023-06-22,3,-24.730807596739368,0.7718828796377298,,-6.192270180835961,0.7737941707505804,,1938.5,-69.40875269973246,0.7742734733908018,,1937.3,1943.3,44.67794510299309,43.131788749964564,41.58563239693603,-25.502690476377097,True,True
2023-06-23,4,-2.0797587554822052,0.7798284377436966,,31.67106305063794,0.78003120124805,,1923.0,6.218583399859164,0.7775646674615107,,1929.1,1923.5,-8.29834215534137,-9.855735260546576,-11.413128365751785,-2.859587193225902,True,True
2023-06-26,0,-20.67932288397857,0.7746733460724063,,45.95335310106333,0.776276975624903,,1932.3,-42.84872718354715,0.7727179064496189,,1941.2,1936.3,22.169404299568576,20.62201304704655,19.074621794524525,-21.45399623005098,False,True
2023-06-27,1,22.223954155736973,0.7761163139649196,,-22.2228056003512,0.7743534148985598,,1937.1,-48.75528330100792,0.7761163139649196,,1932.7,1932.7,70.9792374567449,69.42700482881506,67.87477220088522,21.447837841772053,False,True
2023-06-28,2,-17.69543503277283,0.7799906401123189,,-19.29244282718417,0.7813720893889672,,1919.7,2.0873558495655904,0.7828401440425867,,1916.1,1923.1,-19.78279088233842,-21.34562166649333,-22.908452450648234,-18.47542567288515,False,True
2023-06-29,3,-20.370329051675405,0.7826767545003915,,27.672645253487307,0.7842727177663914,,1912.6,-8.346375028078189,0.7821462091980396,,1917.8,1916.5,-12.023954023597216,-13.588776987295647,-15.153599950994078,-21.1530058061758,False,True
2023-06-30,4,-9.919340916179456,0.7827175954915467,,-9.40684678721327,0.7835353113246971,,1914.4,78.63599953379261,0.7842317143305276,,1912.7,1916.4,-88.55534044997206,-90.12228975979414,-91.6892390696162,-10.702058511671003,False,True
2023-07-03,0,-24.40989033066176,0.7780890133831312,,-15.091985899088893,0.78003120124805,,1923.0,47.28141195946116,0.7812093120149993,,1920.1,1927.8,-71.69130229012292,-73.25060061552105,-74.80989894091918,-25.18797934404489,False,True
2023-07-04,1,31.571074019738813,0.7775646674615107,,5.166356800178518,0.775153738824867,,1935.1,,,missing bar,,1929.1,,,,30.7935093522773,False,False
2023-07-05,2,-22.78023247619114,0.7757149506128148,,28.98402732955934,0.7774840615767378,,1929.3,-62.73513770537255,0.7752739301219767,,1934.8,1933.7,39.954905229181406,38.403916348446614,36.85292746771182,-23.555947426803957,False,True
2023-07-06,3,22.861903338063897,0.7802746566791512,,32.64336171580311,0.7784928378658917,,1926.8,-83.63902364216166,0.7759958613554062,,1933.0,1922.4,106.50092698022556,104.94465646219099,103.38838594415644,22.081628681384746,False,True
2023-07-07,4,13.035432145397833,0.7826359177710531,,22.90117068148217,0.781616382679381,,1919.1,36.32593511941307,0.7798284377436966,,1923.5,1916.6,-23.290502974015233,-24.85296732952998,-26.415431685044734,12.25279622762678,False,True
2023-07-10,0,-9.845835748097315,0.7769202879784535,,6.737322428410394,0.7776452900616933,,1928.9,3.6259097545739927,0.7771215418091391,,1930.2,1930.7,-13.471745502671308,-15.0257873324589,-16.579829162246494,-10.622756036075769,False,True
2023-07-11,1,56.809531497066516,0.7768800497203233,,-0.5149993563637972,0.7724791430631374,,1941.8,-21.137842015803727,0.7725189267137045,,1941.7,1930.8,77.94737351287024,76.39797453643622,74.84857556000219,56.03265144734619,False,True
2023-07-12,2,10.314596066622125,0.7739938080495358,,0.0,0.7731958762886598,,1940.0,118.88431076927364,0.7732357338007114,,1939.9,1938.0,-108.56971470265151,-110.11694424450177,-111.66417378635201,9.540602258572589,False,True
2023-07-13,3,22.901356099494674,0.7642533245019617,,-12.717146969141853,0.7625438462711608,,1967.1,2.0358306259250356,0.7635142013641455,,1964.6,1962.7,20.865525473569637,19.33775794770353,17.809990421837423,22.137102774992712,False,True
2023-07-14,4,-22.924689731170556,0.7632810909831061,,13.251785833271658,0.7650328964145459,,1960.7,-20.90397681699942,0.7639808495467048,,1963.4,1965.2,-2.020712914171135,-3.5479748547009455,-5.075236795230756,-23.687970822153662,False,True
2023-07-17,0,-8.683438165339798,0.7658531604207087,,22.458155621438042,0.7664793050587636,,1957.0,-12.753477050664898,0.764720876879939,,1961.5,1958.6,4.070038885325101,2.539464848024453,1.0088908107238055,-9.449291325760507,False,True
2023-07-18,1,35.68155483149598,0.7659704846039933,,7.1210582866787995,0.7632422530911311,,1965.3,79.50817971218798,0.7626601586333132,,1966.8,1958.3,-43.826624880692,-45.35525552392931,-46.883886167166615,34.91558434689199,False,True
2023-07-19,2,-11.103261461682342,0.7566204287515764,,-14.655719616303648,0.7574992425007576,,1980.2,15.159940242354612,0.7585718620410642,,1977.4,1982.5,-26.263201704036952,-27.778393994829592,-29.293586285622233,-11.859881890433918,False,True
2023-07-20,3,16.65279319061249,0.7575757575757577,,4.032867927825184,0.7563152321887764,,1983.3,-60.66445984401314,0.7560102817398318,,1984.1,1980.0,77.31725303462562,75.80366699531004,74.29008095599444,15.89521743303673,False,True
2023-07-21,4,3.548885940566395,0.7606105167080779,,-25.376859784147594,0.7603406326034065,,1972.8,-19.83875310487722,0.7622725886777113,,1967.8,1972.1,23.387639045443613,21.864755940057826,20.341872834672035,2.788275423858317,False,True
2023-07-24,0,-1.0185892547628392,0.7639030352413936,,17.81034997425938,0.7639808495467048,,1963.4,-53.015366053799006,0.7626213839036048,,1966.9,1963.6,51.99677679903617,50.47025237989117,48.94372796074617,-1.7824922900042328,False,True
2023-07-25,1,35.19603725101062,0.7664793050587636,,-9.170106098813722,0.7638252367858235,,1963.8,23.92771919272619,0.7645649625363169,,1961.9,1957.0,11.268318058284432,9.73727379068935,8.206229523094272,34.429557945951856,False,True
2023-07-26,2,23.36687032937481,0.7628540914407773,,13.18324904453083,0.7610736211882896,,1970.9,-0.5067267983545964,0.7600709399543959,,1973.5,1966.3,23.873597127729404,22.350672096334232,20.827747064939057,22.604016237934033,False,True
2023-07-27,3,8.611301598420127,0.7601479754725587,,22.253701273685348,0.759493670886076,,1975.0,-168.63634214061435,0.7578053955744166,,1979.4,1973.3,177.24764373903446,175.72969036798747,174.21173699694052,7.851153622947568,False,True
2023-07-28,4,24.12917976410347,0.7710100231303008,,28.166868800298534,0.7692702189855891,,1949.9,16.861256325935035,0.7670672462285861,,1955.5,1945.5,7.267923438168435,5.729846168809548,4.191768899450661,23.358169740973167,False,True
2023-07-31,0,,,roll,22.556965879158348,0.7527475284789482,,1992.7,31.992029285739964,0.751013868722776,,1997.3,,,,,,False,False
2023-08-01,1,-43.50333135439978,0.7484283005688056,,-20.567365348045705,0.7516913054372338,,1995.5,-49.33309778834185,0.7532389273877675,,1991.4,2004.2,5.829766433942069,4.328099205985495,2.826431978028923,-44.25175965496859,False,True
2023-08-02,2,-15.095101990818678,0.7541857308059733,,9.05979526434311,0.7553250415428774,,1985.9,-85.38639726745373,0.7546410424108266,,1987.7,1988.9,70.29129527663505,68.78246850341826,67.27364173020146,-15.849287721624652,False,True
2023-08-03,3,-10.153315929619161,0.7611122386847982,,9.138912090167715,0.7619241123584092,,1968.7,-5.584181681775743,0.7612667478684532,,1970.4,1970.8,-4.569134247843419,-6.09151323439667,-7.613892220949921,-10.91442816830396,False,True
2023-08-04,4,-7.61866100797429,0.7615759545085298,,-4.0658671021588635,0.7621951219512196,,1968.0,55.7612840375748,0.7625050833672226,,1967.2,1969.6,-63.379945045549086,-64.90402608342484,-66.42810712130058,-8.38023696248282,False,True
2023-08-07,0,-28.86443325731336,0.7584951456310681,,-5.579932678322655,0.7606876616461282,,1971.9,4.058235737733963,0.7610736211882896,,1970.9,1977.6,-32.922668995047324,-34.44223776186668,-35.96180652868604,-29.62292840294443,False,True
2023-08-08,1,-20.309730261235288,0.7608419984783161,,-22.897860150972527,0.7623888182973317,,1967.5,-16.8251499145263,0.7641365257259298,,1963.0,1971.5,-3.484580346708988,-5.009558870913234,-6.53453739511748,-21.070572259713604,False,True
2023-08-09,2,24.977711469527318,0.7655795437145921,,-30.084411951842878,0.7637085688101423,,1964.1,-53.25153392872151,0.7660096006536616,,1958.2,1959.3,78.22924539824882,76.69765625388057,75.16606710951231,24.212131925812727,False,True
2023-08-10,3,14.365607108569767,0.7701391384710171,,21.51089177728097,0.7690730106644791,,1950.4,-50.77845393898686,0.7674204440806305,,1954.6,1947.7,65.14406104755662,63.60650146500497,62.06894188245332,13.59546797009875,False,True
2023-08-11,4,17.466356027817316,0.7712478790683326,,13.848641712696482,0.7699019658163528,,1948.3,-27.71506598522606,0.7687970888216905,,1951.1,1944.9,45.181422013043374,43.64137704515335,42.10133207726333,16.695108148748982,False,True
2023-08-14,0,-8.741484037806424,0.7709703947368421,,11.311636765802398,0.7716843296635457,,1943.8,-35.00647075537862,0.7708515339945528,,1945.9,1945.6,26.2649867175722,24.723164788840805,23.18134286010941,-9.512454432543267,False,True
2023-08-15,1,-14.964269156390662,0.7734350830153657,,-4.649120625103193,0.7746733460724063,,1936.3,-10.85636108385887,0.7750335847886742,,1935.4,1939.4,-4.107908072531792,-5.656376740335832,-7.204845408139872,-15.737704239406028,False,True
2023-08-16,2,16.540035817064485,0.7759557187936477,,-11.368335246683497,0.7746733460724063,,1936.3,-61.72058700154139,0.7755946225439505,,1934.0,1933.1,78.26062281860587,76.70907247726826,75.15752213593068,15.764080098270837,False,True
2023-08-17,3,23.380885095974275,0.7802746566791512,,10.89352980246749,0.778533243369492,,1926.7,-50.94095640054063,0.7777259293824857,,1928.7,1922.4,74.3218414965149,72.76384091045327,71.20584032439163,22.600610439295124,False,True
2023-08-18,4,10.415582651844748,0.7815756565235515,,9.885279543827702,0.7808026651397638,,1921.1,-23.949613155298355,0.78003120124805,,1923.0,1919.2,34.3651958071431,32.8035889493715,31.2419820915999,9.634006995321196,False,True
2023-08-21,0,-4.1710115307529385,0.7819015846538784,,21.877287608891663,0.7821869948375659,,1917.7,10.92072185292708,0.7804776523232219,,1921.9,1918.4,-15.091733383680019,-16.65411262065712,-18.216491857634217,-4.952913115406817,False,True
2023-08-22,1,17.655921915352895,0.7796257796257798,,18.142710313060878,0.7782504928919789,,1927.4,-23.850273140124983,0.7767995857068878,,1931.0,1924.0,41.506195055477875,39.9497696901452,38.39334432481254,16.876296135727117,False,True
2023-08-23,2,24.363073502704008,0.7784928378658917,,2.588460656908829,0.7766387076731905,,1931.4,67.58002454038345,0.7764377038148974,,1931.9,1926.8,-43.216951037679436,-44.771881579360226,-46.326812121041016,23.584580664838118,False,True
2023-08-24,3,24.64952719353267,0.7712478790683326,,-27.220683971124334,0.7693491306354825,,1949.7,1.0284891503468245,0.7714065312419646,,1944.5,1944.9,23.621038043185845,22.078383632875546,20.53572922256525,23.878279314464336,False,True
2023-08-25,4,-21.618291310102826,0.7712478790683326,,26.243357743245582,0.7728771640560594,,1940.8,-13.88424875292658,0.7708119218910587,,1946.0,1944.9,-7.734042557176247,-9.276102358135638,-10.81816215909503,-22.38953918917116,False,True
2023-08-28,0,-2.572347281065514,0.771604938271605,,-6.691201320242076,0.7718034473887317,,1943.5,29.818540422266086,0.7723200494284833,,1942.2,1944.0,-32.3908877033316,-33.934812691031695,-35.478737678731775,-3.343952219337119,False,True
2023-08-29,1,11.799411398487695,0.7699810071351575,,-29.267562161705683,0.7690730106644791,,1950.4,106.89818696132635,0.7713271969969663,,1944.7,1948.1,-95.09877556283865,-96.64008376697078,-98.1813919711029,11.029430391352538,False,True
2023-08-30,2,-10.178117927007147,0.7629704984740591,,15.771670232721554,0.7637474541751528,,1964.0,16.761908686447278,0.7625438462711608,,1967.1,1966.0,-26.940026613454425,-28.465540958199643,-29.991055302944865,-10.941088425481206,False,True
2023-08-31,3,2.030044667953155,0.7613440259872095,,9.63708831655163,0.761189485435908,,1970.6,-30.4630617383727,0.760417722802393,,1972.6,1970.2,32.49310640632586,30.971344657536253,29.449582908746653,1.2687006419659457,False,True
2023-09-01,4,2.5423944407651624,0.7628152969894223,,21.330632770367085,0.7626213839036048,,1966.9,-24.890166000598153,0.7609963979503832,,1971.1,1966.4,27.432560441363314,25.90874874642351,24.384937051483703,1.7795791437757402,False,True
2023-09-04,0,23.869389967303103,0.7626989373061474,,-19.29424310153984,0.7608805924723547,,1971.4,,,missing bar,,1966.7,,,,23.106691029996956,False,False
2023-09-05,1,-10.187449943834014,0.7636696874045414,,-33.179377571019664,0.7644091117566123,,1962.3,-22.010092575050752,0.7669495858472237,,1955.8,1964.2,11.822642631216738,10.292023357964974,8.761404084713208,-10.951119631238555,False,True
2023-09-06,2,-2.0499154481663604,0.7686395080707149,,-2.56298537938363,0.7687970888216905,,1951.1,-44.70372010666729,0.7690335811330429,,1950.5,1951.5,42.65380465850093,41.116131569297174,39.57845848009342,-2.818554956237075,False,True
2023-09-07,3,2.0593080797655197,0.7723200494284833,,17.48611842384379,0.7721212745148506,,1942.7,-10.282777255659324,0.7708119218910587,,1946.0,1942.2,12.342085335424844,10.798953364105301,9.25582139278576,1.2869880303370365,False,True
2023-09-08,4,27.742118999810195,0.7716843296635457,,-12.320962593624113,0.7695859627520395,,1949.1,-21.597169910691086,0.7704951715635917,,1946.8,1943.8,49.33928891050128,47.79710940927415,46.254929908047,26.97043467014665,False,True
2023-09-11,0,42.10748750011883,0.7718828796377298,,-13.845801037609583,0.7686788972020089,,1951.4,-17.4627676631743,0.769743931852004,,1948.7,1943.3,59.570255163293126,58.02862835180339,56.487001540313656,41.3356046204811,False,True
2023-09-12,1,-14.916547271128298,0.7709703947368421,,-36.09926049066659,0.7721610213116443,,1942.6,3.09949377416846,0.7749935417204858,,1935.5,1945.6,-18.01604104529676,-19.56200498175409,-21.107968918211416,-15.68751766586514,False,True
2023-09-13,2,-14.479266155658593,0.7751136833402233,,11.895835274917664,0.776276975624903,,1932.3,-20.697513339319084,0.7753540783624524,,1934.6,1935.2,6.218247183660491,4.667779421957815,3.1173116602551394,-15.254379838998815,False,True
2023-09-14,3,-11.401327934885941,0.7769202879784535,,1.0370216746824066,0.7778065854290901,,1928.5,19.683006458262845,0.7777259293824857,,1928.7,1930.7,-31.084334393148787,-32.638980610509726,-34.193626827870666,-12.178248222864395,False,True
2023-09-15,4,37.7037349786537,0.7761966364812419,,4.6385775860705944,0.7732755954222087,,1939.8,24.70153582062117,0.7728771640560594,,1940.8,1932.5,13.002199158032528,11.453125357495228,9.904051556957926,36.927538342172454,False,True
2023-09-18,0,19.51119945321584,0.7709307704168167,,-8.210181085159588,0.7693885925318015,,1949.6,36.89284774795864,0.7700205338809035,,1948.0,1945.7,-17.3816482947428,-18.92259959904052,-20.463550903338238,18.740268682799023,False,True
2023-09-19,1,-17.91610624868338,0.767145706541196,,24.562493159675856,0.7685213648939442,,1951.8,-20.464552317573816,0.7666360012266178,,1956.6,1955.3,2.548446068890435,1.0146643611226212,-0.5191173466451926,-18.683251955224577,False,True
2023-09-20,2,-9.733358008260147,0.7680491551459295,,9.733358008260419,0.7687970888216905,,1951.1,-8.19630187783771,0.768088483793333,,1952.9,1953.0,-1.537056130422437,-3.0731937693616995,-4.609331408300962,-10.501407163406077,False,True
2023-09-21,3,-19.999493858793986,0.7684426229508198,,-40.1173196579374,0.7699414844471821,,1948.2,-2.577120340011725,0.7730364873222016,,1940.4,1952.0,-17.422373518782262,-18.963852629055282,-20.505331739328305,-20.767936481744805,False,True
2023-09-22,4,27.802108213494147,0.7733553309960818,,1.5422975122470222,0.7712082262210799,,1945.0,-2.0564495471155686,0.77108929214003,,1945.3,1939.6,29.858557760609717,28.314113137473605,26.769668514337493,27.028752882498065,False,True
2023-09-25,0,-5.65799979088674,0.7713271969969663,,-0.5145223947002827,0.7717637373945258,,1943.6,-44.34825750394728,0.7718034473887317,,1943.5,1944.7,38.69025771306054,37.14712706867484,35.60399642428914,-6.429326987883707,False,True
2023-09-26,1,-31.054318212580057,0.775153738824867,,5.182421343186191,0.7775646674615107,,1929.1,-57.67598020462337,0.7771618050878194,,1930.1,1935.1,26.621661992043315,25.06934644813063,23.51703090421794,-31.829471951404923,False,True
2023-09-27,2,-14.6031109710302,0.7817385866166355,,-26.13150854621093,0.7829218643979332,,1915.9,-93.58146208180052,0.7849293563579279,,1911.0,1918.8,78.97835111077032,77.41168316779576,75.8450152248212,-15.384849557646834,False,True
2023-09-28,3,-7.397231659298471,0.7922674694977025,,5.812264040406488,0.7928118393234673,,1892.0,-60.92895481494119,0.7923093175575745,,1893.2,1893.3,53.53172315564272,51.94714636858745,50.36256958153217,-8.189499128796173,False,True
2023-09-29,4,23.878390799744217,0.7968974127397335,,-4.771118917870323,0.7949968200127201,,1886.8,-113.58607655726239,0.7953762129487247,,1885.9,1882.3,137.4644673570066,135.87219373131816,134.27992010562969,23.081493387004485,True,True
2023-10-02,0,-21.477671486439856,0.804548380175928,,-38.23890481448657,0.8063215610385424,,1860.3,-49.22520961419882,0.8094107489747465,,1853.2,1864.4,27.74753812775896,26.13357899860829,24.519619869457614,-22.282219866615783,True,True
2023-10-03,1,-30.400110269677707,0.8130521979511086,,12.496266329630956,0.8154833097749268,,1839.4,-15.214913547528058,0.8144648965629582,,1841.7,1844.9,-15.18519672214965,-16.812713816663717,-18.440230911177785,-31.213162467628816,True,True
2023-10-04,2,-24.50381034951917,0.8157937673356177,,32.6584222341698,0.8177952240758916,,1834.2,-19.037782137715322,0.8151287903488752,,1840.2,1838.7,-5.466028211803849,-7.096950769488341,-8.727873327172833,-25.319604116854787,True,True
2023-10-05,3,-7.076948497546079,0.8162821070962126,,3.8114944241889552,0.816904476636532,,1836.2,-13.619898049422249,0.8166376306620211,,1836.8,1837.6,6.54294955187617,4.9100298141179355,3.277110076359702,-7.893230604642292,True,True
2023-10-06,4,-7.089684805999654,0.8177506405713352,,9.270115449690817,0.8183306055646482,,1833.0,66.8172081456605,0.8175723551534312,,1834.7,1834.3,-73.90689295166015,-75.54221594738492,-77.17753894310968,-7.907435446570989,True,True
2023-10-09,0,14.497814443685797,0.8060182697474477,,-1.0731916730626254,0.8048505660782315,,1863.7,60.985584618695995,0.8048937540244688,,1863.6,1861.0,-46.4877701750102,-48.098682198782114,-49.70959422255403,13.69179617393835,False,True
2023-10-10,1,-29.370165026101713,0.7998293697344567,,2.6735823488932553,0.802181934862827,,1869.9,18.161427992837485,0.8019674935842601,,1870.4,1875.4,-47.5315930189392,-49.13338988225791,-50.735186745576634,-30.16999439583617,False,True
2023-10-11,2,11.20149470371314,0.800555051502375,,46.80361697817782,0.799658812240111,,1875.8,17.495034283418054,0.7959248646927731,,1884.6,1873.7,-6.293539579704914,-7.890019495900062,-9.48649941209521,10.400939652210765,False,True
2023-10-12,3,35.95034271082507,0.7944494465335523,,7.385914342621107,0.7916402786573782,,1894.8,-78.34873323655565,0.7909723686985869,,1896.4,1888.1,114.29907594738071,112.71365413214858,111.12823231691644,35.155893264291514,False,True
2023-10-13,4,41.366202389447345,0.797151511930701,,104.77364384384853,0.7939028262940616,,1889.4,189.8791224469138,0.7856282407164931,,1909.3,1881.7,-148.51292005746646,-150.09569981011367,-151.67847956276086,40.569050877516645,False,True
2023-10-16,0,-94.71385142550373,0.7726781023025809,,27.52319136779655,0.78003120124805,,1923.0,23.82680087147137,0.7778872582067107,,1928.3,1941.3,-118.54065229697511,-120.09121765748439,-121.64178301799369,-95.48652952780631,False,True
2023-10-17,1,-17.0838443952507,0.7758754461283818,,34.138552784994125,0.7772020725388602,,1930.0,-4.648400259306501,0.7745533409067439,,1936.6,1933.3,-12.435444135944199,-13.985872922979324,-15.536301710014449,-17.859719841379082,False,True
2023-10-18,2,61.25672257554613,0.7745133474466878,,53.229729533000274,0.7697834342604949,,1948.6,6.633837918377571,0.765696784073507,,1959.0,1936.7,54.622884657168555,53.082674525648365,51.54246439412817,60.48220922809944,False,True
2023-10-19,3,-1.5306512951135731,0.7652670782102955,,20.898649194592366,0.7653842228798858,,1959.8,115.93012112018022,0.7637863435001784,,1963.9,1960.1,-117.46077241529379,-118.98982583700426,-120.51887925871473,-2.2959183733238686,False,True
2023-10-20,4,16.083638368628694,0.7545271629778674,,-10.049747089739084,0.7533524182612628,,1991.1,20.592157147197447,0.7541478129713426,,1989.0,1988.0,-4.508518778568753,-6.017193754517963,-7.525868730467173,15.329111205650827,False,True
2023-10-23,0,-4.0255623750984535,0.7546410424108266,,20.111626267073213,0.7549448890231013,,1986.9,-32.70360893192582,0.7534659433393611,,1990.8,1987.7,28.67804655682737,27.16993957107718,25.66183258532699,-4.78020341750928,False,True
2023-10-24,1,23.15748115030886,0.7560102817398318,,-70.64670852191655,0.7542615779152211,,1988.7,37.404006406856766,0.7596090545399302,,1974.7,1984.1,-14.246525256547905,-15.762144592827667,-17.27776392910743,22.401470868569028,False,True
2023-10-25,2,-3.0266344056719356,0.7565441065214102,,18.64966895544031,0.7567731194187984,,1982.1,27.15616453888618,0.7553630778527547,,1985.8,1982.7,-30.182798944558115,-31.694706128932282,-33.20661331330645,-3.783178512193346,False,True
2023-10-26,3,20.068238723898467,0.7533145841703497,,-4.010427164238704,0.7518043303929431,,1995.2,3.0079711461556053,0.7521058965102286,,1994.4,1991.2,17.060267577742863,15.554847097062284,14.049426616381705,19.314924139728117,False,True
2023-10-27,4,11.021493024904155,0.7518796992481204,,-27.57654233230852,0.7510514720608854,,1997.2,123.25812876002247,0.7531632858003616,,1991.6,1995.0,-112.23663573511831,-113.74167872016679,-115.24672170521528,10.269613325656035,False,True
2023-10-30,0,-42.304405508393465,0.744971442761361,,1.9949129785368283,0.7481669908723628,,2004.9,1.4958490217619367,0.7479804527775008,,2005.4,2013.5,-43.8002545301554,-45.29320642569426,-46.786158321233124,-43.04937695115483,False,True
2023-10-31,1,-7.980846393281358,0.7479058635819705,,26.41219485751931,0.7485029940119762,,2004.0,-82.46129837351182,0.7465657973322716,,2009.2,2005.6,74.48045198023047,72.98598031931623,71.49150865840198,-8.728752256863329,False,True
2023-11-01,2,-23.103978132643807,0.7525209451663073,,19.090686531550947,0.7542995071909888,,1988.6,-5.522504344989671,0.7528608713109818,,1992.4,1993.3,-17.581473787654136,-19.086855604131426,-20.592237420608715,-23.856499077810113,False,True
2023-11-02,3,8.530497042377034,0.7530120481927711,,13.032583298266749,0.7523699653909817,,1993.7,-15.540018667343139,0.7513524343818875,,1996.4,1992.0,24.070515709720173,22.566151227145514,21.061786744570856,7.777484994184263,False,True
2023-11-03,4,7.521625025541085,0.7524454477050415,,0.5012656959866566,0.7519173893428244,,1994.9,24.531289680768253,0.7518796992481204,,1995.0,1993.5,-17.00966465522717,-18.513989802180333,-20.018314949133494,6.769179577836043,False,True
2023-11-06,0,-46.11999352018642,0.7502250675202561,,5.023358723204373,0.7536930961712393,,1990.2,-33.19922566416495,0.7532767538793754,,1991.3,1999.4,-12.92076785602147,-14.424269677421101,-15.927771498820732,-46.870218587706674,False,True
2023-11-07,1,-45.95387458231845,0.7557436517533254,,-53.79631325637986,0.759224578630359,,1975.7,53.79904363108111,0.7633587786259544,,1965.0,1984.8,-99.75291821339957,-101.27202064377884,-102.79112307415812,-46.709618234071776,False,True
2023-11-08,2,-7.59666796048028,0.7593783222801601,,-24.856075901199866,0.7599554159489311,,1973.8,-65.21983782733018,0.7618080243778569,,1969.0,1975.3,57.6231698668499,56.10198352019188,54.58079717353387,-8.35604628276044,False,True
2023-11-09,3,-5.115089625592847,0.7670672462285861,,-18.948613971119624,0.767459708365311,,1954.5,66.92747285279843,0.7689153167931108,,1950.8,1955.5,-72.04256247839128,-73.57854504141298,-75.11452760443467,-5.882156871821433,False,True
2023-11-10,4,-20.896518905923745,0.7637085688101423,,-42.94704694073152,0.7652670782102955,,1960.1,-46.220295924211165,0.768560741917303,,1951.7,1964.1,25.32377701828742,23.791507707559976,22.25923839683253,-21.660227474733887,False,True
2023-11-13,0,-3.602583606036842,0.7718431614695895,,-12.87763847573337,0.7721610213116443,,1942.6,52.43958343644929,0.7731958762886598,,1940.0,1943.4,-56.042167042486135,-57.587206080244385,-59.132245118002636,-4.3744267675064314,False,True
2023-11-14,1,-4.102774558806772,0.769112444239348,,-2.052123955488436,0.7694675284702986,,1949.4,92.94791394422043,0.7696254489481786,,1949.0,1950.3,-97.0506885030272,-98.58942639621473,-100.12816428940225,-4.87188700304612,False,True
2023-11-15,2,35.52581893094763,0.7626213839036048,,7.0896848059998705,0.7598784194528876,,1974.0,-61.95429119967259,0.7593783222801601,,1975.3,1966.9,97.48011013062022,95.95811042443646,94.43611071825269,34.76319754704402,False,True
2023-11-16,3,32.042343616896076,0.7641365257259298,,-11.178862952773654,0.7617693362449852,,1969.1,88.58350553422113,0.7626601586333132,,1966.8,1963.0,-56.541161917325056,-58.0679586016843,-59.594755286043544,31.278207091170145,False,True
2023-11-17,4,30.193259652596616,0.7559721802237679,,6.027727729222358,0.7536930961712393,,1990.2,-40.251626673141374,0.7532011046949537,,1991.5,1984.2,70.444886325738,68.93571304081928,67.42653975590055,29.437287472372848,False,True
2023-11-20,0,-0.5048337835849817,0.7572315614114796,,-29.83190178510583,0.7573080224163175,,1980.7,27.30722303706571,0.7595705894267776,,1974.8,1980.9,-27.812056820650692,-29.32885897148895,-30.845661122327208,-1.2620653449964614,False,True
2023-11-21,1,71.96266870595012,0.7575757575757577,,-17.063137734249835,0.7521436092864666,,1994.3,46.601442290108146,0.7533902561526872,,1991.0,1980.0,25.361226415841976,23.85026040211353,22.339294388385085,71.20509294837437,False,True
2023-11-22,2,25.96236916900396,0.7498875168724692,,-8.979796063633458,0.7479804527775008,,2005.4,-60.57438861762788,0.7486524256338591,,2003.6,2000.3,86.53675778663184,85.03821784412551,83.53967790161919,25.21248165213149,False,True
2023-11-23,3,30.587964177438664,0.7533145841703497,,-20.548810638765335,0.751013868722776,,1997.3,,,missing bar,,1991.2,,,,29.834649593268313,False,False
2023-11-24,4,2.006118668645663,0.7523699653909817,,10.525525368402873,0.7522190461862496,,1994.1,,,missing bar,,1993.7,,,,1.2537487032546815,False,False
2023-11-27,0,44.84312447328586,0.7490636704119852,,14.903872797025855,0.745749229392463,,2011.4,-0.4964134131915599,0.7446016381236039,,2014.5,2002.5,45.33953788647742,43.84587257794183,42.35220726940624,44.09406080287388,False,True
2023-11-28,1,-4.469051890553307,0.744675569676811,,5.957996303547738,0.744971442761361,,2013.5,132.13879278975347,0.7444907683144729,,2014.8,2014.3,-136.60784468030678,-138.09701101829808,-139.58617735628934,-5.213727460230118,False,True
2023-11-29,2,7.833537732283145,0.7346818827447716,,-4.405825551627013,0.7341425215348474,,2043.2,14.188216377545077,0.7343941248470014,,2042.5,2041.7,-6.354678645261932,-7.8237546528537045,-9.292830660445478,7.098855849538373,False,True
2023-11-30,3,,,roll,-30.076669611899874,0.7265681763138776,,2064.5,-10.694148403991074,0.7287567409998543,,2058.3,,,,,,False,False
2023-12-01,4,11.663509122199986,0.7293946024799418,,-17.500369057355094,0.7285443683520327,,2058.9,176.03965664200481,0.7298559750875828,,2055.2,2056.5,-164.37614751980482,-165.83539809737235,-167.29464867493988,10.934114519720044,False,True
2023-12-04,0,-54.579538946635516,0.7161955691367456,,27.807094339338683,0.7201497911565605,,2082.9,-196.28379743582033,0.7181156644963615,,2088.8,2094.4,141.7042584891848,140.2699472555517,138.8356360219186,-55.29573451577226,False,True
2023-12-05,1,9.756098334808009,0.732064421669107,,-38.59216826614403,0.7313505607020967,,2051.0,-26.46671152374871,0.734214390602056,,2043.0,2049.0,36.222809858556715,34.75653104628555,33.29025223401439,9.0240339131389,False,True
2023-12-06,2,67.00438342055928,0.7360879379723232,,-36.13638076309307,0.73117231294175,,2051.5,-2.446602904088983,0.7338910905621607,,2043.9,2037.8,69.45098632464826,67.98100729611376,66.51102826757929,66.26829548258695,False,True
2023-12-07,3,13.204550151901431,0.7340706665361653,,20.01807176787646,0.7331019989247839,,2046.1,-24.41645904880621,0.7316002536214212,,2050.3,2043.4,37.62100920070764,36.155338280550055,34.68966736039247,12.470479485365265,False,True
2023-12-08,4,8.306662909534591,0.7332453438920664,,-16.131006797389016,0.7326365146038879,,2047.4,-114.64122209704854,0.7338192847708039,,2044.1,2045.7,122.94788500658314,121.48082037792027,120.0137557492574,7.573417565642525,False,True
2023-12-11,0,-57.59126234700017,0.7425742574257427,,11.943270889690673,0.7469003634915103,,2008.3,-65.3646016603815,0.7460088526383847,,2010.7,2020.0,7.773339313381328,6.284756203317201,4.796173093253073,-58.33383660442591,False,True
2023-12-12,1,26.49405433883429,0.7508259084993495,,2.495944103810084,0.7488766849725412,,2003.0,-42.51600752235392,0.7486897928624907,,2003.5,1997.8,69.0100618611882,67.51054615982636,66.01103045846452,25.743228430334938,False,True
2023-12-13,2,-5.013536653695906,0.7518420129316828,,11.526801085833423,0.7521813258449505,,1994.2,230.22528343441488,0.7512771711910249,,1996.6,1995.1,-235.23882008811077,-236.74193927223348,-238.2450584563562,-5.765378666627589,False,True
2023-12-14,3,20.046455802580674,0.7341425215348474,,30.7264855103425,0.7327080890973037,,2047.2,-11.206120688393067,0.7304246201791977,,2053.6,2043.2,31.25257649097374,29.7880093492597,28.32344220754565,19.312313281045828,False,True
2023-12-15,4,4.386499400174191,0.7312436016184859,,17.04034103518444,0.7309229119968815,,2052.2,-107.59102221784653,0.729642961377566,,2055.8,2051.3,111.97752161802072,110.51663505502466,109.05574849202861,3.6552557985557055,False,True
2023-12-18,0,17.689553037988258,0.7377170117542912,,2.94507438441432,0.7363770250368189,,2037.0,18.143040747985506,0.7361963190184051,,2037.5,2033.3,-0.45348770999724763,-1.927401040769944,-3.4013143715426404,16.951836026233966,False,True
2023-12-19,1,-12.746349406887425,0.7348978491989614,,22.541294397777456,0.7358712715855574,,2038.4,52.72419946572719,0.734214390602056,,2043.0,2041.1,-65.47054887261461,-66.93966111241564,-68.40877335221666,-13.481247256086387,False,True
2023-12-20,2,8.273915737384634,0.7303534910896875,,-40.94969891357497,0.7297494526879106,,2055.5,-13.198095524510757,0.7327438815885888,,2047.1,2053.8,21.47201126189539,20.008913889217112,18.545816516538835,7.543562246294947,False,True
2023-12-21,3,11.732500368122347,0.7337116024261398,,13.671209589884873,0.7328870865295355,,2046.7,40.41589997317774,0.7318858258111736,,2049.5,2044.4,-28.683399605055392,-30.148997033292705,-31.614594461530018,10.998788765696206,False,True
2023-12-22,4,1.9404288408608685,0.7277314185911121,,49.83439202851224,0.7275549303972452,,2061.7,-36.26258053228703,0.723938223938224,,2072.0,2061.2,38.2030093731479,36.75133973061856,35.29967008808923,1.2126974222697564,False,True
2023-12-25,0,,,missing bar,,,missing bar,,,,missing bar,,,,,,,False,False
2023-12-26,1,45.877178135096116,0.7260406582768636,,-12.053131657124169,0.7227522405319458,,2075.4,30.346113218148503,0.7236239085339381,,2072.9,2066.0,15.531064916947614,14.081400350136812,12.631735783326011,45.15113747681925,False,True
2023-12-27,2,-11.06753715936508,0.7213966238638003,,10.104656218849987,0.7221259387637207,,2077.2,48.9373907612727,0.721431319738361,,2079.2,2079.3,-60.00492792063778,-61.44775586423995,-62.890583807842106,-11.788933783228881,False,True
2023-12-28,3,32.49083081866735,0.7178750897343863,,-48.294257921827366,0.7155123068116772,,2096.4,-50.93715962953445,0.7189761779226381,,2086.3,2089.5,83.4279904482018,81.99113918054476,80.55428791288774,31.772955728932963,False,True
2023-12-29,4,24.054663768617925,0.7225085496845047,,-30.798869389031818,0.7207380357486067,,2081.2,-13.987702750920606,0.7229960958210827,,2074.7,2076.1,38.04236651953853,36.596861874032946,35.15135722852736,23.33215521893342,False,True
2024-01-01,0,,,missing bar,,,missing bar,,,,missing bar,,,,,,,True,False
2024-01-02,1,45.24894598289724,0.723693732812274,,-25.006024090590248,0.7204264924835504,,2082.1,-43.91581027049004,0.7222998025713874,,2076.7,2072.7,89.16475625338728,87.71876271800362,86.27276918261995,44.52525225008497,False,True
2024-01-03,2,16.4282990176159,0.7253735673872045,,-84.85516525174559,0.7242528125150887,,2071.1,-19.496984144608053,0.7304246201791977,,2053.6,2067.9,35.92528316222395,34.46948497465755,33.013686787091146,15.702925450228694,False,True
2024-01-04,3,26.31580466055821,0.7319572536963841,,-7.30264631659781,0.7299980533385244,,2054.8,-11.69476792483836,0.7304957631245739,,2053.4,2049.3,38.010572585396574,36.548119568575615,35.085666551754656,25.58384740686183,False,True
2024-01-05,4,-6.826937408567757,0.7312079555425565,,-15.133396429662296,0.7317073170731708,,2050.0,27.31975550324532,0.732779677576942,,2047.0,2051.4,-34.146692911813076,-35.61068054493258,-37.07466817805207,-7.558145364110314,False,True
2024-01-08,0,-72.85561404723093,0.7307804735457469,,-32.44362084862479,0.7361601884570084,,2037.6,15.251780280566706,0.7385524372230429,,2031.0,2052.6,-88.10739432779764,-89.57672723856643,-91.04606014933522,-73.58639452077668,False,True
2024-01-09,1,36.306584872444404,0.737281887441632,,2.448519881970814,0.7346459006758743,,2041.8,-31.876053766427276,0.7344300822561693,,2042.4,2034.5,68.18263863887168,66.71092666917389,65.23921469947608,35.56930298500277,False,True
2024-01-10,2,3.4375230529769127,0.7367387033398822,,2.454770859467854,0.7365216537366199,,2036.6,-35.899618087940375,0.7363408767365375,,2037.1,2036.0,39.33714114091729,37.864061560840874,36.39098198076445,2.7007843496370305,False,True
2024-01-11,3,43.75944244702132,0.7391347196215631,,-6.870828695897783,0.7359073737918855,,2038.3,-19.16415416628844,0.7363770250368189,,2037.0,2029.4,62.92359661330976,61.448084868651385,59.972573123993,43.02030772739976,False,True
2024-01-12,4,42.6984035624163,0.7377532952980524,,52.26535282624958,0.7346099221313483,,2041.9,4.870683453167677,0.7307804735457469,,2052.6,2033.2,37.827720109248624,36.35918634040482,34.89065257156103,41.96065026711825,False,True
2024-01-15,0,23.8344350009047,0.7304957631245739,,-8.262254121206533,0.7287213369607463,,2058.4,,,missing bar,,2053.4,,,,23.10393923778013,False,False
2024-01-16,1,-35.005870052821805,0.7280139778683751,,-53.23187917280984,0.7306025035312456,,2053.1,-50.568387210460436,0.7345739471106759,,2042.0,2060.4,15.56251715763863,14.09992923265958,12.63734130768053,-35.73388403069018,False,True
2024-01-17,2,-15.269810616695546,0.7382979770635428,,16.254960109427042,0.7394626571358148,,2028.5,-113.84570814069305,0.7382616399251897,,2031.8,2031.7,98.5758975239975,97.09933790700877,95.62277829002004,-16.00810859375909,False,True
2024-01-18,3,25.352336299301108,0.7466029565477081,,15.37965723734831,0.7447495159128149,,2014.1,39.0867083483235,0.74360499702558,,2017.2,2009.1,-13.73437204902239,-15.224580002595678,-16.714787956168966,24.6057333427534,False,True
2024-01-19,4,13.308689579900644,0.7398638650488311,,25.090412395136173,0.7388798581350673,,2030.1,-16.228580610581336,0.7370645177141173,,2035.1,2027.4,29.53727019048198,28.06034180771903,26.583413424956085,12.568825714851814,False,True
2024-01-22,0,-41.428348856544524,0.7382616399251897,,39.95368720251966,0.7413631196560077,,2023.3,-40.94222022032755,0.7384070099438812,,2031.4,2031.8,-0.486128636216975,-1.962797286086046,-3.4394659359551167,-42.166610496469715,False,True
2024-01-23,1,48.81305454421436,0.741399762752076,,-30.04706346508909,0.7377532952980524,,2033.2,16.75785300247549,0.7399368587213891,,2027.2,2023.2,32.05520154173887,30.573864920265404,29.092528298791937,48.071654781462286,False,True
2024-01-24,2,0.0,0.7386615452799529,,15.254031743653263,0.7386615452799529,,2030.7,-95.8458006695433,0.7375356475562987,,2033.8,2030.7,95.8458006695433,94.36960347670704,92.89340628387079,-0.7386615452799529,False,True
2024-01-25,3,4.465947227185056,0.7444907683144729,,-10.423130364177768,0.7441214406191091,,2015.8,36.18612519261297,0.7448974524507127,,2013.7,2014.8,-31.720177965427915,-33.2095661861931,-34.698954406958286,3.7214564588705836,False,True
2024-01-26,4,0.989560141326105,0.7422068283028206,,2.4738391635956885,0.7422435548517988,,2020.9,-15.348437225237875,0.7420966704596054,,2021.3,2021.0,16.33799736656398,14.853693867801551,13.369390369039127,0.24735331302328445,False,True
2024-01-29,0,31.072008427487003,0.7409602845287493,,-13.799223519343048,0.7387343018960848,,2030.5,23.64183734298179,0.7396814438581785,,2027.9,2024.4,7.430171084505211,5.949529356118283,4.468887627731355,30.331048142958252,False,True
2024-01-30,1,19.66085666501587,0.7380073800738008,,-8.842602266100545,0.7365578197888536,,2036.5,7.860863134474186,0.7372456502506637,,2034.6,2032.5,11.799993530541684,10.324740500217219,8.849487469892754,18.92284928494207,False,True
2024-01-31,2,,,roll,10.216244716257698,0.7301046483329278,,2054.5,5.347203782950835,0.7293591364387827,,2056.6,,,,,,False,False
2024-02-01,3,10.199374351234797,0.728898391564216,,-42.812033281654436,0.7281906888683918,,2059.9,102.82866955584056,0.7313149041977477,,2051.1,2057.9,-92.62929520460577,-94.08950850036773,-95.54972179612969,9.47047595967058,False,True
2024-02-02,4,0.4826138366320056,0.723938223938224,,0.48259054614517444,0.7239032865209208,,2072.1,-73.61877585013589,0.7238334218018627,,2072.3,2072.0,74.1013896867679,72.65361804102783,71.20584639528772,-0.24132438730621847,False,True
2024-02-05,0,-68.7522517039455,0.728898391564216,,-24.983479818455546,0.7338910905621607,,2043.9,13.724146845841418,0.7357268981753974,,2038.8,2057.9,-82.47639854978692,-83.94102383952654,-85.40564912926615,-69.48115009550972,False,True
2024-02-06,1,3.918111520395532,0.7347898501028707,,7.831620566710739,0.7345020076388209,,2042.2,42.96671812092915,0.7339629104075942,,2043.7,2041.4,-39.04860660053362,-40.51735936104408,-41.98611212155455,3.1833216702926617,False,True
2024-02-07,2,-6.335437235226607,0.7307804735457469,,-10.242654230442103,0.7312436016184859,,2051.3,7.80449773773821,0.7319572536963841,,2049.3,2052.6,-14.139934972964816,-15.602672700206949,-17.06541042744908,-7.066217708772354,False,True
2024-02-08,3,-15.61432931664286,0.7313505607020967,,-39.63307940192718,0.7324934075593321,,2047.8,48.90702759558761,0.7354022650389764,,2039.7,2051.0,-64.52135691223046,-65.98810973797153,-67.45486256371261,-16.345679877344956,False,True
2024-02-09,4,-6.832601534723889,0.7318144118651512,,-25.417943101204123,0.7322788517867606,,2048.4,-21.559124426729067,0.7341784543096277,,2043.1,2049.7,14.726522892005178,13.260530025830398,11.79453715965562,-7.5644159465890395,True,True
2024-02-12,0,6.866447864073204,0.7359434795407713,,-20.12319999781869,0.7354743809757294,,2039.5,-7.863954007941519,0.7369558809079297,,2035.4,2038.2,14.730401872014724,13.257502511566022,11.784603151117322,6.130504384532433,True,True
2024-02-13,1,24.555556980635327,0.737571913261543,,15.683202587242382,0.7357268981753974,,2038.8,-177.87030202729994,0.7345739471106759,,2042.0,2033.7,202.42585900793526,200.95371314756304,199.4815672871908,23.817985067373783,True,True
2024-02-14,2,-20.456537007718378,0.747644918506704,,3.9950062953312333,0.749213326007692,,2002.1,10.479304334826953,0.7489140745918419,,2002.9,2006.3,-30.93584134254533,-32.43240033564388,-33.92895932874242,-21.204181926225083,True,True
2024-02-15,3,2.4937034118393413,0.7482043096568237,,21.42021790891697,0.7480177529546703,,2005.3,31.794949533340596,0.7463800567248844,,2009.7,2004.8,-29.301246121501254,-30.795830487882963,-32.29041485426467,1.7454991021825177,True,True
2024-02-16,4,3.471447380443853,0.7440107137542782,,8.42564419285545,0.7437524791749307,,2016.8,35.11465315897175,0.7431629013079668,,2018.4,2016.1,-31.643205778527896,-33.13037939359015,-34.617553008652386,2.7274366666895746,True,True
2024-02-19,0,22.660108218432352,0.7397544015386893,,-20.19456418365322,0.7380800078728535,,2032.3,,,missing bar,,2027.7,,,,21.920353816893662,False,False
2024-02-20,1,15.263795769831113,0.7391347196215631,,27.023723607044296,0.7380073800738008,,2032.5,-9.818361122568131,0.7360157016683024,,2038.0,2029.4,25.082156892399244,23.607006471109376,22.13185604981951,14.52466105020955,False,True
2024-02-21,2,17.66438143322384,0.736666339259405,,3.4311202944259147,0.7353662123737622,,2039.8,-18.63933438062642,0.7350779182593357,,2040.6,2036.2,36.30371581385026,34.83197155633152,33.36022729881278,16.927715093964437,False,True
2024-02-22,3,25.011660620035006,0.7365578197888536,,-16.66748755877403,0.7347178683385581,,2041.6,-19.643477317785003,0.7359073737918855,,2038.3,2036.5,44.65513793782001,43.18267274423927,41.71020755065853,24.275102800246152,False,True
2024-02-23,4,-13.774784487319726,0.7374268718352098,,30.475839553085127,0.7384433613941812,,2031.3,40.65344907889179,0.7361963190184051,,2037.5,2034.1,-54.42823356621152,-55.90185675706513,-57.37547994791875,-14.512211359154936,False,True
2024-02-26,0,1.467459097209852,0.7337833871441152,,-9.787130705390297,0.7336757153338226,,2044.5,-7.346999081492732,0.7344300822561693,,2042.4,2044.2,8.814458178702584,7.346244709302299,5.878031239902015,0.7336757100657368,False,True
2024-02-27,1,18.599192870856733,0.7348618459729572,,13.194225776123757,0.7334963325183375,,2045.0,-40.61565124389197,0.7325291790789668,,2047.7,2041.2,59.2148441147487,57.747453089696776,56.28006206464485,17.864331024883775,False,True
2024-02-28,2,-13.736939804288859,0.7354022650389764,,8.833055829985241,0.7364131768864451,,2036.9,24.007262700196804,0.7357990777984893,,2038.6,2039.7,-37.74420250448566,-39.21540384732313,-40.68660519016059,-14.472342069327835,False,True
2024-02-29,3,8.803247988680607,0.73392699872786,,-35.25958599132577,0.7332811888932343,,2045.6,70.39528483527873,0.7358712715855574,,2038.4,2043.8,-61.59203684659812,-63.06183511691154,-64.53163338722496,8.069320989952747,False,True
2024-03-01,4,4.383294846752105,0.7307092751363992,,34.99736231415448,0.7303890539027124,,2053.7,148.35066403940885,0.7278726708074534,,2060.8,2052.8,-143.96736919265675,-145.4259511386006,-146.88453308454444,3.652585571615706,False,True
2024-03-04,0,21.014431269573883,0.717154331612163,,-23.405231481788388,0.7156488549618322,,2096.0,151.87041457094625,0.7173258093826217,,2091.1,2091.6,-130.85598330137236,-132.29046344236716,-133.72494358336192,20.29727693796172,False,True
2024-03-05,1,-2.826189373499604,0.7064475109499365,,46.53029333680963,0.7066471946106375,,2122.7,17.33386862068213,0.7033338022225349,,2132.7,2123.3,-20.160057994181734,-21.569839307354204,-22.979620620526678,-3.5326368844495404,False,True
2024-03-06,2,0.0,0.7021157086687887,,27.110421390945284,0.7020828457758016,,2136.5,66.06518864723681,0.7001820473323065,,2142.3,2136.4,-66.06518864723681,-67.4674864032379,-68.869784159239,-0.7021157086687887,False,True
2024-03-07,3,31.9422533933641,0.6955070246209488,,10.624784461785765,0.6932889628397118,,2163.6,7.3848429461574145,0.6925847261981717,,2165.8,2156.7,24.557410447206685,23.169318696387567,21.781226945568445,31.246746368743153,False,True
2024-03-08,4,8.304498747161796,0.6923289947382998,,21.651511395074856,0.6917542888765911,,2168.4,60.1015733404443,0.6902581565505501,,2173.1,2166.6,-51.7970745932825,-53.17966174457135,-54.5622488958602,7.612169752423497,False,True
2024-03-11,0,-7.774094366608829,0.6856829402084478,,-2.745241598499375,0.6862162038519604,,2185.9,16.916996467561923,0.686404612638997,,2185.3,2187.6,-24.69109083417075,-26.063178387018198,-27.43526593986564,-8.459777306817276,False,True
2024-03-12,1,-35.236279450415196,0.6852131012744964,,-16.516795826819312,0.6876317960942514,,2181.4,-63.57124781167919,0.6888001102080178,,2177.7,2189.1,28.334968361263996,26.960955149781483,25.586941938298967,-35.921492551689695,False,True
2024-03-13,2,4.620858637740636,0.6932889628397118,,22.151469669807533,0.6930006930006931,,2164.5,45.98977936668557,0.6914354199317785,,2169.4,2163.6,-41.36892072894493,-42.753645111716416,-44.13836949448791,3.9275696749009246,False,True
2024-03-14,3,-30.32811809057209,0.6882312456985548,,0.920428920526474,0.6903534609720177,,2172.8,-29.957390764655447,0.6902899217671423,,2173.0,2179.5,-0.3707273259166435,-1.7492484933823407,-3.1277696608480374,-31.016349336270643,False,True
2024-03-15,4,30.421779627403556,0.6924568368571694,,-8.747899910982872,0.690321689907497,,2172.9,-53.57485565251797,0.6909258406264395,,2171.0,2166.2,83.99663527992152,82.61325260243791,81.2298699249543,29.729322790546387,False,True
2024-03-18,0,-38.966510315535,0.6944765961387103,,61.16793863140978,0.69722041461374,,2151.4,-3.696345280729633,0.6929366655887653,,2164.7,2159.9,-35.270165034805366,-36.65757829653285,-38.04499155826032,-39.66098691167371,False,True
2024-03-19,1,-19.890378230052562,0.6931608133086877,,-4.631130541716133,0.6945087508102603,,2159.8,10.186129225955291,0.6948626488164175,,2158.7,2164.0,-30.076507456007853,-31.464530918132958,-32.85255438025806,-20.58353904336125,False,True
2024-03-20,2,-7.405350704058226,0.6939946331081707,,-14.826486522724238,0.6944765961387103,,2159.9,150.932370084813,0.6954747774480713,,2156.8,2161.4,-158.33772078887122,-159.72719019942747,-161.1166596099837,-8.099345337166397,False,True
2024-03-21,3,87.2812159651598,0.6848689617386542,,1.8104462799525987,0.6789788158609453,,2209.2,-119.74009985956614,0.6788559015206374,,2209.6,2190.2,207.02131582472595,205.65759096146664,204.29386609820736,86.59634700342114,False,True
2024-03-22,4,-54.65121871292587,0.6870019236053861,,-17.976911430549155,0.6907985631389888,,2171.4,-4.614674747328633,0.6920415224913495,,2167.5,2183.4,-50.03654396559723,-51.41558741169397,-52.79463085779071,-55.338220636531254,False,True
2024-03-25,0,-0.4615633150287538,0.6923289947382998,,23.513692569205617,0.6923929098966027,,2166.4,6.905282815531666,0.6907667510937141,,2171.5,2166.6,-7.36684613056042,-8.749941876392434,-10.133037622224448,-1.1538923097670537,False,True
2024-03-26,1,-5.523844736294535,0.6902899217671423,,115.8146199018994,0.6906395322068236,,2171.9,-80.42816283877208,0.6827181284420374,,2197.1,2173.0,74.90431810247755,73.53131005226837,72.15830200205919,-6.214134658061678,False,True
2024-03-27,2,-14.69373025874162,0.6882628246306324,,54.53600739624821,0.6893065576030514,,2176.1,27.39352486885517,0.6857769853243726,,2187.3,2179.4,-42.08725512759679,-43.4612949375518,-44.8353347475068,-15.381993083372253,False,True
2024-03-28,3,,,roll,53.47966816797187,0.6759192501802452,,2219.2,106.11361774887419,0.6723442402510087,,2231.0,,,,,,False,False
2024-03-29,4,,,missing bar,,,missing bar,,,,missing bar,,,,,,,False,False
2024-04-01,0,96.90851983460955,0.6639518413597736,,-60.24511966084797,0.6576351440220966,,2280.9,22.908508190368376,0.6615798526882196,,2267.3,2259.2,74.00001164424117,72.67447995019317,71.34894825614518,96.24456799324977,False,True
2024-04-02,1,14.949000321721726,0.6600079200950413,,22.82204194425039,0.6590799244255021,,2275.9,87.29867750977753,0.6576063130206051,,2281.0,2272.7,-72.34967718805581,-73.66729142117146,-74.9849056542871,14.288992401626686,False,True
2024-04-03,2,2.1720715131326087,0.6516922274840337,,-35.247311355347456,0.6515789930932628,,2302.1,116.58022779733034,0.6538796861377507,,2294.0,2301.7,-114.40815628419773,-115.71372819781952,-117.0193001114413,1.5203792856485752,False,True
2024-04-04,3,-24.156685028088916,0.6462731581214994,,-29.84495824584488,0.647836227001814,,2315.4,7.793895176952569,0.6497444338560168,,2308.6,2321.0,-31.950580205041483,-33.246597797019,-34.542615388996516,-24.802958186210414,True,True
2024-04-05,4,-49.918714619591405,0.6494912318683699,,54.25007337616363,0.6527699203620698,,2297.9,166.98175205139705,0.6492944333823912,,2310.2,2309.5,-216.90046667098846,-218.19925233623923,-219.49803800149,-50.56820585145977,True,True
2024-04-08,0,48.52518779884696,0.6400409626216079,,4.669624180113042,0.6369156299095581,,2355.1,9.332711829987478,0.6366182836771073,,2356.2,2343.6,39.19247596885948,37.91581672256077,36.639157476262056,47.88514683622535,False,True
2024-04-09,1,21.181063582658716,0.6361053390441459,,43.0725719758027,0.6347862886161659,,2363.0,-5.057742668720014,0.6320579807854375,,2373.2,2358.1,26.23880625137873,24.970642931549147,23.702479611719564,20.54495824361457,False,True
2024-04-10,2,8.426730084898725,0.6322711178553364,,-36.28849081166158,0.6317917614354309,,2374.2,-55.95605952466432,0.6340886033141698,,2365.6,2372.4,64.38278960956305,63.11642988839354,61.85007016722403,7.794458967043389,False,True
2024-04-11,3,6.376331275147927,0.6378364587319812,,6.3719974119196845,0.6374027960735988,,2353.3,151.31049643002933,0.6370238246910436,,2354.7,2351.7,-144.9341651548814,-146.20902543830445,-147.48388572172746,5.738494816415946,False,True
2024-04-12,4,96.21265830017478,0.6277726625931197,,0.4144820011778784,0.6217358865953745,,2412.6,-220.00091139752897,0.6217101172959756,,2412.7,2389.4,316.21356969770375,314.96408691781465,313.71460413792556,95.58488563758166,False,True
2024-04-15,0,7.593975811089245,0.6330716637123324,,15.593066353511611,0.632644453816955,,2371.0,103.05914425619052,0.6316587358403168,,2374.7,2369.4,-95.46516844510127,-96.72989884465392,-97.99462924420656,6.960904147376913,False,True
2024-04-16,1,-41.76941037979217,0.6252344629235964,,5.439899705236696,0.6278514921937132,,2389.1,37.578332321422245,0.6274837900020918,,2390.5,2399.1,-79.34774270121441,-80.6004609541401,-81.85317920706579,-42.39464484271576,False,True
2024-04-17,2,-2.919525389326337,0.6255212677231027,,26.245094112459146,0.6257039169065199,,2397.3,-113.38321998689918,0.6240379415068438,,2403.7,2398.0,110.46369459757284,109.2141353883429,107.96457617911295,-3.54504665704944,False,True
2024-04-18,3,72.90738738999035,0.6308086967492326,,2.0872033638006253,0.6262263599549117,,2395.3,-6.2626559882516055,0.6260695354564049,,2395.9,2377.9,79.17004337824196,77.91316514603632,76.65628691383068,72.27657869324112,False,True
2024-04-19,4,45.427155158892994,0.6265664160401003,,-55.87538513456052,0.6237265582768514,,2404.9,62.52104393539527,0.6271689593176403,,2391.7,2394.0,-17.093888776502276,-18.347624151860014,-19.601359527217756,44.800588742852895,False,True
2024-04-22,0,-142.45852016132835,0.6240379415068438,,-57.98099067005647,0.63299151791366,,2369.7,-63.44361405205057,0.636672325976231,,2356.0,2403.7,-79.01490610927777,-80.27561637676085,-81.53632664424393,-143.0825581028352,False,True
2024-04-23,1,-115.5089382723617,0.6403961917773129,,3.8869334744068245,0.6479481641468684,,2315.0,85.13251175655795,0.6476963599464571,,2315.9,2342.3,-200.64145002891965,-201.9295425806434,-203.21763513236718,-116.14933446413902,False,True
2024-04-24,2,17.538235700703922,0.6422057627263776,,-44.97662376192375,0.6410804342251475,,2339.8,-1.7174015756435081,0.6439702915038854,,2329.3,2335.7,19.25563727634743,17.969461222117168,16.6832851678869,16.896029937977545,False,True
2024-04-25,3,32.17298959475793,0.6444960041247745,,24.809662824063928,0.6424257998201208,,2334.9,17.075048970620134,0.6408613176108692,,2340.6,2327.4,15.097940624137795,13.812583302402151,12.527225980666508,31.528493590633154,False,True
2024-04-26,4,36.194124972934674,0.6398771435884311,,17.411619219926468,0.6375653504484211,,2352.7,-31.445230517208874,0.6364022061943149,,2357.0,2344.2,67.63935549014354,66.36307614036079,65.08679679057805,35.554247829346245,False,True
2024-04-29,0,-30.289479440541545,0.6389504174476062,,33.26938449365014,0.6408613176108692,,2340.6,-3.833131076129011,0.6387327542156362,,2348.4,2347.6,-26.456348364412534,-27.734031536075776,-29.011714707739017,-30.92842985798915,False,True
2024-04-30,1,-57.6863046115318,0.6391137622496805,,-42.085435303032384,0.6428112277694451,,2333.5,-114.2622256144171,0.645522227482033,,2323.7,2347.0,56.5759210028853,55.29128501315359,54.00664902342187,-58.32541837378148,False,True
2024-05-01,2,-3.481591122294359,0.6526847097728659,,34.32771094246586,0.6529119874640898,,2297.4,106.999036189284,0.6506463086666089,,2305.4,2298.2,-110.48062731157836,-111.78395833001784,-113.0872893484573,-4.134275832067225,True,True
2024-05-02,3,-28.798025533105488,0.6438044551268296,,-63.481309204566166,0.6457167455876024,,2323.0,22.503038749967626,0.6498570314530805,,2308.2,2329.9,-51.30106428307312,-52.594725769653024,-53.88838725623294,-29.441829988232318,True,True
2024-05-03,4,-27.268612564243693,0.6483682731791658,,-0.43345397809103753,0.6501668761648824,,2307.1,12.994890505796317,0.6501668761648824,,2307.1,2313.5,-40.26350307004001,-41.56203821938406,-42.860573368728105,-27.91698083742286,True,True
2024-05-06,0,43.57493358651309,0.6485645105499828,,18.066852249490513,0.6458279514337382,,2322.6,26.181957999865308,0.6446621970087675,,2326.8,2312.8,17.392975586647783,16.099748879089034,14.806522171530283,42.92636907596311,False,True
2024-05-07,1,-26.590057267204315,0.6424533150591057,,-33.982181319955956,0.644136213337914,,2328.7,8.184187745485614,0.6463845557183489,,2320.6,2334.8,-34.77424501268993,-36.06308288346739,-37.351920754244844,-27.232510582263423,False,True
2024-05-08,2,2.5836455382064414,0.6459948320413438,,-0.43057977573455225,0.6458557588805167,,2322.5,-27.594550343273102,0.6458557588805167,,2322.5,2322.0,30.178195881479542,28.886345290557685,27.59449469963582,1.9376507061650976,False,True
2024-05-09,3,18.97615612345947,0.6475285991797972,,6.03006435983133,0.6462731581214994,,2321.0,130.46359950177404,0.6458279514337382,,2322.6,2316.5,-111.48744337831457,-112.7807999289281,-114.07415647954164,18.328627524279675,False,True
2024-05-10,4,92.20163439850822,0.6373486297004463,,15.14514382888624,0.6315257662512632,,2375.2,-50.57113900455176,0.6305435285215857,,2378.9,2353.5,142.77277340305997,141.50488124483792,140.23698908661592,91.56428576880778,False,True
2024-05-13,0,-56.2976364696072,0.6331518298087883,,-21.673084998070014,0.6367534066307255,,2355.7,-34.947188653209054,0.6381620931716657,,2350.5,2369.1,-21.350447816398145,-22.6217617393786,-23.893075662359053,-56.93078829941599,False,True
2024-05-14,1,5.975245589645803,0.6403961917773129,,24.292027543683016,0.6400409626216079,,2343.6,60.261598082893585,0.638488060273273,,2349.3,2342.3,-54.28635249324778,-55.56523674529837,-56.84412099734895,5.33484939786849,False,True
2024-05-15,2,5.500201107541298,0.6348131533285369,,19.01743837817703,0.6345177664974619,,2364.0,97.89377170900723,0.6333122229259025,,2368.5,2362.9,-92.39357060146592,-93.66169597772037,-94.9298213539748,4.865387954212761,False,True
2024-05-16,3,-0.836330183642612,0.6272214091574326,,-10.877296809397587,0.6271951831409935,,2391.6,-34.80160329201827,0.6278514921937132,,2389.1,2391.5,33.96527310837566,32.71020020702451,31.455127305673372,-1.4635515928000447,False,True
2024-05-17,4,37.303310436799094,0.6298815822625347,,15.88496279178666,0.6275362925155838,,2390.3,107.19284989459163,0.6265664160401003,,2394.0,2381.4,-69.88953945779254,-71.14598745609518,-72.4024354543978,36.67342885453656,False,True
2024-05-20,0,83.86827650037979,0.6192717364379491,,-32.80573761492227,0.614099729796119,,2442.6,-16.85613078206025,0.6161682550115019,,2434.4,2422.2,100.72440728244004,99.48896729099059,98.25352729954113,83.24900476394184,False,True
2024-05-21,1,-71.81804023643659,0.6169031462060458,,54.939518984533116,0.6213238339822716,,2414.2,-9.479259679044207,0.6179196704428426,,2427.5,2431.5,-62.33878055739238,-63.57360337404128,-64.80842619069016,-72.43494338264263,False,True
2024-05-22,2,-20.636434745250096,0.6184546878865342,,-35.59164457427359,0.6196810708088905,,2420.6,-124.313297882026,0.6218647651424071,,2412.1,2425.4,103.6768631367759,102.43654368374696,101.19622423071803,-21.25488943313663,False,True
2024-05-23,3,-69.90385142206708,0.6294586655476291,,16.467164402620714,0.6338742393509129,,2366.4,-168.4859461518531,0.6328579866677918,,2370.2,2383.0,98.58209472978604,97.31977807757062,96.0574614253552,-70.53331008761471,False,True
2024-05-24,4,40.25528968276337,0.6436663233779609,,-1.7096208957316283,0.6410530364545494,,2339.9,-18.3969076636611,0.6411626415900834,,2339.5,2330.4,58.65219734642447,57.36736838145642,56.08253941648839,39.611623359385405,False,True
2024-05-27,0,19.228720805634474,0.6415739948674081,,15.35639938342669,0.64034151547492,,2342.5,,,missing bar,,2338.0,,,,18.587146810767067,False,False
2024-05-28,1,-46.421582054227535,0.6373486297004463,,26.006708184035887,0.64034151547492,,2342.5,59.01224962663103,0.6387055567383437,,2348.5,2353.5,-105.43383168085856,-106.70988586729734,-107.98594005373614,-47.05893068392798,False,True
2024-05-29,2,-26.702285558789207,0.634920634920635,,-60.02700073672903,0.636672325976231,,2356.0,-20.518965862059222,0.6405602767220396,,2341.7,2362.5,-6.183319696729985,-7.45880060837266,-8.734281520015333,-27.337206193709843,False,True
2024-05-30,3,-22.276494668135634,0.6418759895588173,,13.287899252596644,0.6433902376254611,,2331.4,29.952953502549203,0.6428112277694451,,2333.5,2336.9,-52.22944817068483,-53.514135388013095,-54.79882260534136,-22.91837065769445,False,True
2024-05-31,4,,,roll,-7.608741965757336,0.6338206710048172,,2366.6,-72.1503851415074,0.6343299361441199,,2364.7,,,,,,False,False
2024-06-03,0,-22.171067323597352,0.6388415672913118,,32.38869228143745,0.6402868485081318,,2342.7,88.94971604357328,0.6381892443839348,,2350.4,2348.0,-111.12078336717063,-112.39781417884588,-113.67484499052112,-22.809908890888664,False,True
2024-06-04,1,-28.717448681335203,0.6325644161430439,,-70.45271480718668,0.6343835906111229,,2364.5,-5.96480781180579,0.638895987733197,,2347.8,2371.3,-22.75264086952941,-24.024101273405652,-25.295561677281892,-29.350013097478246,False,True
2024-06-05,2,23.40575998844735,0.6390865323164758,,-1.2753204259859023,0.6376195536663125,,2352.5,98.1519915954981,0.6377279877556228,,2352.1,2347.1,-74.74623160705076,-76.02304612712285,-77.29986064719496,22.766673456130874,False,True
2024-06-06,3,46.20303918122991,0.6314991790510673,,-31.478903667321532,0.6285881909231865,,2386.3,68.70575832925068,0.630570035311922,,2378.8,2375.3,-22.502719148020773,-23.764788362383765,-25.026857576746753,45.57154000217884,False,True
2024-06-07,4,-5.427861764541652,0.6261218015611305,,-165.08418366751303,0.6265140756829005,,2394.2,-187.7466205461015,0.6369697227058474,,2354.9,2395.7,182.31875878155984,181.05566725729284,179.79257573302587,-6.053983566102783,False,True
2024-06-10,0,-12.55656028676175,0.6490696668109045,,63.05626835866771,0.6498851869503055,,2308.1,22.79227769757248,0.6458001463813667,,2322.7,2311.0,-35.34883798433423,-36.6437077975265,-37.938577610718774,-13.205629953572654,True,True
2024-06-11,1,-45.60716966461524,0.6439150032195752,,26.272168782018127,0.646886320510609,,2318.8,38.63660683395973,0.645189040388834,,2324.9,2329.5,-84.24377649857497,-85.53288054218338,-86.8219845857918,-46.25108466783482,False,True
2024-06-12,2,-11.145883607692529,0.6426735218508999,,-7.2944158047626475,0.6433902376254611,,2331.4,47.963776590071745,0.6439150032195752,,2329.5,2334.0,-59.10966019776427,-60.39624872283475,-61.68283724790522,-11.78855712954343,False,True
2024-06-13,3,-41.094189075190386,0.6407791874919904,,-37.38964752946762,0.6434454358270421,,2331.2,-11.63266756195617,0.6458835687220118,,2322.4,2340.9,-29.461521513234217,-30.74818426944822,-32.03484702566222,-41.73496826268238,False,True
2024-06-14,4,33.99973148936574,0.6466632177961719,,85.98799532957251,0.6444683136412461,,2327.5,2.981197185685342,0.6389232014311881,,2347.7,2319.6,31.0185343036804,29.732947884453043,28.447361465225683,33.35306827156957,False,True
2024-06-17,0,-70.505579966668,0.6387055567383437,,3.001264841271873,0.6432246998284735,,2332.0,3.428767391725297,0.6430041152263375,,2332.8,2348.5,-73.9343473583933,-75.21605703035797,-76.49776670232266,-71.14428552340634,False,True
2024-06-18,1,3.8557933772483755,0.6427561383211211,,-28.310403672344535,0.6425083526085841,,2334.6,69.77618686818376,0.6443575754972293,,2327.9,2333.7,-65.92039349093538,-67.20750720475372,-68.49462091857208,3.2130372389272543,False,True
2024-06-19,2,2.559181076029734,0.6398771435884311,,0.0,0.6397134083930399,,2344.8,,,missing bar,,2344.2,,,,1.919303932441303,False,False
2024-06-20,3,62.54674150890765,0.6402321908745573,,-20.80459300453474,0.6362132586843111,,2357.7,87.16680249249619,0.6374840628984276,,2353.0,2342.9,-24.620060983588537,-25.89777723736152,-27.175493491134507,61.906509318033095,False,True
2024-06-21,4,-7.164078774138898,0.6318982222596681,,34.091659526198136,0.6324044015346348,,2371.9,-192.5910039816986,0.6302256207722365,,2380.1,2373.8,185.42692520755972,184.16480136452782,182.90267752149592,-7.795976996398566,False,True
2024-06-24,0,9.423456535605519,0.6428112277694451,,12.40880756558317,0.6422332591197124,,2335.6,37.1343022277639,0.6414368184733804,,2338.5,2333.5,-27.71084569215838,-28.995093738401206,-30.279341784644032,8.780645307836075,False,True
2024-06-25,1,-33.292104675258514,0.6391682290778933,,15.806227525599146,0.6412997007268064,,2339.0,-47.06495081791769,0.6402868485081318,,2342.7,2346.8,13.772846142659176,12.493391065073153,11.213935987487126,-33.93127290433641,False,True
2024-06-26,2,-13.30329560001173,0.6432798696286132,,-16.7615812317142,0.644136213337914,,2328.7,-64.73073135031375,0.6452167928423951,,2324.8,2331.8,51.42743575030202,50.138939087831005,48.85044242536,-13.946575469640342,False,True
2024-06-27,3,9.954340697756578,0.6495193556767992,,68.11251922347927,0.6488450558006749,,2311.8,47.14563850010854,0.6444129398118317,,2327.7,2309.4,-37.19129780235196,-38.48523009784059,-39.77916239332922,9.304821342079778,False,True
2024-06-28,4,-1.2829010687045217,0.6414093902334731,,26.48103029555772,0.6415191172696948,,2338.2,-32.8954691596704,0.6397679774801673,,2344.6,2338.6,31.612568090965876,30.331390723252234,29.050213355538595,-1.924310458937995,False,True
2024-07-01,0,0.0,0.6420683160688299,,51.65984378173991,0.6420683160688299,,2336.2,-27.290964019652566,0.6387599540092833,,2348.3,2336.2,27.290964019652566,26.010135749574452,24.72930747949634,-0.6420683160688299,False,True
2024-07-02,1,-8.544818088053761,0.6405876323881108,,-41.97727401015255,0.6411626415900834,,2339.5,37.70032740541389,0.6438320885912955,,2329.8,2341.6,-46.245145493467646,-47.529565214447054,-48.81398493542646,-9.18540572044187,False,True
2024-07-03,2,46.500798366522766,0.6414093902334731,,22.106972696959918,0.6384065372829419,,2349.6,44.488771130810335,0.6369697227058474,,2354.9,2338.6,2.0120272357124307,0.7336481227731103,-0.5447309901662103,45.859388976289296,False,True
2024-07-04,3,-4.2277935775386135,0.63403499873193,,8.876678169259105,0.6343299361441199,,2364.7,,,missing bar,,2365.8,,,,-4.861828576270543,False,False
2024-07-05,4,30.396443381018745,0.6342226544332165,,5.899953814366294,0.6323244245847738,,2372.2,109.35481343382375,0.6319248430719975,,2373.7,2365.1,-78.95837005280501,-80.22451755031022,-81.49066504781544,29.76222072658553,False,True
2024-07-08,0,-46.85024883356973,0.6259911526583759,,-7.550019233691525,0.628930817610063,,2385.0,-70.32348172782929,0.6294322521085982,,2383.1,2396.2,23.47323289425956,22.217809489492588,20.962386084725612,-47.47623998622811,False,True
2024-07-09,1,18.99736719102868,0.6338474540460596,,-13.506100900855508,0.6326711375427053,,2370.9,14.77198656361552,0.6335529650278765,,2367.6,2366.5,4.225380627413159,2.957980208339223,1.690579789265287,18.36351973698262,False,True
2024-07-10,2,30.74139662246201,0.632644453816955,,27.29202038346273,0.6306760847628659,,2378.4,-29.81379100590045,0.628930817610063,,2385.0,2371.0,60.55518762836246,59.29361235693544,58.03203708550843,30.108752168645054,False,True
2024-07-11,3,39.879993244645746,0.6309413645158578,,-2.9331042928860307,0.6284301814068457,,2386.9,145.21048181345662,0.6286672254819783,,2386.0,2377.4,-105.33048856881088,-106.59009715880872,-107.84970574880656,39.24905188012989,False,True
2024-07-12,4,-47.199193324840934,0.6195786864931847,,-11.211927341906675,0.622535795808259,,2409.5,38.15215708508763,0.6232341698520858,,2406.8,2421.0,-85.35135040992856,-86.59416326627382,-87.83697612261909,-47.81877201133412,False,True
2024-07-15,0,-46.81714681030217,0.6200140536518828,,62.09914387813991,0.6229235880398671,,2408.0,17.31744959233755,0.6190161769560912,,2423.2,2419.3,-64.13459640263972,-65.3736266332477,-66.61265686385566,-47.437160863954055,False,True
2024-07-16,1,46.03946143472401,0.618021507148449,,24.16696856879044,0.6151574803149608,,2438.4,119.97622408397102,0.6137228427642079,,2444.1,2427.1,-73.93676264924702,-75.16850699915967,-76.40025134907233,45.42143992757556,False,True
2024-07-17,2,-7.280670143235089,0.6065016982047551,,12.939751097851348,0.6069434328720564,,2471.4,-46.580475903117815,0.6061585710821953,,2474.6,2473.2,39.29980575988272,38.08714549059577,36.874485221308824,-7.887171841439844,False,True
2024-07-18,3,50.22897099877478,0.6091370558375636,,-29.538532817526356,0.6060606060606062,,2475.0,-81.37072441158975,0.6078042060051057,,2467.9,2462.5,131.59969541036452,130.38275414852185,129.1658128866792,49.61983394293721,False,True
2024-07-19,4,-105.53862615030509,0.6127450980392158,,-42.19764659708532,0.6192461709945094,,2422.3,-39.04470173136069,0.6218389851587763,,2412.2,2448.0,-66.4939244189444,-67.72850850214239,-68.96309258534039,-106.1513712483443,False,True
2024-07-22,0,0.8320159751880835,0.6240379415068438,,-18.31959876160234,0.6239600665557405,,2404.0,-5.836008336052529,0.6251041840306719,,2399.6,2403.7,6.668024311240613,5.418882185703097,4.169740060165582,0.20797803368123968,False,True
2024-07-23,1,-27.56088101979858,0.6255212677231027,,72.49427632499373,0.6272214091574326,,2391.5,6.639555393717837,0.6226650062266502,,2409.0,2398.0,-34.200436413516414,-35.44862268746616,-36.69680896141592,-28.18640228752168,False,True
2024-07-24,2,32.3035152110497,0.6222259094868712,,0.41348797789459074,0.6202447899437645,,2418.4,-87.20985505444652,0.6202191440975813,,2418.5,2410.7,119.51337026549622,118.27092521191177,117.02848015832731,31.681289301562828,False,True
2024-07-25,3,-112.8060103406008,0.6254951836870857,,-13.92728495395583,0.6326177723419512,,2371.1,-18.17759584038608,0.6335262068674242,,2367.7,2398.1,-94.62841450021473,-95.88743589076924,-97.14645728132375,-113.43150552428789,False,True
2024-07-26,4,18.1745226383584,0.6345714527455792,,16.033758709246413,0.6334191968244586,,2368.1,58.43421776957858,0.6324310650139136,,2371.8,2363.8,-40.259695131220184,-41.52669764897968,-42.79370016673917,17.53995118561282,False,True
2024-07-29,0,12.142275446652446,0.6284301814068457,,-14.655698454743078,0.6276413239047659,,2389.9,-20.135079582557015,0.6285881909231865,,2386.3,2386.9,32.27735502920946,31.02033665687943,29.763318284549396,11.513845265245601,False,True
2024-07-30,1,27.682259100287325,0.6300138603049268,,-15.509403062770012,0.6282722513089006,,2387.5,103.9263094541246,0.6293266205160479,,2383.5,2380.9,-76.24405035383728,-77.50339083465826,-78.76273131547923,27.052245239982398,False,True
2024-07-31,2,,,roll,-7.707129475913291,0.6082231773578787,,2466.2,116.58293765442217,0.6086427267194158,,2464.5,,,,,,False,False
2024-08-01,3,-17.260415725253424,0.6015881928290688,,-16.887141643336665,0.6026032460228187,,2489.2,23.311907663388183,0.6035974407468514,,2485.1,2493.4,-40.57232338864161,-41.77750902221753,-42.982694655793445,-17.862003918082493,False,True
2024-08-02,4,75.99124677910878,0.6022161554520636,,-24.73471300166516,0.5976809977288123,,2509.7,-68.94643899083586,0.5992090440618384,,2503.3,2490.8,144.93768576994464,143.73626057043074,142.53483537091682,75.38903062365671,False,True
2024-08-05,0,-81.85034507076793,0.6023370678231539,,-176.44633553880033,0.6072874493927126,,2470.0,103.30077512463318,0.6180724380897442,,2426.9,2490.3,-185.15112019540112,-186.37152970131402,-187.59193920722691,-82.45268213859109,False,True
2024-08-06,1,-39.64285797416703,0.6118203695395033,,39.2333659489662,0.6142254616928055,,2442.1,-80.26579806295608,0.6118203695395033,,2451.7,2451.7,40.62294008878905,39.39929934971005,38.17565861063104,-40.25467834370653,False,True
2024-08-07,2,7.807524384195108,0.6166241881114858,,27.480995945784436,0.6160923317041115,,2434.7,-73.58868950268582,0.6144015728680267,,2441.4,2432.6,81.39621388688093,80.16518812590141,78.9341623649219,7.190900196083621,False,True
2024-08-08,3,56.79728813514965,0.619118375433383,,62.19078184505879,0.615637184485943,,2436.5,63.83303169297503,0.6118203695395033,,2451.7,2422.8,-7.035743557825377,-8.266682302798264,-9.49762104777115,56.17816975971627,False,True
2024-08-09,4,-29.630853981248112,0.6079520123211608,,24.361537079955994,0.6097808854018457,,2459.9,19.041837010635255,0.6082971734458008,,2465.9,2467.3,-48.67269099188337,-49.88894017765033,-51.105189363417296,-30.238805993569272,False,True
2024-08-12,0,22.645486647865205,0.6072628638516661,,19.368121294822934,0.6058403004967892,,2475.9,130.9563978481369,0.6046680372475512,,2480.7,2470.1,-108.3109112002717,-109.52284210137091,-110.73477300247013,22.03822378401354,False,True
2024-08-13,1,-36.68265676394254,0.5969911645307651,,7.98626405103519,0.5992090440618384,,2503.3,-1.5967426483967946,0.5987306909352174,,2505.3,2512.6,-35.08591411554575,-36.28163597101173,-37.477357826477714,-37.2796479284733,False,True
2024-08-14,2,0.7979572299152631,0.598491800662331,,30.278907595525855,0.5985156811108452,,2506.2,-111.20559420080777,0.5967061818760443,,2513.8,2506.3,112.00355143072304,110.80835344818466,109.61315546564629,0.1994654292529321,False,True
2024-08-15,3,29.720090955123613,0.6033303837181242,,30.031856315501745,0.6015399422521657,,2493.6,-27.22288402051176,0.5996881621556791,,2501.3,2486.2,56.94297497563537,55.73995642976157,54.53693788388777,29.11676057140549,False,True
2024-08-16,4,-8.021176334451322,0.6013470173187941,,70.36651455762642,0.601829561868079,,2492.4,143.19298501715411,0.5976095617529882,,2510.0,2494.4,-151.21416135160544,-152.41311793067723,-153.612074509749,-8.622523351770116,False,True
2024-08-19,0,-36.14793138903636,0.5883045064125193,,-30.748634626125856,0.5904117137684013,,2540.6,38.22288172458025,0.5922065616487031,,2532.9,2549.7,-74.3708131136166,-75.55132418167783,-76.73183524973905,-36.73623589544888,False,True
2024-08-20,1,-7.47604748664981,0.5899937067337949,,95.58953926468699,0.5904581955597544,,2540.4,-50.41928954921636,0.584795321637427,,2565.0,2542.4,42.94324206256655,41.768453034195325,40.5936640058241,-8.066041193383604,False,True
2024-08-21,2,0.0,0.5877282344643838,,-9.407707173415682,0.5877052070681347,,2552.3,0.7842829696975069,0.5882352941176472,,2550.0,2552.2,-0.7842829696975069,-1.9602464982795378,-3.1362100268615687,-0.5877282344643838,False,True
2024-08-22,3,-23.951166798580243,0.5882583630730618,,-32.287306073728736,0.5896689991351521,,2543.8,-59.72764626170265,0.5915526284655126,,2535.7,2549.9,35.77647946312241,34.59666847158384,33.416857480045266,-24.539425161653305,False,True
2024-08-23,4,28.518259118891358,0.5949783824521043,,33.95454936248572,0.5932370970931383,,2528.5,46.01144637419194,0.5912495072920774,,2537.0,2521.1,-17.493187255300583,-18.679415145044764,-19.865643034788945,27.923280736439253,False,True
2024-08-26,0,21.586836492706286,0.5893678048013832,,44.986091083961895,0.5880969183721478,,2550.6,-33.621361668436265,0.5854343923191009,,2562.2,2545.1,55.20819816114255,54.03339596402206,52.85859376690158,20.997468687904902,False,True
2024-08-27,1,-15.283032933385925,0.587360012530347,,-12.950065579071143,0.5882583630730618,,2549.9,52.87391148948912,0.5890437855880621,,2546.5,2553.8,-68.15694442287504,-69.33334822099346,-70.50975201911186,-15.870392945916272,False,True
2024-08-28,2,-65.05999825098607,0.5859832799437457,,-27.95772725353027,0.5898313082458417,,2543.1,11.034049038792833,0.5914360066240834,,2536.2,2559.8,-76.0940472897789,-77.27146657634673,-78.44888586291455,-65.64598153092982,False,True
2024-08-29,3,42.442883803273,0.5907372400756146,,12.540660811937853,0.5882122269714914,,2550.1,5.481812267742184,0.5874980416731945,,2553.2,2539.2,36.96107153553081,35.78283625378201,34.6046009720332,41.85214656319739,False,True
2024-08-30,4,-11.362969700186039,0.587406015037594,,8.229969308219047,0.5880969183721478,,2550.6,-65.24410991473748,0.5876361357047717,,2552.6,2553.6,53.881140214551436,52.70609806380907,51.53105591306671,-11.950375715223633,False,True
2024-09-02,0,-24.082603084109383,0.5914826498422714,,9.482418727111693,0.5929322476085067,,2529.8,,,missing bar,,2536.0,,,,-24.674085733951653,False,False
2024-09-03,1,-7.902639892864512,0.5924638597045581,,-33.258137319255745,0.592908810624926,,2529.9,14.268730126002504,0.5949547834364589,,2521.2,2531.8,-22.171370018867016,-23.358788662008035,-24.54620730514905,-8.49510375256907,False,True
2024-09-04,2,-35.7129064941298,0.594153529271964,,18.666725042195807,0.5963029218843173,,2515.5,24.966822963706335,0.5951908578684233,,2520.2,2524.6,-60.67972945783613,-61.86907384497652,-63.05841823211691,-36.30706002340176,False,True
2024-09-05,3,31.221002695713707,0.5937302089930336,,44.09803193138854,0.5919027701049643,,2534.2,6.283627430565676,0.5892751915144373,,2545.5,2526.4,24.93737526514803,23.75436986464056,22.57136446413309,30.627272486720674,False,True
2024-09-06,4,9.025802633736232,0.5889050292489498,,-11.775328125940524,0.5884198964380983,,2549.2,-76.09096619195434,0.5891363261458703,,2546.1,2547.1,85.11676882569057,83.93872747029575,82.76068611490093,8.436897604487282,False,True
2024-09-09,0,-30.920503506315814,0.5937067088858105,,30.12766886790078,0.5955216769890425,,2518.8,35.559105031104835,0.5937067088858105,,2526.5,2526.5,-66.47960853742065,-67.66702195519225,-68.85443537296389,-31.514210215201626,False,True
2024-09-10,1,-7.889546760321762,0.5914826498422714,,-1.5787188729170971,0.5919728481786969,,2533.9,48.0391536549867,0.5920663114268798,,2533.5,2536.0,-55.92870041530846,-57.11224937657761,-58.29579833784676,-8.481029410164034,False,True
2024-09-11,2,38.422379268710785,0.5892288957850494,,-18.015905863768086,0.5869463139771484,,2555.6,-42.42621071592393,0.5880047040376324,,2551.0,2545.7,80.84858998463471,79.67135638481203,78.49412278498934,37.833150372925736,False,True
2024-09-12,3,14.945922152888727,0.5904117137684013,,11.39064126771825,0.5895067793279624,,2544.5,154.2447032563173,0.5887894488930759,,2547.6,2540.6,-139.29878110342858,-140.47798226609004,-141.65718342875152,14.355510439120327,False,True
2024-09-13,4,29.328929293575072,0.5797101449275364,,-0.3853490299306977,0.5780124079996918,,2595.1,42.29636789711806,0.5779901356350187,,2595.2,2587.5,-12.967438603542988,-14.125138884105544,-15.282839164668097,28.749219148647537,False,True
2024-09-16,0,18.770715542227165,0.575153374233129,,-9.189417501592578,0.5740747828083739,,2612.9,-2.2985863795026167,0.5745805561939785,,2610.6,2608.0,21.06930192172978,19.919567991302674,18.769834060875567,18.195562167994037,True,True
2024-09-17,1,5.362957416412692,0.5747566863361178,,-16.098125362297573,0.5744705296618284,,2611.1,-41.1262230473506,0.5753519235932646,,2607.1,2609.8,46.48918046376329,45.33907185383391,44.188963243904524,4.788200730076574,True,True
2024-09-18,2,-3.0821390288692534,0.5778120184899846,,32.69548061176169,0.5779233288383742,,2595.5,-74.38990538573093,0.5760147459774971,,2604.1,2596.0,71.30776635686168,70.1539395923942,69.00011282792671,-3.659951047359238,False,True
2024-09-19,3,60.16447628873544,0.5802483462922132,,54.07180547299169,0.5767899715450282,,2600.6,-11.097718453342702,0.5737015222213724,,2614.6,2585.1,71.26219474207815,70.10824487356457,68.95429500505098,59.58422794244323,False,True
2024-09-20,4,74.02071264890499,0.5744485294117648,,31.1195697062133,0.5701470979512715,,2630.9,30.64643627485722,0.5683971201212582,,2639.0,2611.2,43.37427637404777,42.23143072451474,41.08858507498172,73.44626411949322,False,True
2024-09-23,0,11.708055345558016,0.5668505781875899,,-0.7549733875456608,0.5662086667673261,,2649.2,16.973770176747795,0.5662727924798974,,2648.9,2646.2,-5.265714831189779,-6.3988382018572665,-7.531961572524754,11.141204767370425,False,True
2024-09-24,1,-0.7538067243139782,0.565333735348434,,-8.671882907480624,0.5653124293359464,,2653.4,116.25421562219857,0.5658028742786014,,2651.1,2653.3,-117.00802234651255,-118.13915895613958,-119.27029556576662,-1.3191404596624121,False,True
2024-09-25,2,-13.42782745587425,0.5591173400924407,,8.207118270115712,0.5598059339428999,,2679.5,-1.118797666607656,0.5593675417661099,,2681.6,2682.8,-12.309029789266592,-13.427514671125142,-14.545999552983695,-13.98694479596669,False,True
2024-09-26,3,12.300353788216682,0.5594509920930928,,78.65584275957899,0.5587216448765226,,2684.7,-40.362203246457184,0.5543237250554325,,2706.0,2681.2,52.66255703467387,51.548782317525344,50.435007600376814,11.74090279612359,False,True
2024-09-27,4,-26.75089836025541,0.5565656190864904,,2.2320598284686572,0.558077237889724,,2687.8,-28.309636727100923,0.5579526856122602,,2688.4,2695.1,1.558738366845514,0.44422006214676324,-0.6702982425519872,-27.3074639793419,False,True
2024-09-30,0,-3.358146334799138,0.5595970900951316,,-61.764406797969535,0.559764152703661,,2679.7,-26.316794014859262,0.5631899076368552,,2663.4,2680.5,22.958647680060125,21.83586068232814,20.71307368459615,-3.9177434248942693,False,True
2024-10-01,1,39.078695506889254,0.5647377734272054,,19.481498743537912,0.5625140628515714,,2666.6,48.53834717175385,0.5614192679092747,,2671.8,2656.1,-9.459651664864595,-10.585808706201075,-11.711965747537555,38.51395773346205,True,True
2024-10-02,2,-52.28574803672038,0.5587424569768309,,0.0,0.5616715344866323,,2670.6,35.508082683363966,0.5616505036132851,,2670.7,2684.6,-87.79383072008434,-88.91422368067445,-90.03461664126458,-52.84449049369721,True,True
2024-10-03,3,-13.442367880555732,0.5597223777006605,,-30.310424163643614,0.5604543416529667,,2676.4,28.44206849802407,0.5621556796462167,,2668.3,2679.9,-41.88443637857981,-43.00631443592668,-44.12819249327356,-14.002090258256393,True,True
2024-10-04,4,16.05766164631078,0.5606009642336586,,4.849389258516212,0.5596806089325026,,2680.1,-30.254948841880637,0.5594301271771156,,2681.3,2675.7,46.31261048819142,45.192579396780644,44.07254830536987,15.497060682077121,True,True
2024-10-07,0,-34.118849062577084,0.5614402814687279,,52.44243364457256,0.5633591226620597,,2662.6,-55.07178852872281,0.56041246357319,,2676.6,2671.7,20.95293946614573,19.831086721103812,18.709233976061892,-34.68028934404581,True,True
2024-10-08,1,-26.322731703213933,0.5633168093735917,,54.078545492910024,0.5648441030275645,,2655.6,-110.72308349194574,0.5617977528089888,,2670.0,2662.8,84.40035178873181,83.27523722654924,82.15012266436665,-26.886048512587525,False,True
2024-10-09,2,-36.040176342158205,0.5680312038474649,,24.674967440291066,0.5701254275940707,,2631.0,-42.93727504759861,0.5687419428224768,,2637.4,2640.7,6.897098705440406,5.7603255587704645,4.623552412100523,-36.60820754600567,False,True
2024-10-10,3,15.221861528086015,0.5712544748267195,,0.7604851899169452,0.5703855806525212,,2629.8,65.18384394337166,0.5703205201323145,,2630.1,2625.8,-49.96198241528564,-51.10355741024467,-52.245132405203705,14.650607053259295,False,True
2024-10-11,4,35.4436478286635,0.566593639042079,,18.802652952324618,0.5646102307373811,,2656.7,47.22824476298156,0.5635707844905321,,2661.6,2647.4,-11.78459693431806,-12.91476135785067,-14.044925781383283,34.87705418962142,False,True
2024-10-14,0,29.883104677943575,0.5611462347087652,,-44.48356026004588,0.5594718585655143,,2681.1,-11.996702346063008,0.5620082427875609,,2669.0,2673.1,41.87980702400658,40.75665254651025,39.63349806901393,29.32195844323481,False,True
2024-10-15,1,5.63010242891095,0.5631687629059509,,-1.8763486310794883,0.5628517823639776,,2665.0,55.764661060484826,0.5629574028898481,,2664.5,2663.5,-50.134558631573874,-51.26068479736968,-52.38681096316547,5.066933666004999,False,True
2024-10-16,2,53.22626229809533,0.5598059339428999,,4.082768916321805,0.5568548836173294,,2693.7,-15.969994666377776,0.5566482354250938,,2694.7,2679.5,69.19625696447311,68.07980279510511,66.96334862573713,52.66645636415243,False,True
2024-10-17,3,23.760034937910785,0.5575379125780554,,0.3708029738814967,0.5562147730643726,,2696.8,41.810876220506216,0.5561735261401558,,2697.0,2690.4,-18.05084128259543,-19.164552721313644,-20.278264160031853,23.20249702533273,False,True
2024-10-18,4,55.97716612749127,0.5539552404165744,,8.443620979270028,0.5509034817100045,,2722.8,41.013679873300376,0.5504183179216205,,2725.2,2707.8,14.963486254190897,13.859112695852703,12.754739137514507,55.423210887074696,False,True
2024-10-21,0,32.83715735219649,0.5481855059752221,,15.652018847450359,0.5464281811227278,,2745.1,-54.70473161042019,0.5455537370430988,,2749.5,2736.3,87.54188896261668,86.44814971959836,85.35441047658004,32.28897184622127,False,True
2024-10-22,1,53.24593177992957,0.5485062346875345,,-9.825864647749597,0.5456132693147099,,2749.2,60.25864030142917,0.5461496450027308,,2746.5,2734.7,-7.012708521499597,-8.107364401189862,-9.202020280880127,52.697425545242034,False,True
2024-10-23,2,7.236937643975047,0.5429667704336496,,-2.5323324726076586,0.5425739709180353,,2764.6,-127.0748407465759,0.5427113860848801,,2763.9,2762.6,134.31177839055096,133.22610023403243,132.1404220775139,6.693970873541398,False,True
2024-10-24,3,67.55672135782935,0.5496116077971568,,12.729820410049774,0.5459111256687412,,2747.7,-8.727273281201152,0.5452166327420763,,2751.2,2729.2,76.2839946390305,75.18916639849125,74.09433815795202,67.00710975003219,False,True
2024-10-25,4,-14.19911767152239,0.5457323728443572,,-29.19070889823082,0.5465277271733587,,2744.6,88.77304896950771,0.5481654728840814,,2736.4,2748.6,-102.9721666410301,-104.06606448675853,-105.15996233248697,-14.744850044366748,False,True
2024-10-28,0,12.72287926761911,0.5456132693147099,,-30.196664933268227,0.5448997384481256,,2752.8,37.46071919054355,0.5465675557498908,,2744.4,2749.2,-24.73783992292444,-25.830020747989042,-26.92220157305364,12.1772659983044,False,True
2024-10-29,1,48.894539740657336,0.5446029844243547,,-13.738749042694089,0.5419466724474312,,2767.8,84.30355797848765,0.5426917510853836,,2764.0,2754.3,-35.40901823783031,-36.49631297334005,-37.58360770884978,48.34993675623298,False,True
2024-10-30,2,44.03795090757297,0.5382324446517637,,-32.20268991555016,0.5358482477762299,,2799.3,31.84659088623606,0.5375958712637088,,2790.2,2786.9,12.191360021336909,11.115531705421436,10.039703389505963,43.49971846292121,False,True
2024-10-31,3,-29.69643857549627,0.5358865349576651,,-1.4333835042099434,0.5374802923892791,,2790.8,-130.9424426465778,0.5375573394495413,,2790.4,2799.1,101.24600407108153,100.17256019667433,99.09911632226712,-30.232325110453935,False,True
2024-11-01,4,27.19610052642147,0.5446623093681918,,3.98240506322245,0.5431633835457707,,2761.6,-60.9957233658761,0.5429471169508091,,2762.7,2754.0,88.19182389229758,87.10421446597857,86.01660503965958,26.65143821705328,False,True
2024-11-04,0,5.465974446008331,0.5467468562055768,,28.011732305808703,0.546448087431694,,2745.0,-25.0977671070737,0.5449195335488793,,2752.7,2743.5,30.563741553082032,29.472075163327577,28.38040877357312,4.9192275898027535,False,True
2024-11-05,1,-2.549487384740847,0.5462490895848507,,5.826232777146826,0.5463684708967729,,2745.4,22.907018470467392,0.5460303592879765,,2747.1,2746.0,-25.45650585520824,-26.548785304081065,-27.641064752953895,-3.0957364743256974,False,True
2024-11-06,2,-65.97315758604644,0.5449393300879171,,-112.53842431021425,0.5485664131070802,,2734.4,-132.5509019068466,0.554815801154017,,2703.6,2752.6,66.57774432080016,65.47798918955823,64.3782340583163,-66.51809691613435,False,True
2024-11-07,3,8.992469413350284,0.562282115680174,,40.36483279964858,0.5617556737323048,,2670.2,121.96403339358447,0.5594718585655143,,2681.1,2667.7,-112.9715639802342,-114.09331795447989,-115.21507192872556,8.430187297670109,False,True
2024-11-08,4,-70.26396275836515,0.5527712264150945,,17.42774418152346,0.556689552792726,,2694.5,-27.454198441862484,0.5557408024897189,,2699.1,2713.6,-42.809764316502665,-43.91827634540748,-45.02678837431229,-70.81673398478024,False,True
2024-11-11,0,-58.8631458936038,0.5571858400505183,,-45.689540945460365,0.5604752830400179,,2676.3,-143.2889679144089,0.5630630630630631,,2664.0,2692.1,84.42582202080509,83.3055731176915,82.18532421457792,-59.420331733654315,False,True
2024-11-12,1,-80.68414609552066,0.5712762311002781,,27.220290160135615,0.5758599508599509,,2604.8,-27.604204163448408,0.5742945748305831,,2611.9,2625.7,-53.07994193207225,-54.22551273800311,-55.37108354393398,-81.25542232662094,False,True
2024-11-13,2,27.987059884316302,0.5758820593542444,,13.772525991994517,0.5742506029631332,,2612.1,-143.62696600650793,0.5734602592040373,,2615.7,2604.7,171.61402589082422,170.46468357226593,169.31534125370766,27.411177824962056,False,True
2024-11-14,3,-63.03522817667046,0.5818238237461697,,-17.972265044640313,0.585525802170349,,2561.8,52.65530819481364,0.5866020100895547,,2557.1,2578.1,-115.6905363714841,-116.85896220531981,-118.02738803915555,-63.61705200041663,False,True
2024-11-15,4,-8.562644044751934,0.5835667600373484,,21.3937106316958,0.5840894046182004,,2568.1,-24.89692408738376,0.5827958660346569,,2573.8,2570.4,16.334280042631825,15.16791741655982,14.001554790487814,-9.146210804789282,False,True
2024-11-18,0,60.4817103650441,0.5833171300797201,,48.97150550842658,0.5798221878623889,,2587.0,64.04009998688927,0.5770562437485575,,2599.4,2571.5,-3.5583896218451727,-4.71876299567345,-5.879136369501728,59.89839323496438,False,True
2024-11-19,1,25.194699539054117,0.5733287467033598,,77.85982856367988,0.5719296907766807,,2622.7,-28.79335196323063,0.5674724775848372,,2643.3,2616.3,53.98805150228475,52.84725027799655,51.706449053708354,24.621370792350756,False,True
2024-11-20,2,-42.58237747602737,0.5690871841566129,,40.686787310213994,0.5715374357020385,,2624.5,71.84482237958746,0.569238359075557,,2635.1,2635.8,-114.42719985561482,-115.56552539884699,-116.70385094207916,-43.15146466018398,False,True
2024-11-21,3,45.1213399486607,0.5652911249293386,,2.250815930273272,0.5627673144743753,,2665.4,23.979029848758227,0.5626828719333784,,2665.8,2653.5,21.14231009990247,20.014336103039753,18.886362106177035,44.55604882373136,False,True
2024-11-22,4,100.91128434646356,0.561377245508982,,22.943428633896357,0.5557202133965621,,2699.2,47.940498204620965,0.5544876534082509,,2705.2,2672.0,52.970786141842595,51.854921242925364,50.73905634400813,100.34990710095458,False,True
2024-11-25,0,-176.37796409001746,0.5520998196473923,,49.33114122567419,0.5619661321744344,,2669.2,-210.60548221999164,0.5592215635834918,,2682.3,2716.9,34.227518129974186,33.1161967467433,32.00487536351242,-176.93006390966485,False,True
2024-11-26,1,-45.79811073453229,0.5711674663011196,,64.81892523395891,0.573789304567363,,2614.2,9.87654401272632,0.5700820918212224,,2631.2,2626.2,-55.67465474725861,-56.81590430538095,-57.957153863503294,-46.369278200833406,False,True
2024-11-27,2,52.64266356226434,0.5695842035314221,,14.723929040416298,0.5667220794922171,,2646.8,-55.98017493733487,0.5657815328907666,,2651.2,2633.5,108.62283849959921,107.48747276317702,106.35210702675484,52.07307935873292,False,True
2024-11-28,3,2.2755717472188115,0.5689576695493856,,31.04769447220611,0.5688282138794085,,2637.0,,,missing bar,,2636.4,,,,1.7066140776694259,False,False
2024-11-29,4,,,roll,-4.470605841542082,0.5587008343265794,,2684.8,,,missing bar,,,,,,,False,False
2024-12-02,0,-80.73493469153799,0.5609993268008079,,44.01564580411222,0.5655468838366701,,2652.3,-8.637038408456798,0.5630419278555611,,2664.1,2673.8,-72.09789628308118,-73.22193753773756,-74.34597879239392,-81.2959340183388,False,True
2024-12-03,1,19.890048401461684,0.5634861006761834,,-18.38822171191885,0.562387522495501,,2667.2,13.888109133164543,0.5634226045148932,,2662.3,2662.0,6.001939268297141,4.875030563106065,3.7481218579149878,19.3265623007855,False,True
2024-12-04,2,-8.256089334506402,0.5626828719333784,,-16.157216959248878,0.5631687629059509,,2663.5,57.37551599324142,0.5641218503196691,,2659.0,2665.8,-65.63160532774782,-66.75841005000086,-67.88521477225392,-8.81877220643978,False,True
2024-12-05,3,-2.6179479177877996,0.5609154139555756,,11.58900296063226,0.56108326475649,,2673.4,-81.02677686234807,0.56041246357319,,2676.6,2674.2,78.40882894456027,77.28750106703151,76.16617318950274,-3.178863331743375,False,True
2024-12-06,4,25.579309764165608,0.5649717514124294,,-6.013003300417944,0.5635496111507684,,2661.7,-19.191335924687564,0.5639097744360902,,2660.0,2655.0,44.77064568885317,43.64176416300465,42.51288263715613,25.01433801275318,False,True
2024-12-09,0,27.35467203276744,0.5628517823639776,,23.172382920800175,0.5612722170252573,,2672.5,15.666383897289831,0.5599522174107809,,2678.8,2665.0,11.688288135477608,10.56548413570285,9.442680135928091,26.79182025040346,False,True
2024-12-10,1,8.192143448284684,0.5587840858292357,,54.198662630875965,0.5583472920156338,,2686.5,74.8708017356788,0.5553087516659264,,2701.2,2684.4,-66.67865828739411,-67.79275112488928,-68.90684396238444,7.633359362455448,False,True
2024-12-11,2,18.357386658370245,0.5512273996766134,,-2.201188650754348,0.5502366017387478,,2726.1,103.2987850593654,0.5503577325261421,,2725.5,2721.2,-84.94139840099515,-86.04298353319791,-87.14456866540067,17.806159258693633,False,True
2024-12-12,3,-16.719372920291914,0.5447414294015108,,-45.940212784027395,0.5456529647144417,,2749.0,-114.6734118605819,0.5481654728840814,,2736.4,2753.6,97.95403894028998,96.86113203800438,95.7682251357188,-17.264114349693426,False,True
2024-12-13,4,1.478688406080804,0.5545491515397982,,-42.972578539201336,0.5544876534082509,,2705.2,-103.74001537057121,0.5568548836173294,,2693.7,2704.9,105.21870377665202,104.10729974149488,102.99589570633776,0.9241392545410059,False,True
2024-12-16,0,15.729751192792941,0.5622188905547227,,25.413924056940314,0.5613142237024287,,2672.3,-32.90214588614192,0.5599104143337067,,2679.0,2668.0,48.63189707893486,47.50976777404643,46.387638469158006,15.167532302238218,False,True
2024-12-17,1,0.7489795157613985,0.5617556737323048,,-47.29916096964124,0.5617556737323048,,2670.2,22.552161409508674,0.5644402634054564,,2657.5,2670.2,-21.803181893747276,-22.929377830885034,-24.055573768022796,0.1872238420290937,False,True
2024-12-18,2,-12.774272852228663,0.563211053955619,,1.1278407500814491,0.5639521768554028,,2659.8,-230.81311351031766,0.5638461827613428,,2660.3,2663.3,218.038840658089,216.911783421372,215.78472618465506,-13.337483906184282,False,True
2024-12-19,3,112.79680645430064,0.5767899715450282,,-35.423885291859925,0.570342205323194,,2630.0,-40.530778537457394,0.5723880027474626,,2620.6,2600.6,153.32758499175804,152.17840701746556,151.02922904317307,112.22001648275561,False,True
2024-12-20,4,39.39045573537789,0.5747787101965744,,-8.782146080775467,0.572497232930041,,2620.1,86.34022789368863,0.5730002292000917,,2617.8,2609.7,-46.94977215831074,-48.09755109770741,-49.245330037104075,38.815677025181316,False,True
2024-12-23,0,18.171498469859948,0.5683755825849722,,-55.754823843033954,0.5673436968115284,,2643.9,0.3803365979355534,0.5705157462345962,,2629.2,2639.1,17.791161871924395,16.652270543104827,15.513379214285258,17.603122887274974,False,True
2024-12-24,1,9.123394535363225,0.5704723511067165,,-12.16591413409938,0.5699304684828451,,2631.9,,,missing bar,,2629.4,,,,8.55292218425651,False,False
2024-12-25,2,,,missing bar,,,missing bar,,,,missing bar,,,,,,,False,False
2024-12-26,3,7.578628631020225,0.5686125852918879,,7.951383391615906,0.5681818181818182,,2640.0,42.67942195065284,0.5677517032551098,,2642.0,2638.0,-35.100793319632615,-36.237157608179615,-37.37352189672661,7.010016045728337,False,True
2024-12-27,4,-18.481853445658437,0.565248520933037,,-26.841594097828473,0.5663155510250313,,2648.7,-19.703693237670162,0.5678161789756597,,2641.7,2653.7,1.2218397920117248,0.08877509210302803,-1.044289607805669,-19.047101966591473,False,True
2024-12-30,0,-27.35044439992459,0.5690224194833278,,23.936636364872694,0.5706025562994523,,2628.8,-57.46814164348539,0.569238359075557,,2635.1,2636.1,30.117697243560798,28.979436465001914,27.84117568644303,-27.91946681940792,False,True
2024-12-31,1,22.49376651359461,0.5725190839694657,,-8.000152810546112,0.5712109672505713,,2626.0,57.7575037241336,0.5716245569909685,,2624.1,2620.0,-35.26373721053899,-36.40788085149943,-37.55202449245986,21.921247429625147,False,True
2025-01-01,2,,,missing bar,,,missing bar,,,,missing bar,,,,,,,True,False
2025-01-02,3,26.092396962225298,0.5679666792881485,,31.67184609659827,0.5664652567975832,,2648.0,55.559869628860895,0.5646739948802892,,2656.4,2641.0,-29.467472666635597,-30.600113340804036,-31.73275401497247,25.52443028293715,False,True
2025-01-03,4,-5.61724133331529,0.5615663958668714,,-1.123827006744258,0.5618819298771353,,2669.6,-61.63347707668688,0.5619871866921435,,2669.1,2671.1,56.01623574337159,54.892682160812576,53.76912857825356,-6.178807729182162,False,True
2025-01-06,0,-53.29314323671597,0.5654402895054282,,73.63108388199619,0.5684832865913743,,2638.6,-41.846586107746894,0.564312855046838,,2658.1,2652.8,-11.446557128969076,-12.576310273521342,-13.706063418073608,-53.858583526221395,False,True
2025-01-07,1,19.24783112688743,0.5666578519889691,,44.39435432695468,0.565589532823046,,2652.1,-3.003566758078933,0.563084199857352,,2663.9,2647.1,22.251397884966362,21.12165583312004,19.99191378127372,18.681173274898462,False,True
2025-01-08,2,13.134935181740376,0.563295655112847,,-2.6256071867430273,0.5625562556255626,,2666.4,53.499070716915,0.5626828719333784,,2665.8,2662.9,-40.364135535174626,-41.49011406222085,-42.616092589267076,12.571639526627528,False,True
2025-01-09,3,-3.7321788893322507,0.5597223777006605,,48.41181763720185,0.5599522174107809,,2678.8,3.3430529813787366,0.5572686406360293,,2691.7,2679.9,-7.075231870710987,-8.192222889047677,-9.309213907384366,-4.2919012670329115,False,True
2025-01-10,4,26.70129530040543,0.5570203126740689,,18.131700280971042,0.5555555555555557,,2700.0,46.10597769705725,0.5545491515397982,,2704.9,2692.9,-19.40468239665182,-20.516251860865687,-21.62782132507955,26.14427498773136,False,True
2025-01-13,0,-31.335853552476173,0.5521201413427562,,-60.369435766018675,0.5538734214607489,,2708.2,-39.4565931581283,0.5572479381826287,,2691.8,2716.8,8.120739605652126,7.011371526126741,5.9020034466013565,-31.887973693818928,False,True
2025-01-14,1,4.845954654689488,0.5592841163310963,,-9.693897332706019,0.5589923231720951,,2683.4,45.77689007651654,0.5595344673231871,,2680.8,2682.0,-40.93093542182705,-42.04975400548134,-43.16857258913562,4.286670538358392,False,True
2025-01-15,2,17.064850557581057,0.5569375858612112,,29.978371421538302,0.5559879906594019,,2697.9,61.15776347639342,0.5543237250554325,,2706.0,2693.3,-44.09291291881236,-45.204174229729006,-46.315435540645645,16.507912971719847,False,True
2025-01-16,3,17.983306066784067,0.5510046651728319,,13.191647204320255,0.5500146670577883,,2727.2,58.783965394223785,0.5492895854694595,,2730.8,2722.3,-40.80065932743972,-41.90095357808201,-43.0012478287243,17.432301401611234,False,True
2025-01-17,4,-22.232355398917573,0.5460899956312801,,4.012621572435219,0.5472854640980737,,2740.8,-6.567186196840388,0.5470858560070028,,2741.8,2746.8,-15.665169202077184,-16.758345053715466,-17.851520905353752,-22.778445394548854,False,True
2025-01-20,0,23.3338300416615,0.5475251861585634,,5.460403113413091,0.5461894184903325,,2746.3,,,missing bar,,2739.6,,,,22.786304855502937,False,False
2025-01-21,1,36.5417347346487,0.5491287157709769,,-15.330148638710297,0.5470858560070028,,2741.8,77.14459131515011,0.5479452054794521,,2737.5,2731.6,-40.60285658050141,-41.69993050175184,-42.79700442300227,35.99260601887772,False,True
2025-01-22,2,10.506676328376015,0.5437343676369305,,30.007795615373173,0.5431240495329134,,2761.8,-13.366329681788217,0.5415162454873647,,2770.0,2758.7,23.873006010164232,22.787755397039938,21.702504783915643,9.962941960739084,False,True
2025-01-23,3,-18.45586497414528,0.542318955855237,,-32.28910600074109,0.5433207765864967,,2760.8,37.72357478781978,0.5451175636879021,,2751.7,2765.9,-56.17943976196506,-57.266876281508196,-58.354312801051336,-18.998183930000515,False,True
2025-01-24,4,64.60367141268308,0.5431240495329134,,21.919982904104263,0.5396071659831643,,2779.8,-30.557426757881696,0.538425643418644,,2785.9,2761.8,95.16109817056478,94.07954847761323,92.99799878466168,64.06054736315018,False,True
2025-01-27,0,-87.85464776366545,0.5399373672653973,,45.28747120304299,0.5446820872217583,,2753.9,-84.581682213819,0.5422209369577792,,2766.4,2778.1,-3.272965549846461,-4.355123854069637,-5.437282158292814,-88.39458513093085,False,True
2025-01-28,1,-1.093992160814064,0.5469661610268379,,24.76420654493426,0.5469462169553327,,2742.5,80.05983822539596,0.5455735796901142,,2749.4,2742.4,-81.15383038621003,-82.24637012692699,-83.33890986764393,-1.6409583218409018,True,True
2025-01-29,2,-22.03320318493465,0.54120363688844,,13.00813191557234,0.5423581733376723,,2765.7,11.547762100255563,0.5416140097490523,,2769.5,2771.6,-33.58096528519021,-34.663782931827704,-35.74660057846519,-22.57440682182309,True,True
2025-01-30,3,37.081748249642686,0.5410279531109109,,51.25183700553687,0.5389867049946102,,2783.0,112.68626075122668,0.536231365960033,,2797.3,2772.5,-75.604512501584,-76.68177182065494,-77.75903113972589,36.540720296531774,True,True
2025-01-31,4,,,roll,-12.991802947477263,0.5263527265071234,,2849.8,-51.43029513081158,0.5270369979972596,,2846.1,,,,,,True,False
2025-02-03,0,-80.77502869819469,0.526962936940102,,83.57920745912334,0.5311990934202139,,2823.8,10.529272347199802,0.5267408786037856,,2847.7,2846.5,-91.3043010453945,-92.3580048609384,-93.41170867648228,-81.3019916351348,True,True
2025-02-04,1,-29.161197652219595,0.5262419309570587,,23.194528058070198,0.5277601857715856,,2842.2,88.76521676578469,0.5265374894692503,,2848.8,2850.4,-117.92641441800428,-118.97919383843059,-120.03197325885691,-29.687439583176655,True,True
2025-02-05,2,58.29099465575116,0.5219751539826706,,16.938903021747446,0.5189772687956268,,2890.3,-35.98619800479682,0.5180989223542416,,2895.2,2873.7,94.27719266054798,93.23711858421107,92.19704450787415,57.76901950176849,False,True
2025-02-06,3,-32.63551832483545,0.5199306759098787,,40.949529737499915,0.5216121292207117,,2875.7,-26.00691515594572,0.5194625294362101,,2887.6,2885.0,-6.6286031688897324,-7.6679963742358215,-8.70738957958191,-33.15544900074533,False,True
2025-02-07,4,25.313396667668428,0.5207971668634124,,-3.1172609919409693,0.5194625294362101,,2887.6,-2.0787139764423856,0.5196244847057194,,2886.7,2880.2,27.392110644110815,26.351688992541682,25.311267340972552,24.792599500805014,False,True
2025-02-10,0,122.6501973287785,0.5199667221297837,,28.721896240958074,0.5136282700999864,,2920.4,26.93627282889094,0.512137662603708,,2928.9,2884.8,95.71392449988757,94.68182011515408,93.64971573042058,122.13023060664872,False,True
2025-02-11,1,7.147598200860854,0.5107252298263535,,-75.1369655119597,0.5103776794828173,,2939.0,33.88615451810858,0.5142974696564494,,2916.6,2937.0,-26.738556317247728,-27.763579016730528,-28.788601716213332,6.6368729710345,False,True
2025-02-12,2,-30.45288148381579,0.5124701059104886,,-22.29961299401537,0.5140331037318804,,2918.1,59.58309583630625,0.5151806566836105,,2911.6,2927.0,-90.03597732012204,-91.06362808271615,-92.09127884531024,-30.96535158972628,False,True
2025-02-13,3,40.20859337530268,0.51215514886643,,19.70377047318511,0.5100826333866088,,2940.7,36.24849404976791,0.509078567792296,,2946.5,2928.8,3.960099325534763,2.938865608876037,1.9176318922173112,39.69643822643625,False,True
2025-02-14,4,-2.7055362199607433,0.5072194231224428,,-8.121003390185725,0.5073566717402335,,2956.5,-206.91926538942838,0.5077516755805295,,2954.2,2957.3,204.21372916946763,203.19875807076465,202.18378697206168,-3.2127556430831863,False,True
2025-02-17,0,66.10001000905699,0.5181168180719147,,-14.765218580852341,0.514685698600055,,2914.4,,,missing bar,,2895.1,,,,65.58189319098507,False,False
2025-02-18,1,43.53123465723824,0.5152691422486346,,27.66442448099126,0.5130134409521531,,2923.9,76.79015682422704,0.511631079882666,,2931.8,2911.1,-33.2589221669888,-34.285822389120106,-35.3127226112514,43.0159655149896,False,True
2025-02-19,2,-8.12760382036582,0.5077688636132833,,-2.0329335300752898,0.5081817257851409,,2951.7,-5.761833100143189,0.5082506014298784,,2951.3,2954.1,-2.3657707202226312,-3.3817901852657934,-4.397809650308955,-8.635372683979103,False,True
2025-02-20,3,60.1678397077496,0.508560773012375,,-14.502776619114023,0.5055441340028985,,2967.1,-23.99338798682688,0.5062949336753638,,2962.7,2949.5,84.16122769457648,83.14637198788874,82.131516281201,59.65927893473722,False,True
2025-02-21,4,-40.002765392584394,0.5074939946543967,,-0.3397143003054241,0.5095627951217856,,2943.7,20.02274437460315,0.5095627951217856,,2943.7,2955.7,-60.02550976718754,-61.04256655696373,-62.05962334673991,-40.51025938723879,False,True
2025-02-24,0,24.035624902670538,0.5084056399132322,,13.852523542977,0.5071508266558475,,2957.7,23.605595368159587,0.5064316823660489,,2961.9,2950.4,0.4300295345109504,-0.5848077877683306,-1.5996451100476117,23.527219262757306,False,True
2025-02-25,1,-78.1214341866823,0.5053057099545225,,-11.21019225677608,0.509268690160929,,2945.4,-46.331076949546166,0.509822581741554,,2942.2,2968.5,-31.790357237136128,-32.8054855288322,-33.82061382052828,-78.62673989663682,False,True
2025-02-26,2,-6.147331227365083,0.512120177534995,,1.3663535461035679,0.5124175861715574,,2927.3,13.653277200304586,0.5123475765959629,,2927.7,2929.0,-19.80060842766967,-20.82507618180063,-21.849543935931585,-6.659451404900078,False,True
2025-02-27,3,-95.28778182514716,0.5117008937708944,,-19.305025300578503,0.5166000826560133,,2903.6,-34.223523162410835,0.5176519308417021,,2897.7,2931.4,-61.06425866273633,-62.09361148734892,-63.122964311961525,-95.79948271891806,False,True
2025-02-28,4,-64.59028601758281,0.5192107995846315,,-3.484684845521518,0.5226116646923561,,2870.2,-6.624248477215317,0.5227938101212883,,2869.2,2889.0,-57.966037540367495,-59.008042150073415,-60.050046759779335,-65.10949681716744,False,True
2025-03-03,0,4.525438261488713,0.5222841225626742,,45.835005067246136,0.5220478195802736,,2873.3,61.13480745210137,0.5196784922394679,,2886.4,2872.0,-56.609369190612654,-57.6513318054148,-58.69329442021694,4.003154138926039,False,True
2025-03-04,1,17.54537303972049,0.5164933544521728,,93.40266682188533,0.5156056647875705,,2909.2,-28.645497694554624,0.510794796703671,,2936.6,2904.2,46.190870734275116,45.16358258311927,44.13629443196343,17.02887968526832,False,True
2025-03-05,2,-1.0242928120680546,0.512120177534995,,-6.831767985613774,0.5122076148198738,,2928.5,8.197281694073526,0.5125401489783368,,2926.6,2929.0,-9.22157450614158,-10.246234832654912,-11.270895159168244,-1.5364129896030496,False,True
2025-03-06,3,-42.075078747653755,0.5120327700972863,,-21.963700102343992,0.5142093174728327,,2917.1,31.902330540894457,0.5153753650575503,,2910.5,2929.5,-73.97740928854822,-75.00481742370306,-76.03222555885789,-42.58711151775104,False,True
2025-03-07,4,19.16496137593174,0.513839408057002,,3.7602338624820413,0.512855579868709,,2924.8,-28.06490992607446,0.5126627704296114,,2925.9,2919.2,47.2298713020062,46.203369123519586,45.17686694503298,18.651121967874737,False,True
2025-03-10,0,2.39730133513468,0.5137690094533499,,-33.61347702704883,0.5136282700999864,,2920.4,-58.928095812629856,0.5153930731170974,,2910.4,2919.6,61.325397147764534,60.29623506519409,59.26707298262364,1.88353232568133,False,True
2025-03-11,1,47.92864716895468,0.5184570717544589,,41.88128332562214,0.5160136227596409,,2906.9,12.324547948250668,0.513839408057002,,2919.2,2893.2,35.604099220704015,34.57180274089255,33.539506261081094,47.41019009720022,False,True
2025-03-12,2,-17.124464764243267,0.513294322964788,,12.675358405587664,0.514191690662279,,2917.2,77.0782438858537,0.513557929334429,,2920.8,2922.3,-94.20270865009697,-95.22956090239617,-96.2564131546954,-17.637759087208057,False,True
2025-03-13,3,12.223695114788203,0.5096320456630313,,28.46494636316842,0.5090267408714538,,2946.8,154.79197676830475,0.5075798592311858,,2955.2,2943.3,-142.56828165351655,-143.58549355841077,-144.60270546330497,11.714063069125173,False,True
2025-03-14,4,-10.667378836749855,0.4997667755047645,,21.32339050108943,0.500300180108065,,2998.2,-37.34333494118669,0.49920127795527164,,3004.8,3001.4,26.675956104436835,25.6769880509768,24.678019997516763,-11.167145612254618,False,True
2025-03-17,0,9.011565451391043,0.5008681714972619,,26.32062689956861,0.5004170141784822,,2997.5,15.29357303208705,0.4990850108135086,,3005.5,2994.8,-6.282007580696007,-7.2819607630067775,-8.281913945317548,8.510697279893781,False,True
2025-03-18,1,49.72001359337177,0.49843822688908096,,36.63672717487662,0.49599894186892407,,3024.2,21.392494458941442,0.4942013705851346,,3035.2,3009.4,28.327519134430325,27.33487953695611,26.342239939481892,49.22157536648269,False,True
2025-03-19,2,25.285293826351765,0.4931939238508582,,-7.546055903608725,0.4919484438030895,,3049.1,35.05729062694212,0.49231981094919264,,3046.8,3041.4,-9.771996800590355,-10.757510535390406,-11.743024270190457,24.792099902500908,False,True
2025-03-20,3,-7.196833703936268,0.4905166775670373,,-44.603399518686,0.4908537583036095,,3055.9,34.782643763250135,0.4930642298336731,,3042.2,3058.0,-41.979477467186406,-42.96305837458711,-43.94663928198783,-7.687350381503306,False,True
2025-03-21,4,-51.564282082058575,0.4913843936316583,,14.80726155280803,0.49394099051633306,,3036.8,-42.83790780009933,0.49322635801657255,,3041.2,3052.6,-8.726374281959245,-9.710985033607477,-10.695595785255707,-52.05566647569023,False,True
2025-03-24,0,6.2736295003138025,0.49544193420531124,,1.9803287410419734,0.4951312097705893,,3029.5,-41.33808820009542,0.49503316722220403,,3030.1,3027.6,47.61171770040922,46.62124259898171,45.63076749755419,5.778187566108492,False,True
2025-03-25,1,15.563690079732957,0.49710024855012436,,8.599021564393706,0.4963107567084671,,3022.3,4.296739501908725,0.495884161459883,,3024.9,3017.5,11.266950577824232,10.273966167814226,9.280981757804218,15.066589831182833,False,True
2025-03-26,2,13.21091413488691,0.4957366646837201,,10.226805015042224,0.4950985246063968,,3029.7,-20.793802359952927,0.4945761482409575,,3032.9,3025.8,34.00471649483984,33.01440368191516,32.024090868990484,12.715177470203189,False,True
2025-03-27,3,40.899852515250664,0.49576943416181923,,81.95961035049791,0.4937783922575548,,3037.8,19.242378293593056,0.4896839905980675,,3063.2,3025.6,21.65747422165761,20.672020796897723,19.686567372137834,40.40408308108884,False,True
2025-03-28,4,74.9699251742802,0.4886470990650553,,-29.476092278574395,0.4851542790607414,,3091.8,25.923540117301805,0.48669695003244656,,3082.0,3069.7,49.0463850569784,48.0710410078809,47.0956969587834,74.48127807521514,False,True
2025-03-31,0,97.31893466994936,0.4809542131589073,,6.6657146685578486,0.4762811964183654,,3149.4,19.021055696812113,0.4759789299993654,,3151.4,3118.8,78.29787897313724,77.34094582997896,76.3840126868207,96.83798045679045,False,True
2025-04-01,1,10.130109448385854,0.4750894751844931,,-3.1645569884350455,0.474608448030375,,3160.5,-35.19288361466598,0.47474363843524503,,3159.6,3157.3,45.32299306305183,44.3731599494321,43.423326835812354,9.65501997320136,False,True
2025-04-02,2,-4.766823002790591,0.476568705321684,,35.53641459045623,0.47678077619910375,,3146.1,103.6605214656194,0.4750744283271046,,3157.4,3147.5,-108.42734446840998,-109.37898760205877,-110.33063073570756,-5.243391708112275,False,True
2025-04-03,3,-142.72678838742715,0.469248576612651,,-120.99689494061292,0.47599403420810465,,3151.3,79.66385131474131,0.4818193498650907,,3113.2,3196.6,-222.39063970216847,-223.3417076286462,-224.29277555512397,-143.1960369640398,False,True
2025-04-04,4,-52.39963424131135,0.4780114722753347,,35.17752268424552,0.48053820278712167,,3121.5,-247.55659235732213,0.47882018705908647,,3132.7,3138.0,195.1569581160108,194.20012645667637,193.24329479734195,-52.87764571358668,True,True
2025-04-07,0,-23.266874876610522,0.4909822919053387,,-0.984365003338444,0.4921582781022377,,3047.8,-162.73429177629808,0.4921259842519686,,3048.0,3055.1,139.46741689968755,138.48430862353024,137.50120034737293,-23.757857168515862,False,True
2025-04-08,1,102.22798045262822,0.5004170141784822,,18.14373631817764,0.4952783464306942,,3028.6,-119.02336946647819,0.49436424757761527,,3034.2,2997.5,221.25134991910642,220.25656865735033,219.2617873955942,101.72756343844974,False,True
2025-04-09,2,194.5400300138442,0.500283493979922,,89.22815484915476,0.4906610840338884,,3057.1,48.507678467238364,0.48625518672199175,,3084.8,2998.3,146.0323515466058,145.04581286590388,144.05927418520199,194.03974651986425,False,True
2025-04-10,3,126.65093863786998,0.4840114872059631,,11.144900769875436,0.4779048650715265,,3138.7,163.49826062062297,0.4773421588594705,,3142.4,3099.1,-36.84732198275299,-37.80867562881842,-38.77002927488385,126.16692715066402,False,True
2025-04-11,4,66.15101506650727,0.4696011520881599,,47.15819114335602,0.4664759298420202,,3215.6,73.07967955331456,0.46422381777667754,,3231.2,3194.2,-6.928664486807293,-7.8624894566721295,-8.796314426536968,65.68141391441911,False,True
2025-04-14,0,1.5402387400490392,0.4621072088724585,,-23.127814555402004,0.46202180742931076,,3246.6,-38.3545165513197,0.4630773030377872,,3239.2,3246.0,39.89475529136874,38.96957077945849,38.04438626754825,1.0781315311765807,False,True
2025-04-15,1,46.388009952014855,0.4649576888503147,,-15.43781954126815,0.46277728072069857,,3241.3,32.699930421251075,0.46349225967926344,,3236.3,3226.1,13.68807953076378,12.7596295822342,11.831179633704624,45.92305226316454,False,True
2025-04-16,2,182.41667399864798,0.4617657923900998,,44.6348530409634,0.4533913674283642,,3308.4,103.5813356333507,0.45138575426559546,,3323.1,3248.4,78.83533836529728,77.92218681864158,77.00903527198588,181.95490820625787,False,True
2025-04-17,3,-45.075375950912424,0.44676098287416244,,-3.8900609434708455,0.4487658937920718,,3342.5,0.2992891882021076,0.44894050041901123,,3341.2,3357.5,-45.37466513911453,-46.27036662240771,-47.16606810570088,-45.522136933786584,False,True
2025-04-18,4,,,missing bar,,,missing bar,,,,missing bar,,,,,,,False,False
2025-04-21,0,167.98652988248872,0.44816253361219005,,35.48859145445043,0.44072278536800363,,3403.5,56.05035838930448,0.4391229251441788,,3415.9,3347.0,111.93617149318425,111.04888603442788,110.16160057567151,167.53836734887653,False,True
2025-04-22,1,158.27045176615408,0.436668510378155,,-60.64718299837906,0.4298363756196809,,3489.7,-223.025059135623,0.4324636009802509,,3468.5,3435.1,381.2955109017771,380.42637879041865,379.5572466790603,157.83378325577593,False,True
2025-04-23,2,-166.4758947466263,0.4454078451168454,,68.29250808448637,0.45281651874660395,,3312.6,-101.85719691876396,0.44973465655263395,,3335.3,3367.7,-64.61869782786233,-65.51384032953182,-66.4089828312013,-166.92130259174314,False,True
2025-04-24,3,102.74733716394785,0.454297655824096,,38.29702792805549,0.4496537665997183,,3335.9,38.15319540702729,0.4479617739286248,,3348.5,3301.8,64.59414175692055,63.69188232716783,62.78962289741511,102.29303950812375,False,True
2025-04-25,4,-141.38744993673447,0.4461629982153481,,-33.54034780954834,0.4524886877828055,,3315.0,80.19579294454493,0.4540501271340357,,3303.6,3362.0,-221.5832428812794,-222.48345600662878,-223.38366913197817,-141.83361293494983,False,True
2025-04-28,0,-126.37588830779313,0.44957290573954756,,31.818690764262357,0.4552766564482352,,3294.7,146.8340522064585,0.4537342327354125,,3305.9,3336.5,-273.2099405142516,-274.1132476527266,-275.01655479120154,-126.82546121353268,False,True
2025-04-29,1,-79.00211661494087,0.4471072163104713,,-28.280902175742323,0.4506534474988735,,3328.5,26.480516196024627,0.4519705917801615,,3318.8,3354.9,-105.4826328109655,-106.38171061905614,-107.28078842714676,-79.44922383125135,False,True
2025-04-30,2,-27.410068517439647,0.4511956685215822,,-102.77645076988216,0.45243409543343194,,3315.4,53.7937990886336,0.45710802986439136,,3281.5,3324.5,-81.20386760607325,-82.11217130445921,-83.02047500284519,-27.86126418596123,False,True
2025-05-01,3,-168.430826089803,0.45468323734464994,,-95.09278861523413,0.46242061779394544,,3243.8,109.57826477272386,0.46686793862242837,,3212.9,3299.0,-278.0090908625268,-278.9306420384939,-279.85219321446095,-168.88550932714764,True,True
2025-05-02,4,42.40289038885442,0.46187954181549457,,25.721911477835185,0.45991108385712104,,3261.5,-69.04727230920186,0.458729624759167,,3269.9,3247.6,111.45016269805629,110.52955353148162,109.60894436490696,41.94101084703893,True,True
2025-05-05,0,70.58275175478231,0.4619506636691202,,156.2460680284166,0.45865949119373783,,3270.4,64.81254121860862,0.4515488124266234,,3321.9,3247.1,5.770210536173693,4.856711060077949,3.9432115839822055,70.1208010911132,True,True
2025-05-06,1,79.78369849456858,0.44833667095077273,,42.31088492740966,0.44476071873332157,,3372.6,160.20492295797692,0.4428567210888371,,3387.1,3345.7,-80.42122446340834,-81.31241785544793,-82.20361124748756,79.33536182361782,False,True
2025-05-07,2,-138.12656638629718,0.43502218613149274,,-16.481256305889392,0.44109862965359065,,3400.6,-65.90345241901424,0.4418392294323839,,3394.9,3448.1,-72.22311396728294,-73.09997538284682,-73.9768367984107,-138.5615885724287,False,True
2025-05-08,3,-112.39590633041644,0.4446947911416798,,43.37752669542046,0.44970769000149907,,3335.5,-119.51017538307606,0.4477344636141127,,3350.2,3373.1,7.114269052659623,6.22183979790383,5.329410543148038,-112.84060112155812,False,True
2025-05-09,4,60.838063743256015,0.4531448250860976,,22.795450782862453,0.45042339799411457,,3330.2,-26.398695396833514,0.4493843434494743,,3337.9,3310.2,87.23675914008953,86.33422997155395,85.43170080301839,60.384918918169916,False,True
2025-05-12,0,0.9143135797176921,0.4571776897287413,,-160.38688354420623,0.457205559619605,,3280.8,41.73048203618914,0.4646408326363721,,3228.3,3281.0,-40.816168456471445,-41.73798697883655,-42.659805501201674,0.4571358899889508,False,True
2025-05-13,1,80.21556650336518,0.46286296170580443,,-42.02524628663923,0.4591649320435901,,3266.8,4.610065390906439,0.46111281893636646,,3253.0,3240.7,75.60550111245874,74.68152533181656,73.75754955117439,79.75270354165937,False,True
2025-05-14,2,-67.83658957886477,0.46095694662118564,,-26.332517268213916,0.4640801930573604,,3232.2,-134.9050843948337,0.46527497751170943,,3223.9,3254.1,67.06849481596892,66.14226289183603,65.21603096770313,-68.29754652548596,False,True
2025-05-15,3,-86.19790358548998,0.471579476861167,,91.86395594706805,0.47570721806418886,,3153.2,192.03528145845073,0.471372006787757,,3182.2,3180.8,-278.2331850439407,-279.1761365275896,-280.11908801123855,-86.66948306235115,False,True
2025-05-16,4,-80.17253634722549,0.4624633883150918,,-163.2471903420632,0.4661859771258081,,3217.6,124.31489558017351,0.4738288530182899,,3165.7,3243.5,-204.487431927399,-205.42372416873238,-206.36001641006575,-80.63499973554057,False,True
2025-05-19,0,22.335286614932482,0.4658385093167703,,60.242076562708206,0.4647992067426872,,3227.2,-44.45274962201492,0.46202180742931076,,3246.6,3220.0,66.7880362369474,65.86017592020133,64.93231560345524,21.86944810561571,False,True
2025-05-20,1,-66.10106771743183,0.46396535725332516,,99.76535839361702,0.46707146193367594,,3211.5,149.9370214351923,0.4624491305956346,,3243.6,3233.0,-216.03808915262414,-216.9645036404731,-217.89091812832206,-66.56503307468516,False,True
2025-05-21,2,87.37904995807963,0.45551169146674775,,-25.019229617835254,0.4515895953757226,,3321.6,9.653092755612114,0.4527071889901612,,3313.4,3293.0,77.72595720246753,76.81773832201061,75.90951944155371,86.92353826661288,False,True
2025-05-22,3,28.891316593427522,0.4520795660036167,,-40.6486264953154,0.450734697557018,,3327.9,-58.400952734494055,0.4525706010137582,,3314.4,3318.0,87.29226932792157,86.3876191609042,85.48296899388683,28.439237027423907,False,True
2025-05-23,4,108.06021238587049,0.45522138933568035,,51.80195136099239,0.4503152206544582,,3331.0,27.43731404226927,0.4479617739286248,,3348.5,3295.1,80.62289834360121,79.7197151803369,78.8165320170726,107.60499099653481,False,True
2025-05-26,0,-57.38210604682716,0.44701394683514134,,-10.19612635565338,0.4495998561280461,,3336.3,,,missing bar,,3355.6,,,,-57.8291199936623,False,False
2025-05-27,1,-103.44090309529784,0.44872561924135457,,-64.59559375709661,0.4534324839031469,,3308.1,39.47533366209193,0.4563848236833299,,3286.7,3342.8,-142.91623675738975,-143.82134720031442,-144.72645764323912,-103.8896287145392,False,True
2025-05-28,2,17.55554661183914,0.4544215214032537,,11.18247188685698,0.45359702440351996,,3306.9,-78.54832870509752,0.453131136150802,,3310.3,3300.9,96.10387531693667,95.19632265938262,94.28877000182855,17.101125090435886,False,True
2025-05-29,3,-48.23258633216079,0.4568017784815909,,88.02578807065034,0.45889803285709924,,3268.7,47.774643359355274,0.4546418937350348,,3299.3,3283.7,-96.00722969151607,-96.9186733637327,-97.83011703594933,-48.68938811064238,False,True
2025-05-30,4,,,roll,-21.675003970241562,0.45107355506104535,,3325.4,-15.98432067692681,0.4520250723240116,,3318.4,,,,,,False,False
2025-06-02,0,137.18292213089737,0.4513993379476377,,36.14711648219566,0.44523597506678547,,3369.0,75.14068916949212,0.4436688455736639,,3380.9,3323.0,62.04223296140525,61.14716477788395,60.25209659436264,136.73152279294973,True,True
2025-06-03,1,-68.63364055444121,0.4403346543372964,,1.7735737557589306,0.44343276081236893,,3382.7,-19.52547806888142,0.44332791488104045,,3383.5,3406.5,-49.108162485559795,-49.99182505477813,-50.87548762399647,-69.0739752087785,False,True
2025-06-04,2,5.327492948688447,0.4440760258156197,,-27.25846847950301,0.4438263751220523,,3379.7,79.49331891717199,0.4450378282153984,,3370.5,3377.8,-74.16582596848355,-75.05493982251457,-75.94405367654558,4.8834169228728275,False,True
2025-06-05,3,-25.341086726059256,0.4414361389052385,,80.22494135905764,0.442569262089517,,3389.3,-119.83243397017374,0.4390072582533365,,3416.8,3398.0,94.49134724411448,93.6109038469559,92.73046044979733,-25.782522864964495,False,True
2025-06-06,4,19.522590280780648,0.4441286196482502,,-6.799001104396582,0.4432624113475178,,3384.0,-150.4683882131496,0.4435901227266007,,3381.5,3377.4,169.99097849393024,169.1032597515554,168.21554100918053,19.078461661132398,False,True
2025-06-09,0,35.336783992950096,0.4499910001799965,,-19.451474718923937,0.4484438996681516,,3344.9,24.23228266083366,0.44929012160785964,,3338.6,3333.4,11.104501332116435,10.205220210328578,9.305939088540722,34.8867929927701,False,True
2025-06-10,1,-3.2877531492460212,0.44825628305890086,,27.763283748635402,0.44841708768048794,,3345.1,-29.256372182993257,0.4471472008585227,,3354.6,3346.3,25.968619033747235,25.07321554982981,24.177812065912388,-3.736009432304922,False,True
2025-06-11,2,41.17933725524942,0.4485243548724696,,-12.515273244768695,0.44669446098868376,,3358.0,65.97545402838554,0.4472538612916692,,3353.8,3344.3,-24.79611677313612,-25.69189498930026,-26.587673205464398,40.730812900376954,False,True
2025-06-12,3,51.67970158442598,0.44411547002220586,,13.539767771668382,0.44181320137845725,,3395.1,20.27653172700788,0.44124135902338585,,3399.5,3377.5,31.403169857418096,30.517813028372505,29.632456199326914,51.23558611440377,False,True
2025-06-13,4,88.25821507923068,0.4403088032406729,,14.827523758589246,0.43642711667151596,,3437.0,29.877177803519935,0.43575516369868983,,3442.3,3406.7,58.381037275710746,57.50497330877138,56.62890934183202,87.81790627599001,False,True
2025-06-16,0,-101.28866801279496,0.43190325367117777,,-9.312613442949434,0.4363255570422945,,3437.8,-89.19361378556397,0.43670664958658445,,3434.8,3473.0,-12.095054227230989,-12.963664130488752,-13.832274033746513,-101.72057126646614,False,True
2025-06-17,1,-2.3503143653638956,0.44063216027260454,,10.571756777042314,0.44072278536800363,,3403.5,-2.054683952808798,0.44024418877670823,,3407.2,3404.2,-0.2956304125550977,-1.1765067616044105,-2.0573831106537233,-2.7909465256365,False,True
2025-06-18,2,-24.377003715723884,0.4400117336462306,,-0.8822102312690342,0.4410856588349458,,3400.7,-40.66843196914585,0.44115052055761433,,3400.2,3409.0,16.291428253421966,15.41026599921812,14.529103745014275,-24.817015449370114,False,True
2025-06-19,3,-40.233169675329485,0.4428567210888371,,45.54603874953298,0.44464206313917304,,3373.5,,,missing bar,,3387.1,,,,-40.67602639641832,False,False
2025-06-20,4,-74.09856364247783,0.4429482636428066,,5.056589289617698,0.44628246704947794,,3361.1,63.43205310076221,0.4460303300624443,,3363.0,3386.4,-137.53061674324005,-138.41959533694532,-139.30857393065054,-74.54151190612063,False,True
2025-06-23,0,-83.26983684419842,0.4410856588349458,,70.32710269378123,0.4448002846721822,,3372.3,-35.09965701827687,0.4416570974295557,,3396.3,3400.7,-48.17017982592155,-49.05292258218605,-49.935665338450555,-83.71092250303337,False,True
2025-06-24,1,-138.3724150540404,0.4432886104379692,,-6.594131462153182,0.4494516689638641,,3337.4,10.489249481994595,0.4497751124437782,,3335.0,3383.8,-148.861664536035,-149.75472825891674,-150.6477919817985,-138.81570366447838,False,True
2025-06-25,2,23.040450654158924,0.44935741889098596,,-27.2353329593369,0.44832327096658503,,3345.8,29.328167064153764,0.44955943175687835,,3336.6,3338.1,-6.2877164099948395,-7.1866332606427035,-8.085550111290567,22.591093235267937,False,True
2025-06-26,3,17.013151983746777,0.4480955937266618,,-20.299726357135384,0.44733389001550766,,3353.2,-14.652893577313726,0.44822949350067237,,3346.5,3347.5,31.666045561060503,30.769720473833168,29.873395386605836,16.565056390020114,False,True
2025-06-27,4,-103.18518818778513,0.44892706431628415,,-42.4255916821322,0.45359702440351996,,3306.9,-20.064456174995016,0.455553193427886,,3292.7,3341.3,-83.12073201279011,-84.02521227053428,-84.92969252827845,-103.63411525210141,False,True
2025-06-30,0,56.77606981067294,0.4567183265840515,,-41.86772294049299,0.4541326067211626,,3303.0,77.82847455879573,0.4560240780713222,,3289.3,3284.3,-21.052404748122797,-21.965147152778172,-22.877889557433544,56.319351484088884,False,True
2025-07-01,1,81.40016411114205,0.45239315981542366,,53.9985500398774,0.4487121959974873,,3342.9,-33.67558426762011,0.4462691895751518,,3361.2,3315.7,115.07574837876216,114.17708602937158,113.278423679981,80.94777095132662,False,True
2025-07-02,2,-20.020026706729677,0.4477611940298509,,28.077320634718642,0.44867193108399145,,3343.2,48.205770907689455,0.44742729306487705,,3352.5,3350.0,-68.22579761441914,-69.12098610151386,-70.01617458860859,-20.46778790075953,False,True
2025-07-03,3,9.790397293082002,0.44523597506678547,,-46.66585965074021,0.4448134748828659,,3372.2,-60.66692246713035,0.4469207162649346,,3356.3,3369.0,70.45731976021236,69.56516306888064,68.67300637754892,9.345161318015217,False,True
2025-07-04,4,51.1433574281715,0.4497751124437782,,-22.995724568545647,0.4474539868150225,,3352.3,,,missing bar,,3335.0,,,,50.69358231572772,False,False
2025-07-07,0,-76.83802849487837,0.4484975332635671,,-23.530842280236403,0.45198421068490685,,3318.7,106.04680681040624,0.4530216544350821,,3311.1,3344.5,-182.8848353052846,-183.78635449298326,-184.68787368068192,-77.28652602814194,False,True
2025-07-08,1,-9.559944563420952,0.44790826838663444,,-34.72849427776135,0.448296473401076,,3346.0,-70.12503718954748,0.44986953783402817,,3334.3,3348.9,60.56509262612653,59.66731481990587,58.7695370136852,-10.007852831807586,False,True
2025-07-09,2,-29.948746538956456,0.45309007430677223,,-23.660034697368438,0.45446282494091994,,3300.6,89.48876118234013,0.4555255246135626,,3292.9,3310.6,-119.43750772129658,-120.34612332021692,-121.25473891913725,-30.401836613263228,False,True
2025-07-10,3,34.55584201540112,0.4515080368430559,,-13.207662363036812,0.4499640028797697,,3333.6,11.708021331119514,0.45057222672794456,,3329.1,3322.2,22.847820684281604,21.945740420710603,21.043660157139602,34.10433397855806,False,True
2025-07-11,4,29.658055621400422,0.4500315022051545,,46.55474104109561,0.44868535191887776,,3343.1,33.88221751781033,0.4465747715025753,,3358.9,3333.1,-4.22416189640991,-5.120768170117641,-6.01737444382537,29.20802411919527,False,True
2025-07-14,0,15.388716007776676,0.44424700133274103,,-21.314395280699863,0.4435770049680625,,3381.6,-65.71244079333063,0.44454981921640696,,3374.2,3376.5,81.10115680110731,80.21235998055816,79.32356316000902,14.944469006443935,False,True
2025-07-15,1,44.64957559100822,0.4474940334128879,,-10.994073222545522,0.4454607549074927,,3367.3,-98.59655612426353,0.4459640255686042,,3363.5,3352.0,143.24613171527176,142.35267365629028,141.45921559730877,44.202081557595335,False,True
2025-07-16,2,46.73045678504768,0.4503828254015914,,1.195385812195008,0.448296473401076,,3346.0,23.28150769538643,0.4482428878795124,,3346.4,3330.5,23.448949089661248,22.550323376380145,21.65169766309904,46.28007395964609,False,True
2025-07-17,3,-40.023948291702084,0.4471338718812414,,-35.07881331074057,0.44894050041901123,,3341.2,47.64125327231365,0.45051809581018176,,3329.5,3354.7,-87.66520156401573,-88.56285353170715,-89.46050549939858,-40.471082163583326,False,True
2025-07-18,4,1.194850197078997,0.4480955937266618,,38.1600200717253,0.44804205621434334,,3347.9,-15.4849499391388,0.44633558484839475,,3360.7,3347.5,16.679800136217796,15.785368957642739,14.890937779067684,0.7467546033523353,False,True
2025-07-21,0,59.42494311671852,0.44701394683514134,,21.60243497486147,0.44436544614290796,,3375.6,80.07815041091408,0.4433803316484881,,3383.1,3355.6,-20.65320729419556,-21.54360157267919,-22.43399585116282,58.977929169883375,False,True
2025-07-22,1,-39.07115617959766,0.4397924179787141,,11.179102129163173,0.441527095046066,,3397.3,125.34677855958763,0.44103378318779224,,3401.1,3410.7,-164.41793473918528,-165.2987609403518,-166.17958714151828,-39.51094859757637,False,True
2025-07-23,2,-18.30783825081475,0.43550213396045645,,7.850777484779436,0.4363255570422945,,3437.8,-125.76942617235824,0.4359831419851767,,3440.5,3444.3,107.46158792154348,106.59010264559785,105.71861736965222,-18.743340384775205,False,True
2025-07-24,3,-51.62481781300802,0.4413582063202496,,-43.57176215368222,0.4436426015202154,,3381.1,14.842082990572461,0.4455930843953302,,3366.3,3398.6,-66.46690080358049,-67.35385209429606,-68.24080338501165,-52.066176019328275,False,True
2025-07-25,4,-32.971469474202586,0.4448266658758638,,-56.09443322834385,0.4463090243684728,,3360.9,-10.777476120294226,0.448819604440322,,3342.1,3372.1,-22.19399335390836,-23.087639624224547,-23.981285894540733,-33.41629614007845,False,True
2025-07-28,0,56.448130671390544,0.4516575833308242,,-11.982865937600149,0.44908835064818425,,3340.1,-67.06489506397841,0.4495998561280461,,3336.3,3321.1,123.51302573536896,122.61176829591008,121.71051085645122,55.99647308805972,False,True
2025-07-29,1,3.9226928280184277,0.4527071889901612,,-4.526047480066535,0.452502337928746,,3314.9,35.54863055501381,0.4526935264825714,,3313.5,3313.4,-31.62593772699538,-32.53133844246811,-33.43673915794085,3.4699856390282666,False,True
2025-07-30,2,-5.413696784752152,0.45101930362619524,,14.732192499320526,0.4513178481165003,,3323.6,-173.96486728675652,0.450680527596671,,3328.3,3325.8,168.55117050200437,167.6494706707815,166.74777083955863,-5.864716088378347,False,True
2025-07-31,3,,,roll,25.93493874439808,0.4477344636141127,,3350.2,-48.948015950055506,0.4466013636228303,,3358.7,,,,,,False,False
2025-08-01,4,2.6920718646648103,0.4487390432883598,,25.089618896123042,0.44859142293199356,,3343.8,187.9376868370942,0.44744063954182084,,3352.4,3342.7,-185.2456149724294,-186.14179465525956,-187.03797433808975,2.2433328213764505,False,True
2025-08-04,0,-3.8056763585238476,0.4390329567406194,,26.02683108601721,0.43922579133846745,,3415.1,13.42556311747814,0.43808411214953275,,3424.0,3416.6,-17.23123947600199,-18.10835654489214,-18.985473613782293,-4.244709315264467,False,True
2025-08-05,1,-24.82006734581985,0.4374580769342939,,-43.95353869051423,0.4385708438103036,,3420.2,87.7198607283704,0.4405286343612335,,3405.0,3428.9,-112.53992807419026,-113.41791478548578,-114.29590149678131,-25.257525422754146,False,True
2025-08-06,2,-14.567069351370616,0.43669393577687854,,-28.613993653959398,0.4373432853227594,,3429.8,35.320769406782816,0.4386349679796474,,3419.7,3434.9,-49.887838758153435,-50.76316766190996,-51.638496565666486,-15.003763287147494,False,True
2025-08-07,3,72.00542114871632,0.43708840841540886,,-15.054139835710076,0.4339273316361954,,3456.8,89.4099172670606,0.4345684735058088,,3451.7,3431.8,-17.404496118344284,-18.276153000265502,-19.14780988218672,71.56833274030092,False,True
2025-08-08,4,30.344692928361432,0.43005820120989713,,-64.81238632664342,0.42877969299373986,,3498.3,-49.90131069851693,0.4315925766076824,,3475.5,3487.9,80.24600362687836,79.38435284906078,78.5227020712432,29.914634727151537,False,True
2025-08-11,0,-93.55094375090829,0.4337642057777393,,-45.05698251367115,0.4378794955628212,,3425.6,-47.91519668857403,0.43988269794721413,,3410.0,3458.1,-45.63574706233426,-46.509393966059214,-47.38304086978417,-93.98470795668602,False,True
2025-08-12,1,3.830006675676404,0.4420084865629421,,2.650527912322891,0.44181320137845725,,3395.1,10.8895603432538,0.4417091198209606,,3395.9,3393.6,-7.059553667577395,-7.943271273961298,-8.826988880345201,3.3879981891134623,False,True
2025-08-13,2,21.450092702509046,0.4412283798093894,,19.647235914090736,0.4402958788305742,,3406.8,-19.06019197368391,0.4394316683755677,,3413.5,3399.6,40.51028467619295,39.629624628007996,38.74896457982304,21.008864322699658,False,True
2025-08-14,3,10.267091941669518,0.44024418877670823,,-19.369044940219037,0.43977952386536884,,3410.8,-63.9525926044852,0.4406580493537016,,3404.0,3407.2,74.21968454615471,73.3387823080243,72.45788006989389,9.82684775289281,False,True
2025-08-15,4,8.863415358526996,0.4433672262946324,,5.9044078118367755,0.442961344240026,,3386.3,-19.792919417216563,0.4426868138354386,,3388.4,3383.2,28.65633477574356,27.770280735613486,26.884226695483417,8.420048132232363,False,True
2025-08-18,0,35.41498212196501,0.44347209082308425,,-10.020926890036598,0.4418782772638898,,3394.6,-39.00022670681955,0.44232130219391375,,3391.2,3382.4,74.41520882878456,73.52941543576756,72.64362204275056,34.971510031141925,False,True
2025-08-19,1,5.326704671402628,0.44401030103898415,,12.713432121160553,0.4437738528445905,,3380.1,-75.33550874958318,0.44322311851786195,,3384.3,3378.3,80.66221342098581,79.77498000142896,78.88774658187212,4.882694370363644,False,True
2025-08-20,2,19.629426640183617,0.44656147662994944,,30.557021477499173,0.44568576182552894,,3365.6,48.16723013677452,0.44432595752243853,,3375.9,3359.0,-28.537803496590904,-29.42869093074329,-30.31957836489568,19.182865163553668,False,True
2025-08-21,3,-39.58061584396982,0.4421909085549202,,-8.290155915210653,0.4439314569830419,,3378.9,21.302413452341,0.44427331694458433,,3376.3,3392.2,-60.883029296310816,-61.76949352181032,-62.65595774730983,-40.02280675252474,False,True
2025-08-22,4,-34.04838154840737,0.44335412171548494,,-2.6696329413264435,0.44487943767239085,,3371.7,136.7139737926523,0.44499822000711997,,3370.8,3383.3,-170.76235534105967,-171.65070768278227,-172.5390600245049,-34.49173567012286,False,True
2025-08-25,0,-12.589850731158794,0.4389044943820225,,6.735880531732292,0.4394445420987872,,3413.4,-14.649012346594471,0.4391486371753961,,3415.7,3417.6,2.059161615435677,1.1811084838782586,0.3030553523208399,-13.028755225540817,False,True
2025-08-26,1,34.53628275456797,0.43977952386536884,,7.0097555297437895,0.4382633085958045,,3422.6,52.997998310848885,0.4379562043795621,,3425.0,3410.8,-18.461715556280915,-19.339451284525847,-20.217187012770776,34.0965032307026,False,True
2025-08-27,2,-45.70405172771602,0.43566656985187346,,-4.3778365431347215,0.4376878410317762,,3427.1,76.19195261884569,0.4378794955628212,,3425.6,3443.0,-121.89600434656171,-122.76955041197641,-123.6430964773911,-46.139718297567896,False,True
2025-08-28,3,-3.186512389182101,0.43445519318774267,,30.66510922675965,0.43460624674045323,,3451.4,42.07984074149321,0.43323802096872027,,3462.3,3452.6,-45.266353130675306,-46.13404634483177,-47.001739558988234,-3.6209675823698433,False,True
2025-08-29,4,-23.321778994171886,0.4313815713792708,,2.3058742247794703,0.43240126837705395,,3469.0,132.55465419084575,0.43230157357772786,,3469.8,3477.2,-155.87643318501765,-156.74011632997463,-157.60379947493163,-23.753160565551156,False,True
2025-09-01,0,82.66147563345906,0.42639074447823994,,-12.130274982762423,0.4228925852833381,,3547.0,,,missing bar,,3517.9,,,,82.23508488898082,False,False
2025-09-02,1,22.806953333221426,0.4228329809725159,,8.152365340120031,0.4218459980876315,,3555.8,114.27737836621614,0.4215140785702243,,3558.6,3547.5,-91.47042503299471,-92.31477209253745,-93.1591191520802,22.38412035224891,False,True
2025-09-03,2,5.276385520712155,0.41666666666666674,,39.90251359599245,0.4164815637494448,,3601.6,10.503621950814976,0.4148344810420643,,3615.9,3600.0,-5.227236430102821,-6.058737577811552,-6.890238725520284,4.859718854045488,False,True
2025-09-04,3,-64.57625367360198,0.41438753522294053,,18.612409012259505,0.4170837504170838,,3596.4,-1.1103092222592787,0.41634284445431335,,3602.8,3619.8,-63.4659444513427,-64.29667483101996,-65.1274052106972,-64.99064120882493,False,True
2025-09-05,4,29.108066847862098,0.4164353137146031,,-9.138869908685699,0.4152134196977247,,3612.6,83.87181539108873,0.41558153709757856,,3609.4,3602.0,-54.76374854322663,-55.595765394038814,-56.427782244850995,28.691631534147493,False,True
2025-09-08,0,8.799428604958935,0.41265474552957365,,56.735019460737924,0.41229179264471455,,3638.2,50.97809717828731,0.4099592773784471,,3658.9,3635.0,-42.17866857332837,-43.00128259623639,-43.82389661914441,8.386773859429361,False,True
2025-09-09,1,29.060708402736175,0.4079856389055106,,-2.1697268941410384,0.40677966101694923,,3687.5,-62.580129681503465,0.4068568948681784,,3686.8,3676.6,91.64083808423965,90.82599555046595,90.01115301669226,28.652722763830663,False,True
2025-09-10,2,54.46636558567085,0.4096122337520481,,18.17960315641403,0.4073762255234786,,3682.1,-22.526505298656186,0.40664732832705297,,3688.7,3662.0,76.99287088432703,76.17661132224794,75.36035176016883,54.0567533519188,False,True
2025-09-11,3,-26.934027953952608,0.4075422485464327,,-43.68130563418262,0.40861913972050457,,3670.9,50.48930665963051,0.4104079454978249,,3654.9,3680.6,-77.42333461358311,-78.24128480762737,-79.05923500167162,-27.341570202499042,False,True
2025-09-12,4,44.8242420686092,0.408407754301895,,-12.20554283102704,0.4066032365617631,,3689.1,-10.861597179373192,0.40708877249165476,,3684.7,3672.8,55.68583924798239,54.87034272118884,54.054846194395296,44.415834314307304,False,True
2025-09-15,0,-16.044601987065192,0.4075865442095539,,14.41412289434688,0.4082410255014561,,3674.3,107.58023530627402,0.4076419273310325,,3679.7,3680.2,-123.62483729333921,-124.44006576487979,-125.25529423642038,-16.452188531274746,False,True
2025-09-16,1,28.183776758719848,0.4031932908636401,,10.180572062922101,0.40206931675020785,,3730.7,-19.029501460860757,0.4016494403684465,,3734.6,3720.3,47.2132782195806,46.408435488348516,45.60359275711643,27.780583467856207,False,True
2025-09-17,2,-41.671767902711686,0.402436079736002,,-28.329012996702023,0.40412748875178495,,3711.7,-18.388323191109826,0.4052520667855407,,3701.4,3727.3,-23.28344471160186,-24.0911328581234,-24.898821004644944,-42.074203982447685,False,True
2025-09-18,3,-58.66871813645126,0.40622884224779965,,80.57886430652849,0.4086080087169709,,3671.0,-61.52531231837222,0.40530681726066636,,3700.9,3692.5,2.8565941819209613,2.0450585224124955,1.2335228629040293,-59.07494697869906,False,True
2025-09-19,4,5.43670331710283,0.4078636104086794,,1.9020963876749513,0.40763084950269035,,3679.8,105.1375243716811,0.40755332155957075,,3680.5,3677.7,-99.70082105457827,-100.51623798654653,-101.33165491851477,5.028839706694151,False,True
2025-09-22,0,74.4274157481416,0.40308494343374635,,25.839463490622993,0.400096023045531,,3749.1,59.15058160811359,0.3990529144164517,,3758.9,3721.3,15.276834140028008,14.47469628217781,13.672558424327612,74.02433080470786,False,True
2025-09-23,1,18.231545615151784,0.39669946048873383,,75.4839663689011,0.39600823697132903,,3787.8,-51.75029609336704,0.3930199654142431,,3816.6,3781.2,69.98184170851883,69.19212228261586,68.40240285671287,17.83484615466305,False,True
2025-09-24,2,19.733473047537615,0.39505912718270175,,-5.784450507042561,0.39428030701293243,,3804.4,-89.02802274001651,0.3945084424806692,,3802.2,3796.9,108.76149578755413,107.97192821789075,107.18236064822739,19.338413920354913,False,True
2025-09-25,3,9.018568250524899,0.39805747950003983,,32.29310093504136,0.39768810647436237,,3771.8,-8.460908465927789,0.39643734968417166,,3783.7,3768.3,17.479476716452687,16.684981887268478,15.890487058084265,8.62051077102486,False,True
2025-09-26,4,-21.708061683006786,0.3966679888932964,,14.565873415753538,0.39754054913601194,,3773.2,29.067483405348028,0.3969514131470308,,3778.8,3781.5,-50.77554508835482,-51.569164490395146,-52.36278389243547,-22.10472967190008,False,True
2025-09-29,0,151.1429764935749,0.39590371621621623,,30.63107552955056,0.3899750415973378,,3846.4,12.433624189560424,0.38879241077214177,,3858.1,3788.8,138.7093523040145,137.92465617702612,137.13996005003776,150.74707277735868,False,True
2025-09-30,1,53.69833478981958,0.3882891977945174,,-106.64834981918588,0.3862196817549823,,3883.8,116.94829278700811,0.3903810118675828,,3842.4,3863.1,-63.24995799718853,-64.02862820685064,-64.80729841651274,53.31004559202506,False,True
2025-10-01,2,-1.5434480660369698,0.38583224014198636,,62.06739597138557,0.3859116519591449,,3886.9,-47.66917455961076,0.3835140110452036,,3911.2,3887.7,46.12572649357379,45.3563802423866,44.587033991199405,-1.9292803061789563,True,True
2025-10-02,3,-9.509490930843082,0.38533665579160997,,57.17890990328892,0.3857131836766181,,3888.9,-78.28481607319839,0.38350420576278993,,3911.3,3892.7,68.7753251423553,68.0064842808009,67.2376434192465,-9.894827586634692,True,True
2025-10-03,4,4.122436418270197,0.3865580867951758,,7.981976606602498,0.3863788573489259,,3882.2,68.48375595503866,0.3860606372574253,,3885.4,3880.4,-64.36131953676846,-65.13393826082107,-65.90655698487366,3.735878331475021,True,True
2025-10-06,0,114.33051366595669,0.38328861632809513,,10.35262127384442,0.3789505595836597,,3958.3,55.87309730784356,0.3785775579223664,,3962.2,3913.5,58.45741635811313,57.695550183862665,56.93368400961221,113.94722504962859,True,True
2025-10-07,1,-12.81262344130414,0.37660055234747686,,29.619239003929152,0.3770739064856713,,3978.0,45.51373266414329,0.37596811790360185,,3989.7,3983.0,-58.32635610544743,-59.07892477569851,-59.83149344594959,-13.189223993651616,True,True
2025-10-08,2,115.62256635888075,0.3743355543909561,,15.529293087210172,0.370032316155611,,4053.7,1.231420938173981,0.36944902834905546,,4060.1,4007.1,114.39114542070676,113.64736083796676,112.90357625522674,115.2482308044898,True,True
2025-10-09,3,-41.94119586525684,0.3692944014968733,,46.61783123447451,0.3708465189873418,,4044.8,-180.2700652425509,0.36912173634864787,,4063.7,4061.8,138.32886937729407,137.59045323944852,136.85203710160303,-42.31049026675371,False,True
2025-10-10,4,-17.809890448434015,0.3759304278088269,,47.83679524897306,0.3765816429001808,,3983.2,82.3602859043166,0.3747751349190486,,4002.4,3990.1,-100.17017635275062,-100.92088191547849,-101.67158747820636,-18.185820876242843,False,True
2025-10-13,0,173.681435019696,0.3732921882388075,,11.244470616927664,0.36687374651469945,,4088.6,89.5034674247816,0.3664614482556436,,4093.2,4018.3,84.1779675949144,83.43821395841995,82.69846032192551,173.3081428314572,False,True
2025-10-14,1,-8.718607512634277,0.36311699629620675,,51.95946776985435,0.3634513338663953,,4127.1,25.99780001677752,0.36155032780563057,,4148.8,4130.9,-34.716407529411796,-35.44107485351363,-36.16574217761547,-9.081724508930483,False,True
2025-10-15,2,136.0857557790158,0.36056825557077954,,-6.404706491988818,0.3557031064737966,,4217.0,24.646314345774037,0.35591410606240365,,4214.5,4160.1,111.43944143324177,110.72295907160859,110.0064767099754,135.72518752344504,False,True
2025-10-16,3,27.653381524046274,0.35502118293058155,,45.68583680996918,0.35404914202091253,,4236.7,204.64402743595016,0.3524187674740972,,4256.3,4225.1,-176.9906459119039,-177.69808586230857,-178.40552581271325,27.298360341115693,False,True
2025-10-17,4,55.959598360949826,0.34497826636921874,,-169.0791890576241,0.3430924062214091,,4372.0,-71.90748421583157,0.3489427036080676,,4298.7,4348.1,127.8670825767814,127.1731616068041,126.47924063682683,55.61462009458061,False,True
2025-10-20,0,-46.48877852103695,0.3513703443429375,,107.21327445168976,0.3530242409978819,,4249.0,183.88087457317414,0.3492758347692451,,4294.6,4269.0,-230.3696530942111,-231.0702992733233,-231.77094545243546,-46.84014886537989,False,True
2025-10-21,1,-28.40911001603641,0.3431708991077557,,-212.63829700302867,0.34415509923138704,,4358.5,-305.3072842587728,0.3515515140151871,,4266.8,4371.0,276.8981742427364,276.20345182961347,275.5087294164905,-28.752280915144166,False,True
2025-10-22,2,77.292976992346,0.3625815808556926,,-308.35370431752375,0.3597726237018205,,4169.3,181.64267473638432,0.3710575139146568,,4042.5,4137.0,-104.34969774403832,-105.08333683880866,-105.81697593357902,76.93039541149031,False,True
2025-10-23,3,31.30120845005405,0.3645377661125693,,-9.937587923202608,0.3633896991133292,,4127.8,47.90370373214007,0.3637774651986226,,4123.4,4114.8,-16.60249528208602,-17.330810513397214,-18.059125744708403,30.936670683941482,False,True
2025-10-24,4,-88.46934027895789,0.361969111969112,,-77.72249805862411,0.3651945269513562,,4107.4,124.84008719258205,0.3680349387835219,,4075.7,4144.0,-213.30942747153995,-214.03943152229257,-214.76943557304523,-88.831309390927,False,True
2025-10-27,0,-27.821860533324696,0.3655683369077794,,-132.35451148943375,0.36658683220098737,,4091.8,-101.80675119790834,0.37148022486936283,,4037.9,4103.2,73.98489066458365,73.2478421028065,72.51079354102936,-28.187428870232473,False,True
2025-10-28,1,-105.05248660675716,0.3750093752343809,,-53.44964784918423,0.37896013339396706,,3958.2,78.68378756373677,0.38100076200152405,,3937.0,3999.9,-183.7362741704939,-184.49228430772982,-185.24829444496572,-105.42749598199154,False,True
2025-10-29,2,62.819012018580764,0.3781004234724744,,95.23644069519172,0.37575150300601207,,3992.0,-224.02381801279722,0.3721161002232697,,4031.0,3967.2,286.84283003137796,286.09261350768224,285.3423969839865,62.44091159510829,False,True
2025-10-30,3,117.24646104983263,0.38044029623617737,,-8.52686012440268,0.3760246672181696,,3989.1,130.85766418906508,0.376335992774349,,3985.8,3942.8,-13.611203139232444,-14.36797942824297,-15.124755717253496,116.86602075359646,False,True
2025-10-31,4,-32.98982292742005,0.37145262740825125,,-5.7163451743609395,0.37269858623002966,,4024.7,-21.902542480850222,0.37293023718363094,,4022.2,4038.2,-11.087280446569828,-11.83166331116171,-12.576046175753593,-33.3612755548283,False,True
2025-11-03,0,86.84995302371938,0.3749062734316421,,-27.042130229931644,0.37163668797383687,,4036.2,-28.61089911494811,0.3726522905694128,,4025.2,4001.0,115.46085213866749,114.71329357466642,113.96573501066538,86.47504675028773,False,True
2025-11-04,1,-24.19647712572073,0.37372000896928026,,-24.003011899378983,0.374597307894014,,4004.3,-134.07796812817915,0.37551633496057085,,3994.5,4013.7,109.88149100245842,109.13225465852857,108.38301831459871,-24.57019713469001,False,True
2025-11-05,2,107.80618694191563,0.38075897956593485,,-7.285059670305961,0.3766762091306314,,3982.2,27.855520728137787,0.3769507199758752,,3979.3,3939.5,79.95066621377784,79.19295651423602,78.43524681469421,107.42542796234969,False,True
2025-11-06,3,55.94979127214015,0.37571385632702137,,-0.7472631490663991,0.37361761482514705,,4014.8,-74.5059325775254,0.37363622776864447,,4014.6,3992.4,130.45572384966556,129.70637376556988,128.95702368147423,55.57407741581313,False,True
2025-11-07,4,70.73172788838822,0.3762321603250646,,-30.17947842894224,0.3735617871195896,,4015.4,10.984622634379598,0.3746815207073988,,4003.4,3986.9,59.74710525400862,58.99619157297616,58.245277891943694,70.35549572806316,False,True
2025-11-10,0,188.8620925145335,0.37432621281692957,,55.43698183231208,0.3673409413723858,,4083.4,42.531020571869675,0.36532794271657865,,4105.9,4007.2,146.3310719426638,145.5914177871303,144.85176363159678,188.48776630171656,False,True
2025-11-11,1,29.29748708842498,0.3637245392822503,,11.598967059284945,0.36267801445876363,,4135.9,-18.370805263269148,0.36224884080370945,,4140.8,4124.0,47.66829235169413,46.94231897160817,46.216345591522206,28.93376254914273,False,True
2025-11-12,2,-23.98692772869126,0.3630027588209671,,33.418120457345665,0.3638480570513754,,4122.6,155.9195875076001,0.3626341746446186,,4136.4,4132.2,-179.90651523629137,-180.63215216975695,-181.35778910322253,-24.34993048751223,False,True
2025-11-13,3,52.68791113390817,0.3569388920616791,,53.58778655123587,0.3550547967903047,,4224.7,-172.6535163540653,0.35317385571670756,,4247.2,4202.4,225.34142748797348,224.63131474019508,223.9212019924167,52.330972241846496,False,True
2025-11-14,4,22.729185673142915,0.35929004287527855,,-159.46765640197393,0.35846576651929746,,4184.5,-81.44201461261066,0.36427218417601637,,4117.8,4174.9,104.17120028575357,103.44763805870228,102.72407583165098,22.369895630267635,False,True
2025-11-17,0,11.01146527032342,0.36725100381941045,,-25.467114677801213,0.3668468292205728,,4088.9,-82.47520192372492,0.367773255528858,,4078.6,4084.4,93.48666719404835,92.75164293470009,92.01661867535181,10.64421426650401,False,True
2025-11-18,1,-79.91108413355897,0.3707731856832115,,44.74614073444775,0.37372000896928026,,4013.7,87.66245808636363,0.3720330365336443,,4031.9,4045.6,-167.57354221992262,-168.31634844213949,-169.05915466435633,-80.28185731924218,False,True
2025-11-19,2,47.822925934102024,0.3687496927085895,,69.0086743520244,0.36703533326808263,,4086.8,-89.58599209305156,0.36452004860267323,,4115.0,4067.8,137.4089180271536,136.67564828584233,135.94237854453107,47.454176241393434,False,True
2025-11-20,3,-51.60477368506614,0.3676560700017158,,56.26896104561952,0.3696128920976764,,4058.3,-11.522292004239537,0.3675209486940756,,4081.4,4079.9,-40.082481680826604,-40.8176586995224,-41.552835718218184,-51.97242975506786,False,True
2025-11-21,4,-113.28000305207472,0.3681071928145477,,87.73178390603543,0.37232854270608395,,4028.7,-4.183431212808636,0.3690490835281093,,4064.5,4074.9,-109.09657183926608,-109.83372811560874,-110.5708843919514,-113.64811024488927,False,True
2025-11-24,0,-30.026357131459484,0.36862282512533184,,52.616171741922976,0.3697769012695674,,4056.5,135.90408643335113,0.3678273663560569,,4078.0,4069.2,-165.93044356481062,-166.666893756292,-167.4033439477734,-30.394979956584816,False,True
2025-11-25,1,-9.923877419513584,0.36288859320188704,,-6.297839564808594,0.3632225101096933,,4129.7,-1.9385950093435351,0.3634513338663953,,4127.1,4133.5,-7.985282410170049,-8.711622337238332,-9.437962264306613,-10.286766012715471,False,True
2025-11-26,2,63.98128952132709,0.3633192849876472,,-7.70453160854433,0.36101083032490977,,4155.0,23.341164420095005,0.361367414295695,,4150.9,4128.6,40.64012510123209,39.91543840194875,39.1907517026654,63.617970236339445,False,True
2025-11-27,3,,,roll,-16.467980666517544,0.3577049649449135,,4193.4,,,missing bar,,,,,,,False,False
2025-11-28,4,,,missing bar,,,missing bar,,,,missing bar,,,,,,,False,False
2025-12-01,0,47.789816163506,0.3522367030644594,,4.906828768351476,0.35057377240750703,,4278.7,-36.51005740683422,0.3504181656777088,,4280.6,4258.5,84.29987357034022,83.59721870159805,82.8945638328559,47.43757946044155,False,True
2025-12-02,1,-48.88491250570246,0.35167514594518556,,-11.55047567864059,0.3533818644427169,,4244.7,-2.594798622803669,0.3537902731260909,,4239.8,4265.3,-46.290113882898794,-46.995579301970075,-47.70104472104135,-49.236587651647646,False,True
2025-12-03,2,-12.975219155273377,0.35364013579781217,,18.86570539503727,0.35406585624926246,,4236.5,-22.87925708797698,0.353398515726234,,4244.5,4241.6,9.904037932703604,9.196999281179558,8.489960629655512,-13.32885929107119,False,True
2025-12-04,3,-27.43161556531243,0.3542330853701736,,-6.633027983465238,0.3552229616122387,,4222.7,42.56432447165423,0.35545866015782374,,4219.9,4234.5,-69.99594003696666,-70.70563178249465,-71.41532352802265,-27.785848650682603,False,True
2025-12-05,4,34.848983913524826,0.35381530840901054,,10.336403852073309,0.35255958256945424,,4254.6,-73.76280985079947,0.35219535102136657,,4259.0,4239.5,108.61179376432429,107.90578310489391,107.19977244546354,34.495168605115815,False,True
2025-12-08,0,17.958841283173545,0.35476928171046096,,17.690561394427007,0.35412436847820955,,4235.8,-55.298373261217705,0.3534984563900738,,4243.3,4228.1,73.25721454439125,72.54894680629072,71.84067906819017,17.604072001463084,False,True
2025-12-09,1,-23.489505776267137,0.35548393212626794,,55.66558260870329,0.3563030000712607,,4209.9,7.083658297196747,0.3543083900226757,,4233.6,4219.6,-30.573164073463886,-31.282956395612832,-31.992748717761774,-23.844989708393406,False,True
2025-12-10,2,-14.87831936935604,0.3539823008849558,,-15.610959223145619,0.35451773770414313,,4231.1,79.45437831365896,0.3550632012498225,,4224.6,4237.5,-94.332697683015,-95.04174318514977,-95.75078868728455,-15.232301670240997,False,True
2025-12-11,3,-34.81619174777001,0.3522532466007562,,10.127537165779206,0.3534651365553645,,4243.7,143.27193992561018,0.35310734463276844,,4248.0,4258.3,-178.0881316733802,-178.79349226461372,-179.49885285584725,-35.168444994370766,False,True
2025-12-12,4,19.706267172197336,0.348100531433478,,100.47788079555241,0.3474232773595831,,4317.5,-72.71755165314596,0.34392626220938244,,4361.4,4309.1,92.42381882534329,91.73179203170044,91.03976523805757,19.35816664076386,False,True
2025-12-15,0,97.44515423144823,0.34642032332563516,,17.59578155339499,0.3430767119527927,,4372.2,-104.65772238946988,0.34247357245599225,,4379.9,4330.0,202.1028766209181,201.41398272513646,200.72508882935483,97.0987339081226,False,True
2025-12-16,1,-48.336646028032355,0.34607664444085556,,22.925963842293022,0.3477615746644101,,4313.3,21.258904392460195,0.3469812630117974,,4323.0,4334.3,-69.59555042049254,-70.2886083279452,-70.98166623539785,-48.68272267247321,False,True
2025-12-17,2,33.634384822624384,0.34614053305642095,,-0.6900279464056158,0.3450020700124201,,4347.8,54.133538930081926,0.3450020700124201,,4347.8,4333.5,-20.499154107457542,-21.190296710526383,-21.881439313595223,33.28824428956796,False,True
2025-12-18,3,-20.379897368794158,0.3431316481756835,,-22.029978847924383,0.34383954154727797,,4362.5,25.6981074356158,0.34461368805568965,,4352.7,4371.5,-46.07800480440996,-46.76575014064133,-47.4534954768727,-20.723029016969843,False,True
2025-12-19,4,-30.296098453955477,0.3437528646072051,,12.6342404677192,0.3447879554074245,,4350.5,28.65364314183066,0.34433680730912275,,4356.2,4363.6,-58.949741595786136,-59.63783126770246,-60.32592093961879,-30.63985131856268,False,True
2025-12-22,0,175.12072795186367,0.34325728277534967,,5.84506108993218,0.33731363421709515,,4446.9,69.65235715912196,0.33711652994718516,,4449.5,4369.9,105.46837079274171,104.78799698001917,104.10762316729664,174.77747066908833,False,True
2025-12-23,1,82.88107526946705,0.3346869561336963,,-1.1064762063585185,0.33192449824080017,,4519.1,-7.748934909246877,0.33196857364169535,,4518.5,4481.8,90.63001017871392,89.96335464893853,89.29669911916314,82.54638831333335,False,True
2025-12-24,2,-13.292865904914345,0.33210087010427974,,17.942389821625056,0.33256473926924446,,4510.4,,,missing bar,,4516.7,,,,-13.624966775018624,False,False
2025-12-25,3,,,missing bar,,,missing bar,,,,missing bar,,,,,,,False,False
2025-12-26,4,37.73131427728684,0.33160163590140385,,-2.8636569094185984,0.3303746448472568,,4540.3,50.98463927498885,0.3304838283246674,,4538.8,4523.5,-13.25332499770201,-13.91541046192808,-14.577495926154151,37.399712641385435,False,True
2025-12-29,0,-158.6511801678598,0.3283712784588442,,-24.943778105443,0.33365215650510494,,4495.7,-303.6058646623677,0.3345003679504048,,4484.3,4568.0,144.95468449450792,144.2918128480987,143.62894120168943,-158.97955144631862,False,True
2025-12-30,1,86.97100113276915,0.34480380663402527,,64.50462994757295,0.34179464977441554,,4388.6,-148.9212119240889,0.33955088735965233,,4417.6,4350.3,235.89221305685805,235.20785836286439,234.5235036688707,86.62619732613513,False,True
2025-12-31,2,-23.689880784884494,0.3445899379738112,,-38.98910246455778,0.34538337554685705,,4343.0,12.703987295345494,0.3466925530439606,,4326.6,4353.0,-36.393868080229986,-37.08515057124775,-37.77643306226553,-24.034470722858305,False,True
2026-01-01,3,,,missing bar,,,missing bar,,,,missing bar,,,,,,,True,False
2026-01-02,4,125.249213093834,0.34562211981566826,,28.176713788203404,0.34132799344650255,,4394.6,-148.82145530318448,0.3403675970047652,,4407.0,4340.0,274.0706683970185,273.384678680198,272.6986889633776,124.90359097401833,True,True
2026-01-05,0,142.9651033392555,0.3433830094086945,,-22.591732001669573,0.3384934783589837,,4431.4,86.02494161965943,0.3392513852764899,,4421.5,4368.3,56.94016171959608,56.25752732491089,55.57489293022571,142.62172032984682,False,True
2026-01-06,1,21.278748327489048,0.33633795237454595,,13.194826859314555,0.33568311513930854,,4468.5,70.15697101840628,0.33525546466407413,,4474.2,4459.8,-48.878222690917234,-49.549816107955856,-50.22140952499447,20.942410375114502,False,True
2026-01-07,2,-77.31681434135923,0.3329338127580238,,-35.85438014674326,0.33553293815009516,,4470.5,28.69506755219179,0.33675324966885933,,4454.3,4505.4,-106.01188189355102,-106.68156895597791,-107.35125601840478,-77.64974815411726,False,True
2026-01-08,3,-64.22946982248672,0.3357883190436749,,-9.01571048514335,0.3379367832924055,,4438.7,118.34722910566654,0.3382110888142319,,4435.1,4467.1,-182.57669892815326,-183.25069833601117,-183.92469774386907,-64.56525814153039,False,True
2026-01-09,4,-22.300033771369808,0.33412781502684163,,-9.60539763129027,0.3349111369116728,,4478.8,97.40986619892372,0.3352254950163143,,4474.6,4489.3,-119.70989997029353,-120.3792532803367,-121.04860659037985,-22.63416158639665,False,True
2026-01-12,0,150.54683962613584,0.33119162747565745,,5.870777829222032,0.3262500815625205,,4597.7,18.242631997472696,0.326058603599687,,4600.4,4529.1,132.30420762866314,131.6469573975878,130.98970716651246,150.2156479986602,False,True
2026-01-13,1,-45.439305933646764,0.3253796095444686,,28.506476778318,0.3268757218505525,,4588.9,-15.87629872086172,0.32596649064476174,,4601.7,4610.0,-29.563007212785045,-30.21435331297428,-30.865699413163505,-45.764685543191234,False,True
2026-01-14,2,98.33304272159864,0.3264915221034761,,15.075163297770981,0.32328282937132274,,4639.9,-28.23003954330804,0.3227888960619755,,4647.0,4594.3,126.56308226490668,125.91380184674122,125.26452142857578,98.00655119949516,False,True
2026-01-15,3,-64.05700451137089,0.3235757275060941,,24.93415426227053,0.3256339006599514,,4606.4,5.412134136544087,0.32481593763534,,4618.0,4635.7,-69.46913864791497,-70.1175303130564,-70.76592197819784,-64.38058023887699,False,True
2026-01-16,4,-21.877817912822778,0.32456292193179853,,-11.934599817347891,0.3252949340735601,,4611.2,-10.20973489071846,0.3256763211602762,,4605.8,4621.6,-11.668083022104318,-12.318322265196393,-12.968561508288467,-22.202380834754575,False,True
2026-01-19,0,77.81973147265947,0.3237153894296136,,15.406674992390109,0.3212197785724994,,4669.7,,,missing bar,,4633.7,,,,77.49601608322986,False,False
2026-01-20,1,92.56074510043129,0.3206567049317002,,25.172678739319746,0.3177023764137757,,4721.4,75.13847505837053,0.3168969451134492,,4733.4,4677.9,17.42227004206076,16.78471639201561,16.14716274197046,92.24008839549958,False,True
2026-01-21,2,187.01843777020923,0.3146303093864709,,22.828008144744285,0.3088389713603328,,4856.9,-65.94970525317524,0.3081220985169057,,4868.2,4767.5,252.96814302338447,252.34539061548108,251.72263820757772,186.70380746082276,False,True
2026-01-22,3,-5.584454678363747,0.3101608701046277,,-24.65070798441187,0.31034054702693764,,4833.4,239.3556891085165,0.31110004977600797,,4821.6,4836.2,-244.94014378688024,-245.56140470676087,-246.18266562664152,-5.894615548468375,False,True
2026-01-23,4,11.127409979272542,0.3036437246963563,,-10.520779508037803,0.30332443581654944,,4945.2,86.46371119630501,0.30363143192583303,,4940.2,4940.0,-75.33630121703247,-75.94357637365466,-76.55085153027684,10.823766254576187,False,True
2026-01-26,0,144.55983536892543,0.29919814896078517,,-19.87700531441258,0.2949098558873838,,5086.3,-142.44294247573004,0.29547334830398303,,5076.6,5013.4,287.0027778446555,286.40810634739074,285.813434850126,144.26063721996465,False,True
2026-01-27,1,150.8886475322348,0.2996703626011388,,0.19679034940787024,0.2951884286135984,,5081.5,191.21339616863926,0.2951884286135984,,5081.5,5005.5,-40.32474863640445,-40.91960742761919,-41.514466218833924,150.58897716963367,False,True
2026-01-28,2,204.87663817247346,0.28963120293492955,,-25.574734748948064,0.28380065841752755,,5285.4,258.1549375577296,0.2844626500540479,,5273.1,5179.0,-53.27829938525616,-53.852393238245135,-54.426487091234115,204.58700696953852,False,True
2026-01-29,3,225.11836407946805,0.27697250586258476,,-21.50752236544118,0.2708118940583871,,5538.9,-294.7898931142726,0.2714833852168248,,5525.2,5415.7,519.9082571937406,519.3598013026613,518.8113454115818,224.84139157360548,False,True
2026-01-30,4,,,roll,-226.78822245355224,0.28797419751190295,,5208.8,-371.2203533408147,0.29451611003121875,,5093.1,,,,,,False,False
2026-02-02,0,-438.24316750007955,0.31146179401993357,,438.4508065403809,0.32541490400260337,,4609.5,-284.5330887341093,0.31146179401993357,,4816.0,4816.0,-153.71007876597025,-154.3330023540101,-154.95592594205,-438.55462929409947,False,True
2026-02-03,1,517.1955185351025,0.31976124493711366,,-4.049238798443074,0.30363143192583303,,4940.2,64.79046572513754,0.30374210270532975,,4938.4,4691.0,452.4050528099649,451.78154946232246,451.15804611468,516.8757572901653,False,True
2026-02-04,2,279.3816114969744,0.30204788465798116,,-81.99910264307819,0.2937547735150696,,5106.3,-155.01718280811917,0.2961909839464487,,5064.3,4966.1,434.3987943050936,433.8005554364891,433.20231656788474,279.0795636123164,False,True
2026-02-05,3,-105.43495951892456,0.3008061605101673,,-118.04057428119025,0.30400680975253846,,4934.1,-161.25713804525768,0.307622895346691,,4876.1,4986.6,55.82217852633312,55.21374947047626,54.6053204146194,-105.73576567943472,False,True
2026-02-06,4,128.95659079413963,0.31250000000000006,,122.86397439283303,0.3085403982228073,,4861.6,134.40357307684113,0.304754164973588,,4922.0,4800.0,-5.446982282701498,-6.064236447675086,-6.681490612648674,128.64409079413963,False,True
2026-02-09,0,47.0551572071565,0.2997841554081062,,17.689445606552347,0.29840057292910005,,5026.8,96.44724748736459,0.2978909322000239,,5035.4,5003.6,-49.392090280208095,-49.989765367816226,-50.58744045542436,46.75537305174839,False,True
2026-02-10,1,-57.201623483987674,0.2950258639340716,,0.7913427111577247,0.2967652586803839,,5054.5,-14.055372554134763,0.2967359050445104,,5055.0,5084.3,-43.14625092985291,-43.7380126988315,-44.329774467810076,-57.496649347921746,False,True
2026-02-11,2,60.631980902646966,0.29714738510301114,,55.56606123160046,0.2953395420268169,,5078.9,0.5873542628923345,0.2936857562408224,,5107.5,5048.0,60.04462663975463,59.4537934984108,58.86296035706697,60.334833517543956,False,True
2026-02-12,3,-43.168640316962154,0.2936972568676209,,-22.63802775867711,0.29494464872092346,,5085.7,-265.595994784265,0.2956014504177834,,5074.4,5107.3,222.42735446730282,221.8380557600174,221.248757052732,-43.46233757382978,False,True
2026-02-13,4,89.6975223325715,0.3030303030303031,,-12.420122191965227,0.30030030030030036,,4995.0,146.81279827746476,0.30060120240480964,,4990.0,4950.0,-57.11527594489327,-57.71890745032838,-58.3225389557635,89.3944920295412,False,True
2026-02-16,0,-46.04644528416016,0.29702970297029707,,-7.761735037853957,0.2984124457884057,,5026.6,,,missing bar,,5050.0,,,,-46.343474987130456,True,False
2026-02-17,1,-159.58533834010848,0.29909076407720536,,31.55470072431616,0.30388978930307947,,4936.0,-112.11198524942937,0.3029507402096419,,4951.3,5015.2,-47.47335309067911,-48.07539459496596,-48.67743609925281,-159.88442910418567,True,True
2026-02-18,2,103.57525575165057,0.3062161886291722,,26.83157242857714,0.3030180598763687,,4950.2,65.86765987290363,0.30221828219128405,,4963.3,4898.5,37.70759587874694,37.09916140792649,36.49072693710603,103.2690395630214,True,True
2026-02-19,3,68.45172761323364,0.30037847688086994,,-47.04765266893164,0.2983293556085919,,5028.0,20.757247538367647,0.29969431180196204,,5005.1,4993.7,47.69448007486599,47.094407286183156,46.494334497500326,68.15134913635278,True,True
2026-02-20,4,20.517322417146914,0.2991026919242274,,37.536910640518904,0.2984718242597899,,5025.6,168.86415741238804,0.29737713368093416,,5044.1,5015.0,-148.34683499524112,-148.94331482084627,-149.53979464645144,20.21821972522269,True,True
2026-02-23,0,55.99641323362964,0.29246607393542357,,53.178757182207605,0.29083858458555506,,5157.5,120.58154900701929,0.28929604628736744,,5185.0,5128.8,-64.58513577338965,-65.16689789361244,-65.74866001383523,55.703947159694216,True,True
2026-02-24,1,-93.43178380478714,0.2858504049547404,,-57.488053072223266,0.2885392220982573,,5198.6,-16.844636450483076,0.2901802986922542,,5169.2,5247.5,-76.58714735430407,-77.16317805795106,-77.73920876159805,-93.71763420974189,False,True
2026-02-25,2,84.52548442856728,0.2906976744186047,,-5.189962345103645,0.28825643292272807,,5203.7,-35.048564610147935,0.28835617755051046,,5201.9,5160.0,119.57404903871522,118.9949951867461,118.41594133477699,84.23478675414867,False,True
2026-02-26,3,52.61192143361537,0.2898382702452032,,-5.383166200669929,0.288306296609518,,5202.8,2.691893571092751,0.2884559912309379,,5200.1,5175.3,49.92002786252262,49.34173360104648,48.76343933957034,52.322083163370166,False,True
2026-02-27,4,-16.931220975889495,0.28835617755051046,,21.351294478229526,0.2888392513286606,,5193.2,175.0370851007853,0.28821212412335484,,5204.5,5201.9,-191.9683060766748,-192.54487437834865,-193.1214426800225,-17.219577153440007,False,True
2026-03-02,0,116.85192776213012,0.27985074626865675,,-19.196698157452413,0.27660986944014165,,5422.8,-141.98096732699605,0.27715162041314073,,5412.2,5360.0,258.83289508912617,258.2758927224444,257.7188903557626,116.57207701586147,False,True
2026-03-03,1,9.179210670463734,0.28112525067001526,,-200.28848931423443,0.28087257747401934,,5340.5,-260.1420237061029,0.2865931714400352,,5233.9,5335.7,269.3212343765667,268.75351595445665,268.18579753234656,8.898085419793718,False,True
2026-03-04,2,132.58101319527427,0.2935420743639922,,7.142650613019881,0.28967035513585543,,5178.3,-59.22330495779551,0.28945235614217907,,5182.2,5110.0,191.80431815306977,191.2213237225636,190.63832929205742,132.28747112091028,False,True
2026-03-05,3,30.405461543774955,0.29094012452237333,,3.6735917505970734,0.2900736787143935,,5171.1,-156.42820604014403,0.2899335085820319,,5173.6,5155.7,186.83366758391898,186.25279395081458,185.67192031771017,30.114521419252583,False,True
2026-03-06,4,55.73005947193473,0.2941349491146539,,-70.64677764910655,0.2925117004680188,,5128.0,174.63867021703754,0.29460287532406315,,5091.6,5099.7,-118.9086107451028,-119.49734856954151,-120.08608639398024,55.43592452282007,False,True
2026-03-09,0,-159.16383224702815,0.28920122621319916,,-17.842267367536223,0.29384109073812886,,5104.8,102.49091658516896,0.29433695694831447,,5096.2,5186.7,-261.65474883219713,-262.23828701535865,-262.8218251985202,-159.45303347324136,False,True
2026-03-10,1,60.37170039326665,0.29112646533654224,,0.19289565310039467,0.2893462703265755,,5184.1,27.15901238900793,0.28931836592986926,,5184.6,5152.4,33.21268800425872,32.63224317299232,32.0517983417259,60.08057392793011,False,True
2026-03-11,2,22.69275382946502,0.2887947631882942,,-30.40159352211996,0.2881844380403459,,5205.0,-9.255153659895209,0.28908975273189824,,5188.7,5194.0,31.947907489360226,31.370022973440033,30.79213845751984,22.403959066276723,False,True
2026-03-12,3,-24.715208564668345,0.28927373008832497,,24.91142288803244,0.29002880952841326,,5171.9,-196.5181899619188,0.28929604628736744,,5185.0,5185.4,171.80298139725045,171.22441162087475,170.64584184449907,-25.00448229475667,False,True
2026-03-13,4,16.116038943413912,0.29504327301337535,,40.568006956142476,0.29456816307293515,,5092.2,-177.39043106862266,0.29336984158028556,,5113.0,5084.0,193.50647001203657,192.91805689744294,192.32964378284925,15.820995670400537,False,True
2026-03-16,0,12.367598472562257,0.29940119760479045,,-28.348990836571275,0.29903710053627325,,5016.1,19.175078281172578,0.29989803466821285,,5001.7,5010.0,-6.807479808610321,-7.4067790408833245,-8.006078273156326,12.068197274957466,False,True
2026-03-17,1,3.391149133345135,0.29926978173257257,,-12.773178066369931,0.29918024612561583,,5013.7,8.584291275078922,0.29958058717795094,,5007.0,5012.2,-5.193142141733787,-5.791992510644311,-6.390842879554834,3.091879351612562,False,True
2026-03-18,2,6.384422227157217,0.2993653454676087,,-162.4580837120583,0.29915637901118847,,5014.1,-225.47020845248508,0.30401913293743293,,4933.9,5010.6,231.8546306796423,231.25124620123725,230.6478617228322,6.085056881689608,False,True
2026-03-19,3,-130.92794292216033,0.31068765534382775,,-235.47485442126117,0.3147755650221392,,4765.3,-6.446899264852241,0.32224107929278833,,4654.9,4828.0,-124.48104365730809,-125.11397239194471,-125.74690112658132,-131.23863057750415,False,True
2026-03-20,4,35.17731689952196,0.32231032037645857,,7.491999965136709,0.3212060215422173,,4669.9,-395.88821295623916,0.3209654641160612,,4673.4,4653.9,431.0655298557611,430.4222540712686,429.77897828677607,34.8550065791455,False,True
2026-03-23,0,-518.6116701005609,0.3370786516853933,,358.9413689369106,0.3550463927286499,,4224.8,68.93833115377923,0.3424579347503482,,4380.1,4450.0,-587.5500012543401,-588.2295378407758,-588.9090744272116,-518.9487487522463,False,True
2026-03-24,1,-24.94728348043908,0.33976624082631157,,12.485104623892337,0.3407155025553663,,4402.5,150.1756223627004,0.3402749421532599,,4408.2,4414.8,-175.12290584313948,-175.80294702611906,-176.4829882090986,-25.28704972126539,False,True
2026-03-25,2,155.92566360181374,0.3353079244439477,,73.45477207663498,0.33011289861132515,,4543.9,-164.08072024307955,0.3276683122897462,,4577.8,4473.5,320.0063838448933,319.3434076081596,318.6804313714259,155.59035567736979,False,True
2026-03-26,3,-124.97652009833412,0.3326753753687153,,-75.28662375189904,0.3368439963171724,,4453.1,-98.21609018951008,0.33935883803533856,,4420.1,4508.9,-26.760429908824037,-27.43246412222809,-28.104498335632144,-125.30919547370283,False,True
2026-03-27,4,185.37934273396058,0.3431081019259802,,-87.28558377247732,0.3368439963171724,,4453.1,168.91307017665443,0.33978933061501876,,4414.5,4371.8,16.466272557306155,15.783375124765154,15.100477692224157,185.0362346320346,False,True
2026-03-30,0,,,roll,64.27235032209849,0.32897622598473547,,4559.6,-107.55971777961389,0.3268329883429568,,4589.5,,,,,,False,False
2026-03-31,1,104.10710664823645,0.33047654718103514,,56.30633265830712,0.32701824761821713,,4586.9,185.33962649496337,0.3251468579975289,,4613.3,4538.9,-81.23251984672692,-81.88814325190548,-82.54376665708405,103.77663010105542,False,True
2026-04-01,2,124.79275298098405,0.3192576196151882,,47.60066444070818,0.31529164477141364,,4757.5,9.20040212105784,0.31379440190787006,,4780.2,4698.4,115.59235085992621,114.95929883840316,114.3262468168801,124.47349536136886,False,True
2026-04-02,3,-335.91593733771305,0.3136107045787163,,3.675397578858337,0.3243593902043465,,4624.5,163.14554772662794,0.3242121644404098,,4626.6,4783.0,-499.061485064341,-499.6993079333601,-500.33713080237925,-336.22954804229175,False,True
2026-04-03,4,,,missing bar,,,missing bar,,,,missing bar,,,,,,,False,False
2026-04-06,0,35.65827387492196,0.3208556149732621,,27.031357916630903,0.319699908352693,,4691.9,-61.4008964537352,0.31881655295542954,,4704.9,4675.0,97.05917032865716,96.41949816072847,95.77982599279977,35.3374182599487,True,True
2026-04-07,1,0.2137368685480911,0.32060872910699784,,12.174936090326,0.32058817243369175,,4678.9,102.1402944720503,0.3201570904123624,,4685.2,4678.6,-101.9265576035022,-102.56732342302156,-103.20808924254092,-0.10687186055890674,False,True
2026-04-08,2,207.22457630056093,0.3159757330637008,,-42.17845230815618,0.3094825451844516,,4846.8,-169.88696491113325,0.31079709093922886,,4826.3,4747.2,377.1115412116942,376.4847683876913,375.85799556368835,206.90860056749722,False,True
2026-04-09,3,-17.930413722647113,0.3161355589276682,,94.14009720917201,0.3166895386889053,,4736.5,18.38658297811235,0.31369596586987897,,4781.7,4744.8,-36.31699670075946,-36.946828225557006,-37.57665975035456,-18.246549281574783,False,True
2026-04-10,4,-43.51380268154957,0.3131197161047908,,46.854168714782965,0.3144917812814492,,4769.6,-44.12802174964871,0.3130151708019449,,4792.1,4790.5,0.6142190680991391,-0.011915818807596623,-0.6380507057143323,-43.826922397654364,False,True
2026-04-13,0,80.14506997719833,0.3184713375796179,,-39.885671895717515,0.3159224936815502,,4748.0,80.04086880438759,0.31721862707778203,,4728.6,4710.0,0.10420117281074681,-0.5314887918466531,-1.167178756504053,79.82659863961871,False,True
2026-04-14,1,75.40741968325361,0.3145115635418196,,-17.28716910600154,0.3121488325633663,,4805.4,139.52366768391013,0.31268891622021644,,4797.1,4769.3,-64.11624800065653,-64.74344848041855,-65.3706489601806,75.0929081197118,False,True
2026-04-15,2,-57.33393035998961,0.3084706027515578,,1.0340299257476764,0.31022501654533424,,4835.2,-43.735625062910074,0.3102378490175802,,4835.0,4862.7,-13.598305297079534,-14.217013748848673,-14.83572220061781,-57.64240096274116,False,True
2026-04-16,3,71.82883116565506,0.3116170849260429,,-8.460673850484943,0.30940594059405946,,4848.0,-68.77292771695912,0.3096550442806713,,4844.1,4813.6,140.60175888261418,139.98048675340746,139.35921462420075,71.51721408072902,False,True
2026-04-17,4,-13.101392077078456,0.3117336547653685,,32.61425660667571,0.31210986267166047,,4806.0,57.491627696092394,0.31110004977600797,,4821.6,4811.8,-70.59301977317085,-71.21585347771222,-71.83868718225361,-13.413125731843826,False,True
2026-04-20,0,6.440421135286419,0.3117336547653685,,32.96740459833975,0.31152647975077885,,4815.0,21.092255384740362,0.3105075763848638,,4830.8,4811.8,-14.651834249453943,-15.274075480604177,-15.896316711754407,6.128687480521051,False,True
2026-04-21,1,-94.61436669198764,0.30976375351065594,,37.250966544666284,0.31274107124241607,,4796.3,-158.90796965531086,0.3115653040877368,,4814.4,4842.4,64.29360296332322,63.67227390572483,63.05094484812644,-94.92413044549829,False,True
2026-04-22,2,99.321529991636,0.3165425116593159,,-35.584246532374145,0.3134206732276062,,4785.9,-22.88114354352925,0.3145181581816658,,4769.2,4738.7,122.20267353516525,121.57161286532425,120.94055219548328,99.00498747997668,False,True
2026-04-23,3,-61.33242962149984,0.3151790216843167,,15.844013750392294,0.3171314404110024,,4729.9,-60.34510197511382,0.3166494268645374,,4737.1,4759.2,-0.9873276463860208,-1.619156094934875,-2.250984543483729,-61.64760864318416,False,True
2026-04-24,4,-60.62107113735491,0.31809313767071,,76.72481661861686,0.3200273089970344,,4687.1,4.656774632763032,0.31758130081300817,,4723.2,4715.6,-65.27784577011795,-65.91352020860167,-66.54919464708539,-60.93916427502562,False,True
2026-04-27,0,30.718085315369603,0.3182618658632323,,-16.30130242109487,0.31729914963827904,,4727.4,-47.569585763427554,0.3177898773331074,,4720.1,4713.1,78.28767107879716,77.65161933560081,77.01556759240448,30.39982344950637,False,True
2026-04-28,1,-117.34358751745069,0.319318786588611,,-146.24140512240226,0.3230948175591264,,4642.6,74.0324767874572,0.3278258589037503,,4575.6,4697.5,-191.37606430490789,-192.02320895040023,-192.6703535958926,-117.6629063040393,False,True
2026-04-29,2,-28.883238495410815,0.32528082577958983,,-51.020518838956214,0.3262217002675018,,4598.1,-37.01477149532095,0.32792619474443624,,4574.2,4611.4,8.131532999910135,7.478325979386109,6.825118958862083,-29.208519321190405,False,True
2026-04-30,3,97.3955682279041,0.32916392363396973,,89.1317773448925,0.3259594071884915,,4601.8,-15.73394869434699,0.32304610944802187,,4643.3,4557.0,113.1295169222511,112.47730688916911,111.82509685608711,97.06640430427014,False,True
2026-05-01,4,-65.12566696708568,0.32349198818175945,,-34.797773260397,0.3256621797655233,,4606.0,78.35006602936096,0.3268329883429568,,4589.5,4636.9,-143.47573299644665,-144.12605797297135,-144.77638294949608,-65.44915895526744,True,True
2026-05-04,0,-95.84979858646665,0.3229974160206719,,-61.284991656623234,0.3261436771612455,,4599.2,-85.46027824623673,0.32813422877518433,,4571.3,4644.0,-10.389520340229922,-11.040651985025777,-11.691783629821634,-96.17279600248732,True,True
2026-05-05,1,51.69675485343744,0.3308337009263344,,32.855858180752286,0.32909892713749755,,4557.9,-10.721515167403297,0.3280337656089401,,4572.7,4534.0,62.41827002084074,61.75940255430546,61.10053508777019,51.365921152511106,True,True
2026-05-06,2,238.31246307743172,0.3282778543759438,,50.09016025628113,0.3205265182272747,,4679.8,-0.4252423882253911,0.31892501009929203,,4703.3,4569.3,238.73770546565711,238.09050260118187,237.44329973670665,237.98418522305576,False,True
2026-05-07,3,98.19353456268375,0.3189996172004594,,8.842291992782243,0.3159358018450651,,4747.8,-118.75543084175318,0.3156499231918521,,4752.1,4702.2,216.94896540443693,216.31431586404463,215.6796663236523,97.87453494548329,False,True
2026-05-08,4,110.0172510395322,0.3203416978109984,,-13.739895413166611,0.31685678073510776,,4734.0,-8.041307357298368,0.3172924378635643,,4727.5,4682.5,118.05855839683056,117.42092426115599,116.78329012548144,109.6969093417212,False,True
2026-05-11,0,-7.038723935382738,0.3198294243070363,,-7.683934552364021,0.32004096524355125,,4686.9,133.00296821080804,0.32031433513421176,,4682.9,4690.0,-140.04169214619077,-140.68183590563203,-141.32197966507326,-7.3585533596897745,False,True
2026-05-12,1,-84.43869145914782,0.31610224854066127,,20.383038183673133,0.31880977683315626,,4705.0,17.16629470727631,0.31816735602927143,,4714.5,4745.3,-101.60498616642413,-102.23925577099406,-102.87352537556399,-84.75479370768848,False,True
2026-05-13,2,-26.505247650047895,0.31764182707578936,,-9.771641775944653,0.3184848613529237,,4709.8,-16.592218229016098,0.31881655295542954,,4704.9,4722.3,-9.913029421031798,-10.549487801063016,-11.185946181094236,-26.822889477123685,False,True
2026-05-14,3,22.11825657142241,0.3193663771078181,,-13.394140472337032,0.31869462680859206,,4706.7,-95.77224856319364,0.31913535594230036,,4700.2,4696.8,117.89050513461605,117.25200340156594,116.61350166851581,21.79889019431459,False,True
2026-05-15,4,-173.37090436954628,0.32226877215597816,,-39.43136393454576,0.32794770327291817,,4573.9,-27.2539620980612,0.32923617208077266,,4556.0,4654.5,-146.11694227148507,-146.76844721572184,-147.41995215995857,-173.69317314170226,False,True
2026-05-18,0,6.374957624587637,0.3298443134840356,,7.02895077922515,0.32959789057350036,,4551.0,35.944456356867,0.3293518355875637,,4554.4,4547.6,-29.569498732279364,-30.22869488135096,-30.887891030422562,6.045113311103601,False,True
2026-05-19,1,-42.31580876627303,0.3281844834376231,,-36.10589101392641,0.3296413502109706,,4550.4,-107.32762242236451,0.33084829502845303,,4533.8,4570.6,65.01181365609148,64.35278087762539,63.69374809915932,-42.643993249710654,False,True
2026-05-20,2,-22.090087413718223,0.3343288904738555,,55.248759319698074,0.33509069788222684,,4476.4,99.92124872449932,0.33325927571650754,,4501.0,4486.6,-122.01133613821754,-122.67892430440791,-123.34651247059827,-22.42441630419208,False,True
2026-05-21,3,-54.89976417444047,0.3298153034300792,,-17.481941628003856,0.33164562559419847,,4522.9,64.02211858408013,0.33221119773210495,,4515.2,4548.0,-118.92188275852061,-119.5839092596828,-120.24593576084497,-55.22957947787055,False,True
2026-05-22,4,-36.3761024576598,0.3300911051450201,,-12.598496477791544,0.33133062378512107,,4527.2,-23.473149535114906,0.33177766472761056,,4521.1,4544.2,-12.902952922544891,-13.564821692417521,-14.226690462290152,-36.70619356280482,False,True
2026-05-25,0,68.82702837909977,0.3309796999117388,,16.858795195766962,0.3286950805302948,,4563.5,,,missing bar,,4532.0,,,,68.49604867918804,False,False
2026-05-26,1,-87.44041475985584,0.3281126957739085,,-53.98601513654441,0.3309870032436727,,4531.9,0.44373446936706473,0.3328082358944776,,4507.1,4571.6,-87.8841492292229,-88.54507016089129,-89.20599109255967,-87.76852745562975,False,True
2026-05-27,2,-50.93484026507413,0.3327860851044949,,-133.9952041755271,0.33442579091699554,,4485.3,65.08372352870512,0.33890646181653866,,4426.0,4507.4,-116.01856379377925,-116.69025634070029,-117.36194888762132,-51.267626350178624,False,True
2026-05-28,3,-164.35749055399688,0.3368061792707024,,-2.9648212772039644,0.3420440552743194,,4385.4,234.21856625541773,0.3418024381907258,,4388.5,4453.6,-398.5760568094146,-399.254665426876,-399.93327404433745,-164.69429673326758,False,True
2026-05-29,4,,,roll,32.66364856469203,0.3293662992402618,,4554.2,1.5318795097296687,0.32828503895649136,,4569.2,,,,,,False,False
2026-06-01,0,-95.53268584239733,0.3278545200209827,,9.704884082543481,0.3310089151734487,,4531.6,-46.40584643290322,0.3307024119229243,,4535.8,4575.2,-49.12683940949411,-49.785396341438016,-50.44395327338192,-95.8605403624183,False,True
2026-06-02,1,110.55189780513331,0.332167057885646,,-18.63402233785178,0.3285295019492751,,4565.8,-84.39240541765818,0.3291278113000549,,4557.5,4515.8,194.9443032227915,194.2830083536058,193.6217134844201,110.21973074724767,False,True
2026-06-03,2,-62.807445944469904,0.33185840707964603,,-1.7813404634041359,0.3339715901500646,,4491.4,-62.99163073324317,0.33400877329711204,,4490.9,4520.0,0.1841847887732655,-0.4816823916034926,-1.1475495719802506,-63.13930435154955,False,True
2026-06-04,3,71.67369054913061,0.3361269215255681,,97.85117148866141,0.3337041156840935,,4495.0,-81.18166578134554,0.330461985856227,,4539.1,4462.6,152.85535633047616,152.18876742309436,151.52217851571257,71.33756362760505,False,True
2026-06-05,4,-51.87761420462962,0.3331112591605597,,38.0978303937488,0.3348289024308579,,4479.9,-324.27456858305703,0.333526037265976,,4497.4,4503.0,272.3969543784274,271.73031708200085,271.0636797855743,-52.21072546379018,False,True
2026-06-08,0,-66.13460672245499,0.3445107946715664,,71.87811718833616,0.34681279045571206,,4325.1,-4.363051909157813,0.3443763344582961,,4355.7,4354.0,-61.77155481329718,-62.46044194242704,-63.149329071556906,-66.47911751712655,False,True
2026-06-09,1,-0.6889345629718275,0.3444554159873241,,22.70981741502917,0.3444791475289364,,4354.4,-184.06846284090122,0.34368985427550186,,4364.4,4354.7,183.37952827792938,182.69138300766656,182.00323773740374,-1.0333899789591516,False,True
2026-06-10,2,-115.25200486633642,0.3507869320174926,,-134.57550453920337,0.3548867911136348,,4226.7,-183.45141777777172,0.35972085661526665,,4169.9,4276.1,68.1994129114353,67.48890512280254,66.77839733416978,-115.60279179835392,False,True
2026-06-11,3,51.88742594704357,0.36635404454865184,,-36.26940674938318,0.3644669064048985,,4115.6,318.9347312523539,0.3657733668219172,,4100.9,4094.4,-267.0473053053104,-267.77943271668096,-268.5115601280515,51.52107190249492,False,True
2026-06-12,4,-69.90301322149838,0.3541996269097264,,52.8857077909378,0.3566757817144216,,4205.5,28.342681766397746,0.354786064003406,,4227.9,4234.9,-98.24569498789613,-98.95468067880927,-99.66366636972239,-70.25721284840812,False,True
2026-06-15,0,92.12805197418149,0.3496992586375718,,63.09169193264756,0.34648433890788144,,4329.2,-58.93474399629495,0.3443051921222972,,4356.6,4289.4,151.06279597047643,150.36879151971655,149.6747870689567,91.77835271554392,False,True
2026-06-16,1,31.58030816366515,0.34631634844042214,,37.44333324268556,0.34521645071459806,,4345.1,-19.736999499159953,0.3439104915627293,,4361.6,4331.3,51.3173076628251,50.627080822821945,49.936853982818796,31.23399181522473,False,True
2026-06-17,2,-3.2169857121586602,0.3446216054771861,,-19.554396191461223,0.3447404104709154,,4351.1,-154.3115164666244,0.3453992815694944,,4342.8,4352.6,151.09453075446572,150.40450986741905,149.71448898037235,-3.5616073176358465,False,True
2026-06-18,3,119.74520240626944,0.3508689855208066,,-153.2579199248719,0.3467085798816569,,4326.4,-76.81108402435699,0.3520713531275672,,4260.5,4275.1,196.55628643062641,195.85334609197804,195.15040575332966,119.39433342074864,False,True
2026-06-19,4,-156.97338933252632,0.3545093590470789,,11.997601919040951,0.36014405762304924,,4165.0,,,missing bar,,4231.2,,,,-157.3278986915734,True,False
2026-06-22,0,122.92351026297646,0.3602391988280219,,22.034529664349137,0.35578747628083496,,4216.0,-38.408696276665914,0.35495397430133235,,4225.9,4163.9,161.33220653964239,160.61701336651302,159.90182019338368,122.56327106414844,False,True
2026-06-23,1,-187.94301401879503,0.35622684525505843,,22.241034189341708,0.3630291149350179,,4131.9,-29.020576594770226,0.36223134508572813,,4141.0,4210.8,-158.9224374240248,-159.64089561436558,-160.35935380470636,-188.2992408640501,False,True
2026-06-24,2,-63.39665873075297,0.3631961259079904,,-99.66900594967977,0.365505982114574,,4103.9,-116.34082558228944,0.3691489885317714,,4063.4,4130.0,52.94416685153647,52.21182173709671,51.47947662265695,-63.75985485666096,False,True
2026-06-25,3,-65.6542168858097,0.37322717093804436,,7.010691591383371,0.3757044458359424,,3992.5,114.96953811540304,0.3754317465084848,,3995.4,4019.0,-180.62375500121274,-181.37241391865928,-182.1210728361058,-66.02744405674775,False,True
2026-06-26,4,6.9207576048230495,0.3708831965186431,,32.55725054192413,0.37057166856069973,,4047.8,102.64540582335958,0.36935805569919483,,4061.1,4044.4,-95.72464821853653,-96.46488947075437,-97.2051307229722,6.549874408304406,False,True
2026-06-29,0,-58.938065720268135,0.3657555290044135,,-59.526913611458376,0.3678724708767628,,4077.5,-56.902677041062255,0.3700505735783891,,4053.5,4101.1,-2.03538867920588,-2.771194781788683,-3.5070008843714855,-59.303821249272545,False,True
2026-06-30,1,27.24122536512907,0.3719776813391197,,9.392921394565484,0.37094739965872847,,4043.7,-64.93368375334404,0.3705533596837945,,4048.0,4032.5,92.17490911847311,91.4323780774502,90.68984703642728,26.869247683789947,False,True
2026-07-01,2,-99.87598628348306,0.3726708074534162,,146.96988916046706,0.3764115432873275,,3985.0,0.24724629440917276,0.3708740264556806,,4044.5,4025.0,-100.12323257789222,-100.86677741180132,-101.61032224571042,-100.24865709093648,False,True
2026-07-02,3,90.96112081114819,0.3704435444038329,,-20.824408823984665,0.367107195301028,,4086.0,141.73235502549724,0.36789051578250315,,4077.3,4049.2,-50.77123421434905,-51.50956827453539,-52.24790233472172,90.59067726674436,False,True
2026-07-03,4,115.56933569439484,0.36249395843402615,,16.946122558854203,0.3583201949261861,,4186.2,,,missing bar,,4138.0,,,,115.20684173596081,False,False
2026-07-06,0,-61.32196378532427,0.35820895522388063,,12.966121825200194,0.36040365209034125,,4162.0,21.333469265316765,0.3599366511493978,,4167.4,4187.5,-82.65543305064104,-83.37357865701432,-84.09172426338759,-61.68017274054815,False,True
2026-07-07,1,-83.43299861884365,0.3591609999042238,,64.25628269608862,0.36215263526400937,,4141.9,-125.52668082670151,0.3598330374706137,,4168.6,4176.4,42.09368220785785,41.37468817048301,40.65569413310818,-83.79215961874787,False,True
2026-07-08,2,66.743770614665,0.36527456471447706,,-151.34264761321475,0.3628095975232199,,4134.4,36.03607503298618,0.3683783982907243,,4071.9,4106.5,30.707695581678813,29.974042618673614,29.24038965566841,66.37849604995051,False,True
2026-07-09,3,73.3675429743069,0.36696349936393,,3.399708629149342,0.36431642095548056,,4117.3,33.69169257835407,0.3641925850389687,,4118.7,4087.6,39.67585039595283,38.944694311549924,38.21353822714703,73.00057947494297,False,True
2026-07-10,4,-35.8527515831072,0.3627218648740147,,-22.59668328752007,0.36405116132320464,,4120.3,42.47424562023854,0.36483922751374237,,4111.4,4135.4,-78.32699720334574,-79.0545582957335,-79.78211938812126,-36.21547344798121,False,True
2026-07-13,0,-106.73818533671616,0.36526566989723863,,1.47648694807611,0.3691489885317714,,4063.4,-137.00711044672047,0.36909448818897644,,4064.0,4106.6,30.268925110004318,29.534564951918103,28.800204793831888,-107.1034510066134,False,True
2026-07-14,1,60.973522403177995,0.3744476896577548,,18.590360677703085,0.37215302932565875,,4030.6,48.908308142371745,0.3714250340472949,,4038.5,4005.9,12.06521426080625,11.3193415371012,10.57346881339615,60.59907471352024,False,True
2026-07-15,2,-53.841914258847304,0.3694763288831962,,15.58885341733597,0.37145262740825125,,4038.2,54.24210148279981,0.37083735073796636,,4044.9,4059.8,-108.08401574164711,-108.82432942126827,-109.56464310088943,-54.2113905877305,False,True
2026-07-16,3,-81.68145404995056,0.3686500036865001,,21.040392924929836,0.37169194171870357,,4035.6,-160.76514882555185,0.3708831965186431,,4044.4,4068.9,79.08369477560129,78.34416157539614,77.604628375191,-82.05010405363706,False,True
2026-07-17,4,57.62116353618297,0.37687495289063094,,-12.998377033246348,0.3747096000599536,,4003.1,61.83633128145945,0.3751688259716873,,3998.2,3980.1,-4.2151677452764815,-4.9672115241388,-5.719255303001118,57.24428858329234,False,True
2026-07-20,0,6.488807035928695,0.37447573397243866,,55.980739589548214,0.3742514970059881,,4008.0,-45.263575501314655,0.3722084367245658,,4030.0,4005.6,51.75238253724335,51.00569836654635,50.25901419584934,6.114331301956256,False,True
2026-07-21,1,171.93249967158482,0.37374794438630593,,-55.74739077996734,0.36734993755051065,,4083.3,53.299400374765945,0.36941263391207985,,4060.5,4013.4,118.63309929681887,117.88993871852048,117.1467781402221,171.5587517271985,False,True
2026-07-22,2,88.47566154004444,0.36722403114059793,,16.00349508647814,0.36400698893418754,,4120.8,18.154316635085262,0.3634161114476076,,4127.5,4084.7,70.32134490495918,69.59070476237098,68.86006461978276,88.10843750890385,False,True
2026-07-23,3,-10.669771612172232,0.3635482307319438,,-78.92662345362183,0.3639628272632422,,4121.3,-88.69074314648945,0.3668916935720576,,4088.4,4126.0,78.02097153431723,77.29053161001322,76.56009168570922,-11.033319842904175,False,True
2026-07-24,4,-37.07461178373518,0.3700597029654118,,54.331853499611235,0.37145262740825125,,4038.2,-12.074468896715677,0.36940353642318874,,4060.6,4053.4,-25.0001428870195,-25.739606126408102,-26.4790693657967,-37.44467148670059,False,True
2026-07-27,0,2.1962200700764405,0.3660768761439903,,-5.613795439165063,0.36601434776243236,,4098.2,-42.815092255786986,0.3662019970215571,,4096.1,4097.5,45.01131232586343,44.27903345269788,43.54675457953233,1.8301431939324502,False,True
2026-07-28,1,-84.3617040087583,0.3673769287288759,,-50.767187204172146,0.37052589976039324,,4048.3,3.7238862907211026,0.37245797432523037,,4027.3,4083.0,-88.08559029947939,-88.8254252025335,-89.56526010558761,-84.72908093748717,False,True
2026-07-29,2,46.89427626729599,0.3730508095202567,,-21.55840807212412,0.37129631921582223,,4039.9,82.494046169404,0.3720145829716526,,4032.1,4020.9,-35.59976990210801,-36.34483529459992,-37.08990068709183,46.521225457775735,False,True
2026-07-30,3,-55.81088226172802,0.3693944393823726,,81.78594142107798,0.37102997922232117,,4042.8,67.05521674849624,0.36832412523020264,,4072.5,4060.7,-122.86609901022425,-123.60381757483682,-124.3415361394494,-56.180276701110394,False,True
2026-07-31,4,,,missing bar,-60.64299967511365,0.3627569528415962,,4135.0,-28.50566561314048,0.36493686592219554,,4110.3,,,,,,False,False
2026-08-03,0,-39.49557477772783,0.3627394080092862,,-0.242780320239828,0.36416605972323385,,4119.0,-19.68432815815893,0.36416605972323385,,4119.0,4135.2,-19.8112466195689,-20.538152087301423,-21.26505755503394,-39.858314185737115,False,True
2026-08-04,1,23.575458427577082,0.3649990266692622,,30.539555463124714,0.3641218594489623,,4119.5,4.596866953261998,0.36299397430002667,,4132.3,4109.6,18.978591474315085,18.250598473345796,17.522605472376508,23.21045940090782,False,True
2026-08-05,2,246.8199217521932,0.3628622574870579,,27.813151385435095,0.35404914202091253,,4236.7,139.07779832683147,0.3530657879251501,,4248.5,4133.8,107.74212342536174,107.02619537994954,106.31026733453733,246.45705949470616,False,True
2026-08-06,3,17.861911333550516,0.34827025771999076,,18.292758623524847,0.34764873571743116,,4314.7,-54.51880478259616,0.34704548609504426,,4322.2,4307.0,72.38071611614669,71.68540037233166,70.99008462851661,17.513641075830524,False,True
2026-08-07,4,134.03477531312376,0.34897517623246405,,56.31238413002213,0.34433680730912275,,4356.2,47.142505236129416,0.3424188467333242,,4380.6,4298.3,86.89227007699435,86.20087605402857,85.50948203106277,133.6858001368913,False,True
2026-08-10,0,40.37293696373765,0.340909090909091,,-54.24619223926933,0.3395355154149124,,4417.8,123.94983624550773,0.341390140652738,,4393.8,4400.0,-83.57689928177007,-84.2591985133319,-84.94149774489372,40.03202787282856,False,True
2026-08-11,1,-48.69151433810482,0.33731363421709515,,47.118322381974565,0.3389677302720781,,4425.2,-41.469520777664286,0.3373667401376457,,4446.2,4446.9,-7.221993560440531,-7.896673934795271,-8.571354309150014,-49.02882797232191,False,True
2026-08-12,2,74.66413492137166,0.3386004514672687,,21.039916439429838,0.3360967958772127,,4463.0,-7.605073397614076,0.3353903944191039,,4472.4,4430.0,82.26920831898573,81.59521747309935,80.92122662721299,74.32553446990438,False,True
2026-08-13,3,-69.61158058596119,0.33566058002148236,,15.537219261822289,0.33802816901408456,,4437.5,-84.50499924049667,0.3374957813027338,,4444.5,4468.8,14.89341865453548,14.220262293211265,13.547105931887048,-69.94724116598267,False,True
2026-08-14,4,-37.72817493709342,0.3402749421532599,,78.02970226529337,0.3415767181308923,,4391.4,14.676830181882154,0.3389447520054232,,4425.5,4408.2,-52.40500511897557,-53.084224813134256,-53.76344450729294,-38.06844987924668,False,True
2026-08-17,0,43.374265971478344,0.3378378378378379,,-12.566762571196868,0.3363982955819691,,4459.0,44.811977030636726,0.3368439963171724,,4453.1,4440.0,-1.4377110591583815,-2.112392893313392,-2.787074727468402,43.036428133640506,False,True
2026-08-18,1,-43.237255821098614,0.33531542003844955,,-4.491051655213217,0.33675324966885933,,4454.3,-142.72869837879543,0.33688182185689264,,4452.6,4473.4,99.49144255769681,98.81924531580147,98.14704807390613,-43.57257124113706,False,True
2026-08-19,2,25.926193140003054,0.3415767181308923,,36.95353279656609,0.34069228672662855,,4402.8,357.80004392496215,0.3393895513270132,,4419.7,4391.4,-331.8738507849591,-332.554817054417,-333.2357833238749,25.584616421872163,False,True
2026-08-20,3,-63.95956442669135,0.3275109170305677,,-60.61492930043859,0.3296268623917725,,4550.6,113.86740457343218,0.331616297835651,,4523.3,4580.0,-177.82696900012354,-178.48609621498974,-179.14522342985597,-64.28707534372192,False,True
2026-08-21,4,88.96294630496322,0.327725584443959,,78.94607556033877,0.3248300056303868,,4617.8,14.812750258474386,0.3222549251294391,,4654.7,4577.0,74.15019604648884,73.50021553691545,72.85023502734205,88.63522072051927,False,True
2026-08-24,0,71.00167353061717,0.3209654641160612,,18.256315173117642,0.3187149413564509,,4706.4,-11.034249729667598,0.31812012215812696,,4715.2,4673.4,82.03592326028476,81.39683767401058,80.75775208773638,70.68070806650111,False,True
2026-08-25,1,-32.962272127984406,0.3184645761236492,,7.239125659464074,0.3194888178913739,,4695.0,36.53903328116338,0.3192372358311874,,4698.7,4710.1,-69.50130540914779,-70.13900722110262,-70.77670903305746,-33.28073670410806,False,True
2026-08-26,2,-53.36861374825002,0.318086392264139,,-21.982956061635115,0.31978851319660595,,4690.6,-70.3231747625727,0.32047173439302656,,4680.6,4715.7,16.954561014322685,16.31600288766552,15.677444761008354,-53.68670014051416,False,True
2026-08-27,3,9.243038823206657,0.3225806451612904,,-4.298025123650767,0.3222826203725588,,4654.3,6.017105953668823,0.3224419604471196,,4652.0,4650.0,3.225932869537834,2.580910263929424,1.9358876583210138,8.920458178045367,False,True
2026-08-28,4,20.382992628030177,0.3221649484536083,,-42.53040456615364,0.3215158400137181,,4665.4,-309.3244199810684,0.3228861718615464,,4645.6,4656.0,329.7074126090986,329.0623614887834,328.4173103684683,20.06082767957657,False,True
2026-08-31,0,13.81985374757147,0.33458244111349045,,37.79714129184668,0.3341352579524192,,4489.2,-19.54817691604372,0.3328820931626018,,4506.1,4483.2,33.36803066361519,32.700566129339094,32.033101595063,13.48527130645798,False,True
2026-09-01,1,-46.11947974388679,0.33342965745659864,,-124.03259783420135,0.33496348897970124,,4478.1,-107.51691875246875,0.339136332805788,,4423.0,4498.7,61.39743900858196,60.72487301831958,60.052307028057186,-46.45290940134339,False,True
2026-09-02,2,-20.353331593193406,0.34268482134697986,,25.605866756967217,0.3433751487958979,,4368.4,124.35205282993141,0.34250485215207216,,4379.5,4377.2,-144.70538442312483,-145.39057409662388,-146.07576377012293,-20.696016414540384,False,True
2026-09-03,3,67.3947826556425,0.33811198268866655,,54.04090774011804,0.335871025526198,,4466.0,67.25661568890219,0.334075723830735,,4490.0,4436.4,0.13816696674031448,-0.534020739779087,-1.2062084462984886,67.05667067295383,False,True
2026-09-04,4,-27.68091232152287,0.33171163202122955,,8.42347983838331,0.33264586521189543,,4509.3,-80.30742231398577,0.3323510513371591,,4513.3,4522.0,52.6265099924629,51.96244730910451,51.298384625746124,-28.0126239535441,False,True
2026-09-07,0,-62.886226335197236,0.33583342662039634,,-19.843960870744148,0.33791394458211316,,4439.0,,,missing bar,,4466.5,,,,-63.22205976181763,False,False
2026-09-08,1,-7.415814000684003,0.3369574984275317,,5.16882982461252,0.3371847322753226,,4448.6,-115.01781995738496,0.3370104922599924,,4450.9,4451.6,107.60200595670095,106.92803796601342,106.2540699753259,-7.752771499111535,False,True
2026-09-09,2,103.35132758072461,0.34098658786087754,,16.187053894164688,0.3375033750337504,,4444.4,-9.664333744662022,0.3369650679546221,,4451.5,4399.0,113.01566132538663,112.33770966957113,111.65975801375563,103.01034099286373,False,True
2026-09-10,3,47.77239861633387,0.3372302158273382,,-117.71859045861385,0.33564555829044534,,4469.0,-132.8749051820411,0.33961238905995295,,4416.8,4448.0,180.64730379837496,179.97046119348767,179.2936185886004,47.43516840050653,False,True
2026-09-11,4,80.87590632313892,0.34408404826352257,,-43.789697305550185,0.3413590642210187,,4394.2,33.541381998436144,0.342833634265079,,4375.3,4359.4,47.33452432470278,46.647606642174175,45.96068895964557,80.5318222748754,False,True
2026-09-14,0,-28.612322810322347,0.3428571428571429,,-81.71014354277577,0.3438474234366405,,4362.4,29.767764363595873,0.34665249243142066,,4327.1,4375.0,-58.38008717391822,-59.06959680920678,-59.759106444495345,-28.95517995317949,False,True
2026-09-15,1,-15.448647857416253,0.34559823053705974,,-21.021271557834513,0.34614053305642095,,4333.5,20.790508539904963,0.3468689297937287,,4324.4,4340.3,-36.23915639732122,-36.931623557652,-37.624090717982796,-15.794246087953313,False,True
2026-09-16,2,91.19476985930072,0.34614053305642095,,23.07122261443539,0.34303748256226135,,4372.7,-184.91540445543814,0.3422469654102401,,4382.8,4333.5,276.11017431473886,275.4217868162722,274.73339931780555,90.84862932624429,False,True
2026-09-17,3,111.20344860713982,0.3487236713628122,,92.9132253433013,0.34487515519381995,,4349.4,-21.435257791218323,0.3416856492027336,,4390.0,4301.4,132.63870639835815,131.9482970777926,131.25788775722705,110.854724935777,False,True
2026-09-18,4,117.75385350550131,0.34234069746211426,,-28.009957323458288,0.33835604078318154,,4433.2,-11.316314805311706,0.33929742812549485,,4420.9,4381.6,129.07016831081302,128.38853018522542,127.7068920596378,117.41151280803919,False,True
2026-09-21,0,-50.43287456385728,0.33990482664853844,,37.73589383639488,0.3416311749834879,,4390.7,-59.39867943781487,0.34035987383994015,,4407.1,4413.0,8.965804873957588,8.285540173469109,7.6052754729806304,-50.77277939050582,False,True
2026-09-22,1,-62.94727508786344,0.3422703936109527,,12.852587204521043,0.34448705876949226,,4354.3,82.22603543328009,0.3440209164717215,,4360.2,4382.5,-145.17331052114352,-145.8596018312262,-146.54589314130888,-63.28954548147439,False,True
2026-09-23,2,-59.79568665684591,0.3413202266366306,,-49.34541404511289,0.3434223178716974,,4367.8,-54.677092303151525,0.3451131971286583,,4346.4,4394.7,-5.118594353694384,-5.805027777459673,-6.491461201224961,-60.13700688348254,False,True
2026-09-24,3,-30.339196703053208,0.3468689297937287,,-25.082460082140294,0.3479309704954538,,4311.2,22.995724568546418,0.3488209850704619,,4300.2,4324.4,-53.334921271599626,-54.030611186463815,-54.726301101328005,-30.686065632846937,False,True
2026-09-25,4,3.480076596807506,0.3480682213713888,,64.05016405004925,0.3479551833723817,,4310.9,-42.95817036297214,0.3456938074715955,,4339.1,4309.5,46.43824695977965,45.74448493093666,45.05072290209368,3.132008375436117,True,True
2026-09-28,0,-277.98822367033836,0.3476245654692932,,-37.00392166317275,0.35744072441320157,,4196.5,-77.79711243158913,0.358774426558875,,4180.9,4315.0,-200.19111123874922,-200.89751023077739,-201.60390922280556,-278.33584823580765,False,True
2026-09-29,1,51.911962573748355,0.36143707380545054,,33.0238646061495,0.3595484072005562,,4171.9,70.23420335844763,0.3583801218492415,,4185.5,4150.1,-18.322240784699275,-19.042057980353967,-19.761875176008658,51.55052549994291,False,True
2026-09-30,2,15.168036277757244,0.355770599117689,,-10.188487891028768,0.3552313740349548,,4222.6,-68.51460131301334,0.35562720785224883,,4217.9,4216.2,83.68263759077058,82.97123978380064,82.2598419768307,14.812265678639555,False,True
