category,strategy,horizon,n,event_gross,placebo_gross,gap,t_gap,event_net,t_event_net,event_net_2x_cost,placebo_net
debt_issuance,long_call,1,243,0.001004856917256424,2.84742588459437e-05,0.0009763826584104802,1.2970830656455148,-0.005352011929496707,-9.938107904797974,-0.011708880776249831,-0.006429177141123846
debt_issuance,long_call,2,242,0.0010901129878074908,0.0010827004102222206,7.412577585270237e-06,0.005833759084585965,-0.005274185720815349,-5.782832880921981,-0.011638484429438184,-0.005366239609368274
debt_issuance,long_call,3,242,0.0009053943543378767,-2.900397005777513e-05,0.0009343983243956517,0.6023905165030841,-0.00544416066574987,-4.766524568231667,-0.011793715685837616,-0.006486270318067325
debt_issuance,long_call,5,241,0.0008940469852716162,0.0024105207072024617,-0.0015164737219308456,-0.7242907811537479,-0.005447399176822544,-3.633924131155556,-0.01178884533891671,-0.004049852174361781
debt_issuance,long_call,10,242,0.0033315215686148475,0.004297614814486669,-0.0009660932458718215,-0.3162361956246977,-0.0030212675740959676,-1.3921212255169737,-0.009374056716806781,-0.0021473735696853347
debt_issuance,long_call,21,242,0.003838870724001108,0.009251336531429408,-0.0054124658074282996,-1.2587486176764375,-0.0024674250344716656,-0.8663914427066995,-0.00877372079294444,0.00280455175346304
debt_issuance,long_call,42,240,0.008697604757947387,0.016467288048831366,-0.0077696832908839795,-1.1732672466256755,0.0023695952977167757,0.5377325624674649,-0.0039584141625138404,0.01000066481592734
debt_issuance,long_call,63,232,0.018916451693099842,0.015253971015544621,0.003662480677555221,0.41543215134900596,0.012606102996586136,1.8234566202786602,0.006295754300072448,0.008803846160995414
debt_issuance,long_call,exp,238,0.02544165163171173,0.021848867991886137,0.003592783639825594,0.33013701942911877,0.01912735585533314,2.4582901979668765,0.012813060078954547,0.015416051993898476
debt_issuance,covered_call,1,239,0.0014876300609776947,-7.04088008294627e-05,0.0015580388618071574,1.7117939205705668,-0.0021951364715908778,-3.212914018004679,-0.005877903004159447,-0.003884337518256246
debt_issuance,covered_call,2,237,0.0013419484964462788,0.0006960204331578093,0.0006459280632884694,0.4089653029362599,-0.0023540741829944935,-1.942670488988674,-0.0060500968624352695,-0.0030956361862129332
debt_issuance,covered_call,3,233,0.0007112413039761834,0.0002240621336417741,0.00048717917033440925,0.2295001282570725,-0.0029845364698231833,-1.7331881255653068,-0.006680314243622551,-0.0035669884984328875
debt_issuance,covered_call,5,234,0.0005168534370843522,0.002349231434974133,-0.0018323779978897808,-0.6478387733940174,-0.0031741662117950485,-1.4577444420010508,-0.006865185860674446,-0.0014642279673914844
debt_issuance,covered_call,10,232,0.004012443547399053,0.004880678697709431,-0.000868235150310378,-0.21880102354785502,0.000331154776076885,0.10184250962664573,-0.0033501339952452867,0.0010860031284625545
debt_issuance,covered_call,21,230,0.009695101879612244,0.011775499339430746,-0.002080397459818502,-0.44258637128558753,0.006040716567525483,1.7061557579535005,0.002386331255438722,0.007974212766612615
debt_issuance,covered_call,42,224,0.022045718589140856,0.0191282885817553,0.002917430007385556,0.4302286050196916,0.01834575393415441,3.582900625173196,0.014645789279167949,0.01531454961712061
debt_issuance,covered_call,63,219,0.03560304561340846,0.03389869697235386,0.0017043486410545997,0.20723820516860453,0.0319464470993616,4.974478917439102,0.028289848585314765,0.03006715080106012
debt_issuance,covered_call,exp,222,0.04471721140079772,0.04369038574685056,0.0010268256539471624,0.1294185788853468,0.0411021598299095,7.602335247929601,0.037487108259021316,0.03995281842259259
debt_issuance,protective_put,1,236,0.0014524681860429232,5.500525818490142e-05,0.0013974629278580217,1.4308588487802716,-0.001891161626485868,-2.8047649701785247,-0.0052347914390146605,-0.003278721960460869
debt_issuance,protective_put,2,232,0.0019320471826681335,0.0012045902128223255,0.0007274569698458081,0.42529472295869647,-0.0014241121944527204,-1.1365120075733997,-0.004780271571573577,-0.0021211749800483237
debt_issuance,protective_put,3,230,0.0017878098618176275,0.00018147094234798763,0.0016063389194696399,0.8013320705983201,-0.0015888501654049087,-1.0602045191205587,-0.004965510192627448,-0.003157150008450413
debt_issuance,protective_put,5,228,0.0025759586428775495,0.0033292197516355537,-0.0007532611087580042,-0.2774792570685449,-0.0008050361266419668,-0.42127331205213336,-0.004186030896161486,-7.633025236256154e-06
debt_issuance,protective_put,10,230,0.0060201022625925495,0.006954303358532239,-0.0009342010959396893,-0.23420609846757534,0.0026875070186182714,0.9467127524972434,-0.0006450882253560091,0.0036528668310167036
debt_issuance,protective_put,21,229,0.00927078389013557,0.01432659508732593,-0.00505581119719036,-0.9226257690799223,0.00592147632854103,1.6287621340776288,0.002572168766946491,0.010980007901353034
debt_issuance,protective_put,42,218,0.019351966497032767,0.025217369390220765,-0.005865402893187998,-0.6836495992380738,0.015988433227252633,2.6585882402841943,0.012624899957472476,0.021876544604728286
debt_issuance,protective_put,63,211,0.03132961021634484,0.03012200837169464,0.0012076018446501996,0.11398959462521133,0.027964578794839778,3.432376234509503,0.02459954737333473,0.02671056134223313
debt_issuance,protective_put,exp,201,0.03232309493834208,0.028414209650873556,0.0039088852874685255,0.31567864968701853,0.028901040068611234,3.253610505967975,0.025478985198880387,0.025067490868397956
debt_issuance,collar,1,235,0.0008459790168990478,-0.00019197570933712283,0.0010379547262361706,1.7798933915524502,-0.005972747598491359,-13.49159168919363,-0.01279147421388177,-0.007158662038889674
debt_issuance,collar,2,231,0.0010212958757356628,0.0006023697800219559,0.00041892609571370684,0.4451011035187563,-0.005833132799954398,-8.264955135198665,-0.012687561475644472,-0.006325248928791429
debt_issuance,collar,3,228,0.0009109341974656292,0.00010546657289656451,0.0008054676245690647,0.7544070860977425,-0.005982498454433491,-7.4204288663416476,-0.01287593110633261,-0.006836077138630679
debt_issuance,collar,5,227,0.0012493080668718667,0.0017708771887414998,-0.000521569121869633,-0.3654745719795394,-0.005647618241337112,-5.5181515442571,-0.012544544549546083,-0.005197398032232253
debt_issuance,collar,10,228,0.00316261884046878,0.003118724536946725,4.389430352205476e-05,0.022450711380036445,-0.0036693791545544625,-2.5159902776443053,-0.010501377149577704,-0.0037715131240602853
debt_issuance,collar,21,226,0.005899316387045038,0.0072813532273070854,-0.0013820368402620471,-0.545167579767952,-0.0009059921236828037,-0.50540252102688,-0.0077113006344106455,0.0003159031604308206
debt_issuance,collar,42,216,0.012364101015624672,0.011319367794257858,0.0010447332213668146,0.2657182017496527,0.005493104137108581,1.8874393635870854,-0.0013778927414075104,0.004352177677714064
debt_issuance,collar,63,208,0.01947420387850866,0.021471974828750736,-0.0019977709502420754,-0.3940805396092017,0.012619588752284028,3.173462180707498,0.005764973626059385,0.014422499215337009
debt_issuance,collar,exp,200,0.019254344627303153,0.022143179877624035,-0.0028888352503208814,-0.4862885284123144,0.012350713631537122,2.8055906176056102,0.00544708263577109,0.015201096873820942
debt_issuance,cash_secured_put,1,238,0.0007575543600907036,0.00018646334800279256,0.000571091012087911,1.1380118794684697,-0.0023863123906372546,-6.194790435904243,-0.005530179141365214,-0.0029450625308558302
debt_issuance,cash_secured_put,2,237,0.00029516549839080775,-1.5762052846156486e-05,0.00031092755123696424,0.3725617674633488,-0.002854562850430019,-4.413961603030301,-0.006004291199250848,-0.0031390283580917996
debt_issuance,cash_secured_put,3,237,-0.00030925421917382873,0.00010238427848012091,-0.00041163849765394966,-0.35039807086320995,-0.003465635712314672,-3.5977463913895495,-0.006622017205455516,-0.003023781247882429
debt_issuance,cash_secured_put,5,235,-0.0008783542919085402,0.00047789243221216195,-0.0013562467241207022,-0.8176055859644957,-0.00403876882409427,-2.9536329035163242,-0.007199183356279999,-0.002662114978561724
debt_issuance,cash_secured_put,10,238,0.000468680314728376,0.0013828236716290165,-0.0009141433569006406,-0.3774130731609457,-0.0026738524070211082,-1.245922335090593,-0.005816385128770588,-0.0017334114289290646
debt_issuance,cash_secured_put,21,238,0.0033554330943667628,0.004362592848570988,-0.0010071597542042252,-0.40663991988079873,0.00020253655510884354,0.10250098704081946,-0.0029503599841490787,0.0012345120621530116
debt_issuance,cash_secured_put,42,233,0.008326945381429102,0.006887183310746539,0.0014397620706825638,0.41388870908679365,0.00517242688284646,1.9256803661798563,0.0020179083842638227,0.003761853620176441
debt_issuance,cash_secured_put,63,223,0.01325242870642469,0.009735693137650152,0.003516735568774538,0.9084475936033504,0.010070585690925043,3.6770185267929225,0.0068887426754253986,0.006556007248747194
debt_issuance,cash_secured_put,exp,216,0.02131453829582271,0.014911710313757827,0.006402827982064884,1.6760151593044241,0.01810125485699013,7.593201973979715,0.014887971418157538,0.011776407259473341
executive_compensation_change,long_call,1,151,0.0008514554216221824,0.0008939860835393142,-4.2530661917131824e-05,-0.03775348130165528,-0.006450850539954653,-6.107167390588844,-0.013753156501531489,-0.006445802920178112
executive_compensation_change,long_call,2,151,0.0027525938693762184,0.002025988513373659,0.0007266053560025594,0.4600525913349209,-0.004549712092200616,-3.2815263706345235,-0.011852018053777447,-0.005303350026245459
executive_compensation_change,long_call,3,149,0.0021269078089746394,0.0019821235154878804,0.000144784293486759,0.06538694446565577,-0.005171812369114203,-2.596210815159983,-0.012470532547203043,-0.005355422809471742
executive_compensation_change,long_call,5,151,0.0011044790875767878,0.0031593045401701043,-0.0020548254525933167,-0.6990300358958987,-0.006188131384704567,-2.508290731292531,-0.013480741856985924,-0.0041809127960185325
executive_compensation_change,long_call,10,149,0.0031424029054777257,0.004775679775892425,-0.001633276870414699,-0.4358778734006893,-0.004077992648667606,-1.3436603753375078,-0.01129838820281294,-0.0025405580880964607
executive_compensation_change,long_call,21,150,0.0028031735756617856,0.009324877520832909,-0.006521703945171123,-1.1085047312357394,-0.00447839668255025,-0.9322633916121771,-0.011759966940762282,0.0019893318285534446
executive_compensation_change,long_call,42,150,0.0063458442150403065,0.01357663818146388,-0.007230793966423574,-0.9132083544664278,-0.0009205355820545987,-0.14122694259215932,-0.0081869153791495,0.006229262191623572
executive_compensation_change,long_call,63,144,0.009198092057933892,0.013994496297568144,-0.004796404239634252,-0.4851557210379393,0.001926531239247519,0.2424427943698785,-0.005345029579438857,0.006639497547284238
executive_compensation_change,long_call,exp,141,0.005029697859590055,0.013876003966684054,-0.008846306107093999,-0.7723851127071293,-0.0021961005167620983,-0.24309677420253306,-0.00942189889311425,0.006560731116223079
executive_compensation_change,covered_call,1,151,0.001024813517287116,0.0011001787553024626,-7.536523801534656e-05,-0.06211604730109329,-0.003540762819867186,-3.1466322216041043,-0.00810633915702149,-0.0035015442517748207
executive_compensation_change,covered_call,2,147,0.0032417771888393495,0.0023590435988265143,0.0008827335900128352,0.45792402742313504,-0.0013732964798797982,-0.7793732729900398,-0.005988370148598944,-0.0022226602047087725
executive_compensation_change,covered_call,3,145,0.0027317867191157127,0.002929164222655803,-0.00019737750354009015,-0.07016217456904593,-0.0018438175036680031,-0.695877395262751,-0.00641942172645172,-0.0016489031796725739
executive_compensation_change,covered_call,5,150,0.002225690706047379,0.003598024368672354,-0.0013723336626249747,-0.38668031859550445,-0.0023107949062416444,-0.7057329188524494,-0.006847280518530666,-0.0009878735250089038
executive_compensation_change,covered_call,10,146,0.006419507336962605,0.004928298963809133,0.0014912083731534716,0.36716355324160055,0.001912186574875096,0.540799525622743,-0.0025951341872124133,0.00034862845454569077
executive_compensation_change,covered_call,21,145,0.007160011453140615,0.011285882625215437,-0.004125871172074822,-0.6139414731861031,0.0026300479224062134,0.425333997331806,-0.0018999156083281878,0.006694028479567031
executive_compensation_change,covered_call,42,147,0.012968572256722507,0.019267611290372865,-0.006299039033650358,-0.6619526444934355,0.008435278379919092,0.9653692740811216,0.003901984503115678,0.014664174050100535
executive_compensation_change,covered_call,63,141,0.026260452799799983,0.027897042927260026,-0.0016365901274600428,-0.16266361934330945,0.02174337640254662,2.4058769453524107,0.017226300005293273,0.023268923450275248
executive_compensation_change,covered_call,exp,132,0.03951553254309145,0.03381301940316501,0.005702513139926445,0.5335567072536934,0.034982139147341794,3.6911157944568194,0.030448745751592152,0.029284170423753874
executive_compensation_change,protective_put,1,147,0.0011672789375192086,0.0014063379182851943,-0.00023905898076598568,-0.16819908908219455,-0.0031170543214666235,-2.4306201086390606,-0.0074013875804524575,-0.0024187084505081485
executive_compensation_change,protective_put,2,144,0.0034535100157915854,0.002758973256387147,0.0006945367594044386,0.32577250517682876,-0.0008591534298889405,-0.45060725174177174,-0.005171816875569466,-0.0010588796587138764
executive_compensation_change,protective_put,3,141,0.0028132607714362714,0.0033850060093925786,-0.0005717452379563072,-0.1905797745718638,-0.0015249123834671537,-0.5524050841606075,-0.005863085538370578,-0.0004097879322209445
executive_compensation_change,protective_put,5,145,0.0009619275421280092,0.00493064315102674,-0.003968715608898731,-1.0664763213012014,-0.003310244723600964,-1.0320126794071793,-0.0075824169893299355,0.0011330600854134972
executive_compensation_change,protective_put,10,140,0.004848004706396604,0.007598111678589811,-0.0027501069721932074,-0.5699152720312629,0.000539816891533264,0.13654753454486726,-0.0037683709233300826,0.0037997483482219343
executive_compensation_change,protective_put,21,141,0.003911381728798909,0.014499674732323562,-0.010588293003524653,-1.4626610142929841,-0.0003993317248774711,-0.06658263907022607,-0.004710045178553859,0.01068563787847601
executive_compensation_change,protective_put,42,143,0.013444784556856887,0.022380826456368904,-0.008936041899512017,-0.9249757262651607,0.009202440490717372,1.1547360119338523,0.004960096424577856,0.018546349081855394
executive_compensation_change,protective_put,63,135,0.018969917386618303,0.025492087240781395,-0.006522169854163092,-0.5310650807855369,0.014690046621152348,1.4553510555164595,0.010410175855686396,0.021637659685802897
executive_compensation_change,protective_put,exp,124,0.015459281359048307,0.016757640823305334,-0.0012983594642570276,-0.0961122451285516,0.011290943501125562,1.003763353575672,0.00712260564320281,0.012934920022581864
executive_compensation_change,collar,1,147,0.000345166655496418,0.0006264404589432905,-0.0002812738034468725,-0.40986069724782914,-0.008327975364176513,-11.02010086793624,-0.017001117383849438,-0.007625366960290511
executive_compensation_change,collar,2,143,0.0015707394553120479,0.0011999310841121634,0.00037080837119988445,0.351044879226403,-0.00718666381303237,-6.878450426556065,-0.015944067081376793,-0.0070219338226280605
executive_compensation_change,collar,3,140,0.0015247028383902623,0.0014375156008337485,8.718723755651381e-05,0.0635920878571179,-0.007223476152533259,-5.424222244360357,-0.01597165514345678,-0.0067278597200410096
executive_compensation_change,collar,5,145,0.0009338449128061475,0.0022890211519629128,-0.0013551762391567652,-0.7890368195314987,-0.0076848144463968066,-4.775603925662015,-0.016303473805599763,-0.005875916359193128
executive_compensation_change,collar,10,140,0.00354621661558664,0.0034483900888740205,9.782652671261934e-05,0.04421753104529137,-0.005070891799885077,-2.5177089178904626,-0.013688000215356792,-0.004741170884789423
executive_compensation_change,collar,21,140,0.004323193098123287,0.007259092878847082,-0.002935899780723795,-0.8893906752256733,-0.004351522949197549,-1.4334832425926685,-0.013026238996518377,-0.0009411357758904736
executive_compensation_change,collar,42,143,0.009679058713302265,0.01137963631040751,-0.0017005775971052454,-0.3852601037713288,0.001120493299850161,0.28149940758164943,-0.007438072113601942,0.0031516133886164074
executive_compensation_change,collar,63,134,0.015248853515628026,0.01530956250299666,-6.0708987368634365e-05,-0.010405232883927654,0.006599737182594207,1.2553139195691654,-0.002049379150439621,0.007016048343293229
executive_compensation_change,collar,exp,122,0.017333235633546155,0.017058700900752816,0.0002745347327933398,0.04174839604270208,0.008791159513533748,1.5135904954849688,0.0002490833935213249,0.008880046585798638
executive_compensation_change,cash_secured_put,1,149,0.0005071922673819008,0.00036926163738047697,0.00013793063000142378,0.16742258663676945,-0.00355795999569118,-4.565563365316718,-0.007623112258764259,-0.003245665797341973
executive_compensation_change,cash_secured_put,2,149,0.0014913230958298206,0.0010620336859232234,0.0004292894099065972,0.36641591755879804,-0.00257382916724326,-2.4481046044562573,-0.00663898143031634,-0.0025475238719295324
executive_compensation_change,cash_secured_put,3,147,0.001015832978249248,0.0015915474419003763,-0.0005757144636511283,-0.3311253879019198,-0.003045296920528578,-1.8465042531126095,-0.007106426819306406,-0.001995617188972345
executive_compensation_change,cash_secured_put,5,147,0.001209653126323981,0.001404241455650441,-0.00019458832932646008,-0.09258006307193527,-0.002826200632776483,-1.4322743169685725,-0.006862054391876949,-0.0021801254444347423
executive_compensation_change,cash_secured_put,10,147,0.002745051905264609,0.001533103368053947,0.001211948537210662,0.5320781062068002,-0.0013194620087456674,-0.6903721069789084,-0.005383975922755942,-0.002054396662969046
executive_compensation_change,cash_secured_put,21,145,0.0009101833129429434,0.003943091320350483,-0.00303290800740754,-0.7633968170386829,-0.0031739493556466143,-0.8751467590097021,-0.007258082024236176,0.00034927614520679476
executive_compensation_change,cash_secured_put,42,145,-0.0007163913751599605,0.006814265712809646,-0.007530657087969607,-1.2170559032572152,-0.004781323023971678,-0.8302133643592972,-0.008846254672783391,0.0032408082232623456
executive_compensation_change,cash_secured_put,63,139,0.007436583711915405,0.010709348599694708,-0.0032727648877793024,-0.5449968472928404,0.0033397052953011356,0.6137788063061317,-0.0007571731213131305,0.007073328496637204
executive_compensation_change,cash_secured_put,exp,133,0.01722356050410918,0.012751761107169409,0.004471799396939771,0.7848670620137487,0.013218701507797834,2.7000488852087923,0.009213842511486485,0.009131454263407576
annual_meeting_results,long_call,1,138,0.0027324401682596003,0.0002712727427651876,0.0024611674254944125,2.1598865794934934,-0.004279703008885056,-4.018363876450533,-0.011291846186029708,-0.0066021556701466476
annual_meeting_results,long_call,2,137,0.0025687006780447516,0.0012372077031757773,0.0013314929748689743,0.8791717925569961,-0.004424063795359363,-3.245225838618155,-0.01141682826876348,-0.005621249154854238
annual_meeting_results,long_call,3,136,0.0012799542938369852,0.0009068357692117497,0.0003731185246252355,0.20207528929989396,-0.005746693758908927,-3.470925960832246,-0.01277334181165484,-0.005961700409647104
annual_meeting_results,long_call,5,137,0.003665895208143098,0.001502290947769823,0.002163604260373275,0.8491711241044594,-0.003355393918326079,-1.4462838363408386,-0.010376683044795255,-0.005370478988413568
annual_meeting_results,long_call,10,132,0.004182832347904796,0.0029391783866591953,0.0012436539612456009,0.36118626623376615,-0.0027990646377877553,-0.9012984640367101,-0.009780961623480303,-0.003919444838072625
annual_meeting_results,long_call,21,133,0.009997428300686685,0.0070011734717236405,0.0029962548289630443,0.4768430249325537,0.0031202144120137266,0.5382160477655582,-0.003756999476659227,0.00013557670700733442
annual_meeting_results,long_call,42,136,0.016090967504892337,0.014032656499638732,0.002058311005253605,0.24199984283719883,0.009068961362813802,1.1690757028066474,0.002046955220735259,0.007151568078720559
annual_meeting_results,long_call,63,126,0.020881420998678363,0.01638657297756071,0.004494848021117652,0.4977089018578084,0.013955399520947872,1.7312812339632164,0.007029378043217389,0.009521235646059749
annual_meeting_results,long_call,exp,132,0.04160726550541931,0.012672910768019997,0.02893435473739931,2.3509819929676525,0.03457691746115744,3.0743967340355955,0.02754656941689557,0.005845154620901759
annual_meeting_results,covered_call,1,136,0.0025757748995387307,0.0002590718334729871,0.0023167030660657434,2.0508611858295156,-0.001661983215880061,-1.567201991298616,-0.005899741331298852,-0.003960276485648221
annual_meeting_results,covered_call,2,135,0.003894272153083342,0.0011754432623423514,0.0027188288907409905,1.794205503288109,-0.00028568812344043114,-0.20995063040711356,-0.004465648399964202,-0.0030248757691304106
annual_meeting_results,covered_call,3,135,0.0029331829493490047,0.001211714674106155,0.0017214682752428496,0.8616599654412966,-0.0012870776589977637,-0.7003870124313483,-0.005507338267344532,-0.003000032509145084
annual_meeting_results,covered_call,5,130,0.006673452033369028,0.0015075187441909287,0.005165933289178099,1.9874840721231717,0.002487336458964198,1.0464535775601156,-0.0016987791154406337,-0.0027197780421838492
annual_meeting_results,covered_call,10,127,0.006531914724528629,0.0047856245010106276,0.0017462902235180012,0.46557959630236684,0.002284196645156574,0.6689684349921651,-0.001963521434215483,0.0005871871826731731
annual_meeting_results,covered_call,21,127,0.015789972867439928,0.010450130375125793,0.005339842492314135,1.111809601736615,0.011634218546542287,2.6891031711315567,0.007478464225644641,0.006241468917358424
annual_meeting_results,covered_call,42,131,0.031738769472356314,0.022814534496822254,0.00892423497553406,1.478908405017598,0.02748486674977336,5.133040859745868,0.023230964027190413,0.01860573559079604
annual_meeting_results,covered_call,63,123,0.042048384359420904,0.030468171620964622,0.011580212738456282,1.748992055325376,0.03789341015682196,6.668192243860916,0.03373843595422304,0.02621605306558445
annual_meeting_results,covered_call,exp,118,0.054743238518486524,0.038982358968954724,0.0157608795495318,2.2568901244445745,0.05075714867056094,8.4856711534688,0.046771058822635346,0.03484916959884938
annual_meeting_results,protective_put,1,133,0.003619419460670444,0.0004275743126377312,0.003191845148032713,2.221699666371347,0.00017868227901123666,0.13744284176535929,-0.0032620549026479697,-0.0032235216552969543
annual_meeting_results,protective_put,2,132,0.004096038982326642,0.0018484036718485828,0.0022476353104780586,1.3136445757406947,0.0006761146261798359,0.44633055583111003,-0.0027438097299669686,-0.0017940256204886113
annual_meeting_results,protective_put,3,130,0.0034300602058361224,0.0017893226770801045,0.0016407375287560179,0.7635456604861821,-1.8901421536177347e-05,-0.009665717057845058,-0.0034678630489084782,-0.0018733235475671562
annual_meeting_results,protective_put,5,124,0.008134347262747336,0.0024216729757920398,0.005712674286955296,1.9053180861313854,0.004656211391003624,1.7251253674666667,0.0011780755192599124,-0.0012312634613248922
annual_meeting_results,protective_put,10,123,0.008809942816549739,0.005641334627406503,0.0031686081891432356,0.7651142315718947,0.005327121014070948,1.4338703297738122,0.001844299211592159,0.0019936511585232314
annual_meeting_results,protective_put,21,124,0.01727309139210036,0.011564856215793473,0.0057082351763068865,0.761448438549359,0.013802901310811688,1.9752902854704506,0.010332711229523025,0.007876897621120595
annual_meeting_results,protective_put,42,124,0.028740815992472774,0.02434660986326003,0.004394206129212742,0.4356676582546547,0.025309132140093834,2.7332998368354087,0.02187744828771492,0.02071994533944876
annual_meeting_results,protective_put,63,115,0.03628890677866975,0.02860274241417217,0.00768616436449758,0.7180913631053507,0.032799713060283765,3.446598050567524,0.0293105193418978,0.024902473318848088
annual_meeting_results,protective_put,exp,110,0.043133002198863964,0.017991313437950834,0.02514168876091313,2.4085475165613923,0.03973044590491132,4.378555511928172,0.03632788961095868,0.014327781241496803
annual_meeting_results,collar,1,132,0.0012305943780032671,7.422576084473924e-05,0.001156368617158528,1.299264305137152,-0.006250223212744739,-6.595420123153297,-0.013731040803492751,-0.007609441552010662
annual_meeting_results,collar,2,131,0.002073309277965716,0.0009022691270093926,0.0011710401509563235,1.3892557601460698,-0.005326991679768591,-6.074383339496373,-0.012727292637502894,-0.006744203215592393
annual_meeting_results,collar,3,130,0.0014464109770516008,0.0011163106235416863,0.00033010035350991454,0.2694386390948339,-0.006045841312016328,-5.044298458369478,-0.013538093601084251,-0.006559964272158825
annual_meeting_results,collar,5,123,0.0038355614495371193,0.0011904444854295773,0.002645116964107542,1.8400202435293176,-0.0036787434022568484,-2.595401136620717,-0.011193048254050816,-0.006480953342539141
annual_meeting_results,collar,10,121,0.003500246626448312,0.0032533325273937323,0.00024691409905457963,0.13744294686208539,-0.003986510286922879,-2.4883157698337124,-0.01147326720029407,-0.004420009749890743
annual_meeting_results,collar,21,122,0.008630582010778102,0.006459552861295785,0.002171029149482317,0.8928222271684721,0.0011999337564489018,0.5711134879464402,-0.006230714497880299,-0.001254919674574256
annual_meeting_results,collar,42,123,0.016020607880274946,0.012598369412653921,0.0034222384676210246,1.0199144066182155,0.008507295324025096,3.0208949709000095,0.0009939827677752492,0.004972737831908989
annual_meeting_results,collar,63,115,0.024546933733723703,0.016629542932181256,0.007917390801542447,1.7391875066797986,0.017074070555434494,4.126480765890491,0.009601207377145286,0.008855959611374194
annual_meeting_results,collar,exp,108,0.03216587971766919,0.01760608016965142,0.014559799548017768,2.8410068030714446,0.02493527434371631,5.347794863854186,0.017704668969763408,0.009954712545191776
annual_meeting_results,cash_secured_put,1,135,0.0014812123160558304,0.00011983716021460166,0.0013613751558412288,2.751371155420128,-0.0017505493917982149,-4.2902153389285935,-0.004982311099652259,-0.0033353101968451554
annual_meeting_results,cash_secured_put,2,135,0.002065139505946854,0.00021984840965272176,0.0018452910962941322,2.0572340476825723,-0.0011666222019071908,-1.540629468289224,-0.0043983839097612365,-0.003226568459882273
annual_meeting_results,cash_secured_put,3,133,0.0017235943461944598,0.00025168175317797807,0.0014719125930164818,1.4941713352055759,-0.0015128493285829522,-1.7482337460124837,-0.004749293003360363,-0.0032070896432520733
annual_meeting_results,cash_secured_put,5,131,0.002924272599406284,0.0001452818658416985,0.0027789907335645857,2.301308477894933,-0.0003215163966237354,-0.31071520156024385,-0.003567305392653755,-0.0033126263317148556
annual_meeting_results,cash_secured_put,10,131,0.0037323925321525266,0.001128774594287684,0.0026036179378648426,1.335720854771842,0.0004699227902571039,0.2741036607127827,-0.0027925469516383206,-0.0023289990087189383
annual_meeting_results,cash_secured_put,21,133,0.007680374655399338,0.0036644858914399257,0.004015888763959413,1.550778135334173,0.0044400149011116895,1.9366624591362518,0.001199655146824044,0.00020180189675928108
annual_meeting_results,cash_secured_put,42,129,0.013840543831755415,0.008467039279334372,0.005373504552421042,1.7082570501148562,0.010618003575195753,3.8767777654542934,0.007395463318636094,0.00502432693808676
annual_meeting_results,cash_secured_put,63,120,0.018456504479723152,0.01050259515535299,0.007953909324370163,2.228777561902409,0.015145711877253836,5.0188724229870205,0.011834919274784519,0.0070346463348910995
annual_meeting_results,cash_secured_put,exp,118,0.02166958154711261,0.01420232491038219,0.007467256636730419,1.7728294362449104,0.01842695142124246,5.0727934422713234,0.015184321295372314,0.010758317108207098
investor_presentation,long_call,1,139,0.002304999504929336,0.0033308891571454265,-0.0010258896522160905,-0.5308311644471466,-0.004898439691912475,-4.232801806402188,-0.012101878888754287,-0.003818659289924913
investor_presentation,long_call,2,139,0.004363312191330673,0.004157180256021262,0.00020613193530941067,0.08044069726898813,-0.0028401270055111397,-1.6816515449378393,-0.010043566202352945,-0.002992368191049077
investor_presentation,long_call,3,138,0.005640693448112481,0.0068221559042333174,-0.0011814624561208367,-0.3586704437648784,-0.001541739357383044,-0.7678010525489826,-0.008724172162878565,-0.00036650093074183594
investor_presentation,long_call,5,137,0.00664720870580467,0.008761498287373926,-0.0021142895815692564,-0.46581692690136917,-0.0005068915722815727,-0.19203174449727747,-0.007660991850367817,0.0016875437421648184
investor_presentation,long_call,10,133,0.007321242904660713,0.014178674610455428,-0.006857431705794715,-1.0322853944436823,7.322315406329359e-05,0.021772004162997946,-0.007174796596534127,0.007070613536834232
investor_presentation,long_call,21,136,0.014187228464179967,0.008607589871186384,0.005579638592993583,0.5547110217570217,0.007007862030864203,0.9625254429697565,-0.00017150440245155911,0.0014761226706647113
investor_presentation,long_call,42,135,0.018679001663295284,0.02587083870559073,-0.0071918370422954445,-0.5017821862345129,0.011503780282272464,1.4052764474021535,0.00432855890124965,0.01873332228813426
investor_presentation,long_call,63,130,0.026734019998153204,0.03859668061311559,-0.011862660614962384,-0.514316591851163,0.01949727004851305,1.363636307990706,0.0122605200988729,0.03143875543105982
investor_presentation,long_call,exp,137,0.04085130985645538,0.06215434709385171,-0.02130303723739633,-0.7048724566150409,0.03361635294480537,2.018011167747358,0.026381396033155324,0.05497098042579967
investor_presentation,covered_call,1,139,0.0019792383881728844,0.0032948590455321052,-0.0013156206573592209,-0.6056251803592549,-0.002619694504193515,-2.380555242690801,-0.007218627396559909,-0.001062848052067037
investor_presentation,covered_call,2,139,0.0035017135906413132,0.0051063250073041955,-0.0016046114166628823,-0.5842204366376418,-0.0010972193017250846,-0.6747791781061511,-0.00569615219409148,0.0007503694097348233
investor_presentation,covered_call,3,136,0.004758005051509369,0.007673485213549437,-0.002915480162040068,-0.8560746656095805,0.0001982088363337422,0.10279783518613661,-0.004361587378841884,0.0033010533522530665
investor_presentation,covered_call,5,134,0.0074950360608318075,0.008387545487580287,-0.0008925094267484791,-0.18705217315570474,0.0028974774491542002,1.0414779930791245,-0.0017000811625234066,0.0039494168011085275
investor_presentation,covered_call,10,127,0.009007309905804716,0.014456165454638896,-0.00544885554883418,-0.8679378465679123,0.0043250788359053775,1.2880646294806732,-0.00035715223399396305,0.01020491264815857
investor_presentation,covered_call,21,130,0.0164349795798641,0.013923819002533503,0.0025111605773305967,0.2871187406432416,0.011823595020967052,2.0943940866735686,0.0072122104620700135,0.009551024264782593
investor_presentation,covered_call,42,127,0.031280147346582625,0.04094976098124329,-0.009669613634660665,-0.82050848201263,0.026644759509393358,3.2798327674453343,0.022009371672204098,0.03668210753280727
investor_presentation,covered_call,63,122,0.035294106710660855,0.04710116080708305,-0.011807054096422194,-0.7293407910631448,0.03063711704258359,2.860700975668075,0.025980127374506317,0.04280706442580073
investor_presentation,covered_call,exp,125,0.0584400058556569,0.055465446892051004,0.0029745589636058986,0.1861078662055481,0.053948190020222955,6.322217075422184,0.049456374184788994,0.051092890546913544
investor_presentation,protective_put,1,139,0.0029207214040258144,0.004055643557593225,-0.001134922153567411,-0.45137442618909807,-0.0007113655441346188,-0.4521341530943184,-0.004343452492295053,0.00027687138671664594
investor_presentation,protective_put,2,135,0.005566520629504835,0.006117481503196296,-0.0005509608736914617,-0.17022357237909666,0.0018993366632383576,0.9088034002353291,-0.001767847303028121,0.0023318381803753376
investor_presentation,protective_put,3,132,0.006200462365203341,0.008832245011547907,-0.0026317826463445665,-0.6694106743963931,0.0025125045312366584,1.056268427618094,-0.0011754533027300285,0.0050269344392774315
investor_presentation,protective_put,5,129,0.008600600567392853,0.011425622103679256,-0.002825021536286403,-0.5002920257692985,0.004941626752050753,1.5115940405767223,0.0012826529367086514,0.007626374888395698
investor_presentation,protective_put,10,124,0.011077410842235009,0.01862858336535116,-0.007551172523116151,-0.9267990866050337,0.007361359082057045,1.829442471463263,0.0036453073218790776,0.01484923145441133
investor_presentation,protective_put,21,123,0.018460317463066308,0.015736511104711012,0.0027238063583552956,0.22881411752891556,0.014751436700005187,1.8082648790663678,0.01104255593694406,0.011956394853890044
investor_presentation,protective_put,42,123,0.03276612067312147,0.03993733679394736,-0.007171216120825892,-0.4209727505270433,0.029050537144752687,2.882949787660071,0.025334953616383903,0.03612203045012467
investor_presentation,protective_put,63,120,0.030294142194244755,0.05412773967433848,-0.023833597480093727,-0.8980131021468388,0.02658821312376872,1.6606912214674232,0.02288228405329271,0.05027961803860261
investor_presentation,protective_put,exp,114,0.02851102313098876,0.07660833042278326,-0.0480973072917945,-1.444684653884723,0.02482795980296284,1.978939260622351,0.02114489647493694,0.07279362784446224
investor_presentation,collar,1,139,0.0011215905113283796,0.0016579793124162378,-0.0005363888010878582,-0.37311715586191363,-0.006909429329198452,-7.595679967557292,-0.014940449169725279,-0.006298177883220016
investor_presentation,collar,2,135,0.002166467629720459,0.0036213216472175155,-0.0014548540174970565,-0.7873838096170583,-0.005928201837153211,-5.0906639282469675,-0.014022871304026885,-0.004331374492698984
investor_presentation,collar,3,132,0.002485830372393228,0.0038097754270267513,-0.0013239450546335234,-0.6518482159806197,-0.005609340036479787,-4.420010398703337,-0.0137045104453528,-0.004182602438476668
investor_presentation,collar,5,129,0.0037523529116341137,0.0046847466509794995,-0.0009323937393453858,-0.37110928905898444,-0.004380220409068134,-2.800930344679224,-0.01251279372977038,-0.0033696523995608366
investor_presentation,collar,10,124,0.005243032913184155,0.006826200437730356,-0.0015831675245462007,-0.4791379471549115,-0.0029511164689037133,-1.762202423961555,-0.011145265850991584,-0.0010633629787164633
investor_presentation,collar,21,123,0.008716782828666505,0.008984808298662812,-0.00026802546999630736,-0.059202428451069294,0.0005637069616769017,0.19826444490458042,-0.0075893689053126955,0.0009687218606020557
investor_presentation,collar,42,121,0.018529413256153798,0.02086461719568558,-0.002335203939531783,-0.3712196599847109,0.010417562125281346,2.432753672688429,0.0023057109944089028,0.012977122017638062
investor_presentation,collar,63,116,0.017808310507548688,0.02394934530726509,-0.006141034799716401,-0.6689064338246594,0.00963154881462302,1.561145111540829,0.0014547871216973418,0.01595813323111185
investor_presentation,collar,exp,112,0.0306469802211702,0.028198104404640184,0.002448875816530017,0.23672596887768219,0.02272011433233571,4.090333980624972,0.014793248443501205,0.020103689752347022
investor_presentation,cash_secured_put,1,139,0.0008576478768445047,0.0015871479298340775,-0.0007295000529895728,-0.6297744699280571,-0.0025744390713159284,-4.582867404037505,-0.006006526019476362,-0.001989356660205142
investor_presentation,cash_secured_put,2,135,0.0013068205677592385,0.001476690142984601,-0.00016986957522536258,-0.12419895905104256,-0.0021603633985072396,-2.475837711799027,-0.005627547364773721,-0.0020996305951835807
investor_presentation,cash_secured_put,3,135,0.0022289108076874167,0.0035832938684944604,-0.0013543830608070437,-0.7341733897403087,-0.0012402512183274535,-1.4081401018325086,-0.004709413244342322,7.408601689450014e-06
investor_presentation,cash_secured_put,5,134,0.0033346216441520796,0.003863126680129647,-0.0005285050359775676,-0.21102939939066964,-0.00015096211718756375,-0.11626094769185008,-0.003636545878527208,0.00028690266060014415
investor_presentation,cash_secured_put,10,136,0.003720407789051177,0.0075182872273021435,-0.0037978794382509664,-1.054844741549118,0.00026638045180511863,0.13850749262850687,-0.003187646885440938,0.00396580308656101
investor_presentation,cash_secured_put,21,129,0.006123282938379321,0.0028983583620962165,0.0032249245762831047,0.7201509209406203,0.0026043591766563897,1.0361056860618367,-0.0009145645850665406,-0.0006546837512406245
investor_presentation,cash_secured_put,42,131,0.010922951485268284,0.019171721968198146,-0.008248770482929862,-1.3097674165777096,0.007456175329855134,1.7391910582766221,0.003989399174441989,0.01559479188531753
investor_presentation,cash_secured_put,63,127,0.01401968507577961,0.019600901570167893,-0.005581216494388282,-0.6280245816818176,0.010528730222097455,2.098467733786741,0.007037775368415297,0.016009200372829043
investor_presentation,cash_secured_put,exp,123,0.017789574997109727,0.02550083239009084,-0.007711257392981112,-0.8406770683232739,0.01435764251704523,3.0135116998904654,0.010925710036980727,0.021837160784608626
underwriting_agreement,long_call,1,135,0.0016575069344781463,0.00040117529052780774,0.0012563316439503387,1.6664676615107277,-0.004702269954260997,-8.159652119427022,-0.011062046843000144,-0.005985530312974089
underwriting_agreement,long_call,2,135,0.0018039628873051275,0.0009640605799406943,0.0008399023073644332,0.645602436276351,-0.004555814001434016,-4.343758298669911,-0.010915590890173157,-0.005418145672622961
underwriting_agreement,long_call,3,135,0.0009952043510693962,0.00015368914491938572,0.0008415152061500104,0.48714029279947446,-0.005364572537669748,-3.7330372966461387,-0.011724349426408888,-0.00623773317351714
underwriting_agreement,long_call,5,134,0.0009403782613317028,0.0016761383151164683,-0.0007357600537847655,-0.37082249128141276,-0.005404891068393987,-3.465452042973922,-0.011750160398119679,-0.004719433341740213
underwriting_agreement,long_call,10,135,0.0016224022662251034,0.0027071037548877866,-0.0010847014886626832,-0.3819835424929193,-0.004737374622514041,-2.124697641562126,-0.011097151511253182,-0.0036685935399146372
underwriting_agreement,long_call,21,133,-6.148061648292734e-05,0.006979891428887328,-0.007041372045370255,-1.7902689456737502,-0.006419762770312419,-2.1409044027273834,-0.012778044924141913,0.0006069199148290874
underwriting_agreement,long_call,42,133,0.0019686103937709,0.016794004834056915,-0.014825394440286015,-2.2330513728748094,-0.004387661220298083,-0.850425015577077,-0.010743932834367066,0.010405151813794892
underwriting_agreement,long_call,63,128,0.010364350231534114,0.019084434542725123,-0.008720084311191008,-0.9009669910156085,0.003991253086305322,0.4688824256094486,-0.002381844058923472,0.01269848226489137
underwriting_agreement,long_call,exp,135,0.02124662225118207,0.020494131499895065,0.0007524907512870063,0.07034999334694318,0.014886845362442927,1.6651654551173163,0.00852706847370379,0.014121865932327064
underwriting_agreement,covered_call,1,132,0.002561646103593913,0.00014064575646623433,0.0024210003471276786,2.396255495697245,-0.0011350248008740581,-1.3808385145702773,-0.004831695705342026,-0.0035381551195985887
underwriting_agreement,covered_call,2,132,0.002860783914198325,0.0008381702452008407,0.0020226136689974845,1.1559534372766493,-0.0008358869902696461,-0.5582607257962776,-0.0045325578947376195,-0.002828605126708811
underwriting_agreement,covered_call,3,131,0.0009615472464951409,0.00025378428941306833,0.0007077629570820726,0.2831510281628276,-0.0027466015054836,-1.2269908840783597,-0.00645475025746234,-0.003407639908419853
underwriting_agreement,covered_call,5,131,0.001442214533935358,0.0017178768759248022,-0.00027566234198944423,-0.09874263168057272,-0.002265934218043384,-0.9725831803905877,-0.005974082970022126,-0.0019748991270481468
underwriting_agreement,covered_call,10,130,0.0023990243110232055,0.003933470659159683,-0.0015344463481364776,-0.3874347714955805,-0.0012982064971520078,-0.3745057787638786,-0.004995437305327223,0.00027500466615173585
underwriting_agreement,covered_call,21,124,0.006936523571474904,0.011642841346279255,-0.004706317774804351,-0.9275568250675265,0.003221625426212767,0.7256628328010577,-0.0004932727190493728,0.007977557185762034
underwriting_agreement,covered_call,42,123,0.019204950549046126,0.022326810988056674,-0.0031218604390105473,-0.4153087729898426,0.015450551866822655,2.3464358985288274,0.011696153184599201,0.01865969785019037
underwriting_agreement,covered_call,63,119,0.031843495950037756,0.038465698523444725,-0.006622202573406968,-0.8172669918389641,0.028133719621311865,4.052055332170967,0.024423943292585973,0.034772452351872006
underwriting_agreement,covered_call,exp,125,0.04284724598178906,0.047295542099875944,-0.004448296118086885,-0.519063495217431,0.03921238627553542,5.4881691444928915,0.03557752656928181,0.04369464126654552
underwriting_agreement,protective_put,1,130,0.002718213677583331,0.0004270091481682511,0.00229120452941508,2.1862826255892305,-0.0006390803181864454,-0.7542379017680719,-0.0039963743139562235,-0.002866978026919866
underwriting_agreement,protective_put,2,128,0.003292877035560894,0.0012251374084820497,0.0020677396270788444,1.1310628090236423,-7.706461161440794e-05,-0.04955524991772412,-0.0034470062587897113,-0.002057337322513904
underwriting_agreement,protective_put,3,126,0.0019548612387058797,0.0003578427784676664,0.0015970184602382134,0.6919423784783953,-0.0014396713547271585,-0.7178376543715478,-0.004834203948160199,-0.0029325291709032682
underwriting_agreement,protective_put,5,125,0.0037241024166942836,0.0020590620280139323,0.0016650403886803514,0.6208105549781142,0.0003159309123600229,0.14674107637090422,-0.00309224059197424,-0.0012387566483196334
underwriting_agreement,protective_put,10,129,0.003580239956693467,0.005417081251295185,-0.001836841294601718,-0.4714066069186348,0.00022909458211497783,0.07223473241404094,-0.0031220507924635123,0.002168268920908233
underwriting_agreement,protective_put,21,124,0.0045458824437721495,0.011894007072263355,-0.007348124628491205,-1.4235109010919578,0.0012130448694765768,0.29931361681871105,-0.002119792704818996,0.008590241830555918
underwriting_agreement,protective_put,42,121,0.011311315581630694,0.026430536852424576,-0.015119221270793883,-1.7988451510197703,0.007947681527504441,1.1779353864634536,0.004584047473378184,0.023129469014160037
underwriting_agreement,protective_put,63,115,0.02145232754341469,0.03516927303442564,-0.013716945491010948,-1.2455568289117254,0.01807756816053238,1.9140235812447062,0.014702808777650064,0.031818541160129284
underwriting_agreement,protective_put,exp,116,0.029520980859288812,0.026710392426439557,0.0028105884328492557,0.210033209167685,0.026126045251133993,2.205916850562512,0.022731109642979155,0.023382666615484538
underwriting_agreement,collar,1,130,0.0015010439048281866,-3.778831600699636e-05,0.001538832220835183,2.383519422498513,-0.005373753814048457,-9.537280896941498,-0.0122485515329251,-0.006826291860589982
underwriting_agreement,collar,2,128,0.0019475197471992749,0.00043466971403535883,0.001512850033163916,1.5113833073733243,-0.0049416833605801826,-5.8914341995333475,-0.011830886468359643,-0.0063197568753596035
underwriting_agreement,collar,3,126,0.0008972936579716885,2.170135218963033e-06,0.0008951235227527255,0.727580141960653,-0.006038662035012636,-5.781576498884477,-0.012974617727996959,-0.006751831470276535
underwriting_agreement,collar,5,125,0.0016246917693886016,0.0011207427221714508,0.0005039490472171508,0.33444087282817836,-0.005341417453499988,-4.380116393514545,-0.012307526676388578,-0.005679091954544341
underwriting_agreement,collar,10,129,0.0015491351155211427,0.002929040835913246,-0.0013799057203921035,-0.6831503559975338,-0.005310962121932459,-3.1153724214790417,-0.01217105935938606,-0.003779141539150924
underwriting_agreement,collar,21,122,0.003976176672140475,0.006923424211914033,-0.0029472475397735584,-1.1128873134123722,-0.0028566581707743376,-1.2920857344217056,-0.009689493013689151,0.00013657745925499206
underwriting_agreement,collar,42,120,0.010079639392929449,0.013855613516954407,-0.0037759741240249584,-0.8942080558559858,0.0031817188601470504,0.890602253462255,-0.0037162016726353447,0.007069464114941124
underwriting_agreement,collar,63,113,0.015010317416955335,0.023962670177609915,-0.00895235276065458,-1.71631672185567,0.008115145907351224,1.803471650080599,0.0012199743977471156,0.01710133933513515
underwriting_agreement,collar,exp,115,0.01915527171965846,0.02577268056608178,-0.006617408846423322,-1.0252722375638728,0.012299581628732483,2.2009868185267925,0.005443891537806503,0.01900801397130423
underwriting_agreement,cash_secured_put,1,130,0.0012322120342443178,0.0002451401281531883,0.0009870719060911296,1.8888972865867486,-0.0019250819615254584,-4.667120743795637,-0.005082375957295235,-0.0028449426761239936
underwriting_agreement,cash_secured_put,2,129,0.0008091173266224646,0.00030385986303613666,0.0005052574635863279,0.5295346794274608,-0.002359765952968257,-2.907822095732912,-0.005528649232558978,-0.0027781865180158466
underwriting_agreement,cash_secured_put,3,128,-9.271190997522165e-05,4.292866979206712e-05,-0.00013564057976728878,-0.09716282433083456,-0.0032746949940923777,-2.5949620237723057,-0.00645667807820953,-0.0030411372834053384
underwriting_agreement,cash_secured_put,5,127,-0.00029345864598945157,0.00030373865086454483,-0.0005971972968539964,-0.36389343563786547,-0.0034887670399754056,-2.423590082791257,-0.0066840754339613576,-0.002796156075564617
underwriting_agreement,cash_secured_put,10,131,0.00020425950873612203,0.0006691845234848128,-0.0004649250147486907,-0.20305596650980312,-0.0029519837729424622,-1.4344339036056957,-0.006108227054621047,-0.002391207453259166
underwriting_agreement,cash_secured_put,21,130,0.0022666837173108915,0.004395488925581464,-0.0021288052082705728,-0.7452519002535489,-0.0008947243132332554,-0.3403377979580793,-0.0040561323437774055,0.0013143792739341033
underwriting_agreement,cash_secured_put,42,129,0.006745020865682335,0.007827200544380073,-0.0010821796786977386,-0.2806162979639676,0.003601792403917012,1.0480340449312193,0.0004585639421516897,0.00474434321672352
underwriting_agreement,cash_secured_put,63,122,0.012501539135095118,0.011499115714194274,0.0010024234209008442,0.251569328166052,0.009323963001041742,2.890236503633645,0.006146386866988358,0.008377468272140044
underwriting_agreement,cash_secured_put,exp,121,0.019621916001652175,0.014927399879896943,0.004694516121755232,1.1686050433607895,0.01644276357059928,5.365302173347688,0.013263611139546388,0.011807068133528957
executive_officer_departure,long_call,1,116,-0.001390881664830536,0.0009295079727683963,-0.0023203896375989324,-2.9606713678769263,-0.007886613269524306,-10.835790456994818,-0.014382344874218071,-0.005913443104959278
executive_officer_departure,long_call,2,116,0.0006905315558315819,0.0024909654853787736,-0.0018004339295471915,-0.993440650977346,-0.005805200048862187,-3.4511753807164003,-0.012300931653555953,-0.004358760393943957
executive_officer_departure,long_call,3,115,-0.0018394923773060975,0.002419190171821363,-0.00425868254912746,-1.9249904000281468,-0.008347912322386462,-3.973301790711384,-0.014856332267466823,-0.004426040266990314
executive_officer_departure,long_call,5,115,-0.00011411279836810155,0.0030185986279669687,-0.0031327114263350704,-0.9451723360943374,-0.006622532743448466,-2.157142325237475,-0.01313095268852883,-0.003817787212066929
executive_officer_departure,long_call,10,115,0.0013374093787340289,0.004608523667661817,-0.0032711142889277883,-0.852467971780559,-0.005119406436073074,-1.5097855024696016,-0.011576222250880175,-0.0022156310265733924
executive_officer_departure,long_call,21,115,-0.0010208106667407625,0.0117940126759458,-0.012814823342686563,-2.3790849517996855,-0.007531429327120484,-1.6846658179270688,-0.014042047987500214,0.004966762031852577
executive_officer_departure,long_call,42,112,0.005666210010809745,0.011337233267292711,-0.005671023256482966,-0.6954515630940992,-0.0007913086934686451,-0.11276612926151597,-0.007248827397747034,0.004522532727815019
executive_officer_departure,long_call,63,110,0.010985468793114251,0.014266375841857724,-0.0032809070487434724,-0.28289201314042167,0.004526391286541003,0.4386681025448327,-0.0019326862200322388,0.007431262285659771
executive_officer_departure,long_call,exp,109,0.007840033837241122,0.014950699706816027,-0.0071106658695749055,-0.6159703718275634,0.0014104258633165548,0.14448590010182516,-0.00501918211060801,0.008115976231097015
executive_officer_departure,covered_call,1,115,-0.0011881560217372896,0.0010879391222218362,-0.0022760951439591256,-2.0170539133432945,-0.005175688029987566,-4.79825412382272,-0.009163220038237843,-0.003071011338515729
executive_officer_departure,covered_call,2,113,0.0015738818565187768,0.002848660072008461,-0.0012747782154896843,-0.6538436309152068,-0.002460730047238665,-1.4125533356411828,-0.006495341950996104,-0.0013082578716946012
executive_officer_departure,covered_call,3,112,-0.0010900962377876262,0.003197984980271541,-0.004288081218059167,-1.6580442721076902,-0.005118078115592196,-2.115417548110563,-0.00914605999339677,-0.0009484753197556333
executive_officer_departure,covered_call,5,110,-0.0019403644755515916,0.004183121112472368,-0.006123485588023959,-1.62250483305308,-0.005934611702578057,-1.6658334314289809,-0.009928858929604524,1.917127956917373e-05
executive_officer_departure,covered_call,10,112,0.0013778850102867343,0.004747191710010959,-0.003369306699724225,-0.7701190462872626,-0.002475902423033472,-0.6147048256551814,-0.006329689856353676,0.0006158198308231843
executive_officer_departure,covered_call,21,109,0.002643986550483388,0.013037416117193756,-0.010393429566710369,-1.7837820947713265,-0.0013477331805829887,-0.25725726222309503,-0.005339452911649368,0.008885384605089995
executive_officer_departure,covered_call,42,107,0.012966844408382444,0.018344584296827574,-0.005377739888445129,-0.6344267957864514,0.009125341918049808,1.1798123321825547,0.0052838394277171736,0.014208574992414222
executive_officer_departure,covered_call,63,105,0.028436180716479922,0.02854611790042179,-0.00010993718394186613,-0.009669291529853003,0.02457420036076669,2.325556015622977,0.02071222000505344,0.024335888119614228
executive_officer_departure,covered_call,exp,97,0.03483105722707499,0.03833290247207084,-0.0035018452449958534,-0.36760707072719767,0.031037976699722143,3.7511631623299557,0.0272448961723693,0.03417337532605602
executive_officer_departure,protective_put,1,111,-0.0013876204995280116,0.0014280562391992253,-0.002815676738727237,-2.5658141160831436,-0.005023583276377702,-5.249198347883827,-0.008659546053227392,-0.0021830803015661033
executive_officer_departure,protective_put,2,110,0.0010929787266637312,0.003420095407965579,-0.002327116681301848,-1.1109966808431115,-0.002575703416322921,-1.3470540348205007,-0.006244385559309573,-0.00019119598238844033
executive_officer_departure,protective_put,3,109,-0.002394475899196458,0.0035238113034193217,-0.0059182872026157796,-2.1582201207917464,-0.006064920989964351,-2.34485355188807,-0.009735366080732243,-9.772997564391975e-05
executive_officer_departure,protective_put,5,109,-0.0012971810752856678,0.00489735217090266,-0.006194533246188328,-1.4200854412278896,-0.0049399358392706256,-1.2060168009316463,-0.00858269060325558,0.0012992993253918834
executive_officer_departure,protective_put,10,109,0.0013014742241539558,0.00726101069274881,-0.0059595364685948535,-1.2069149537967416,-0.0023442226813628992,-0.5383420369977026,-0.005989919586879757,0.003676043445650192
executive_officer_departure,protective_put,21,106,-3.5642757723355632e-06,0.017643375449435537,-0.017646939725207873,-2.7707761103029074,-0.003703832586657682,-0.7056887589034452,-0.007404100897543025,0.014031392590615427
executive_officer_departure,protective_put,42,105,0.015900571193084443,0.020521192352065207,-0.004620621158980764,-0.4571998403222459,0.012241824547595896,1.3987199529831158,0.00858307790210736,0.016935353687640424
executive_officer_departure,protective_put,63,103,0.026527777271711978,0.026762488496264867,-0.00023471122455288873,-0.015801938091443774,0.02283505817320781,1.7035173037255051,0.019142339074703637,0.023106837262848352
executive_officer_departure,protective_put,exp,96,0.01682811305265046,0.02064018900274899,-0.003812075950098529,-0.291533592637951,0.013151280476198358,1.1698465986450015,0.00947444789974626,0.016972087842415596
executive_officer_departure,collar,1,110,-0.0007317443093823356,0.0005138937212486075,-0.001245638030630943,-1.6216641978594897,-0.008191569084583789,-9.940163026971794,-0.015651393859785243,-0.007075999877264987
executive_officer_departure,collar,2,109,0.001900602011449841,0.0016328383629889657,0.00026776364846087535,0.16649139232089447,-0.005641574013077613,-3.820616557982079,-0.013183750037605066,-0.005946303829104465
executive_officer_departure,collar,3,108,1.9145778214080447e-05,0.0018290026755170175,-0.0018098568973029371,-0.9761716247007292,-0.0075182939535283445,-4.233418318934838,-0.015055733685270776,-0.005751087792894388
executive_officer_departure,collar,5,107,-0.0008156200534758544,0.002434201780291538,-0.0032498218337673923,-1.4073078051905585,-0.008268466178804086,-3.7200718049734474,-0.015721312304132325,-0.005121978422316887
executive_officer_departure,collar,10,109,0.0009746316921806255,0.0034931731018886603,-0.002518541409708035,-1.041644092427938,-0.0063322963744786125,-2.7712184572614214,-0.013639224441137854,-0.00403745350013381
executive_officer_departure,collar,21,104,0.0025573710626105766,0.00841304063740413,-0.005855669574793553,-2.006283887914066,-0.004812941773067873,-1.8306844429096951,-0.01218325460874632,0.0008471907283837405
executive_officer_departure,collar,42,105,0.009160319110799476,0.010594045505040743,-0.0014337263942412679,-0.3201983394190654,0.0018437830230655528,0.45412183218321694,-0.00547275306466837,0.0030578460825243427
executive_officer_departure,collar,63,101,0.0181616218336401,0.016771872755084506,0.0013897490785555952,0.20820568014577065,0.01075022672745331,1.7312067341609298,0.003338831621266519,0.009092510633634494
executive_officer_departure,collar,exp,90,0.01888122891058316,0.019633657270723196,-0.0007524283601400353,-0.12418215863865995,0.011554702034592319,2.1952372647324414,0.004228175158601476,0.011936358103849376
executive_officer_departure,cash_secured_put,1,111,-0.0005773101703869497,0.0005167202696715857,-0.0010940304400585354,-1.809234233140931,-0.004013272947236639,-6.575959644344032,-0.007449235724086327,-0.002885651597533245
executive_officer_departure,cash_secured_put,2,112,-0.00043542631623926556,0.0010277683558339297,-0.0014631946720731952,-1.6603438909926145,-0.003874461924344541,-4.888088690553272,-0.007313497532449816,-0.0023706289430246784
executive_officer_departure,cash_secured_put,3,111,-0.0015002909672294311,0.0014236312109333826,-0.0029239221781628137,-2.3667115418383697,-0.004953599994114002,-4.0930652403329555,-0.008406909020998572,-0.001979537915018901
executive_officer_departure,cash_secured_put,5,113,-0.0011250066565612355,0.0012818705112207793,-0.002406877167782015,-1.3769275220310369,-0.004547622386052382,-2.6703363508116054,-0.00797023811554353,-0.0021027308754513856
executive_officer_departure,cash_secured_put,10,113,-0.0003163834483736889,0.0010480668343692257,-0.0013644502827429147,-0.5979180533905518,-0.003738999177864837,-1.8177886008524986,-0.007161614907355984,-0.002346551333568444
executive_officer_departure,cash_secured_put,21,109,-0.002162999397507838,0.003962267465296726,-0.006125266862804564,-1.8585739854651433,-0.005621592382018222,-1.8662468654142028,-0.009080185366528598,0.0005627555349512961
executive_officer_departure,cash_secured_put,42,113,0.0018633348052284223,0.006766562683617068,-0.004903227878388645,-1.0714097142401027,-0.001559280924262726,-0.3733121597979609,-0.004981896653753875,0.003382546977429539
executive_officer_departure,cash_secured_put,63,108,0.009137087495332706,0.008629654283976693,0.0005074332113560124,0.09055467247838797,0.00569114501325631,1.1326504204507517,0.002245202531179912,0.005213992973353759
executive_officer_departure,cash_secured_put,exp,103,0.013665831399815965,0.011468775739897939,0.0021970556599180263,0.41832175526088544,0.010178176192959602,2.303149291703069,0.006690520986103247,0.008011305306081495
quarterly_earnings,long_call,1,119,-0.00023137048261753475,0.0011070171031118804,-0.0013383875857294152,-1.0260047422983019,-0.006359465426144174,-7.93217085641161,-0.012487560369670817,-0.005055819624133353
quarterly_earnings,long_call,2,119,0.0004498372046297244,0.002783391591016877,-0.0023335543863871526,-1.3023714439444085,-0.005678257738896914,-4.501386485915358,-0.01180635268242355,-0.0033794451362283576
quarterly_earnings,long_call,3,119,0.0009375775671227556,0.0016233653050265237,-0.000685787737903768,-0.3057731053419465,-0.005190517376403885,-3.3459982080205752,-0.011318612319930524,-0.004553574396117891
quarterly_earnings,long_call,5,117,0.002943758868221459,0.003687922465206661,-0.0007441635969852021,-0.24896043949488977,-0.003105285732974446,-1.6036532921785154,-0.009154330334170353,-0.002500183557228313
quarterly_earnings,long_call,10,117,0.005422282965068547,0.0033914262372851164,0.002030856727783431,0.44178964378168284,-0.000726196606040329,-0.24159129842381513,-0.006874676177149205,-0.002733337113954616
quarterly_earnings,long_call,21,115,0.010582286121160479,0.0082947018979462,0.002287584223214279,0.3423785736201251,0.004678835084737047,0.9896289944618853,-0.0012246159516863834,0.0021394201672972368
quarterly_earnings,long_call,42,109,0.010528462199565594,0.014920755592965625,-0.0043922933934000315,-0.3734556723548924,0.004759366322937694,0.8133289378409579,-0.0010097295536902046,0.008772700771252681
quarterly_earnings,long_call,63,112,0.01561310857333239,0.026354023116066376,-0.010740914542733985,-0.7112327213760752,0.009518574035544933,1.0772487838080884,0.003424039497757474,0.02016981546661342
quarterly_earnings,long_call,exp,117,0.02950626195504873,0.014817959736795585,0.014688302218253145,0.88804811958465,0.023460814604719004,2.2013540347188143,0.017415367254389285,0.008656153951003184
quarterly_earnings,covered_call,1,117,0.0009902152555085605,0.0013856491154086007,-0.0003954338599000402,-0.25905854783066823,-0.002580096686140715,-2.830802031654806,-0.006150408627789988,-0.0021064552342193346
quarterly_earnings,covered_call,2,118,0.0021070032585474427,0.003601403895206781,-0.0014944006366593384,-0.7730170325788543,-0.0014580523280418583,-1.1348646827546613,-0.0050231079146311605,0.00010929954557884215
quarterly_earnings,covered_call,3,116,0.0022116108005095533,0.00312391287268108,-0.0009123020721715268,-0.3488476139161261,-0.0013699350239699893,-0.7427867020028627,-0.004951480848449531,-0.0003156514870791748
quarterly_earnings,covered_call,5,110,0.00548211297552637,0.0066802628987745714,-0.0011981499232482018,-0.33142521061552616,0.0019166371296678608,0.7436030884387472,-0.0016488387161906475,0.003226034898007837
quarterly_earnings,covered_call,10,111,0.00827510248834407,0.008158327514494372,0.00011677497384969711,0.023018786430272952,0.004708754194242333,1.3321369596188886,0.0011424059001405964,0.004720967180349063
quarterly_earnings,covered_call,21,108,0.01803812736546048,0.017389453310474656,0.0006486740549858233,0.09882078447076256,0.014684249574780033,3.1765565704325227,0.011330371784099591,0.013945070150285645
quarterly_earnings,covered_call,42,104,0.01844118356667287,0.026154971646497063,-0.007713788079824192,-0.68568627403887,0.015255496716747611,1.8235133378273352,0.012069809866822344,0.02270086381584828
quarterly_earnings,covered_call,63,107,0.03310716594073592,0.04168244168321272,-0.008575275742476803,-0.6997351608414524,0.02959529236788897,3.450312608305261,0.026083418795042022,0.03815228934613431
quarterly_earnings,covered_call,exp,106,0.053540379694162574,0.04460732762805235,0.008933052066110225,0.6665683021421923,0.05010012401912283,6.154178573248364,0.04665986834408308,0.04119936647985922
quarterly_earnings,protective_put,1,118,0.0011601139435073527,0.0012554405658921114,-9.532662238475871e-05,-0.05572051097579134,-0.002225198206573502,-2.097457190153738,-0.005610510356654356,-0.0018881200639792638
quarterly_earnings,protective_put,2,118,0.0026387847067056124,0.0030060511798966063,-0.000367266473190994,-0.16882151844047663,-0.0007434054259347302,-0.5293948205412041,-0.004125595558575074,-0.0001353545618560982
quarterly_earnings,protective_put,3,116,0.0022172588644188474,0.0020396531437415046,0.00017760572067734284,0.06332056705579882,-0.0011586455699211882,-0.6224000958335407,-0.004534550004261225,-0.001107384073473109
quarterly_earnings,protective_put,5,109,0.005484920191493297,0.005044345852212852,0.0004405743392804449,0.11776594130561971,0.0021360256664767307,0.8822318665396321,-0.0012128688585398358,0.001890469450516618
quarterly_earnings,protective_put,10,110,0.009550242557398324,0.006890795975657357,0.0026594465817409672,0.45336134567044284,0.006257256357775108,1.608379265901436,0.0029642701581518924,0.0037379839571741505
quarterly_earnings,protective_put,21,105,0.018234947222819833,0.013895122714181772,0.004339824508638061,0.5535379639092619,0.014822720752866567,2.8981424862416025,0.011410494282913313,0.010753625522726913
quarterly_earnings,protective_put,42,104,0.019395520442236077,0.02540407291421081,-0.006008552471974734,-0.41388137647705187,0.016027829146729563,1.9952346092642146,0.012660137851223045,0.022267141706010064
quarterly_earnings,protective_put,63,108,0.027640755379594747,0.04129669151814666,-0.013655936138551913,-0.7491532007639969,0.024298393408882072,2.2693573283354103,0.020956031438169404,0.03813072117372836
quarterly_earnings,protective_put,exp,102,0.04149924676974784,0.03223359541185263,0.009265651357895206,0.4835249049678447,0.03799917885309745,3.295509356154387,0.03449911093644708,0.029095494135671893
quarterly_earnings,collar,1,117,0.0013500130817674307,0.00016296768902633176,0.0011870453927410988,0.9734535064441912,-0.0053847257673936,-7.247474359593539,-0.012119464616554632,-0.006284882744631225
quarterly_earnings,collar,2,118,0.0024515652227272357,0.0010419413376183567,0.001409623885108879,1.003902556030167,-0.004295680496502408,-4.5813227462713355,-0.011042926215732057,-0.0054059090960392004
quarterly_earnings,collar,3,116,0.0018069582781472472,0.0008373755934474646,0.0009695826846997826,0.5974870927485648,-0.004950491980672333,-4.776093675501273,-0.011707942239491911,-0.005558216611604006
quarterly_earnings,collar,5,109,0.003981530053757949,0.002999306918032216,0.0009822231357257331,0.46937421886739067,-0.002688004520413012,-1.867936620418339,-0.009357539094583978,-0.003417863206447885
quarterly_earnings,collar,10,110,0.005158211621970932,0.0047907029942587985,0.00036750862771213304,0.12784902490069838,-0.0014005233934267056,-0.7664766896449432,-0.007959258408824346,-0.0016145494199613472
quarterly_earnings,collar,21,104,0.01091525843951836,0.009455778188075477,0.001459480251442883,0.3734062456025509,0.004549106428349743,1.7826330834226962,-0.001817045582818876,0.0030651030913309628
quarterly_earnings,collar,42,102,0.010809455639625584,0.01502962325662166,-0.004220167616996076,-0.6319107473460224,0.004429907997010541,0.9739785023730775,-0.0019496396456045078,0.008626911894553968
quarterly_earnings,collar,63,106,0.02090225319592199,0.024747868235663613,-0.0038456150397416233,-0.4502302862107689,0.01425383863248914,2.6100504398636333,0.007605424069056272,0.018212331428775343
quarterly_earnings,collar,exp,100,0.03181350200196119,0.026922162199389695,0.004891339802571493,0.5071835427233425,0.025289617774960242,4.172692883193799,0.018765733547959282,0.020580733028380534
quarterly_earnings,cash_secured_put,1,119,-0.00030609448319447166,0.001178158013096641,-0.0014842524962911127,-1.9447940009410571,-0.0034946137353673882,-5.76622693676469,-0.006683132987540309,-0.0017654026167747347
quarterly_earnings,cash_secured_put,2,119,-0.0003236065030733258,0.0024662608398050897,-0.0027898673428784155,-2.747665995133129,-0.0035121257552462428,-4.336284213123602,-0.006700645007419159,-0.0004772997900662851
quarterly_earnings,cash_secured_put,3,119,0.0004990359400960395,0.0024461018647027838,-0.0019470659246067442,-1.482055805951016,-0.0026894833120768777,-2.553950984111808,-0.005878002564249793,-0.0004974587651685922
quarterly_earnings,cash_secured_put,5,118,0.001345675762513966,0.003302254844633291,-0.001956579082119325,-1.05172747524169,-0.0018623482351513099,-1.3252465346149933,-0.005070372232816585,0.0003586942147619132
quarterly_earnings,cash_secured_put,10,117,0.0029641129034705714,0.0031491452433198134,-0.00018503233984924197,-0.07051702495842788,-0.00024542550241422976,-0.14180715227539115,-0.0034549639082990325,0.00019124296688662743
quarterly_earnings,cash_secured_put,21,113,0.00621714571848132,0.008053960567955317,-0.0018368148494739972,-0.60714465566981,0.0029836515557316473,1.3416013453810713,-0.0002498426070180243,0.005116943083404744
quarterly_earnings,cash_secured_put,42,111,0.00709637838552571,0.011243643136206608,-0.004147264750680898,-0.8434106744569333,0.003913063291074243,1.0352490416017412,0.0007297481966227759,0.008311811617381662
quarterly_earnings,cash_secured_put,63,115,0.011912872447806108,0.01481377801700343,-0.0029009055691973217,-0.6162426645976714,0.008719369143794327,2.4581856948540444,0.005525865839782546,0.011861184584778795
quarterly_earnings,cash_secured_put,exp,107,0.018467723050346246,0.015600880775748897,0.0028668422745973497,0.46621290877424765,0.01515249666615596,4.033014702763126,0.01183727028196566,0.012666721068657334
shareholder_proposal_outcome,long_call,1,115,0.0021082713863936446,-4.486521844191754e-05,0.002153136604835562,2.036257704720581,-0.004754812179876134,-4.802634508612085,-0.01161789574614591,-0.006903939227272346
shareholder_proposal_outcome,long_call,2,115,0.0029621174959717296,0.0011274130322608794,0.0018347044637108503,1.0905124958457202,-0.0039009660702980483,-2.5212772844699423,-0.010764049636567827,-0.005729402259066115
shareholder_proposal_outcome,long_call,3,113,0.001741246780481835,0.0012447695778483405,0.0004964772026334946,0.231038760490043,-0.005142091696210701,-2.596480918462741,-0.01202543017290324,-0.0056229986078550455
shareholder_proposal_outcome,long_call,5,114,0.0018247953336058362,0.0023543575561568546,-0.0005295622225510183,-0.20560087211113678,-0.005054310259909859,-2.2212961279477166,-0.011933415853425552,-0.004507854415755045
shareholder_proposal_outcome,long_call,10,113,0.005895374915982157,0.0025292908421621968,0.0033660840738199607,0.9092794180293339,-0.0009738533532920136,-0.2929445890637879,-0.007843081622566184,-0.004318400760328439
shareholder_proposal_outcome,long_call,21,112,0.011373151423807513,0.006078766513638207,0.005294384910169306,0.9023541477438639,0.004643757196381037,0.8768602186134636,-0.0020856370310454327,-0.0007787951118284111
shareholder_proposal_outcome,long_call,42,115,0.015758580528845816,0.0125022036867147,0.003256376842131115,0.4156822734100162,0.008895496962576039,1.266678830576427,0.0020324133963062594,0.005639089491040462
shareholder_proposal_outcome,long_call,63,109,0.024033299037034425,0.01665897192743944,0.007374327109594986,0.7134458873517979,0.017224578826618372,1.8165732966291535,0.010415858616202325,0.009800642823525975
shareholder_proposal_outcome,long_call,exp,111,0.03992737524063353,0.013990681778929624,0.025936693461703905,2.0379567349924597,0.03307216050382594,2.8038419190259867,0.02621694576701835,0.007147640454370707
shareholder_proposal_outcome,covered_call,1,114,0.00251218461401945,-0.00014282750995031423,0.002655012123969764,2.3400950649749825,-0.0015605063420342485,-1.519476399203925,-0.0056331972980879445,-0.004356657456350885
shareholder_proposal_outcome,covered_call,2,114,0.003951429913242465,0.0009651240620290846,0.002986305851213381,1.7390459876860853,-0.00012126104281122962,-0.07775199837100012,-0.004193951998864927,-0.0032427366698550737
shareholder_proposal_outcome,covered_call,3,112,0.0035204182038964657,0.0014823304804731817,0.002038087723423284,0.9617059521949324,-0.000566726763115708,-0.29159076625188307,-0.004653871730127883,-0.0027375289042563204
shareholder_proposal_outcome,covered_call,5,107,0.005970142348834923,0.0018797303559830842,0.004090411992851839,1.6008195422235667,0.0019352144209010193,0.8503559647979669,-0.002099713507032883,-0.002347236571397201
shareholder_proposal_outcome,covered_call,10,112,0.008336393659596647,0.002741360641470557,0.00559503301812609,1.4253249657444862,0.004244394309004275,1.1740090343730412,0.00015239495841190212,-0.0014575188005400265
shareholder_proposal_outcome,covered_call,21,109,0.01791191383236207,0.008516817098001615,0.009395096734360455,1.8595466866120787,0.013913255959187538,3.068604885092961,0.009914598086013002,0.004312220958993731
shareholder_proposal_outcome,covered_call,42,112,0.030796983444885604,0.019707751564268742,0.011089231880616862,1.6697857253187844,0.02670268534181539,4.474840111701983,0.022608387238745194,0.015499143053349951
shareholder_proposal_outcome,covered_call,63,106,0.042422516765004865,0.031058819475937197,0.011363697289067668,1.3248176636361475,0.03841097529848,4.917516958129662,0.03439943383195512,0.02680127424591339
shareholder_proposal_outcome,covered_call,exp,102,0.05352115404890661,0.03949748956767653,0.014023664481230082,1.6790946230940547,0.04956635062174411,6.664526364643318,0.045611547194581555,0.03530906647547919
shareholder_proposal_outcome,protective_put,1,113,0.003049430262286056,0.00022141237881684984,0.002828017883469206,2.013671986146264,-0.00029788996892190914,-0.2301634501593972,-0.003645210200129875,-0.0034548166777915766
shareholder_proposal_outcome,protective_put,2,113,0.004056434249962536,0.001733087150223151,0.002323347099739385,1.2000715412864988,0.0007091140187545709,0.39816744171996804,-0.002638206212453394,-0.0019359576381508166
shareholder_proposal_outcome,protective_put,3,109,0.003966501338626137,0.002138002377322871,0.0018284989613032666,0.7541571718984355,0.0006004660599465386,0.26410161833626766,-0.002765569218733062,-0.0015473995126489089
shareholder_proposal_outcome,protective_put,5,103,0.005639261660032458,0.003469776685440371,0.002169484974592087,0.7008617179636265,0.0022644583047124246,0.8198135560418309,-0.0011103450506076097,-0.00020766210330936953
shareholder_proposal_outcome,protective_put,10,108,0.010168110587736005,0.004851785616594801,0.005316324971141204,1.2532818855718404,0.0067884049230591366,1.820213932340964,0.0034086992583822638,0.0011798672758333518
shareholder_proposal_outcome,protective_put,21,107,0.018794733036121447,0.010838621941879277,0.00795611109424217,1.1144873054149045,0.015391794870660752,2.370359005091981,0.011988856705200054,0.007143246679907678
shareholder_proposal_outcome,protective_put,42,108,0.026787244412520433,0.022585184814912677,0.004202059597607756,0.4557181405746243,0.023435575074890753,2.831768930458457,0.020083905737261057,0.018931654107302704
shareholder_proposal_outcome,protective_put,63,101,0.03881870031512475,0.029643471993655395,0.009175228321469355,0.7292682389548578,0.035447714017334174,3.063406035299471,0.03207672771954359,0.02592206180012283
shareholder_proposal_outcome,protective_put,exp,95,0.04844199852268369,0.022716649426907445,0.025725349095776243,1.8057882554061984,0.04508497409579919,3.4060716657788284,0.041727949668914674,0.019016925968913325
shareholder_proposal_outcome,collar,1,112,0.0011473401856188117,-3.3565429734482314e-05,0.001180905615353294,1.3454738810402362,-0.006081261366989587,-7.221355719018222,-0.013309862919597985,-0.007742067989129117
shareholder_proposal_outcome,collar,2,112,0.0022073468971880784,0.0008089721764658372,0.0013983747207222412,1.3803362443575045,-0.005021254655420321,-5.5237383901276775,-0.012249856208028724,-0.006875596743572132
shareholder_proposal_outcome,collar,3,109,0.002509611349503332,0.0010976558862174624,0.0014119554632858694,1.0911322781326789,-0.004777593524161538,-4.023315148909432,-0.012064798397826404,-0.006614767514060914
shareholder_proposal_outcome,collar,5,103,0.0032766174613489355,0.0013948038829325368,0.0018818135784163987,1.304843016596891,-0.0039822180138389725,-2.952375983665309,-0.01124105348902688,-0.0063173840886119334
shareholder_proposal_outcome,collar,10,108,0.004643485547763483,0.0024538509201697143,0.002189634627593769,1.1714938608957315,-0.002581995421782791,-1.5372060399413272,-0.009807476391329072,-0.005239813017798767
shareholder_proposal_outcome,collar,21,106,0.010064544825063545,0.0056586301271919015,0.004405914697871644,1.611152312705478,0.002843392271562749,1.1973236372750284,-0.004377760281938049,-0.002061712211925845
shareholder_proposal_outcome,collar,42,107,0.01654474077935808,0.01153849756473815,0.00500624321461993,1.3726971465455098,0.009257845614334518,2.8885459618119325,0.001970950449310963,0.003873693137446429
shareholder_proposal_outcome,collar,63,101,0.026284919735472725,0.018157797760453585,0.00812712197501914,1.6009482566030442,0.019076365767026378,4.12301624873225,0.011867811798580036,0.010353873554529509
shareholder_proposal_outcome,collar,exp,94,0.03451995156172305,0.019623615527594812,0.014896336034128238,2.326117237362345,0.027332677695101573,4.59123287754936,0.0201454038284801,0.01187395004344263
shareholder_proposal_outcome,cash_secured_put,1,113,0.0013219952373811977,-0.0001222553038867853,0.001444250541267983,3.327892587182597,-0.0018253249938267669,-5.306473792428339,-0.004972645225034733,-0.00359506344439858
shareholder_proposal_outcome,cash_secured_put,2,113,0.001723439560628168,0.00010023252680915241,0.0016232070338190155,1.8420321692554698,-0.0014238806705797965,-1.7707041998653408,-0.004571200901787762,-0.0033637275984292818
shareholder_proposal_outcome,cash_secured_put,3,111,0.0010717584602356505,0.0004518417700282504,0.0006199166902074001,0.5963951385674268,-0.0020796502272562387,-2.1763794587808465,-0.005231058914748126,-0.003021654531870518
shareholder_proposal_outcome,cash_secured_put,5,109,0.002384576853017332,0.0002161313391625858,0.0021684455138547463,1.676015478126456,-0.0007697837098047628,-0.6755582182643337,-0.003924144272626858,-0.0032637367865990673
shareholder_proposal_outcome,cash_secured_put,10,111,0.00420400655126149,0.0002721808270819268,0.0039318257241795634,1.922201011644063,0.001032787410360182,0.5731449833909237,-0.0021384317305411273,-0.003193908673315594
shareholder_proposal_outcome,cash_secured_put,21,112,0.008371770680348741,0.002583520594568487,0.005788250085780254,2.3360206856136774,0.005213728884474327,2.4446641252371957,0.002055687088599912,-0.0008863908170628267
shareholder_proposal_outcome,cash_secured_put,42,108,0.013895522719218774,0.006744227378666079,0.007151295340552695,2.4115737208332373,0.010743853381589083,4.351367851701058,0.007592184043959393,0.003284496376334526
shareholder_proposal_outcome,cash_secured_put,63,105,0.01687935287881478,0.009985253214638726,0.006894099664176055,1.4031920644621676,0.01367780143830207,3.098881776885823,0.010476249997789356,0.00650375373219646
shareholder_proposal_outcome,cash_secured_put,exp,100,0.018827304337153232,0.014620612732511943,0.004206691604641289,0.8323237365690446,0.01564923540706302,3.479172386051071,0.012471166476972807,0.01114637413605154
executive_officer_appointment,long_call,1,89,-0.0009428376661331925,0.0005615411527579427,-0.0015043788188911352,-0.9789816721830449,-0.007725997595472814,-5.027518472038955,-0.014509157524812438,-0.006252190795505132
executive_officer_appointment,long_call,2,89,0.0023803714567921506,0.0017712994689629295,0.0006090719878292211,0.24331892692752416,-0.004402788472547472,-1.865354742197542,-0.011185948401887094,-0.005052908879640391
executive_officer_appointment,long_call,3,88,0.0007701973634682048,0.0018377032172848396,-0.0010675058538166349,-0.34287203901764235,-0.006032810150747603,-2.019384821860614,-0.012835817664963407,-0.0049895970323437944
executive_officer_appointment,long_call,5,88,0.00023345112687844297,0.0034768088361022526,-0.0032433577092238096,-0.854992533861893,-0.006569556387337366,-1.8645308784346641,-0.013372563901553171,-0.0033424739259909457
executive_officer_appointment,long_call,10,86,0.0015502305267043816,0.0046970310690568175,-0.003146800542352436,-0.6855304366610117,-0.005102784444743558,-1.2711449892886697,-0.01175579941619149,-0.0021152178299832587
executive_officer_appointment,long_call,21,88,0.00511216644070811,0.011033416467042966,-0.005921250026334856,-0.8820966173788348,-0.0016566054677315855,-0.2859991488115041,-0.008425377376171285,0.004240455055840551
executive_officer_appointment,long_call,42,85,0.009491406363636918,0.01618990726434555,-0.0066985009007086305,-0.8651428820069726,0.00280004680876627,0.46138701558437734,-0.0038913127461043676,0.00940270180118366
executive_officer_appointment,long_call,63,83,0.01645542644072819,0.021541500713604556,-0.005086074272876367,-0.4725669737669394,0.009739410685040464,1.099403706780083,0.0030233949293527337,0.014748557961973533
executive_officer_appointment,long_call,exp,83,0.023504185944776487,0.02487197105733059,-0.0013677851125541048,-0.10893473829327564,0.016760822531976572,1.6687536164161758,0.010017459119176661,0.018083312027963778
executive_officer_appointment,covered_call,1,89,-0.001325994973487578,0.0006117066680120559,-0.0019377016414996338,-1.1036862471879072,-0.005440114398002122,-3.103549783483947,-0.009554233822516665,-0.0035078064407635667
executive_officer_appointment,covered_call,2,88,0.0027069074493277483,0.002002855864848446,0.0007040515844793024,0.26203789918917353,-0.0014343306823121516,-0.5824334618376565,-0.005575568813952051,-0.002125082016723328
executive_officer_appointment,covered_call,3,85,0.0014362415671333232,0.002320970763420729,-0.0008847291962874057,-0.25719689790697553,-0.002750243779319772,-0.8477291962790742,-0.00693672912577287,-0.0018126841360057674
executive_officer_appointment,covered_call,5,84,-0.0005241965220817267,0.002827133371081123,-0.0033513298931628498,-0.7596757049178166,-0.004680998188454961,-1.1393784626492625,-0.008837799854828198,-0.001305385861062359
executive_officer_appointment,covered_call,10,86,0.00024548483519477133,0.00391917973059476,-0.003673694895399989,-0.6757398046371641,-0.0036102462997129937,-0.7306096053118906,-0.007465977434620756,-0.00018918322122014433
executive_officer_appointment,covered_call,21,85,0.006341939024207267,0.01189410197587936,-0.005552162951672094,-0.7979484779833869,0.0022634554858456464,0.36433559373891117,-0.0018150280525159718,0.007785647867122242
executive_officer_appointment,covered_call,42,84,0.014860866188076471,0.019844959745417143,-0.004984093557340672,-0.5652144616432124,0.010968968730352718,1.3866388147584365,0.007077071272628958,0.01573510555843553
executive_officer_appointment,covered_call,63,82,0.028769713945133165,0.03174168012334701,-0.0029719661782138425,-0.2837898313242482,0.024918543199732697,2.7348889074129934,0.02106737245433223,0.027604461176713432
executive_officer_appointment,covered_call,exp,79,0.0285957285697637,0.042986178037128744,-0.014390449467365046,-1.1636586118428642,0.024641636585087574,2.2458107059473047,0.02068754460041143,0.038905878526248557
executive_officer_appointment,protective_put,1,86,-0.00041788347018755867,0.000988612079998997,-0.0014064955501865558,-0.7567230058905289,-0.003984476509686901,-2.255697349540873,-0.007551069549186242,-0.002587633825272433
executive_officer_appointment,protective_put,2,84,0.0035675625228331277,0.002400702883132789,0.0011668596397003388,0.3882597569896417,-2.5836550279046435e-05,-0.009035049305822869,-0.0036192356233912194,-0.0011798909169336274
executive_officer_appointment,protective_put,3,82,0.0013972409907745586,0.002972026099958796,-0.0015747851091842374,-0.4060770043088577,-0.0021919434937392405,-0.5917017768544794,-0.005781127978253043,-0.0005911418251397007
executive_officer_appointment,protective_put,5,82,8.464393552101433e-05,0.004510361384372277,-0.004425717448851263,-0.9122324000064622,-0.0034960159965165935,-0.7767870818167795,-0.007076675928554198,0.0009637108696910356
executive_officer_appointment,protective_put,10,83,0.0008162412816839394,0.007089173061995944,-0.006272931780312004,-1.0441904445736405,-0.002740487933329432,-0.5168099558686671,-0.006297217148342805,0.003560908924547327
executive_officer_appointment,protective_put,21,82,0.004159653075724224,0.015156893645834833,-0.01099724057011061,-1.3866213791881747,0.0005405728038244081,0.07960107666570733,-0.003078507468075407,0.011595826588702935
executive_officer_appointment,protective_put,42,84,0.01888235173567904,0.022648355334097287,-0.003766003598418246,-0.39401566309935493,0.01530369517843001,1.9857293367591977,0.011725038621180973,0.01908202558124995
executive_officer_appointment,protective_put,63,79,0.02368592406877349,0.03463308782686664,-0.010947163758093147,-0.8198518374499646,0.020048850607856265,1.7932763264423266,0.016411777146939047,0.031059487880794323
executive_officer_appointment,protective_put,exp,72,0.026227364603882305,0.029810738497170423,-0.003583373893288118,-0.2229853869909119,0.022561782781397734,1.6122762297852051,0.018896200958913166,0.0262412765032295
executive_officer_appointment,collar,1,86,-0.0005809771142074485,0.00032513437756935494,-0.0009061114917768034,-0.8488917793574384,-0.008045035102879105,-6.853981509858747,-0.015509093091550763,-0.0072379145673011356
executive_officer_appointment,collar,2,84,0.00269772676356966,0.001112410555846341,0.0015853162077233188,0.7122092456469192,-0.00483978153853414,-2.2681878930828203,-0.01237728984063794,-0.006463251444685454
executive_officer_appointment,collar,3,82,0.00160064752430312,0.0012612320464555138,0.00033941547784760613,0.1406690258243949,-0.0059602029516196775,-2.5890857633521485,-0.013521053427542472,-0.006278827667963862
executive_officer_appointment,collar,5,82,0.0005289987507984976,0.0019037313486310891,-0.0013747325978325916,-0.5306160317034914,-0.006962771647074038,-2.8606279336420584,-0.01445454204494657,-0.005594798340795374
executive_officer_appointment,collar,10,83,-0.0006115853679212798,0.002733413170925211,-0.003344998538846491,-1.161718977639328,-0.007747681939505811,-2.928326164710436,-0.014883778511090339,-0.0047469626378616025
executive_officer_appointment,collar,21,81,0.002846134216789228,0.006987020549220891,-0.004140886332431664,-1.2016196220320479,-0.004446812795952589,-1.4432778057422653,-0.011739759808694404,-0.0005319316073396709
executive_officer_appointment,collar,42,84,0.010199422838124625,0.010980405905641514,-0.0007809830675168886,-0.17148783176083846,0.0029288688231518386,0.7242654416529517,-0.004341685191820952,0.0034493735732323964
executive_officer_appointment,collar,63,79,0.0158366157901438,0.020229507955885396,-0.0043928921657415965,-0.7124438832412663,0.008487782692158649,1.5306445502106705,0.0011389495941734945,0.012662789698152929
executive_officer_appointment,collar,exp,72,0.015237893917524784,0.02359513921897603,-0.008357245301451245,-1.064252860313933,0.007872292332308094,1.1100444238276732,0.0005066907470914049,0.01605587748968894
executive_officer_appointment,cash_secured_put,1,86,-0.0005350824652971284,0.00028201929742640176,-0.0008171017627235301,-0.8562303435629391,-0.0039016755047964705,-4.164732449862577,-0.007268268544295814,-0.0030803466223142516
executive_officer_appointment,cash_secured_put,2,85,0.00030667566012496805,0.0007512421822460728,-0.00044456652212110473,-0.41470162623965073,-0.0030690528934349424,-3.163456990283251,-0.006444781446994857,-0.0026107703651513233
executive_officer_appointment,cash_secured_put,3,86,0.00023378208292594457,0.0010185206588538573,-0.0007847385759279127,-0.4791946537283761,-0.0031328109565733975,-2.0079722179947046,-0.006499403996072739,-0.0023212352529753018
executive_officer_appointment,cash_secured_put,5,87,-0.0005189072003872582,0.0006507022132547061,-0.0011696094136419643,-0.49775597409762024,-0.0038650059443142977,-1.7303900436366904,-0.007211104688241336,-0.0026776289401831055
executive_officer_appointment,cash_secured_put,10,86,0.00028654977117608673,0.0005848735419929658,-0.00029832377081687904,-0.09764479113844036,-0.003061511079770913,-1.1307363763955218,-0.0064095719307179135,-0.002745316861710572
executive_officer_appointment,cash_secured_put,21,84,-0.000825918007763659,0.003762597326883716,-0.004588515334647375,-1.1884756776819025,-0.004207735459060663,-1.1988825820278735,-0.007589552910357663,0.0004257876814013113
executive_officer_appointment,cash_secured_put,42,87,0.004597445517132799,0.007107411285776417,-0.0025099657686436187,-0.513042742282827,0.0012513467732057609,0.28294286047142936,-0.0020947519707212765,0.0037955145587958345
executive_officer_appointment,cash_secured_put,63,81,0.010587166830665157,0.006615543841338335,0.003971622989326822,0.6366579537093832,0.007186743117568491,1.3439659688865047,0.003786319404471825,0.0032673007845242584
executive_officer_appointment,cash_secured_put,exp,76,0.005180258029771023,0.010441210387627577,-0.005260952357856554,-0.6831088469751835,0.0017536439961403495,0.2564073012523104,-0.0016729700374903266,0.007093722936960131
director_departure,long_call,1,89,-0.0009394139619405444,0.0003133718479429804,-0.0012527858098835248,-1.0806943519562784,-0.007696184271986384,-6.8869332754301915,-0.014452954582032223,-0.0065047184001676885
director_departure,long_call,2,90,0.0011171325401940159,0.0014801009953179548,-0.00036296845512393894,-0.22254562826625737,-0.005704544878705572,-3.9372889429629607,-0.012526222297605158,-0.0053237002823429734
director_departure,long_call,3,90,0.0005346770433270985,0.0010949527707112495,-0.000560275727384151,-0.28577683847727825,-0.00628700037557249,-3.6626820720456488,-0.013108677794472078,-0.005698915474556135
director_departure,long_call,5,91,0.003925857683453379,0.0017044074167793352,0.0022214502666740433,0.7794435857130233,-0.0029645147661625255,-1.1664962067969595,-0.009854887215778424,-0.005099436464381179
director_departure,long_call,10,90,0.005699674121892893,0.003525538047466169,0.0021741360744267245,0.45876172157965267,-0.0011403317204990435,-0.25816211473298084,-0.007980337562890986,-0.003276821345492971
director_departure,long_call,21,87,0.004533665152644938,0.007881028900651968,-0.0033473637480070303,-0.5123289021992418,-0.0021724928300162123,-0.360737233607521,-0.008878650812677365,0.0010599977486382627
director_departure,long_call,42,88,0.006557922270706043,0.010802358007166007,-0.004244435736459964,-0.47962267764289285,-0.00015622101382665646,-0.019531794352336238,-0.00687036429835936,0.0039805141286817485
director_departure,long_call,63,84,0.007654052052739553,0.0144527731905763,-0.006798721137836747,-0.6250403878918459,0.000797995108855177,0.08089594648157383,-0.006058061835029203,0.007671357700270518
director_departure,long_call,exp,84,-0.0021595421572642715,0.011523524036374907,-0.013683066193639178,-1.462098690610331,-0.00901833042639055,-1.1594055677479003,-0.01587711869551683,0.0047539015034229245
director_departure,covered_call,1,89,-0.0008859784805814057,0.0005259059873678635,-0.0014118844679492691,-0.9795425494713568,-0.004841384614402631,-3.568588336585798,-0.008796790748223858,-0.0035560840805531975
director_departure,covered_call,2,90,0.0008885986659567119,0.002103197221537552,-0.0012145985555808401,-0.6342278010940863,-0.0031471686153936133,-1.810513816194306,-0.007182935896743938,-0.0019589077978550864
director_departure,covered_call,3,88,0.0001977050887753463,0.0021985913784520216,-0.0020008862896766753,-0.8330377568869612,-0.003829102465499452,-1.7503290502821243,-0.007855910019774249,-0.0018485517285304922
director_departure,covered_call,5,90,0.0035131322992934654,0.002526608785121876,0.0009865235141715894,0.3170172854154871,-0.0005867250122267999,-0.21263516450211903,-0.004686582323747065,-0.0015318745614873199
director_departure,covered_call,10,88,0.0031993003330594502,0.005622816641521021,-0.002423516308461571,-0.5462885555752945,-0.0008637069399662755,-0.21155590138740413,-0.004926714212992001,0.0015674829951392495
director_departure,covered_call,21,85,0.004584806510800467,0.010365445962742581,-0.005780639451942114,-0.8631993100768155,0.0006406000394933235,0.10276584881719604,-0.0033036064318138236,0.006298224674243134
director_departure,covered_call,42,84,0.011213027513650423,0.018947390492554804,-0.007734362978904381,-0.8304583637076051,0.007247727136297126,0.8453750083356486,0.003282426758943827,0.014870383632713051
director_departure,covered_call,63,81,0.02402731449499623,0.029798516562791942,-0.005771202067795713,-0.5765589273798513,0.01995484123709745,2.217316136466568,0.015882367979198675,0.02570033354786169
director_departure,covered_call,exp,82,0.038116631434749935,0.03906859393789294,-0.0009519625031430071,-0.08939334182945485,0.03417857314201378,3.5720037236573963,0.030240514849277634,0.03505172699320337
director_departure,protective_put,1,88,-0.0006396101288628252,0.0004703235839474708,-0.001109933712810296,-0.7415947072928488,-0.004238530101209077,-3.0762336330740285,-0.007837450073555326,-0.0030592123173040953
director_departure,protective_put,2,88,0.001684863155692006,0.0021577546268542976,-0.0004728914711622917,-0.243882420754302,-0.0019140568166542457,-1.0686311811612055,-0.005512976789000492,-0.0013682738909848535
director_departure,protective_put,3,86,0.0009507366495554427,0.002378339724892124,-0.0014276030753366813,-0.5776737181420162,-0.002651882996166183,-1.1721703006357447,-0.006254502641887811,-0.0011381265803623109
director_departure,protective_put,5,88,0.005541687510027362,0.003218671004570208,0.0023230165054571542,0.6465723644313809,0.0018983579092992377,0.5767726728778492,-0.0017449716914288871,-0.0002893016129815517
director_departure,protective_put,10,86,0.005838783604714375,0.00579459739068149,4.418621403288504e-05,0.007523207128365844,0.0022053811064463584,0.39898179407942014,-0.001428021391821661,0.0022669375502756433
director_departure,protective_put,21,83,0.007426230238060675,0.011816718874171711,-0.004390488636111036,-0.523351976693331,0.00381844466847095,0.49178382211205723,0.00021065909888122865,0.008297010454197708
director_departure,protective_put,42,82,0.013767345985225887,0.020924477193257643,-0.007157131208031756,-0.6346673271831714,0.010259179318910681,1.00415925062727,0.006751012652595485,0.017391003235147116
director_departure,protective_put,63,77,0.011194460200630982,0.027974395921393967,-0.016779935720762987,-1.3367564559160932,0.007485742548351563,0.6677891267972947,0.0037770248960721435,0.024412659143319648
director_departure,protective_put,exp,78,0.008901667178465217,0.020549122148763123,-0.011647454970297906,-1.017803002677615,0.005274936988199667,0.5385051849789532,0.0016482067979341141,0.01701295030504095
director_departure,collar,1,88,-0.000888197224478596,0.00019025996120383988,-0.001078457185682436,-1.1530788425252123,-0.008244498996607333,-8.410921517759663,-0.015600800768736062,-0.007231452215738273
director_departure,collar,2,88,0.0007323424710252775,0.001391420961833013,-0.0006590784908077355,-0.591748461231722,-0.00662395930110346,-6.292571881867819,-0.013980261073232192,-0.006002944997055409
director_departure,collar,3,85,-0.00017785580274083418,0.0019087589924394932,-0.0020866147951803275,-1.6592861817084594,-0.007516181684818437,-6.1641347034598155,-0.014854507566896043,-0.0054601163479774655
director_departure,collar,5,87,0.002592029200215788,0.0018812655450137835,0.0007107636552020045,0.3330714653392054,-0.004847998503253767,-2.3342406552884185,-0.012288026206723323,-0.005483863775751839
director_departure,collar,10,86,0.0018676558550770612,0.003365404479577015,-0.0014977486244999538,-0.5653109073473866,-0.005549179004651344,-2.179514652975608,-0.012966013864379747,-0.004020960104132542
director_departure,collar,21,83,0.0033591409883905756,0.006585717379857246,-0.0032265763914666704,-0.8204599650476124,-0.00401218452908563,-1.0741883913259493,-0.011383510046561839,-0.0008009275559634128
director_departure,collar,42,82,0.008250991991077913,0.011240748575252233,-0.0029897565841743197,-0.5653428089351497,0.0009574412112121293,0.19467174734112622,-0.006336109568653658,0.0038323759158411454
director_departure,collar,63,76,0.01303546304361566,0.0189669299844889,-0.00593146694087324,-0.9185601156946845,0.005394005116543678,0.911918436148833,-0.002247452810528307,0.01148940543816553
director_departure,collar,exp,77,0.01980745278302058,0.021965972352717047,-0.002158519569696468,-0.3078884925904593,0.012403673186710432,1.9671140612594107,0.004999893590400286,0.014597559516019171
director_departure,cash_secured_put,1,90,-4.4763999751878985e-05,0.00029078043340489366,-0.0003355444331567726,-0.4057517468919032,-0.0035329930054702795,-4.358024093776957,-0.007021222011188679,-0.003036431548779407
director_departure,cash_secured_put,2,89,7.475387233726217e-05,0.0007036094965784617,-0.0006288556242411995,-0.5540305981152684,-0.0033867286667690617,-3.020348055298011,-0.006848211205875386,-0.002623918099917343
director_departure,cash_secured_put,3,88,0.00017341080755722512,0.000549095934321046,-0.00037568512676382085,-0.24906462704248755,-0.003302283289171769,-2.2744153152201285,-0.006777977385900764,-0.002771750386322936
director_departure,cash_secured_put,5,88,0.0006269427065882561,0.0005723698075176353,5.4572899070620814e-05,0.020011183925097122,-0.0028163868941398673,-1.070304168958159,-0.00625971649486799,-0.00274621239031965
director_departure,cash_secured_put,10,89,0.000314329275320645,0.0015362016881535487,-0.0012218724128329039,-0.520169148434456,-0.0031471532637856793,-1.443031526507202,-0.006608635802892001,-0.0017874962173619396
director_departure,cash_secured_put,21,88,0.0016215131779598192,0.0032375892954105818,-0.0016160761174507626,-0.4650824224718088,-0.0018457853341941439,-0.5845373458651221,-0.005313083846348104,-7.765784728048018e-05
director_departure,cash_secured_put,42,86,0.0011377743885843158,0.005187405967666293,-0.004049631579081977,-0.8185397935121428,-0.002296170457515075,-0.5129848967227029,-0.005730115303614464,0.0018778008738480666
director_departure,cash_secured_put,63,81,0.008603801831421643,0.009429903472137421,-0.0008261016407157783,-0.16087313210512097,0.0050677880063468815,1.1011489292163386,0.0015317741812721206,0.006094728224170666
director_departure,cash_secured_put,exp,81,0.016296105557398584,0.01245169571487182,0.0038444098425267637,0.6901246995561916,0.012812883443029301,2.6199158002055474,0.009329661328660028,0.009113517993814166
director_appointment,long_call,1,87,0.0008618601999017872,-0.00020474539679201392,0.0010666055966938011,0.857400528193029,-0.006112534185021559,-5.031544070648197,-0.013086928569944908,-0.007203656521281646
director_appointment,long_call,2,86,-0.000681616459684696,0.0008977247622911235,-0.0015793412219758194,-0.791194174343257,-0.007654081187996204,-4.038914144244836,-0.014626545916307711,-0.006099060677246452
director_appointment,long_call,3,86,-0.0005813834821879005,0.0010773985558155657,-0.0016587820380034662,-0.7135858148719734,-0.007553848210499409,-3.5438782861516223,-0.01452631293881091,-0.005923287518942293
director_appointment,long_call,5,85,2.8834560514688715e-05,0.0015006097798206197,-0.001471775219305931,-0.513687984070177,-0.006939464097060473,-2.7382101808403987,-0.013907762754635629,-0.005497585629411344
director_appointment,long_call,10,85,0.0008346898456597836,0.0014206362783186642,-0.0005859464326588806,-0.14091472690345447,-0.006094390808904537,-1.6214507383351056,-0.01302347146346886,-0.00556770733556126
director_appointment,long_call,21,85,0.005065310701494155,0.004417253138782405,0.0006480575627117501,0.1173578713683184,-0.0018951884545817088,-0.3886309881460113,-0.00885568761065758,-0.0025717701876960216
director_appointment,long_call,42,87,0.0030654263681671456,0.008208913613346927,-0.005143487245179781,-0.6117321290531367,-0.003908968016756201,-0.5144534368925138,-0.010883362401679546,0.001229275645423627
director_appointment,long_call,63,82,0.009407105112481256,0.011460370235942508,-0.002053265123461252,-0.17207872083646839,0.0024715004546919887,0.2240139947442316,-0.004464104203097276,0.004461711218218044
director_appointment,long_call,exp,81,0.014645755749898856,0.0069567402557310035,0.007689015494167853,0.5864652836776081,0.007650659589123648,0.6382662217839489,0.0006555634283484361,8.553051834543784e-06
director_appointment,covered_call,1,86,0.0008053954170604471,3.8310271455675874e-05,0.0007670851456047712,0.5222459079544333,-0.0034752510829192938,-2.476859567427746,-0.007755897582899032,-0.0042806706188241025
director_appointment,covered_call,2,85,-0.0009867121315202856,0.0011525288435238236,-0.0021392409750441094,-0.7099377253444232,-0.005287609356191113,-1.8150101676613342,-0.009588506580861942,-0.0031588063327806135
director_appointment,covered_call,3,85,-0.0021457144882728097,0.0018222276368637454,-0.003967942125136555,-1.0626842246464834,-0.006446611712943635,-1.8005587696649104,-0.010747508937614461,-0.0024933844255413382
director_appointment,covered_call,5,83,-0.000258506944139394,0.003020189241422128,-0.003278696185561522,-0.8923855665082121,-0.004562335357939214,-1.342076687522083,-0.008866163771739035,-0.001312293942860512
director_appointment,covered_call,10,81,0.0034194643603360796,0.003089085575989043,0.00033037878434703663,0.06861934169103408,-0.000908904830996785,-0.20589231762990154,-0.005237274022329651,-0.0012113427911006791
director_appointment,covered_call,21,83,0.009183962167617117,0.009529247259951884,-0.0003452850923347673,-0.05510495143354289,0.0048571129856126855,0.8506130781850151,0.0005302638036082587,0.00519929741817224
director_appointment,covered_call,42,85,0.007456882022871286,0.019876432083106403,-0.012419550060235117,-1.2381681576216341,0.00315441068759216,0.33733123887729743,-0.0011480606476869716,0.015551864274050382
director_appointment,covered_call,63,79,0.027362376078225514,0.028669154245837034,-0.00130677816761152,-0.1224046460409142,0.023052269744852007,2.3604032719584858,0.018742163411478496,0.024324418581334783
director_appointment,covered_call,exp,77,0.041288273462874156,0.0399010953965603,0.001387178066313853,0.12028357737727496,0.03692736046708286,3.5035585637186806,0.03256644747129152,0.03563975701569729
director_appointment,protective_put,1,87,0.0015717267039248549,0.00010749417215282816,0.0014642325317720268,0.9885608337354733,-0.0022217794278562063,-1.6033205012977585,-0.00601528555963727,-0.0035477005538784145
director_appointment,protective_put,2,86,0.0004581242675053007,0.0015212688419977527,-0.001063144574492452,-0.439353675494022,-0.0033325584831036684,-1.4708528364182094,-0.007123241233712636,-0.0021314343035691084
director_appointment,protective_put,3,86,-0.00034058417412722355,0.0018304878465610554,-0.002171072020688279,-0.7190712473323086,-0.004131266924736193,-1.471712399973783,-0.00792194967534516,-0.0018343402135329709
director_appointment,protective_put,5,84,0.002001634866062712,0.002850136566012323,-0.0008485016999496111,-0.23967885585419332,-0.0017834547590826334,-0.5601181936414019,-0.005568544384227979,-0.0007980588930518734
director_appointment,protective_put,10,82,0.003963982380900218,0.003921391852604498,4.2590528295720007e-05,0.008003554431568702,0.00017792982070616645,0.03647908858533699,-0.003608122739487884,0.000283461035722244
director_appointment,protective_put,21,84,0.01068304270926891,0.00911917024232259,0.0015638724669463193,0.2246244022958892,0.006895384093152189,1.1115583814081162,0.0031077254770354684,0.005433247752111173
director_appointment,protective_put,42,84,0.009574496090662807,0.01741194952622365,-0.007837453435560844,-0.7296270239843025,0.005780291315207782,0.5923803980350647,0.001986086539752755,0.013776364040417616
director_appointment,protective_put,63,79,0.019749621577665175,0.021770173577186563,-0.002020551999521388,-0.13761119153226292,0.01588509651410304,1.1665695329554349,0.012020571450540902,0.01808211840675011
director_appointment,protective_put,exp,76,0.029420932776225733,0.015836502933763198,0.013584429842462536,0.8651036614780405,0.02551241105277126,1.7470866888105654,0.021603889329316773,0.012179960177969646
director_appointment,collar,1,86,0.0012716361596922874,0.00016202218345564177,0.0011096139762366457,1.3264089540909332,-0.006583275289694295,-7.321643793807443,-0.014438186739080884,-0.007627345071966618
director_appointment,collar,2,85,0.0010511625558544601,0.0008820437528758544,0.0001691188029786057,0.12974508502398382,-0.006820916653950573,-5.318777571027608,-0.014692995863755604,-0.006896097673973725
director_appointment,collar,3,85,-0.00042677113463026966,0.0012155512641199792,-0.0016423223987502488,-0.9284853316922654,-0.008298850344435303,-5.004371769834713,-0.016170929554240338,-0.006577848509538589
director_appointment,collar,5,83,0.001467015042073983,0.001950944484484808,-0.0004839294424108249,-0.2683353516669256,-0.006401864946379393,-3.896002687886124,-0.014270744934832772,-0.0058431160352534995
director_appointment,collar,10,81,0.0028538185061439034,0.0024349053799014807,0.0004189131262424227,0.16062948490636547,-0.005072217339050626,-2.1041542862718328,-0.012998253184245157,-0.005316532736119729
director_appointment,collar,21,83,0.007087011528112328,0.006294519824161041,0.0007924917039512872,0.23686147226373633,-0.0008074891712154798,-0.25924057533623607,-0.008701989870543287,-0.0015420251053093613
director_appointment,collar,42,83,0.007439385036053945,0.011650156441326264,-0.004210771405272319,-0.8204147485086245,-0.00045462846840739745,-0.09514921085508858,-0.008348641972868739,0.003883584070708765
director_appointment,collar,63,78,0.014463846159544812,0.016635031993917377,-0.002171185834372565,-0.3232439781393698,0.006474794307867688,1.0353003555107214,-0.001514257543809439,0.008784832461520889
director_appointment,collar,exp,75,0.02116766414420561,0.020979787222684197,0.00018787692152141128,0.024623729933595746,0.013067829727401028,1.8753847248341913,0.004967995310596452,0.013202321290492154
director_appointment,cash_secured_put,1,87,-0.00040218736305679326,-0.00013702095412711636,-0.0002651664089296769,-0.29598777626303163,-0.003995693494837856,-4.6283790596684575,-0.007589199626618916,-0.0035873707936948866
director_appointment,cash_secured_put,2,87,-0.0019176591301880098,0.00021431923061011204,-0.002131978360798122,-1.1419548772921986,-0.005511165261969071,-3.0131953733147396,-0.009104671393750131,-0.003234316605164604
director_appointment,cash_secured_put,3,86,-0.0015633786539074653,0.0005027026975774655,-0.0020660813514849306,-0.9706941847273539,-0.005154061404516435,-2.487144576183597,-0.008744744155125403,-0.002952975467485492
director_appointment,cash_secured_put,5,87,-0.001423585934271023,0.0006701441229792184,-0.0020937300572502412,-0.9755747535804111,-0.005017092066052086,-2.4555347162180143,-0.008610598197833146,-0.002783068948232644
director_appointment,cash_secured_put,10,87,0.0008792905546159954,4.692741988021564e-05,0.0008323631347357797,0.34247037371149974,-0.002714215577165066,-1.2468941840669603,-0.006307721708946126,-0.0034019684943799615
director_appointment,cash_secured_put,21,87,0.002446763601694964,0.0028696278608580554,-0.0004228642591630914,-0.13395263894755302,-0.0011467425300860981,-0.40889555229750535,-0.004740248661867159,-0.0005884404291594057
director_appointment,cash_secured_put,42,85,0.00016210648598698465,0.006117659359716632,-0.005955552873729647,-1.0437985819810167,-0.003415847532244647,-0.6412880343835661,-0.006993801550476273,0.002672687013229213
director_appointment,cash_secured_put,63,84,0.009287708858372688,0.008849396013676084,0.00043831284469660406,0.07837408071758623,0.005662250173000505,1.1282509730625347,0.002036791487628325,0.00538974510516859
director_appointment,cash_secured_put,exp,81,0.015844642715833933,0.013331056259160262,0.002513586456673671,0.4170179420290679,0.012220599696823865,2.2767833400348665,0.008596556677813805,0.009857230046106766
dividend_declaration,long_call,1,72,0.0009006938082605428,0.00226926899743873,-0.0013685751891781874,-0.44632106385953957,-0.006786489265615587,-2.8863491292885812,-0.014473672339491714,-0.005004080450483774
dividend_declaration,long_call,2,72,-0.0004650337451322047,0.003244553224846837,-0.003709586969979042,-1.1931984764251746,-0.008152216819008334,-3.287089776498541,-0.01583939989288446,-0.004028796223075667
dividend_declaration,long_call,3,72,0.000665091361956477,0.004954535052742467,-0.00428944369078599,-1.070170399439325,-0.007022091711919652,-2.2753366853724386,-0.01470927478579578,-0.0023220463138155403
dividend_declaration,long_call,5,68,0.0026177504608021073,0.008535358371908861,-0.005917607911106754,-1.042754163398788,-0.004838635714106189,-1.3506657635553279,-0.012295021889014483,0.0012647933488993603
dividend_declaration,long_call,10,71,0.002609329116284171,0.011258743721649332,-0.008649414605365162,-1.3934852810340164,-0.0050484432934029145,-1.3276900724178398,-0.01270621570309,0.004021054912943456
dividend_declaration,long_call,21,67,0.008870691877219124,0.019822389612199343,-0.010951697734980219,-1.0133319960964775,0.0015350685407766107,0.23906174173587,-0.005800554795665894,0.012584700803493474
dividend_declaration,long_call,42,68,0.007165099583464695,0.053012981647625405,-0.04584788206416071,-2.2871085767824755,-0.00041780181204802884,-0.043517504388701105,-0.008000703207560753,0.04576042932381916
dividend_declaration,long_call,63,67,0.009052388092025177,0.0672633113385228,-0.058210923246497626,-2.019909913840194,0.0015125330228116505,0.10848830666796182,-0.006027322046401871,0.06044860311008299
dividend_declaration,long_call,exp,68,0.019167176295033485,0.0885851376812004,-0.0694179613861669,-1.8622373757704558,0.011616343134155948,0.6509851045739061,0.004065509973278405,0.08137710802609775
dividend_declaration,covered_call,1,72,-0.0007087203864917862,0.0006055538750306495,-0.0013142742615224357,-0.4840240393180602,-0.005632036016246627,-3.4085980199671235,-0.010555351646001467,-0.003938404925883315
dividend_declaration,covered_call,2,72,-6.234673261532172e-05,0.002665595277784976,-0.002727942010400298,-0.878367202175351,-0.004985662362370164,-2.4765814132686264,-0.009908977992125008,-0.00186984683680054
dividend_declaration,covered_call,3,72,0.00034552040509592624,0.004511251191412231,-0.004165730786316304,-1.1640261622478676,-0.004577795224658916,-1.7530601807614017,-0.00950111085441376,-3.420805695417082e-05
dividend_declaration,covered_call,5,68,0.002585036426462288,0.010181012887748185,-0.0075959764612858974,-1.674204545610133,-0.0021970482355798413,-0.6636491237949637,-0.0069791328976219705,0.005609614318553781
dividend_declaration,covered_call,10,66,0.008389839974979343,0.013472219143358997,-0.005082379168379654,-0.8185593074338972,0.0034523000453847673,0.8724787691939517,-0.00148523988420981,0.008952494822018374
dividend_declaration,covered_call,21,63,0.012318453488772805,0.01993502796877074,-0.0076165744799979365,-0.8039505200266505,0.007563828674035106,1.2208239056529466,0.0028092038592974064,0.01540153042897953
dividend_declaration,covered_call,42,65,0.018724755540255,0.039431726983770635,-0.020706971443515635,-1.7475748418825001,0.013789917187496236,1.840258424074895,0.008855078834737478,0.0348815774757427
dividend_declaration,covered_call,63,63,0.02848115900242775,0.03911645553080828,-0.01063529652838053,-0.66143476007156,0.023644269897954397,2.28428095107081,0.01880738079348105,0.03502260826271599
dividend_declaration,covered_call,exp,65,0.04086125873131355,0.041947168372148125,-0.0010859096408345759,-0.06348690137115096,0.03607470323445916,3.442068735901435,0.03128814773760474,0.037969285636452306
dividend_declaration,protective_put,1,70,0.0006159519391322774,0.0016122889125605672,-0.0009963369734282898,-0.2683002437060089,-0.003045434637802793,-1.076021134113478,-0.006706821214737864,-0.0016628344554835924
dividend_declaration,protective_put,2,70,-0.0005015525875684296,0.003941360944768181,-0.00444291353233661,-1.175123330673232,-0.004162939164503501,-1.5953825836455406,-0.00782432574143857,0.0006607486942378273
dividend_declaration,protective_put,3,70,0.0015186566494868915,0.007660797429550679,-0.006142140780063788,-1.3115914724286257,-0.002142729927448178,-0.6352407214902172,-0.005804116504383249,0.004399738349064361
dividend_declaration,protective_put,5,66,0.0036555775290820517,0.01316953275538593,-0.00951395522630388,-1.4442748440152209,-0.00011799018054654285,-0.028612458266492072,-0.0038915578901751375,0.009908306801658114
dividend_declaration,protective_put,10,65,0.007309120810321963,0.01819699725659722,-0.010887876446275256,-1.387884747362162,0.003689018755256226,0.7832439275694064,6.891670019048781e-05,0.014936695950833504
dividend_declaration,protective_put,21,60,0.015529718065964475,0.02892476264991404,-0.013395044583949564,-0.9894319884998197,0.01184813361518768,1.404191533194323,0.008166549164410886,0.025656646037791272
dividend_declaration,protective_put,42,62,0.019702157907938837,0.07159514895741173,-0.0518929910494729,-2.1451840509862468,0.01622416437277474,1.3620024480586272,0.012746170837610652,0.06832809378575165
dividend_declaration,protective_put,63,62,0.027587495108572842,0.07697249555291852,-0.04938500044434568,-1.489698655217162,0.023991895057863057,1.425608503585731,0.020396295007153266,0.07378381607287902
dividend_declaration,protective_put,exp,59,0.03798806894649942,0.0687904481454313,-0.030802379198931876,-0.7934237147484674,0.03435208249771894,1.5941904368485438,0.030716096048938477,0.06584383548216638
dividend_declaration,collar,1,70,0.0002704039297978457,0.0003361039349817605,-6.570000518391479e-05,-0.040202148686618845,-0.00815238522893626,-6.498048257000324,-0.016575174387670363,-0.007299261919280603
dividend_declaration,collar,2,70,0.00028119628456176195,0.0014515877101190233,-0.0011703914255572613,-0.6232488860104287,-0.008141592874172343,-5.797425102579276,-0.016564382032906454,-0.006176411386335631
dividend_declaration,collar,3,70,0.0009277301086266093,0.002949015826104338,-0.0020212857174777285,-0.9654240175888971,-0.007495059050107496,-4.488409651586962,-0.015917848208841595,-0.0046704833653870795
dividend_declaration,collar,5,66,0.00222818373302993,0.006304477993153693,-0.004076294260123763,-1.5885310691240957,-0.006163584164514553,-3.3009947582755386,-0.014555352062059034,-0.0013183339067732972
dividend_declaration,collar,10,64,0.004396991523613821,0.00855079883178379,-0.0041538073081699685,-1.1383041068616149,-0.004014858684870262,-1.7655949374911706,-0.012426708893354345,0.0009549629134688493
dividend_declaration,collar,21,60,0.008533263159261735,0.01064494552441533,-0.002111682365153595,-0.3860577543093265,0.00024677825520589766,0.06778853603843413,-0.00803970664884994,0.00305327575827338
dividend_declaration,collar,42,62,0.013078360230045312,0.020970964838161493,-0.007892604608116182,-1.0810699374132418,0.004816307387198492,1.1035750226437362,-0.0034457454556483264,0.013349084902972977
dividend_declaration,collar,63,61,0.01793116088207482,0.02265306259790487,-0.004721901715830049,-0.49500914657871437,0.009653677623865925,1.847022553749599,0.0013761943656570223,0.015574184853704761
dividend_declaration,collar,exp,59,0.021287792056999353,0.019348589974791285,0.0019392020822080677,0.16591145443582475,0.012986584193587183,1.9896633986950827,0.0046853763301750095,0.012857320619609904
dividend_declaration,cash_secured_put,1,70,-0.0007504019776749224,0.00025349141268653127,-0.0010038933903614537,-0.6583220080907338,-0.0042117885546099935,-3.5614573586201335,-0.007673175131545064,-0.0028196730036387087
dividend_declaration,cash_secured_put,2,70,-0.0006578153132538214,0.0010660833427721362,-0.0017238986560259577,-0.9951966596353404,-0.0041192018901888925,-2.948666989263844,-0.007580588467123961,-0.0020070810735531024
dividend_declaration,cash_secured_put,3,70,-0.0005426191107093028,0.0021758409599420708,-0.0027184600706513734,-1.2254485423709425,-0.0040040056876443735,-2.093535895979376,-0.007465392264579446,-0.0008775605133918435
dividend_declaration,cash_secured_put,5,70,0.0002472453516167397,0.002885120390742982,-0.002637875039126242,-0.9855936632770953,-0.003214141225318332,-1.4082067526760706,-0.006675527802253402,-0.000187336507044647
dividend_declaration,cash_secured_put,10,68,0.004062740998830995,0.004937458633213833,-0.0008747176343828385,-0.2736866870818654,0.0006348043579897176,0.3140592395280922,-0.00279313228285156,0.001850235782912799
dividend_declaration,cash_secured_put,21,68,0.0048261084309938265,0.008880794910366223,-0.004054686479372396,-0.8802808319150321,0.0013153314836053672,0.4151730449834403,-0.00219544546378309,0.005810277769623295
dividend_declaration,cash_secured_put,42,68,0.006974438233351335,0.01696313024627087,-0.009988692012919537,-1.6204973792944501,0.003671968585036059,0.848997269284579,0.0003694989367207791,0.013906347262321487
dividend_declaration,cash_secured_put,63,68,0.00434209941048891,0.01776799820588965,-0.01342589879540074,-1.4212449208541975,0.000836040907962241,0.10665415403490187,-0.0026700175945644283,0.014654951708578457
dividend_declaration,cash_secured_put,exp,63,0.016418923486229666,0.014442951561788464,0.0019759719244412024,0.20174489171677124,0.012807045048650236,1.7541435627709672,0.009195166611070813,0.011520296145573768
credit_facility,long_call,1,56,0.0005060611563275659,0.0004118425859210052,9.421857040656077e-05,0.06866507694069689,-0.00595767220767063,-5.005332423362305,-0.012421405571668825,-0.0062853601801033335
credit_facility,long_call,2,56,0.00015583049104411873,0.0014807661350514066,-0.0013249356440072878,-0.6489191855916011,-0.006307902872954075,-3.735642602098359,-0.01277163623695227,-0.005219872437137311
credit_facility,long_call,3,58,-2.2559771838025725e-05,0.0007607512425416256,-0.0007833110143796513,-0.2701671246677374,-0.0064532118188239665,-2.5215140721026112,-0.012883863865809907,-0.005926156564868358
credit_facility,long_call,5,58,-0.00039201774329592707,8.898415127906225e-05,-0.00048100189457498933,-0.13716409988375586,-0.006822669790281869,-2.3476907615844147,-0.01325332183726781,-0.00659739798474376
credit_facility,long_call,10,56,0.002598614378877808,0.0020922169001045096,0.0005063974787732984,0.09497066783727563,-0.00383864628172923,-0.8174965182209223,-0.010275906942336275,-0.00462114095928038
credit_facility,long_call,21,56,0.008874539772749457,0.003912375306090111,0.004962164466659346,0.588310844459917,0.0024032005664287354,0.31515859472155267,-0.004068138639891986,-0.0028136675289394952
credit_facility,long_call,42,54,0.0070578014629931116,0.008275027081116035,-0.0012172256181229232,-0.10585116388027226,0.0005794436967476703,0.05715816371075281,-0.005898914069497768,0.0015369488287762837
credit_facility,long_call,63,51,0.004760893336549619,0.004046105128924665,0.0007147882076249546,0.051357616172644074,-0.0018845686105998208,-0.15104860684036295,-0.008530030557749263,-0.0026347361291498934
credit_facility,long_call,exp,54,0.014556427383948812,0.004454105097220845,0.010102322286727968,0.5782987794434716,0.008042728903629925,0.5150741438583992,0.0015290304233110386,-0.002240734435293422
credit_facility,covered_call,1,55,0.000741216204988152,0.00010604246421101812,0.0006351737407771339,0.34133152828160773,-0.003300480428303626,-1.9747187726245934,-0.0073421770615954025,-0.0038805027732457596
credit_facility,covered_call,2,56,0.0006074496788755889,0.0014588184094943982,-0.0008513687306188093,-0.3252557386885683,-0.00340962352472423,-1.4549365740540687,-0.0074266967283240495,-0.002520225590689974
credit_facility,covered_call,3,55,-0.0020057517907982347,0.0013110116351678271,-0.003316763425966062,-0.8859449484973329,-0.00600212380735409,-1.7193507012834033,-0.009998495823909942,-0.0026569980734157824
credit_facility,covered_call,5,53,-0.0014194582982790412,0.0004943673426623088,-0.00191382564094135,-0.35883995078533587,-0.005481549399040754,-1.0960101321222568,-0.009543640499802468,-0.0035066831347038046
credit_facility,covered_call,10,56,0.004534103452023651,0.0029143051766995953,0.001619798275324056,0.2818045902004371,0.0005796502671468669,0.11170093905751599,-0.003374802917729918,-0.001073310726782555
credit_facility,covered_call,21,54,0.009890899110282188,0.007799213377357626,0.0020916857329245616,0.2425591099721856,0.005904470381115316,0.7391408993210014,0.0019180416519484478,0.0037908572791921936
credit_facility,covered_call,42,52,0.016166507607391842,0.014311817493842869,0.0018546901135489732,0.15679628119154376,0.012113333325540269,1.119693321053525,0.008060159043688703,0.010306898105420298
credit_facility,covered_call,63,48,0.0323344518935956,0.023254006831665494,0.009080445061930106,0.7258986985338758,0.028183045240714365,2.5473331194461144,0.02403163858783311,0.019168443042317906
credit_facility,covered_call,exp,52,0.05319500008822661,0.03719075407261749,0.016004246015609125,1.1487409950815362,0.04912466298705758,3.9661584476268237,0.045054325885888535,0.033157935683379824
credit_facility,protective_put,1,55,0.00034377328772965007,0.0004476936663011219,-0.00010392037857147183,-0.05453654070159119,-0.0035119546953520215,-1.990145217644088,-0.007367682678433696,-0.003039547042816571
credit_facility,protective_put,2,54,0.0002831645688566422,0.0021485551421783575,-0.0018653905733217154,-0.6937959578145968,-0.0035959150919129467,-1.575862528033875,-0.007474994752682538,-0.00136052574851675
credit_facility,protective_put,3,55,-0.0009570804390516272,0.0013580488729097561,-0.0023151293119613833,-0.5989183739491801,-0.004812808422133297,-1.3818337210022011,-0.008668536405214967,-0.0021321482199157926
credit_facility,protective_put,5,54,-0.0018889245735123784,-2.4520029061609428e-05,-0.001864404544450769,-0.3702733248250441,-0.005880977903488901,-1.3270403575055847,-0.009873031233465425,-0.0035086313012357173
credit_facility,protective_put,10,54,0.004834249364697609,0.0036117043766020714,0.0012225449880955371,0.17603020783217305,0.0008106976190139091,0.13243271071776716,-0.0032128541266697934,9.99751949113559e-05
credit_facility,protective_put,21,52,0.013530271971259016,0.009701582812082917,0.003828689159176099,0.3473500229829679,0.009780823325218577,0.9776242006904272,0.006031374679178137,0.006204639864801281
credit_facility,protective_put,42,50,0.014072921004826608,0.018788174907210305,-0.004715253902383696,-0.3085888897536159,0.010103151971151686,0.7436758776985138,0.006133382937476766,0.01529360588198995
credit_facility,protective_put,63,47,0.017652784303492392,0.013464587046233729,0.004188197257258663,0.2363580678276668,0.013835045652482494,0.8808313197342549,0.010017307001472592,0.009898649732067975
credit_facility,protective_put,exp,49,0.03968164031436276,0.01040164972845446,0.0292799905859083,1.3619616211382795,0.035687480933045135,1.8269745026043787,0.03169332155172752,0.0068638300520971205
credit_facility,collar,1,54,-7.248998896416757e-05,-4.442418758441699e-05,-2.8065801379750587e-05,-0.021779661777856313,-0.00783421767341914,-6.427244244399851,-0.01559594535787411,-0.007353625871192706
credit_facility,collar,2,54,0.0005299263701428908,0.0011280198924738672,-0.0005980935223309764,-0.3996275906002637,-0.007231801314312081,-5.7912995277727255,-0.014993528998767058,-0.006183166630021897
credit_facility,collar,3,54,-0.0013952630711191194,0.0008276467521193386,-0.0022229098232384578,-1.2431984510996352,-0.009097680439294894,-5.909179837134465,-0.01680009780747067,-0.006472199749294056
credit_facility,collar,5,52,-0.0006084645870628816,-0.0007210417525091505,0.00011257716544626898,0.05104229967982384,-0.008373219073815035,-4.427477491825387,-0.016137973560567183,-0.008048807403464498
credit_facility,collar,10,54,0.002454319004839001,0.0013418872029823496,0.0011124318018566515,0.3325626768585741,-0.005358428176049079,-1.7553343147298897,-0.01317117535693716,-0.005980519037872507
credit_facility,collar,21,52,0.005804077735128451,0.004520318337266628,0.0012837593978618222,0.27860512061384396,-0.0018182153797667148,-0.4306039127475276,-0.009440508494661885,-0.00282501257584507
credit_facility,collar,42,50,0.007779266863563381,0.008928591550813146,-0.001149324687249765,-0.16584009842770966,-0.00010462357491066693,-0.016589081635217162,-0.007988514013384714,0.001591717416650071
credit_facility,collar,63,46,0.014378620409608755,0.011840039723977788,0.0025385806856309673,0.30580354473671034,0.006491620337328196,0.8784315302846671,-0.0013953797349523622,0.004261700336085151
credit_facility,collar,exp,49,0.030428188927526925,0.018307083429595188,0.012121105497931738,1.3390043219245586,0.022466088714410016,2.8328800328480717,0.014503988501293114,0.010847507099583755
credit_facility,cash_secured_put,1,56,0.0006760541919495131,9.511486526465097e-05,0.0005809393266848621,0.657183309603024,-0.003117241376245326,-3.78433652842865,-0.006910536944440164,-0.003189777000340837
credit_facility,cash_secured_put,2,54,0.00023358934913658247,0.00023494155715838636,-1.3522080218038941e-06,-0.0008712231754426534,-0.0034454903116330066,-2.4150830275153883,-0.007124569972402598,-0.0030549207691511326
credit_facility,cash_secured_put,3,55,-0.0006756044250685691,0.0006844127558084673,-0.0013600171808770363,-0.5627901452328333,-0.00433133240815024,-1.8648536726304517,-0.007987060391231912,-0.0025997687325595466
credit_facility,cash_secured_put,5,56,0.0003381313869606833,0.0006068748860989489,-0.00026874349913826555,-0.07524815256829842,-0.003455164181234156,-1.0167835258751041,-0.007248459749428994,-0.002673863780633286
credit_facility,cash_secured_put,10,54,0.0021897142296112993,0.0013401974661722785,0.0008495167634390208,0.24735524897711866,-0.001633837516072402,-0.5167916454322762,-0.0054573892617561,-0.0019467375645420035
credit_facility,cash_secured_put,21,53,0.0037881542211732682,0.0038382866093699757,-5.013238819670746e-05,-0.011206780857313966,9.823608655019472e-05,0.02350306948237007,-0.003591682048072876,0.000564627370744057
credit_facility,cash_secured_put,42,51,0.008680188481127019,0.005306145711038459,0.0033740427700885596,0.5560704571070783,0.00476160094322182,0.8667437414630592,0.00084301340531662,0.0020374931270754934
credit_facility,cash_secured_put,63,51,0.010594226658951805,0.008370859073555323,0.0022233675853964817,0.2878543007581774,0.006779891780418886,0.9525951542981586,0.002965556901885967,0.00503393126079401
credit_facility,cash_secured_put,exp,51,0.020737072221222147,0.013062219387058023,0.007674852834164124,0.9643960845644237,0.016988902337340708,2.385949943378064,0.01324073245345927,0.009749735227665993
guidance_issuance_or_update,long_call,1,53,0.001523736006536846,-0.0001153107990474885,0.0016390468055843346,0.8869428350965486,-0.005462756593097646,-3.0666551765425702,-0.01244924919273214,-0.0071977118614441156
guidance_issuance_or_update,long_call,2,53,0.004831843330382001,0.001090556987840623,0.003741286342541378,0.8989204489179679,-0.0021546492692524908,-0.5533598820774432,-0.009141141868886985,-0.005987408541053264
guidance_issuance_or_update,long_call,3,53,0.004390277634397259,0.001881080507933427,0.0025091971264638324,0.6412083900276198,-0.0025962149652372334,-0.7320048163826155,-0.009582707564871725,-0.005200164968791863
guidance_issuance_or_update,long_call,5,53,0.003098721240905033,0.0031374080372163593,-3.8686796311326356e-05,-0.008906886635188268,-0.0038877713587294606,-1.1085384333600043,-0.010874263958363948,-0.0039364344221724905
guidance_issuance_or_update,long_call,10,52,0.011952847882329502,0.0028007437841278356,0.009152104098201667,1.1858655589176088,0.005072571815049643,0.766355606465646,-0.0018077042522302138,-0.00427194777699924
guidance_issuance_or_update,long_call,21,53,0.015796584957854617,0.00113237394499846,0.014664211012856157,1.3240750457968828,0.008810092358220131,0.9364315219756829,0.0018235997585856385,-0.005961810637411736
guidance_issuance_or_update,long_call,42,49,0.014643367139244195,0.0019133213230742572,0.012730045816169938,0.8537492562654182,0.007876599575853951,0.6064230053417237,0.00110983201246371,-0.005198103987628982
guidance_issuance_or_update,long_call,63,51,0.009596879754298725,-0.002608693915685772,0.012205573669984498,0.6803822404164533,0.0026226424029017537,0.17305492605237313,-0.00435159494849522,-0.009761685571019077
guidance_issuance_or_update,long_call,exp,52,0.008738712517300982,-0.002508398875197976,0.011247111392498958,0.4704898204676101,0.00181630797277564,0.0850618125661488,-0.0051060965717497015,-0.00959892943507378
guidance_issuance_or_update,covered_call,1,53,0.0018334737479244617,0.0003741185832316985,0.0014593551646927632,0.6458085843034487,-0.002477558760698194,-1.1772135281394616,-0.006788591269320849,-0.0038956332663105456
guidance_issuance_or_update,covered_call,2,52,0.004588601491676888,0.001636431566355688,0.0029521699253212,0.9430063149564921,0.00021404232064867488,0.07747916849458586,-0.004160516850379539,-0.002641562443490554
guidance_issuance_or_update,covered_call,3,51,0.00528215511599881,0.0025264319569475,0.0027557231590513097,0.7190870425789566,0.0008559460220552576,0.2541136016595578,-0.0035702630718882937,-0.0018026934122074036
guidance_issuance_or_update,covered_call,5,48,0.003740729388939955,0.003546932152447285,0.00019379723649266996,0.03966038126407036,-0.00072010334937316,-0.1825151385257295,-0.0051809360876862755,-0.0007376589327041792
guidance_issuance_or_update,covered_call,10,50,0.006835278733058772,0.002836520507005708,0.003998758226053063,0.6011714535059105,0.0026112502310784856,0.5012244704217007,-0.0016127782709018039,-0.0014339685148080246
guidance_issuance_or_update,covered_call,21,48,0.016300771652936214,0.0015061250181870884,0.014794646634749126,1.8590019736277783,0.011856356081588632,2.135710430823403,0.0074119405102410565,-0.0027984114359411085
guidance_issuance_or_update,covered_call,42,46,0.018473551138330876,0.011721897775040119,0.006751653363290757,0.5017033955817134,0.014205085843507303,1.2474563335950448,0.009936620548683727,0.00738794759466723
guidance_issuance_or_update,covered_call,63,48,0.01577572398700799,0.014794705055740816,0.0009810189312671747,0.0578643126828325,0.011377748976061456,0.8186630925822244,0.0069797739651149176,0.010401857493737949
guidance_issuance_or_update,covered_call,exp,44,0.023306011431120974,0.028496602744478804,-0.005190591313357831,-0.2958047055931426,0.019373071227840055,1.323441905680071,0.015440131024559123,0.0241765648423873
guidance_issuance_or_update,protective_put,1,52,0.0012701568288487296,-4.2771491643776594e-05,0.0013129283204925061,0.5353474280979129,-0.0025663560831659838,-1.1229814251528227,-0.006402868995180697,-0.0036893552738471403
guidance_issuance_or_update,protective_put,2,51,0.007316812661272956,0.0014038718451539107,0.005912940816119046,1.1897248331649535,0.003449305894974429,0.729248992027858,-0.00041820087132409586,-0.002241547825969226
guidance_issuance_or_update,protective_put,3,50,0.0068861619959078,0.0032818647039490343,0.0036042972919587656,0.7286740408179714,0.0032118401101562566,0.7031082927171725,-0.00046248177559528764,-0.0002942933987180643
guidance_issuance_or_update,protective_put,5,48,0.004720042849264233,0.004262888861147885,0.00045715398811634837,0.07941905111098989,0.0010796685123584393,0.22245590987611177,-0.0025607058245473574,0.0006372105803949806
guidance_issuance_or_update,protective_put,10,49,0.014695342716664795,0.004686224391566103,0.010009118325098692,1.0383527367524836,0.01080205757383229,1.2916915566587708,0.0069087724309997815,0.0010508120285232841
guidance_issuance_or_update,protective_put,21,47,0.021470279795113796,0.002805795121936339,0.018664484673177457,1.4024822921949454,0.017703221254229854,1.5709501063762843,0.013936162713345914,-0.0008620112987413669
guidance_issuance_or_update,protective_put,42,45,0.022656305669367976,0.00490317598950723,0.017753129679860747,0.9529794529339817,0.018780547088942747,1.153922949930311,0.01490478850851753,0.00120511619564554
guidance_issuance_or_update,protective_put,63,48,0.010877005488776603,0.004868803988059259,0.006008201500717344,0.2811255984171797,0.006910926819986817,0.3908206922009291,0.0029448481511970327,0.0011512282116336765
guidance_issuance_or_update,protective_put,exp,45,0.0005456000865166555,0.006365013228787126,-0.00581941314227047,-0.25398998488230046,-0.003440636165903256,-0.1837555934429936,-0.007426872418323171,0.002665754742683641
guidance_issuance_or_update,collar,1,52,0.0007425970245846296,-0.0001983760621621683,0.0009409730867467979,0.5770059126704816,-0.007150851861950899,-4.33683280775113,-0.01504430074848643,-0.00796639328517455
guidance_issuance_or_update,collar,2,51,0.0037705857683181777,0.0003612793037240068,0.003409306464594171,1.6997468113491523,-0.004217568539383268,-2.279383102588021,-0.012205722847084708,-0.0074077078112493025
guidance_issuance_or_update,collar,3,50,0.0040180008396322525,0.0012574689966654941,0.002760531842966758,1.288212970291415,-0.003828573276303349,-1.9957253536690027,-0.01167514739223895,-0.006479602631474552
guidance_issuance_or_update,collar,5,48,0.002940140369759226,0.0019233139643573967,0.0010168264054018295,0.38107192268856904,-0.004961066705459685,-2.2979802233118027,-0.012862273780678597,-0.0058030843456680975
guidance_issuance_or_update,collar,10,49,0.004375745547952869,0.0022280933925963326,0.0021476521553565366,0.6092780791387327,-0.0033291545783267467,-1.219474957936577,-0.011034054704606359,-0.005518850402513016
guidance_issuance_or_update,collar,21,47,0.01075883424558004,0.0013717259254847456,0.009387108320095296,2.221442133039908,0.0029641234384284914,0.977885167208916,-0.004830587368723063,-0.006452484117492707
guidance_issuance_or_update,collar,42,45,0.010859324772512047,0.005024507007869897,0.005834817764642151,0.8015133431843348,0.0029606496153596357,0.46844711257156585,-0.004938025541792772,-0.002872384660082417
guidance_issuance_or_update,collar,63,47,0.00927447378779782,0.007707906729558266,0.0015665670582395543,0.16658503245751105,0.0010928892232781064,0.14174840996357302,-0.007088695341241604,-0.00023037355104762056
guidance_issuance_or_update,collar,exp,43,0.01128637085880252,0.010389534928534607,0.0008968359302679134,0.0807451727977616,0.003522124428874128,0.3743591273270821,-0.0042421220010542635,0.0024985484061590246
guidance_issuance_or_update,cash_secured_put,1,52,0.0006654492915473518,0.000567379002622282,9.807028892506986e-05,0.08184383937997948,-0.0029710636204673606,-2.7137748422532972,-0.006607576532482072,-0.002870006731486569
guidance_issuance_or_update,cash_secured_put,2,52,0.0004775640964732093,0.0012501909830799694,-0.0007726268866067601,-0.42057368528357075,-0.0031589488155415024,-1.8891403042082178,-0.006795461727556214,-0.0021837176052099017
guidance_issuance_or_update,cash_secured_put,3,52,0.0014807524420787847,0.0014070097179132613,7.374272416552346e-05,0.03716135173330068,-0.002155760469935928,-1.2577568987959342,-0.005792273381950639,-0.002010431300376485
guidance_issuance_or_update,cash_secured_put,5,52,0.001417401045125275,0.0013973866635698907,2.001438155538435e-05,0.007486000309163826,-0.002219111866889438,-1.0417091848638411,-0.00585562477890415,-0.002025847553884377
guidance_issuance_or_update,cash_secured_put,10,51,0.003076156289905454,0.0007330749403010124,0.002343081349604441,0.5710711338108995,-0.0006247815768346616,-0.18263780877658722,-0.004325719443574778,-0.0027004875004506407
guidance_issuance_or_update,cash_secured_put,21,51,0.0054072202521836905,0.0005505020582455968,0.004856718193938093,1.1484748314277682,0.0017062823854435756,0.6129490894875921,-0.0019946554812965396,-0.00288656435794539
guidance_issuance_or_update,cash_secured_put,42,51,0.006763224951817167,0.004848245182456376,0.001914979769360791,0.28532622564490656,0.003078334294442159,0.580059780750063,-0.0006065563629328489,0.0013981817380370552
guidance_issuance_or_update,cash_secured_put,63,49,0.0062332293977446175,0.005592147919811533,0.0006410814779330845,0.07113117570000521,0.002432075687084208,0.33408493508249065,-0.0013690780235762,0.0021194977787653475
guidance_issuance_or_update,cash_secured_put,exp,48,0.010020516568047078,0.011641642545056346,-0.001621125977009268,-0.16863778861474155,0.0062345798460364974,0.8446328665354517,0.0024486431240259197,0.008179981870681757
business_update,long_call,1,49,-9.613044712360404e-05,0.00034616145910475616,-0.0004422919062283602,-0.12936196577027043,-0.007328332248896146,-4.7462383882558665,-0.01456053405066869,-0.007683534436869968
business_update,long_call,2,49,0.0008597897946268421,0.0005024441120484376,0.0003573456825784045,0.05989564128800561,-0.006372412007145702,-2.5732348740634596,-0.013604613808918241,-0.007527251783926285
business_update,long_call,3,48,0.0007659798419980937,-0.0069738779211377866,0.00773985776313588,1.0034808950447118,-0.006446212860278397,-2.318944143923164,-0.013658405562554888,-0.015003573817112509
business_update,long_call,5,48,0.005656180500385259,-0.006336739140229685,0.011992919640614944,1.1166980437876795,-0.0015551232691753446,-0.374760927301814,-0.008766427038735945,-0.014373805938653691
business_update,long_call,10,48,0.004943327843648129,0.02826461882090862,-0.023321290977260493,-1.4039416223085635,-0.0022525738648172177,-0.4012578434549464,-0.009448475573282569,0.020227552022484604
business_update,long_call,21,46,0.0017080898634528776,0.04557549304608264,-0.043867403182629765,-1.809514370027392,-0.0053783359715609885,-0.7469305637988277,-0.012464761806574852,0.03753204468712207
business_update,long_call,42,48,0.017558896035421323,0.1543641268561847,-0.13680523082076337,-2.1650408997921415,0.010346703333144837,1.0018227687202388,0.0031345106308683438,0.1463344309602099
business_update,long_call,63,46,0.030856759428942008,0.11492099121173956,-0.08406423178279755,-1.4807880185292985,0.023743395427445933,1.7526040821599318,0.016630031425949855,0.10683732756800998
business_update,long_call,exp,48,0.03589571935969162,0.04217606681827209,-0.006280347458580464,-0.271308134679992,0.028740487409934252,1.649083906439677,0.02158525546017689,0.035510199739717044
business_update,covered_call,1,49,0.0005895332652779373,-0.0049215365276286645,0.005511069792906602,1.07338049047601,-0.003689981031731039,-2.5296037885162455,-0.007969495328740018,-0.010316740672031432
business_update,covered_call,2,47,0.0010357454599865942,-0.0046393923200988355,0.00567513778008543,0.7615305679796442,-0.0032892318678890164,-1.3095046286412733,-0.007614209195764631,-0.010048543943013192
business_update,covered_call,3,47,0.0019341936198089794,0.002528779439009454,-0.0005945858192004745,-0.16511389259549092,-0.0023936936369312115,-0.7643396863141024,-0.006721580893671402,-0.001393195708250983
business_update,covered_call,5,47,0.007375381234606984,-0.004422967795159952,0.011798349029766935,1.1655687144880247,0.0030172627755823494,0.6179527512537786,-0.0013408556834422832,-0.009846755235285805
business_update,covered_call,10,46,0.009361508740416103,0.022410944923154975,-0.013049436182738872,-0.843011717269191,0.005079735326311015,0.8020766667629958,0.0007979619122059255,0.01700537985045289
business_update,covered_call,21,42,0.011105718108309334,0.031942810210160495,-0.02083709210185116,-1.2672735336395213,0.006923430622287429,0.9813415123077704,0.002741143136265522,0.02650295739147134
business_update,covered_call,42,44,0.03900522574180121,0.04141061707602746,-0.0024053913342262506,-0.2102525576657113,0.034782915176613034,3.5293543866640746,0.030560604611424843,0.0375300513301174
business_update,covered_call,63,42,0.053008409486373136,0.04817891837405346,0.004829491112319673,0.3713795996223894,0.048878198312540325,4.599491724717319,0.04474798713870754,0.04413477433731117
business_update,covered_call,exp,45,0.05432179381237904,0.054127070966703744,0.00019472284567529502,0.010850020306127086,0.050202410698858814,3.1404296960391873,0.04608302758533861,0.05022121232369715
business_update,protective_put,1,49,-0.00041320719261507457,-0.0003874900316264368,-2.5717160988637756e-05,-0.005421063714708837,-0.003990659484682803,-1.8318130644967503,-0.007568111776750534,-0.0042961783028926375
business_update,protective_put,2,48,0.000813162561770079,-0.00019678295297630952,0.0010099455147463885,0.12794008790408676,-0.002791823604225307,-0.8686878689464164,-0.006396809770220696,-0.0041034775055725035
business_update,protective_put,3,47,0.0019093880364696781,-0.006813322167290421,0.008722710203760099,0.9188337045649143,-0.0015367059219385502,-0.4200864438759143,-0.004982799880346777,-0.0107345148046881
business_update,protective_put,5,47,0.007832175315473672,-0.004171271201721903,0.012003446517195576,0.9599751054606404,0.004370636082296209,0.8179547613590696,0.0009090968491187462,-0.008102045716260472
business_update,protective_put,10,46,0.010176816116608594,0.032649990821766284,-0.022473174705157688,-1.1487810581486604,0.006554037037232505,0.9172850781918006,0.002931257957856418,0.02874091761974325
business_update,protective_put,21,42,0.010746540440289934,0.056984195361626556,-0.04623765492133662,-1.6461270563639678,0.007473952194001667,0.8689548640559907,0.004201363947713406,0.05305674206105082
business_update,protective_put,42,44,0.038545021617489315,0.06286568088754549,-0.024320659270056173,-1.4378351430428393,0.03495062090543953,2.819126202473988,0.03135622019338975,0.059575404009071097
business_update,protective_put,63,42,0.0432271236248244,0.0660275379338332,-0.022800414309008803,-1.0812828407959107,0.039571043966044224,2.8064940401525833,0.035914964307264055,0.06263586290373231
business_update,protective_put,exp,40,0.040857573760221616,0.05247588659352671,-0.011618312833305097,-0.4104813688334733,0.03730604494320165,1.715694486483887,0.03375451612618166,0.049129103865014144
business_update,collar,1,49,-0.0008839233419420379,-0.0006668797690648039,-0.00021704357287723403,-0.07034949641226837,-0.008540889931018744,-6.0279135875440435,-0.016197856520095446,-0.009781127805079528
business_update,collar,2,47,0.00018994458764100955,-0.0005760108344424757,0.0007659554220834853,0.16690391614272104,-0.007506737203514007,-4.32302321411753,-0.015203418994669024,-0.009691857009953033
business_update,collar,3,47,0.0014210884461799218,0.0011087249630715415,0.0003123634831083803,0.13621303496344397,-0.0061528927689684975,-3.138772684252311,-0.013726873984116915,-0.005938603602748769
business_update,collar,5,47,0.004385947449618224,-0.007715953582235321,0.012101901031853546,1.7129333178958641,-0.003233710242583871,-1.2085705279549366,-0.010853367934785972,-0.016891064267510417
business_update,collar,10,46,0.004126200452404903,0.014547239921858928,-0.010421039469454024,-1.135497261591181,-0.0035783520410762716,-0.9995749732553726,-0.011282904534557447,0.005423335489025095
business_update,collar,21,42,0.007727629567171319,0.013139768026865287,-0.005412138459693968,-0.5581498587554259,0.0004727538348611537,0.10978884397926872,-0.0067821218974490165,0.003961237835175312
business_update,collar,42,44,0.022423623873751033,0.024948019420690675,-0.0025243955469396416,-0.3615432864126264,0.014806912596513074,2.5157107527285385,0.007190201319275116,0.017942661118044264
business_update,collar,63,40,0.030619484037277534,0.028189215338038677,0.002430268699238857,0.28672040595413356,0.023103504037394536,3.462544891211227,0.015587524037511532,0.020908151774666442
business_update,collar,exp,40,0.03135808537447322,0.028694061628394225,0.0026640237460789917,0.20598559200143474,0.023996510472841723,2.064797087305898,0.016634935571210242,0.021593868951985437
business_update,cash_secured_put,1,49,0.0014734566072199752,-0.00420479751902783,0.005678254126247805,1.7769694041342936,-0.0019039956848477542,-2.545333525480481,-0.0052814479769154815,-0.007913485790294026
business_update,cash_secured_put,2,49,0.0006793216087094106,-0.00404983688070417,0.004729158489413581,1.151690195226783,-0.0026981306833583183,-2.4013092753325633,-0.0060755829754260485,-0.007751604382039166
business_update,cash_secured_put,3,49,0.0011927701097167803,-0.007010391462758167,0.008203161572474948,1.555273016744858,-0.0021846821823509484,-1.6647602114485205,-0.005562134474418678,-0.010719424699686016
business_update,cash_secured_put,5,49,0.003840476662064428,0.003245212994982519,0.0005952636670819088,0.1262842911094724,0.0004630243699966997,0.1972880842699122,-0.002914427922071031,-0.0004825622424091476
business_update,cash_secured_put,10,49,0.003696186025418119,0.00798411751947579,-0.00428793149405767,-0.6045209016894879,0.00031873373335039037,0.10207162961052212,-0.003058718558717338,0.0042779409218774095
business_update,cash_secured_put,21,48,0.004209631700228182,0.01838052720101712,-0.014170895500788937,-1.6777986985455677,0.0008250541281271343,0.25270478232127047,-0.0025595234439739134,0.014668884961330488
business_update,cash_secured_put,42,49,0.011424634874328985,0.030343670883785187,-0.0189190360094562,-1.3443691010074394,0.008047182582261255,1.2065882520732774,0.004669730290193526,0.026632028644098544
business_update,cash_secured_put,63,45,0.017956636828457707,0.03147150837488603,-0.01351487154642832,-0.9363557657030395,0.014517074960738915,1.9533287940718114,0.011077513093020129,0.02773923346058893
business_update,cash_secured_put,exp,42,0.013567677611087615,0.019878314373938,-0.006310636762850385,-0.7435311278814538,0.010236380389818955,1.343413032840137,0.006905083168550301,0.016770208492727118
bylaw_amendment,long_call,1,44,0.00255917031248534,0.00019275404258372472,0.0023664162699016155,1.2136636320490313,-0.004648563859181599,-2.415647630684282,-0.01185629803084854,-0.0069109016099807435
bylaw_amendment,long_call,2,44,0.0025071612591565807,0.001176506525201914,0.0013306547339546667,0.6561834284397865,-0.00470057291251036,-2.5418829007752786,-0.011908307084177304,-0.005898364253384104
bylaw_amendment,long_call,3,44,0.0019935159281128235,0.0008372537013378209,0.0011562622267750028,0.5011779313102986,-0.005214218243554115,-2.487657764154575,-0.012421952415221054,-0.006235789990216118
bylaw_amendment,long_call,5,44,0.0013464785455762575,0.0013194519531273877,2.7026592448869784e-05,0.00754123842802765,-0.005861255626090684,-1.9396356600397529,-0.013068989797757625,-0.005765460287622423
bylaw_amendment,long_call,10,44,0.001783327882200269,0.001096610758561801,0.0006867171236384678,0.09343945466845065,-0.005424406289466669,-0.7844211234002078,-0.012632140461133612,-0.005956187760691766
bylaw_amendment,long_call,21,44,-0.0018041020491227225,0.003691519712030294,-0.0054956217611530165,-0.7474623615975253,-0.009011836220789665,-1.3791133138406402,-0.016219570392456605,-0.0033780344832722397
bylaw_amendment,long_call,42,42,-0.006259170988706491,0.0056601899152900126,-0.011919360903996503,-1.2310577668657356,-0.01337885157878993,-1.5630043024426146,-0.02049853216887337,-0.001394599146153812
bylaw_amendment,long_call,63,40,-0.0049786370931031556,0.0062223412147387035,-0.01120097830784186,-0.8927350141387677,-0.012034970285572679,-1.039821995663877,-0.019091303478042197,-0.0008174422338956601
bylaw_amendment,long_call,exp,41,-0.0037384576103518395,0.0021609408057568498,-0.005899398416108689,-0.4071413549948146,-0.010834579761378466,-0.8240591029637289,-0.017930701912405096,-0.004866375101520338
bylaw_amendment,covered_call,1,42,0.0027297651880857565,0.0005839272532373321,0.0021458379348484246,1.090692513374173,-0.001725627763232165,-0.8921802282095985,-0.006181020714550087,-0.003842015041056597
bylaw_amendment,covered_call,2,42,0.002982731094304355,0.001253319243336592,0.001729411850967763,0.7423197853716125,-0.0014726618570135668,-0.6760887836437557,-0.005928054808331489,-0.0031339210146816504
bylaw_amendment,covered_call,3,42,0.003505444970528073,0.001386659388842924,0.0021187855816851495,0.7947419525084072,-0.0009499479807898489,-0.3911313414942881,-0.00540534093210777,-0.003014403641201922
bylaw_amendment,covered_call,5,42,0.0038407318598683215,0.0021760078463387384,0.001664724013529583,0.3862859233144535,-0.0006146610914495994,-0.15575857126248574,-0.0050700540427675205,-0.002218911299379322
bylaw_amendment,covered_call,10,43,0.004785222351234602,0.0037915587247874245,0.0009936636264471772,0.14992141382501256,0.0003397654737655938,0.05452822163454432,-0.004105691403703409,-0.0005956937899981367
bylaw_amendment,covered_call,21,41,0.007773485110889023,0.008994350475127927,-0.0012208653642389036,-0.17657416604441106,0.0034409928906938246,0.5460842411372113,-0.0008914993295013698,0.004612535826865216
bylaw_amendment,covered_call,42,39,0.017062000226025806,0.019145975912743144,-0.0020839756867173376,-0.1880030078844225,0.012773044417904156,1.2179885626146794,0.008484088609782508,0.014830104495660917
bylaw_amendment,covered_call,63,37,0.033962974083784,0.03176094201793697,0.002202032065847029,0.1857958746707173,0.029702613449367428,2.6966855023622136,0.02544225281495084,0.027388098236633497
bylaw_amendment,covered_call,exp,38,0.0229666259790831,0.03645059047267804,-0.01348396449359494,-0.8424208469865138,0.01876435173628103,1.2358830262377265,0.014562077493478954,0.03212514140146553
bylaw_amendment,protective_put,1,42,0.0036343189567280528,0.0005762201185337671,0.0030580988381942857,1.2719303354245182,5.545770615199071e-05,0.024509154836527998,-0.0035234035444240705,-0.003130068480994708
bylaw_amendment,protective_put,2,42,0.0035665660718043205,0.0017675534055497438,0.0017990126662545767,0.7090155254319066,-1.22951787717401e-05,-0.005342749546574781,-0.0035911564293478007,-0.001908236746763016
bylaw_amendment,protective_put,3,43,0.004594015891735696,0.0018483767701165642,0.0027456391216191317,0.9202663775545563,0.0010311913081330185,0.37799080163263504,-0.0025316332754696594,-0.0018267782188135175
bylaw_amendment,protective_put,5,43,0.004289882385604413,0.003458268544292737,0.0008316138413116759,0.1865687298028559,0.0007270578020017348,0.18733405220315663,-0.002835766781600942,-0.0002215316465034887
bylaw_amendment,protective_put,10,43,0.004871024139839859,0.004279794109555916,0.0005912300302839428,0.06684148096075225,0.001308199556237182,0.15708294287667943,-0.0022546250273654954,0.0006005469447064815
bylaw_amendment,protective_put,21,42,0.0034799783501590583,0.008741086099976836,-0.005261107749817778,-0.6157650692930323,-4.660286228824618e-05,-0.006105943455822171,-0.0035731840747355464,0.005056509491157334
bylaw_amendment,protective_put,42,40,0.007188256781699193,0.015679774095146683,-0.00849151731344749,-0.6365720430291945,0.0037134649623884533,0.299086588279231,0.000238673143077716,0.01202468191707486
bylaw_amendment,protective_put,63,37,0.01706682631410721,0.02222303621742727,-0.0051562099033200595,-0.330141544489999,0.013720560781457102,0.9418542259575144,0.010374295248807003,0.018537653990662272
bylaw_amendment,protective_put,exp,36,0.01003384608580634,0.013625518066181251,-0.003591671980374911,-0.17696676951956025,0.0065531806580233515,0.3444121326858844,0.0030725152302403594,0.009970129859648942
bylaw_amendment,collar,1,42,0.001475571891302563,0.00012898452598737964,0.0013465873653151833,1.1643174126233007,-0.00635868231059142,-4.683040371482685,-0.014192936512485403,-0.0077817875051530115
bylaw_amendment,collar,2,42,0.0022018384244098894,0.0005807903469247398,0.0016210480774851497,1.2144288833042713,-0.0056324157774840945,-3.9003586181824708,-0.013466669979378081,-0.007252985858342828
bylaw_amendment,collar,3,42,0.0021005022720392,0.000820700359499102,0.0012798019125400979,0.8731824281239045,-0.005733751929854784,-3.8093965621352233,-0.013568006131748769,-0.007021278207115126
bylaw_amendment,collar,5,42,0.0019889656056738345,0.0014623874911509052,0.0005265781145229293,0.23728575354904635,-0.0058452885962201485,-2.8925656343270068,-0.01367954279811413,-0.006357736654869592
bylaw_amendment,collar,10,42,0.0022563190611791985,0.0027104655342131898,-0.0004541464730339912,-0.12270251376805257,-0.005577935140714786,-1.650252297657483,-0.01341218934260877,-0.00514415842938422
bylaw_amendment,collar,21,40,0.004102258594151769,0.005777465398537953,-0.0016752068043861847,-0.4736225861732177,-0.0035619026724049174,-1.138904477963963,-0.011226063938961604,-0.002056879361768136
bylaw_amendment,collar,42,39,0.0090621117834395,0.01054957332145263,-0.0014874615380131295,-0.2319200580911014,0.0014833511496330021,0.24323573076830776,-0.006095409484173494,0.0028133277089074453
bylaw_amendment,collar,63,37,0.02227599278113588,0.017909808995751005,0.004366183785384874,0.5527766627174121,0.014869366614069197,1.9655510153533948,0.007462740447002512,0.01005380570075778
bylaw_amendment,collar,exp,35,0.0107801208129972,0.01764382523612933,-0.00686370442313213,-0.7080156506746464,0.0031233534561153306,0.34168110757797177,-0.004533413900766535,0.00989228726670625
bylaw_amendment,cash_secured_put,1,42,0.0012541932967831929,0.0003488331123006131,0.0009053601844825798,0.8367351845561216,-0.002124667953792867,-2.1908865651992535,-0.005503529204368928,-0.0031395433042984626
bylaw_amendment,cash_secured_put,2,42,0.0007808926698944655,0.0006086090209622557,0.0001722836489322098,0.142596562838932,-0.0025979685806815952,-2.2899328473742453,-0.005976829831257656,-0.002868427772775016
bylaw_amendment,cash_secured_put,3,43,0.0014386936456378795,0.000816369060894411,0.0006223245847434685,0.4433295427161776,-0.0019241309379647972,-1.5153567280032072,-0.005286955521567474,-0.002658880153891732
bylaw_amendment,cash_secured_put,5,43,0.0018751259558619697,0.0009124858397097616,0.0009626401161522081,0.4305905364517709,-0.0014876986277407075,-0.7668624592563538,-0.004850523211343385,-0.002564587546249396
bylaw_amendment,cash_secured_put,10,43,0.0027353405229281866,0.0008846324101116197,0.0018507081128165668,0.5807345154740262,-0.0006274840606744884,-0.2221311432173899,-0.003990308644277166,-0.0026003237740059035
bylaw_amendment,cash_secured_put,21,43,0.0026123068974211188,0.0031106778296316126,-0.0004983709322104938,-0.13122237157181824,-0.0007505176861815579,-0.21513770571348745,-0.0041133422697842365,-0.0003632159630524834
bylaw_amendment,cash_secured_put,42,42,0.00606585127362632,0.008104154520292539,-0.0020383032466662187,-0.3532627370096762,0.0027572073122382108,0.5103591330930295,-0.000551436649149899,0.0046568598302692285
bylaw_amendment,cash_secured_put,63,40,0.000830407280105874,0.011399646301522662,-0.010569239021416788,-1.4012475078524693,-0.002369625139105791,-0.32819751196799835,-0.005569657558317449,0.007922363221558416
bylaw_amendment,cash_secured_put,exp,39,-0.0021603306072841724,0.016210554543708896,-0.01837088515099307,-1.8188464296159998,-0.005457142514541819,-0.5599340865552412,-0.008753954421799466,0.0127588113277974
guarantee_or_letter_of_credit,long_call,1,34,-0.0016433030732573627,0.0014387589169738491,-0.003082061990231212,-2.0095534770539993,-0.007619835388832019,-6.158752727034163,-0.013596367704406675,-0.004681948279844743
guarantee_or_letter_of_credit,long_call,2,33,-0.00245850858589269,0.00200428333302915,-0.00446279191892184,-1.6783712760017946,-0.008478001205748903,-3.738311779020356,-0.01449749382560512,-0.004129866872374331
guarantee_or_letter_of_credit,long_call,3,34,-0.0031707282413980537,-7.877757563380921e-05,-0.0030919506657642445,-0.9520669217714758,-0.009165480094568888,-3.185429892257023,-0.015160231947739718,-0.006302591734445
guarantee_or_letter_of_credit,long_call,5,33,-0.004368628749974008,0.0031354802024061543,-0.0075041089523801615,-1.641671758092748,-0.010293409756376014,-2.717853498091664,-0.016218190762778025,-0.003088333956405035
guarantee_or_letter_of_credit,long_call,10,33,0.0025270074025971743,0.006979118496010618,-0.0044521110934134436,-0.6487935432545119,-0.0034924852172590402,-0.6518294373508211,-0.009511977837115255,0.000807491527699478
guarantee_or_letter_of_credit,long_call,21,34,0.0015377273202999268,0.004792414438738288,-0.003254687118438361,-0.3206480859354403,-0.004438804995274731,-0.5582932982037304,-0.010415337310849386,-0.0013441733643426196
guarantee_or_letter_of_credit,long_call,42,34,0.0028570647742016558,0.00045642943683168617,0.0024006353373699696,0.15960365716208566,-0.0031308028312231682,-0.23834943718009743,-0.00911867043664799,-0.005658658394968192
guarantee_or_letter_of_credit,long_call,63,34,0.018427831554936987,0.0013868922062058838,0.017040939348731104,0.7170916853067938,0.012451299239362333,0.5617988693299502,0.006474766923787674,-0.004743407937402703
guarantee_or_letter_of_credit,long_call,exp,31,-0.003410453433321717,0.0009968056959023966,-0.004407259129224113,-0.19840582150197097,-0.00929523759667127,-0.47560839837241664,-0.015180021760020817,-0.005209366694241753
guarantee_or_letter_of_credit,covered_call,1,32,-0.0017612162779096063,0.0013459914895864252,-0.0031072077674960314,-1.449508379810304,-0.005025163411649283,-2.6528053290789844,-0.00828911054538896,-0.0022790798819609446
guarantee_or_letter_of_credit,covered_call,2,31,-0.0033681919618233393,0.002545100289842763,-0.005913292251666102,-1.628048957526498,-0.006679915872013932,-1.9852261610978146,-0.009991639782204525,-0.0010585538789737593
guarantee_or_letter_of_credit,covered_call,3,30,-0.006182496225271252,0.0019892166620910008,-0.008171712887362253,-1.51157661904452,-0.009518531714383957,-1.8332043479741034,-0.012854567203496663,-0.0016384727807005584
guarantee_or_letter_of_credit,covered_call,5,31,-0.008180819631176004,0.004652884025120816,-0.01283370365629682,-1.5464741689216746,-0.011492543541366598,-1.4367186491589257,-0.014804267451557197,0.0009928179905051954
guarantee_or_letter_of_credit,covered_call,10,31,0.005201213595226665,0.00914858218034129,-0.003947368585114624,-0.5039338894016219,0.0018894896850360722,0.28310373284877205,-0.0014222342251545212,0.005532802648089917
guarantee_or_letter_of_credit,covered_call,21,29,0.00763696529376675,0.010304552548694577,-0.002667587254927827,-0.24404444149895255,0.004347419265554507,0.45035190299421035,0.0010578732373422652,0.006703370254955303
guarantee_or_letter_of_credit,covered_call,42,29,0.015112746784665707,0.016764862384934374,-0.0016521156002686672,-0.10527608961256855,0.011789669705833556,0.8460301159268242,0.008466592627001408,0.013154385979065302
guarantee_or_letter_of_credit,covered_call,63,30,0.026111552444540317,0.028542963157159068,-0.0024314107126187506,-0.11808499775515792,0.022814343203683585,1.2474928118137882,0.019517133962826845,0.024923980037359413
guarantee_or_letter_of_credit,covered_call,exp,26,0.0390636224631303,0.03507283463754486,0.003990787825585436,0.1894022191995097,0.03580699077205575,1.9367228562435328,0.03255035908098119,0.03139380856617809
guarantee_or_letter_of_credit,protective_put,1,32,-0.002128358970003034,0.0015436500372998686,-0.0036720090073029026,-1.7290798215604182,-0.005760449082881625,-3.0863722694847158,-0.009392539195760214,-0.001705512988591407
guarantee_or_letter_of_credit,protective_put,2,31,-0.003391833309543014,0.0023776430525501253,-0.005769476362093139,-1.5736398353924825,-0.007083874376668507,-2.243540676034003,-0.010775915443793995,-0.0009251926778484436
guarantee_or_letter_of_credit,protective_put,3,31,-0.00463313786347649,-0.00018971708373731794,-0.004443420779739172,-0.9926816438110059,-0.008325178930601982,-2.067844898100323,-0.012017219997727471,-0.0035338912093351104
guarantee_or_letter_of_credit,protective_put,5,31,-0.0027890441813384036,0.004517766304782541,-0.007306810486120944,-1.1408271548477236,-0.006481085248463897,-1.182315836482213,-0.010173126315589386,0.0011530684132524144
guarantee_or_letter_of_credit,protective_put,10,30,0.008846605526528347,0.00932228883455572,-0.000475683308027372,-0.05731667241421725,0.005133100324013876,0.8171189517460963,0.0014195951214994046,0.006020411857446113
guarantee_or_letter_of_credit,protective_put,21,30,0.00996525098352179,0.009705896026680644,0.0002593549568411461,0.02002823012303916,0.006560921186258172,0.6292054689255693,0.0031565913889945543,0.0064001745083858905
guarantee_or_letter_of_credit,protective_put,42,30,0.01545710183780279,0.01113822858677239,0.0043188732510304004,0.20949917420930012,0.011755470295464244,0.6395404123047793,0.0080538387531257,0.007876967686982045
guarantee_or_letter_of_credit,protective_put,63,29,0.031071878756888785,0.015898503108349185,0.0151733756485396,0.4649938755118082,0.027303763731408394,0.8941959547731752,0.023535648705928,0.01263997046900601
guarantee_or_letter_of_credit,protective_put,exp,24,0.02474253695910804,0.012154113731900732,0.012588423227207306,0.39081586885271136,0.020755233343438914,0.7185991036451872,0.016767929727769786,0.00874643117567386
guarantee_or_letter_of_credit,collar,1,32,-0.0016081291329593734,0.0005027902406118674,-0.002110919373571241,-1.4579102451579347,-0.008304166379577642,-5.964938109905178,-0.015000203626195913,-0.006229775367799155
guarantee_or_letter_of_credit,collar,2,31,-0.0015187279184217595,0.001257447070562335,-0.0027761749889840944,-1.2507680653860527,-0.008322492895737844,-4.091842255137002,-0.015126257873053932,-0.005475118537848687
guarantee_or_letter_of_credit,collar,3,30,-0.002330820658024968,0.0005952121157095988,-0.0029260327737345667,-1.1918820933582155,-0.00916114304050458,-3.9518921176925397,-0.015991465422984196,-0.006238887144102499
guarantee_or_letter_of_credit,collar,5,31,-0.0007973146912312684,0.0018234967359909578,-0.002620811427222226,-0.7717204638519124,-0.007601079668547354,-2.3891743371025003,-0.014404844645863443,-0.005065299120296216
guarantee_or_letter_of_credit,collar,10,30,0.007046791010220958,0.004758726458707272,0.0022880645515136857,0.5808805944654537,0.00025125454384375184,0.07809081603394352,-0.006544281922533453,-0.001945239962611144
guarantee_or_letter_of_credit,collar,21,29,0.006374105257554837,0.005648786610830122,0.0007253186467247154,0.12986648522353444,-0.00012566427717962045,-0.026938981648668533,-0.006625433811914076,-0.0010970042848227955
guarantee_or_letter_of_credit,collar,42,29,0.009554608517324044,0.00876074343829824,0.0007938650790258045,0.08830395762349431,0.002713754402581828,0.34544219533284715,-0.004127099712160392,0.0020106299730253646
guarantee_or_letter_of_credit,collar,63,28,0.012233884061239228,0.017075406058861858,-0.00484152199762263,-0.36003478686045526,0.005268587927934286,0.45328535096549855,-0.0016967082053706561,0.010338280357562495
guarantee_or_letter_of_credit,collar,exp,24,0.01802107337732614,0.014374967902973133,0.0036461054743530084,0.24108721693281446,0.010919753913105635,0.8572925583129066,0.0038184344488851308,0.007416148708630087
guarantee_or_letter_of_credit,cash_secured_put,1,32,-0.00015308714495023334,0.0008021860513111617,-0.000955273196261395,-0.8636830925474333,-0.0035851772578288244,-3.3545604783409795,-0.007017267370707415,-0.002243886620602052
guarantee_or_letter_of_credit,cash_secured_put,2,33,-0.002267574258520709,0.0009730434289117023,-0.0032406176874324112,-1.603109219855514,-0.005687583223395839,-2.8044268273151944,-0.009107592188270968,-0.002100299543542744
guarantee_or_letter_of_credit,cash_secured_put,3,33,-0.00361603599135689,0.001033769567872547,-0.004649805559229437,-1.393295345861579,-0.00703604495623202,-2.1392243208168047,-0.01045605392110715,-0.002016301160466144
guarantee_or_letter_of_credit,cash_secured_put,5,33,-0.007950276494151242,0.002228689179083192,-0.010178965673234433,-1.8747145936591485,-0.01137028545902637,-2.105554535267225,-0.014790294423901501,-0.0008115518355995554
guarantee_or_letter_of_credit,cash_secured_put,10,32,-0.003274159153476007,0.0034035406678279896,-0.006677699821303997,-1.0979871679473052,-0.006712039742082979,-1.1196015030434308,-0.010149920330689956,0.00033847392822704964
guarantee_or_letter_of_credit,cash_secured_put,21,33,-0.0003146685166941891,0.004657618889506905,-0.004972287406201094,-0.9075100281108595,-0.003734677481569319,-0.7351127669308216,-0.007154686446444448,0.0016005328348907407
guarantee_or_letter_of_credit,cash_secured_put,42,32,0.005692262640612288,0.009915533688587956,-0.004223271047975668,-0.6335763925995691,0.002230230870230817,0.3825262465126359,-0.0012318009001506566,0.006875292673905208
guarantee_or_letter_of_credit,cash_secured_put,63,31,0.009709336819708562,0.011877991297133779,-0.0021686544774252164,-0.22909459954698316,0.0061863882351607434,0.7146063391516332,0.002663439650612923,0.00880204168567957
guarantee_or_letter_of_credit,cash_secured_put,exp,29,0.019599140422402597,0.0132940317498814,0.006305108672521197,0.6529697460788783,0.016008556511900005,1.931560810655338,0.01241797260139741,0.010107941616638678
debt_retirement,long_call,1,33,0.0006192629883631805,-6.553193778509054e-05,0.000684794926148271,0.38756888472169637,-0.005762325356669288,-3.9384064671295196,-0.012143913701701758,-0.00674638083344789
debt_retirement,long_call,2,33,0.00010798718921767138,-0.00010927023310554313,0.0002172574223232145,0.09694205830368871,-0.006273601155814798,-3.587952978010871,-0.012655189500847269,-0.006783896488059939
debt_retirement,long_call,3,35,0.0007211227143842625,-0.0006924940945841673,0.00141361680896843,0.4594018117527348,-0.005676691892696437,-2.2068636754196334,-0.012074506499777137,-0.007316388103649111
debt_retirement,long_call,5,35,0.001304380078818729,0.0009404323958124987,0.00036394768300623034,0.09499368601063227,-0.00509343452826197,-1.6584170313706836,-0.01149124913534267,-0.005676808355714381
debt_retirement,long_call,10,34,0.0008478737616909307,0.004836465828776919,-0.003988592067085989,-0.7244077120060878,-0.005557913594084625,-1.2389673509934669,-0.01196370094986018,-0.0017854599043358717
debt_retirement,long_call,21,35,0.0015036439053113613,0.009169160884610181,-0.00766551697929882,-0.9343864183569519,-0.004894170701769337,-0.7349566708859262,-0.011291985308850032,0.00250467038179308
debt_retirement,long_call,42,35,0.013934479643928526,0.013702175168838421,0.0002323044750901053,0.014460624638184335,0.007536665036847826,0.5094647660409578,0.0011388504297671223,0.0070140043437561675
debt_retirement,long_call,63,33,-0.009966596117180714,0.015321388680513089,-0.025287984797693803,-1.8581224087422799,-0.01630044726366919,-1.385460819749497,-0.022634298410157665,0.008733230295658524
debt_retirement,long_call,exp,35,0.0024868112777277048,0.009334557975185247,-0.006847746697457542,-0.3768047337511239,-0.003911003329352998,-0.24983922441532413,-0.010308817936433701,0.0026612122318535217
debt_retirement,covered_call,1,33,0.00037033954442479715,-0.0009755216994544794,0.0013458612438792764,0.6190708692933031,-0.003393289292814278,-1.8236867272121349,-0.007156918130053355,-0.004903711117660579
debt_retirement,covered_call,2,33,0.0016289941095328608,-0.0007845408760358024,0.0024135349855686633,0.8648474901825438,-0.002134634727706215,-0.9418326355808874,-0.005898263564945289,-0.0047094004222741495
debt_retirement,covered_call,3,35,0.0016431685527896886,-0.0006719419267373696,0.0023151104795270583,0.6357518834086375,-0.0021523051688924714,-0.6994512429429337,-0.0059477788905746305,-0.004525910384101086
debt_retirement,covered_call,5,34,0.002420597575474271,0.0014756934265923814,0.0009449041488818898,0.18023635104181887,-0.0014037591365875426,-0.31775811288735495,-0.005228115848649355,-0.002384666304821496
debt_retirement,covered_call,10,34,-0.002728507985124708,0.0045443449049291625,-0.007272852890053871,-0.7642198314859486,-0.006545262995246199,-0.743932415853667,-0.010362018005367693,0.000701052360303228
debt_retirement,covered_call,21,35,0.0025274154381225732,0.0107497864904819,-0.008222371052359328,-0.73766420065529,-0.0012680582835595843,-0.12522906831969277,-0.0050635320052417445,0.006827891225388885
debt_retirement,covered_call,42,35,0.01855366858176385,0.0266329058675365,-0.008079237285772648,-0.5415947966603951,0.014758194860081694,1.0655773473260821,0.010962721138399531,0.022662462830950244
debt_retirement,covered_call,63,32,0.012668232994118464,0.040873324602533144,-0.02820509160841468,-1.7332388104168397,0.008970735469537798,0.5974949552455064,0.00527323794495713,0.03700208926558089
debt_retirement,covered_call,exp,33,0.04728517113331819,0.04867331900420214,-0.0013881478708839476,-0.09247812731632973,0.04348783878089032,3.3993175757936234,0.039690506428462446,0.04479038722811582
debt_retirement,protective_put,1,32,0.000780304557896416,4.446838084576939e-05,0.0007358361770506466,0.3152732621334442,-0.0027055923068097652,-1.3852636786166626,-0.006191489171515949,-0.0034900269180672973
debt_retirement,protective_put,2,32,0.0014680928657874594,6.72652964040938e-05,0.0014008275693833656,0.4462424843906264,-0.0020178039989187215,-0.7807317787358451,-0.005503700863624902,-0.003466570953427626
debt_retirement,protective_put,3,34,0.0017379391566122292,-0.0005945663615723198,0.002332505518184549,0.5806021235091527,-0.001716828656548937,-0.5027534304743234,-0.005171596469710104,-0.004140298141786387
debt_retirement,protective_put,5,34,0.0032121942165391575,0.0020057056935112267,0.0012064885230279308,0.22898488220819538,-0.0002308627374597146,-0.054303092792087455,-0.0036739196914585886,-0.0015216859922862684
debt_retirement,protective_put,10,34,0.001367538283372323,0.005617502006465459,-0.004249963723093136,-0.5637969990239265,-0.002087229529788842,-0.3224009160987796,-0.0055419973429500086,0.0022034927924021942
debt_retirement,protective_put,21,35,0.004583457391748605,0.009824361442159955,-0.00524090405041135,-0.49886758581791635,0.0011368932233852948,0.12981615509498443,-0.0023096709449780214,0.006251631150417136
debt_retirement,protective_put,42,34,0.017294484146412267,0.02530699601764263,-0.008012511871230362,-0.39830018112148147,0.013853615255456309,0.744457687639528,0.010412746364500352,0.021867038258513875
debt_retirement,protective_put,63,30,-0.011397439685276548,0.028707293795816453,-0.040104733481093,-2.4728685674631,-0.014691460378057892,-1.0680926477546362,-0.01798548107083924,0.025138267852679773
debt_retirement,protective_put,exp,28,0.004584254189638555,0.007549894715857773,-0.002965640526219218,-0.15037569897119832,0.0010838208985401458,0.061984327125466455,-0.0024166123925582626,0.0038874547737595736
debt_retirement,collar,1,32,7.89617778230936e-05,-0.0004368564852656204,0.000515818263088714,0.36502610833417093,-0.006992180140450109,-5.428491925455975,-0.014063322058723312,-0.0077203087638755405
debt_retirement,collar,2,32,0.001330019493564961,0.00016345609445833636,0.0011665633991066247,0.5570258473459251,-0.005741122424708241,-2.8967716376056334,-0.012812264342981446,-0.00710261512509685
debt_retirement,collar,3,34,0.0018577989877197867,0.00027610488878322713,0.0015816940989365597,0.692905737107507,-0.005213723835562872,-2.5517038990252767,-0.012285246658845528,-0.006937760310486161
debt_retirement,collar,5,34,0.002455167687906742,0.0013804448578360246,0.0010747228300707172,0.3444664971570632,-0.004612245978153945,-1.7175903073726977,-0.01167965964421463,-0.005827133713750824
debt_retirement,collar,10,34,0.00017581252475188657,0.003048284951658788,-0.0028724724269069014,-0.6647685141543557,-0.006895710298530775,-1.792888748036446,-0.013967233121813433,-0.004038498728337508
debt_retirement,collar,21,35,0.0025031105985173162,0.006324746086435112,-0.0038216354879177955,-0.7141899055833372,-0.004538927291528156,-0.9898866339927216,-0.01158096518157363,-0.000993267309529847
debt_retirement,collar,42,34,0.009704636450629377,0.015444160812599866,-0.005739524361970489,-0.6248041322523779,0.00274679661924588,0.3236913488865267,-0.004211043212137616,0.0082149143004431
debt_retirement,collar,63,30,0.0025478607061888204,0.022397834946931396,-0.019849974240742575,-2.0012424417847017,-0.004172274739509102,-0.4664027492457191,-0.010892410185207018,0.015137936915383152
debt_retirement,collar,exp,27,0.012588514275826442,0.02054240911336898,-0.007953894837542537,-0.6701368610338674,0.00540478868854819,0.5185868754510226,-0.0017789368987300642,0.013218064250458171
debt_retirement,cash_secured_put,1,34,3.172830907889823e-05,-0.0004419520987377547,0.00047368040781665293,0.4717253844613184,-0.0032230395040822686,-3.670023997866278,-0.006477807317243436,-0.0037683687573150182
debt_retirement,cash_secured_put,2,34,0.0002836246379424371,-0.0008597897324628766,0.0011434143704053138,0.8350626489972321,-0.0029711431752187287,-2.9563604843458164,-0.006225910988379893,-0.004168842614484563
debt_retirement,cash_secured_put,3,34,-0.0006778287504341672,-0.0007464369191657312,6.860816873156404e-05,0.03574128509231928,-0.003932596563595334,-2.606834921884892,-0.007187364376756497,-0.004077413492857493
debt_retirement,cash_secured_put,5,35,-0.0009198179381694252,-6.296742416544773e-05,-0.0008568505140039775,-0.319360538096824,-0.004166382106532737,-1.9340946363835048,-0.007412946274896053,-0.003390570185854502
debt_retirement,cash_secured_put,10,35,-0.0026709065473934854,0.0005885540902044141,-0.0032594606375978994,-0.5947778934940096,-0.005917470715756798,-1.1634997631128172,-0.009164034884120114,-0.002720052804473663
debt_retirement,cash_secured_put,21,35,2.4304839605258226e-05,0.00269481730253768,-0.002670512462932422,-0.4299331758606582,-0.0032222593287580545,-0.5643158615476841,-0.006468823497121369,-0.0006606533057197379
debt_retirement,cash_secured_put,42,34,0.006333618451813694,0.010685583808123908,-0.004351965356310214,-0.6735735431439636,0.003092749560857738,0.537529484316543,-0.000148119330098221,0.007373685280314319
debt_retirement,cash_secured_put,63,31,0.0038289233874141677,0.016012729180717812,-0.012183805793303644,-1.5232399962443262,0.0007538419296540672,0.1013989349505395,-0.002321239528106032,0.012677952660407108
debt_retirement,cash_secured_put,exp,29,0.020682504270279324,0.020616637162513232,6.586710776609189e-05,0.010128901735173591,0.017401097743260655,3.4030071245765554,0.014119691216241981,0.017184850176501093
charter_amendment,long_call,1,35,0.00045479998900394843,-0.00012470468007739268,0.0005795046690813411,0.35417363419584663,-0.006549493867762361,-4.276353367459989,-0.013553787724528673,-0.00746112161523304
charter_amendment,long_call,2,35,0.0009672601104436233,-0.0003846235137678598,0.0013518836242114832,0.6111182375950032,-0.006037033746322684,-3.075943354523414,-0.013041327603088997,-0.007626071917278325
charter_amendment,long_call,3,32,-0.00026331971176448993,-0.0006578664164214849,0.00039454670465699493,0.13568347452542717,-0.007132088916442764,-2.673289643254796,-0.014000858121121038,-0.007934859087329877
charter_amendment,long_call,5,32,-0.00427894638428554,0.0006371388590743821,-0.004916085243359921,-1.3421581756290941,-0.011147715588963816,-3.5463798063747642,-0.018016484793642092,-0.006689999113064399
charter_amendment,long_call,10,32,-0.007752794346904256,0.004958788942554179,-0.012711583289458435,-2.6415801675446646,-0.01462156355158253,-3.785467880063014,-0.02149033275626081,-0.002305396564428166
charter_amendment,long_call,21,30,-0.0007516659205750436,0.013530693336492594,-0.014282359257067638,-1.8077267286258178,-0.007558067944703755,-1.1928552919887048,-0.014364469968832467,0.006240338828245621
charter_amendment,long_call,42,30,0.007506548225869478,0.010155421574922713,-0.0026488733490532355,-0.21781608279003398,0.0007001462017407668,0.06562853078476263,-0.006106255822387941,0.002956980361706117
charter_amendment,long_call,63,29,0.017751953607883536,0.013278577520987982,0.004473376086895554,0.2599837348541871,0.010842407749969238,0.7019371747921708,0.0039328618920549405,0.006053504355354313
charter_amendment,long_call,exp,27,0.03488500735982342,0.012037166889406007,0.022847840470417408,1.1909583002664446,0.02810452768678509,1.7345972640768785,0.021324048013746766,0.004816582149653009
charter_amendment,covered_call,1,35,0.00030720815805369053,-0.00028086011003713264,0.0005880682680908232,0.27376100931183966,-0.004143127442081684,-2.07244669382216,-0.008593463042217057,-0.0049672292530090634
charter_amendment,covered_call,2,33,-0.00017735426618531918,-0.0001619587353517219,-1.539553083359729e-05,-0.004322865912991319,-0.004567160641907321,-1.3641318024791556,-0.008956967017629323,-0.00476165942843185
charter_amendment,covered_call,3,31,-0.0011078031648320964,-0.00035523755824125894,-0.0007525656065908374,-0.16042831874293711,-0.005388182546659598,-1.212046558242779,-0.009668561928487102,-0.004984370500837183
charter_amendment,covered_call,5,32,-0.005133654555765798,0.00044460530009594884,-0.005578259855861746,-0.9800889288484989,-0.009416870053982725,-1.766554293771238,-0.013700085552199653,-0.004205684717554717
charter_amendment,covered_call,10,30,-0.00672781431137659,0.00764322903601052,-0.014371043347387109,-2.3164844705818206,-0.010843311167596854,-1.9552366637521505,-0.01495880802381712,0.0030432842842544167
charter_amendment,covered_call,21,28,0.006449019715356284,0.0164639014605352,-0.010014881745178915,-0.9180304333507557,0.002179462163865657,0.21303445862842174,-0.0020900953876249735,0.011836947100817409
charter_amendment,covered_call,42,28,0.028826158944461666,0.026649010252367534,0.0021771486920941323,0.19593433679578573,0.024478390517687222,2.443217159366109,0.02013062209091279,0.02217332400520516
charter_amendment,covered_call,63,26,0.0494233965778383,0.038531404859605586,0.010891991718232713,0.7623257221659075,0.04505402802525226,3.498068140748319,0.0406846594726662,0.03396179113030452
charter_amendment,covered_call,exp,25,0.07593333312900105,0.04815159945162149,0.027781733677379558,2.257523798125985,0.07192390126904878,7.219324797237206,0.06791446940909651,0.04359635309937492
charter_amendment,protective_put,1,31,0.0005008507928850913,-5.856191240160834e-05,0.0005594127052866996,0.21471016886342023,-0.0028285874125401995,-1.1535311471476468,-0.006158025617965491,-0.003811156358430579
charter_amendment,protective_put,2,30,0.0020699627983035125,-4.569078587276744e-05,0.00211565358417628,0.618629781289081,-0.0012374720039943614,-0.3966237621363301,-0.004544906806292235,-0.0037381912840947747
charter_amendment,protective_put,3,29,0.0009010906375254251,-4.5574852723483703e-05,0.0009466654902489088,0.21794604317382904,-0.002356090720016508,-0.5888298545863235,-0.005613272077558442,-0.0037746413413706614
charter_amendment,protective_put,5,29,-0.003347771523735966,0.0014798607789571088,-0.004827632302693075,-0.8781137605305332,-0.006633168265315826,-1.375665169002213,-0.009918565006895683,-0.002296339464093859
charter_amendment,protective_put,10,29,-0.008398999477897677,0.006888593903692358,-0.015287593381590036,-2.217988418016702,-0.011556886022532728,-1.9700370319868326,-0.014714772567167782,0.00315812810615261
charter_amendment,protective_put,21,26,0.006372819481190701,0.016560979506855,-0.010188160025664299,-0.8634207015115031,0.0031894064376551657,0.3073320347885242,5.993394119627369e-06,0.012782701020527143
charter_amendment,protective_put,42,26,0.026805427617805615,0.0219891185433259,0.004816309074479715,0.33066423880610646,0.023533839654046335,1.8656648575433727,0.020262251690287062,0.0182545147130635
charter_amendment,protective_put,63,24,0.043186651572909206,0.020379810489190894,0.02280684108371831,0.9557043041644288,0.04003548081953583,1.7850301138902878,0.03688431006616243,0.016625977493601094
charter_amendment,protective_put,exp,21,0.07550329783895404,0.008765796323314225,0.06673750151563981,2.740178991308032,0.0725278596440542,3.323940450852948,0.0695524214491544,0.005028960588956661
charter_amendment,collar,1,31,-0.00026944075613265787,-0.0005222992780506589,0.00025285852191800107,0.13927219645291752,-0.0077086427889120354,-4.035004616983095,-0.015147844821691417,-0.008722692557460096
charter_amendment,collar,2,30,0.0003646829489857558,4.92905073312878e-06,0.00035975389825262705,0.15742461288011414,-0.0069786077915905765,-2.988445571413217,-0.014321898532166913,-0.008024868990672169
charter_amendment,collar,3,29,-0.00010487781918648162,9.161409888407837e-05,-0.00019649191807055998,-0.07106803483518487,-0.007394393285060539,-2.7003081915851457,-0.0146839087509346,-0.00800228984516084
charter_amendment,collar,5,29,-0.0028800427391633557,0.0004949867503766663,-0.003375029489540022,-0.8113715534194188,-0.010261287575824361,-2.4937533530415963,-0.01764253241248537,-0.007649479129195513
charter_amendment,collar,10,28,-0.005066411809187686,0.004079161845223003,-0.00914557365441069,-2.3811882665720034,-0.01204855479085753,-3.5400977414242356,-0.019030697772527378,-0.004082170261552776
charter_amendment,collar,21,26,0.002893179151448642,0.008728750738013602,-0.00583557158656496,-0.9225889520094603,-0.00430537003619138,-0.7360937682695108,-0.011503919223831401,0.0005629773326411406
charter_amendment,collar,42,26,0.016869843388780552,0.014326872641236586,0.0025429707475439663,0.38568730030369686,0.009498892184457304,1.6241039607004086,0.0021279409801340517,0.0064255194150764534
charter_amendment,collar,63,23,0.033512712147448574,0.020638341709145323,0.012874370438303251,1.2082034432410702,0.026226342557694255,2.6330272729686808,0.018939972967939943,0.012562508536802264
charter_amendment,collar,exp,21,0.050912909158988905,0.021478699040307043,0.029434210118681862,2.739257404673572,0.044031067416159954,4.771830376393348,0.037149225673330975,0.0134777360511255
charter_amendment,cash_secured_put,1,31,0.0007418644776398903,7.321737421591124e-05,0.000668647103423979,0.6783058876882216,-0.002387573727785401,-2.6958725740638894,-0.005517011933210693,-0.0034689145055749678
charter_amendment,cash_secured_put,2,31,0.00018431089933920082,-0.0002543491807465467,0.0004386600800857475,0.22106954081574828,-0.00294512730608609,-1.5941096511603938,-0.006074565511511382,-0.003770866550366598
charter_amendment,cash_secured_put,3,30,-0.0003818895726471913,-0.0002137260297426554,-0.00016816354290453587,-0.06252550336803077,-0.0034329465058969594,-1.353292575342952,-0.006484003439146729,-0.0037594648668407495
charter_amendment,cash_secured_put,5,29,-0.003039047007291086,0.00042409969898604536,-0.0034631467062771317,-1.387988676045155,-0.0061244437488709455,-2.77163061767577,-0.009209840490450805,-0.0031412429485403173
charter_amendment,cash_secured_put,10,30,-0.003316917925699485,0.0029968926937040128,-0.006313810619403498,-2.4687144769945553,-0.006367974858949253,-2.9692992083715453,-0.00941903179219902,-0.0005668109193155128
charter_amendment,cash_secured_put,21,28,0.0013296867967428937,0.006237392886462142,-0.004907706089719248,-0.9658169853450057,-0.0016877623135322475,-0.35835816252929403,-0.004705211423807391,0.002679670944635418
charter_amendment,cash_secured_put,42,27,0.006969203139331802,0.00971774656669173,-0.002748543427359927,-0.29553055369615233,0.003918584399759524,0.4442155725006327,0.0008679656601872476,0.006200357452795848
charter_amendment,cash_secured_put,63,25,0.0058398888962185825,0.012250293869795743,-0.0064104049735771605,-0.6197959782349078,0.0028113631260949855,0.28193832466659036,-0.00021716264402860564,0.008706255368381715
charter_amendment,cash_secured_put,exp,25,0.010524277256357566,0.015181526402146484,-0.004657249145788918,-0.3895821668147819,0.00743798354975135,0.6509583983017171,0.004351689843145141,0.011675189872014744
share_repurchase_program,long_call,1,32,-0.0027474299667525908,0.0011524138730573035,-0.0038998438398098944,-1.53643615354417,-0.0104265071529712,-3.6243129992101863,-0.018105584339189802,-0.005927744103154524
share_repurchase_program,long_call,2,32,-0.0042287044025488855,0.00140710193282367,-0.005635806335372555,-1.7626649328479898,-0.011907781588767494,-3.4018779151725327,-0.0195868587749861,-0.005656715422883888
share_repurchase_program,long_call,3,32,-0.00638015199192659,0.0014804379694072143,-0.007860589961333804,-2.5351571272241307,-0.0140592291781452,-4.273486512854953,-0.02173830636436381,-0.005605161948449101
share_repurchase_program,long_call,5,31,-0.003786830053713818,0.0021021242021706703,-0.005888954255884488,-1.6806763261559896,-0.01147904690552455,-3.404489085071709,-0.01917126375733528,-0.0049842753888350655
share_repurchase_program,long_call,10,32,-0.0033557865019919197,0.0038081974983945497,-0.0071639840003864695,-1.3788633337602938,-0.01103486368821053,-2.3079219365050623,-0.018713940874429135,-0.00327356277166203
share_repurchase_program,long_call,21,32,-0.00237336462233071,0.009218095294412101,-0.011591459916742812,-1.7231756235573754,-0.010052441808549317,-1.7697801681158498,-0.017731518994767926,0.0021636778711561122
share_repurchase_program,long_call,42,31,0.007319098999829852,0.016732873690870613,-0.00941377469104076,-0.9031275902151356,-0.0003731178519808795,-0.043556723078597225,-0.008065334703791612,0.00967842593467403
share_repurchase_program,long_call,63,32,-0.00687409881165658,0.02126415092042167,-0.02813824973207825,-2.0460048759021157,-0.01455317599787519,-1.2466075498859706,-0.022232253184093796,0.01423536180990439
share_repurchase_program,long_call,exp,32,0.012781913771757627,0.022393613768586753,-0.009611699996829126,-0.46953651500367344,0.0051028365855390195,0.279286364696749,-0.002576240600679589,0.015349104532752346
share_repurchase_program,covered_call,1,32,-0.0010151770724338913,0.000763084180042832,-0.0017782612524767233,-0.7963494254836551,-0.006003528161211046,-2.5180040178676135,-0.010991879249988205,-0.003564763120462871
share_repurchase_program,covered_call,2,30,4.8311569360828346e-05,0.001006344605355264,-0.0009580330359944356,-0.33274294179325203,-0.005153859998352735,-1.8175706248861792,-0.0103560315660663,-0.003290550708312268
share_repurchase_program,covered_call,3,31,-0.003013768803769634,0.0018360917095175504,-0.0048498605132871846,-1.4437867002629696,-0.008107133834967743,-2.519656340674716,-0.01320049886616585,-0.002483655006048275
share_repurchase_program,covered_call,5,28,0.00013280603137800804,0.0026959668276532,-0.002563160796275192,-0.5866230059125606,-0.005170615407141982,-1.2817741819700534,-0.010474036845661975,-0.0016445019017926326
share_repurchase_program,covered_call,10,29,0.0006111513874341009,0.006054266909231392,-0.005443115521797291,-0.8106059993946486,-0.00468810012884824,-0.7507980663756818,-0.009987351645130581,0.0017332334627967994
share_repurchase_program,covered_call,21,28,0.008856976658676474,0.013189620267756295,-0.004332643609079822,-0.5598015902688981,0.0034419872507775212,0.49895597462294394,-0.001973002157121432,0.008894102818222777
share_repurchase_program,covered_call,42,26,0.034567143692325275,0.02346979013199559,0.011097353560329686,1.1029359488810786,0.02914495590755928,3.3276450664226407,0.023722768122793288,0.01917257031139245
share_repurchase_program,covered_call,63,30,0.042159035646671214,0.039488509737962314,0.0026705259087088998,0.17721205810214294,0.036956864078957645,2.649911646718875,0.03175469251124408,0.035199235540721116
share_repurchase_program,covered_call,exp,29,0.06189905602876678,0.039853651774093536,0.022045404254673245,1.348334482289875,0.056793769913448144,3.795699580457007,0.051688483798129514,0.03557110291524668
share_repurchase_program,protective_put,1,32,-0.003959501793086954,0.0013369043183390629,-0.005296406111426016,-1.7696369544446615,-0.00765233424601827,-2.7155550763348586,-0.011345166698949586,-0.002320291859962601
share_repurchase_program,protective_put,2,30,-0.005525573285735661,0.001647541907216839,-0.007173115192952499,-1.7798342453925982,-0.008993013461774531,-2.3986135212185675,-0.012460453637813406,-0.00200629836556009
share_repurchase_program,protective_put,3,31,-0.008899667736044274,0.0023930701165663574,-0.011292737852610632,-2.8845823294844295,-0.012344808988300345,-3.485612335000615,-0.015789950240556416,-0.0012570937797015947
share_repurchase_program,protective_put,5,29,-0.004494962211142632,0.0030620476204450695,-0.007557009831587701,-1.5603898179435784,-0.007554619961253403,-1.7453596331300973,-0.01061427771136417,-0.0005741565963261894
share_repurchase_program,protective_put,10,29,-0.0016931193853705565,0.006479773260985629,-0.008172892646356185,-1.1626435569897764,-0.004807892590810223,-0.7656961310672015,-0.00792266579624989,0.002822222177261181
share_repurchase_program,protective_put,21,28,0.004620359449680716,0.014109702094366421,-0.009489342644685705,-1.0406055952837399,0.0015014450123367804,0.19414229659888727,-0.0016174694250071548,0.01044088877351477
share_repurchase_program,protective_put,42,26,0.02748507685725717,0.02623808775510544,0.0012469891021517285,0.08918260310373378,0.024453243933182798,2.041288858060986,0.021421411009108424,0.022590029068073378
share_repurchase_program,protective_put,63,31,0.009830607387700351,0.035247830530647964,-0.025417223142947615,-1.4937204576380372,0.006108205292376804,0.4324072852334071,0.002385803197053257,0.03156851837622464
share_repurchase_program,protective_put,exp,31,0.024092984920988384,0.030754755935219497,-0.006661771014231113,-0.3029074777638323,0.02039903222901683,1.0813833345615016,0.016705079537045284,0.02710960348867435
share_repurchase_program,collar,1,32,-0.0019709558775827477,0.0004001070486419336,-0.0023710629262246813,-1.4599350653484928,-0.010452139419291219,-6.0178273418009445,-0.018933322960999692,-0.007407321740719719
share_repurchase_program,collar,2,30,-0.001342315427477268,0.00038922127682682343,-0.0017315367043040913,-0.8807001633938037,-0.009811927171229702,-4.856641045151349,-0.01828153891498214,-0.007388416153166879
share_repurchase_program,collar,3,31,-0.003874420506568547,0.0011027306492186314,-0.004977151155787178,-2.1937671142616284,-0.012212926790022725,-5.47918930160918,-0.020551433073476906,-0.0066656871340251
share_repurchase_program,collar,5,28,-0.0005140624151747376,0.0014173447040681934,-0.001931407119242931,-0.721469274723584,-0.008687266039924734,-3.504577709679825,-0.016860469664674728,-0.006354158420661383
share_repurchase_program,collar,10,29,0.0001626229717043661,0.004134455431710713,-0.003971832460006347,-0.9910940065901722,-0.008051401750017643,-2.148795037424316,-0.016265426471739654,-0.0036675529330371433
share_repurchase_program,collar,21,28,0.005694373918244018,0.008154366812993806,-0.0024599928947497875,-0.5359265600436953,-0.0026395299269988694,-0.6439155329822173,-0.010973433772241758,0.0003674695410033041
share_repurchase_program,collar,42,26,0.020903351687239564,0.014236547667670697,0.0066668040195688675,0.9897380679925577,0.012649330978399207,2.0421632234406233,0.004395310269558846,0.006477918985207009
share_repurchase_program,collar,63,30,0.02713830590092788,0.023024471020842353,0.0041138348800855255,0.46293107191822475,0.018668694157175442,2.3081677473812356,0.010199082413423006,0.015263227574071322
share_repurchase_program,collar,exp,29,0.03874419457832564,0.02074227987804064,0.018001914700285,1.6055101622533312,0.03044356252884299,2.9736564405949535,0.02214293047936034,0.012978203147428563
share_repurchase_program,cash_secured_put,1,32,0.0009557788051488574,0.00025773426205340623,0.0006980445430954512,0.5772430323768908,-0.002537053647782457,-3.21096734897265,-0.006029886100713773,-0.0031997366021524767
share_repurchase_program,cash_secured_put,2,32,0.001765077077106264,0.0005227590668388078,0.0012423180102674562,0.6923992063389854,-0.0017277553758250513,-1.3315929054608862,-0.005220587828756365,-0.002931904901961541
share_repurchase_program,cash_secured_put,3,32,0.0013553115751890514,0.0008329160158338133,0.0005223955593552382,0.25451654141536684,-0.002137520877742264,-1.3610495243322165,-0.005630353330673578,-0.0026059416443628605
share_repurchase_program,cash_secured_put,5,31,0.0019564744968750703,0.0008040845048583761,0.0011523899920166942,0.5017050755925443,-0.0012886667553810018,-0.7384487353141642,-0.004533808007637073,-0.0026368276943831456
share_repurchase_program,cash_secured_put,10,32,0.0015335843455087283,0.0019015892604335146,-0.0003680049149247862,-0.12224041385535107,-0.0019592481074225867,-0.7971984346171576,-0.005452080560353902,-0.0015641798881393598
share_repurchase_program,cash_secured_put,21,32,0.00042491790140714193,0.004723804733798599,-0.004298886832391457,-1.2651660937578377,-0.0030679145515241724,-1.0384038091294163,-0.006560747004455486,0.001269772233412101
share_repurchase_program,cash_secured_put,42,31,0.003268657233350112,0.00773331780912521,-0.004464660575775098,-0.6507769742124031,-0.00020218524247220886,-0.031029933700812466,-0.0036730277182945308,0.00429223011263064
share_repurchase_program,cash_secured_put,63,32,0.013017444176763775,0.01217877866238239,0.0008386655143813853,0.10692386158122878,0.009524611723832458,1.333824211149093,0.0060317792709011445,0.008726854498495197
share_repurchase_program,cash_secured_put,exp,32,0.023883611753545777,0.015112183256089335,0.008771428497456442,1.2026612115827178,0.02039077930061446,3.362576943439561,0.016897946847683146,0.011670433909625116
strategic_initiative,long_call,1,31,0.00157530902122732,0.0008526814496126479,0.0007226275716146721,0.3861292614610159,-0.004317035407185105,-2.6809106344116223,-0.01020937983559753,-0.006168682016399656
strategic_initiative,long_call,2,31,-0.0003397878928776242,0.0020258839338037514,-0.0023656718266813754,-0.8801978500232103,-0.00623213232129005,-2.6187139030941577,-0.012124476749702478,-0.004991897421987501
strategic_initiative,long_call,3,31,-0.0008764685855784493,0.0008882714220700451,-0.0017647400076484944,-0.47438045358522607,-0.006768813013990874,-2.015650209673955,-0.0126611574424033,-0.006150580302075706
strategic_initiative,long_call,5,31,0.0028958565871168677,0.0017196556323121467,0.001176200954804721,0.19379948185830262,-0.0029964878412955566,-0.5576992876904552,-0.008888832269707983,-0.005317219000051492
strategic_initiative,long_call,10,30,0.010593469010776605,0.006566350879482153,0.0040271181312944515,0.4923768357957088,0.004784155825457531,0.6712441862310305,-0.0010251573598615436,-0.00047034213495437266
strategic_initiative,long_call,21,31,0.009161417798383295,0.017665761433451423,-0.008504343635068128,-0.7446531106210024,0.003269073369970869,0.3633792781657746,-0.0026232710584415575,0.010648241548130113
strategic_initiative,long_call,42,29,0.0013164799687974337,0.017442638412156698,-0.016126158443359264,-0.8983540246556804,-0.004613473543510929,-0.29252578848303645,-0.010543427055819298,0.010442895066265485
strategic_initiative,long_call,63,29,0.013422890046485796,0.02861717882748595,-0.015194288781000155,-0.656943717648323,0.007462484078078885,0.3739445222065056,0.001502078109671968,0.021584302470849644
strategic_initiative,long_call,exp,29,0.007706975079550317,0.03344694547730934,-0.02573997039775902,-1.017819435487097,0.0018134954128647893,0.08701082737385966,-0.004079984253820744,0.026409070829640852
strategic_initiative,covered_call,1,31,0.0026728840471869717,0.0013071462293874475,0.0013657378177995242,0.5717473237197858,-0.00047626947303356965,-0.21361947177079602,-0.0036254229932541097,-0.002844618084262717
strategic_initiative,covered_call,2,31,0.0007258303386757462,0.002888631355419703,-0.0021628010167439567,-0.5747087945525016,-0.0024233231815447955,-0.6822995366617759,-0.005572476701765336,-0.001265295520125993
strategic_initiative,covered_call,3,31,0.0001532374992423113,0.0015423082821986991,-0.0013890707829563877,-0.2840642786651174,-0.0029959160209782295,-0.6504955104431951,-0.0061450695411987685,-0.0026251177120922542
strategic_initiative,covered_call,5,29,-0.000551641617332745,0.003539950693796615,-0.00409159231112936,-0.6129717654079448,-0.0037838595052827042,-0.6055862559682705,-0.007016077393232661,-0.0006287123374880795
strategic_initiative,covered_call,10,30,0.0071615571163074305,0.007378834153590253,-0.00021727703728282276,-0.027104454022823188,0.004089034167779642,0.5528933971267987,0.0010165112192518594,0.003182593869450379
strategic_initiative,covered_call,21,31,0.006655199011896944,0.015752575186434196,-0.009097376174537252,-0.784906754129502,0.003506045491676398,0.34457535239070486,0.0003568919714558595,0.011573930235697345
strategic_initiative,covered_call,42,27,-0.00820578743735345,0.021928475336042218,-0.03013426277339567,-1.406466942145139,-0.011412759153694762,-0.5692833251327629,-0.014619730870036065,0.017684921479399294
strategic_initiative,covered_call,63,28,0.01757357133931926,0.0384969976345337,-0.02092342629521444,-1.0718888314508594,0.014527219755621577,0.8210495588737184,0.011480868171923895,0.03418424545071012
strategic_initiative,covered_call,exp,25,0.030651675282989625,0.047053307878022296,-0.016401632595032672,-0.7345542983955136,0.027670590000478782,1.3650972930311438,0.02468950471796794,0.04278616362690861
strategic_initiative,protective_put,1,29,0.002887104022372569,0.0014266382398058183,0.0014604657825667505,0.5956679781229638,-0.0010229277843805077,-0.45330060903188674,-0.004932959591133585,-0.002037353974106621
strategic_initiative,protective_put,2,28,0.0014005160112203923,0.003030073788397592,-0.0016295577771771996,-0.42098350561382336,-0.0025700394005479586,-0.711066084174891,-0.00654059481231631,-0.00043553990050353614
strategic_initiative,protective_put,3,29,0.000839953087319847,0.0014134207637491994,-0.0005734676764293523,-0.11133232659500678,-0.003070078719433229,-0.6419070529808075,-0.006980110526186306,-0.0020578051536872
strategic_initiative,protective_put,5,27,0.004530135894228939,0.0031076110709202286,0.0014225248233087108,0.17036186303583636,0.0006061346303997138,0.07791007366634346,-0.0033178666334295163,-0.00036038682998461774
strategic_initiative,protective_put,10,28,0.01423826232427733,0.007901704648429106,0.006336557675848224,0.6286342318467347,0.010317437885070715,1.126168025893715,0.006396613445864104,0.004371299984422761
strategic_initiative,protective_put,21,29,0.01934725882727376,0.021574159979177825,-0.0022269011519040656,-0.16440834033760507,0.015437227020520682,1.4114213176693082,0.011527195213767603,0.018084776185363822
strategic_initiative,protective_put,42,27,0.0032441380624817022,0.028086729015407798,-0.024842590952926097,-1.0729712047440207,-0.0007538832202001446,-0.03589124974135927,-0.004751904502881989,0.024541314932089595
strategic_initiative,protective_put,63,25,0.0012337292137539978,0.03967304964077279,-0.038439320427018794,-1.5002763182030103,-0.0028697046409764657,-0.1319482725354694,-0.006973138495706933,0.03617106544024899
strategic_initiative,protective_put,exp,22,0.007508625465134483,0.02617086402283169,-0.018662238557697206,-0.7673111339709815,0.003383997455773936,0.16844228125507776,-0.0007406305535866017,0.022605873413052043
strategic_initiative,collar,1,29,0.0016786864017325743,0.0008680083034365458,0.0008106780982960284,0.5250866016893094,-0.005183565699543467,-3.4098915797951967,-0.012045817800819512,-0.006566175344920112
strategic_initiative,collar,2,28,0.0009822310223545525,0.0018114091422944826,-0.00082917811993993,-0.35974344741961345,-0.005944604318885752,-2.652003047832991,-0.012871439660126058,-0.005621915695454041
strategic_initiative,collar,3,29,0.0004639986250600139,0.00046320238850293497,7.96236557078949e-07,0.0002810850908418124,-0.00639825347621603,-2.3771440702535,-0.013260505577492074,-0.006984941623575546
strategic_initiative,collar,5,27,0.00039120391652592396,0.002119931301843608,-0.0017287273853176842,-0.45514181668185455,-0.006574462094150636,-1.8449284575436902,-0.01354012810482719,-0.005319483023455781
strategic_initiative,collar,10,28,0.0064714395595340535,0.0037340132951381127,0.0027374262643959407,0.6346835167500033,-0.00031961051789265943,-0.07921910764501087,-0.00711066059531937,-0.003820934286488822
strategic_initiative,collar,21,29,0.010864299825888378,0.008779289579792158,0.0020850102460962198,0.40140897694444994,0.004002047724612335,0.9272060237570171,-0.0028602043766637053,0.001278237869374994
strategic_initiative,collar,42,27,0.0004150683660993023,0.014814814447158478,-0.014399746081059175,-1.265607977918162,-0.006589924632923857,-0.6152258767151672,-0.01359491763194701,0.0072119996650018645
strategic_initiative,collar,63,24,0.009649971155401024,0.024489247603608464,-0.01483927644820744,-1.1257079018783105,0.002791729862954067,0.22814057554606193,-0.004066511429492891,0.01674569273749086
strategic_initiative,collar,exp,22,0.01996181951135049,0.024581670799811498,-0.00461985128846101,-0.3140650383857425,0.013199738036339006,0.9645430493109696,0.006437656561327526,0.016686697207147008
strategic_initiative,cash_secured_put,1,29,0.0016485804277518053,0.0004994380892676376,0.0011491423384841677,1.1707176082221884,-0.0020614513790012724,-1.9663601598493166,-0.005771483185754349,-0.0027612469336851905
strategic_initiative,cash_secured_put,2,28,5.1854944126188676e-05,0.0011073228580270858,-0.001055467913900897,-0.5714676067248912,-0.003718700467642163,-2.0275792677318987,-0.007489255879410515,-0.002153362164925742
strategic_initiative,cash_secured_put,3,29,9.004713714423425e-06,0.0012435501359831435,-0.00123454542226872,-0.4865808816031948,-0.0037010270930386544,-1.4932046989865588,-0.007411058899791731,-0.0020106051427453437
strategic_initiative,cash_secured_put,5,29,0.0002764566457339207,0.0011682455393598676,-0.0008917888936259468,-0.26528300085874307,-0.0034335751610191567,-1.074111808439128,-0.007143606967772233,-0.002088210877756719
strategic_initiative,cash_secured_put,10,29,0.0012365521655744631,0.0029209030216196578,-0.0016843508560451946,-0.34410143178508296,-0.002473479641178615,-0.528424941095157,-0.006183511447931693,-0.0003527987859927835
strategic_initiative,cash_secured_put,21,29,-0.0017811999353919024,0.006016695589791288,-0.00779789552518319,-0.9156571381237266,-0.005491231742144981,-0.6768715367778007,-0.009201263548898053,0.002747578141566462
strategic_initiative,cash_secured_put,42,29,-0.006529381519462157,0.006026457089576549,-0.012555838609038706,-1.1561931179760692,-0.010239413326215233,-1.0113703243552228,-0.013949445132968311,0.0027588813099232107
strategic_initiative,cash_secured_put,63,25,-0.010923875579577446,0.008351952680792581,-0.019275828260370026,-1.1318322969136134,-0.014827309434307913,-0.8980302015337692,-0.01873074328903838,0.0050543591779621195
strategic_initiative,cash_secured_put,exp,27,-0.005075547485479793,0.009674474167986558,-0.01475002165346635,-0.9613367980209646,-0.008878710191697947,-0.6166781561462188,-0.012681872897916105,0.00627257779283836
cfo_appointment,long_call,1,31,-0.0014755243709858891,-0.00011290392751356606,-0.001362620443472323,-0.9869654071985084,-0.008235249934842514,-5.678535099257361,-0.01499497549869914,-0.006385422180092115
cfo_appointment,long_call,2,31,0.0021060824614676414,0.001001467736691806,0.0011046147247758353,0.3890837590238171,-0.004653643102388984,-1.6716007402891726,-0.01141336866624561,-0.005279050674015454
cfo_appointment,long_call,3,31,0.0006133371936109761,0.0015985020786725278,-0.0009851648850615516,-0.2892617896759281,-0.006146388370245649,-1.8352745484363189,-0.012906113934102277,-0.004667438451720295
cfo_appointment,long_call,5,32,-0.00031647329493126886,0.0013649763677774673,-0.0016814496627087362,-0.3774829335166325,-0.007076489089858192,-1.6421976188496703,-0.013836504884785113,-0.00489082114741659
cfo_appointment,long_call,10,32,-0.00010556300030403675,-0.001449148649759552,0.0013435856494555154,0.19660561404319135,-0.006865578795230961,-1.028183901092046,-0.013625594590157887,-0.0077170927300824
cfo_appointment,long_call,21,32,0.007553057156641717,0.006561145854613695,0.0009919113020280222,0.11138292608033358,0.0007930413617147965,0.09314863393963131,-0.005966974433212125,0.0002880161125457195
cfo_appointment,long_call,42,31,0.009263958443061196,0.011045034611787982,-0.0017810761687267855,-0.09711208407485282,0.002523879096372929,0.14169619590215407,-0.0042162002503153394,0.004757342811297019
cfo_appointment,long_call,63,30,-0.004882079855468502,0.019286529220034605,-0.024168609075503108,-1.5091791857886885,-0.011590630266430816,-0.7944897962781663,-0.018299180677393126,0.012976121515669464
cfo_appointment,long_call,exp,32,0.006881486259341957,0.02337348998240207,-0.016492003723060113,-1.013315254564608,0.0001214704644150336,0.008739014053014523,-0.006638545330511882,0.01712241454064068
cfo_appointment,covered_call,1,31,0.0006573555593441173,0.00011251686901218202,0.0005448386903319354,0.33805844022678855,-0.00339448102530673,-2.1773830332367328,-0.0074463176099575775,-0.003560428688141047
cfo_appointment,covered_call,2,28,0.005190036241785777,0.001418887852163946,0.0037711483896218307,1.030335259024914,0.000889261074994344,0.248290880703753,-0.003411514091797088,-0.0022580451603306574
cfo_appointment,covered_call,3,27,0.004190178931269369,0.002084142839689071,0.002106036091580298,0.49242703528881737,-0.00014761244533981007,-0.035416160121870176,-0.004485403821948992,-0.0015890339225197074
cfo_appointment,covered_call,5,32,0.0013163017087729236,0.0007531784317072213,0.0005631232770657023,0.11621535731286928,-0.0027322096608947567,-0.6091936660093136,-0.006780721030562436,-0.002919050823989306
cfo_appointment,covered_call,10,31,0.005492660162720941,-0.00264323556207811,0.008135895724799051,0.9525640343511583,0.0013964961310870324,0.17109433488501302,-0.0026996679005468786,-0.006317696428411885
cfo_appointment,covered_call,21,31,0.018578586676599087,0.008459079830467198,0.010119506846131889,1.0919086648695018,0.014482422644965178,1.676198449114671,0.010386258613331267,0.0047778637005516855
cfo_appointment,covered_call,42,31,0.016632687977441416,0.01918274328474352,-0.002550055307302103,-0.17223303799947015,0.012607680142220475,0.877667521167434,0.008582672306999538,0.015453570010582581
cfo_appointment,covered_call,63,30,0.00791652107691913,0.030829030947289532,-0.022912509870370402,-1.1003635727204497,0.003873571441533006,0.19277608521652997,-0.0001693781938531147,0.02705116164030694
cfo_appointment,covered_call,exp,29,0.026468771260852963,0.03953253478166009,-0.013063763520807129,-0.6196518648705052,0.022287592043186887,1.102892279610428,0.018106412825520814,0.03584314511571601
cfo_appointment,protective_put,1,30,0.00034203055150926995,0.0004720501228328474,-0.00013001957132357747,-0.07099735992880253,-0.002961641429452199,-1.7527233565457243,-0.006265313410413668,-0.0029391461081066097
cfo_appointment,protective_put,2,27,0.005651139607083109,0.0018423417912214453,0.003808797815861664,0.9389965035101817,0.002317037410194119,0.5958566940826087,-0.0010170647866948716,-0.0015598278412589845
cfo_appointment,protective_put,3,26,0.0041049258407962735,0.0030667952480381497,0.0010381305927581238,0.20660928319636387,0.0007847448357095647,0.16071868136280149,-0.0025354361693771424,-0.00033098017125399057
cfo_appointment,protective_put,5,30,-0.0009096178127320998,0.002330994681723886,-0.0032406124944559856,-0.5545798048544629,-0.004137538996927507,-0.7459184762362968,-0.007365460181122915,-0.0010859073112100613
cfo_appointment,protective_put,10,30,0.0002539957320606059,-0.0006400375889251845,0.0008940333209857905,0.09561211418196207,-0.0029739254521348015,-0.3377032872411817,-0.0062018466363302095,-0.004046298278672187
cfo_appointment,protective_put,21,31,0.012506406809745381,0.010116704279980595,0.0023897025297647864,0.21490105902502246,0.009230361091940292,0.901831285680448,0.005954315374135201,0.0066854604513343465
cfo_appointment,protective_put,42,31,0.018392840696650613,0.020559424311891988,-0.002166583615241375,-0.10195168157789289,0.01511679497884552,0.7455530448608875,0.011840749261040433,0.017112966548617953
cfo_appointment,protective_put,63,29,0.004395170113067164,0.03194094958328816,-0.027545779470220993,-1.3791060928767627,0.001061098457574436,0.05943594242363144,-0.002272973197918288,0.0284569467599045
cfo_appointment,protective_put,exp,27,0.014959071334651797,0.033835854914484716,-0.01887678357983292,-0.8387181388807373,0.011610180389463202,0.584020858467346,0.008261289444274606,0.030396173599327544
cfo_appointment,collar,1,30,0.0012081029385835325,0.0003116367948110356,0.0008964661437724968,0.8437379363842704,-0.005923229481933258,-5.128084563002841,-0.01305456190245005,-0.00658691096260584
cfo_appointment,collar,2,27,0.005349120824512217,0.0010369895266409918,0.004312131297871225,1.9356151082123216,-0.002068114103215421,-0.944740091282271,-0.009485349030943061,-0.005847830806603901
cfo_appointment,collar,3,26,0.004628641315111815,0.0014930318188252627,0.003135609496286553,1.2221985934727007,-0.002812433775779939,-1.1062406711292956,-0.010253508866671698,-0.005385768270540756
cfo_appointment,collar,5,30,0.0016248365602126295,0.0009410762715903712,0.0006837602886222583,0.22195325439381633,-0.005476550092087264,-1.9072957427737847,-0.012577936744387157,-0.005951211496178508
cfo_appointment,collar,10,30,0.0021663449928616763,-0.0006306581378977594,0.0027970031307594356,0.6126889193680689,-0.004935041659438218,-1.1863848344316754,-0.012036428311738111,-0.007524580822093573
cfo_appointment,collar,21,30,0.010753485280088999,0.0054000337494774404,0.0053534515306115586,1.0732696844132807,0.0036520986277891057,0.8250079654591403,-0.0034492880245107884,-0.0015316178915463943
cfo_appointment,collar,42,31,0.012729167045025004,0.010557464749018305,0.0021717022960066994,0.27756702061744865,0.0056281134919989725,0.7521326978888547,-0.0014729400610270576,0.0035680242592990878
cfo_appointment,collar,63,29,0.012196989358269454,0.018297199258882648,-0.006100209900613194,-0.6235291496782582,0.004951618192381145,0.5470341413677604,-0.0022937529735071603,0.011179015782133508
cfo_appointment,collar,exp,27,0.01956042508255146,0.020662028427044943,-0.001101603344493482,-0.09076177752472611,0.012264798602919616,1.0761949732142775,0.004969172123287776,0.013676648626755312
cfo_appointment,cash_secured_put,1,31,8.528345291694839e-05,-0.00019855170197676368,0.0002838351548937121,0.3553628123899603,-0.0029907622648881415,-4.446421282193027,-0.00606680798269323,-0.0034004007851078885
cfo_appointment,cash_secured_put,2,31,0.0006883711557899293,0.00026314729345826743,0.0004252238623316618,0.25410257418773896,-0.0023876745620151608,-1.6076627604547309,-0.005463720279820249,-0.0029225201315245886
cfo_appointment,cash_secured_put,3,29,0.0004979292234543338,0.0006400806535456708,-0.00014215143009133698,-0.07440146421856839,-0.0025704483421407974,-1.458133848543828,-0.00563882590773593,-0.0025476200256052883
cfo_appointment,cash_secured_put,5,30,-1.9414278554472224e-05,-0.0005967300486712123,0.0005773157701167401,0.23984447284700477,-0.00304733546274988,-1.4897780806464784,-0.0060752566469452875,-0.0037942771349973154
cfo_appointment,cash_secured_put,10,31,0.0028024483010412127,-0.001849017342468918,0.004651465643510131,1.0806804003088109,-0.0002735974167638772,-0.07228157552398438,-0.003349643134568967,-0.005032959621296663
cfo_appointment,cash_secured_put,21,31,0.007312206383865078,0.0029843563568859627,0.0043278500269791145,0.9389278207295154,0.004236160666059986,1.042311449223167,0.0011601149482548972,-0.00023195801790617054
cfo_appointment,cash_secured_put,42,31,0.0039035209324164172,0.007643445149926323,-0.0037399242175099054,-0.4671570258329791,0.0008274752146113273,0.10723450009183384,-0.002248570503193761,0.004439539822926719
cfo_appointment,cash_secured_put,63,30,-0.0062746456076284195,0.008115608443469747,-0.014390254051098166,-1.0331778207293354,-0.009371949718458904,-0.6921615739255652,-0.012469253829289394,0.004861886759777476
cfo_appointment,cash_secured_put,exp,28,0.005127545200073885,0.010492745029631418,-0.005365199829557533,-0.42182078611658824,0.0019296938698528984,0.15856937278064598,-0.001268157460368087,0.007253538729103809
equity_compensation_grant,long_call,1,26,0.002029939221677564,-0.0007652470840477417,0.0027951863057253056,1.2740821411665542,-0.006175413726925106,-2.8479655131989294,-0.014380766675527778,-0.008885973569765015
equity_compensation_grant,long_call,2,26,0.005556122237020451,-0.000879944217284237,0.006436066454304688,1.8322171577924435,-0.0026492307115822174,-0.853313755798109,-0.010854583660184883,-0.008996432424574752
equity_compensation_grant,long_call,3,26,0.008670783619294386,-0.0023430644023803853,0.011013848021674771,2.8752637692084297,0.00046543067069171903,0.1406684525470339,-0.007739922277910951,-0.0104595526096709
equity_compensation_grant,long_call,5,26,0.0050313186690108935,-0.0030305756595560064,0.0080618943285669,1.5253737560245002,-0.003174034279591775,-0.684193687063736,-0.011379387228194444,-0.011144794153857478
equity_compensation_grant,long_call,10,26,0.00379516958546828,-0.0029519698809842565,0.006747139466452536,1.1720654074001964,-0.00441018336313439,-0.8778381802181765,-0.012615536311737056,-0.011015244267363816
equity_compensation_grant,long_call,21,26,-0.009535826198466803,0.002681434041796046,-0.012217260240262848,-1.3001808166925097,-0.017741179147069467,-2.1223639988217124,-0.025946532095672138,-0.005398922508301978
equity_compensation_grant,long_call,42,26,-0.001095443997200209,0.015391032897551801,-0.01648647689475201,-0.9932470615278455,-0.009300796945802875,-0.6251913978692906,-0.017506149894405548,0.007331460067693485
equity_compensation_grant,long_call,63,25,0.01870721145610159,0.023473710124050518,-0.00476649866794893,-0.19330643117907928,0.010416719520881754,0.4492924940683101,0.0021262275856619214,0.015520836503844958
equity_compensation_grant,long_call,exp,26,0.02785437252663702,0.014709234449022111,0.01314513807761491,0.5104376334810006,0.019649019578034353,0.8348283147428187,0.011443666629431685,0.0067125446880774925
equity_compensation_grant,covered_call,1,26,0.0027915885444354084,-0.0009563328025852426,0.003747921347020651,1.4341388726566138,-0.0025826824750289196,-1.0181328803290082,-0.007956953494493251,-0.0064068195497554515
equity_compensation_grant,covered_call,2,24,0.0062973476365466635,-0.0011786206757550624,0.007475968312301726,1.8345877626273663,0.0007538559305597705,0.2036791349510896,-0.004789635775427123,-0.0066101586126084255
equity_compensation_grant,covered_call,3,25,0.009541339335117279,-0.0015457676017214031,0.011087106936838682,2.607569914647371,0.004151376533634962,1.101109971274259,-0.0012385862678473557,-0.006990604301604959
equity_compensation_grant,covered_call,5,26,0.007233741817121059,-0.003622549165097691,0.01085629098221875,2.0946349630340073,0.0018594707976567321,0.417142455949959,-0.0035148002218075977,-0.009034868336182252
equity_compensation_grant,covered_call,10,26,0.012612739566433311,-0.0017463538785247343,0.014359093444958046,2.5611159625652307,0.007238468546968982,1.6212389404351202,0.001864197527504654,-0.0071418741556984605
equity_compensation_grant,covered_call,21,26,0.004817918395771106,0.009754110361893867,-0.004936191966122761,-0.4355859332673173,-0.0005563526236932222,-0.052490056166396896,-0.005930623643157553,0.004369917984830739
equity_compensation_grant,covered_call,42,26,0.022926688519622665,0.02467638512309296,-0.0017496966034702965,-0.12088667234372318,0.017552417500158332,1.3276667946999725,0.012178146480694003,0.01936772651900849
equity_compensation_grant,covered_call,63,24,0.04788466692905214,0.03695064837453425,0.010934018554517887,0.6490258231457043,0.042418659136520674,2.7847426611142767,0.0369526513439892,0.03169974715944583
equity_compensation_grant,covered_call,exp,25,0.0516540611271934,0.053537703749189015,-0.0018836426219956126,-0.08766075264713247,0.04624459135326459,2.2960089808631685,0.04083512157933576,0.04836514208801806
equity_compensation_grant,protective_put,1,26,0.003431718086087439,-0.0012759504376276415,0.004707668523715081,1.70090675204365,-0.0005068955928171844,-0.19314214631229304,-0.0044455092717218085,-0.005649282056925619
equity_compensation_grant,protective_put,2,25,0.007998036420386288,-0.0011044173155375294,0.009102453735923818,2.057320154166942,0.003980368844551703,1.0082533762336268,-3.7298731282880416e-05,-0.005437635225698264
equity_compensation_grant,protective_put,3,26,0.011002662462037682,-0.0015834006525482797,0.012586063114585962,2.7855270047683534,0.007064048783133058,1.8095467102313094,0.0031254351042284342,-0.005930639789918553
equity_compensation_grant,protective_put,5,25,0.009200344508493675,-0.0024666894296225305,0.011667033938116207,1.8589582247588732,0.005314543927088386,0.9848129502556658,0.0014287433456830966,-0.006792436116054219
equity_compensation_grant,protective_put,10,26,0.008302226743278003,-0.00133746177375595,0.009639688517033953,1.3455199507565245,0.004363613064373382,0.7267401953431355,0.00042499938546875963,-0.005644905733830622
equity_compensation_grant,protective_put,21,26,-0.004963022379615151,0.006964051339041581,-0.011927073718656731,-1.009939437358955,-0.008901636058519775,-0.8507490134568094,-0.012840249737424404,0.0026573747901744303
equity_compensation_grant,protective_put,42,26,0.009966842381520995,0.02611468764744632,-0.016147845265925324,-0.8284806723795656,0.006028228702616374,0.34884284651622455,0.0020896150237117513,0.021826042757086748
equity_compensation_grant,protective_put,63,24,0.03427105486507341,0.0334500248068057,0.0008210300582677105,0.02832854008127433,0.030232428676984502,1.1116410558236092,0.026193802488895607,0.02916182868726206
equity_compensation_grant,protective_put,exp,24,0.04543682880980788,0.01795540219498295,0.02748142661482493,0.9388633155616206,0.04144554910127745,1.5145502999398064,0.03745426939274702,0.013755781474362166
equity_compensation_grant,collar,1,26,0.0019680807879851945,-0.0011332624268630405,0.003101343214848235,2.103175157776435,-0.007144803910383759,-4.108947842095339,-0.01625768860875271,-0.010767413703503781
equity_compensation_grant,collar,2,24,0.004359389429716889,-0.0007421560366313399,0.005101545466348229,2.397312736401796,-0.005015691042049237,-2.3104853315706926,-0.014390771513815362,-0.010284618619328119
equity_compensation_grant,collar,3,25,0.005824757523186992,-6.437661529995576e-05,0.0058891341384869475,2.8548775110651783,-0.0033140211436696147,-1.572830384092022,-0.012452799810526221,-0.009634669007970992
equity_compensation_grant,collar,5,25,0.004904252570507341,-0.000511455020316437,0.0054157075908237776,1.936524302456101,-0.004098845117242348,-1.4289708450126022,-0.013101942804992037,-0.01000916520280606
equity_compensation_grant,collar,10,26,0.007712220229651382,0.00036740307949797703,0.0073448171501534045,2.3521709241511957,-0.001400664468717572,-0.46593551384013004,-0.010513549167086524,-0.009129376062206372
equity_compensation_grant,collar,21,26,0.004541629733424966,0.0056371047918564055,-0.0010954750584314396,-0.19255174448025061,-0.004571254964943988,-0.8285007331502949,-0.013684139663312942,-0.003811151649036353
equity_compensation_grant,collar,42,26,0.01420636416846722,0.01346724667281734,0.0007391174956498797,0.09580653361380632,0.005093479470098268,0.7106281266946599,-0.004019405228270685,0.004121710124388495
equity_compensation_grant,collar,63,23,0.02852295705203256,0.019726090895775112,0.008796866156257448,0.8069023525283371,0.019039374990104156,1.8667639978349606,0.009555792928175752,0.010353545038307717
equity_compensation_grant,collar,exp,24,0.03437246903035931,0.025002584897788675,0.009369884132570633,0.7635180702392845,0.025167602930109733,2.19080541904201,0.01596273682986017,0.015902761918188804
equity_compensation_grant,cash_secured_put,1,26,0.0008235077564502144,8.649268967515545e-06,0.0008148584874826989,0.5407407059606846,-0.0029151059224544096,-1.925260701769996,-0.006653719601359035,-0.004130948572152686
equity_compensation_grant,cash_secured_put,2,26,0.001736509310591816,-0.00039057136432385324,0.0021270806749156693,0.9887599360420601,-0.002002104368312808,-1.0307138789121417,-0.005740718047217432,-0.00450557371422223
equity_compensation_grant,cash_secured_put,3,26,0.0035212611696049923,-0.0012735892483376901,0.004794850417942682,1.9954850849488293,-0.0002173525092996313,-0.10228106826098365,-0.003955966188204255,-0.005388591598236068
equity_compensation_grant,cash_secured_put,5,25,0.002803386488292195,-0.002816521036854939,0.0056199075251471345,1.8359580347189561,-0.000882414093113094,-0.3385606341803611,-0.004568214674518385,-0.006931523386753319
equity_compensation_grant,cash_secured_put,10,26,0.0049005193367819295,-0.0025602016019177537,0.007460720938699683,2.5785115577285724,0.0011619056578773058,0.5918329083839096,-0.0025767080210273184,-0.006671912652543957
equity_compensation_grant,cash_secured_put,21,26,0.00027628866234614264,0.0034136816981237893,-0.0031373930357776465,-0.5087506147944159,-0.003462325016558482,-0.6098219769974838,-0.007200938695463108,-0.000673852436753982
equity_compensation_grant,cash_secured_put,42,26,0.008720324351155441,0.009333612807579293,-0.0006132884564238519,-0.0806673268458765,0.0049817106722508196,0.7384853104954957,0.0012430969933461952,0.005265823723908272
equity_compensation_grant,cash_secured_put,63,24,0.011244234049634002,0.015657316060410556,-0.004413082010776554,-0.42254999990967695,0.007405607861545101,0.7726215244231665,0.0035669816734562043,0.01154812225159988
equity_compensation_grant,cash_secured_put,exp,25,0.014482979166956804,0.023107292029915183,-0.008624312862958379,-0.6918069063120009,0.01074078170314121,0.9150533653517302,0.006998584239325606,0.01907437867566571
ceo_departure,long_call,1,29,-0.00042595721987061247,-0.00034425427214823114,-8.170294772238132e-05,-0.041244144833609206,-0.0070442828915988475,-3.5943786731501857,-0.013662608563327083,-0.007163426558168403
ceo_departure,long_call,2,29,0.001086461336121299,0.0008050278952908522,0.0002814334408304467,0.08344980221830409,-0.005531864335606937,-1.7217743622187145,-0.01215019000733517,-0.006000869845315812
ceo_departure,long_call,3,29,0.0003008776318682582,0.0016889761796565986,-0.0013880985477883404,-0.3361849914923705,-0.006317448039859976,-1.5964445636497704,-0.012935773711588211,-0.005116921560950064
ceo_departure,long_call,5,29,-0.0008762039179691739,0.002010401789740883,-0.0028866057077100568,-0.6271729312026509,-0.007494529589697409,-1.8091751794808926,-0.014112855261425642,-0.004792595630869738
ceo_departure,long_call,10,28,0.0018613966158848735,0.004321417384458264,-0.0024600207685733905,-0.2761949462908459,-0.004585320433413216,-0.5395866864475626,-0.011032037482711308,-0.0024955595721646772
ceo_departure,long_call,21,28,0.009404787987906709,0.01130036031434966,-0.0018955723264429507,-0.09872954243293239,0.0029580709386086168,0.15835222851959477,-0.0034886461106894743,0.004444351750370786
ceo_departure,long_call,42,29,0.017837033843023115,0.014571200763130449,0.0032658330798926664,0.13617571247802465,0.011218708171294882,0.4853434656142247,0.00460038249956664,0.007732308529527589
ceo_departure,long_call,63,28,0.013262173313576474,0.018248402042619787,-0.004986228729043312,-0.18412894025433865,0.006666210617481585,0.2569170704649743,7.024792138669559e-05,0.011363978528351526
ceo_departure,long_call,exp,27,0.017631284592620547,0.014276051733276075,0.003355232859344472,0.09382801862707538,0.011214114652217411,0.32285270910035574,0.004796944711814272,0.007454455055486008
ceo_departure,covered_call,1,29,-0.0008963085805835208,-0.00029125179310898026,-0.0006050567874745405,-0.15346653107026736,-0.0048961042517430935,-1.248853580476002,-0.008895899922902663,-0.0043583277592977795
ceo_departure,covered_call,2,29,0.0020635332678537125,0.0007674994447613893,0.0012960338230923233,0.22354151736570546,-0.0019362624033058616,-0.3417125721602594,-0.0059360580744654305,-0.003286890516995712
ceo_departure,covered_call,3,28,0.0035778317364414023,0.00238713384470421,0.0011906978917371924,0.18459097356512488,-0.00044690886934128964,-0.07080051055232901,-0.00447164947512398,-0.0016709657699204067
ceo_departure,covered_call,5,29,0.0009481378118277175,0.0024342272792949294,-0.001486089467467212,-0.21207171383331505,-0.0030516578593318554,-0.4548003928451719,-0.007051453530491426,-0.0016411032349282345
ceo_departure,covered_call,10,28,0.0037181948506170882,0.0065222024407290725,-0.0028040075901119843,-0.24956358740178602,-0.0001112794910216445,-0.010154528435211911,-0.003940753832660376,0.0024407921105452607
ceo_departure,covered_call,21,28,0.005122341679121464,0.013067828718374102,-0.007945487039252637,-0.6491143026375521,0.001292867337482731,0.11117561668413975,-0.002536607004156002,0.008976444493091235
ceo_departure,covered_call,42,29,0.004443580121341124,0.018211623465379537,-0.013768043344038413,-0.7140304199083488,0.00044378445018154934,0.023667686424839737,-0.003556011220978024,0.014130181895260103
ceo_departure,covered_call,63,28,0.0035939546779887024,0.024760260870275278,-0.021166306192286575,-0.8734840473050567,-0.00045530406488535714,-0.019643516239394036,-0.004504562807759413,0.020575761631036124
ceo_departure,covered_call,exp,23,0.026760284038368477,0.02858174219373369,-0.0018214581553652118,-0.0560106459481859,0.023018642861432553,0.7254696961341538,0.01927700168449663,0.024497562572815462
ceo_departure,protective_put,1,29,0.0002720525815775261,-0.00041558694273404774,0.0006876395243115738,0.24685072314605758,-0.004448882807570461,-1.6388362526431342,-0.009169818196718452,-0.004025116716253844
ceo_departure,protective_put,2,29,0.0015221984850524533,0.0011148027735144168,0.00040739571153803646,0.08767140426619294,-0.003198736904095536,-0.7120526245446456,-0.007919672293243526,-0.0024841077071064517
ceo_departure,protective_put,3,28,0.002727995585836499,0.0029329601737009426,-0.0002049645878644435,-0.03822069127671617,-0.0020295427392186195,-0.3974761372216103,-0.006787081064273738,-0.0006695920742977712
ceo_departure,protective_put,5,29,-2.0238148589148477e-05,0.0035470862809637168,-0.0035673244295528653,-0.6389281355697387,-0.004741173537737138,-0.9189806015319864,-0.009462108926885126,-5.7089835158381025e-05
ceo_departure,protective_put,10,27,0.004507067653440102,0.0072085205803917906,-0.002701452926951688,-0.2408659445733717,-0.0001843863227309325,-0.017130339095069794,-0.004875840298901967,0.00359717591947535
ceo_departure,protective_put,21,27,0.008863356890492112,0.015946551264190652,-0.00708319437369854,-0.3368081839155925,0.004158751063639218,0.20288983089172524,-0.0005458547632136748,0.012345391302151341
ceo_departure,protective_put,42,29,0.02207909829338792,0.0231503315601198,-0.001071233266731881,-0.03850146916436785,0.017358162904239933,0.6439894906811859,0.012637227515091944,0.019530975685830617
ceo_departure,protective_put,63,27,0.02637055756252022,0.031954383278764084,-0.005583825716243863,-0.17729158671149717,0.02159009958287688,0.713481111886061,0.016809641603233554,0.028284605800151342
ceo_departure,protective_put,exp,24,-0.0049717412825682344,0.027428738152998244,-0.03240047943556648,-1.3520928659271614,-0.009770182057227343,-0.4438399778589702,-0.014568622831886452,0.023784705608191833
ceo_departure,collar,1,29,-0.0008832506886221383,-9.72473996181683e-05,-0.00078600328900397,-0.4452876216082178,-0.0094039817489297,-4.400172307061254,-0.017924712809237266,-0.0075810202734344035
ceo_departure,collar,2,29,0.0006933075747939649,0.0005086205711010399,0.00018468700369292498,0.07560708604216468,-0.007827423485513596,-2.8708460716735953,-0.01634815454582116,-0.006962048824585045
ceo_departure,collar,3,28,0.0012734554031079298,0.0013977884359999144,-0.00012433303289198462,-0.04653691696918784,-0.00730882352772988,-2.534705474357025,-0.015891102458567688,-0.0060783102061752504
ceo_departure,collar,5,29,-5.274480343351235e-05,0.0018417153670520837,-0.001894460170485596,-0.7145615935715659,-0.008573475863741072,-3.131523421083849,-0.01709420692404863,-0.005646818520545269
ceo_departure,collar,10,27,0.00412965432165449,0.004086556776973535,4.3097544680955474e-05,0.008595857307176906,-0.004158567445216667,-0.8239504430243568,-0.012446789212087825,-0.0034142439193287364
ceo_departure,collar,21,27,0.002866962469597626,0.007664275428608641,-0.0047973129590110145,-0.8104070679637179,-0.005512104538837882,-0.9419258654239722,-0.013891171547273385,0.00016577093923852922
ceo_departure,collar,42,29,0.0072389702141079666,0.011039165350100109,-0.003800195135992142,-0.35991077450287,-0.0012817608461995942,-0.11930068951474022,-0.009802491906507149,0.003505649459992162
ceo_departure,collar,63,27,0.011452692758262195,0.018221888191585458,-0.006769195433323263,-0.5729945339713493,0.0027706725021198263,0.2365246089212526,-0.005911347754022543,0.010565752907716348
ceo_departure,collar,exp,22,0.01563092212818938,0.018715654818233365,-0.0030847326900439835,-0.19041119341395282,0.007189610910997828,0.4566553719413074,-0.0012517003061937272,0.01111732992738443
ceo_departure,cash_secured_put,1,29,-1.30578919613826e-05,-0.00014061765793347615,0.00012755976597209355,0.045722888746498325,-0.004533993281109371,-1.6229070955731053,-0.009054928670257362,-0.003550448235363562
ceo_departure,cash_secured_put,2,29,0.0013702256930597481,0.0002445020238953095,0.0011257236691644386,0.29428161048653906,-0.00315070969608824,-0.8794576049096764,-0.007671645085236228,-0.0031566227796793987
ceo_departure,cash_secured_put,3,29,0.0020645010717506504,0.0010340323403970598,0.0010304687313535906,0.23254351449719837,-0.0024564343173973384,-0.590875483938488,-0.0069773697065453255,-0.0023648762584820436
ceo_departure,cash_secured_put,5,29,0.0010008826152612294,0.0004740244301215871,0.0005268581851396423,0.10039681368829889,-0.0035200527738867594,-0.6841713627630271,-0.008040988163034748,-0.0029338076922105537
ceo_departure,cash_secured_put,10,28,0.001725225516878299,0.002243467785692967,-0.0005182422688146681,-0.06656812630372237,-0.0028023294067336013,-0.36416942454779855,-0.007329884330345504,-0.001155575677297578
ceo_departure,cash_secured_put,21,28,8.781463607099534e-05,0.005050115914165039,-0.004962301278094043,-0.6877050919426424,-0.004452422429269841,-0.646454955565587,-0.008992659494610675,0.00164617766913613
ceo_departure,cash_secured_put,42,29,-0.0027953900927668433,0.006347093671518963,-0.009142483764285806,-0.8763746564280154,-0.007316325481914829,-0.7309443042485643,-0.011837260871062825,0.0029463025041977786
ceo_departure,cash_secured_put,63,27,-0.0028541602070469877,0.004925389780234557,-0.007779549987281545,-0.4775786911584756,-0.007434618186690322,-0.4751089193411457,-0.012015076166333653,0.0014965387660201767
ceo_departure,cash_secured_put,exp,28,0.0065593152627545425,0.007735594584148141,-0.001176279321393598,-0.07182882160812672,0.0019121491280703286,0.12312028132772618,-0.0027350170066138854,0.004304260779512028
cfo_departure,long_call,1,29,-0.0019310354330674404,-0.0005198240006787107,-0.0014112114323887297,-0.7986579359109366,-0.008964079685712495,-5.42114271302525,-0.015997123938357546,-0.006947141661676695
cfo_departure,long_call,2,29,0.0012983303498686689,9.107368944594818e-05,0.0012072566604227207,0.4638203211443628,-0.005734713902776384,-2.426567506745182,-0.012767758155421438,-0.006336243971552037
cfo_departure,long_call,3,29,-0.0015595449693213783,-1.1798429553600305e-05,-0.001547746539767778,-0.5468774506695565,-0.00859258922196643,-3.383474871017955,-0.015625633474611485,-0.00642433285834389
cfo_departure,long_call,5,30,-0.003955920767367513,-0.00019246673339803173,-0.0037634540339694816,-0.900737874105376,-0.010980163976861272,-2.814697026546098,-0.01800440718635502,-0.006603906912204009
cfo_departure,long_call,10,30,-0.0013694029561860785,-0.0033776575406379147,0.002008254584451836,0.27609672701812826,-0.008393646165679834,-1.1811694321662056,-0.015417889375173592,-0.00980375435826102
cfo_departure,long_call,21,30,0.011004384779869302,0.00500718645177005,0.005997198328099252,0.5834936753259867,0.003980141570375544,0.4076229796048647,-0.0030441016391182093,-0.00142093370419004
cfo_departure,long_call,42,28,0.01036245278782033,0.005328716400068154,0.0050337363877521754,0.2882321529717491,0.0034182045171315717,0.20293951189153234,-0.003526043753557188,-0.0010937395643838487
cfo_departure,long_call,63,28,0.014728642521396279,0.0037261475039098353,0.011002495017486444,0.6311388660964227,0.007740667407966972,0.47124679062070457,0.0007526922945376723,-0.002749319929678503
cfo_departure,long_call,exp,30,0.0245718483444876,0.004262084869410752,0.020309763475076847,1.1426165183061077,0.01754760513499384,1.0632453269050501,0.010523361925500093,-0.002130417051959653
cfo_departure,covered_call,1,29,-9.620555027066956e-05,-0.0005391773166632607,0.0004429717663925911,0.17549608353181606,-0.004371957747247836,-1.9167596648912248,-0.008647709944224998,-0.0042630598675893385
cfo_departure,covered_call,2,28,0.0032004137251458466,0.0005316051517790962,0.0026688085733667503,0.7104954113908664,-0.0011686087690632465,-0.3413791821519293,-0.005537631263272341,-0.003185244074598232
cfo_departure,covered_call,3,27,-0.0005212886638146686,0.0006181225180498142,-0.0011394111818644828,-0.23309021760752857,-0.004929855046634756,-1.0868564818307598,-0.009338421429454843,-0.003102915526176089
cfo_departure,covered_call,5,30,-0.006481028671360743,-0.00011875179119612578,-0.0063622768801646174,-1.04501089396594,-0.010745770118611653,-1.902816589900675,-0.015010511565862562,-0.0038385245496157425
cfo_departure,covered_call,10,30,-0.0002866710094410184,-0.002964637797309011,0.0026779667878679926,0.2732874957902713,-0.004551412456691925,-0.4845684107019906,-0.008816153903942832,-0.006690266246143307
cfo_departure,covered_call,21,29,0.013601087799691717,0.007288823132365716,0.006312264667326001,0.5295405232895133,0.009310388397671369,0.8288595818589327,0.005019688995651021,0.003561276179250579
cfo_departure,covered_call,42,28,0.008136623460433109,0.01849962067212581,-0.010362997211692702,-0.5730720285628322,0.003984120204155597,0.2279962612889669,-0.00016838305212191768,0.014729489646965955
cfo_departure,covered_call,63,27,0.029999971940762222,0.02573703026525232,0.004262941675509901,0.20667867532804493,0.025697512389250818,1.317365930828658,0.02139505283773941,0.021932310474839255
cfo_departure,covered_call,exp,28,0.042236393727257,0.038351008063438656,0.0038853856638183457,0.20065599457593417,0.03796306652293296,2.1026611157922375,0.033689739318608906,0.03463394944070283
cfo_departure,protective_put,1,28,0.0004741622754411133,0.00018817854280970078,0.00028598373263141253,0.11741874918771782,-0.002720414046157395,-1.2131505189352503,-0.005914990367755903,-0.0032302895162883154
cfo_departure,protective_put,2,27,0.004069661882753411,0.0009387147556113741,0.0031309471271420367,0.8524081173725837,0.0008425061515824519,0.25228453574176535,-0.0023846495795885048,-0.0024755626592157724
cfo_departure,protective_put,3,26,0.0006085139366914387,0.0013501959024820862,-0.0007416819657906475,-0.18005703081974125,-0.002600607277072697,-0.6894066435369668,-0.0058097284908368305,-0.002044435031882326
cfo_departure,protective_put,5,29,-0.005718070867705416,0.0007250318829001561,-0.006443102750605572,-1.170003455410678,-0.008886877585907893,-1.74236565610366,-0.012055684304110371,-0.0027032378474091344
cfo_departure,protective_put,10,29,-0.0022429179462107587,-0.0025046333810723113,0.0002617154348615526,0.02653240908709647,-0.005411724664413241,-0.5839850507407489,-0.008580531382615721,-0.005936290137768778
cfo_departure,protective_put,21,27,0.011726503150462461,0.00739606269122319,0.004330440459239271,0.3371109837308284,0.008503533863869213,0.7158342547799051,0.005280564577275965,0.003961945544102409
cfo_departure,protective_put,42,28,0.017401960516158752,0.014903569874970006,0.002498390641188746,0.11835077584477789,0.014206593320350212,0.7126115760254719,0.011011226124541676,0.011454035035490868
cfo_departure,protective_put,63,25,0.020835120201416465,0.015458130816182407,0.005376989385234059,0.2508900127698866,0.017549086941602506,0.8878996614756782,0.014263053681788547,0.011996671394380234
cfo_departure,protective_put,exp,25,0.03646188589739439,0.015151644245429032,0.021310241651965357,0.915552881049459,0.03315559482316035,1.5313233763655123,0.02984930374892631,0.011707415651169947
cfo_departure,collar,1,28,0.0013401498385293628,0.0003167674399897669,0.0010233823985395958,0.7090534665963665,-0.005912272653598473,-4.958279852191183,-0.013164695145726312,-0.00663477948147678
cfo_departure,collar,2,27,0.00365189759745563,0.0007568746017529379,0.002895022995702692,1.2334052961816833,-0.0037291658707648842,-1.91350213427031,-0.0111102293389854,-0.006177387407937071
cfo_departure,collar,3,26,0.0013609997611156723,0.0010072201372976616,0.00035377962381801073,0.13355545627991702,-0.006042512660287913,-2.6704496424706847,-0.013446025081691505,-0.005913738186862351
cfo_departure,collar,5,29,-0.002065240739740658,0.0005005382222393212,-0.002565778961979979,-0.7978281810208553,-0.009281120646909025,-3.2257465536158327,-0.016497000554077393,-0.006438255141677251
cfo_departure,collar,10,29,-0.00026250288110254305,-0.0011378021777552858,0.0008752992966527427,0.1730788224398281,-0.0074783827882709064,-1.6259867064341955,-0.014694262695439273,-0.008104669829789801
cfo_departure,collar,21,27,0.007405455179892908,0.004484847153298354,0.0029206080265945537,0.4786042066504047,0.00020625884082435767,0.038492067573131894,-0.006992937498244193,-0.0024792094635164436
cfo_departure,collar,42,28,0.009183451128143528,0.00949330839214018,-0.00030985726399665285,-0.03359548668717347,0.002035580676057474,0.23722782962838818,-0.005112289776028582,0.0024576019854746596
cfo_departure,collar,63,25,0.019211239586402896,0.015574302665843908,0.0036369369205589887,0.34813087363491135,0.011836783393530701,1.2505296088684434,0.004462327200658509,0.008471448519414428
cfo_departure,collar,exp,25,0.027767550277631697,0.019551043606430188,0.00821650667120151,0.6488549754408609,0.02052262750201828,1.7700912670341744,0.013277704726404849,0.012530322681033473
cfo_departure,cash_secured_put,1,29,-0.0007519070199450985,-0.0008385294780415388,8.66224580964403e-05,0.06895842536587941,-0.0037207137381475787,-3.2814158642323474,-0.006689520456350058,-0.004056997537139554
cfo_departure,cash_secured_put,2,29,0.00039500353427922926,-0.0002562190025365575,0.0006512225368157868,0.36357895167325543,-0.0025738031839232516,-1.7096186384468333,-0.005542609902125731,-0.0034666709370904016
cfo_departure,cash_secured_put,3,29,-0.0009589999028687445,-0.00018932936124372153,-0.0007696705416250229,-0.31523845208898105,-0.0039278066210712255,-1.7647871333105365,-0.006896613339273706,-0.0034048870637657888
cfo_departure,cash_secured_put,5,29,-0.004097557164567818,-0.0010892025131107646,-0.0030083546514570528,-0.8760378435041337,-0.007066363882770299,-2.280370435107194,-0.010035170600972776,-0.0043092246323266125
cfo_departure,cash_secured_put,10,29,-0.0010823928925218836,-0.0016239680018025223,0.0005415751092806387,0.1020861730189002,-0.004051199610724363,-0.8432761437943488,-0.007020006328926842,-0.0048347814260256755
cfo_departure,cash_secured_put,21,28,0.001954279244081174,0.0029544495271679743,-0.0010001702830868004,-0.14422471211409965,-0.0010410879517273675,-0.16048742023055537,-0.0040364551475359075,-0.00027684638387467675
cfo_departure,cash_secured_put,42,29,-0.0003283258555620332,0.007622947529904984,-0.007951273385467018,-0.8820873253437349,-0.0032971325737645102,-0.3846198238972649,-0.006265939291966991,0.004408011999047915
cfo_departure,cash_secured_put,63,27,0.0037510082215837385,0.006229648138694514,-0.0024786399171107757,-0.20076347943370412,0.0007350086824875918,0.06343945575436855,-0.0022809908566085568,0.002981652439537442
cfo_departure,cash_secured_put,exp,26,0.0075281322398238065,0.011860747971622346,-0.00433261573179854,-0.39285807651931054,0.004454771178267177,0.44130976552659756,0.0013814101167105468,0.008608403254725673
material_charge_or_gain,long_call,1,29,0.0004143560474033808,0.00019426896976239156,0.00022008707764098925,0.14662301893342863,-0.005577072393940209,-3.9669371335605454,-0.011568500835283801,-0.005967657650159631
material_charge_or_gain,long_call,2,29,-0.0001837515649459011,0.0017264713286042283,-0.0019102228935501293,-0.8815053169069978,-0.00617518000628949,-3.1149527409592612,-0.012166608447633082,-0.004435455291317792
material_charge_or_gain,long_call,3,29,-0.0008239909122063345,0.001293135980886282,-0.0021171268930926168,-0.7265577750005742,-0.006815419353549923,-2.46504840289562,-0.012806847794893514,-0.00486879063903574
material_charge_or_gain,long_call,5,29,0.0028377991116164012,0.0034571924523089776,-0.0006193933406925763,-0.11059125143015398,-0.0031536293297271876,-0.6034896114209644,-0.009145057771070778,-0.0027047341676130427
material_charge_or_gain,long_call,10,29,0.004872392755625119,0.006408416503044465,-0.001536023747419346,-0.18410416653799364,-0.0011190356857184729,-0.1423608715529723,-0.007110464127062058,0.0002464898831224492
material_charge_or_gain,long_call,21,29,0.020120286340701867,0.012476082058516101,0.007644204282185766,0.6902499298057702,0.014128857899358279,1.3496760468110958,0.008137429458014689,0.006312391707563845
material_charge_or_gain,long_call,42,29,0.04112708573378211,0.02823728526309217,0.012889800470689942,0.6116240901314883,0.035135657292438525,1.730644485232698,0.02914422885109492,0.022075796092489323
material_charge_or_gain,long_call,63,28,0.03671227842039685,0.04213040705888994,-0.005418128638493093,-0.2719079524742908,0.030686312992449467,1.6851684688257036,0.024660347564502094,0.03598878473470807
material_charge_or_gain,long_call,exp,29,0.0479080349544005,0.05172791065610421,-0.0038198757017037094,-0.1551191501966268,0.04191660651305691,1.8844639507950334,0.03592517807171332,0.04556370920081847
material_charge_or_gain,covered_call,1,29,-0.0004933318047961383,-0.00014891986014672036,-0.00034441194464941797,-0.1529539479028265,-0.0036456919895831333,-1.7248707353790642,-0.006798052174370127,-0.0035192588588151648
material_charge_or_gain,covered_call,2,29,0.0005500823948674058,0.0017251934914107234,-0.0011751110965433176,-0.43704686810048304,-0.0026022777899195886,-1.0726912128186326,-0.005754637974706584,-0.0016351257581183301
material_charge_or_gain,covered_call,3,29,-0.000375395809654226,0.002036636932152701,-0.0024120327418069272,-0.6749652100267115,-0.003527755994441219,-1.0414717034653085,-0.006680116179228214,-0.001333702066515742
material_charge_or_gain,covered_call,5,28,-0.0011880747089754722,0.0035892670467332923,-0.004777341755708765,-0.8621904115141047,-0.004344835406502954,-0.8510823989542696,-0.007501596104030436,0.00021892804806484831
material_charge_or_gain,covered_call,10,29,0.0009955287509226221,0.008703848266762354,-0.007708319515839732,-1.0398464301298407,-0.0021568314338643703,-0.31628784727821235,-0.005309191618651366,0.005347130547894816
material_charge_or_gain,covered_call,21,29,0.020056641440930136,0.018784625547278718,0.001272015893651418,0.20504734895772606,0.016904281256143138,3.3470425523871916,0.013751921071356143,0.015422578905321366
material_charge_or_gain,covered_call,42,27,0.032609858081756836,0.0357748454152324,-0.0031649873334755607,-0.2913342136116537,0.029416520427000988,2.99038181123484,0.026223182772245144,0.03247064932617287
material_charge_or_gain,covered_call,63,28,0.051382729953240676,0.051928979859987574,-0.0005462499067468984,-0.04940087128262506,0.0482259692557132,5.054800037550604,0.04506920855818571,0.04858219762725529
material_charge_or_gain,covered_call,exp,28,0.07629388391480008,0.05744442403068424,0.018849459884115835,1.6709273347406248,0.07313712321727259,7.666018220393202,0.06998036251974513,0.05409100026614399
material_charge_or_gain,protective_put,1,29,-0.0001697496112895457,-0.0001260061215018516,-4.3743489787694104e-05,-0.02222925727090087,-0.003198273437600024,-1.7427129309605633,-0.006226797263910501,-0.003316915337658039
material_charge_or_gain,protective_put,2,29,0.001233559831936369,0.0017854813419391367,-0.0005519215100027678,-0.20209765888851566,-0.0017949639943741083,-0.7437195120671285,-0.0048234878206845876,-0.0014018179489706007
material_charge_or_gain,protective_put,3,29,-0.00033039232352632643,0.001792303595976917,-0.0021226959195032435,-0.5980066210705118,-0.003358916149836804,-1.026183230895049,-0.006387439976147282,-0.0013986056201792704
material_charge_or_gain,protective_put,5,28,0.0038556576574955395,0.004286153023173782,-0.0004304953656782428,-0.0627413846830283,0.0008286754579003975,0.1260864582673905,-0.0021983067416947457,0.0010952438070176026
material_charge_or_gain,protective_put,10,29,0.005362136386906297,0.009567565287791858,-0.004205428900885561,-0.42724920131206784,0.002333612560595818,0.2486055802513365,-0.0006949112657146614,0.006355774569860795
material_charge_or_gain,protective_put,21,29,0.02870455865925632,0.019724440756887177,0.008980117902369144,0.7167946191585306,0.025676034832945848,2.1743243809684722,0.022647511006635365,0.016502617268307197
material_charge_or_gain,protective_put,42,27,0.04536993864773146,0.0405577608462994,0.00481217780143206,0.22558521317276078,0.04249141978360968,2.0953130659449606,0.03961290091948789,0.03738141967251754
material_charge_or_gain,protective_put,63,27,0.04582295881781282,0.05861391226391677,-0.012790953446103946,-0.6633070014943082,0.04279831647977431,2.498749061192512,0.03977367414173578,0.05536597886759638
material_charge_or_gain,protective_put,exp,26,0.0573463538141874,0.05799640034496013,-0.0006500465307727327,-0.027382613567265526,0.05431378651070711,2.615830400018066,0.05128121920722682,0.05481650984844261
material_charge_or_gain,collar,1,29,0.00028259337820872295,-0.0002772366771906463,0.0005598300553993692,0.4150788151445348,-0.005698290632888749,-4.246427431719946,-0.011679174643986224,-0.006644024099039613
material_charge_or_gain,collar,2,29,0.0017546588460576151,0.000627844246215284,0.001126814599842331,0.6376331410348429,-0.004226225165039858,-2.6397008041438257,-0.010207109176137331,-0.005725281948134359
material_charge_or_gain,collar,3,29,0.0006784455160666301,0.0008630410897813873,-0.0001845955737147572,-0.09406958594892618,-0.0053024384950308414,-2.7785427385448362,-0.011283322506128315,-0.005503746332067579
material_charge_or_gain,collar,5,28,0.0013864034621333236,0.001992518756454703,-0.0006061152943213795,-0.19466681798599478,-0.0045973394349893,-1.5337282915570387,-0.010581082332111925,-0.004374268665394263
material_charge_or_gain,collar,10,29,0.002043664644271494,0.004867099135132284,-0.0028234344908607905,-0.6026486433762165,-0.00393721936682598,-0.8948980183573985,-0.009918103377923449,-0.0015046849711855415
material_charge_or_gain,collar,21,29,0.0121997110988429,0.011020095865632549,0.0011796152332103505,0.27413016645302396,0.006218827087745427,1.6883510676114302,0.00023794307664795527,0.004628386061097461
material_charge_or_gain,collar,42,27,0.01988985645110695,0.02210240256843806,-0.0022125461173311094,-0.28146499039835643,0.014017999932229313,1.9303780613410928,0.008146143413351672,0.015816705389311635
material_charge_or_gain,collar,63,27,0.030647583700164113,0.03197678632236967,-0.0013292026222055595,-0.14404501726489555,0.0247675519436815,2.986719637491762,0.01888752018719889,0.025586897337978202
material_charge_or_gain,collar,exp,26,0.04569939624455567,0.030918216925988368,0.014781179318567303,1.3769766962195695,0.039780080961299855,4.103928635405519,0.03386076567804404,0.02462921335314434
material_charge_or_gain,cash_secured_put,1,29,-0.0007759251830048608,0.0001224005638820275,-0.0008983257468868883,-0.7094942049469244,-0.003604449009315339,-2.735153719501543,-0.006432972835625817,-0.002893830180451061
material_charge_or_gain,cash_secured_put,2,29,-0.0012045764511902095,0.0010799052832547746,-0.002284481734444984,-1.1043788262439531,-0.004033100277500688,-1.921006242110678,-0.006861624103811165,-0.001936325461078313
material_charge_or_gain,cash_secured_put,3,29,-0.001053841325720856,0.001268639068082051,-0.002322480393802907,-1.0744681707750945,-0.0038823651520313324,-1.7869454280736816,-0.006710888978341813,-0.0017475916762510367
material_charge_or_gain,cash_secured_put,5,29,-0.00203092722214573,0.001495844758955185,-0.0035267719811009146,-1.2454092936676593,-0.0048594510484562085,-1.7569542891546082,-0.007687974874766686,-0.0015203859853779025
material_charge_or_gain,cash_secured_put,10,29,-0.00104813589334887,0.0037680432150236517,-0.004816179108372521,-1.632908242279629,-0.003876659719659349,-1.4459969560504422,-0.006705183545969825,0.0007532567670870889
material_charge_or_gain,cash_secured_put,21,29,0.007856930342087233,0.007754497425181752,0.00010243291690548162,0.044306811415339646,0.005028406515776755,2.923762324278978,0.0021998826894662764,0.004735980930585182
material_charge_or_gain,cash_secured_put,42,29,0.013250460960844214,0.013958760421866947,-0.0007082994610227329,-0.19990753422477414,0.010421937134533734,3.535263421360532,0.007593413308223259,0.010934013962511839
material_charge_or_gain,cash_secured_put,63,27,0.01947712814880882,0.018402144120643695,0.001074984028165124,0.32750258963548373,0.016652485810770286,7.03582092550682,0.01382784347273175,0.015368189031448556
material_charge_or_gain,cash_secured_put,exp,26,0.027956005197146062,0.02051532953066381,0.007440675666482252,2.0265690617680696,0.025123437893665772,10.49206884004763,0.022290870590185488,0.017544429824654224
acquisition_agreement,long_call,1,24,-0.0023960765257562983,0.00046986423436907727,-0.002865940760125376,-1.1254402159402968,-0.011186961467168624,-3.9812908001824803,-0.019977846408580947,-0.007954947841969442
acquisition_agreement,long_call,2,24,-0.0029647327978315034,-0.0005231297850150461,-0.002441603012816457,-0.6894288721851727,-0.011755617739243829,-3.404289401112069,-0.020546502680656154,-0.00891987810199121
acquisition_agreement,long_call,3,24,-0.004901265723920624,0.00115056072504146,-0.006051826448962084,-1.4130753821535966,-0.01369215066533295,-3.2419602661434404,-0.022483035606745277,-0.007299600043133709
acquisition_agreement,long_call,5,24,-0.0017684170643887766,0.0005746670715152081,-0.0023430841359039847,-0.43865238723191824,-0.010559302005801104,-2.2687863294991577,-0.019350186947213428,-0.007914504723560856
acquisition_agreement,long_call,10,23,-0.009885901296561228,0.0012422680031613821,-0.01112816929972261,-1.7509915223823886,-0.01880476687549544,-3.4841495325093166,-0.027723632454429648,-0.007157094480476449
acquisition_agreement,long_call,21,24,-0.004765142247361863,0.011713413514402754,-0.016478555761764616,-1.6797664801220094,-0.01355602718877419,-1.8800896269354948,-0.022346912130186514,0.0032868635960072857
acquisition_agreement,long_call,42,23,0.0035076150771900113,0.014636427413433049,-0.011128812336243037,-0.47125306377935045,-0.005407329768005475,-0.24994785306302236,-0.014322274613200953,0.006171166769347201
acquisition_agreement,long_call,63,24,-0.00708786463935908,0.010865921723268637,-0.017953786362627715,-0.6597510347309054,-0.01587874958077141,-0.6277883586029958,-0.024669634522183733,0.002367667247675241
acquisition_agreement,long_call,exp,22,-0.0051361172492386635,0.0028039342934186606,-0.007940051542657324,-0.27598858188395053,-0.014262036691071088,-0.5448137655515838,-0.023387956132903513,-0.005639366589068946
acquisition_agreement,covered_call,1,24,-0.001507844126830465,0.0005276928280010479,-0.0020355369548315126,-0.8743355704401753,-0.007358366287429633,-3.051529115834893,-0.013208888448028802,-0.005138408133724196
acquisition_agreement,covered_call,2,24,-0.0014524872942317515,-5.013080981207066e-05,-0.0014023564844196808,-0.42042937044138234,-0.007303009454830919,-2.3043416390635354,-0.013153531615430087,-0.0056902544492324035
acquisition_agreement,covered_call,3,24,-0.002105793169933434,0.0014948634636559259,-0.0036006566335893596,-0.9493307676517801,-0.007956315330532602,-2.2199003440837055,-0.01380683749113177,-0.004173322154540803
acquisition_agreement,covered_call,5,23,0.0026786642749371766,0.0006036311804953522,0.0020750330944418246,0.42443597832945645,-0.0033067833968839916,-0.7750342690633494,-0.00929223106870516,-0.005077430915015586
acquisition_agreement,covered_call,10,23,-0.00032118171365319733,0.0022298013715086914,-0.0025509830851618885,-0.39363487449779394,-0.0062839070814016875,-1.106353928615378,-0.01224663244915018,-0.003435625953119703
acquisition_agreement,covered_call,21,24,0.007980397772072106,0.014264152695905379,-0.006283754923833273,-0.5556810598374462,0.002129875611472942,0.21057458992247224,-0.0037206465491262234,0.008610735665178396
acquisition_agreement,covered_call,42,21,0.007669244165007237,0.020919321955654175,-0.01325007779064694,-0.6357472262287276,0.001643853883845298,0.08364956653663214,-0.004381536397316634,0.015245755533139728
acquisition_agreement,covered_call,63,23,-0.0015671746092321053,0.025615355749202227,-0.027182530358434334,-1.2970282711880157,-0.0075265274853389495,-0.4034168074297046,-0.01348588036144579,0.019836085644969297
acquisition_agreement,covered_call,exp,20,0.03227276011932383,0.03808830154214918,-0.005815541422825345,-0.22469921067259818,0.02610959274391204,1.0813977919017472,0.01994642536850025,0.03246501364326251
acquisition_agreement,protective_put,1,24,-0.002201076082399714,0.0007826542156979776,-0.0029837302980976915,-0.9612461735603546,-0.006386265137972864,-2.1186124169524883,-0.010571454193546014,-0.003564931777265344
acquisition_agreement,protective_put,2,23,-0.004413747413679419,-0.00028641612818219387,-0.0041273312854972245,-0.8999374628866181,-0.008675936468824263,-1.965613407546835,-0.012938125523969106,-0.004631954863874989
acquisition_agreement,protective_put,3,23,-0.005475505417740331,0.0023217780305163395,-0.007797283448256671,-1.4764191244166032,-0.009737694472885175,-1.9792791243691064,-0.013999883528030018,-0.0020280923635071853
acquisition_agreement,protective_put,5,22,-0.00229601933999453,0.0013980894244616203,-0.0036941087644561505,-0.5690796438529291,-0.0065707428520229575,-1.1886391802087592,-0.010845466364051384,-0.0029698185877167996
acquisition_agreement,protective_put,10,23,-0.007675406530173039,0.002492845543908639,-0.010168252074081677,-1.3032566617314856,-0.011937595585317883,-1.9101292518530173,-0.016199784640462723,-0.00183838431135932
acquisition_agreement,protective_put,21,24,-0.0013179439401717096,0.015483789096985449,-0.01680173303715716,-1.450730842884769,-0.005503132995744859,-0.6238254952099259,-0.00968832205131801,0.011149887836732857
acquisition_agreement,protective_put,42,21,0.012551938719734519,0.024163257367924563,-0.011611318648190044,-0.38605357651385164,0.008291791633308879,0.296061623499006,0.004031644546883241,0.01978827446703962
acquisition_agreement,protective_put,63,24,-0.005255203431267765,0.01914468967218878,-0.024399893103456544,-0.8058822744431691,-0.00944039248684092,-0.33994568925457275,-0.013625581542414065,0.014715888754294703
acquisition_agreement,protective_put,exp,20,0.01726695208003975,0.015307482126542789,0.001959469953496962,0.05243766983573975,0.012914507092564042,0.37158336534023684,0.00856206210508834,0.01096009166315748
acquisition_agreement,collar,1,24,0.00015681821341804008,0.00018387681208644,-2.7058598668399926e-05,-0.02009491219505027,-0.009678893002754279,-5.465119219326274,-0.019514604218926593,-0.00965361383044296
acquisition_agreement,collar,2,23,-0.0009039333004684459,-6.621616563180831e-05,-0.0008377171348366376,-0.3777037807169263,-0.01092884772336178,-4.32338983318886,-0.020953762146255113,-0.009870677660979793
acquisition_agreement,collar,3,23,-0.0014469005919611655,0.0005675213996410912,-0.0020144219916022566,-1.0467860118017418,-0.011471815014854501,-5.197362996903277,-0.021496729437747834,-0.009270258744242879
acquisition_agreement,collar,5,22,0.0008897792126184201,-0.00013338226277798978,0.0010231614753964098,0.3841876111862996,-0.009293828301942832,-3.6613977010582017,-0.019477435816504084,-0.009974150951494098
acquisition_agreement,collar,10,23,0.000843745537172192,0.0006343141164404372,0.00020943142073175471,0.0596295327451429,-0.009181168885721142,-2.903984007071937,-0.01920608330861448,-0.009176565489750928
acquisition_agreement,collar,21,24,0.0033788906673052044,0.007486560646258383,-0.0041076699789531785,-0.7705287275416531,-0.006456820548867113,-1.4370020176225586,-0.01629253176503943,-0.002284774933317092
acquisition_agreement,collar,42,21,0.00012808495177541696,0.011859690151846772,-0.011731605200071354,-1.1947162461701397,-0.009957452415812156,-1.1173817814863325,-0.020042989783399724,0.002028842617461772
acquisition_agreement,collar,63,23,0.000730077375014256,0.013991970577822173,-0.013261893202807917,-1.119303333513497,-0.009275038454593688,-0.9174210467462716,-0.01928015428420163,0.003944767227498985
acquisition_agreement,collar,exp,20,0.012752859392526,0.020751939842285724,-0.007999080449759725,-0.5336766924938929,0.0024372470296384965,0.17845170358155776,-0.007878365333249012,0.010966197510331413
acquisition_agreement,cash_secured_put,1,24,-0.0016646623402485048,0.00010628417049933535,-0.00177094651074784,-1.347673341560578,-0.005649851395821655,-4.123742806677169,-0.009635040451394804,-0.004045333259649119
acquisition_agreement,cash_secured_put,2,23,-0.0009091982751517689,-4.971833577545801e-05,-0.0008594799393763109,-0.5654880616411155,-0.004971387330296612,-3.4870208294857767,-0.009033576385441455,-0.004201335765923912
acquisition_agreement,cash_secured_put,3,23,-0.0012755449949510543,0.0011744522672765723,-0.0024499972622276265,-1.132450013792194,-0.005337734050095897,-2.5722996371462497,-0.009399923105240739,-0.0029662427157815755
acquisition_agreement,cash_secured_put,5,23,0.00045648311619245246,0.0009987667897821955,-0.000542283673589743,-0.21415705150135655,-0.0036057059389523914,-1.7447586537833057,-0.007667894994097233,-0.003137864458940203
acquisition_agreement,cash_secured_put,10,24,-0.0010408605992782154,0.0013263701645966298,-0.002367230763874845,-0.7337285326340189,-0.005026049654851365,-1.8570386332040343,-0.009011238710424517,-0.0028130041488744857
acquisition_agreement,cash_secured_put,21,24,0.004601507104766904,0.00621178735466301,-0.001610280249896106,-0.256604533518371,0.0006163180491937547,0.10899889748664503,-0.0033688710063793964,0.002088485008111821
acquisition_agreement,cash_secured_put,42,24,-0.0038246598655159434,0.005662976842285753,-0.009487636707801696,-0.7160548303698795,-0.007809848921089091,-0.6206228859010459,-0.01179503797666224,0.0015396744957345634
acquisition_agreement,cash_secured_put,63,24,-0.00947684626521982,0.008430816475022852,-0.01790766274024267,-1.2840354761165964,-0.013462035320792968,-1.0205327860997333,-0.017447224376366116,0.004252891695983186
acquisition_agreement,cash_secured_put,exp,24,-0.003701218585774886,0.01691882548888188,-0.020620044074656767,-1.3784405141094251,-0.007686407641348034,-0.547715748819711,-0.011671596696921192,0.012767231616951973
merger_agreement,long_call,1,25,0.0035658900422810853,-0.0016026390299145215,0.005168529072195607,2.1553605090720946,-0.003623237725431603,-1.698470799319009,-0.010812365493144288,-0.009247163444485855
merger_agreement,long_call,2,25,0.002932218344197298,0.0017299162675425243,0.0012023020766547738,0.3562325689946878,-0.00425690942351539,-1.5370881440551984,-0.011446037191228078,-0.005757656021067855
merger_agreement,long_call,3,25,-0.0005449397414688691,0.0009727921425745183,-0.0015177318840433874,-0.2960754655575132,-0.007734067509181557,-1.6173228681388387,-0.014923195276894246,-0.006553940534366215
merger_agreement,long_call,5,25,-0.00252835792313974,0.0015989652361796949,-0.004127323159319435,-0.6762281766803122,-0.009717485690852429,-1.7336842936478727,-0.016906613458565117,-0.006051475358066818
merger_agreement,long_call,10,25,-0.01233357769388999,0.0011049454730626435,-0.013438523166952635,-1.9534235046688762,-0.01952270546160268,-3.155929170741986,-0.026711833229315373,-0.0064391875050159916
merger_agreement,long_call,21,24,-0.016834251961325906,0.007141169549996288,-0.023975421511322193,-2.554729699991528,-0.023872478606888552,-3.8171752597411004,-0.0309107052524512,-0.00028202587807544486
merger_agreement,long_call,42,23,-0.018450785027289075,0.006730860609546729,-0.025181645636835802,-1.5064484100298128,-0.02564538274420732,-1.8913030214050717,-0.03283998046112555,-0.0007790990642860797
merger_agreement,long_call,63,21,-0.034942235232122906,0.011261086265654956,-0.046203321497777866,-2.263736261848693,-0.04228240697975991,-2.438704287863817,-0.049622578727396914,0.0035993775850933813
merger_agreement,long_call,exp,24,-0.028086206067397854,0.00648139283557101,-0.034567598902968864,-1.5982861751051458,-0.035153760982274206,-2.080918082665828,-0.04222131589715056,-0.000991100004093929
merger_agreement,covered_call,1,24,0.004741960223446552,-0.002674801907208729,0.00741676213065528,2.4160653417442703,0.00035694769198435847,0.1320679236390791,-0.004028064839477835,-0.0075209055007631614
merger_agreement,covered_call,2,23,0.0010951012467308216,-0.0003292882448341923,0.0014243894915650138,0.3503818414200484,-0.0030492137551332856,-0.8341913395728043,-0.007193528756997392,-0.004995645637364343
merger_agreement,covered_call,3,24,-0.001022568713588555,0.0003275576259801862,-0.0013501263395687413,-0.2109306336889086,-0.005407581245050749,-0.8760868762156206,-0.009792593776512941,-0.004322045099029217
merger_agreement,covered_call,5,24,-0.00021793397293185134,0.0038448565154871827,-0.004062790488419034,-0.5507726226512483,-0.004602946504394044,-0.6733570080848419,-0.008987959035856237,-0.0008883657021405377
merger_agreement,covered_call,10,20,-0.0024536276026773354,0.0050593869517524875,-0.007513014554429823,-0.8769976806527497,-0.006644537148019126,-0.8540317728878283,-0.01083544669336092,0.00028844709465385805
merger_agreement,covered_call,21,20,-0.009527057716143029,0.015174391761451345,-0.024701449477594374,-2.002728832071535,-0.013741351691303926,-1.2682737370213089,-0.017955645666464827,0.01058598052116232
merger_agreement,covered_call,42,18,-0.0012088809809963985,0.031149082836767643,-0.03235796381776404,-1.4297465857458602,-0.0051902585455658855,-0.24064811248777795,-0.009171636110135377,0.026662064938528452
merger_agreement,covered_call,63,18,0.013721473168522652,0.03750912571386629,-0.023787652545343638,-1.019956473491387,0.009638300056379568,0.4532370612409183,0.005555126944236484,0.03294398722702806
merger_agreement,covered_call,exp,23,0.013996764178700456,0.05540872786774674,-0.04141196368904629,-1.6164289589786847,0.009734268136038096,0.40554345596201646,0.0054717720933757374,0.05127874675920093
merger_agreement,protective_put,1,23,0.003649191647741181,-0.001766626248104597,0.005415817895845778,1.5671483162648834,-0.00039515701556411297,-0.13347430961293918,-0.004439505678869406,-0.00578255379444293
merger_agreement,protective_put,2,24,0.002099781378710309,0.0020697294857347707,3.0051892975538255e-05,0.007210101012297297,-0.0019471009853784472,-0.5386481351527171,-0.005993983349467203,-0.0018381195082840444
merger_agreement,protective_put,3,24,0.004230979110490202,0.001701388828933943,0.002529590281556259,0.552477977225775,0.00018409674640144694,0.04810867344148726,-0.0038627856176873102,-0.00227099821667533
merger_agreement,protective_put,5,24,0.0021319161012980357,0.002900337391791122,-0.0007684212904930862,-0.13284898423293787,-0.001914966262790721,-0.40868758756825224,-0.005961848626879477,-0.0010999221311936587
merger_agreement,protective_put,10,21,-0.005364516923014327,0.001110083545115962,-0.0064746004681302885,-0.8446123109913922,-0.009555650904819787,-1.4890265988552522,-0.013746784886625245,-0.0027691055726911536
merger_agreement,protective_put,21,21,-0.014478600360495478,0.006899031594286214,-0.021377631954781692,-1.9896022267049012,-0.018611250544024602,-2.112591599989204,-0.02274390072755373,0.0029822563505289006
merger_agreement,protective_put,42,19,-0.002711420369664994,0.008993925941734756,-0.01170534631139975,-0.5696416145063498,-0.00688642733552004,-0.39631282769585485,-0.011061434301375087,0.005187228565347395
merger_agreement,protective_put,63,19,-0.025031878557908775,0.02165867905981897,-0.046690557617727745,-1.800003863372782,-0.029298010066624487,-1.3137770441727281,-0.0335641415753402,0.017619586273670787
merger_agreement,protective_put,exp,20,-0.030507085615847133,0.004393958704605883,-0.03490104432045302,-1.6426341533335094,-0.03446801973854231,-2.6703810087827606,-0.038428953861237486,0.0005273430595591273
merger_agreement,collar,1,23,0.0018875693018909428,-0.001691057212872063,0.0035786265147630058,1.6128921252723498,-0.006101094363278458,-3.3135931199019515,-0.014089758028447856,-0.0103803198645642
merger_agreement,collar,2,23,0.0005267704429927938,-0.0007998290168887873,0.001326599459881581,0.5396164490701253,-0.007461893222176607,-3.2055208512317788,-0.015450556887346008,-0.009173330955828455
merger_agreement,collar,3,23,0.002406854486480772,-0.0006309548378055625,0.0030378093242863346,1.0921914893564364,-0.005581809178688629,-2.359485949326419,-0.013570472843858029,-0.009031624171975436
merger_agreement,collar,5,23,0.003209214615670964,0.0026835026621351344,0.0005257119535358296,0.14876831688399053,-0.004779449049498438,-1.755064020233332,-0.012768112714667837,-0.005753252056864654
merger_agreement,collar,10,20,-0.0006780648415623897,0.00107037097944173,-0.0017484358210041197,-0.38013909429870757,-0.008864407193694496,-2.247901329769055,-0.0170507495458266,-0.007431143668791459
merger_agreement,collar,21,20,-0.004948900377973503,0.006353899322946501,-0.011302799700920005,-1.7756810977220252,-0.013097219171734564,-2.303939028108624,-0.021245537965495623,-0.001850486742868586
merger_agreement,collar,42,18,-0.0004164540864143376,0.012833264821283528,-0.013249718907697865,-1.0890836330155016,-0.008376719143713688,-0.7526676318676011,-0.016336984201013035,0.004837060285835593
merger_agreement,collar,63,18,-0.0015482493399658175,0.01866413018359985,-0.02021237952356567,-1.3237793820236063,-0.009706496962302795,-0.6941451534583465,-0.017864744584639772,0.010183597035363817
merger_agreement,collar,exp,19,-0.004540042565057066,0.02029280405704048,-0.024832846622097546,-1.9266421704157617,-0.012258629443289287,-1.2305755005273948,-0.01997721632152151,0.012646392336878276
merger_agreement,cash_secured_put,1,24,0.0020106970874807888,-0.0011136580128775922,0.003124355100358381,2.093134112143676,-0.0018361852766079678,-1.6101435179063086,-0.005683067640696725,-0.004922133814799153
merger_agreement,cash_secured_put,2,24,0.0007281181650491683,0.00045795346695206614,0.00027016469809710214,0.11619553549693439,-0.0031187641990395886,-1.5461401637462278,-0.006965646563128345,-0.0033397951814896918
merger_agreement,cash_secured_put,3,24,0.001161148265592793,0.000292927447553446,0.000868220818039347,0.3019261886908999,-0.002685734098495963,-1.0983782427585584,-0.0065326164625847186,-0.0035456911384933922
merger_agreement,cash_secured_put,5,24,0.0010167853774599937,0.0007195547739430239,0.0002972306035169698,0.09698315662805189,-0.002830096986628762,-1.1030726185611202,-0.0066769793507175206,-0.003100153555655266
merger_agreement,cash_secured_put,10,24,-0.0029627634572897757,0.003642517568111402,-0.006605281025401178,-1.4920532742051607,-0.006809645821378531,-1.7588523862005934,-0.010656528185467288,-0.0001642520239293237
merger_agreement,cash_secured_put,21,23,-0.0039342830388517545,0.004947793774087576,-0.00888207681293933,-1.509176580452331,-0.007816445555706611,-1.4945050087061487,-0.011698608072561468,0.0012271346009865925
merger_agreement,cash_secured_put,42,24,-0.006284429642993996,0.014018316347627869,-0.020302745990621866,-1.807697084170103,-0.010131312007082753,-0.9829910146361992,-0.01397819437117151,0.010320270580847352
merger_agreement,cash_secured_put,63,22,0.016838417836137248,0.018988312164138724,-0.002149894328001476,-0.25960690316240476,0.012881484976107194,2.0129634631665554,0.008924552116077138,0.01516349662997928
merger_agreement,cash_secured_put,exp,21,0.019492914807560133,0.021823198763745832,-0.002330283956185699,-0.22216800931479483,0.015564983926079322,1.85477416638423,0.011637053044598509,0.018228472679454804
preliminary_results,long_call,1,22,0.005638404107604683,-0.0013473964912478875,0.00698580059885257,2.3910345028400553,-0.0009461855867646273,-0.36107937472197577,-0.007530775281133936,-0.008101354972440297
preliminary_results,long_call,2,22,0.0047524058548831785,0.0016774848100588869,0.0030749210448242914,0.7733325711471442,-0.0018321838394861323,-0.5326725163114989,-0.008416773533855441,-0.005049189073005874
preliminary_results,long_call,3,22,0.007568710637412341,0.0012991641756460478,0.006269546461766293,1.4129394181482915,0.0009841209430430306,0.2580510670034037,-0.005600468751326279,-0.0054274668114382574
preliminary_results,long_call,5,22,0.008961254269963297,0.004533243448594313,0.004428010821368984,0.865066941573422,0.0023766645755939862,0.6399969153445118,-0.004207925118775323,-0.002220715032598103
preliminary_results,long_call,10,22,0.007079737621417201,0.006442738948734389,0.000636998672682812,0.06974037678273039,0.0004951479270478902,0.06365460495611762,-0.006089441767321419,-0.00031447454494465404
preliminary_results,long_call,21,22,0.020990153580877937,0.007044453425021595,0.013945700155856342,0.9267588387752307,0.014405563886508628,1.1004540598227937,0.00782097419213932,0.0003192713152350552
preliminary_results,long_call,42,21,0.014875392928955698,0.009362710063928196,0.005512682865027502,0.22179612290595344,0.008266719132576565,0.3707523523411423,0.0016580453361974366,0.002655235582036332
preliminary_results,long_call,63,22,0.011849129457053341,0.01886277321874383,-0.00701364376169049,-0.2739718039916457,0.005264539762684032,0.24753788161287407,-0.0013200499316852762,0.012103188599094502
preliminary_results,long_call,exp,22,0.0075078920440358,0.021256653793876278,-0.013748761749840478,-0.5137671619432141,0.000923302349666492,0.043448002591429946,-0.005661287344702819,0.014511563537141711
preliminary_results,covered_call,1,22,0.0064600928568782304,-0.0007247637783218203,0.00718485663520005,1.760106073803488,0.0024490455366364184,0.6464344857502742,-0.001562001783605396,-0.004657925523745807
preliminary_results,covered_call,2,22,0.007164050514562934,0.0024080567444474724,0.004755993770115461,0.9905643440149813,0.0031530031943211214,0.749513457882429,-0.0008580441259206934,-0.001483877773885193
preliminary_results,covered_call,3,22,0.009247671993528593,0.0026241237887688422,0.006623548204759751,1.2023011138762527,0.00523662467328678,1.0593917774616597,0.0012255773530449655,-0.0012584030623900536
preliminary_results,covered_call,5,21,0.01368515813469843,0.0062178381674416845,0.007467319967256746,0.8943862882050456,0.009561423738245704,1.3610705294565832,0.005437689341792973,0.002284676422017695
preliminary_results,covered_call,10,22,0.01355027261611983,0.009735942247207079,0.0038143303689127522,0.38233325506669397,0.009539225295878018,1.1952643736036404,0.005528177975636203,0.005792156663871479
preliminary_results,covered_call,21,21,0.029005219403152874,0.015608248580822177,0.013396970822330698,1.0039368645675597,0.024881485006700135,2.125818607585642,0.020757750610247417,0.011701396254999809
preliminary_results,covered_call,42,16,0.031124673055500717,0.01895362002632561,0.012171053029175108,0.4722672936961168,0.026744403964306437,1.1584341800837947,0.02236413487311216,0.015116464544368135
preliminary_results,covered_call,63,20,0.03598395974622866,0.02928124236158666,0.006702717384641999,0.24123101468475974,0.03203516989227403,1.3374918233824646,0.028086380038319408,0.025420653102918283
preliminary_results,covered_call,exp,21,0.05283564324968934,0.03804093332400193,0.014794709925687412,0.5335757967608954,0.048996575830693855,2.103104713079255,0.04515750841169837,0.0341483644439899
preliminary_results,protective_put,1,21,0.00627308461456181,-0.001306852198495689,0.007579936813057499,1.9462431637448776,0.002495327215031622,0.7353880557464028,-0.0012824301844985677,-0.0046246892103106035
preliminary_results,protective_put,2,21,0.007277017979521562,0.002429137294406736,0.004847880685114827,1.0566921346176474,0.003499260579991373,0.892038093063539,-0.0002784968195388165,-0.0008923929051153141
preliminary_results,protective_put,3,21,0.009461409208423215,0.0029524869688176145,0.0065089222396056004,1.18428205253804,0.005683651808893024,1.1984977059457087,0.001905894409362834,-0.0003699578057962518
preliminary_results,protective_put,5,20,0.011338143210183033,0.006422197975829225,0.004915945234353808,0.6905082272643398,0.007655735726698846,1.3888603863653597,0.003973328243214658,0.0031006677763071727
preliminary_results,protective_put,10,21,0.0076441484497494815,0.01006759130792162,-0.002423442858172138,-0.21629559921390232,0.003866391050219289,0.42778551094046346,8.863365068909916e-05,0.0067121514228714475
preliminary_results,protective_put,21,20,0.029372427815942747,0.012675079199786275,0.016697348616156474,0.8823679514252855,0.025690020332458558,1.5836499019785784,0.022007612848974373,0.009336188477027644
preliminary_results,protective_put,42,15,0.04064514908912302,0.009401363876269775,0.031243785212853245,0.843754775995312,0.03735552266984422,1.0932821897993725,0.03406589625056544,0.006025495800134976
preliminary_results,protective_put,63,19,0.028607008337377348,0.02657247190673237,0.002034536430644978,0.06180578702604325,0.02482432117506995,0.9128489390235306,0.021041634012762572,0.023280216015996995
preliminary_results,protective_put,exp,20,0.036258521294848405,0.03972791679255611,-0.0034693954977077085,-0.10315743986819577,0.032380730704633875,1.2518583920104582,0.028502940114419346,0.03640161361336032
preliminary_results,collar,1,21,0.003833446544074884,-0.0012985974678420902,0.005132044011916974,2.1531273254852965,-0.003506401290919416,-1.549121542477478,-0.010846249125913716,-0.008296913431097994
preliminary_results,collar,2,21,0.0055279068852587526,0.0011944147845986046,0.004333492100660148,1.5582386210052046,-0.0018119409497355482,-0.7281877639580239,-0.009151788784729846,-0.0058039011786573
preliminary_results,collar,3,21,0.006232129510957767,0.0014366925383892779,0.004795436972568489,1.5979144809738655,-0.0011077183240365339,-0.39658109886855997,-0.008447566159030834,-0.005548483187327118
preliminary_results,collar,5,20,0.008576127293399127,0.0037765729261329726,0.004799554367266154,1.051429615533349,0.0012257557886682549,0.3242649900864059,-0.006124615716062617,-0.0032217430371229328
preliminary_results,collar,10,21,0.00770015554487094,0.006018541767510023,0.0016816137773609172,0.2825742356074238,0.00036030770987664014,0.07114535739015672,-0.0069795401251176595,-0.001042489832766682
preliminary_results,collar,21,20,0.018077978705896322,0.008838212666521515,0.009239766039374807,1.1153189074039753,0.010727607201165456,1.4791476537667847,0.003377235696434584,0.0018226006025575125
preliminary_results,collar,42,15,0.017599146810318822,0.00894858621035906,0.008650560599959762,0.4837809520008251,0.010453176153804382,0.6366986185316021,0.0033072054972899372,0.0018736146937612637
preliminary_results,collar,63,19,0.02083787062849747,0.016635054630680428,0.004202815997817043,0.23520422077798847,0.013584833193636441,0.9039429780918087,0.006331795758775416,0.009745449052324459
preliminary_results,collar,exp,20,0.027954011665738555,0.022212090664882892,0.005741921000855663,0.3104311021930811,0.02070715738060743,1.4411211618415554,0.013460303095476318,0.015281077544041783
preliminary_results,cash_secured_put,1,21,0.0015054718987776439,0.00038141817144935034,0.0011240537273282936,0.5124661246807068,-0.0020722855007525463,-0.9555347116302931,-0.0056500429002827365,-0.002738581108050643
preliminary_results,cash_secured_put,2,21,0.00018089164356365045,0.0012318909537777124,-0.001050999310214062,-0.31513110998132515,-0.0033968657559665404,-1.0271089035194185,-0.00697462315549673,-0.0018881083257222817
preliminary_results,cash_secured_put,3,21,0.0021720881657609167,0.0012038856231955778,0.0009682025425653388,0.28337781914074217,-0.001405669233769274,-0.4237634034100906,-0.004983426633299465,-0.0019161136563044172
preliminary_results,cash_secured_put,5,21,0.003393074879549328,0.0023141069994214603,0.0010789678801278678,0.24309922522479943,-0.00018468251998086276,-0.04517510392342132,-0.003762439919511053,-0.0008074232001005895
preliminary_results,cash_secured_put,10,21,0.0038481916050695634,0.0035131743414612724,0.00033501726360829097,0.07620801334753631,0.000270434205539373,0.08286408538422661,-0.003307323193990818,0.00037888478834036354
preliminary_results,cash_secured_put,21,21,0.00747841529317521,0.0064702200713554646,0.0010081952218197457,0.18568638263388537,0.003900657893645021,0.8538420519752463,0.00032290049411483085,0.003331980137513387
preliminary_results,cash_secured_put,42,21,0.0068767628076910866,0.008028041378900109,-0.0011512785712090223,-0.12609030187855358,0.0032990054081608955,0.43472279186490403,-0.00027875199136929453,0.004858206107084603
preliminary_results,cash_secured_put,63,21,0.010052634838205768,0.011001142014079002,-0.0009485071758732339,-0.07191222447173165,0.006474877438675579,0.5564319465313536,0.002897120039145389,0.007892553086065304
preliminary_results,cash_secured_put,exp,21,0.019899225963232445,0.015397819746274842,0.004501406216957602,0.32644449830046307,0.016321468563702257,1.3269348412318123,0.012743711164172066,0.012313050334204302
deal_termination,long_call,1,23,0.0008428634746767435,-4.899516109850653e-05,0.00089185863577525,0.42833257610415065,-0.0059224103338355325,-3.0381742266109972,-0.012687684142347808,-0.007463969245017322
deal_termination,long_call,2,23,0.0030023086156780484,0.0002761314182668644,0.002726177197411184,0.9375305720334077,-0.003762965192834228,-1.5181420253684885,-0.010528239001346503,-0.007138842665651953
deal_termination,long_call,3,23,0.004530940906059858,-6.427329225058186e-05,0.0045952141983104395,0.8482375402850976,-0.0022343329024524182,-0.44137713106345805,-0.008999606710964695,-0.007479247376169398
deal_termination,long_call,5,23,0.0021556485071667734,-0.000571900988745895,0.0027275494959126687,0.44173689418910633,-0.004609625301345504,-0.821442525139559,-0.011374899109857776,-0.007986875072664712
deal_termination,long_call,10,23,0.0021791306010713924,-0.0005181199028922609,0.0026972505039636534,0.3335355633922825,-0.004586143207440884,-0.5995948863422659,-0.01135141701595316,-0.007953668043366348
deal_termination,long_call,21,23,0.0017704930189331163,0.005164870080417102,-0.003394377061483986,-0.2988373639732157,-0.004994780789579159,-0.4787097764703812,-0.011760054598091436,-0.002297217972564389
deal_termination,long_call,42,23,-0.004423918428244272,0.003273743015863762,-0.007697661444108035,-0.5044610049017239,-0.01118919223675655,-0.7997008114550934,-0.017954466045268826,-0.004203021381548446
deal_termination,long_call,63,21,-0.0059748651628248476,0.006080902884372164,-0.012055768047197012,-0.708262695341925,-0.013026843631584134,-0.851216499961916,-0.020078822100343424,-0.0013602428228008975
deal_termination,long_call,exp,23,-0.012703961634566973,0.0022347707688502743,-0.014938732403417247,-0.8562480661846265,-0.019469235443079252,-1.3118430672442094,-0.02623450925159153,-0.005179402897035331
deal_termination,covered_call,1,23,0.0013741855507442247,-0.00020732255376840065,0.0015815081045126255,0.6654325175256045,-0.002970930913525369,-1.355813080548429,-0.007316047377794964,-0.004767350412872245
deal_termination,covered_call,2,23,0.005851167906672474,0.00020060644190567802,0.005650561464766796,1.7314044947324714,0.0015060514424028804,0.5188990260373237,-0.002839065021866715,-0.004359421417198166
deal_termination,covered_call,3,23,0.0017740108312806673,0.0003699280608316694,0.0014040827704489979,0.2541864021559673,-0.002571105632988926,-0.4869928675575056,-0.006916222097258518,-0.004190099798272175
deal_termination,covered_call,5,22,0.0009781094312080573,-0.0006614997606660406,0.001639609191874098,0.2197925796877696,-0.003496478156543767,-0.48488933765260894,-0.007971065744295592,-0.005253365804304322
deal_termination,covered_call,10,23,0.004312917121312948,0.0010309423115739868,0.0032819748097389608,0.3639870009213824,-3.219934295664644e-05,-0.0037102072841896567,-0.00437731580722624,-0.0035445684431152954
deal_termination,covered_call,21,22,0.0065805160227999145,0.008284906754058364,-0.0017043907312584497,-0.12069171404730265,0.002105928435048087,0.1552170041240892,-0.0023686591527037385,0.0036635121291241843
deal_termination,covered_call,42,21,0.020743143660083323,0.0038966109641830784,0.016846532695900245,0.9799247508280352,0.016209071349923294,0.9956626463528676,0.01167499903976327,-0.0007336678684755648
deal_termination,covered_call,63,21,0.0319627161677844,0.01746989364344715,0.01449282252433725,0.716147991368679,0.027420672875939443,1.4338694222239419,0.022878629584094496,0.01277469525295345
deal_termination,covered_call,exp,23,0.04313295748053759,0.024158455958284055,0.018974501522253533,0.9064645979179952,0.03878784101626799,1.9927309902163166,0.03444272455199839,0.0196088788625868
deal_termination,protective_put,1,22,6.783021213475068e-05,0.0004035973708932428,-0.00033576715875849214,-0.1113265321925972,-0.0044270688951927924,-1.494717622610568,-0.008921968002520335,-0.00355006009268696
deal_termination,protective_put,2,22,0.004852590279976119,0.0006237842989029486,0.00422880598107317,1.235323278951366,0.0003576911726485754,0.12332373238635339,-0.0041372079346789666,-0.0033247089366881884
deal_termination,protective_put,3,22,0.002918962779249794,0.00045357130879631767,0.002465391470453476,0.34199649244235897,-0.0015759363280777475,-0.22840826126116243,-0.006070835435405291,-0.0034949219267948186
deal_termination,protective_put,5,21,0.0027919464745077027,-0.00024173172221492753,0.00303367819672263,0.37531313285707724,-0.0017294056084735312,-0.22932176494012801,-0.006250757691454768,-0.004199471377316446
deal_termination,protective_put,10,22,0.003779624513024024,8.250955424095824e-06,0.003771373557599928,0.359233085402357,-0.0007152745943035205,-0.07142002469838372,-0.0052101737016310625,-0.0039531462079881625
deal_termination,protective_put,21,21,0.007757271070587152,0.009306834324502793,-0.0015495632539156406,-0.10076764292348517,0.0032359189876059145,0.22417071397388733,-0.0012854330953753167,0.005324029790608902
deal_termination,protective_put,42,20,0.00494989928282711,0.008308794589803277,-0.0033588953069761673,-0.1630997454564668,0.0004054583218955091,0.02115362963094346,-0.004138982639036087,0.004313646525266877
deal_termination,protective_put,63,20,0.0071116003930342606,0.01161644131592684,-0.00450484092289258,-0.2012846550938403,0.002741972256672512,0.13492602619986416,-0.001627655879689238,0.007576673659459825
deal_termination,protective_put,exp,21,-0.005111283617110136,-0.0018606331495076688,-0.003250650467602467,-0.1406281193023227,-0.009688878049949456,-0.4567378027722652,-0.014266472482788778,-0.005830193211763649
deal_termination,collar,1,22,-0.0008846243981344791,7.896601209455668e-05,-0.0009635904102290358,-0.545288906655318,-0.009638948829378548,-5.642748462241114,-0.01839327326062262,-0.008247476076355063
deal_termination,collar,2,22,0.002904943847945761,0.00025056813731877777,0.002654375710626983,1.6628897674191039,-0.00584938058329831,-5.0589756318100765,-0.014603705014542378,-0.008073373947551034
deal_termination,collar,3,22,-0.0004689089530515868,0.00012749976625354772,-0.0005964087193051345,-0.19488380689173063,-0.009223233384295659,-3.104881568737307,-0.017977557815539728,-0.008196442318616265
deal_termination,collar,5,21,0.00031873287074720325,-0.0006957391702798749,0.0010144720410270782,0.3766304738376406,-0.008603124230257985,-3.595225991039256,-0.01752498133126318,-0.009061398151502075
deal_termination,collar,10,22,0.0018546452440737016,-9.472754132534079e-06,0.0018641179982062358,0.4220835321205852,-0.006899679187170369,-1.6130331400762619,-0.015654003618414437,-0.008362281829107839
deal_termination,collar,21,21,0.00508794779129305,0.004208799435561611,0.0008791483557314388,0.12161052849361044,-0.0038339093097121374,-0.5471790267550467,-0.012755766410717326,-0.0042123818312114905
deal_termination,collar,42,20,0.009238509079556537,0.002752829037179734,0.006485680042376803,0.7533912850636703,0.0002248082705587656,0.027165675499466316,-0.008788892538439012,-0.005688587146202954
deal_termination,collar,63,20,0.01666289527185185,0.007346941129373723,0.009315954142478128,0.787966683415497,0.007815637756654756,0.69401985150638,-0.0010316197585423404,-0.0012763561309515118
deal_termination,collar,exp,21,0.015659727603457615,0.010148718588067611,0.005511009015390004,0.397097078652189,0.006723184549672409,0.5123839553115699,-0.0022133585041127952,0.0017593644076233422
deal_termination,cash_secured_put,1,22,0.0020111676589470483,-0.0002230169576298884,0.002234184616576937,1.7902302803162586,-0.002283731448380495,-1.7593731331770388,-0.006578630555708038,-0.003976674421210091
deal_termination,cash_secured_put,2,22,0.0029014746991304218,1.2176197082694106e-05,0.002889298502047728,1.261080898680765,-0.001393424408197122,-0.6633584723654284,-0.005688323515524665,-0.003736317038508443
deal_termination,cash_secured_put,3,22,0.0020841642421060153,0.00038916915889011615,0.0016949950832158992,0.5609243344457395,-0.002210734865221527,-0.7935422882708225,-0.006505633972549072,-0.003359324076701021
deal_termination,cash_secured_put,5,22,0.00019874113424626515,-0.00013188984058531557,0.00033063097483158074,0.06041229762052234,-0.0040961579730812775,-0.7556308407288763,-0.008391057080408819,-0.0038803830761764517
deal_termination,cash_secured_put,10,22,0.0018480597160656011,0.0006806767672133154,0.0011673829488522856,0.21890979205753408,-0.0024468393912619414,-0.474600235944612,-0.006741738498589486,-0.0030678164683778228
deal_termination,cash_secured_put,21,22,0.002647113964050245,0.003751506397012895,-0.0011043924329626502,-0.14471603681033146,-0.0016477851432772984,-0.22419002616607991,-0.005942684250604843,1.3940606707654873e-05
deal_termination,cash_secured_put,42,22,0.005608590963741666,0.0009282302305866565,0.004680360733155009,0.49083817868753177,0.0013136918564141222,0.1470397011164139,-0.0029812072509134203,-0.0028093355597185793
deal_termination,cash_secured_put,63,20,0.012859757228362492,0.0065828609768317295,0.006276896251530762,0.5867813550726085,0.008690129092000747,0.8558355666415434,0.004520500955638998,0.0027507849034051203
deal_termination,cash_secured_put,exp,21,0.023241001612887925,0.009773693230141302,0.013467308382746623,1.0295925519200646,0.018863407180048607,1.5635621495986969,0.014485812747209286,0.005988450681757846
settlement_agreement,long_call,1,21,0.0016389499158201237,0.0004200479439661089,0.001218901971854015,0.7072899929820509,-0.005047378777506342,-3.1011676851761143,-0.011733707470832808,-0.005576097887396144
settlement_agreement,long_call,2,21,0.0008269145002086138,0.002243968041164873,-0.001417053540956259,-0.5746022335912625,-0.005859414193117853,-2.5799539143236205,-0.01254574288644432,-0.003752177790197381
settlement_agreement,long_call,3,21,0.001073633772135452,0.0023365401194907773,-0.0012629063473553253,-0.4387815901139525,-0.005612694921191015,-2.2580713266970434,-0.012299023614517483,-0.0036596057118714765
settlement_agreement,long_call,5,21,-0.002835103735148815,0.0022111164430420197,-0.005046220178190834,-1.4348977639983544,-0.009521432428475281,-3.2032535140249205,-0.01620776112180175,-0.003781710090682923
settlement_agreement,long_call,10,21,-0.00013025268082336548,0.003533432932882127,-0.0036636856137054925,-0.7158904179756771,-0.006816581374149831,-1.5570464183590067,-0.013502910067476297,-0.002462712898480128
settlement_agreement,long_call,21,21,0.0001386250299277531,0.0035876478105836603,-0.003449022780655907,-0.47690331579229195,-0.006547703663398711,-1.018804534444068,-0.01323403235672518,-0.002409516711521426
settlement_agreement,long_call,42,21,0.009465564990167308,0.012721351830268202,-0.0032557868401008935,-0.16175590020193167,0.00277923629684084,0.14408291830426317,-0.003907092396485627,0.006707756668561453
settlement_agreement,long_call,63,20,0.006318993480627486,0.021920157069402077,-0.015601163588774591,-0.7754716113942604,-0.0003756071434054653,-0.02007375542350946,-0.007070207767438419,0.015907516409616622
settlement_agreement,long_call,exp,21,0.009718838906743443,0.01939115799118023,-0.009672319084436788,-0.31163453504383637,0.0030325102134169755,0.10162976920425257,-0.0036538184799094903,0.013432625111703176
settlement_agreement,covered_call,1,21,0.0018663166529205343,0.0002162440866757448,0.0016500725662447896,0.9720106529699738,-0.0019479254643559184,-1.3138531905980442,-0.005762167581632371,-0.003201687306580304
settlement_agreement,covered_call,2,21,0.001447901993647604,0.001735400420456597,-0.00028749842680899306,-0.10777217784332106,-0.0023663401236288482,-1.0309946367677612,-0.006180582240905303,-0.0016614773253382118
settlement_agreement,covered_call,3,21,0.0016870980985233541,0.0025680007902667656,-0.0008809026917434115,-0.2770626977811414,-0.0021271440187530985,-0.7778113674631139,-0.00594138613602955,-0.0008426378344823873
settlement_agreement,covered_call,5,21,-0.0021468225684394804,0.002226562155495711,-0.004373384723935191,-0.9688231939584567,-0.005961064685715934,-1.493588115939397,-0.009775306802992387,-0.001198535637692179
settlement_agreement,covered_call,10,20,0.005296065892311579,0.0042776055400376165,0.0010184603522739623,0.1736347971953443,0.0013619042231363232,0.2723648818871706,-0.00257225744603893,0.000876826947691699
settlement_agreement,covered_call,21,21,0.011536762748990188,0.00821499481668881,0.0033217679323013782,0.49659146338250365,0.007722520631713732,1.4063529750691883,0.0039082785144372795,0.004798438217223792
settlement_agreement,covered_call,42,21,0.00515513272002765,0.021446261451826827,-0.01629112873179918,-1.2631015503017147,0.0013408906027511968,0.11317921367442564,-0.0024733515145252557,0.018054486568204443
settlement_agreement,covered_call,63,19,0.01560369856228208,0.041477518309888516,-0.025873819747606434,-1.2883343078749967,0.011704005015412059,0.6099838760486416,0.007804311468542045,0.03802243776945332
settlement_agreement,covered_call,exp,20,0.014216111980658808,0.05154209359454446,-0.03732598161388565,-1.6535322719275778,0.010338779446565522,0.4765710524574798,0.006461446912472244,0.04816637536038675
settlement_agreement,protective_put,1,21,0.002530949151801051,0.0002832137223155739,0.0022477354294854774,0.9459302269645596,-5.0529483746595946e-05,-0.023150491200321133,-0.002632008119294243,-0.0026188373663155835
settlement_agreement,protective_put,2,21,0.0015869268473820957,0.0027645633352816204,-0.0011776364878995247,-0.3682374436599869,-0.0009945517881655515,-0.3526299157184081,-0.003576030423713198,-0.00013323077869345837
settlement_agreement,protective_put,3,21,0.002339873725532647,0.0031686496302229463,-0.0008287759046902991,-0.2356493145169522,-0.0002416049100149995,-0.07751250060787854,-0.002823083545562647,0.0002701712804182523
settlement_agreement,protective_put,5,21,-0.0024392585857848322,0.0029123540157656056,-0.005351612601550438,-1.1932969086996703,-0.005020737221332479,-1.2541627687001318,-0.0076022158568801275,2.1326568405474857e-05
settlement_agreement,protective_put,10,20,0.0035273906035239457,0.006170470406157034,-0.0026430798026330885,-0.38342330594123497,0.0009511864420364618,0.15593684931066956,-0.0016250177194510247,0.003228116466780398
settlement_agreement,protective_put,21,21,0.0050669277749689975,0.009594923095658745,-0.004527995320689747,-0.4927825893204146,0.0024854491394213497,0.3050625189737809,-9.602949612629658e-05,0.006661262422208421
settlement_agreement,protective_put,42,21,0.014864407907400776,0.02424613624114889,-0.009381728333748115,-0.4104925330723319,0.012282929271853133,0.5595339756908804,0.009701450636305486,0.021360057990597977
settlement_agreement,protective_put,63,19,0.016466372399533163,0.04138583774987092,-0.024919465350337754,-0.9836521934684758,0.013847648746064034,0.578930085176563,0.011228925092594903,0.03841354618098172
settlement_agreement,protective_put,exp,20,0.02626647535301675,0.03724056995810044,-0.010974094605083692,-0.3065410282700537,0.023656764536607474,0.6839471699842632,0.021047053720198206,0.034354984605294625
settlement_agreement,collar,1,21,0.000998484494331733,4.4381051548319055e-06,0.0009940463891769012,0.8239435248245819,-0.005197236258492367,-4.757058221408095,-0.011392957011316466,-0.006111723665951799
settlement_agreement,collar,2,21,0.0004522862744033395,0.0014169677768010912,-0.0009646815023977517,-0.5454530273739517,-0.00574343447842076,-3.9133109982260024,-0.01193915523124486,-0.004678080825939951
settlement_agreement,collar,3,21,0.0013591226084714474,0.0016305776815901494,-0.00027145507311870194,-0.1380766225864054,-0.004836598144352652,-3.001644469437641,-0.011032318897176752,-0.00448638033019449
settlement_agreement,collar,5,21,-0.0009355125280181646,0.001465052933436131,-0.0024005654614542957,-0.9856746009126006,-0.007131233280842265,-3.4605293080140727,-0.013326954033666363,-0.004658317541733791
settlement_agreement,collar,10,20,0.003824990951174885,0.0035123029590674354,0.00031268799210744944,0.08441773772279292,-0.002485374879487854,-0.7816842003410088,-0.008795740710150591,-0.0026316104812022754
settlement_agreement,collar,21,21,0.005699730884034644,0.0059408984943464865,-0.00024116761031184233,-0.053295337785553676,-0.0004959898687894546,-0.1294219742785165,-0.006691710621613554,-0.00020486064641989113
settlement_agreement,collar,42,21,0.0017023990295728481,0.014098230347364968,-0.01239583131779212,-1.510716520713121,-0.004493321723251251,-0.6087208434007558,-0.010689042476075352,0.008020454471636433
settlement_agreement,collar,63,19,0.009161736887457217,0.02532192734842326,-0.01616019046096604,-1.2367987034339558,0.0028433196871180673,0.229903575999811,-0.0034750975132210814,0.019072708156144837
settlement_agreement,collar,exp,20,0.011802904812486564,0.028499990931986758,-0.016697086119500194,-1.1993672402298847,0.005515861461984012,0.4221061954478071,-0.0007711818885185413,0.02239421559488391
settlement_agreement,cash_secured_put,1,21,0.000867832158588801,0.00014433735008534846,0.0007234948085034525,1.017061093645127,-0.0015136464769588461,-2.6270116274864104,-0.0038951251125064934,-0.002588665381312755
settlement_agreement,cash_secured_put,2,21,0.0009956157192442642,0.00026370547222347087,0.0007319102470207934,0.6817675830347526,-0.0013858629163033826,-1.6377703741327703,-0.0037673415518510293,-0.0024731100471141994
settlement_agreement,cash_secured_put,3,21,0.0003279754900519065,0.0008912867179259015,-0.000563311227873995,-0.376213575298006,-0.0020535031454957404,-1.5328484184015123,-0.004434981781043389,-0.0018455288014117698
settlement_agreement,cash_secured_put,5,21,-0.0012113100404213162,0.0007301401876542189,-0.001941450228075535,-0.8376362230468603,-0.003592788675968963,-1.657702972747217,-0.00597426731151661,-0.0020066753316834523
settlement_agreement,cash_secured_put,10,21,0.0011220622504205598,0.000649605273041779,0.0004724569773787808,0.18837187771550615,-0.0012594163851270875,-0.6108714080363715,-0.0036408950206747344,-0.0020870411287838273
settlement_agreement,cash_secured_put,21,21,0.00583703186495554,0.0033834454101502954,0.0024535864548052445,0.9812581393623464,0.0034555532294078934,1.8519843155138347,0.0010740745938602463,0.000658697028629901
settlement_agreement,cash_secured_put,42,21,0.0034527336904548013,0.009738350896373347,-0.0062856172059185455,-1.2198842363900055,0.0010712550549071558,0.2275639226079002,-0.0013102235806404922,0.007005538835426151
settlement_agreement,cash_secured_put,63,20,0.006040048873516019,0.01425734651331573,-0.008217297639799712,-1.123852280303437,0.003651419651804587,0.5284390997354126,0.0012627904300931535,0.011498760232432572
settlement_agreement,cash_secured_put,exp,21,0.002673361702618318,0.0182934435522822,-0.01562008184966388,-1.4335879077331748,0.00029188306707067117,0.02751774195095855,-0.0020895955684769774,0.015593655274525338
acquisition_completion,long_call,1,21,0.00032813459666740564,0.0006312434825222545,-0.0003031088858548489,-0.15188877045024357,-0.00705466475649272,-3.9565422576037195,-0.014437464109652843,-0.007096356786281469
acquisition_completion,long_call,2,21,0.006865447148285338,0.0008168830290750327,0.006048564119210306,0.6932134825831102,-0.0005173522048747847,-0.06146575483496572,-0.00790015155803491,-0.00691071723972869
acquisition_completion,long_call,3,21,0.006142343001528129,0.0002388040405997537,0.005903538960928375,0.7734947909848344,-0.001240456351631996,-0.17038476258954213,-0.00862325570479212,-0.0075301621814296525
acquisition_completion,long_call,5,21,0.0008554492454484903,0.0001540085133541935,0.0007014407320942968,0.08199730580805631,-0.006527350107711635,-0.814370320455768,-0.013910149460871758,-0.007610415947321632
acquisition_completion,long_call,10,20,0.010263630715930625,0.002365132471212405,0.00789849824471822,0.5020084972834182,0.0030336089702699257,0.20129505895102132,-0.004196412775390774,-0.005377886222842093
acquisition_completion,long_call,21,20,0.018924733674673767,0.012182617534215534,0.006742116140458233,0.2734776397734587,0.011694711929013071,0.49575254594939316,0.004464690183352368,0.004437172986925024
acquisition_completion,long_call,42,20,-0.0030749071371934103,0.015370722740241954,-0.018445629877435366,-0.7738508173523331,-0.01030492888285411,-0.46506556060185655,-0.01753495062851482,0.007570543928031583
acquisition_completion,long_call,63,19,0.015502859247929955,0.01681761875122624,-0.0013147595032962853,-0.0449328370583132,0.008139734018671008,0.2966376746764303,0.0007766087894120586,0.009177297478683087
acquisition_completion,long_call,exp,20,0.021667021455826926,0.02443909182612675,-0.0027720703702998235,-0.05679331757247684,0.01443699971016622,0.3063048610306629,0.007206977964505527,0.016690744131677197
acquisition_completion,covered_call,1,21,0.00013886258920137366,0.0007967318916878977,-0.0006578693024865241,-0.3537939589210924,-0.00446738580109041,-2.6981859540560555,-0.009073634191382194,-0.0041565388816508005
acquisition_completion,covered_call,2,21,0.0009476875970205748,0.0011814670718368584,-0.00023377947481628355,-0.04708110242677739,-0.0036585607932712078,-0.7683743540823159,-0.008264809183562993,-0.003779069967420319
acquisition_completion,covered_call,3,21,0.0007475531619859171,0.0011260549600127473,-0.0003785017980268302,-0.053056740307764624,-0.003858695228305866,-0.5557315022085746,-0.008464943618597651,-0.003859882682772538
acquisition_completion,covered_call,5,20,-0.0028488975679006106,0.0004299850841320698,-0.0032788826520326803,-0.29369679207185,-0.007485132012821197,-0.6830839746029949,-0.012121366457741785,-0.004560530850544432
acquisition_completion,covered_call,10,20,0.009387495012563137,0.002461535787742717,0.00692595922482042,0.8058259144251615,0.004984974080180164,0.6222377510156273,0.0005824531477971907,-0.0025097258392393954
acquisition_completion,covered_call,21,19,0.006151451430449543,0.013002240986097818,-0.006850789555648275,-0.515341904182879,0.0016708063729132662,0.1320388357138225,-0.0028098386846230113,0.008022186945661522
acquisition_completion,covered_call,42,19,-0.013883674852424942,0.01720629755532456,-0.0310899724077495,-1.4720651614208489,-0.018364319909961218,-0.9178961213440877,-0.022844964967497505,0.01214756722448649
acquisition_completion,covered_call,63,19,0.004168343032088251,0.03238925282485932,-0.02822090979277107,-1.1447156081893726,-0.00035493818668847664,-0.015314471623437593,-0.004878219405465204,0.027405437786484264
acquisition_completion,covered_call,exp,18,-0.003037623783672053,0.05395879680111305,-0.0569964205847851,-2.2959926694715547,-0.007144699100827805,-0.3040882418984676,-0.011251774417983562,0.04904264893482923
acquisition_completion,protective_put,1,21,0.0010606871292949966,0.00027136581146945004,0.0007893213178255466,0.3456627887338079,-0.0025361652275557272,-1.4250329920867915,-0.0061330175844064505,-0.0038933012389820157
acquisition_completion,protective_put,2,21,0.009137304226750586,0.0008190878270919899,0.008318216399658596,0.8476725422631481,0.005540451869899865,0.572932566145099,0.001943599513049139,-0.0033568132490578054
acquisition_completion,protective_put,3,21,0.009487026560215111,0.0008503184643312164,0.008636708095883894,0.9691368679032051,0.005890174203364388,0.6799074114883943,0.002293321846513665,-0.0033185255769981967
acquisition_completion,protective_put,5,20,0.004393625861073247,-0.0002925200366453042,0.0046861458977185515,0.43423995797773407,0.0008394619938357816,0.08200460922424088,-0.0027147018734016855,-0.004457860329743818
acquisition_completion,protective_put,10,20,0.015086292233219296,0.004013682004595106,0.011072610228624189,0.6313496286049104,0.011551947876292285,0.6856470839158934,0.008017603519365271,-0.0001689633416671688
acquisition_completion,protective_put,21,19,0.0226845483653383,0.017075384938929905,0.005609163426408395,0.19729015208667125,0.019109324891929506,0.6971950425858007,0.015534101418520711,0.012893731427023476
acquisition_completion,protective_put,42,20,0.001398539569605212,0.02100375633114374,-0.01960521676153853,-0.7161688800475595,-0.002135804787321802,-0.08359038839633336,-0.005670149144248815,0.016764311716167768
acquisition_completion,protective_put,63,19,0.02609096881037773,0.02674416470069842,-0.000653195890320691,-0.018954790235347675,0.02246118157882954,0.6919295683931056,0.01883139434728134,0.022523507733741448
acquisition_completion,protective_put,exp,18,0.0005265068336107451,0.028692739884971556,-0.02816623305136081,-0.8127063705900709,-0.0029204901589944734,-0.09033069080393266,-0.006367487151599693,0.024471455177227156
acquisition_completion,collar,1,21,0.0003855257161723989,-2.6081681312344164e-05,0.00041160739748474307,0.34451000031953705,-0.007617575030970108,-5.312649804558649,-0.015620675778112617,-0.009027494468605563
acquisition_completion,collar,2,21,0.0018768586050365715,0.0004490155873268162,0.0014278430177097554,0.4597626192276702,-0.006126242142105934,-1.9296389064892936,-0.014129342889248438,-0.008567201986083168
acquisition_completion,collar,3,21,0.004524112912927332,0.0009275999134884048,0.003596512999438927,1.0763753960616946,-0.0034789878342151768,-1.0294238999521708,-0.011482088581357682,-0.00808208189760654
acquisition_completion,collar,5,20,0.003875278751161425,-0.000540606596148102,0.004415885347309527,1.0434241660825772,-0.004115119560996629,-0.9794987796664834,-0.01210551787315468,-0.00955117255177386
acquisition_completion,collar,10,20,0.007951030785005891,0.0018354201668955787,0.0061156106181103126,1.1778329052191427,0.0002141654956959057,0.042408265769020854,-0.00752269979361408,-0.007206672841465866
acquisition_completion,collar,21,19,0.005844985579652579,0.007040549589655452,-0.0011955640100028732,-0.1544171157982742,-0.0020108829512924947,-0.2703689339056806,-0.009866751482237568,-0.0020120137403532743
acquisition_completion,collar,42,19,-0.0017329702941527563,0.009396701675022942,-0.011129671969175699,-1.1089329323448804,-0.009588838825097826,-1.0406908499438723,-0.017444707356042904,0.00026006325487272296
acquisition_completion,collar,63,19,0.008058635574089156,0.016632886043431442,-0.008574250469342286,-0.6604298775001334,0.00010556712376423546,0.009020599907839776,-0.00784750132656069,0.007553520638412567
acquisition_completion,collar,exp,18,0.0039800129228849835,0.024974451635884576,-0.020994438712999594,-1.7399077082826266,-0.003374059386875996,-0.31788264552085943,-0.010728131696636972,0.01595301106750432
acquisition_completion,cash_secured_put,1,21,-0.00024666312697102527,0.0008032227383172681,-0.0010498858652882935,-1.1360278500330694,-0.00364351548382175,-5.025374993236196,-0.007040367840672473,-0.0031560430623423052
acquisition_completion,cash_secured_put,2,21,-0.0009291710080159971,0.0006820070663081844,-0.0016111780743241814,-0.6035177927117461,-0.00432602336486672,-1.6528183377367967,-0.007722875721717443,-0.003277258734351388
acquisition_completion,cash_secured_put,3,21,-0.003776559750941413,0.0003676043916694326,-0.0041441641426108455,-0.8597173059046803,-0.007173412107792137,-1.495106654053253,-0.01057026446464286,-0.0035634102716132427
acquisition_completion,cash_secured_put,5,21,-0.006645661719596586,0.0006992013712746633,-0.00734486309087125,-0.9777126428478489,-0.010042514076447311,-1.339249158775627,-0.013439366433298032,-0.0032370354126460585
acquisition_completion,cash_secured_put,10,20,0.001436464227557244,0.0006303921584106031,0.0008060720691466409,0.20375145092880928,-0.0018978801293697701,-0.5338413671946346,-0.005232224486296783,-0.0033329502680534786
acquisition_completion,cash_secured_put,21,20,0.00036070183622584004,0.005604489152170243,-0.005243787315944403,-0.891472484084693,-0.0029736425207011726,-0.5378854862130624,-0.006307986877628187,0.001649047471333758
acquisition_completion,cash_secured_put,42,20,-0.011508389691374216,0.006566307999717809,-0.018074697691092025,-1.517952017613818,-0.014842734048301229,-1.3158962028196208,-0.018177078405228246,0.0026178912438321942
acquisition_completion,cash_secured_put,63,19,-0.0038902925420009095,0.01347048150441261,-0.01736077404641352,-1.2588833392280727,-0.007320079773549106,-0.5583881272802242,-0.010749867005097304,0.009487469669615866
acquisition_completion,cash_secured_put,exp,19,-0.0044578646805088495,0.02453666769252625,-0.0289945323730351,-1.8823007777921854,-0.007757684049772524,-0.5248536120095163,-0.011057503419036194,0.020512853955519054
preferred_stock_modification,long_call,1,18,0.0018724853341232838,0.000999029466995264,0.0008734558671280198,0.3712197600818735,-0.004765918818515579,-2.431024580474166,-0.011404322971154441,-0.005763811365987571
preferred_stock_modification,long_call,2,18,0.0022073858076078353,0.0010952574327641532,0.0011121283748436821,0.30202660772721474,-0.004431018345031028,-1.3550963762303287,-0.011069422497669889,-0.005667583400218683
preferred_stock_modification,long_call,3,18,-0.003069140301884382,0.0009073665755698894,-0.003976506877454271,-0.9103763239458823,-0.009707544454523244,-2.4320277846427953,-0.016345948607162104,-0.00583611762004494
preferred_stock_modification,long_call,5,18,-0.0034382245360947803,0.0012776592467545088,-0.0047158837828492894,-0.8731608308570032,-0.010076628688733642,-2.0971610011321973,-0.016715032841372504,-0.005463878264145554
preferred_stock_modification,long_call,10,18,0.0007617079383282101,0.005790878783501169,-0.005029170845172959,-0.516960491855719,-0.005876696214310653,-0.6590265078705967,-0.01251510036694952,-0.0009414885845839461
preferred_stock_modification,long_call,21,18,-0.00520820899596713,0.013945069242689331,-0.019153278238656462,-1.6088627568379492,-0.011846613148605993,-1.1542779179794276,-0.018485017301244855,0.0072332415035290965
preferred_stock_modification,long_call,42,18,0.0034222866327415233,0.02722243402215909,-0.02380014738941757,-1.9400786860354597,-0.0032161175198973397,-0.3489748432085222,-0.009854521672536202,0.0205134191901561
preferred_stock_modification,long_call,63,17,0.022421072366150242,0.03293233611011455,-0.010511263743964307,-0.5415700181040213,0.015616599195376543,0.9861404162281302,0.00881212602460285,0.0261868053261849
preferred_stock_modification,long_call,exp,17,0.04788746176268665,0.03224571683233999,0.01564174493034666,0.5860293256678263,0.04108298859191295,1.7681906592254468,0.03427851542113925,0.025482346489900384
preferred_stock_modification,covered_call,1,17,0.0019484069450449472,0.0010728481723059435,0.0008755587727390037,0.3189738140303554,-0.0018418659756727906,-0.8921978048748707,-0.005632138896390528,-0.0029130459536291166
preferred_stock_modification,covered_call,2,16,0.0012131220958785892,0.0008207232114059574,0.0003923988844726318,0.06859183482019839,-0.0025408469382409374,-0.49638279811045627,-0.006294815972360463,-0.0031651709145291036
preferred_stock_modification,covered_call,3,16,-0.004110173315316701,0.0004349309447058872,-0.004545104260022588,-0.6633933678883542,-0.00786414234943623,-1.2343940049637736,-0.011618111383555754,-0.0035088035373789512
preferred_stock_modification,covered_call,5,17,-0.00334566382869372,0.002221351588551085,-0.0055670154172448045,-0.7449844156111666,-0.007135936749411457,-1.0710669238960184,-0.010926209670129193,-0.0017720462254924155
preferred_stock_modification,covered_call,10,17,-0.0066135946260344166,0.007488147997332599,-0.014101742623367015,-1.6257330490140625,-0.010403867546752153,-1.356614305086073,-0.014194140467469892,0.0035502487870397057
preferred_stock_modification,covered_call,21,15,0.0016990914744824646,0.015817128352937193,-0.014118036878454728,-1.1808200144312426,-0.002293864764218117,-0.2319211160830537,-0.006286821002918697,0.011843333925555173
preferred_stock_modification,covered_call,42,16,0.021960774727393193,0.04536763102773141,-0.02340685630033822,-1.3439013201433387,0.018051646765091776,1.1011790947103732,0.014142518802790353,0.04144091266478362
preferred_stock_modification,covered_call,63,14,0.054884450127816405,0.05699097744096037,-0.002106527313143966,-0.1527694592697393,0.050867626278818294,4.497654005739987,0.0468508024298202,0.053142055326060415
preferred_stock_modification,covered_call,exp,15,0.07798110783990606,0.04977004419335073,0.028211063646555325,1.9352764768422839,0.07410616609714923,6.816443865505678,0.0702312243543924,0.04573182631153206
preferred_stock_modification,protective_put,1,17,0.002657786028156736,0.0017308021291061822,0.000926983899050554,0.26481466769745693,-0.00036867939745382507,-0.12724562808137077,-0.0033951448230643867,-0.0016456995714180362
preferred_stock_modification,protective_put,2,16,0.003594145574235426,0.0022694360359557,0.0013247095382797262,0.24306644514956713,0.0005770580522867495,0.12007076282001833,-0.002440029469661926,-0.001113828889753324
preferred_stock_modification,protective_put,3,16,-0.002258378225483265,-0.0002611693920218923,-0.0019972088334613727,-0.3020894995185653,-0.005275465747431941,-0.8665803380592336,-0.008292553269380618,-0.0036834545491452966
preferred_stock_modification,protective_put,5,18,-0.0018400629507779554,0.0010497736003666843,-0.0028898365511446397,-0.4018294786112126,-0.004869138554342205,-0.7593924187411007,-0.007898214157906454,-0.002262063951277268
preferred_stock_modification,protective_put,10,18,0.0022201525593399077,0.009165253521078238,-0.0069451009617383305,-0.563934838959281,-0.0008089230442243421,-0.07256908033956407,-0.003837998647788591,0.0058625345321827995
preferred_stock_modification,protective_put,21,15,0.0020124650407387797,0.01530815511511698,-0.0132956900743782,-0.8229745104365129,-0.001096414597562149,-0.07832964225685733,-0.004205294235863079,0.011914768375011445
preferred_stock_modification,protective_put,42,17,0.017471262481538602,0.044270791132814236,-0.026799528651275634,-1.591192378611585,0.014426603525412907,1.0429152693382728,0.011381944569287216,0.040932691827124223
preferred_stock_modification,protective_put,63,14,0.04744713329233619,0.04701907806659823,0.0004280552257379597,0.017513437732556238,0.04433214222885336,2.1011552339743127,0.041217151165370516,0.0436532599767332
preferred_stock_modification,protective_put,exp,13,0.07512312416981291,0.01929522423565564,0.05582789993415727,1.7418472417883812,0.07201551629460039,2.482481899472136,0.0689079084193879,0.015960926184451257
preferred_stock_modification,collar,1,16,0.00024071508120684357,0.0006972841426283883,-0.00045656906142154476,-0.21812453859701905,-0.006328187685686578,-4.026941785893091,-0.012897090452579996,-0.0064795885808810825
preferred_stock_modification,collar,2,15,-0.0001097271470585631,0.001016800765002782,-0.001126527912061345,-0.3360831125258436,-0.00659241558581108,-2.3296873655086183,-0.013075104024563595,-0.006160071958506689
preferred_stock_modification,collar,3,15,-0.0033966949009406966,-0.0011031137509844348,-0.002293581149956262,-0.5634586736943057,-0.009879383339693215,-2.6430999039199605,-0.01636207177844573,-0.008277279650006656
preferred_stock_modification,collar,5,17,-0.0025018812478371333,0.0010672061170750936,-0.0035690873649122266,-0.8377410991900831,-0.00911052995403483,-2.4098513201749148,-0.015719178660232525,-0.0060543955077307235
preferred_stock_modification,collar,10,17,-0.0028802586777273635,0.004073823382489685,-0.006954082060217049,-1.5493109549557005,-0.009488907383925058,-2.535586898900807,-0.016097556090122752,-0.0030475708022657984
preferred_stock_modification,collar,21,14,-0.00015409495490570309,0.009139040524189889,-0.009293135479095592,-1.4352763191942353,-0.006984877800564214,-1.3164669565184945,-0.013815660646222725,0.0018998079646398854
preferred_stock_modification,collar,42,16,0.01430759105747566,0.02656047610924769,-0.012252885051772031,-1.2480344656784639,0.007564198736228011,0.847532258080311,0.0008208064149803695,0.019509696099278273
preferred_stock_modification,collar,63,13,0.03193600397274074,0.033863578462323546,-0.0019275744895828062,-0.17349736996959722,0.02507840162974614,2.6136217545756915,0.018220799286751545,0.026812000021649057
preferred_stock_modification,collar,exp,13,0.051365738705967896,0.023353111625144876,0.02801262708082302,1.9520898517244258,0.04450813636297331,3.715792890715781,0.037650534019978706,0.016173983534318915
preferred_stock_modification,cash_secured_put,1,17,0.0013336874964583467,0.00028403308241095376,0.0010496544140473929,0.9709106438583696,-0.0014927779291522144,-2.2214867573522907,-0.004319243354762776,-0.002894931747717449
preferred_stock_modification,cash_secured_put,2,16,0.00041259522458615927,-0.0002982453474588459,0.0007108405720450052,0.25825998397293487,-0.0024044922973625186,-0.9644387962219065,-0.005221579819311194,-0.003472612298556188
preferred_stock_modification,cash_secured_put,3,17,-0.0010188152428611329,0.0006102602095094293,-0.0016290754523705622,-0.5003536395146639,-0.0038392181240350025,-1.277381572808029,-0.006659621005208872,-0.0026081027683481453
preferred_stock_modification,cash_secured_put,5,18,-0.0009218198540574386,0.0009762484082184644,-0.001898068262275903,-0.56545309180491,-0.0037508954576216894,-1.3307082946385347,-0.006579971061185939,-0.0022421252317237276
preferred_stock_modification,cash_secured_put,10,18,-0.002293080704432186,0.0029367755959473158,-0.005229856300379502,-1.1177664784945307,-0.005122156307996436,-1.202287209928351,-0.007951231911560684,-0.00016950334394182193
preferred_stock_modification,cash_secured_put,21,17,0.0013829501788775673,0.003964715164425634,-0.002581764985548067,-0.43693698855605256,-0.0014374527022963024,-0.29734560356112183,-0.004257855583470171,0.000858759599305944
preferred_stock_modification,cash_secured_put,42,18,0.008556068732464775,0.015036440431388009,-0.006480371698923234,-0.8323924960587634,0.0057269931289005245,0.8130952996620825,0.002897917525336273,0.011860745025973304
preferred_stock_modification,cash_secured_put,63,15,0.021632163726610962,0.01636620040481668,0.005265963321794281,1.1376525024751385,0.018740561493359,6.815356048872662,0.015848959260107032,0.01324950458570667
preferred_stock_modification,cash_secured_put,exp,14,0.026245191118888126,0.024021074438607924,0.002224116680280202,0.45348846945512733,0.023399927393072832,7.0000653123518015,0.020554663667257538,0.020816980861591443
combo:new_leadership,long_call,1,44,-0.0016201885887474085,-0.0002861029312546175,-0.001334085657492791,-1.0799531196424035,-0.008190861026776975,-6.37925230971131,-0.014761533464806546,-0.006636752713122287
combo:new_leadership,long_call,2,44,8.095988235050402e-05,0.00048064871416347247,-0.0003996888318129685,-0.16327886014678059,-0.0064897125556790634,-2.604127314107983,-0.013060384993708634,-0.005867164260588896
combo:new_leadership,long_call,3,44,-0.0008121570060096017,0.0008781841926941175,-0.001690341198703719,-0.5328753025876644,-0.0073828294440391705,-2.328381296212939,-0.013953501882068732,-0.005459495736811073
combo:new_leadership,long_call,5,45,-0.0007418332668368399,0.00037235564971817406,-0.0011141889165550139,-0.30276272487136296,-0.00731691327197922,-2.025729268188702,-0.013891993277121597,-0.005952426965559798
combo:new_leadership,long_call,10,45,0.0009152078900127817,-0.000550622981145346,0.0014658308711581278,0.23026319972190756,-0.005659872115129597,-0.9026187416550945,-0.012234952120271973,-0.0068966695563319564
combo:new_leadership,long_call,21,45,0.00500219618309441,0.007350021191902393,-0.0023478250088079834,-0.24705793626981484,-0.0015728838220479687,-0.17164395706145955,-0.008147963827190347,0.0009961030106776212
combo:new_leadership,long_call,42,44,0.010780078217243158,0.01062057850881556,0.00015949970842759828,0.00946707343174712,0.004223247432218573,0.2572267287302888,-0.002333583352806016,0.004259516719242088
combo:new_leadership,long_call,63,42,-0.005336925153406615,0.017254511338045453,-0.022591436491452066,-1.4568658812967705,-0.011850499394672163,-0.8204429758260772,-0.01836407363593771,0.010872948374239525
combo:new_leadership,long_call,exp,44,0.0015113194967383123,0.020787049635122054,-0.019275730138383743,-1.273088777576525,-0.005048546667851348,-0.3803636604119335,-0.011608412832441007,0.014449812381854733
combo:new_leadership,covered_call,1,44,-0.0004065635720557447,-0.00023470734337791309,-0.00017185622867783162,-0.09937125177919619,-0.00431043705774819,-2.52443718222812,-0.008214310543440632,-0.003907856461145315
combo:new_leadership,covered_call,2,41,0.0024402833078069042,0.0005415734875870206,0.0018987098202198835,0.5986978147023281,-0.0016227704462528879,-0.5151275830027146,-0.005685824200312679,-0.0031190803888022814
combo:new_leadership,covered_call,3,40,0.002038966881534818,0.001152314101727384,0.0008866527798074338,0.220213544437036,-0.002043129778833663,-0.5142095236499409,-0.006125226439202146,-0.0025068969365773246
combo:new_leadership,covered_call,5,45,0.0022208439620845987,0.00022253922838657338,0.0019983047336980253,0.4983408072816613,-0.0016839529951522272,-0.45039121585011854,-0.005588749952389052,-0.0034440613647482342
combo:new_leadership,covered_call,10,44,0.006808188525392459,-0.00020917930891331836,0.007017367834305777,0.9412936998575001,0.002873084338416491,0.39770287833834933,-0.001062019848559475,-0.0038856498518686777
combo:new_leadership,covered_call,21,44,0.013633744996727261,0.009430184263353068,0.004203560733374193,0.43442297860200496,0.009698640809751299,1.0388522565012952,0.00576353662277533,0.0057541524247777176
combo:new_leadership,covered_call,42,44,0.01461659627987395,0.020207173905486195,-0.005590577625612245,-0.39684228783184866,0.01073162486764348,0.7820768244609855,0.006846653455413016,0.01650141304604931
combo:new_leadership,covered_call,63,42,0.0015475256615844059,0.031585509276545826,-0.03003798361496142,-1.5693454864683751,-0.0023771685918613375,-0.12793681900154186,-0.006301862845307076,0.027830640054745396
combo:new_leadership,covered_call,exp,39,0.023031454713914573,0.039063647736528526,-0.016032193022613953,-0.7768778243898757,0.01899419183331271,0.9511771444055639,0.014956928952710852,0.03538797913344013
combo:new_leadership,protective_put,1,43,-0.0005288130407320545,-3.7253757230376985e-05,-0.0004915592835016776,-0.2862767221796503,-0.003912715240692592,-2.346018600168702,-0.00729661744065313,-0.0033585027654955105
combo:new_leadership,protective_put,2,40,0.002180540277201422,0.000947793601482195,0.001232746675719227,0.3558036874716401,-0.0012299195849351237,-0.36366502992678285,-0.004640379447071669,-0.0023636678209699533
combo:new_leadership,protective_put,3,39,0.0013563902278908055,0.002008266428747501,-0.0006518762008566954,-0.14571914391185573,-0.0020467467285633857,-0.46872166157905565,-0.005449883685017578,-0.0012941301355401
combo:new_leadership,protective_put,5,43,-0.0011026973874060113,0.0013334683404224307,-0.002436165727828442,-0.5240866596637715,-0.004433750194273949,-1.0135212868854797,-0.007764803001141885,-0.001983296485351821
combo:new_leadership,protective_put,10,42,0.0023666685022440638,0.0008383672033214225,0.0015283012989226411,0.17473779206359932,-0.0009357048851645745,-0.11185700548429672,-0.004238078272573213,-0.00248313672467618
combo:new_leadership,protective_put,21,43,0.006184616504818636,0.010955781638551704,-0.004771165133733068,-0.40420339058192534,0.002841021993989133,0.25476787012472396,-0.0005025725168403681,0.00762428319391986
combo:new_leadership,protective_put,42,44,0.018666078590437226,0.020182554645613294,-0.0015164760551760678,-0.07611980280845045,0.01530346376267775,0.7974765382350888,0.011940848934918279,0.016824960187384753
combo:new_leadership,protective_put,63,40,0.003348169961147022,0.03021810790075312,-0.026869937939606098,-1.3533465804793559,-3.3103847448641424e-05,-0.0018019510428985957,-0.0034143776560443045,0.026829201279234587
combo:new_leadership,protective_put,exp,38,0.009959826715818108,0.030135009539395623,-0.020175182823577515,-0.9730884868431714,0.0065655390880646975,0.34846498517680474,0.0031712514603112916,0.026801144546685397
combo:new_leadership,collar,1,43,0.00041090177698286187,8.363924961796935e-05,0.0003272625273648925,0.31767553774068047,-0.006656565828395142,-5.45552949204662,-0.013724033433773153,-0.006714095640296938
combo:new_leadership,collar,2,40,0.0033011830610210533,0.000554517872686687,0.002746665188334366,1.399528936157151,-0.003954478875588863,-1.8997055818502246,-0.011210140812198783,-0.006223202967734096
combo:new_leadership,collar,3,39,0.003008158488610334,0.0009081618058054038,0.00209999668280493,0.9000635777089788,-0.004259253992900846,-1.7777876351837432,-0.011526666474412028,-0.00585703886994842
combo:new_leadership,collar,5,43,0.002081779575989056,0.0007179022082781445,0.0013638773677109115,0.5686113070636364,-0.004964795632958555,-2.156580811892348,-0.012011370841906165,-0.006056731778682806
combo:new_leadership,collar,10,42,0.0038746938440526978,0.00047125563236160623,0.0034034382116910917,0.7983554505286584,-0.0031242250688903375,-0.763151885159522,-0.010123143981833374,-0.006329301665479143
combo:new_leadership,collar,21,42,0.007307187886747014,0.005731664930879593,0.001575522955867421,0.30171390979938056,0.00024986846136975483,0.04976669036987817,-0.006807450964007508,-0.0010816326308111309
combo:new_leadership,collar,42,44,0.012625369367643429,0.011273442428964964,0.0013519269386784646,0.16812309545180562,0.00557778312765349,0.7033821390989167,-0.0014698031123364487,0.004398003257833485
combo:new_leadership,collar,63,40,0.010563085513986268,0.018173644499793556,-0.007610558985807288,-0.7826714033798906,0.0033783294041503675,0.3607257977813502,-0.0038064267056855334,0.011204558024257884
combo:new_leadership,collar,exp,37,0.018714799787829174,0.02074667270622056,-0.0020318729183913843,-0.17812939921029353,0.011547009088056332,1.0611286675133043,0.004379218388283489,0.013892942455348584
combo:new_leadership,cash_secured_put,1,44,-0.00038747092551027525,-0.00034885396764483827,-3.8616957865436976e-05,-0.03680331859712466,-0.0035500857532697492,-3.3062154820082674,-0.006712700581029223,-0.0034657418783625707
combo:new_leadership,cash_secured_put,2,44,-0.0002625216704418885,-0.0001070740138511124,-0.00015544765659077612,-0.10007821691533157,-0.0034251364982013617,-2.2875933925003644,-0.006587751325960836,-0.003213043362255738
combo:new_leadership,cash_secured_put,3,42,-0.0003359456015619137,0.0002628062237335838,-0.0005987518252954975,-0.3077314598943629,-0.00349738809136472,-1.8364353560957676,-0.006658830581167525,-0.0028396533043851756
combo:new_leadership,cash_secured_put,5,43,0.000382848146402062,-0.0007764751624055038,0.0011593233088075658,0.5568936781254993,-0.002748204660465875,-1.483949009114148,-0.005879257467333809,-0.0038811312544286356
combo:new_leadership,cash_secured_put,10,43,0.0031711876607952187,-0.0007607423871722852,0.003931930047967504,1.0978169876146961,3.585128876595495e-05,0.011128825376280141,-0.0030994850832633102,-0.0038631373092690483
combo:new_leadership,cash_secured_put,21,43,0.0036447092697509636,0.003487411426308226,0.00015729784344273778,0.032958214259489374,0.0005011147589214605,0.1129953905539268,-0.0026424797519080394,0.0003590047734460483
combo:new_leadership,cash_secured_put,42,44,0.0019912269122305207,0.008003792096582805,-0.006012565184352284,-0.8703034647341275,-0.0011713879155289535,-0.176248361147321,-0.004334002743288429,0.004885897049206994
combo:new_leadership,cash_secured_put,63,41,-0.007268780585863197,0.009310441886432506,-0.016579222472295704,-1.3965936715660783,-0.01042200004097178,-0.9011661748651637,-0.013575219496080369,0.00614220799947046
combo:new_leadership,cash_secured_put,exp,41,0.0005377751596409545,0.01238803213238177,-0.011850256972740817,-0.9866214393608506,-0.0027143583139114056,-0.23325730204214742,-0.005966491787463762,0.009242917388003404
combo:leadership_exit,long_call,1,57,-0.0011497085825679688,-0.0006415647514952741,-0.0005081438310726948,-0.3830026200497027,-0.00799868932354355,-6.386697422265891,-0.014847670064519133,-0.007230968739788519
combo:leadership_exit,long_call,2,57,0.0012627781863603223,-1.5272882730346974e-05,0.0012780510690906693,0.6220607655444085,-0.005586202554615259,-2.9833059842859844,-0.01243518329559084,-0.006597968370309884
combo:leadership_exit,long_call,3,57,-0.0005538141536963016,0.00010137491232883076,-0.0006551890660251323,-0.26179499723263877,-0.007402794894671884,-3.227514362302925,-0.014251775635647463,-0.006474081461755496
combo:leadership_exit,long_call,5,58,-0.002126982126469585,-0.00020626116318374303,-0.001920720963285842,-0.6226042669837045,-0.008974584112568107,-3.276299548083549,-0.01582218609866663,-0.006779265169562125
combo:leadership_exit,long_call,10,57,0.00028019232604640924,-0.0016134790483987996,0.0018936713744452088,0.32037930618892557,-0.006487133079110467,-1.1359698986116045,-0.01325445848426735,-0.008203078810746738
combo:leadership_exit,long_call,21,57,0.011029966292418127,0.004537009861261278,0.006492956431156848,0.5893958164778469,0.0042626408872612495,0.4012823252098243,-0.002504684517895629,-0.002074200291441983
combo:leadership_exit,long_call,42,56,0.014242049418852444,0.00532033654024503,0.008921712878607414,0.559631575432201,0.007440753517277681,0.4826442485970415,0.0006394576157029108,-0.0012782755513848474
combo:leadership_exit,long_call,63,55,0.014634333206281035,0.0068657126288128026,0.0077686205774682325,0.4708642480585778,0.007818834422727213,0.5016805818028514,0.0010033356391733895,0.00022383682084356382
combo:leadership_exit,long_call,exp,56,0.02179015408316886,0.007328736530447817,0.014461417552721043,0.7237353793794229,0.015031349456303142,0.7921247892812284,0.008272544829437425,0.0007569481785051208
combo:leadership_exit,covered_call,1,57,-0.0005044291566771448,-0.0007282465461977748,0.00022381738952063,0.09468408149031615,-0.004656877414120184,-2.0492337249585546,-0.008809325671563218,-0.004590588344527042
combo:leadership_exit,covered_call,2,56,0.0026522882764720306,-8.173322241761994e-06,0.0026604615987137928,0.8011269536010933,-0.0015445932735238623,-0.49252434424447694,-0.005741474823519756,-0.003860954378688849
combo:leadership_exit,covered_call,3,55,0.0015655362672247855,0.0006696015922235282,0.0008959346750012573,0.2261970883667155,-0.0026476279018308093,-0.7044737361016863,-0.006860792070886404,-0.003187450713031647
combo:leadership_exit,covered_call,5,58,-0.002689797786060402,-0.00011531949864990446,-0.0025744782874104976,-0.5566038506197764,-0.00683867675811976,-1.6025590536989074,-0.01098755573017911,-0.003979668271278476
combo:leadership_exit,covered_call,10,57,0.0016805881229837987,0.0002978142713625782,0.0013827738516212205,0.1819988424144392,-0.0023872397275723337,-0.32692568584389137,-0.006455067578128468,-0.003575454678743542
combo:leadership_exit,covered_call,21,56,0.010554196545370495,0.007847306299575684,0.0027068902457948116,0.3038268495279349,0.006476442496749739,0.7782799408953524,0.002398688448128982,0.003968139437501988
combo:leadership_exit,covered_call,42,56,0.005457164803364003,0.01689872383502369,-0.011441559031659686,-0.8426734197611623,0.0013685428723339,0.1051303273318682,-0.0027200790586961996,0.013002868721631328
combo:leadership_exit,covered_call,63,54,0.016128130188480177,0.02200991795653621,-0.005881787768056035,-0.352361126110613,0.0119384206479326,0.7641676103566568,0.007748711107385017,0.01805511339631815
combo:leadership_exit,covered_call,exp,50,0.03395107307594294,0.03142275180761642,0.0025283212683265208,0.13869779390318956,0.029902881650165202,1.7462385040160218,0.025854690224387453,0.027557193075731748
combo:leadership_exit,protective_put,1,56,0.00042633829079752756,-0.0003227435721280723,0.0007490818629255999,0.40303352892745986,-0.003549719032529285,-1.9427811135278448,-0.007525776355856098,-0.0038144913768845424
combo:leadership_exit,protective_put,2,55,0.0027913023812869077,0.0004084829161858033,0.0023828194651011043,0.8279567820605982,-0.0012149572158614407,-0.44212093042406797,-0.005221216813009788,-0.0030768382255120428
combo:leadership_exit,protective_put,3,54,0.0017075044214333226,0.0012046276118121966,0.000502876809621126,0.15066791064062487,-0.002304499738926139,-0.7351927996552867,-0.006316503899285597,-0.0022731020769678977
combo:leadership_exit,protective_put,5,57,-0.002497792456617034,0.0006626709619201523,-0.0031604634185371863,-0.8224425433330743,-0.006447028736080457,-1.8774040649602497,-0.010396265015543882,-0.0028320458414504506
combo:leadership_exit,protective_put,10,55,0.0011376218024810535,-0.00017566088911371414,0.0013132826915947676,0.16952781633651146,-0.0027690799975324284,-0.3766215901850013,-0.0066757817975459125,-0.003678629268778145
combo:leadership_exit,protective_put,21,53,0.011255807444278676,0.007186864947945134,0.004068942496333542,0.3170954660964306,0.0072869682956126875,0.591335811838824,0.0033181291469467,0.0036916656447567
combo:leadership_exit,protective_put,42,56,0.019652974002134827,0.013840808540577598,0.005812165461557229,0.31138955948778535,0.015676521241702993,0.8733673169857894,0.011700068481271168,0.010324926148513392
combo:leadership_exit,protective_put,63,51,0.024266228044042853,0.018787741136732202,0.005478486907310651,0.2755256272333316,0.020197068362435584,1.0779217321761245,0.016127908680828317,0.01524778590037651
combo:leadership_exit,protective_put,exp,48,0.015713835058014772,0.018656976024769376,-0.002943140966754604,-0.1624344522236367,0.011669589177516418,0.7043478556386785,0.007625343297018056,0.015129461972477925
combo:leadership_exit,collar,1,56,0.0002132209530884717,2.698491152061214e-05,0.00018623604156785956,0.1572381305948594,-0.007704129758394351,-5.6520476383565015,-0.015621480469877174,-0.007133688338534935
combo:leadership_exit,collar,2,55,0.0020850893038037647,0.0003348161705119657,0.0017502731332917991,1.0368682097829571,-0.0059075020362946455,-3.311014062561411,-0.013900093376393051,-0.006812287626322283
combo:leadership_exit,collar,3,54,0.0013156063902968428,0.0007556531339993558,0.000559953256297487,0.30859716366838974,-0.006699118295257824,-3.677119689393706,-0.01471384298081249,-0.006389765962496024
combo:leadership_exit,collar,5,57,-0.000927920645881417,0.0005600550077175161,-0.0014879756535989331,-0.738960053591836,-0.008815014108536526,-4.720441330307622,-0.01670210757119163,-0.006598406865088527
combo:leadership_exit,collar,10,55,0.001865847488324909,0.0005419626441997494,0.0013238848441251595,0.3591733062135971,-0.005884063681274058,-1.6755983346901944,-0.01363397485087302,-0.006643321809976878
combo:leadership_exit,collar,21,53,0.005579502036216778,0.004587067639270674,0.000992434396946104,0.2187745627345406,-0.0022283417316539566,-0.5271646860332199,-0.010036185499524687,-0.0025905323847873335
combo:leadership_exit,collar,42,56,0.007813341232143904,0.00956869200524719,-0.0017553507731032855,-0.24072885933957813,-5.1733459318025814e-05,-0.0072557689377493045,-0.007916808150779957,0.002332472549380134
combo:leadership_exit,collar,63,51,0.01513578476662996,0.015334407760071363,-0.0001986229934414028,-0.024319471599029127,0.007057773765606661,0.9117799580122816,-0.0010202372354166367,0.008020160672492227
combo:leadership_exit,collar,exp,46,0.02107339857930883,0.018302476592401157,0.0027709219869076727,0.27755142159769985,0.013246561068806896,1.422530788877038,0.005419723558304957,0.011044306595224382
combo:leadership_exit,cash_secured_put,1,57,-0.00038919267447873606,-0.0007249242746748165,0.0003357316001960804,0.21372073942617573,-0.004138428953942162,-2.607748616536433,-0.007887665233405589,-0.004017203376665285
combo:leadership_exit,cash_secured_put,2,57,0.0009525085104305727,-0.0003704983153520686,0.0013230068257826413,0.6390319621666197,-0.002796727769032853,-1.446451487501895,-0.006545964048496279,-0.0036545336021353873
combo:leadership_exit,cash_secured_put,3,57,0.0006440621078972563,2.653909189630002e-05,0.0006175230160009562,0.24095797266055938,-0.003105174171566169,-1.2884553105072674,-0.006854410451029594,-0.003259483772986659
combo:leadership_exit,cash_secured_put,5,57,-0.0015334574361471267,-0.0009988413152533838,-0.0005346161208937428,-0.16749737210308496,-0.005282693715610551,-1.7423578739611485,-0.009031929995073976,-0.004290936038769493
combo:leadership_exit,cash_secured_put,10,56,0.00032977838107703335,-0.0002718157269737086,0.000601594108050742,0.12644254108286054,-0.00340898732437398,-0.7454108925994452,-0.007147753029824991,-0.003555519152141123
combo:leadership_exit,cash_secured_put,21,55,0.0016726943744600504,0.0031758750780731112,-0.0015031807036130608,-0.29022079696611364,-0.002100048646056935,-0.4326928158432718,-0.00587279166657392,-0.00012033063457801242
combo:leadership_exit,cash_secured_put,42,57,-0.0019676518443347657,0.006191541496031781,-0.008159193340366546,-1.156786356042368,-0.005716888123798191,-0.8574592692534362,-0.009466124403261608,0.0029057701788258684
combo:leadership_exit,cash_secured_put,63,53,3.9294796626078444e-05,0.003928773632345422,-0.003889478835719343,-0.36447181400468526,-0.003764635388698782,-0.3772622665364861,-0.007568565574023645,0.000618217319026778
combo:leadership_exit,cash_secured_put,exp,53,0.00655722775956179,0.008480869389872163,-0.0019236416303103727,-0.18838133365642734,0.0026603978314885435,0.28526688725429494,-0.0012364320965847027,0.005160775629580052
combo:debt_offering,long_call,1,257,0.0011955333343268094,1.7721424031956583e-05,0.001177811910294853,1.5846144163909002,-0.005155099569004501,-9.641091726534654,-0.011505732472335807,-0.006441988030365381
combo:debt_offering,long_call,2,256,0.0013105898428659472,0.0009551154498975274,0.0003554743929684198,0.2846350125815067,-0.005047042242610081,-5.628737472298394,-0.011404674328086102,-0.00549635572109532
combo:debt_offering,long_call,3,256,0.0009860006904530766,-5.3746944685527406e-05,0.001039747635138604,0.6833818716639264,-0.005357694001954622,-4.7564926549963555,-0.011701388694362318,-0.006513102051828657
combo:debt_offering,long_call,5,255,0.0009201515472126844,0.00220399155001087,-0.0012838400027981856,-0.6304889284169349,-0.00541585649772782,-3.7121724889283048,-0.011751864542668328,-0.004258302636264329
combo:debt_offering,long_call,10,256,0.002899812806641707,0.004412061654046674,-0.0015122488474049668,-0.49591690265034166,-0.0034469391423081084,-1.5640754757492723,-0.009793691091257923,-0.0020356952992602495
combo:debt_offering,long_call,21,255,0.002947805763930964,0.009376462321335722,-0.006428656557404758,-1.52682910321549,-0.0033528683537798554,-1.1949175313633933,-0.009653542471490681,0.0029277728372819707
combo:debt_offering,long_call,42,254,0.008724065792566819,0.01671996758630805,-0.00799590179374123,-1.2097066277238473,0.002400775253785391,0.5320081168900371,-0.0039225152849960395,0.01025425189432595
combo:debt_offering,long_call,63,246,0.01960152356892823,0.016018570703622628,0.003582952865305602,0.416346875670427,0.01329504217060988,1.977991428391245,0.00698856077229154,0.00956646835976431
combo:debt_offering,long_call,exp,252,0.026800826868588732,0.02251831361196095,0.004282513256627783,0.40269154298384985,0.02049052559409175,2.6820462419358484,0.014180224319594759,0.016083382347485208
combo:debt_offering,covered_call,1,253,0.001815466919604218,-0.000114421852939764,0.001929888772543982,2.135878040773859,-0.001863273108832925,-2.769586639566599,-0.005542013137270065,-0.003915883427670909
combo:debt_offering,covered_call,2,251,0.0018054119164926813,0.0005098390356947482,0.0012955728807979331,0.835077805613748,-0.0018858127884402722,-1.6005380284682968,-0.005577037493373229,-0.0032705121947451
combo:debt_offering,covered_call,3,247,0.0011370825562079371,0.00011926164373276595,0.0010178209124751712,0.49712385011900206,-0.002553833424382996,-1.5446421287037233,-0.00624474940497393,-0.003660838499711251
combo:debt_offering,covered_call,5,248,0.0008739257178208837,0.0021202101789195766,-0.001246284461098693,-0.45276795022525185,-0.0028125203456810834,-1.3288567119735506,-0.006498966409183048,-0.0016818244734069453
combo:debt_offering,covered_call,10,246,0.003305107292973064,0.005127344606456379,-0.0018222373134833148,-0.46110761377201015,-0.00037212449913039667,-0.11391490214687419,-0.00404935629123386,0.0013444245369182077
combo:debt_offering,covered_call,21,242,0.008883003616770371,0.012073099605217545,-0.0031900959884471735,-0.6831974205029648,0.00522963573623637,1.472145732125422,0.00157626785570237,0.008283307859444165
combo:debt_offering,covered_call,42,236,0.02248339064725494,0.02019573395218585,0.002287656695069088,0.33601507900789446,0.018781029690169402,3.5715974001709854,0.01507866873308385,0.016395752583304283
combo:debt_offering,covered_call,63,232,0.037528356456345724,0.03572753445979493,0.0018008219965507943,0.22804181351741803,0.033878294962834524,5.5493972911037535,0.030228233469323317,0.03190001946435561
combo:debt_offering,covered_call,exp,235,0.04702550048347157,0.04530085131299556,0.00172464917047601,0.22697723326340433,0.043414604140256594,8.536758169127284,0.039803707797041635,0.04156993463653272
combo:debt_offering,protective_put,1,250,0.0018035080763457187,6.846635121136861e-05,0.00173504172513435,1.7786778160908048,-0.0015423479394530502,-2.279451686744191,-0.0048882039552518184,-0.0032563112385213333
combo:debt_offering,protective_put,2,245,0.00236982237137389,0.001057980870375063,0.001311841500998827,0.773031818773491,-0.0009886259216903344,-0.7916756159640962,-0.004347074214754559,-0.002258273768201732
combo:debt_offering,protective_put,3,243,0.002087850456711103,-5.396467794714403e-06,0.0020932469245058174,1.058133093451552,-0.0012900205826711186,-0.8622080216020301,-0.004667891622053341,-0.00333937938333983
combo:debt_offering,protective_put,5,241,0.0028207848305427776,0.0030094568396965256,-0.00018867200915374804,-0.0707841124694781,-0.0005687495733884361,-0.3003257317126626,-0.003958283977319652,-0.0003254889804002868
combo:debt_offering,protective_put,10,244,0.005417509563311331,0.0071667727157790646,-0.0017492631524677338,-0.4372409468557276,0.0020820002423810762,0.7143681320605801,-0.0012535090785491755,0.0038737123271895767
combo:debt_offering,protective_put,21,240,0.00820531239683742,0.014428182070630088,-0.006222869673792668,-1.1571781657202986,0.004867332161789344,1.3524239816784023,0.0015293519267412673,0.01108579760059301
combo:debt_offering,protective_put,42,230,0.02001877904847079,0.025855489327297903,-0.005836710278827113,-0.6844048158945244,0.016648337038970496,2.734951585174814,0.013277895029470183,0.022524728666063025
combo:debt_offering,protective_put,63,223,0.03278258933387207,0.03171842936328427,0.0010641599705877997,0.10304246579077629,0.029412748703608667,3.7028873255414876,0.026042908073345274,0.028311820223882903
combo:debt_offering,protective_put,exp,211,0.034206498490232856,0.02926244006196889,0.004944058428263967,0.4116927288987459,0.030783567644782742,3.5549850296778716,0.02736063679933264,0.02592030417841615
combo:debt_offering,collar,1,249,0.0010378442101149452,-0.00018724683368737517,0.0012250910438023205,2.097093965159713,-0.005779457591974819,-13.002877986832537,-0.012596759394064587,-0.007131325009058925
combo:debt_offering,collar,2,244,0.00128919352213521,0.0005093216565759532,0.0007798718655592568,0.8348159262496986,-0.005557602791385292,-7.918029563048566,-0.012404399104905803,-0.006395910691289623
combo:debt_offering,collar,3,241,0.0011352274112463097,-4.678553035122908e-05,0.0011820129415975387,1.1343175766822136,-0.005748373920901399,-7.207774140667059,-0.012631975253049111,-0.006971847471156347
combo:debt_offering,collar,5,240,0.0014518365666194126,0.001601706642401715,-0.0001498700757823024,-0.10614791931702305,-0.005453179131017305,-5.275007576238708,-0.012358194828654022,-0.0053554237723282576
combo:debt_offering,collar,10,242,0.002825798246307422,0.0032768950448087172,-0.00045109679850129526,-0.23058786138281548,-0.004003965956043424,-2.7027684806641257,-0.01083373015839427,-0.003592397096863904
combo:debt_offering,collar,21,237,0.005421441536351319,0.00744731054697368,-0.002025869010622361,-0.8069200581244109,-0.0013660873570467743,-0.759716874370361,-0.008153616250444869,0.000498489167864464
combo:debt_offering,collar,42,228,0.012900699399340836,0.011972298615748313,0.0009284007835925236,0.23764906939434222,0.006020647477026379,2.0539929906983585,-0.0008594044452880819,0.005029723409373989
combo:debt_offering,collar,63,220,0.02066839861782213,0.0227171151967452,-0.0020487165789230682,-0.4176233268511259,0.013823187877006553,3.6210343728242482,0.00697797713619097,0.015677305114635113
combo:debt_offering,collar,exp,210,0.020785260240014185,0.02335312358739022,-0.0025678633473760343,-0.45024857246299205,0.013882407264495189,3.3404411201166817,0.006979554288976199,0.016422656281554423
combo:debt_offering,cash_secured_put,1,252,0.0008906720017477786,0.00014683310170251156,0.000743838900045267,1.5263241997742163,-0.002255390120736949,-6.193280217987626,-0.005401452243221677,-0.0029759472831296803
combo:debt_offering,cash_secured_put,2,250,0.00044789044499162265,-0.00010863567169993686,0.0005565261166915595,0.6839754658339952,-0.002704415454925307,-4.357091516273649,-0.005856721354842239,-0.003222696900364768
combo:debt_offering,cash_secured_put,3,250,-0.00013025679914704808,5.1489702014733537e-05,-0.0001817465011617816,-0.16075546597765902,-0.0032888698798793537,-3.565903806335705,-0.006447482960611661,-0.0030697756533098713
combo:debt_offering,cash_secured_put,5,248,-0.0007072657778858551,0.0003414787625804075,-0.0010487445404662626,-0.6541979699053759,-0.003877057709178675,-2.9535069429502596,-0.007046849640471494,-0.002795454654222136
combo:debt_offering,cash_secured_put,10,252,0.00012281478571679686,0.001464534154360285,-0.001341719368643488,-0.5628185123559529,-0.0030219874205104826,-1.4302359303279535,-0.0061667896267377596,-0.0016427840934141406
combo:debt_offering,cash_secured_put,21,251,0.0028649531061712952,0.004449316922723972,-0.0015843638165526767,-0.6220117187770984,-0.00029034662551030536,-0.13912039393182762,-0.0034456463571919073,0.0013298423934785175
combo:debt_offering,cash_secured_put,42,247,0.008171183053296992,0.0072752668466187975,0.0008959162066781946,0.2501224673670456,0.005015028485027142,1.747274316834585,0.001858873916757296,0.00415839499171264
combo:debt_offering,cash_secured_put,63,235,0.014031373577976965,0.010233734726347683,0.0037976388516292817,1.0185027400063582,0.010845825394710611,4.1451013552869735,0.0076602772114442615,0.007062807940644994
combo:debt_offering,cash_secured_put,exp,226,0.02172005120750316,0.015397364965698272,0.00632268624180489,1.7324688266727528,0.01850556181652126,8.228533400530392,0.015291072425539351,0.012267825332268984
combo:deal_signed,long_call,1,46,0.0003227487044917467,-0.0005748261450538108,0.0008975748495455575,0.5010773971553465,-0.007717359493891379,-4.373530292780085,-0.015757467692274502,-0.008636017288078817
combo:deal_signed,long_call,2,46,-0.0008284528899865276,0.0006556903986050641,-0.0014841432885915919,-0.5993406102911674,-0.008868561088369652,-4.085856692318678,-0.01690866928675277,-0.007313794471003812
combo:deal_signed,long_call,3,46,-0.003757278202059302,0.0014167788372222993,-0.0051740570392816015,-1.470294623759493,-0.01179738640044243,-3.5842634340039234,-0.01983749459882556,-0.006600401446327666
combo:deal_signed,long_call,5,46,-0.003354963174719036,0.00160324272596845,-0.004958205900687486,-1.1661892152584237,-0.011395071373102163,-3.2089224967305676,-0.019435179571485287,-0.006498862120068576
combo:deal_signed,long_call,10,45,-0.013025268691175046,0.0017655421710888457,-0.014790810862263892,-2.899167332069044,-0.021114105287779822,-5.205541811767024,-0.02920294188438459,-0.006234342729805176
combo:deal_signed,long_call,21,45,-0.011946970681187314,0.010984593919962008,-0.022931564601149323,-2.9716585428025906,-0.019925508957327538,-4.1204590546482756,-0.027904047233467764,0.0030110144523515844
combo:deal_signed,long_call,42,43,-0.007496170400480163,0.010049525553628251,-0.017545695954108414,-1.1074757090422902,-0.015627682569492405,-1.1566693188079946,-0.023759194738504644,0.002033576519933005
combo:deal_signed,long_call,63,42,-0.01852892106020802,0.011008526991008042,-0.02953744805121606,-1.5493087806357706,-0.026725597003855246,-1.5919973894593724,-0.034922272947502477,0.0028987038227761613
combo:deal_signed,long_call,exp,43,-0.013730976901736806,0.00594402988066566,-0.019675006782402464,-1.0177522806942383,-0.021859513878859052,-1.3739041629108304,-0.029988050855981288,-0.002053689480126809
combo:deal_signed,covered_call,1,45,0.0011808900882958624,-0.0011286675469858545,0.002309557635281717,1.1436657083121717,-0.004032139596153097,-2.1558311372364143,-0.009245169280602055,-0.006414210721210944
combo:deal_signed,covered_call,2,44,-0.0011207186714903617,-3.1459079765243155e-05,-0.0010892595917251185,-0.40714057962138656,-0.006226747764399113,-2.603184423568024,-0.011332776857307861,-0.005210866293443221
combo:deal_signed,covered_call,3,45,-0.002427631731658673,0.0014464012327002286,-0.0038740329643589012,-1.0014564008030238,-0.007640661416107632,-2.083820714158564,-0.012853691100556595,-0.0037500695981275717
combo:deal_signed,covered_call,5,44,0.00027894001437843007,0.0029862590579083073,-0.0027073190435298773,-0.5931675171886787,-0.004990130449205889,-1.2308326947955208,-0.01025920091279021,-0.0022563610307888013
combo:deal_signed,covered_call,10,40,-0.0027359889705886966,0.004438868165688097,-0.007174857136276793,-1.2769706570827113,-0.007983348409483237,-1.6446082575749918,-0.013230707848377779,-0.0008109851713014567
combo:deal_signed,covered_call,21,41,-0.0013434050694703591,0.016045427400399277,-0.017388832469869636,-1.932102113134669,-0.006553939570649104,-0.8455964369771551,-0.011764474071827848,0.010866961234258688
combo:deal_signed,covered_call,42,36,0.002080261315216022,0.025355133433076195,-0.02327487211786017,-1.405736490385142,-0.0031178357752668076,-0.20189330954164555,-0.008315932865749638,0.020219198600994776
combo:deal_signed,covered_call,63,38,0.006113122052910378,0.030871435883689194,-0.024758313830778818,-1.461605586742052,0.000863234280285026,0.05859085783183461,-0.004386653492340332,0.025648154301871007
combo:deal_signed,covered_call,exp,40,0.02597966539999485,0.045960483146170794,-0.019980817746175945,-1.0260655321783538,0.02072380890798984,1.1689705427871293,0.01546795241598482,0.04096160671029688
combo:deal_signed,protective_put,1,44,9.209621785320337e-05,-0.00044074266415938183,0.0005328388820125853,0.2276935037634462,-0.004104086066850901,-2.004505871216336,-0.008300268351555007,-0.004649897499412273
combo:deal_signed,protective_put,2,44,-0.002281695500190641,0.0009268060434834915,-0.0032085015436741325,-1.0269918009761323,-0.0065163088852739325,-2.369383005289687,-0.01075092227035722,-0.003223686517640296
combo:deal_signed,protective_put,3,44,-0.0016501079107134246,0.0022873440698761827,-0.003937451980589608,-1.075037207648346,-0.005884721295796715,-1.8850516807240156,-0.010119334680880008,-0.0019047250070711392
combo:deal_signed,protective_put,5,43,-0.0013612017162333398,0.002745178693891136,-0.004106380410124476,-0.9044953482373781,-0.005601586784604473,-1.6542633604263615,-0.009841971852975607,-0.0014709463972396746
combo:deal_signed,protective_put,10,41,-0.008697076595390566,0.0024572736552601706,-0.011154350250650737,-1.873267756914868,-0.013019311371572254,-2.968498609189137,-0.017341546147753944,-0.0016795061828344055
combo:deal_signed,protective_put,21,42,-0.008882930516764196,0.012402415149258874,-0.02128534566602307,-2.3728784251630275,-0.01313049373402778,-2.059661660824904,-0.01737805695129136,0.00823950172659389
combo:deal_signed,protective_put,42,37,0.005468514905416649,0.01630428472496958,-0.010835769819552931,-0.5358593082436482,0.001145388281000765,0.06422068694376787,-0.0031777383434151095,0.012176281600809257
combo:deal_signed,protective_put,63,40,-0.012497563454515338,0.020112450959349895,-0.03261001441386523,-1.461379584185954,-0.016814275952929274,-0.866703719316994,-0.021130988451343206,0.015841605772744675
combo:deal_signed,protective_put,exp,37,-0.0023106064431510655,0.011745694647746318,-0.014056301090897384,-0.5833356511241271,-0.006565607690194878,-0.32376193786112273,-0.01082060893723869,0.007579809451109344
combo:deal_signed,collar,1,44,0.0006699362529452116,-0.0007231827927122857,0.0013931190456574973,1.0966684974033767,-0.008432275124667642,-6.72648165608063,-0.01753448650228049,-0.010061313267182206
combo:deal_signed,collar,2,43,-0.0007390435647655604,-0.00035597779431593204,-0.00038306577044962834,-0.23197879907891727,-0.009925398521820832,-5.810052222100529,-0.019111753478876104,-0.009508715547982018
combo:deal_signed,collar,3,43,0.00016281654749623483,0.00019081636103994434,-2.799981354370952e-05,-0.016653524815271954,-0.009023538409559035,-5.465774493986489,-0.01820989336661431,-0.009025936740159501
combo:deal_signed,collar,5,42,0.0015618239887734975,0.001555540108153152,6.283880620345465e-06,0.0028502700367709077,-0.007687690219492634,-4.287383894673057,-0.016937204427758763,-0.007664393094037923
combo:deal_signed,collar,10,40,-0.0007098485765096894,0.0013530471620444497,-0.002062895738554139,-0.6920204477235542,-0.01008486972393775,-4.074921735636037,-0.019459890871365817,-0.007892368605747175
combo:deal_signed,collar,21,41,-0.001156502341344783,0.00745390357198421,-0.008610405913328992,-1.9499224033858655,-0.01041807337040065,-2.8279127856581816,-0.01967964439945652,-0.0016529045373706178
combo:deal_signed,collar,42,36,-0.000929181557237308,0.012326982210214945,-0.013256163767452252,-1.6005626116903195,-0.010256459970533448,-1.3802994834490436,-0.019583738383829583,0.003298185538790769
combo:deal_signed,collar,63,38,-6.101938324974915e-06,0.0161268008850636,-0.016132902823388574,-1.5869347668848062,-0.009418393738613978,-1.085467433447208,-0.018830685538902978,0.006746601005402656
combo:deal_signed,collar,exp,36,0.006776751210754464,0.021170005747923794,-0.014393254537169331,-1.355779895872414,-0.002491758930137093,-0.27791393666398195,-0.011760269071028645,0.012209638842925455
combo:deal_signed,cash_secured_put,1,45,3.3925278311952915e-05,-0.0005342209944277343,0.0005681462727396872,0.5015457852485457,-0.003960234233001136,-3.934406563214872,-0.007954393744314222,-0.004540814123708311
combo:deal_signed,cash_secured_put,2,44,-0.0004539057264353263,0.0002539908191404413,-0.0007078965455757676,-0.4733847758153968,-0.004488519111518616,-3.454751785417424,-0.008523132496601906,-0.0037464626573337195
combo:deal_signed,cash_secured_put,3,44,-0.0004671566181397023,0.0008092101512877943,-0.0012763667694274967,-0.6496539782091325,-0.004501770003222993,-2.6147386665975785,-0.008536383388306285,-0.003209456337833305
combo:deal_signed,cash_secured_put,5,44,0.0004224302204653868,0.0011077676302327646,-0.0006853374097673779,-0.3278220835905263,-0.0036121831646179037,-2.1832056001723226,-0.007646796549701193,-0.002896679373709215
combo:deal_signed,cash_secured_put,10,45,-0.0025517335806557605,0.0027175606550228657,-0.005269294235678627,-1.8018690851594081,-0.006545893091968849,-2.679534932507406,-0.010540052603281938,-0.0012875317077925175
combo:deal_signed,cash_secured_put,21,44,-0.00014973579507610152,0.005740469041377734,-0.0058902048364538355,-1.2696176685097935,-0.004165684412317478,-1.0250837195652147,-0.00818163302955885,0.0017937548826820547
combo:deal_signed,cash_secured_put,42,45,-0.006186196981584662,0.00930564583440788,-0.015491842815992541,-1.7065969178086196,-0.010180356492897748,-1.2257115368521048,-0.014174516004210836,0.005370378077842474
combo:deal_signed,cash_secured_put,63,43,0.0035700740507339807,0.013224000062043701,-0.00965392601130972,-1.0691777045978292,-0.00048724046535020634,-0.06122932306554174,-0.004544554981434396,0.009190581732352222
combo:deal_signed,cash_secured_put,exp,42,0.007551455665015419,0.018582457306015713,-0.011031001641000293,-1.0877661727310641,0.0035062520987759927,0.39474849465113443,-0.0005389514674634332,0.014655706733582513
