Date,net,gross,net_costs_x2
2016-01-04,0.0,0.0,0.0
2016-01-05,0.0,0.0,0.0
2016-01-06,0.0,0.0,0.0
2016-01-07,0.0,0.0,0.0
2016-01-08,0.0,0.0,0.0
2016-01-11,0.0,0.0,0.0
2016-01-12,0.0,0.0,0.0
2016-01-13,0.0,0.0,0.0
2016-01-14,0.0,0.0,0.0
2016-01-15,0.0,0.0,0.0
2016-01-19,0.0,0.0,0.0
2016-01-20,0.0,0.0,0.0
2016-01-21,0.0,0.0,0.0
2016-01-22,0.0,0.0,0.0
2016-01-25,0.0,0.0,0.0
2016-01-26,0.0,0.0,0.0
2016-01-27,0.0,0.0,0.0
2016-01-28,0.0,0.0,0.0
2016-01-29,0.0,0.0,0.0
2016-02-01,0.0,0.0,0.0
2016-02-02,0.0,0.0,0.0
2016-02-03,0.0,0.0,0.0
2016-02-04,0.0,0.0,0.0
2016-02-05,0.0,0.0,0.0
2016-02-08,0.0,0.0,0.0
2016-02-09,0.0,0.0,0.0
2016-02-10,0.0,0.0,0.0
2016-02-11,0.0,0.0,0.0
2016-02-12,0.0,0.0,0.0
2016-02-16,0.0,0.0,0.0
2016-02-17,0.0,0.0,0.0
2016-02-18,0.0,0.0,0.0
2016-02-19,0.0,0.0,0.0
2016-02-22,0.0,0.0,0.0
2016-02-23,0.0,0.0,0.0
2016-02-24,0.0,0.0,0.0
2016-02-25,0.0,0.0,0.0
2016-02-26,0.0,0.0,0.0
2016-02-29,0.0,0.0,0.0
2016-03-01,0.0,0.0,0.0
2016-03-02,0.0,0.0,0.0
2016-03-03,0.0,0.0,0.0
2016-03-04,0.0,0.0,0.0
2016-03-07,0.0,0.0,0.0
2016-03-08,0.0,0.0,0.0
2016-03-09,0.0,0.0,0.0
2016-03-10,0.0,0.0,0.0
2016-03-11,0.0,0.0,0.0
2016-03-14,0.0,0.0,0.0
2016-03-15,0.0,0.0,0.0
2016-03-16,0.0,0.0,0.0
2016-03-17,0.0,0.0,0.0
2016-03-18,0.0,0.0,0.0
2016-03-21,0.0,0.0,0.0
2016-03-22,0.0,0.0,0.0
2016-03-23,0.0,0.0,0.0
2016-03-24,0.0,0.0,0.0
2016-03-28,0.0,0.0,0.0
2016-03-29,0.0,0.0,0.0
2016-03-30,0.0,0.0,0.0
2016-03-31,0.0,0.0,0.0
2016-04-01,0.0,0.0,0.0
2016-04-04,0.0,0.0,0.0
2016-04-05,0.0,0.0,0.0
2016-04-06,0.0,0.0,0.0
2016-04-07,0.0,0.0,0.0
2016-04-08,0.0,0.0,0.0
2016-04-11,0.0,0.0,0.0
2016-04-12,0.0,0.0,0.0
2016-04-13,0.0,0.0,0.0
2016-04-14,0.0,0.0,0.0
2016-04-15,0.0,0.0,0.0
2016-04-18,0.0,0.0,0.0
2016-04-19,0.0,0.0,0.0
2016-04-20,0.0,0.0,0.0
2016-04-21,0.0,0.0,0.0
2016-04-22,0.0,0.0,0.0
2016-04-25,0.0,0.0,0.0
2016-04-26,0.0,0.0,0.0
2016-04-27,0.0,0.0,0.0
2016-04-28,0.0,0.0,0.0
2016-04-29,0.0,0.0,0.0
2016-05-02,0.0,0.0,0.0
2016-05-03,0.0,0.0,0.0
2016-05-04,0.0,0.0,0.0
2016-05-05,0.0,0.0,0.0
2016-05-06,0.0,0.0,0.0
2016-05-09,0.0,0.0,0.0
2016-05-10,0.0,0.0,0.0
2016-05-11,0.0,0.0,0.0
2016-05-12,0.0,0.0,0.0
2016-05-13,0.0,0.0,0.0
2016-05-16,0.0,0.0,0.0
2016-05-17,0.0,0.0,0.0
2016-05-18,0.0,0.0,0.0
2016-05-19,0.0,0.0,0.0
2016-05-20,0.0,0.0,0.0
2016-05-23,0.0,0.0,0.0
2016-05-24,0.0,0.0,0.0
2016-05-25,0.0,0.0,0.0
2016-05-26,0.0,0.0,0.0
2016-05-27,0.0,0.0,0.0
2016-05-31,0.0,0.0,0.0
2016-06-01,0.0,0.0,0.0
2016-06-02,0.0,0.0,0.0
2016-06-03,0.0,0.0,0.0
2016-06-06,0.0,0.0,0.0
2016-06-07,0.0,0.0,0.0
2016-06-08,0.0,0.0,0.0
2016-06-09,0.0,0.0,0.0
2016-06-10,0.0,0.0,0.0
2016-06-13,0.0,0.0,0.0
2016-06-14,0.0,0.0,0.0
2016-06-15,0.0,0.0,0.0
2016-06-16,0.0,0.0,0.0
2016-06-17,0.0,0.0,0.0
2016-06-20,0.0,0.0,0.0
2016-06-21,0.0,0.0,0.0
2016-06-22,0.0,0.0,0.0
2016-06-23,0.0,0.0,0.0
2016-06-24,0.0,0.0,0.0
2016-06-27,0.0,0.0,0.0
2016-06-28,0.0,0.0,0.0
2016-06-29,0.0,0.0,0.0
2016-06-30,0.0,0.0,0.0
2016-07-01,0.0,0.0,0.0
2016-07-05,0.0,0.0,0.0
2016-07-06,0.0,0.0,0.0
2016-07-07,0.0,0.0,0.0
2016-07-08,0.0,0.0,0.0
2016-07-11,0.0,0.0,0.0
2016-07-12,0.0,0.0,0.0
2016-07-13,0.0,0.0,0.0
2016-07-14,0.0,0.0,0.0
2016-07-15,0.0,0.0,0.0
2016-07-18,0.0,0.0,0.0
2016-07-19,0.0,0.0,0.0
2016-07-20,0.0,0.0,0.0
2016-07-21,0.0,0.0,0.0
2016-07-22,0.0,0.0,0.0
2016-07-25,0.0,0.0,0.0
2016-07-26,0.0,0.0,0.0
2016-07-27,0.0,0.0,0.0
2016-07-28,0.0,0.0,0.0
2016-07-29,0.0,0.0,0.0
2016-08-01,0.0,0.0,0.0
2016-08-02,0.0,0.0,0.0
2016-08-03,0.0,0.0,0.0
2016-08-04,0.0,0.0,0.0
2016-08-05,0.0,0.0,0.0
2016-08-08,0.0,0.0,0.0
2016-08-09,0.0,0.0,0.0
2016-08-10,0.0,0.0,0.0
2016-08-11,0.0,0.0,0.0
2016-08-12,0.0,0.0,0.0
2016-08-15,0.0,0.0,0.0
2016-08-16,0.0,0.0,0.0
2016-08-17,0.0,0.0,0.0
2016-08-18,0.0,0.0,0.0
2016-08-19,0.0,0.0,0.0
2016-08-22,0.0,0.0,0.0
2016-08-23,0.0,0.0,0.0
2016-08-24,0.0,0.0,0.0
2016-08-25,0.0,0.0,0.0
2016-08-26,0.0,0.0,0.0
2016-08-29,0.0,0.0,0.0
2016-08-30,0.0,0.0,0.0
2016-08-31,0.0,0.0,0.0
2016-09-01,0.0,0.0,0.0
2016-09-02,0.0,0.0,0.0
2016-09-06,0.0,0.0,0.0
2016-09-07,0.0,0.0,0.0
2016-09-08,0.0,0.0,0.0
2016-09-09,0.0,0.0,0.0
2016-09-12,0.0,0.0,0.0
2016-09-13,0.0,0.0,0.0
2016-09-14,0.0,0.0,0.0
2016-09-15,0.0,0.0,0.0
2016-09-16,0.0,0.0,0.0
2016-09-19,0.0,0.0,0.0
2016-09-20,0.0,0.0,0.0
2016-09-21,0.0,0.0,0.0
2016-09-22,0.0,0.0,0.0
2016-09-23,0.0,0.0,0.0
2016-09-26,0.0,0.0,0.0
2016-09-27,0.0,0.0,0.0
2016-09-28,0.0,0.0,0.0
2016-09-29,0.0,0.0,0.0
2016-09-30,0.0,0.0,0.0
2016-10-03,0.0,0.0,0.0
2016-10-04,0.0,0.0,0.0
2016-10-05,0.0,0.0,0.0
2016-10-06,0.0,0.0,0.0
2016-10-07,0.0,0.0,0.0
2016-10-10,0.0,0.0,0.0
2016-10-11,0.0,0.0,0.0
2016-10-12,0.0,0.0,0.0
2016-10-13,0.0,0.0,0.0
2016-10-14,0.0,0.0,0.0
2016-10-17,0.0,0.0,0.0
2016-10-18,0.0,0.0,0.0
2016-10-19,0.0,0.0,0.0
2016-10-20,0.0,0.0,0.0
2016-10-21,0.0,0.0,0.0
2016-10-24,0.0,0.0,0.0
2016-10-25,0.0,0.0,0.0
2016-10-26,0.0,0.0,0.0
2016-10-27,0.0,0.0,0.0
2016-10-28,0.0,0.0,0.0
2016-10-31,0.0,0.0,0.0
2016-11-01,0.0,0.0,0.0
2016-11-02,0.0,0.0,0.0
2016-11-03,0.0,0.0,0.0
2016-11-04,0.0,0.0,0.0
2016-11-07,0.0,0.0,0.0
2016-11-08,0.0,0.0,0.0
2016-11-09,0.0,0.0,0.0
2016-11-10,0.0,0.0,0.0
2016-11-11,0.0,0.0,0.0
2016-11-14,0.0,0.0,0.0
2016-11-15,0.0,0.0,0.0
2016-11-16,0.0,0.0,0.0
2016-11-17,0.0,0.0,0.0
2016-11-18,0.0,0.0,0.0
2016-11-21,0.0,0.0,0.0
2016-11-22,0.0,0.0,0.0
2016-11-23,0.0,0.0,0.0
2016-11-25,0.0,0.0,0.0
2016-11-28,0.0,0.0,0.0
2016-11-29,0.0,0.0,0.0
2016-11-30,0.0,0.0,0.0
2016-12-01,0.0,0.0,0.0
2016-12-02,0.0,0.0,0.0
2016-12-05,0.0,0.0,0.0
2016-12-06,0.0,0.0,0.0
2016-12-07,0.0,0.0,0.0
2016-12-08,0.0,0.0,0.0
2016-12-09,0.0,0.0,0.0
2016-12-12,0.0,0.0,0.0
2016-12-13,0.0,0.0,0.0
2016-12-14,0.0,0.0,0.0
2016-12-15,0.0,0.0,0.0
2016-12-16,0.0,0.0,0.0
2016-12-19,0.0,0.0,0.0
2016-12-20,0.0,0.0,0.0
2016-12-21,0.0,0.0,0.0
2016-12-22,0.0,0.0,0.0
2016-12-23,0.0,0.0,0.0
2016-12-27,0.0,0.0,0.0
2016-12-28,0.0,0.0,0.0
2016-12-29,0.0,0.0,0.0
2016-12-30,0.0,0.0,0.0
2017-01-03,0.0,0.0,0.0
2017-01-04,0.0,0.0,0.0
2017-01-05,0.0,0.0,0.0
2017-01-06,0.0,0.0,0.0
2017-01-09,0.0,0.0,0.0
2017-01-10,0.0063887525908962305,0.00649436011716219,0.006284935783320189
2017-01-11,0.001988487662066061,0.001990278380755979,0.001988487662066061
2017-01-12,0.0014880614467862748,0.0016718090951019424,0.0013058549785381738
2017-01-13,0.0004694559310939346,0.00047099711116150125,0.0004694559310939346
2017-01-17,-0.00024410522310072387,-0.00024256404303315721,-0.00024410522310072387
2017-01-18,-0.0004429054517959489,-0.0004413642717283823,-0.0004429054517959489
2017-01-19,-0.0005521778942030926,-0.0004431382948014722,-0.0006586215478850333
2017-01-20,0.0011881690477204847,0.0012670999570852208,0.0011121738115732805
2017-01-23,0.0012431175440276976,0.0012460532172452296,0.0012431175440276976
2017-01-24,-0.000973542241057677,-0.0009706065678401449,-0.000973542241057677
2017-01-25,-0.0031444211526955074,-0.0031414854794779754,-0.0031444211526955074
2017-01-26,0.00453088529167566,0.0046754838269213285,0.004392259516777159
2017-01-27,0.00171420851613147,0.001720181276478637,0.00171420851613147
2017-01-30,-0.0021914242686067375,-0.0021854515082595704,-0.0021914242686067375
2017-01-31,-0.0013073968968609205,-0.0013014241365137537,-0.0013073968968609205
2017-02-01,-0.001480171431480878,-0.001474198671133711,-0.001480171431480878
2017-02-02,0.0031274349344347684,0.0031334076947819355,0.0031274349344347684
2017-02-03,-0.00015612919060041628,-0.0001501564302532494,-0.00015612919060041628
2017-02-06,0.0030773317837369404,0.0030833045440841074,0.0030773317837369404
2017-02-07,-0.0036112366336637624,-0.0036052638733165953,-0.0036112366336637624
2017-02-08,-0.0013637595098144593,-0.0013577867494672924,-0.0013637595098144593
2017-02-09,0.003085251803339076,0.003091224563686243,0.003085251803339076
2017-02-10,-0.002073027585563108,-0.0019888511761755093,-0.0021514172462351673
2017-02-13,0.003035973664204465,0.0030417604129200034,0.003035973664204465
2017-02-14,0.00933860000319712,0.009344386751912659,0.00933860000319712
2017-02-15,-6.735202515225378e-05,-2.272844433187475e-05,-0.0001061233608411622
2017-02-16,0.002367564200917587,0.0024774501656429472,0.0022611205472356467
2017-02-17,-0.001846675557909368,-0.0017669036820583276,-0.0019226707940565723
2017-02-21,-0.0016073842937843969,-0.0016036076540805605,-0.0016073842937843969
2017-02-22,0.0040682656495193105,0.004072042289223147,0.0040682656495193105
2017-02-23,-0.000918531256849506,-0.0009147546171456697,-0.000918531256849506
2017-02-24,0.0013401876618846897,0.0014795705707993485,0.0012015618869861886
2017-02-27,0.0010280740599305832,0.001028831193946741,0.0010280740599305832
2017-02-28,-0.0020959939598196357,-0.002095236825803478,-0.0020959939598196357
2017-03-01,0.0014598775958288947,0.0014606347298450526,0.0014598775958288947
2017-03-02,-0.0006676103819853085,-0.0006668532479691507,-0.0006676103819853085
2017-03-03,0.0005209404361365072,0.0005216975701526651,0.0005209404361365072
2017-03-06,-0.0010705857001208103,-0.0010698285661046524,-0.0010705857001208103
2017-03-07,0.0012354630428304814,0.0012362201768466392,0.0012354630428304814
2017-03-08,-0.0003509654994647767,-0.0003502083654486188,-0.0003509654994647767
2017-03-09,0.0004994706655348893,0.0005111015327657517,0.0004885969323201846
2017-03-10,0.0009030802065925488,0.0010041968042944507,0.0008045586094712716
2017-03-13,-0.0004458178062012753,-0.00044322280562065087,-0.0004458178062012753
2017-03-14,-0.005038601010849214,-0.0049055554632966986,-0.005166842421426855
2017-03-15,0.0016224785022567198,0.001627282639231595,0.0016224785022567198
2017-03-16,-0.0005329118103239779,-0.0004900934716763521,-0.0005716831460128862
2017-03-17,0.004214201119143379,0.004249589353704542,0.004182263261597153
2017-03-20,0.002094619686500048,0.0020980700635149854,0.002094619686500048
2017-03-21,0.0060220963913762355,0.006025546768391172,0.0060220963913762355
2017-03-22,0.0015034396243387062,0.0015068900013536436,0.0015034396243387062
2017-03-23,-0.0024571717407207844,-0.002453721363705847,-0.0024571717407207844
2017-03-24,0.00036295321583397277,0.0003664035928489101,0.00036295321583397277
2017-03-27,-0.0019390055514717196,-0.0019355551744567822,-0.0019390055514717196
2017-03-28,-0.003679918310301488,-0.0036764679332865506,-0.003679918310301488
2017-03-29,0.001947130833062727,0.0019505812100776643,0.001947130833062727
2017-03-30,-0.00034589630471557205,-0.0002135553315240385,-0.0004724581007899682
2017-03-31,0.0025091508699679526,0.00251493004708509,0.0025091508699679526
2017-04-03,0.005676855964935549,0.005682635142052686,0.005676855964935549
2017-04-04,-0.005411135708848331,-0.005405356531731194,-0.005411135708848331
2017-04-05,0.008213107081114125,0.008218886258231263,0.008213107081114125
2017-04-06,0.0007636895287629157,0.0007694687058800531,0.0007636895287629157
2017-04-07,0.0007448861840819471,0.0007506653611990845,0.0007448861840819471
2017-04-10,-0.0001358358903604806,-0.00013005671324334321,-0.0001358358903604806
2017-04-11,-0.0018246994879424095,-0.0018189203108252721,-0.0018246994879424095
2017-04-12,-0.00043590693017588533,-0.00043012775305874794,-0.00043590693017588533
2017-04-13,0.004038870446989466,0.004044649624106603,0.004038870446989466
2017-04-17,-0.002592400997701188,-0.002502804511217811,-0.002677830817517898
2017-04-18,0.0011359946170849166,0.0011401612837515832,0.0011359946170849166
2017-04-19,0.0013342140890328469,0.0013383807556995135,0.0013342140890328469
2017-04-20,0.00020703099447027344,0.0002111976611369401,0.00020703099447027344
2017-04-21,-0.00019364989598920663,-0.00018948322932253996,-0.00019364989598920663
2017-04-24,-0.006550207299958418,-0.006546040633291751,-0.006550207299958418
2017-04-25,0.0020493443610267227,0.0020535110276933893,0.0020493443610267227
2017-04-26,0.00046263747039727073,0.0004668041370639374,0.00046263747039727073
2017-04-27,0.0033180250673250024,0.003322191733991669,0.0033180250673250024
2017-04-28,-0.0002250833931956734,0.0,-0.0004501667863913468
2017-05-01,0.0,0.0,0.0
2017-05-02,0.0,0.0,0.0
2017-05-03,0.0,0.0,0.0
2017-05-04,-0.0009772502749378893,-0.0008733611291064881,-0.0010793407774031302
2017-05-05,0.0022239963771382362,0.0023037047955513177,0.0021471818238101787
2017-05-08,0.004207079941942265,0.004209973807027289,0.004207079941942265
2017-05-09,0.0019336051140422662,0.001975426183206971,0.001895488210679989
2017-05-10,-0.0007277392294717451,-0.0007240350636693179,-0.0007277392294717451
2017-05-11,0.0034841730059883844,0.003574665452760697,0.003396451164869374
2017-05-12,0.003228653187764554,0.003231423793417856,0.003228653187764554
2017-05-15,0.0005837609019467228,0.0005865315076000249,0.0005837609019467228
2017-05-16,-0.0009252414133722358,-0.0009224708077189337,-0.0009252414133722358
2017-05-17,0.0006446775124853133,0.0006474481181386153,0.0006446775124853133
2017-05-18,0.00566356825020851,0.005666338855861812,0.00566356825020851
2017-05-19,-0.00800164647972484,-0.007998875874071538,-0.00800164647972484
2017-05-22,0.0022308637202295583,0.0022447131656201857,0.002219736495341497
2017-05-23,-0.0023005672259312528,-0.0022978450054286868,-0.0023005672259312528
2017-05-24,0.0022189523096062588,0.0022216745301088248,0.0022189523096062588
2017-05-25,0.0039435249066548245,0.0039462471271573905,0.0039435249066548245
2017-05-26,-0.0029233858054624772,-0.0029206635849599112,-0.0029233858054624772
2017-05-30,-0.0006898164712359716,-0.0006870942507334055,-0.0006898164712359716
2017-05-31,-0.002599564909846635,-0.002596842689344069,-0.002599564909846635
2017-06-01,-0.0007915873715534585,-0.0007888651510508924,-0.0007915873715534585
2017-06-02,0.00024996428510964963,0.0003531876981980398,0.00014787378264440897
2017-06-05,-0.0001981339310646862,-2.3875217637370227e-05,-0.00037010921773771363
2017-06-06,0.0010389648719359417,0.0010660709857403829,0.00101428689689097
2017-06-07,0.0007016243803800496,0.0007040525191395191,0.0007016243803800496
2017-06-08,0.00366220683796934,0.0036646349767288093,0.00366220683796934
2017-06-09,0.006103392384958427,0.006155548720906351,0.006053787447201695
2017-06-12,-2.4839218874959976e-05,-2.228782068376873e-05,-2.4839218874959976e-05
2017-06-13,-0.002303655578257624,-0.0023011041800664327,-0.002303655578257624
2017-06-14,0.0020503722290734247,0.002052923627264616,0.0020503722290734247
2017-06-15,0.0028896718262729723,0.0031377157563483044,0.0026463842434364293
2017-06-16,0.0010042426255408208,0.00100899897277961,0.0010042426255408208
2017-06-19,-0.0013882369781087294,-0.0012406820567546616,-0.0015335714472048889
2017-06-20,0.002132985892915224,0.0021352063451731324,0.002132985892915224
2017-06-21,0.0009935174078422695,0.000995737860100178,0.0009935174078422695
2017-06-22,0.0016386716075933226,0.001640892059851231,0.0016386716075933226
2017-06-23,-0.0005184628851551073,-0.0005162424328971989,-0.0005184628851551073
2017-06-26,0.0007254656206633285,0.0007276860729212369,0.0007254656206633285
2017-06-27,-0.005001954551381868,-0.004806022569665303,-0.005194063758630984
2017-06-28,-0.009574076626259677,-0.009570253851792226,-0.009574076626259677
2017-06-29,-0.0023064531500647436,-0.0023026303755972937,-0.0023064531500647436
2017-06-30,0.001777683706416449,0.0017815064808838989,0.001777683706416449
2017-07-03,-0.004289250940371706,-0.0042854281659042565,-0.004289250940371706
2017-07-05,-0.002398168319734461,-0.002394345545267011,-0.002398168319734461
2017-07-06,-0.0020280017280858596,-0.0020241789536184097,-0.0020280017280858596
2017-07-07,0.003128621298388134,0.003132444072855584,0.003128621298388134
2017-07-10,-0.00034252934752857357,-0.00033870657306112365,-0.00034252934752857357
2017-07-11,0.005021562860921857,0.0050253856353893065,0.005021562860921857
2017-07-12,0.001371861340530948,0.001375684114998398,0.001371861340530948
2017-07-13,0.003962886501626924,0.003966709276094374,0.003962886501626924
2017-07-14,0.0002396264000960428,0.00027188539629590335,0.0002106004977915095
2017-07-17,0.0030266200312249183,0.0030298531251202456,0.0030266200312249183
2017-07-18,-0.0006871135277876823,-0.0005919060190973189,-0.0007807187142685043
2017-07-19,0.0012360390628893712,0.0012376413850989127,0.0012360390628893712
2017-07-20,-0.0005039576332479314,-0.0005023553110383899,-0.0005039576332479314
2017-07-21,0.00041176528545951277,0.00041336760766905417,0.00041176528545951277
2017-07-24,-0.0014136445016068532,-0.0014120421793973117,-0.0014136445016068532
2017-07-25,-0.001012378895196347,-0.0010107765729868055,-0.001012378895196347
2017-07-26,-8.599602893992361e-05,0.0,-0.00017199205787984723
2017-07-27,0.0,0.0,0.0
2017-07-28,0.0,0.0,0.0
2017-07-31,0.0,0.0,0.0
2017-08-01,0.0,0.0,0.0
2017-08-02,0.0,0.0,0.0
2017-08-03,0.0,0.0,0.0
2017-08-04,0.0,0.0,0.0
2017-08-07,0.0,0.0,0.0
2017-08-08,0.0,0.0,0.0
2017-08-09,0.0,0.0,0.0
2017-08-10,0.0,0.0,0.0
2017-08-11,0.0,0.0,0.0
2017-08-14,0.0,0.0,0.0
2017-08-15,0.0,0.0,0.0
2017-08-16,0.0,0.0,0.0
2017-08-17,0.0,0.0,0.0
2017-08-18,0.0,0.0,0.0
2017-08-21,0.0,0.0,0.0
2017-08-22,0.0,0.0,0.0
2017-08-23,0.0,0.0,0.0
2017-08-24,0.0,0.0,0.0
2017-08-25,0.0,0.0,0.0
2017-08-28,0.0,0.0,0.0
2017-08-29,0.0,0.0,0.0
2017-08-30,0.0,0.0,0.0
2017-08-31,-0.004859664613981419,-0.004622980008964675,-0.005090782016379324
2017-09-01,0.0004632787349515948,0.00046884593757043455,0.0004632787349515948
2017-09-05,-0.004046187294073115,-0.0040406200914542756,-0.004046187294073115
2017-09-06,-0.0025766480253291927,-0.002571080822710353,-0.0025766480253291927
2017-09-07,-0.005130495249929993,-0.005124928047311153,-0.005130495249929993
2017-09-08,0.0010065747197560483,0.001012141922374888,0.0010065747197560483
2017-09-11,1.4696146546654897e-05,2.026334916549466e-05,1.4696146546654897e-05
2017-09-12,0.00665492882354011,0.00666049602615895,0.00665492882354011
2017-09-13,0.006545249654989744,0.006550816857608584,0.006545249654989744
2017-09-14,-0.00272492817814974,-0.0027193609755309,-0.00272492817814974
2017-09-15,0.0009543093497583617,0.0009598765523772014,0.0009543093497583617
2017-09-18,0.003130738391853428,0.0031363055944722677,0.003130738391853428
2017-09-19,0.0023879362512097204,0.00239350345382856,0.0023879362512097204
2017-09-20,0.002812171913788108,0.002817739116406948,0.002812171913788108
2017-09-21,0.00012259062872114343,0.00015807852241965644,9.31897240424592e-05
2017-09-22,-0.0012247335283991781,-0.0010527600681340295,-0.001391093109262329
2017-09-25,0.0007662862427373517,0.0007719001221393497,0.0007662862427373517
2017-09-26,0.002671915797313335,0.002734693832723713,0.00261455838228251
2017-09-27,0.001268388337309182,0.001492728445474487,0.00105238156247721
2017-09-28,-0.0028328471783995116,-0.0028245138450661783,-0.0028328471783995116
2017-09-29,0.0009824968975461498,0.001421464419105541,0.0005476960426534255
2017-10-02,-0.0019197131183768085,-0.0016983228197060634,-0.0021347151204336922
2017-10-03,0.00058201819228326,0.0005884064888971214,0.00058201819228326
2017-10-04,0.0021730440632049338,0.0021794323598187952,0.0021730440632049338
2017-10-05,-0.006263073682568899,-0.006094018186176269,-0.006422688692310633
2017-10-06,-0.00046843274101623564,-0.0004589922543653407,-0.00046843274101623564
2017-10-09,0.00079739689562547,0.0008068373822763649,0.00079739689562547
2017-10-10,-0.0003973204923939154,-0.0002827698311044066,-0.0005013640203407263
2017-10-11,-0.00209623895653906,-0.001853783979076247,-0.0023281736146898544
2017-10-12,0.0006705552361514572,0.0006811069158031875,0.0006705232644502289
2017-10-13,-0.0036403786846616122,-0.00362985897671111,-0.0036403786846616122
2017-10-16,-0.0037740941029852687,-0.0037635743950347666,-0.0037740941029852687
2017-10-17,0.004078704450349047,0.004089455494078354,0.004078477455162587
2017-10-18,0.0011105861371694795,0.0011211101857123255,0.0011105861371694795
2017-10-19,-0.0035143096405682176,-0.003483105719561421,-0.003535004236125911
2017-10-20,0.0008996447494156178,0.0009102784119980716,0.0008995178953362477
2017-10-23,-0.003008211165047311,-0.002997704356544227,-0.003008211165047311
2017-10-24,0.0008132542173986772,0.0010756916562865185,0.0005615466730428507
2017-10-25,-0.003014426537316132,-0.003003696642784117,-0.003014426537316132
2017-10-26,-0.027686906932284552,-0.027676177037752537,-0.027686906932284552
2017-10-27,0.0178339542641126,0.017844684158644614,0.0178339542641126
2017-10-30,-0.0019508023333041193,-0.0019400724387721043,-0.0019508023333041193
2017-10-31,0.009323598957300547,0.009334328851832562,0.009323598957300547
2017-11-01,-0.006534900101840788,-0.006524170207308774,-0.006534900101840788
2017-11-02,0.003223356322330247,0.003394499979770327,0.0030602866705114933
2017-11-03,0.0035001680706196175,0.0035082420762409445,0.0035001680706196175
2017-11-06,0.0009264907523211706,0.0009345647579424975,0.0009264907523211706
2017-11-07,0.0024195599087693757,0.0025122503362113857,0.0023332571978456292
2017-11-08,-0.006882944806568674,-0.006537148357647313,-0.007222094211259766
2017-11-09,0.0007614436402771898,0.0009680965940091141,0.000557507754161732
2017-11-10,-0.0035934460269590393,-0.003385769673992674,-0.0037968622107760214
2017-11-13,0.002359375111678974,0.0023636352808283573,0.002359375111678974
2017-11-14,-0.003659848964506694,-0.003655588795357311,-0.003659848964506694
2017-11-15,0.007398018134467437,0.007402278303616821,0.007398018134467437
2017-11-16,-0.0029581635995489975,-0.0029539034303996143,-0.0029581635995489975
2017-11-17,0.0036254302307182117,0.003629690399867595,0.0036254302307182117
2017-11-20,0.0019060761731005658,0.0019103363422499492,0.0019060761731005658
2017-11-21,-0.004402258982557554,-0.00439799881340817,-0.004402258982557554
2017-11-22,0.001095067266041143,0.0010993274351905264,0.001095067266041143
2017-11-24,-0.0023784643136492197,-0.0023742041444998366,-0.0023784643136492197
2017-11-27,-0.0023102574760794008,-0.0023059973069300176,-0.0023102574760794008
2017-11-28,0.010783994115682689,0.010788254284832072,0.010783994115682689
2017-11-29,0.010181389306041549,0.010185649475190931,0.010181389306041549
2017-11-30,-0.00038246660647488386,-0.00037820643732550054,-0.00038246660647488386
2017-12-01,0.005515090508484469,0.005519350677633853,0.005515090508484469
2017-12-04,0.00400612481432401,0.0040103849834733935,0.00400612481432401
2017-12-05,-0.0008396248260712163,-0.0008353646569218329,-0.0008396248260712163
2017-12-06,-0.007139581132225628,-0.006987003526196135,-0.007287863706557483
2017-12-07,0.0003241229177553577,0.00032841794945299594,0.0003241229177553577
2017-12-08,0.0016944498046443154,0.0017110353151811308,0.0016821560461017107
2017-12-11,-0.0008479557266941883,-0.0006439520398592547,-0.0010513719105111705
2017-12-12,-0.0001368966315595995,-0.00013630912854164804,-0.0001368966315595995
2017-12-13,3.523249348405305e-05,3.581999650200451e-05,3.523249348405305e-05
2017-12-14,-0.0004205659327521864,-0.0004199784297342349,-0.0004205659327521864
2017-12-15,0.0002835470191154742,0.0002841345221334257,0.0002835470191154742
2017-12-18,4.786481366901269e-05,4.845231668696415e-05,4.786481366901269e-05
2017-12-19,-0.0004879100407251516,-0.0002639059939043347,-0.0007075349427946559
2017-12-20,0.0003391444395961415,0.000343523584347454,0.0003391444395961415
2017-12-21,-0.0025928487444254493,-0.0025884695996741367,-0.0025928487444254493
2017-12-22,-0.000155838720179646,9.769680152168147e-05,-0.00039830228332550803
2017-12-26,-0.0006616376679085366,-0.0006505657093530712,-0.0006616376679085366
2017-12-27,-0.0004400759802475001,-0.00042900402169203464,-0.0004400759802475001
2017-12-28,-0.0020846637400794357,-0.00207359178152397,-0.0020846637400794357
2017-12-29,0.003679815509541464,0.0036908874680969296,0.003679815509541464
2018-01-02,-0.003637805767725195,-0.0036267338091697295,-0.003637805767725195
2018-01-03,-0.005892433246043898,-0.005880684730632707,-0.0058930487418115615
2018-01-04,0.003593118644515422,0.0036042516641589493,0.003593118644515422
2018-01-05,-0.00280821372563629,-0.0027659524969748817,-0.002839294005787477
2018-01-08,-0.0030681101989954735,-0.0030569292504852522,-0.0030681101989954735
2018-01-09,0.0017976399205770549,0.0018088208690872761,0.0017976399205770549
2018-01-10,2.6061973641693514e-07,1.1441568246638167e-05,2.6061973641693514e-07
2018-01-11,-0.0022055289904757327,-0.0021943480419655114,-0.0022055289904757327
2018-01-12,0.003434208573774057,0.0034453895222842784,0.003434208573774057
2018-01-16,-0.0068078580883449025,-0.006796677139834681,-0.0068078580883449025
2018-01-17,0.0006656854027780367,0.000676866351288258,0.0006656854027780367
2018-01-18,0.0021340295664067743,0.00228645610208397,0.001989915073272441
2018-01-19,-0.00030484858639376957,-0.00029653654385090693,-0.00030484858639376957
2018-01-22,-0.0030689505789371374,-0.0030606385363942746,-0.0030689505789371374
2018-01-23,-0.001307607733369075,-0.0012992956908262124,-0.001307607733369075
2018-01-24,0.002013596812165873,0.0020267194264987007,0.002008789941790685
2018-01-25,0.002099283261690398,0.002440990533429323,0.001764683949868943
2018-01-26,-0.0012001755322750061,-0.0011930675723575363,-0.0012001755322750061
2018-01-29,0.002284957069857475,0.002292065029774945,0.002284957069857475
2018-01-30,0.0022109643215799998,0.0022180722814974696,0.0022109643215799998
2018-01-31,0.0029736585399540486,0.0029807664998715185,0.0029736585399540486
2018-02-01,-0.012522529955406212,-0.012515421995488742,-0.012522529955406212
2018-02-02,0.00202685930120686,0.00203396726112433,0.00202685930120686
2018-02-05,0.005554416978626871,0.005561524938544341,0.005554416978626871
2018-02-06,0.0023866011736599787,0.0023937091335774485,0.0023866011736599787
2018-02-07,-0.007652914893205752,-0.0076458069332882815,-0.007652914893205752
2018-02-08,0.002129570899536891,0.0021697521273312172,0.0020966159386066855
2018-02-09,-0.0006242992078082673,-0.0003227318478371993,-0.0009205716901322082
2018-02-12,-0.0022740611649167287,-0.002268766287269602,-0.0022740611649167287
2018-02-13,0.002336653979584761,0.002341948857231888,0.002336653979584761
2018-02-14,-0.002746579827284585,-0.002741284949637458,-0.002746579827284585
2018-02-15,-0.002633272520868177,-0.0026279776432210503,-0.002633272520868177
2018-02-16,0.0036271203121287254,0.003632415189775852,0.0036271203121287254
2018-02-20,-0.002147353286038813,-0.0021420584083916864,-0.002147353286038813
2018-02-21,0.007248375581233679,0.007253670458880806,0.007248375581233679
2018-02-22,-0.006016338258085498,-0.006011043380438371,-0.006016338258085498
2018-02-23,0.000915125072372247,0.0013998394951092296,0.0004394926710559362
2018-02-26,0.0011003020471743578,0.001413354268161953,0.0007921651809407676
2018-02-27,-0.0005651289324628173,-0.0005602135777088122,-0.0005651289324628173
2018-02-28,0.0007774276126633768,0.0008826488902448388,0.0006771216898359199
2018-03-01,0.0006362734556128534,0.0006411888103668585,0.0006362734556128534
2018-03-02,0.0032447875680911373,0.0032497029228451425,0.0032447875680911373
2018-03-05,-0.004150185340702216,-0.0039061367730018753,-0.00438676645818254
2018-03-06,0.0014681530595061529,0.0014756205097261697,0.0014681530595061529
2018-03-07,-0.00022130823030644704,-0.0002138407800864302,-0.00022130823030644704
2018-03-08,0.00028832493815223636,0.0005209961417011262,6.196821225933222e-05
2018-03-09,0.004134547747187946,0.004177875368061987,0.0040967859158825524
2018-03-12,-0.0003525532975862548,-0.0002098025085448497,-0.00048713844101442677
2018-03-13,-0.011094751744107022,-0.011086586098493788,-0.011094751744107022
2018-03-14,0.002356319745631834,0.002364485391245067,0.002356319745631834
2018-03-15,0.00711753993618788,0.007125705581801113,0.00711753993618788
2018-03-16,0.00024172669601452533,0.00024989234162775846,0.00024172669601452533
2018-03-19,-0.0015321346214040143,-0.0015239689757907812,-0.0015321346214040143
2018-03-20,0.0032359388200026836,0.0032441044656159167,0.0032359388200026836
2018-03-21,-0.0018573506173043112,-0.001682222263147948,-0.0020243133258474413
2018-03-22,0.0014854580027221017,0.0016329280608379133,0.001346153590219523
2018-03-23,0.007234174307022921,0.007242339952636154,0.007234174307022921
2018-03-26,0.00572723430799546,0.005822774746453514,0.00563985951515064
2018-03-27,0.023964800013154076,0.02397296565876731,0.023964800013154076
2018-03-28,0.006335689497626861,0.006343855143240094,0.006335689497626861
2018-03-29,0.001118927457775717,0.0011270931033889502,0.001118927457775717
2018-04-02,-0.022894998523605787,-0.022886832877992553,-0.022894998523605787
2018-04-03,0.012935951618612872,0.01307784036341296,0.012799676423960005
2018-04-04,-0.026513659964080172,-0.02650804641393295,-0.026513659964080172
2018-04-05,-0.011672553923539764,-0.011666940373392543,-0.011672553923539764
2018-04-06,-0.0012159578816581845,-0.0010576429624068577,-0.0013716729448649252
2018-04-09,0.003241568561238207,0.003244168417282793,0.003241568561238207
2018-04-10,0.0021096901065963346,0.0022448311224514544,0.001975104963168163
2018-04-11,-0.0005001766980321231,-0.00031182363956081503,-0.0006855307184404537
2018-04-12,0.0021029420948697353,0.0022054937842155764,0.0020014604563404286
2018-04-13,0.0010667638800749499,0.0012102060818334173,0.0009250081813301696
2018-04-16,-0.0010819286594168948,-0.0010758530616943795,-0.0010863295955104977
2018-04-17,2.889351980291401e-06,4.564013609203803e-06,2.889351980291401e-06
2018-04-18,5.6490805862546984e-05,5.8165467491459386e-05,5.6490805862546984e-05
2018-04-19,0.0017127346100056897,0.001714409271634602,0.0017127346100056897
2018-04-20,0.0005898720084403961,0.0005915466700693085,0.0005898720084403961
2018-04-23,-0.0016428022729439295,-0.001641127611315017,-0.0016428022729439295
2018-04-24,-0.0014590046154445467,-0.0014573299538156344,-0.0014590046154445467
2018-04-25,0.010042599625108645,0.010124652468505382,0.009962002510587988
2018-04-26,-8.65078181560029e-06,-7.195052939519293e-06,-8.65078181560029e-06
2018-04-27,-0.0012136537275871124,-0.0012121979987110313,-0.0012136537275871124
2018-04-30,-0.0010508552168367452,-0.0010493994879606642,-0.0010508552168367452
2018-05-01,0.0006555837522600574,0.0006570394811361383,0.0006555837522600574
2018-05-02,0.0001958929875042757,0.0001973487163803567,0.0001958929875042757
2018-05-03,-0.004048153468171746,-0.004046697739295665,-0.004048153468171746
2018-05-04,-0.0012685469553392146,-0.0012670912264631335,-0.0012685469553392146
2018-05-07,-0.0020434750545299143,-0.0020420193256538333,-0.0020434750545299143
2018-05-08,0.0014234924869166593,0.0015764726005032727,0.001274254697388037
2018-05-09,0.0008070086375074029,0.000810750961565394,0.0008070086375074029
2018-05-10,0.003993917416894692,0.0039976597409526835,0.003993917416894692
2018-05-11,-0.0021139358767964045,-0.0020263384428457925,-0.0021994774897027124
2018-05-14,0.001008312052069544,0.0010147806505922256,0.001003911115975941
2018-05-15,0.003367546262467668,0.003369613924896747,0.003367546262467668
2018-05-16,-0.0013822523257867353,-0.0013801846633576566,-0.0013822523257867353
2018-05-17,-0.0003598523339282416,-0.00028547526791799013,-0.0004314599616431999
2018-05-18,0.00410830279303784,0.004416747430922156,0.0038067942601154835
2018-05-21,0.005412790676819831,0.005419726781781791,0.005412790676819831
2018-05-22,-0.003921875350244222,-0.003914939245282262,-0.003921875350244222
2018-05-23,0.0008393558376029938,0.0009594310402917593,0.0007259009656874543
2018-05-24,0.003457296086096521,0.0034639164168697467,0.003457296086096521
2018-05-25,0.002645689569189079,0.0027470021292285906,0.0025528210079652676
2018-05-29,0.0017070928191675557,0.001715796454140913,0.0017068331830098992
2018-05-30,-0.011045442754783821,-0.01103699875596812,-0.011045442754783821
2018-05-31,-0.008467003244489669,-0.008458559245673968,-0.008467003244489669
2018-06-01,0.004085051568945371,0.004093495567761072,0.004085051568945371
2018-06-04,0.002570566671978103,0.002682251195800522,0.0024659302260518837
2018-06-05,0.0013281484600640354,0.0016834306925686093,0.0009836383963578736
2018-06-06,-0.0013323926056199524,-0.001303456431325875,-0.00135053568832505
2018-06-07,-0.0009344109164491947,-0.0009236178248602151,-0.0009344109164491947
2018-06-08,0.003127054710104029,0.003142088062481955,0.00312274610748861
2018-06-11,-0.0014285674157051224,-0.0014178426659426152,-0.0014285674157051224
2018-06-12,0.0041286039930707175,0.004139328742833225,0.0041286039930707175
2018-06-13,-0.0012954583006091612,-0.0012629606862112534,-0.0013172640340188093
2018-06-14,0.0028528726007642246,0.002981818118415279,0.002734624056548997
2018-06-15,0.0012024826284460126,0.001458244235922849,0.0009574060657267602
2018-06-18,-0.005487769423953169,-0.005477084379195586,-0.005487769423953169
2018-06-19,-0.0011033537874386755,-0.0010926687426810917,-0.0011033537874386755
2018-06-20,0.0019554536499548627,0.0019661386947124465,0.0019554536499548627
2018-06-21,-0.0020429226822354114,-0.0020322376374778276,-0.0020429226822354114
2018-06-22,0.0022508665110101923,0.002261551555767776,0.0022508665110101923
2018-06-25,0.0032616703036960704,0.0033720272592626622,0.0031619037659722364
2018-06-26,-0.0014860502653560208,-0.001276764502829872,-0.0016847175808012932
2018-06-27,-0.0014900480161427843,-0.0014794295690619078,-0.0014900480161427843
2018-06-28,-0.005584256402694906,-0.00557363795561403,-0.005584256402694906
2018-06-29,0.008823907957921998,0.008834526405002874,0.008823907957921998
2018-07-02,-0.00017688770867153958,-0.00014617535981993786,-0.000196998241789858
2018-07-03,0.004825330891520658,0.0050571900773461,0.004604346532604199
2018-07-05,0.004364284317267769,0.004375159144176752,0.004364284317267769
2018-07-06,-0.004720243915069044,-0.0047093690881600606,-0.004720243915069044
2018-07-09,-0.0069596408125656645,-0.006716245057117702,-0.007193463554396155
2018-07-10,0.007343612557416768,0.007353185571034241,0.007343612557416768
2018-07-11,-0.0014545710962117146,-0.0014449980825942425,-0.0014545710962117146
2018-07-12,-0.0002495093040343875,-0.0002399362904169154,-0.0002495093040343875
2018-07-13,-0.001470396824274593,-0.0013218958286729614,-0.0016120218875166556
2018-07-16,0.0008125084597630203,0.0010334766551968074,0.0005942495300221356
2018-07-17,-0.000518571913292603,-0.0005158626475997006,-0.000518571913292603
2018-07-18,0.0022496656333544566,0.0022523748990473593,0.0022496656333544566
2018-07-19,-0.00300267669424495,-0.0029999674285520472,-0.00300267669424495
2018-07-20,0.0010102288889703988,0.0010129381546633012,0.0010102288889703988
2018-07-23,2.565429611189168e-05,2.836356180479409e-05,2.565429611189168e-05
2018-07-24,-0.0011414001742782545,-0.001138690908585352,-0.0011414001742782545
2018-07-25,-0.00013935682035029742,0.0,-0.00027871364070059483
2018-07-26,0.0,0.0,0.0
2018-07-27,0.0,0.0,0.0
2018-07-30,0.0,0.0,0.0
2018-07-31,0.002605698395898837,0.002724022426886017,0.0024896205342333946
2018-08-01,0.0002458085708334985,0.00024805474015523587,0.0002458085708334985
2018-08-02,8.588662593701717e-05,8.813279525875456e-05,8.588662593701717e-05
2018-08-03,-0.00043308284437345814,-0.0004308366750517208,-0.00043308284437345814
2018-08-06,-0.00019575524638360526,-0.00019350907706186787,-0.00019575524638360526
2018-08-07,0.0011155507005006916,0.0012186161569988335,0.0010166519106692164
2018-08-08,-0.0003448220305098917,-0.00034065536384322506,-0.0003448220305098917
2018-08-09,0.003070230395522613,0.0030743970621892797,0.003070230395522613
2018-08-10,-0.00015781987244165932,-0.00015365320577499265,-0.00015781987244165932
2018-08-13,0.003127183584622503,0.00313135025128917,0.003127183584622503
2018-08-14,0.0006113200844065622,0.0006154867510732288,0.0006113200844065622
2018-08-15,-0.0001900010412266291,-0.00018583437455996243,-0.0001900010412266291
2018-08-16,-0.00028518089527609187,-0.00028101422860942523,-0.00028518089527609187
2018-08-17,0.0025992406622586594,0.002603407328925326,0.0025992406622586594
2018-08-20,-0.004050330762080209,-0.004018282335315796,-0.004077709902858778
2018-08-21,-0.0026207412256059504,-0.0025572083594578507,-0.0026796048057682064
2018-08-22,0.002514065243032888,0.002518734529018732,0.002514065243032888
2018-08-23,0.0007170672256824246,0.0007217365116682687,0.0007170672256824246
2018-08-24,0.0037813637538767235,0.0037860330398625675,0.0037813637538767235
2018-08-27,-0.0032522429986532792,-0.003247573712667435,-0.0032522429986532792
2018-08-28,0.0032839496483180216,0.0032886189343038657,0.0032839496483180216
2018-08-29,0.005273714500954593,0.005278383786940437,0.005273714500954593
2018-08-30,0.0005694197751276275,0.0006834901859368396,0.000457852919899714
2018-08-31,0.0007337334470399148,0.0007362370026212135,0.0007337334470399148
2018-09-04,0.0006638712650743634,0.0006663748206556621,0.0006638712650743634
2018-09-05,-0.0016233633579332521,-0.0016208598023519534,-0.0016233633579332521
2018-09-06,0.0027006937516917857,0.002703197307273084,0.0027006937516917857
2018-09-07,-0.0013671267864694334,-0.0013646232308881347,-0.0013671267864694334
2018-09-10,0.000410338565947324,0.00041284212152862263,0.000410338565947324
2018-09-11,0.0015134291379900252,0.0015159326935713239,0.0015134291379900252
2018-09-12,0.0014186606968840736,0.0014211642524653723,0.0014186606968840736
2018-09-13,0.000568809210130379,0.0005713127657116777,0.000568809210130379
2018-09-14,2.924079764301848e-06,5.4276353456004855e-06,2.924079764301848e-06
2018-09-17,-0.0035108390012824025,-0.003508335445701104,-0.0035108390012824025
2018-09-18,0.0008118622008926504,0.0008412422779333408,0.0007844830601140812
2018-09-19,-0.00491198919252628,-0.004851124676101903,-0.004970852772688535
2018-09-20,0.0002804308754329006,0.00028243181169502183,0.0002804308754329006
2018-09-21,0.0005891217926634486,0.0006140584004057823,0.0005657374694150194
2018-09-24,0.000892358767609122,0.0008939110521030265,0.000892358767609122
2018-09-25,-0.0002837358375059965,4.479388158926188e-05,-0.0006071402369232098
2018-09-26,-0.0005657151759199328,-0.000465905025902467,-0.0006587050931585939
2018-09-27,-0.004303573132199686,-0.004208968620668244,-0.004392027900178781
2018-09-28,-0.0031381871290020436,-0.0031320373854496954,-0.0031381871290020436
2018-10-01,0.0026272237285748993,0.0026333734721272475,0.0026272237285748993
2018-10-02,0.001354845843979723,0.001360995587532071,0.001354845843979723
2018-10-03,0.0015134896418076864,0.001543113894721595,0.001490055789861337
2018-10-04,-0.007430549737914631,-0.007083465659281343,-0.007772087621982941
2018-10-05,0.0024433486575027533,0.002448894852067732,0.0024433486575027533
2018-10-08,0.0003902147133365521,0.00039576090790153075,0.0003902147133365521
2018-10-09,-4.651592315079824e-05,-4.096972858581957e-05,-4.651592315079824e-05
2018-10-10,-0.0003602413397794271,-0.00035469514521444846,-0.0003602413397794271
2018-10-11,0.007626119285480381,0.007678645292096981,0.007579139473428761
2018-10-12,0.008951849646833942,0.008957395841398921,0.008951849646833942
2018-10-15,0.0032337017489602196,0.0032392479435251983,0.0032337017489602196
2018-10-16,0.0009202227665988061,0.0009257689611637847,0.0009202227665988061
2018-10-17,-0.004979849868802446,-0.004974303674237467,-0.004979849868802446
2018-10-18,0.0018232196490991768,0.0018287658436641555,0.0018232196490991768
2018-10-19,0.0002689473148918692,0.00027449350945684786,0.0002689473148918692
2018-10-22,0.009220743993369933,0.009226290187934912,0.009220743993369933
2018-10-23,-0.0018433189815791648,-0.0018377727870141861,-0.0018433189815791648
2018-10-24,0.000370135344028825,0.00037568153859380367,0.000370135344028825
2018-10-25,-0.0015553534044044487,-0.0015029588262604446,-0.0016026467384845154
2018-10-26,0.004971348866786048,0.004976450110849986,0.004971348866786048
2018-10-29,-0.015583734027099097,-0.01557863278303516,-0.015583734027099097
2018-10-30,-0.00444496602392289,-0.0044398647798589526,-0.00444496602392289
2018-10-31,-0.0036655981351550217,-0.0035460462248587924,-0.0037791186838336157
2018-11-01,-0.007859557324354439,-0.007520036869427711,-0.008193805670087718
2018-11-02,0.003454572822767848,0.0034598449319612956,0.003454572822767848
2018-11-05,0.0011469567254685736,0.001282800436337426,0.001018507721173976
2018-11-06,-0.0015940228723290949,-0.00158662816575484,-0.0015940228723290949
2018-11-07,0.0003593880618793258,0.0003667827684535807,0.0003593880618793258
2018-11-08,-0.0009300331039591266,-0.0007120212101180494,-0.0011454937452971387
2018-11-09,-0.0023930231310839074,-0.002390471878580842,-0.0023930231310839074
2018-11-12,0.0035371215615960967,0.003539672814099162,0.0035371215615960967
2018-11-13,0.0013313909306322648,0.00133394218313533,0.0013313909306322648
2018-11-14,-0.0036266152341651314,-0.003624063981662066,-0.0036266152341651314
2018-11-15,0.0005697451634089822,0.0005722964159120473,0.0005697451634089822
2018-11-16,0.0011422208191729654,0.001172262698659621,0.0011144069065448777
2018-11-19,-0.0017061420461895922,-0.0017039140793310243,-0.0017061420461895922
2018-11-20,0.004094360164977729,0.004184508713328223,0.004008085635999304
2018-11-21,0.0006153233430335938,0.0007080314600957328,0.0005282357847912504
2018-11-23,-0.0016279344552944264,-0.0016223138964746309,-0.0016279344552944264
2018-11-26,0.0034059557088158316,0.003449958019830417,0.003366903914833484
2018-11-27,0.0005505921878949604,0.0005555427049271982,0.0005505921878949604
2018-11-28,-0.002761052245649294,-0.002756101728617056,-0.002761052245649294
2018-11-29,0.00014405081286026733,0.00014900132989250514,0.00014405081286026733
2018-11-30,0.004398473722184634,0.004423935771861421,0.004377533534417827
2018-12-03,-0.003915827049289525,-0.003911305187379545,-0.003915827049289525
2018-12-04,0.0001325664967529047,0.0001370883586628846,0.0001325664967529047
2018-12-06,0.00891101302990143,0.009164555280422758,0.00866297691490724
2018-12-07,0.0005342607188328148,0.0006990280301123249,0.00037770090064333207
2018-12-10,-0.0019142047357595417,-0.0018660437135158995,-0.0019542095261632043
2018-12-11,-0.0029480573645646875,-0.0029399011327247084,-0.0029480573645646875
2018-12-12,-0.00034379226150143584,-0.00022473688912971052,-0.00045503008624294224
2018-12-13,0.002500462688197073,0.0025082802358272916,0.002500462688197073
2018-12-14,-0.0005809234761222401,-0.0005731059284920211,-0.0005809234761222401
2018-12-17,0.002389560668521803,0.0025195372314286532,0.0022679232589069304
2018-12-18,0.003865023451258145,0.0038733626045501226,0.003865023451258145
2018-12-19,-0.009794121467850865,-0.009785782314558887,-0.009794121467850865
2018-12-20,0.010054731151783633,0.01017731077589071,0.009938718617316478
2018-12-21,-0.002632342712434521,-0.0025181603288813754,-0.002742119925953299
2018-12-24,0.006195192011408996,0.006199597181443363,0.006195192011408996
2018-12-26,-0.0009691174687283383,-0.000964712298693971,-0.0009691174687283383
2018-12-27,0.0037521315852535975,0.0037565367552879645,0.0037521315852535975
2018-12-28,-0.004049108969347853,-0.004044703799313485,-0.004049108969347853
2018-12-31,0.007153624884464549,0.007158030054498917,0.007153624884464549
2019-01-02,0.006029332881914162,0.006033738051948529,0.006029332881914162
2019-01-03,0.004292211899741358,0.004296617069775725,0.004292211899741358
2019-01-04,-0.0026706214572380254,-0.0026662162872036583,-0.0026706214572380254
2019-01-07,-0.007357240304811868,-0.007298910514798935,-0.007412404605277907
2019-01-08,0.00012322120730895797,0.00018961210083083056,5.920408096168813e-05
2019-01-09,-0.001831393064819364,-0.0017472946404125935,-0.0019128014749983321
2019-01-10,-0.005957903084065697,-0.005955213069837894,-0.005957903084065697
2019-01-11,-0.0034052008465795245,-0.003402510832351722,-0.0034052008465795245
2019-01-14,-0.0015254724847744905,-0.0015227824705466879,-0.0015254724847744905
2019-01-15,0.0074491543336918055,0.007451844347919608,0.0074491543336918055
2019-01-16,-0.0003695102187310028,-0.0003668202045032002,-0.0003695102187310028
2019-01-17,-0.0011443393501409114,-0.0011416493359131087,-0.0011443393501409114
2019-01-18,-4.751531612885842e-05,-4.4825301901055816e-05,-4.751531612885842e-05
2019-01-22,0.00412951757101118,0.0042721484749117375,0.00398944323739086
2019-01-23,-0.0035655934448334333,-0.003473368635035325,-0.003653851403894708
2019-01-24,-0.0007647706795696632,-0.0005210189110205561,-0.001003351820300092
2019-01-25,0.0023316935516618244,0.002396490955728626,0.002270955515688896
2019-01-28,0.0002236812777388833,0.0002277406458327559,0.0002236812777388833
2019-01-29,-0.011302216070058366,-0.011298156701964494,-0.011302216070058366
2019-01-30,-0.0013841780947067364,-0.0013801187266128637,-0.0013841780947067364
2019-01-31,-0.006164456068628092,-0.0061603967005342194,-0.006164456068628092
2019-02-01,0.0003777065229078888,0.0003817658910017614,0.0003777065229078888
2019-02-04,0.0039516336271990275,0.0039556929952929,0.0039516336271990275
2019-02-05,0.0011842418122485216,0.0011883011803423943,0.0011842418122485216
2019-02-06,-0.0019547176335310023,-0.0019506582654371298,-0.0019547176335310023
2019-02-07,0.0014762499166001382,0.0015904733721430037,0.0013666412377427216
2019-02-08,-0.006423890228344694,-0.006419275451659245,-0.006423890228344694
2019-02-11,-0.0017344914169256443,-0.001647416215336141,-0.001818490583783681
2019-02-12,0.006783224611018823,0.0067863006457502895,0.006783224611018823
2019-02-13,0.0015434189610855082,0.0015464949958169747,0.0015434189610855082
2019-02-14,-0.002036809456920041,-0.0019927823299738445,-0.0020769826848457814
2019-02-15,-0.005134876645595827,-0.005131022746575371,-0.005134876645595827
2019-02-19,-0.0007437682179550979,-0.0007399143189346423,-0.0007437682179550979
2019-02-20,-0.0006632321641958325,-0.0005502037643582932,-0.0007735465869468578
2019-02-21,-0.0036347894636495452,-0.0036320754865630314,-0.0036347894636495452
2019-02-22,0.0005691901752407156,0.0007122996376564342,0.0004287532188115096
2019-02-25,-0.00030379143783776884,-0.000252184289983652,-0.00035185806429256366
2019-02-26,-0.0029836424408489553,-0.0029801019194496334,-0.0029836424408489553
2019-02-27,9.13269261084711e-05,9.486744750779319e-05,9.13269261084711e-05
2019-02-28,-0.0003588581333640544,-0.0003553176119647323,-0.0003588581333640544
2019-03-01,0.001337377082858905,0.001340917604258227,0.001337377082858905
2019-03-04,0.0036326948457046726,0.0036362353671039946,0.0036326948457046726
2019-03-05,0.0022525296146020096,0.0022560701360013315,0.0022525296146020096
2019-03-06,-0.0010923334198255136,-0.0010887928984261914,-0.0010923334198255136
2019-03-07,0.00035074832266348405,0.0003542888440628061,0.00035074832266348405
2019-03-08,-0.004164176390498541,-0.004160635869099219,-0.004164176390498541
2019-03-11,0.00316857493342184,0.003172115454821162,0.00316857493342184
2019-03-12,-0.0003227187098640413,-8.694770593667541e-05,-0.0005528139753366131
2019-03-13,-0.005164666034703461,-0.005158990296248667,-0.005164666034703461
2019-03-14,0.004117207996753691,0.0042459332474515795,0.003996505405734705
2019-03-15,-0.0039951393064200915,-0.003564487299133965,-0.004415269828764005
2019-03-18,-0.007929941691381476,-0.007919420206439263,-0.007929941691381476
2019-03-19,0.0010955831165554623,0.0011061046014976756,0.0010955831165554623
2019-03-20,0.015136679423923197,0.015373697840653984,0.014909649122904833
2019-03-21,0.00659822481935092,0.006637714550558576,0.006568761984787169
2019-03-22,0.008372737247260799,0.008382764143904702,0.008372737247260799
2019-03-25,-0.00019047757391495263,-4.949776770606269e-05,-0.00032137890615294384
2019-03-26,0.002391010159806959,0.002401088633777858,0.002391010159806959
2019-03-27,-0.0042692057275124295,-0.00425912725354153,-0.0042692057275124295
2019-03-28,-0.002132507023071817,-0.0021224285491009184,-0.002132507023071817
2019-03-29,-0.0011336002959196254,-0.0011235218219487267,-0.0011336002959196254
2019-04-01,-0.005214997560130012,-0.0052049190861591125,-0.005214997560130012
2019-04-02,-0.005792048409930382,-0.00568948762286547,-0.005884530723024395
2019-04-03,-0.0037991446360148918,-0.003745949074530872,-0.0038431054779331855
2019-04-04,-0.006317958026223762,-0.006308723306658036,-0.006317958026223762
2019-04-05,0.006590098443033943,0.00696546243618325,0.006225436683023121
2019-04-08,-0.001503606761436383,-0.0014929045282978991,-0.001503606761436383
2019-04-09,-0.0033859748263023,-0.0029960150460155606,-0.0037638915844560683
2019-04-10,-0.0010398592024684092,-0.0008865917413042694,-0.0011839322812133052
2019-04-11,-0.011822178977185753,-0.011639162850041152,-0.011998659322136252
2019-04-12,-0.010331076771624037,-0.010324540989429936,-0.010331076771624037
2019-04-15,0.001673387286225959,0.0017022343515894368,0.0016514916723218477
2019-04-16,-0.004595079628156205,-0.004588128176696839,-0.004595079628156205
2019-04-17,-0.011193436571330683,-0.011186485119871317,-0.011193436571330683
2019-04-18,0.0005972075339956987,0.0008213126881685823,0.00038267027480999783
2019-04-22,-0.0010881253268166505,-0.0010785574318294678,-0.0010881253268166505
2019-04-23,-0.0039729365297311,-0.003963368634743917,-0.0039729365297311
2019-04-24,-0.012948317929829629,-0.012938750034842445,-0.012948317929829629
2019-04-25,-0.006423920422201546,-0.006414352527214363,-0.006423920422201546
2019-04-26,-0.0012225609148998793,-0.0012129930199126966,-0.0012225609148998793
2019-04-29,-0.0024397396158954547,-0.0023682375695243344,-0.0025015653520657675
2019-04-30,0.006990457966375345,0.007011048236870826,0.0069793522759239255
2019-05-01,-0.0014917964960397246,-0.0013258084937350814,-0.0016484454088919573
2019-05-02,0.00030572158849099954,0.00031506067794341,0.00030572158849099954
2019-05-03,-0.0036951126903932,-0.0036857736009407896,-0.0036951126903932
2019-05-06,-0.00041603710751197595,-0.0002008734116559105,-0.0006228703234459869
2019-05-07,-0.00016738376517600348,-0.00015905328525394908,-0.00016738376517600348
2019-05-08,-0.001744530459469971,-0.0015236076672573483,-0.0019599050398821224
2019-05-09,0.0005187145891330216,0.0005242628009334927,0.0005187145891330216
2019-05-10,0.0008223403841013634,0.0008744891809566537,0.0007747993412108224
2019-05-13,-0.0019858183177939776,-0.0019812105638292283,-0.0019858183177939776
2019-05-14,0.0012752769779278703,0.001301364676531466,0.0012533813640237589
2019-05-15,-0.0028069517677870854,-0.002802759683087601,-0.0028069517677870854
2019-05-16,-0.0015545264740576404,-0.0015503343893581562,-0.0015545264740576404
2019-05-17,0.007165453766262906,0.0071696458509623905,0.007165453766262906
2019-05-20,-0.001040372331624848,-0.0010361802469253637,-0.001040372331624848
2019-05-21,-0.0023017681475467244,-0.00229757606284724,-0.0023017681475467244
2019-05-22,-0.004886207659184198,-0.004882015574484713,-0.004886207659184198
2019-05-23,0.0013739862211134366,0.0013781783058129209,0.0013739862211134366
2019-05-24,-0.0026795270441725455,-0.002675334959473061,-0.0026795270441725455
2019-05-28,-0.016134006201519908,-0.016129814116820424,-0.016134006201519908
2019-05-29,0.00244451897064215,0.002652142624075917,0.002241087401907868
2019-05-30,0.0002467431883045237,0.0004182225277086472,7.621373026931982e-05
2019-05-31,-0.004007481642238673,-0.004006531760869753,-0.004007481642238673
2019-06-03,0.0022049431020490905,0.0022058929834180103,0.0022049431020490905
2019-06-04,-0.0008782953391892784,-0.0008773454578203587,-0.0008782953391892784
2019-06-05,0.0008835573475044697,0.0008905729245239631,0.0008776005790075509
2019-06-06,-0.00010100775188286722,-4.2649035513357735e-05,-0.00015925754109872198
2019-06-07,-9.387193893082747e-05,-9.376301177717273e-05,-9.387193893082747e-05
2019-06-10,-6.824040357152716e-05,-6.813147641787243e-05,-6.824040357152716e-05
2019-06-11,-6.897741684078367e-05,-6.886848968712893e-05,-6.897741684078367e-05
2019-06-12,8.966165115189428e-07,1.0055436651736725e-06,8.966165115189428e-07
2019-06-13,0.00014123359000947554,0.00014134251716313028,0.00014123359000947554
2019-06-14,-0.00019903040577894506,-0.0001720235524002395,-0.00022541674687114643
2019-06-17,0.0005578218063604517,0.000558442318646956,0.0005578218063604517
2019-06-18,-0.0009747301497849404,-0.0009741096374984361,-0.0009747301497849404
2019-06-19,0.0002441677850218839,0.0002447882973083881,0.0002441677850218839
2019-06-20,0.0010761044533576297,0.0011104615471959805,0.0010430180741892875
2019-06-21,3.0600081330513845e-06,4.330722803060041e-06,3.0600081330513845e-06
2019-06-24,-0.0003088476431247432,-0.00030757692845473453,-0.0003088476431247432
2019-06-25,-0.00039798251951814195,-0.0003967118048481333,-0.00039798251951814195
2019-06-26,0.0011973328759367044,0.0014064740239293125,0.0009913406881651428
2019-06-27,0.0032208645273711783,0.003224013487592225,0.0032208645273711783
2019-06-28,0.0022047301862457482,0.0022078791464667947,0.0022047301862457482
2019-07-01,0.0024211214903826273,0.002424270450603674,0.0024211214903826273
2019-07-02,0.000737879505007031,0.0007410284652280775,0.000737879505007031
2019-07-03,0.00011122978598464961,0.00012036367366437912,0.00010527301748773067
2019-07-05,-0.0006504188021405897,-0.0006472416829577791,-0.0006504188021405897
2019-07-08,-0.00048574214464009325,-0.00048256502545728267,-0.00048574214464009325
2019-07-09,0.00034881854811192703,0.0003519956672947376,0.00034881854811192703
2019-07-10,-0.0003157554827642645,-0.00031257836358145394,-0.0003157554827642645
2019-07-11,0.00013665451623029107,0.00013983163541310162,0.00013665451623029107
2019-07-12,0.002914648330691779,0.002917825449874589,0.002914648330691779
2019-07-15,-0.00525689383852106,-0.005227355875530433,-0.005283280179613262
2019-07-16,0.0038126985842630795,0.0038158502061615054,0.0038126985842630795
2019-07-17,0.0002829764579603512,0.000286128079858777,0.0002829764579603512
2019-07-18,4.3214471659161614e-05,4.63660935575874e-05,4.3214471659161614e-05
2019-07-19,-0.003558134285695115,-0.0035219732847240385,-0.0035912206648634573
2019-07-22,0.0045102939565207735,0.004513368578323507,0.0045102939565207735
2019-07-23,0.002077823881901269,0.0020808985037040033,0.002077823881901269
2019-07-24,0.0021511606561364443,0.0021542352779391786,0.0021511606561364443
2019-07-25,-0.0002059921877715615,0.0,-0.000411984375543123
2019-07-26,0.0007220744906669942,0.0009521360906923372,0.0004969823491276929
2019-07-29,-0.00014332617077714838,-8.118871660119141e-05,-0.00020179775185338387
2019-07-30,-0.0009826548440880257,-0.0009789889709883042,-0.0009826548440880257
2019-07-31,-0.001995832432356004,-0.001992166559256283,-0.001995832432356004
2019-08-01,0.006715848159452591,0.006719514032552313,0.006715848159452591
2019-08-02,-0.0017560477697680461,-0.0017523818966683246,-0.0017560477697680461
2019-08-05,0.0037652714415785573,0.0037689373146782786,0.0037652714415785573
2019-08-06,0.0019284559161492458,0.0019321217892489674,0.0019284559161492458
2019-08-07,-0.0013390809642932061,-0.0013354150911934846,-0.0013390809642932061
2019-08-08,3.564557035315038e-05,3.931144345287185e-05,3.564557035315038e-05
2019-08-09,0.00042403070432157593,0.0004276965774212974,0.00042403070432157593
2019-08-12,0.0008955634855701775,0.000899229358669899,0.0008955634855701775
2019-08-13,0.001028897493232509,0.0010325633663322306,0.001028897493232509
2019-08-14,0.0003418422854004889,0.00034550815850021037,0.0003418422854004889
2019-08-15,-0.0011335767531008482,-0.0011299108800011267,-0.0011335767531008482
2019-08-16,-0.0016581354265031874,-0.0016544695534034658,-0.0016581354265031874
2019-08-19,0.0012046631150006819,0.0012083289881004034,0.0012046631150006819
2019-08-20,-0.0002649215616886316,-0.0002612556885889101,-0.0002649215616886316
2019-08-21,-0.0007452692248419197,-0.0007416033517421983,-0.0007452692248419197
2019-08-22,0.0007069403457747557,0.0008308309910570544,0.0005888197657017289
2019-08-23,0.0013346396045932972,0.0013404096698025692,0.0013346396045932972
2019-08-26,-0.0006831980575708434,-0.0005144733049982271,-0.0008498186180339091
2019-08-27,-0.002129734799567175,-0.0021276306074576243,-0.002129734799567175
2019-08-28,0.001627576254335091,0.0016296804464446413,0.001627576254335091
2019-08-29,-0.0010378972673811514,-0.00086125160114185,-0.0012134215357865285
2019-08-30,-0.00028619562014000016,-0.00028507422230607607,-0.00028619562014000016
2019-09-03,0.0005295516797616816,0.0005306730775956057,0.0005295516797616816
2019-09-04,-0.0011783269940863774,-0.0011772055962524534,-0.0011783269940863774
2019-09-05,-9.695618776815413e-05,-9.583478993423005e-05,-9.695618776815413e-05
2019-09-06,0.000401344878203163,0.0004024662760370871,0.000401344878203163
2019-09-09,-0.003608456630190929,-0.003607335232357005,-0.003608456630190929
2019-09-10,-0.0011814735947720352,-0.0011803521969381112,-0.0011814735947720352
2019-09-11,0.0014397325827382678,0.0014408539805721918,0.0014397325827382678
2019-09-12,-0.0023343070763150622,-0.0023331856784811382,-0.0023343070763150622
2019-09-13,0.00034117429518383383,0.00034229569301775793,0.00034117429518383383
2019-09-16,-0.000506292514127729,-0.0005051711162938049,-0.000506292514127729
2019-09-17,0.00044030045715921437,0.00044142185499313846,0.00044030045715921437
2019-09-18,-0.00037223584040116105,-0.00037111444256723695,-0.00037223584040116105
2019-09-19,0.00016725173675444477,0.00016837313458836886,0.00016725173675444477
2019-09-20,0.0011092453326464991,0.0011103667304804231,0.0011092453326464991
2019-09-23,-0.0002889430498712029,-0.00028782165203727883,-0.0002889430498712029
2019-09-24,0.001420969589224156,0.00142209098705808,0.001420969589224156
2019-09-25,-0.0008270364383914351,-0.000825915040557511,-0.0008270364383914351
2019-09-26,-0.00019660705544095227,-0.00015439441603333267,-0.00023851818040542712
2019-09-27,-0.00024587777977229033,-0.00024557626532914554,-0.00024587777977229033
2019-09-30,0.00021181993976435016,0.00021212145420749492,0.00021181993976435016
2019-10-01,0.00047358153072343676,0.00047388304516658155,0.00047358153072343676
2019-10-02,3.67744228107046e-05,3.707593725384937e-05,3.67744228107046e-05
2019-10-03,0.0002448903309120358,0.00024519184535518057,0.0002448903309120358
2019-10-04,0.002016568583646224,0.002209474501256702,0.0018263057488413983
2019-10-07,-0.0009774038462196284,-0.0009701901073819443,-0.0009818906876644705
2019-10-08,0.0007595271116148117,0.0007622540090076535,0.0007595271116148117
2019-10-09,0.0018331432792106819,0.0018358701766035238,0.0018331432792106819
2019-10-10,0.001320417255669844,0.0013231441530626858,0.001320417255669844
2019-10-11,-0.003344212207571197,-0.0031945904506841196,-0.0034883651783720873
2019-10-14,-0.007948431398484552,-0.007942962612398366,-0.007948431398484552
2019-10-15,0.005256914454423633,0.005262383240509819,0.005256914454423633
2019-10-16,-0.0015981373916630212,-0.00138063120682931,-0.001808254058952974
2019-10-17,0.001488068786095482,0.0015777145599876622,0.0014042948253081991
2019-10-18,0.010640981280581635,0.010850739038209226,0.010437095336058941
2019-10-21,-0.0007362456078398458,-0.00037256695704431485,-0.0010887990665244718
2019-10-22,0.0042416240017442985,0.004252749193855204,0.0042416240017442985
2019-10-23,-0.03860303981077157,-0.038498720166321505,-0.038695596267514995
2019-10-24,-0.003968504878463266,-0.0039266021140033705,-0.003998631287950836
2019-10-25,-0.016240537911338573,-0.016228761556366246,-0.016240537911338573
2019-10-28,0.0028518933029503895,0.002863669657922716,0.0028518933029503895
2019-10-29,0.005825842786999281,0.005837619141971608,0.005825842786999281
2019-10-30,-0.009562791980613335,-0.009551015625641009,-0.009562791980613335
2019-10-31,0.005414011514606758,0.005425787869579085,0.005414011514606758
2019-11-01,-0.00011674026313308772,0.00019857329229251388,-0.0004215985946741899
2019-11-04,0.0016844396799796078,0.0016948949038641072,0.0016844396799796078
2019-11-05,-0.001876912044458124,-0.0018133157702152822,-0.0019300530948164662
2019-11-06,-0.006398980946698139,-0.006387753312095437,-0.006399753357416342
2019-11-07,-0.0030673198700344657,-0.0029590820131155642,-0.0031636344407724713
2019-11-08,0.0018851146750011618,0.002043657531595564,0.0017358665398527519
2019-11-11,-0.0013911130001664942,-0.001381818278720502,-0.0013911130001664942
2019-11-12,0.00343384017142919,0.0034431348928751822,0.00343384017142919
2019-11-13,0.005002244559274217,0.005063041202208072,0.004951709023387793
2019-11-14,0.005151229927163497,0.005210478176269238,0.0051013351065943525
2019-11-15,-0.004348048809383522,-0.004241056799923218,-0.004444372494959984
2019-11-18,0.0013728487975517745,0.001558156567722248,0.0011977863094732373
2019-11-19,0.00010581962785394398,0.00011606490994588007,0.00010581962785394398
2019-11-20,-0.011710361975714479,-0.011635497117073346,-0.011777107035417993
2019-11-21,-0.01103247796466025,-0.011024358165722632,-0.01103247796466025
2019-11-22,0.009958395317600016,0.009966515116537634,0.009958395317600016
2019-11-25,-0.003964930790248518,-0.0038897693415624116,-0.0040320655150285385
2019-11-26,0.0028200068709706046,0.002885328705815546,0.0027637816996262505
2019-11-27,-0.0007870680170004123,-0.0007779713534998252,-0.0007870680170004123
2019-11-29,-0.0006276207979900415,-0.0006185241344894545,-0.0006276207979900415
2019-12-02,-0.00108614714731363,-0.0008992875675247342,-0.0012639100636019389
2019-12-03,-0.008963613609091856,-0.00895451694559127,-0.008963613609091856
2019-12-04,-0.0062763684687165405,-0.0059068621883267836,-0.0066352716118968326
2019-12-05,0.0032799601202443073,0.0033298096884984544,0.0032406337842036115
2019-12-06,0.0030849721257531363,0.00335257605209887,0.0028283579896101634
2019-12-09,-0.0005858246227426249,-0.00029782322061232855,-0.0008645689987290742
2019-12-10,-0.0008923979947365745,-0.0008831409685927274,-0.0008923979947365745
2019-12-11,-0.0006332212248009718,-0.0006239641986571247,-0.0006332212248009718
2019-12-12,0.0018450373389996542,0.002069815924675749,0.0016295157794674062
2019-12-13,0.0060607301782244875,0.0060699872043683345,0.0060607301782244875
2019-12-16,-0.00883786257921917,-0.008701065193283963,-0.008965402939010528
2019-12-17,0.003241849363699896,0.0032592126540464434,0.0032335879554299123
2019-12-18,-0.008272024164912016,-0.008262922282835452,-0.008272024164912016
2019-12-19,0.002409605255664922,0.0024187071377414857,0.002409605255664922
2019-12-20,0.0005905344534163291,0.0005996363354928931,0.0005905344534163291
2019-12-23,0.009039073147121298,0.009048175029197861,0.009039073147121298
2019-12-24,0.00321212771816438,0.0032504185610373847,0.003182938757367939
2019-12-26,0.0031594211801660036,0.0031685230622425673,0.0031594211801660036
2019-12-27,0.0015415615709719567,0.0015506634530485207,0.0015415615709719567
2019-12-30,-0.0012737814319626968,-0.0012646795498861328,-0.0012737814319626968
2019-12-31,-0.0032815718602924,-0.003272469978215836,-0.0032815718602924
2020-01-02,-0.004757352080097597,-0.0047482501980210335,-0.004757352080097597
2020-01-03,-0.0007470011418711069,-0.0005162674239621078,-0.0009710488376999132
2020-01-06,0.004540142098624839,0.004546828120705032,0.004540142098624839
2020-01-07,-0.0042061382571046005,-0.003987150532291105,-0.004418863993887244
2020-01-08,0.004350065623842779,0.0044091328532422525,0.004297646835860599
2020-01-09,-0.004079084243406753,-0.004072435801989459,-0.004079084243406753
2020-01-10,-0.0010794242993799523,-0.0010727758579626582,-0.0010794242993799523
2020-01-13,0.00094143911537873,0.00115958912034293,0.0007259175558464821
2020-01-14,0.0005626357230600079,0.0008131336798773274,0.00031442114803186737
2020-01-15,-0.0002644247014758898,-0.00026214131968671094,-0.0002644247014758898
2020-01-16,-0.002082424956332237,-0.0020801415745430583,-0.002082424956332237
2020-01-17,0.0002480937854228683,0.00025037716721204714,0.0002480937854228683
2020-01-21,0.0008033527141157099,0.0008730629239258195,0.000737180714900696
2020-01-22,0.0006543009905553887,0.0008679567725984722,0.000448086343505502
2020-01-23,-3.3278968123600095e-05,0.00020663365018589158,-0.00026338563650893674
2020-01-24,0.0013688140475100455,0.0015984660330829736,0.0011499152241073037
2020-01-27,-0.006220852471785236,-0.006210099309615049,-0.006220852471785236
2020-01-28,-0.004982545962195794,-0.0049717928000256074,-0.004982545962195794
2020-01-29,-0.01086031925139223,-0.010849566089222044,-0.01086031925139223
2020-01-30,0.009459655186388203,0.00992173304573336,0.00900781848509819
2020-01-31,-0.0032302332520238236,-0.003219992093968679,-0.0032302332520238236
2020-02-03,-0.014311323672249854,-0.014301082514194709,-0.014311323672249854
2020-02-04,-0.012154368372814852,-0.012144127214759708,-0.012154368372814852
2020-02-05,0.0015956381403134056,0.00160587929836855,0.0015956381403134056
2020-02-06,0.00021571625823818238,0.00039155562085502107,5.0118053676488266e-05
2020-02-07,-0.002796373259862706,-0.002690005262373022,-0.0028943721030452794
2020-02-10,-0.00695395417179711,-0.00694558501749,-0.00695395417179711
2020-02-11,0.010939562795746682,0.010947931950053792,0.010939562795746682
2020-02-12,0.004928348164580076,0.004936717318887187,0.004928348164580076
2020-02-13,0.0014050737099215078,0.001420419823363666,0.0013980967507864605
2020-02-14,-0.007305288674579271,-0.00729691952027216,-0.007305288674579271
2020-02-18,0.0023186897700074945,0.0026418088689762966,0.0020062764190315035
2020-02-19,-0.0029649664936868283,-0.002954260745694017,-0.0029649664936868283
2020-02-20,0.006682411908108317,0.006693117656101128,0.006682411908108317
2020-02-21,0.008882816679077492,0.00906187710823047,0.008714133610374087
2020-02-24,-0.011568210736579435,-0.011428832577352091,-0.01169785309789495
2020-02-25,-0.00940300423108043,-0.009393268433168601,-0.00940300423108043
2020-02-26,0.0032129459327476808,0.00322268173065951,0.0032129459327476808
2020-02-27,-0.011951650636111687,-0.011940320902293564,-0.011953244572017983
2020-02-28,-0.00010452504073096724,-9.47892428191377e-05,-0.00010452504073096724
2020-03-02,0.0042986291702436594,0.004590384051704446,0.004013481884168359
2020-03-03,0.008554838520498641,0.008820126089365108,0.008299735136266993
2020-03-04,0.011318921920787437,0.011329106105422256,0.011318921920787437
2020-03-05,-0.00904408930479505,-0.00903390512016023,-0.00904408930479505
2020-03-06,0.0030898154291177067,0.003099999613752527,0.0030898154291177067
2020-03-09,-0.0016723266867403467,-0.0015763742432762864,-0.0017589073327307512
2020-03-10,-0.005822035237399432,-0.005766330160130869,-0.00586762485653506
2020-03-11,-0.026181991867436454,-0.025925807277763363,-0.026427959475723607
2020-03-12,0.002287820885717006,0.0022980378671029443,0.002287820885717006
2020-03-13,-0.01960730241703626,-0.01959708543565032,-0.01960730241703626
2020-03-16,-0.010807729137783266,-0.010703216557091413,-0.01090205986573341
2020-03-17,-0.012832157861991548,-0.012600903330101304,-0.013053246524571302
2020-03-18,0.024841418686818127,0.02485158455612862,0.024841418686818127
2020-03-19,-0.020483326440832263,-0.02047316057152177,-0.020483326440832263
2020-03-20,-0.01616839338618159,-0.0161582275168711,-0.01616839338618159
2020-03-23,-0.0009574737039675441,-0.0009473078346570532,-0.0009574737039675441
2020-03-24,-0.0023239441982411888,-0.0023137783289306976,-0.0023239441982411888
2020-03-25,0.009906197431155004,0.009916363300465495,0.009906197431155004
2020-03-26,0.013695982560135253,0.013706148429445744,0.013695982560135253
2020-03-27,0.0179350332247709,0.01794519909408139,0.0179350332247709
2020-03-30,0.0016369528602754749,0.0017226603525016954,0.0015614326999435222
2020-03-31,0.0016114117644193864,0.0018379573947583869,0.0013915499347382978
2020-04-01,0.0030707226052558816,0.0030774064059137934,0.0030707226052558816
2020-04-02,-0.006401506300674542,-0.00639482250001663,-0.006401506300674542
2020-04-03,0.004613628543145516,0.004620312343803428,0.004613628543145516
2020-04-06,0.010246415665071004,0.010262034282707881,0.010237644434262713
2020-04-07,-0.003992463241725731,-0.003942202741146553,-0.004036677296427291
2020-04-08,-0.003737127399896446,-0.003515682661730338,-0.003956692358851601
2020-04-09,-0.005020720371426512,-0.00501884059221556,-0.005020720371426512
2020-04-13,0.004939677416673537,0.004941557195884489,0.004939677416673537
2020-04-14,0.012313799647073666,0.012315679426284618,0.012313799647073666
2020-04-15,0.0013664407407568229,0.0013683205199677756,0.0013664407407568229
2020-04-16,0.0037291787226872842,0.003731058501898237,0.0037291787226872842
2020-04-17,-0.003839177836099665,-0.003837298056888712,-0.003839177836099665
2020-04-20,-5.565645951885149e-05,-5.377668030789873e-05,-5.565645951885149e-05
2020-04-21,-0.0005425922972600602,-0.0005407125180491074,-0.0005425922972600602
2020-04-22,0.0031751792555087446,0.0031770590347196975,0.0031751792555087446
2020-04-23,-0.0008854546516653807,-0.0008835748724544279,-0.0008854546516653807
2020-04-24,0.0006333571717795479,0.0006352369509905007,0.0006333571717795479
2020-04-27,-0.008818967532001202,-0.00881708775279025,-0.008818967532001202
2020-04-28,-0.0025732764499735096,-0.0025713966707625567,-0.0025732764499735096
2020-04-29,0.004575968522798263,0.004577848302009215,0.004575968522798263
2020-04-30,0.0004122120150681768,0.00041409179427912956,0.0004122120150681768
2020-05-01,0.0009406429336811479,0.0009425227128921007,0.0009406429336811479
2020-05-04,5.513444558519838e-05,0.0001866966722649478,-7.578091374259906e-05
2020-05-05,-0.002363142305073684,-0.002267207095868346,-0.0024572286891545747
2020-05-06,-0.002717077442845481,-0.0027152286177210333,-0.002717077442845481
2020-05-07,-0.00023552154934948591,-0.0001642047839822462,-0.00030613559496257267
2020-05-08,-0.0012181487633733488,-0.0012174460436191958,-0.0012181487633733488
2020-05-11,-0.0016866603600723072,-0.0015985617757994157,-0.001772675301861056
2020-05-12,0.00159356886086701,0.0015956525033511528,0.00159356886086701
2020-05-13,0.00042426163723094097,0.00044271666931662654,0.0004081993037290825
2020-05-14,0.0010949041033165574,0.0010972968019003844,0.0010949041033165574
2020-05-15,0.0030566242697247854,0.0030590169683086125,0.0030566242697247854
2020-05-18,-0.00020627717762798366,-0.00020388447904415654,-0.00020627717762798366
2020-05-19,-0.0008068867336920262,-0.0008044940351081991,-0.0008068867336920262
2020-05-20,0.001918862131649303,0.002032626464985787,0.0018096058901529218
2020-05-21,-0.0005564952637958769,-0.0005519871719557741,-0.0005564952637958769
2020-05-22,0.0024781347373699237,0.0024826428292100263,0.0024781347373699237
2020-05-26,-0.0005875314773469176,-0.0005830233855068148,-0.0005875314773469176
2020-05-27,-0.0031040313844140147,-0.003099523292573912,-0.0031040313844140147
2020-05-28,-0.0005181259249872995,-0.00039624235356396954,-0.0006332126218577728
2020-05-29,0.0017483249720303359,0.0018026504695327977,0.0017017231602917387
2020-06-01,-0.008084465198292883,-0.008017720118582525,-0.008142361815872884
2020-06-02,0.005226358411596505,0.0054199000938822,0.005043798995140374
2020-06-03,0.0006751295131164285,0.0006861117789459929,0.0006751295131164285
2020-06-04,-0.00697170628370272,-0.006960724017873156,-0.00697170628370272
2020-06-05,0.00637400926431105,0.006420914703054956,0.006338062350127601
2020-06-08,0.005842221849520149,0.005853180374080606,0.005842221849520149
2020-06-09,-0.012825216221657413,-0.012656732870602032,-0.01298277117730489
2020-06-10,0.024329963766478172,0.024340892161886077,0.024329963766478172
2020-06-11,-0.02330390403891761,-0.02325707417123533,-0.0233398021103159
2020-06-12,0.001180998509482823,0.0011919303057668154,0.001180998509482823
2020-06-15,-0.003529211169478557,-0.0035182793731945647,-0.003529211169478557
2020-06-16,0.010720379327531412,0.010731311123815404,0.010720379327531412
2020-06-17,0.0022896025225181797,0.002300534318802172,0.0022896025225181797
2020-06-18,0.0004879730556238451,0.0004989048519078373,0.0004879730556238451
2020-06-19,-0.0013600442411932923,-0.0013491124449093,-0.0013600442411932923
2020-06-22,0.001279055998947111,0.0014457776501295497,0.001123321081667323
2020-06-23,-0.0036597047851415583,-0.0036487180512389077,-0.0036597047851415583
2020-06-24,0.001149952201397619,0.001320842543314816,0.0009901743799292093
2020-06-25,0.004576628322672823,0.004601527185353388,0.0045628797789344245
2020-06-26,0.002841547548466275,0.003036346830261251,0.0026577055446037057
2020-06-29,0.0029520392256893323,0.003044369744164755,0.002870644048292877
2020-06-30,0.0010379951665560286,0.0012132760773946837,0.0008719228580858451
2020-07-01,0.0007876732208363686,0.0007968818232048404,0.0007876732208363686
2020-07-02,-0.002019853240482744,-0.002010644638114272,-0.002019853240482744
2020-07-06,-0.007953873296663236,-0.00792447850288042,-0.007973688689631038
2020-07-07,-0.0007277430745546446,-0.0007181636737396311,-0.0007277430745546446
2020-07-08,-0.006224087732896537,-0.006011264484760345,-0.006431288169177484
2020-07-09,0.00027361396967990416,0.00027923678153514995,0.00027361396967990416
2020-07-10,0.004427255977827227,0.0044328787896824725,0.004427255977827227
2020-07-13,0.018558365370679647,0.018685147173538693,0.018439495614917582
2020-07-14,0.00152261334090219,0.0015305253879991758,0.00152261334090219
2020-07-15,0.004620173407834179,0.0046280854549311645,0.004620173407834179
2020-07-16,-0.0006308435170001484,-0.0006229314699031626,-0.0006308435170001484
2020-07-17,-5.407693496714035e-05,-4.616488787015458e-05,-5.407693496714035e-05
2020-07-20,-0.015203395220040663,-0.015195483172943676,-0.015203395220040663
2020-07-21,0.01268821432952094,0.01280951125683064,0.012572577758162855
2020-07-22,0.0021344685329645215,0.0021401288889161345,0.0021344685329645215
2020-07-23,0.0017553398532892464,0.0017610002092408594,0.0017553398532892464
2020-07-24,-0.0002468004123425754,-0.0002231951065008776,-0.0002647453622326601
2020-07-27,0.002752467444968717,0.00275812780092033,0.002752467444968717
2020-07-28,-0.00038545379749421033,-0.0003797934415425973,-0.00038545379749421033
2020-07-29,0.0011899040630517046,0.0013441780138350784,0.0010382901459566126
2020-07-30,0.005254973902918464,0.005257633936606746,0.005254973902918464
2020-07-31,0.004319930335787273,0.004475442796800934,0.004169829966690027
2020-08-03,-0.006685443489334827,-0.006612627574990903,-0.00675218139864135
2020-08-04,-0.009307386558354471,-0.00930130855331707,-0.009307386558354471
2020-08-05,-0.002944004975500991,-0.0029379269704635897,-0.002944004975500991
2020-08-06,0.006431095889182642,0.006437173894220043,0.006431095889182642
2020-08-07,-0.007489090333194068,-0.0074830123281566675,-0.007489090333194068
2020-08-10,-0.0074684007273050565,-0.007345742201747333,-0.007587270483067119
2020-08-11,-0.004333781952574651,-0.00423482223844745,-0.004427152680178501
2020-08-12,0.016840131847718775,0.01684604869743115,0.016839810006053783
2020-08-13,0.00518344483942082,0.005189039847468202,0.00518344483942082
2020-08-14,0.002631097498037135,0.0026366925060845176,0.002631097498037135
2020-08-17,0.008889428745566991,0.008895023753614374,0.008889428745566991
2020-08-18,0.002038828320120136,0.0021199815745923823,0.001964689804870518
2020-08-19,0.004735184255114804,0.004742198994337433,0.004735184255114804
2020-08-20,-0.009103465092799167,-0.009096450353576539,-0.009103465092799167
2020-08-21,0.0064633316503073125,0.006470346389529941,0.0064633316503073125
2020-08-24,-0.0059066026422382855,-0.005899587903015657,-0.0059066026422382855
2020-08-25,0.00038771934827254597,0.0003947340874951746,0.00038771934827254597
2020-08-26,0.006308296850983989,0.006315311590206618,0.006308296850983989
2020-08-27,-0.008344821502011676,-0.008337806762789047,-0.008344821502011676
2020-08-28,-0.0007853984952945746,-0.0006310354452028367,-0.0009354988643918193
2020-08-31,-0.005056479076245648,-0.004852075551413817,-0.005254539036422839
2020-09-01,-0.0003614083371090906,-0.0003550647724544498,-0.0003614083371090906
2020-09-02,0.0011970427824280097,0.0012033863470826505,0.0011970427824280097
2020-09-03,0.001907890399205453,0.0019142339638600937,0.001907890399205453
2020-09-04,-0.023459179676689985,-0.023425038134540298,-0.023486436191306605
2020-09-08,-0.01443419782044003,-0.014411239575442318,-0.014450583147744923
2020-09-09,0.007698649904496881,0.007822210513919868,0.007580597114254455
2020-09-10,0.008192305663908937,0.008198129303230458,0.008191983822243943
2020-09-11,0.002384884627173733,0.0023903864248302625,0.002384884627173733
2020-09-14,-0.00022010849706013657,-0.00021460669940360708,-0.00022010849706013657
2020-09-15,-0.00336683259570408,-0.0031629809567757725,-0.0035615553217884753
2020-09-16,0.015999378419687176,0.016008507332531088,0.015999378419687176
2020-09-17,-0.008837797941712005,-0.008789563884172834,-0.008876141607125935
2020-09-18,0.00885409072630079,0.00886398111842603,0.00885409072630079
2020-09-21,-0.012542960757388701,-0.012533070365263462,-0.012542960757388701
2020-09-22,0.01171993628899947,0.011839015477253448,0.011611406089360296
2020-09-23,-0.0019396256124945453,-0.0019290766238797413,-0.0019396256124945453
2020-09-24,-0.009212885506190989,-0.009150894399265664,-0.00926437833396383
2020-09-25,-0.0035902260510658856,-0.003468859704695716,-0.0037008471765579334
2020-09-28,0.008198908328637495,0.008512646136949777,0.007896162740089077
2020-09-29,-0.010012582733968796,-0.00981473844279287,-0.010199219992262497
2020-09-30,-0.008904403379303259,-0.008893196346421032,-0.008904403379303259
2020-10-01,0.003559329161097722,0.0035705361939799493,0.003559329161097722
2020-10-02,0.0022743577979901252,0.0025958053584304638,0.001964166961354081
2020-10-05,0.0011588403637844134,0.0011700970875887073,0.0011588403637844134
2020-10-06,0.006281498949560202,0.006458878751084242,0.006115581011807896
2020-10-07,0.005977574982075074,0.005989036845846808,0.005977574982075074
2020-10-08,-0.00808060670856746,-0.008069144844795727,-0.00808060670856746
2020-10-09,-0.003826305501450572,-0.0038148436376788386,-0.003826305501450572
2020-10-12,-0.0065287567395195005,-0.006517294875747767,-0.0065287567395195005
2020-10-13,0.00893551644743879,0.008988504416035301,0.008893901373097493
2020-10-14,0.00130370258550782,0.0013150754797630337,0.00130370258550782
2020-10-15,0.003252257070735381,0.0034055437818308523,0.003109268737896269
2020-10-16,-0.0003139729098668511,-0.0003036745316104916,-0.0003139729098668511
2020-10-19,0.0028665799905977104,0.00287687836885407,0.0028665799905977104
2020-10-20,-0.014937467681121723,-0.014840452065657801,-0.015025899703385946
2020-10-21,0.01089222990304749,0.010934539608903858,0.010858503790390819
2020-10-22,-0.017546160010550114,-0.017537576417350417,-0.017546160010550114
2020-10-23,-0.002671926972668329,-0.002663343379468632,-0.002671926972668329
2020-10-26,0.0002745388431288056,0.00035695225194786167,0.0001992914604725135
2020-10-27,0.01373988727259892,0.013747053298761684,0.01373988727259892
2020-10-28,-0.017087823219787596,-0.017056888057854627,-0.01711113529845928
2020-10-29,-0.033426049005410546,-0.03341842592214926,-0.033426049005410546
2020-10-30,0.01740960938136917,0.01748067770692151,0.017345352115744263
2020-11-02,-0.0015892708637199682,-0.0015221866145514358,-0.0016495440529610671
2020-11-03,-0.009628362210609167,-0.009511284603284442,-0.009740816094168709
2020-11-04,-0.005127327847504927,-0.005122704123739741,-0.005127327847504927
2020-11-05,0.005692740919356463,0.005697364643121649,0.005692740919356463
2020-11-06,0.0047410738891414325,0.004745697612906618,0.0047410738891414325
2020-11-09,0.0036199235686160264,0.003624547292381212,0.0036199235686160264
2020-11-10,0.0007213344364024742,0.0007259581601676596,0.0007213344364024742
2020-11-11,0.00338030928371016,0.0033849330074753456,0.00338030928371016
2020-11-12,-0.004163495782767132,-0.004158872059001947,-0.004163495782767132
2020-11-13,0.004371959574090976,0.0043765832978561615,0.004371959574090976
2020-11-16,0.0002468122516170457,0.0002514359753822311,0.0002468122516170457
2020-11-17,0.004633153456534625,0.004637777180299811,0.004633153456534625
2020-11-18,-0.0011881042652802619,-0.0010110464080209294,-0.001357192359878017
2020-11-19,-0.004188137646673182,-0.00395410745204517,-0.004410744843913097
2020-11-20,0.0006488801790585781,0.0006603031764466752,0.0006488801790585781
2020-11-23,-0.0012546662180644805,-0.0010375870858479021,-0.0014643043960353127
2020-11-24,-0.011051611207170322,-0.011044170252924576,-0.011051611207170322
2020-11-25,0.0005216924743665839,0.0005519884501854981,0.0004983803956948973
2020-11-27,-0.00032594552011257926,-0.0003189616229653518,-0.00032594552011257926
2020-11-30,-0.0008592583924142182,-0.0008522744952669907,-0.0008592583924142182
2020-12-01,-0.006064257040762662,-0.006057273143615435,-0.006064257040762662
2020-12-02,-0.0028575350790261715,-0.002850551181878944,-0.0028575350790261715
2020-12-03,0.005654561896279522,0.005661545793426749,0.005654561896279522
2020-12-04,0.007013730027008479,0.007020713924155706,0.007013730027008479
2020-12-07,-0.008013227075622657,-0.007992862812720679,-0.008026346381965989
2020-12-08,0.005908417537864797,0.005915662494423445,0.005908417537864797
2020-12-09,0.005425958540380691,0.00543320349693934,0.005425958540380691
2020-12-10,-0.00985159952943344,-0.009732682777785152,-0.009961494693212817
2020-12-11,0.0027920700637404827,0.002801091651609398,0.0027920700637404827
2020-12-14,-0.0049309197853075895,-0.004921898197438674,-0.0049309197853075895
2020-12-15,0.004847882654855565,0.004856904242724481,0.004847882654855565
2020-12-16,-3.75842772397539e-05,2.8344195274115046e-05,-9.343761889216815e-05
2020-12-17,-0.002819359873912788,-0.002643542687349971,-0.002988447968510543
2020-12-18,-0.006583355054461925,-0.006388547963774792,-0.0067750709114348315
2020-12-21,0.005081315351483035,0.005084406585197262,0.005081315351483035
2020-12-22,0.005945610038193683,0.00594870127190791,0.005945610038193683
2020-12-23,-0.0049657800504953244,-0.0049626888167810974,-0.0049657800504953244
2020-12-24,-0.011543518942334473,-0.011494446988536735,-0.01158857027469828
2020-12-28,0.004561830998987671,0.004565851620421602,0.004561830998987671
2020-12-29,-0.005854369571907932,-0.005850348950474001,-0.005854369571907932
2020-12-30,-0.010262579905813096,-0.010258559284379165,-0.010262579905813096
2020-12-31,-0.008780423551614505,-0.008776402930180574,-0.008780423551614505
2021-01-04,-0.008274669532354995,-0.008270648910921065,-0.008274669532354995
2021-01-05,-0.012095813887418521,-0.01209179326598459,-0.012095813887418521
2021-01-06,-0.017520537817720064,-0.01751641405471705,-0.017520638766012574
2021-01-07,-0.01994299659749865,-0.019938973782788146,-0.01994299659749865
2021-01-08,0.012844129306719515,0.01284815212143002,0.012844129306719515
2021-01-11,-0.007888255594502711,-0.007778833310396357,-0.007995692754620247
2021-01-12,-0.0006540370593490063,-0.0006520519353601892,-0.0006540370593490063
2021-01-13,-0.006821063455282379,-0.006819078331293562,-0.006821063455282379
2021-01-14,0.01386099145562121,0.01397240762653601,0.013750631020975524
2021-01-15,0.0007474770074773683,0.0007485327437464811,0.0007474770074773683
2021-01-19,-0.003957672473419883,-0.003956616737150771,-0.003957672473419883
2021-01-20,-0.010854634932062714,-0.0108535791957936,-0.010854634932062714
2021-01-21,0.0033948594103308124,0.003395915146599925,0.0033948594103308124
2021-01-22,-0.0017951944835409579,-0.001620515767066633,-0.0019666717466945696
2021-01-25,0.0030142177391517698,0.0030174191924724836,0.0030142177391517698
2021-01-26,0.0013745412044875174,0.001377742657808231,0.0013745412044875174
2021-01-27,-0.003399508983410219,-0.003396307530089505,-0.003399508983410219
2021-01-28,0.0010180553794791334,0.001021256832799847,0.0010180553794791334
2021-01-29,-0.00610533405333433,-0.006012800734339801,-0.006192946882004418
2021-02-01,-0.0003597982223049917,-0.0003548777319805508,-0.0003597982223049917
2021-02-02,-0.0037563627698080117,-0.0037514422794835706,-0.0037563627698080117
2021-02-03,-0.0005722595001138563,-0.0005673390097894154,-0.0005722595001138563
2021-02-04,-0.00035792318023486355,-0.00029812179758748406,-0.00041385980882691493
2021-02-05,0.0016227989160554333,0.0016266636701107616,0.0016227989160554333
2021-02-08,0.001561586599811717,0.0015654513538670453,0.001561586599811717
2021-02-09,0.005368327450550787,0.005372192204606115,0.005368327450550787
2021-02-10,-0.0030850607056974707,-0.0030811959516421424,-0.0030850607056974707
2021-02-11,-0.005014437736557019,-0.00479149317108078,-0.005229350881311265
2021-02-12,6.392156546338521e-05,0.00015677955092643914,-1.9330658216209042e-05
2021-02-16,-0.0028994394521333227,-0.002889833690349863,-0.0028994394521333227
2021-02-17,0.00038690996453926395,0.0003965157263227236,0.00038690996453926395
2021-02-18,-0.001966259104490498,-0.001956653342707038,-0.001966259104490498
2021-02-19,0.007220895368038989,0.007230501129822448,0.007220895368038989
2021-02-22,0.03413293612917968,0.03414590546742347,0.03412957255271936
2021-02-23,-0.005837884558920951,-0.0058282787971374915,-0.005837884558920951
2021-02-24,0.0024250270550486503,0.002445996303714096,0.0024136635681666642
2021-02-25,0.0004261031876935911,0.00043570894947705073,0.0004261031876935911
2021-02-26,0.009396257981603772,0.009425570228176545,0.009376718312930691
2021-03-01,-0.001155338678627194,-0.0009522862887806835,-0.0013524832446293407
2021-03-02,0.006922942210318073,0.006939561434244431,0.0069124289402502405
2021-03-03,0.008278464850067153,0.008284570803925678,0.008278464850067153
2021-03-04,0.0017835062711276974,0.0019123132260429037,0.0016604766073382248
2021-03-05,0.005629394023621964,0.005635655929244956,0.005628909409124706
2021-03-08,-0.0040312214259129574,-0.003994370023890475,-0.004062913685699964
2021-03-09,-0.021703536738859247,-0.02166032514973493,-0.02174158918574809
2021-03-10,0.008171422406529348,0.008176581548764824,0.008171422406529348
2021-03-11,0.009906659653092483,0.009911818795327959,0.009906659653092483
2021-03-12,-0.003953659525167585,-0.003948500382932109,-0.003953659525167585
2021-03-15,-0.004133113331496234,-0.0040462763066426285,-0.004216365555175828
2021-03-16,-0.0017548708654033102,-0.0016731197300786005,-0.0018315557734605763
2021-03-17,0.00789127775988046,0.007896343987147903,0.00789127775988046
2021-03-18,-0.002550900986282602,-0.0025458347590151583,-0.002550900986282602
2021-03-19,-0.001000205913006454,-0.0009951396857390102,-0.001000205913006454
2021-03-22,-0.014620021410389523,-0.014614955183122079,-0.014620021410389523
2021-03-23,-0.0027190186062810524,-0.0027139523790136086,-0.0027190186062810524
2021-03-24,0.0037167042541708818,0.0037217704814383255,0.0037167042541708818
2021-03-25,0.014909151314922585,0.01491421754219003,0.014909151314922585
2021-03-26,-0.008949191295316345,-0.0089441250680489,-0.008949191295316345
2021-03-29,0.004716767096697568,0.004721833323965012,0.004716767096697568
2021-03-30,-3.267100511100999e-05,-2.760477784356617e-05,-3.267100511100999e-05
2021-03-31,-0.0073574540737669685,-0.007352387846499524,-0.0073574540737669685
2021-04-01,-0.001056667467443424,-0.0009442495062444434,-0.0011640554847725632
2021-04-05,-0.004557662676840983,-0.004552632732971141,-0.004557662676840983
2021-04-06,-0.0006376732680336306,-0.0004534555714702168,-0.0008204095385036111
2021-04-07,-1.9883619407226616e-05,8.901254599598613e-05,-0.000125977209666469
2021-04-08,-0.0043908551830893015,-0.004237914550220331,-0.0045381477231981725
2021-04-09,0.0009329459090598927,0.0009385940018199926,0.0009329459090598927
2021-04-12,0.003050609356575861,0.003056257449335961,0.003050609356575861
2021-04-13,0.007051552880689611,0.00705720097344971,0.007051552880689611
2021-04-14,0.0013165445584235563,0.0013973961331474889,0.0012398596503662902
2021-04-15,-0.0026453504443440167,-0.00264118377767735,-0.0026453504443440167
2021-04-16,6.249374548706035e-05,6.666041215372702e-05,6.249374548706035e-05
2021-04-19,0.0015514342949401157,0.0015556009616067823,0.0015514342949401157
2021-04-20,0.006882710943113372,0.006902435399755493,0.006867412881330647
2021-04-21,-0.004029367559228595,-0.003965260064174144,-0.004087940081536904
2021-04-22,0.005216304445606417,0.005221839418352557,0.005216304445606417
2021-04-23,-0.005400755944037049,-0.005386905106657863,-0.005409071808670095
2021-04-26,0.00011889657172484842,0.00012443154447098884,0.00011889657172484842
2021-04-27,-0.007441898331619985,-0.007436363358873844,-0.007441898331619985
2021-04-28,0.004832545584299638,0.004838080557045778,0.004832545584299638
2021-04-29,-0.0022542586575862163,-0.002248723684840076,-0.0022542586575862163
2021-04-30,0.0011421320324508466,0.001147667005196987,0.0011421320324508466
2021-05-03,0.0043506060456629326,0.004356141018409073,0.0043506060456629326
2021-05-04,-0.00660280962042196,-0.006597274647675819,-0.00660280962042196
2021-05-05,-0.005362901909642009,-0.005357366936895869,-0.005362901909642009
2021-05-06,0.00026276697137652246,0.00047946896093526694,4.7433287897251745e-05
2021-05-07,0.001734627851164247,0.0017359961572437207,0.001734627851164247
2021-05-10,-0.0006011916561985455,-0.0005785428823972903,-0.0006224721239203271
2021-05-11,-0.0006560080030774986,-0.0006546396969980248,-0.0006560080030774986
2021-05-12,-0.0031378215483296758,-0.003067380454550004,-0.0032062335715543687
2021-05-13,-0.00546574047482585,-0.005338858497131761,-0.005589148763037313
2021-05-14,-0.0029460521936558537,-0.0029425785041732287,-0.0029460521936558537
2021-05-17,-0.0032123128558715,-0.003208839166388875,-0.0032123128558715
2021-05-18,-0.00462599553313743,-0.004622521843654805,-0.00462599553313743
2021-05-19,0.007702548133219369,0.007825716358761276,0.007583383803049286
2021-05-20,0.0037365788588455077,0.0037405827542173324,0.0037365788588455077
2021-05-21,-0.007523941750426689,-0.0075199378550548646,-0.007523941750426689
2021-05-24,0.002630817855778283,0.0027070741577552224,0.002559926572908753
2021-05-25,0.0033701325184602275,0.003375497537567637,0.0033701325184602275
2021-05-26,-0.006570495574042588,-0.006565130554935178,-0.006570495574042588
2021-05-27,0.0008279398170277486,0.0008333048361351581,0.0008279398170277486
2021-05-28,-0.0014969608946777215,-0.001491595875570312,-0.0014969608946777215
2021-06-01,-0.006148086334837724,-0.006015359203492002,-0.006273059194952784
2021-06-02,-0.0005268816223133009,-0.000519127351082639,-0.0005268816223133009
2021-06-03,-0.010483815929613075,-0.010476061658382413,-0.010483815929613075
2021-06-04,0.00045449288599241786,0.00046224715722307987,0.00045449288599241786
2021-06-07,0.006377352161078036,0.006422575826772597,0.0063400245720033185
2021-06-08,-0.003041497996906334,-0.0028995055274834316,-0.0031755943897093923
2021-06-09,-0.002009752314016709,-0.002001856237396864,-0.002009752314016709
2021-06-10,0.007564342582917165,0.007625352620978978,0.007511228621475197
2021-06-11,0.0015680869728037818,0.001697026226039209,0.0014446786845923184
2021-06-14,0.0012040159530599588,0.0013073231370344706,0.0011082306492211592
2021-06-15,0.0006126292815029328,0.0006201511616386448,0.0006126292815029328
2021-06-16,-0.0038254403828272506,-0.0037934008287379794,-0.0038495254195319035
2021-06-17,-0.010451760400385694,-0.010360828356785156,-0.010536376710377559
2021-06-18,0.008243036718120746,0.008479689307536075,0.008016721877545561
2021-06-21,0.00408957181258476,0.004099909561424906,0.00408957181258476
2021-06-22,-0.004422047860974721,-0.004411710112134575,-0.004422047860974721
2021-06-23,-0.007399909939957364,-0.007389572191117218,-0.007399909939957364
2021-06-24,-0.002854866797982545,-0.0028445290491423986,-0.002854866797982545
2021-06-25,-0.0035537970755453725,-0.0035323982853199105,-0.003564653125770263
2021-06-28,0.0026161102844978307,0.0026829602669171436,0.002559228599441002
2021-06-29,0.0038309772808225212,0.004033059345310758,0.0036351131378379313
2021-06-30,-0.00634726061171624,-0.0063410426902125935,-0.00634726061171624
2021-07-01,0.012951412029521115,0.012957629951024762,0.012951412029521115
2021-07-02,0.0045968897947753036,0.00460310771627895,0.0045968897947753036
2021-07-06,0.010206417226552297,0.010248374413475397,0.01017090103593912
2021-07-07,0.018983140953741505,0.019123678342854486,0.018849044560938447
2021-07-08,-0.0065063709768755935,-0.00649992998056567,-0.0065063709768755935
2021-07-09,-0.0011060471202530122,-0.0010771377311805277,-0.0011285155130155732
2021-07-12,-0.0001285083253969767,-0.0001220673290870534,-0.0001285083253969767
2021-07-13,0.006653312820979776,0.006794280791572632,0.0065179984555983755
2021-07-14,0.00513292110129194,0.005304125480940981,0.004966166802841074
2021-07-15,0.00029749564932503276,0.0003019457305232079,0.00029749564932503276
2021-07-16,0.009664798099551713,0.009732919415475577,0.009601126864826023
2021-07-19,-0.006560953321623343,-0.006433454410490978,-0.006686177708428874
2021-07-20,0.003128748323853145,0.0031310228481799787,0.003128748323853145
2021-07-21,-0.0036265498350148773,-0.0036242753106880436,-0.0036265498350148773
2021-07-22,-0.00041098551609159583,-0.00018057466067071017,-0.0006350676640323334
2021-07-23,0.003656248376864698,0.003662577084344846,0.003656248376864698
2021-07-26,-0.0011268388737070496,-0.0011098591071624375,-0.0011376949239319397
2021-07-27,0.009665022235691628,0.00967114595201135,0.009665022235691628
2021-07-28,-0.0038423820355405593,-0.003836258319220837,-0.0038423820355405593
2021-07-29,-0.007948763216252952,-0.00794263949993323,-0.007948763216252952
2021-07-30,-0.005940034309581305,-0.005933910593261584,-0.005940034309581305
2021-08-02,-0.004922653822572574,-0.004894093816775013,-0.00494474017523233
2021-08-03,-0.0016893745870072976,-0.0015707276736990593,-0.0018036173803441368
2021-08-04,-0.001447095709073972,-0.0012169319048375936,-0.0016687160189154818
2021-08-05,0.0010729616402087043,0.0011700665073856348,0.0009825642077770267
2021-08-06,-0.002492418083139993,-0.00248571064839474,-0.002492418083139993
2021-08-09,0.0009095702010299136,0.0009162776357751664,0.0009095702010299136
2021-08-10,0.0025815453982728645,0.0025882528330181172,0.0025815453982728645
2021-08-11,0.0009248179131493204,0.0009315253478945732,0.0009248179131493204
2021-08-12,-0.006509492904167093,-0.0065027854694218405,-0.006509492904167093
2021-08-13,0.0035138179946467714,0.003559745693283844,0.003474597730754952
2021-08-16,0.00456036512775095,0.0045670725624962025,0.00456036512775095
2021-08-17,0.006532727027828407,0.00688100442372361,0.006194302563131067
2021-08-18,-0.004803611821962202,-0.004793758890764338,-0.004803611821962202
2021-08-19,0.009404324277862159,0.009658201289528672,0.009160564323981803
2021-08-20,0.009738173270805704,0.009748290328591858,0.009738173270805704
2021-08-23,-0.006146358128641462,-0.00603775262555812,-0.006244614430984339
2021-08-24,-0.008234615210093929,-0.008224266009353463,-0.008234615210093929
2021-08-25,-0.002311049833579337,-0.0023007006328388717,-0.002311049833579337
2021-08-26,0.0024535162774571347,0.0024638654781976,0.0024535162774571347
2021-08-27,-0.0010552678005282823,-0.0007831613016417395,-0.0013190945468484734
2021-08-30,-0.0016396496079491556,-0.001612230438410859,-0.0016591389617391858
2021-08-31,0.0005706691667000473,0.0005785989824483139,0.0005706691667000473
2021-09-01,0.001644832659138587,0.001754169107197879,0.0015416926805013652
2021-09-02,0.0032359045785207816,0.003269613978267805,0.003207821679748171
2021-09-03,-0.002495175788426053,-0.00248954928745164,-0.002495175788426053
2021-09-07,0.0003806222533881368,0.0006047221979343397,0.00016631547648301352
2021-09-08,0.004607327194637674,0.004617120362278754,0.004607327194637674
2021-09-09,-0.0014498188101423491,-0.0014400256425012694,-0.0014498188101423491
2021-09-10,0.011367821147836504,0.011377614315477583,0.011367821147836504
2021-09-13,0.0012008194638427256,0.0012106126314838054,0.0012008194638427256
2021-09-14,-0.0034763042212890786,-0.0034209159823383227,-0.0035210732295824997
2021-09-15,0.0034420868372777172,0.0037731810462747596,0.0031207857959217543
2021-09-16,-0.008108012968255088,-0.00809821980061401,-0.008108012968255088
2021-09-17,-0.005882711364178307,-0.005872918196537227,-0.005882711364178307
2021-09-20,-0.00025247610309096183,-0.0002426829354498822,-0.00025247610309096183
2021-09-21,-0.00041151698358157487,-0.0003305804737679482,-0.0004841201600618682
2021-09-22,-0.011178041479615595,-0.011169708146282261,-0.011178041479615595
2021-09-23,-0.004156790413733384,-0.004148457080400051,-0.004156790413733384
2021-09-24,-0.000952127969066247,-0.0009437946357329138,-0.000952127969066247
2021-09-27,0.009202622123539861,0.009311142043751525,0.009102895532178627
2021-09-28,-0.005526478689095259,-0.005517685360244829,-0.005526478689095259
2021-09-29,-0.00012695538144019138,-6.580864566896045e-05,-0.00017930878836099252
2021-09-30,-0.006410194867735959,-0.006401401538885529,-0.006410194867735959
2021-10-01,0.0020595907390875633,0.0023084524508824485,0.0018213958805053277
2021-10-04,0.0007879953012701741,0.0009876623502013387,0.0005980497206323495
2021-10-05,-0.003995740098407549,-0.003657562162511586,-0.004328363232676839
2021-10-06,0.0069057337728726355,0.006911288574499309,0.0069057337728726355
2021-10-07,-0.005672332272738367,-0.0056667774711116935,-0.005672332272738367
2021-10-08,-0.0032554057615871313,-0.003249850959960458,-0.0032554057615871313
2021-10-11,-0.002707692885872422,-0.0026891240435236827,-0.002720939401364523
2021-10-12,0.003536085318248588,0.003541407645105226,0.003536085318248588
2021-10-13,0.001575164806187076,0.0018042403696158704,0.0013495870580847737
2021-10-14,0.002335378985370352,0.002338876800696844,0.002335378985370352
2021-10-15,9.033783022983426e-05,9.383564555632634e-05,9.033783022983426e-05
2021-10-18,-0.0003043801867308364,-8.915120079719852e-05,-0.0005143204252484203
2021-10-19,0.0008340949308871762,0.0008393836783032302,0.0008340949308871762
2021-10-20,-0.004394944561458897,-0.00429682442743428,-0.0044859807348612574
2021-10-21,-0.002946679824170388,-0.0029395958635481307,-0.002946679824170388
2021-10-22,0.00059022806514323,0.0006097214685063456,0.000578026671155396
2021-10-25,-0.00696933163031082,-0.006949232233549389,-0.006982139017696968
2021-10-26,0.01252237707215297,0.012683800531412166,0.012371246537429834
2021-10-27,0.0010010489045938359,0.0010636952360506945,0.0009486954976730346
2021-10-28,-2.812746763777511e-05,-1.7834543101717453e-05,-2.812746763777511e-05
2021-10-29,-0.0032781529047782123,-0.0032678599802421545,-0.0032781529047782123
2021-11-01,-0.0023568230034860583,-0.0022992089404485,-0.0024050722814304695
2021-11-02,0.0013934821195081938,0.0015211632619655077,0.0012751657621440276
2021-11-03,0.0012872241302016565,0.001296588915294804,0.0012872241302016565
2021-11-04,-0.0009902259010122164,-0.0007288382200325121,-0.0012404540174598508
2021-11-05,0.00016433861386057913,0.00017549817839264902,0.00016433861386057913
2021-11-08,0.0045146244334942805,0.00452578399802635,0.0045146244334942805
2021-11-09,0.019446430810874233,0.019457590375406304,0.019446430810874233
2021-11-10,0.0027411448635020646,0.002960437821112829,0.0025327764811722154
2021-11-11,-0.0036731841721596215,-0.0036622595968787064,-0.0036731841721596215
2021-11-12,-0.007535740723540068,-0.0074782760771807,-0.007582375763444377
2021-11-15,0.0017492791002058487,0.0019854821674762744,0.0015236707164771432
2021-11-16,0.0021282210530475607,0.0021388157365892805,0.0021282210530475607
2021-11-17,0.005068514441469476,0.005089181237929975,0.005058460778491648
2021-11-18,-0.006284413734451935,-0.006113893312936549,-0.006444497245885745
2021-11-19,-0.010563354527493579,-0.010552917617412002,-0.010563354527493579
2021-11-22,0.01524693271370889,0.01551664394080918,0.01498807169288281
2021-11-23,-0.002211716224174611,-0.0020527363983380387,-0.002362846758897749
2021-11-24,-0.007946733537477721,-0.007938884246364287,-0.007946733537477721
2021-11-26,0.0046171186007429475,0.004701812626188633,0.004540273866410697
2021-11-29,-0.0020493451789164842,-0.0020414958878030493,-0.0020493451789164842
2021-11-30,-0.007261345610211075,-0.007217723101346258,-0.007297118827962456
2021-12-01,0.016042192602461338,0.01630119292230629,0.015793805507244678
2021-12-02,0.012793936033831822,0.012992700059038506,0.01260558134613152
2021-12-03,0.02187718167860576,0.021887591016112144,0.02187718167860576
2021-12-06,0.005216862721081059,0.005502999152720971,0.004941047456809232
2021-12-07,-0.004342997332208936,-0.00433267616484085,-0.004342997332208936
2021-12-08,-0.009918324829204338,-0.009908003661836253,-0.009918324829204338
2021-12-09,-0.00031780974461829975,-0.00012126859220224005,-0.0005039727715793372
2021-12-10,0.007698831185042526,0.008057191049014725,0.007351685308803539
2021-12-13,0.0005747770038269367,0.001036186008859717,0.00012159611505647642
2021-12-14,3.326213310683342e-05,4.149024936915343e-05,3.326213310683342e-05
2021-12-15,-0.010090286196939427,-0.009930169467680598,-0.010241234201038465
2021-12-16,0.013244508184006763,0.013288899366501522,0.013209285726671795
2021-12-17,-0.009421284182292535,-0.00936606799664283,-0.009467331642782451
2021-12-20,-0.010268094147345938,-0.01025892542218615,-0.010268094147345938
2021-12-21,-0.004613754535880365,-0.004542541821390874,-0.00467474805963834
2021-12-22,-0.00861792406966559,-0.00854960957300814,-0.008677045340262068
2021-12-23,-0.0011988738393715428,-0.0011896806133105701,-0.0011988738393715428
2021-12-27,0.0035699542810126166,0.0035791475070735893,0.0035699542810126166
2021-12-28,0.004611192542723153,0.004670018681720211,0.004562131084622535
2021-12-29,0.005615477431858019,0.00562524211275446,0.005615477431858019
2021-12-30,-0.002394857092112349,-0.0023850924112159074,-0.002394857092112349
2021-12-31,-0.004745006950749813,-0.004621001863099681,-0.004861368523028242
2022-01-03,0.007052152180213627,0.00705979569558533,0.007052152180213627
2022-01-04,-0.00345232861610945,-0.0032248341708841083,-0.003673402709880454
2022-01-05,0.01089280073240596,0.010899221083860298,0.01089280073240596
2022-01-06,-0.008188270372972673,-0.008181850021518335,-0.008188270372972673
2022-01-07,0.013879865681831454,0.013971420309715397,0.013796696238595023
2022-01-10,0.0022557614526878735,0.00248230978407667,0.0020328446554244216
2022-01-11,0.0030112863390225043,0.0034222742095985437,0.0026082277957726607
2022-01-12,0.00012288461142132148,0.00013081393874751735,0.00012288461142132148
2022-01-13,0.008023564756060277,0.00817956119451713,0.007872616751961239
2022-01-14,0.0070352169384884,0.007113802994057665,0.0069629115992620805
2022-01-18,0.008208302951117463,0.008214583667460409,0.008208302951117463
2022-01-19,0.0033870544874180075,0.003393335203760953,0.0033870544874180075
2022-01-20,-0.0037690341532599985,-0.003762753436917053,-0.0037690341532599985
2022-01-21,0.013094643125990459,0.013266034817934393,0.012931760760204039
2022-01-24,-0.007319470290547747,-0.007205186947351284,-0.007424705003082321
2022-01-25,-0.008121815348821988,-0.0081127667181601,-0.008121815348821988
2022-01-26,0.004813079743168165,0.004822128373830054,0.004813079743168165
2022-01-27,0.021883476880598596,0.021978613366559277,0.0217973890252998
2022-01-28,-0.002700258064350364,-0.002691209433688475,-0.002700258064350364
2022-01-31,-0.015282049222028127,-0.015273000591366239,-0.015282049222028127
2022-02-01,0.006790347077093066,0.006799395707754955,0.006790347077093066
2022-02-02,0.014364210701808346,0.014373259332470235,0.014364210701808346
2022-02-03,0.004620918704618684,0.004629967335280573,0.004620918704618684
2022-02-04,-0.01758368984447483,-0.01757464121381294,-0.01758368984447483
2022-02-07,-0.008392890292299365,-0.008383841661637477,-0.008392890292299365
2022-02-08,0.0003189149715048688,0.000327963602166758,0.0003189149715048688
2022-02-09,-0.007205236674984885,-0.006946682705238338,-0.0074597659475261705
2022-02-10,0.002344378415552104,0.002348403112757365,0.002344378415552104
2022-02-11,-0.0012454442606415492,-0.0012414195634362882,-0.0012454442606415492
2022-02-14,-0.0016603653737781207,-0.0015305746155956142,-0.001785805336074454
2022-02-15,-0.0072317672552540315,-0.007227416459367858,-0.0072317672552540315
2022-02-16,0.022400969297132093,0.022405320093018266,0.022400969297132093
2022-02-17,0.005018436351679345,0.005022787147565518,0.005018436351679345
2022-02-18,-0.00498305392028433,-0.004692769869287909,-0.005267009701662865
2022-02-22,0.0017550383751877277,0.0018648514700487814,0.0016498036626531537
2022-02-23,0.009926645425259955,0.010006673260830766,0.00985166965651033
2022-02-24,-0.0041570132820835035,-0.0040572492751384075,-0.004250212342258478
2022-02-25,-0.0020855636596818277,-0.001936418283630431,-0.002228634304460563
2022-02-28,-0.000981413607887106,-0.0009753388766144443,-0.000981413607887106
2022-03-01,0.0063376072343612954,0.0063478589830414794,0.006333460841213589
2022-03-02,-0.001375020399984419,-0.001343273405657876,-0.0014006134852944446
2022-03-03,0.005289365194330442,0.00529551910334696,0.005289365194330442
2022-03-04,-0.0009264177001052428,-0.0009202637910887254,-0.0009264177001052428
2022-03-07,0.014749057014127443,0.01475521092314396,0.014749057014127443
2022-03-08,-0.010010040217718726,-0.009710112339094567,-0.010303750094987517
2022-03-09,-0.003908289228380215,-0.003902071227024846,-0.003908289228380215
2022-03-10,0.0004863873146166917,0.0004926053159720601,0.0004863873146166917
2022-03-11,-0.0015419132388528303,-0.0015260110506863096,-0.0015514363103013634
2022-03-14,-0.008993886661256919,-0.008987507544538932,-0.008993886661256919
2022-03-15,-0.0021737572123339912,-0.0020814119961140415,-0.0022610874122218753
2022-03-16,0.004449421775650838,0.004454436791982904,0.004449421775650838
2022-03-17,0.0026609938049158926,0.002666008821247958,0.0026609938049158926
2022-03-18,0.002414968863843162,0.0024199838801752275,0.002414968863843162
2022-03-21,-0.00024996645374057583,-0.00014098190534748783,-0.00035233312394816757
2022-03-22,0.004886158123025724,0.00489277600121122,0.004886158123025724
2022-03-23,-0.003551526398527088,-0.0033356377881604707,-0.0037601490743800576
2022-03-24,0.006272446178425768,0.006553615029485993,0.00599854326187919
2022-03-25,0.006763162607748681,0.0067865227741295674,0.006746779624114186
2022-03-28,-0.0021293714351288276,-0.002000018630211063,-0.0022503050901295234
2022-03-29,0.0013195896317163348,0.0013320696316611658,0.0013154432385686292
2022-03-30,-0.005634484614470455,-0.005489371646945259,-0.005772678374181579
2022-03-31,-0.0032962245941084334,-0.003289305386294363,-0.0032962245941084334
2022-04-01,-0.011773125112693765,-0.011766205904879694,-0.011773125112693765
2022-04-04,-0.002785600960481144,-0.0027786817526670735,-0.002785600960481144
2022-04-05,-0.005310026553637166,-0.005049823112581215,-0.005566345176842887
2022-04-06,0.0013875980807422483,0.0013914828985924787,0.0013875980807422483
2022-04-07,-0.001497165738840648,-0.0014932809209904174,-0.001497165738840648
2022-04-08,0.0016724907482304349,0.0016814999769551474,0.0016674479070719714
2022-04-11,0.0034933848655846877,0.003498416619408186,0.0034923363792548757
2022-04-12,0.0048544415438095175,0.0048584248113032035,0.0048544415438095175
2022-04-13,-0.003094526694955711,-0.0030905434274620244,-0.003094526694955711
2022-04-14,0.0005378408212220602,0.0005418240887157465,0.0005378408212220602
2022-04-18,0.00042348057537064393,0.00047116112034604026,0.0003805899902424901
2022-04-19,0.008750233153780635,0.008755023113627879,0.008750233153780635
2022-04-20,0.01324704772320098,0.013251837683048223,0.01324704772320098
2022-04-21,0.0019654525910971273,0.0020275849981013683,0.0019070939461734498
2022-04-22,-0.0008583220779364009,-0.0006433523231911629,-0.0010695255940785665
2022-04-25,0.004208136502335067,0.004288703368677557,0.004131335874595649
2022-04-26,-0.0027243546257963366,-0.002628149327277663,-0.002817370085448294
2022-04-27,-0.005754984929185189,-0.005751795090318473,-0.005754984929185189
2022-04-28,-0.0013644377804261634,-0.001311003973506902,-0.00141573848511566
2022-04-29,-0.00120772650599906,-0.0012055934037692954,-0.00120772650599906
2022-05-02,0.00453057588652984,0.004697992249925958,0.004367511673220016
2022-05-03,0.0038277514011841587,0.003893494411727102,0.0037668081107916263
2022-05-04,-0.0014150159117444624,-0.0014102161915940511,-0.0014150159117444624
2022-05-05,-0.00256417719570955,-0.00239040878661598,-0.0027355875838150447
2022-05-06,-0.00986541369651042,-0.009863055675522345,-0.00986541369651042
2022-05-09,-0.006406875133352166,-0.0063677897476408715,-0.00644397229040255
2022-05-10,-0.03608731547082062,-0.03605971645654135,-0.036112535770048394
2022-05-11,-0.005682213580468046,-0.005679834865416559,-0.005682213580468046
2022-05-12,0.04265687579271761,0.0426592545077691,0.04265687579271761
2022-05-13,-0.003602874128324533,-0.0035457573503844975,-0.0036565192739386695
2022-05-16,-0.006598226947071857,-0.0065947553147459575,-0.006598226947071857
2022-05-17,0.003019369266277573,0.0030228408986034726,0.003019369266277573
2022-05-18,0.006916331200186542,0.007039003220408759,0.006797231467602659
2022-05-19,-0.005337852118360705,-0.005262138741382852,-0.005410633919842596
2022-05-20,-0.003135858041433535,-0.0031329264659375753,-0.003135858041433535
2022-05-23,-0.005759482226875172,-0.005680027038646848,-0.00583628285461459
2022-05-24,0.01439869213770016,0.014465836038451512,0.01433543935265247
2022-05-25,-0.0012405185607070512,-0.0009365245057506317,-0.001534968012429375
2022-05-26,-0.0011042884599691352,-0.0010947438567350393,-0.0011042884599691352
2022-05-27,0.007524270186438937,0.0075338147896730325,0.007524270186438937
2022-05-31,-0.006075074580369779,-0.006041480449805018,-0.006098748333835902
2022-06-01,0.009530654707091916,0.009540575084190553,0.009530654707091916
2022-06-02,-0.006670936895281924,-0.006558422697015133,-0.0067735035570986825
2022-06-03,-0.0018727283212873886,-0.001850519523798523,-0.0018850197689091702
2022-06-06,0.003976020436858918,0.003985937786726002,0.003976020436858918
2022-06-07,-0.0014375826639429774,-0.001398638785554046,-0.0014666334494418292
2022-06-08,-0.0045117896973863,-0.0045018966044962205,-0.0045117896973863
2022-06-09,-0.0038005588298471752,-0.0035343256585727637,-0.004058919981935211
2022-06-10,0.003361442528295137,0.003427414032140551,0.003304108794904238
2022-06-13,0.00722492630880236,0.007233564079256875,0.00722492630880236
2022-06-14,-0.008780579663838195,-0.00877194189338368,-0.008780579663838195
2022-06-15,-0.0030751874279461295,-0.003066549657491615,-0.0030751874279461295
2022-06-16,-0.0056184410227718565,-0.005546631399656891,-0.005680608586816189
2022-06-17,-0.0012847867459826216,-0.0012488351724605391,-0.0013110962604340709
2022-06-21,-0.00495028951069954,-0.004920104004457535,-0.0049704835874447885
2022-06-22,0.007284689935812878,0.007312044423999496,0.007267020923136962
2022-06-23,0.001524390036613065,0.0015340755121237663,0.001524390036613065
2022-06-24,0.0003171529586702209,0.0006776506282057471,-4.054927809979221e-05
2022-06-27,-0.0011742454150702553,-0.0011714499823047423,-0.0011742454150702553
2022-06-28,0.002708009641705032,0.002710805074470545,0.002708009641705032
2022-06-29,-0.0003553497644111393,-0.00035255433164562626,-0.0003553497644111393
2022-06-30,0.0034475240906075752,0.0034503195233730882,0.0034475240906075752
2022-07-01,0.0004750499712862078,0.0004778454040517208,0.0004750499712862078
2022-07-05,0.0013829481054139325,0.0016109645278282961,0.0011618047954185752
2022-07-06,-0.002293094245995091,-0.002286221133576085,-0.002293094245995091
2022-07-07,-0.014561208397658051,-0.014554335285239046,-0.014561208397658051
2022-07-08,0.0050003655438098345,0.005007238656228841,0.0050003655438098345
2022-07-11,0.011037104243713387,0.011087404152372516,0.010993677447473262
2022-07-12,-0.011701769524997909,-0.011590761188833596,-0.011806670500011354
2022-07-13,-0.010528076357364703,-0.010307832956801806,-0.01073853024397927
2022-07-14,-0.0031630502472212757,-0.003153260733272944,-0.0031630502472212757
2022-07-15,-0.013137917718139762,-0.013065446632010518,-0.013200962387584355
2022-07-18,-0.0012791960742823032,-0.0011281030378152545,-0.0014220013479891234
2022-07-19,0.004148811058478811,0.004157098821239039,0.004148811058478811
2022-07-20,-0.0034330831970869283,-0.0034247954343267,-0.0034330831970869283
2022-07-21,0.008547532858348587,0.008636321073354051,0.008468532331743344
2022-07-22,-0.0009457732248980425,-0.0008590522390617738,-0.001021201722976209
2022-07-25,-0.0040173559951925935,-0.0039432980756494915,-0.00407962626584899
2022-07-26,-0.008225647912475624,-0.008213860263588918,-0.008225647912475624
2022-07-27,-0.0178771309694593,-0.017851218508259718,-0.017891371288231317
2022-07-28,0.04787658916188739,0.04788826130431495,0.04787658916188739
2022-07-29,-0.013210642926990975,-0.013124989777749544,-0.013285083483832937
2022-08-01,-0.015705356579672158,-0.015694143987272688,-0.015705356579672158
2022-08-02,0.015618621268622531,0.015863416793162582,0.015382578501124311
2022-08-03,0.03530372732240281,0.035312480079444646,0.03530372732240281
2022-08-04,-0.010065050986717759,-0.010056298229675928,-0.010065050986717759
2022-08-05,0.006032111174734085,0.0060408639317759165,0.006032111174734085
2022-08-08,-0.0005572628094417446,-0.0005485100523999137,-0.0005572628094417446
2022-08-09,-0.0015446582896689856,-0.0015359055326271548,-0.0015446582896689856
2022-08-10,-0.006387234753759592,-0.006378481996717761,-0.006387234753759592
2022-08-11,-0.013247840071809966,-0.013239087314768135,-0.013247840071809966
2022-08-12,0.006019996219645107,0.006028748976686938,0.006019996219645107
2022-08-15,0.0009218419472920484,0.0012826260836450475,0.0005656439013142134
2022-08-16,0.0004510634866809249,0.00045564957705608914,0.0004510634866809249
2022-08-17,0.0017090159009013103,0.0017136019912764745,0.0017090159009013103
2022-08-18,0.0011368754808030715,0.0012177968388070084,0.0010589968710942373
2022-08-19,0.0016955376069892492,0.0016985803552843522,0.0016955376069892492
2022-08-22,0.0007054077439228707,0.0008332495732868962,0.0005788481888762511
2022-08-23,-0.0014358703842152316,-0.0014345881098978255,-0.0014358703842152316
2022-08-24,-0.001959283806221843,-0.001919846154866128,-0.001996217820358797
2022-08-25,0.004451213369454148,0.004453717006672908,0.004451213369454148
2022-08-26,-0.0014372317547467549,-0.0014015321219981135,-0.001469866569597977
2022-08-29,0.0024608707765660987,0.002463935594463518,0.0024608707765660987
2022-08-30,0.002554303990562242,0.002557368808459661,0.002554303990562242
2022-08-31,0.0013263354484532883,0.0013871727014775931,0.0012672286735409919
2022-09-01,0.002418371186766386,0.0024201016648783946,0.002418371186766386
2022-09-02,0.0004953012417594845,0.0004970317198714929,0.0004953012417594845
2022-09-06,-0.001371891230899737,-0.0013701607527877285,-0.001371891230899737
2022-09-07,0.002842291171447043,0.0028440216495590515,0.002842291171447043
2022-09-08,0.004682703179272176,0.004684433657384184,0.004682703179272176
2022-09-09,0.0009845023889476722,0.0009862328670596806,0.0009845023889476722
2022-09-12,-0.0014155050391567174,-0.001413774561044709,-0.0014155050391567174
2022-09-13,-0.00024185938104254225,-7.413202775991782e-05,-0.0004084078145445862
2022-09-14,-0.0002821207746959655,-0.00028094185491538506,-0.0002821207746959655
2022-09-15,-0.005345085744244164,-0.005343906824463583,-0.005345085744244164
2022-09-16,-0.0011463959565260798,-0.0008451764190039305,-0.00144186451100644
2022-09-19,0.01218981790655211,0.012467891860146194,0.01192115570785984
2022-09-20,0.021228921192484124,0.021238332947385936,0.021228921192484124
2022-09-21,-0.012488997198754976,-0.012479585443853164,-0.012488997198754976
2022-09-22,0.010556693764456523,0.010695645464367277,0.01042757567537779
2022-09-23,-0.004599727238577933,-0.004549257521452198,-0.004640211966180381
2022-09-26,-0.006304991135831534,-0.006277132645050275,-0.006322804803718263
2022-09-27,0.007438104923288863,0.007653398059030359,0.0072329806909146605
2022-09-28,0.002986144456304716,0.0029963133596720088,0.002986144456304716
2022-09-29,0.0032083407762395133,0.003253498562217778,0.0031734047135748926
2022-09-30,0.0021706936963497027,0.0021809154196633473,0.0021706936963497027
2022-10-03,-0.005078214611272726,-0.005067992887959082,-0.005078214611272726
2022-10-04,0.0003793429030473935,0.0003895646263610379,0.0003793429030473935
2022-10-05,9.573554753453586e-05,0.0001962191901061089,5.100868625090172e-06
2022-10-06,-0.00347209799253093,-0.00337440579398203,-0.0035595814281074224
2022-10-07,0.005533411848733157,0.005543620611705564,0.005533411848733157
2022-10-10,-0.0093177153079376,-0.009089248249082603,-0.009536417648877185
2022-10-11,-0.0039591733731952385,-0.0038534316654858596,-0.004055062881862628
2022-10-12,-0.002744738621967499,-0.0027348864229255095,-0.002744738621967499
2022-10-13,0.016822772868674347,0.016832625067716336,0.016822772868674347
2022-10-14,0.01272918152112615,0.013040685568135401,0.012427081809582689
2022-10-17,0.0035796367300447306,0.0038426410691634397,0.0033223777941204834
2022-10-18,0.0015690525469791625,0.0017166771454399663,0.001427173351712821
2022-10-19,0.0013896535150344175,0.0013953989182288796,0.0013896535150344175
2022-10-20,-9.466535880316749e-05,-2.37323331144548e-06,-0.00018224287890952686
2022-10-21,0.002629331360459135,0.002682146423371067,0.0025812309029325654
2022-10-24,0.004219045434727468,0.004223760040112831,0.004219045434727468
2022-10-25,-0.0018032073874872081,-0.0015806669321003848,-0.0020217397536948416
2022-10-26,0.00516959513088446,0.00517360322006365,0.00516959513088446
2022-10-27,0.004448361380103565,0.0044523694692827544,0.004448361380103565
2022-10-28,-0.003854900711978926,-0.0038508926227997357,-0.003854900711978926
2022-10-31,0.009913337270249142,0.009917345359428332,0.009913337270249142
2022-11-01,0.0035336652344591284,0.003717766059720656,0.003352442533867729
2022-11-02,0.003369506458276156,0.003372384582946284,0.003369506458276156
2022-11-03,0.008859940013461102,0.00886281813813123,0.008859940013461102
2022-11-04,0.010553590053188339,0.010556468177858467,0.010553590053188339
2022-11-07,0.023966892703996698,0.023969770828666827,0.023966892703996698
2022-11-08,-0.012875988322153328,-0.012790714578858605,-0.012958429571490748
2022-11-09,-0.0028640584234607314,-0.0028612259295034284,-0.0028640584234607314
2022-11-10,0.004726388995858422,0.004764741871174104,0.004690366306494173
2022-11-11,-0.009180928961604048,-0.00908936447682464,-0.00926867734482227
2022-11-14,-0.009013678391066616,-0.008817434894712442,-0.00920392507831259
2022-11-15,0.007518485129487371,0.00766636113386191,0.007376605934221029
2022-11-16,0.0016273461115214932,0.0016944015298738738,0.0015665012220218994
2022-11-17,0.00210748198354958,0.0021136925124023665,0.00210748198354958
2022-11-18,0.006832885945964841,0.006839096474817627,0.006832885945964841
2022-11-21,0.007240123288238178,0.007286869816694027,0.007199587288635116
2022-11-22,-0.00215731856583111,-0.0021511080369783233,-0.00215731856583111
2022-11-23,0.003299081180096571,0.0033052917089493577,0.003299081180096571
2022-11-25,0.0023355258353838612,0.002341736364236648,0.0023355258353838612
2022-11-28,0.00014479528610257942,0.00015100581495536627,0.00014479528610257942
2022-11-29,-0.0020812857619603086,-0.002075075233107522,-0.0020812857619603086
2022-11-30,-0.01161490233173446,-0.011474613527081078,-0.011751136690383284
2022-12-01,0.006207830758964526,0.0063431192547743435,0.0060787509284313335
2022-12-02,0.003436986679371026,0.0034678877189464894,0.0034127243041046137
2022-12-05,-0.007014364171816516,-0.006937798399459948,-0.007083816062749228
2022-12-06,0.0020657295917208343,0.0021695908172511416,0.0019705459064740583
2022-12-07,-0.004149573750362671,-0.0037044403626400684,-0.00458422725680683
2022-12-08,-0.006429812865875694,-0.006419332984597251,-0.006429812865875694
2022-12-09,0.002084618134580705,0.002095098015859148,0.002084618134580705
2022-12-12,0.0018159918070751553,0.001957664471989303,0.0016846439101676715
2022-12-13,-0.0035040315170309405,-0.003130016136985163,-0.0038672943010451813
2022-12-14,-0.0022799600576431343,-0.0022692074616115976,-0.0022799600576431343
2022-12-15,0.001886620855591311,0.001924471376459548,0.001859536539766829
2022-12-16,0.0033738709715525807,0.0033846371765963354,0.0033738709715525807
2022-12-19,0.00881898395762294,0.009189025993906478,0.008459607677420341
2022-12-20,-0.0014274782482516994,-0.0010832890872650965,-0.0017610529690834972
2022-12-21,0.007281340675201898,0.007291955115356703,0.007281340675201898
2022-12-22,0.01179224953730553,0.011802863977460335,0.01179224953730553
2022-12-23,0.0010081227696966293,0.0010187372098514344,0.0010081227696966293
2022-12-27,0.011151131078901604,0.011214716365010273,0.011098334685581454
2022-12-28,0.003420958614472125,0.003431747507260645,0.003420958614472125
2022-12-29,0.00047224169666099764,0.0004830305894495178,0.00047224169666099764
2022-12-30,-0.002079103106543643,-0.0019290777173448927,-0.002220381525430539
2023-01-03,0.0027001392430294276,0.0027327185895752665,0.0026758768677630153
2023-01-04,0.003314112687609928,0.003348155923812412,0.003287911205572066
2023-01-05,-0.0034869643351272458,-0.0034269438610835465,-0.0035381711545794513
2023-01-06,-0.0002741541342780555,0.00016343594038395253,-0.0007066436348927074
2023-01-09,0.0022715414409585906,0.0022766420150059467,0.0022715414409585906
2023-01-10,-0.0027467708657960437,-0.0027416702917486876,-0.0027467708657960437
2023-01-11,-0.0032027054587852643,-0.0031514695948737137,-0.00324946556838678
2023-01-12,0.00119642391258885,0.0014085347051993684,0.0009878810073549102
2023-01-13,4.448272553745431e-05,5.525359662553967e-05,3.751031108687918e-05
2023-01-17,0.0024504891934887187,0.0024542876501262288,0.0024504891934887187
2023-01-18,-0.000915806449429084,-0.0008723331785417034,-0.000956611253908004
2023-01-19,-0.001152263432556475,-0.0010500362172520816,-0.0012503557876905108
2023-01-20,0.0041482080131067574,0.00422898586208522,0.004072894346326164
2023-01-23,-0.00412683092932293,-0.003921432122421152,-0.004323616641329036
2023-01-24,0.004618198603237922,0.004626811698133593,0.004618198603237922
2023-01-25,0.005235118826585839,0.005243731921481511,0.005235118826585839
2023-01-26,0.004357345646339724,0.004409071474002948,0.004313224432907022
2023-01-27,-0.0019600080763426107,-0.0019524034621120892,-0.0019600080763426107
2023-01-30,0.0016262751558621864,0.001633879770092708,0.0016262751558621864
2023-01-31,-0.004402804268858925,-0.004395199654628404,-0.004402804268858925
2023-02-01,0.0037643847654885514,0.003820705640701357,0.0037171062711694523
2023-02-02,0.004707345676425192,0.004716388057318898,0.004707345676425192
2023-02-03,0.010120077097801362,0.010129119478695069,0.010120077097801362
2023-02-06,0.0043483510549717054,0.004428819328498888,0.004275455675512961
2023-02-07,0.006662294327467004,0.006669867221535442,0.006662294327467004
2023-02-08,-0.0036867466163011445,-0.003557631477413241,-0.003808514925528489
2023-02-09,-0.00086197808545518,-0.0008143775813465471,-0.0009016618127961761
2023-02-10,-0.006994794332482709,-0.006986877555715072,-0.006994794332482709
2023-02-13,-0.0014562725742872163,-0.0010965738787973595,-0.0018053014310893444
2023-02-14,3.441098003998915e-05,4.508081872771786e-05,3.441098003998915e-05
2023-02-15,-0.0026969289545147788,-0.002332402919133514,-0.003052357234349697
2023-02-16,-0.0007099170466410378,-0.0007008192910946918,-0.0007099170466410378
2023-02-17,-0.002535366529212448,-0.002361225112187417,-0.0026985471864700676
2023-02-21,0.0018386920965829169,0.0018496528563503277,0.0018386920965829169
2023-02-22,0.004955578330349124,0.004966539090116536,0.004955578330349124
2023-02-23,-0.0017140881054558007,-0.0017031273456883898,-0.0017140881054558007
2023-02-24,0.0010078706535702757,0.0010188314133376866,0.0010078706535702757
2023-02-27,0.0003037431352194458,0.0003147038949868567,0.0003037431352194458
2023-02-28,0.004158336638452811,0.004169297398220222,0.004158336638452811
2023-03-01,0.0004398950944360835,0.0004508558542034944,0.0004398950944360835
2023-03-02,0.001215673376472943,0.0012724748638962679,0.0011683948821538436
2023-03-03,-0.001287155523693301,-0.0012776325305890752,-0.001287155523693301
2023-03-06,-0.002986418696391329,-0.0029768957032871033,-0.002986418696391329
2023-03-07,0.0021172154952513187,0.0021697057997457367,0.0020736052962981007
2023-03-08,-0.0023614535432530687,-0.0023228726046156107,-0.0023912664743354845
2023-03-09,-0.008805096023729222,-0.008626503246049015,-0.008974022356521458
2023-03-10,0.005771558684823116,0.005840264299981749,0.005713397374354823
2023-03-13,0.002313064387269374,0.002323608691959713,0.002313064387269374
2023-03-14,-0.021762913200481387,-0.02153660922932657,-0.02198316181699702
2023-03-15,-0.011624852256634042,-0.011618796901994858,-0.011624852256634042
2023-03-16,0.00015572793895769454,0.00042888393377172804,-0.00011452351368261558
2023-03-17,-0.0009481046665064801,-0.0009452001243327566,-0.0009481046665064801
2023-03-20,-0.0006791915366365618,-0.0006145782393261311,-0.0007391203392645917
2023-03-21,-0.003848603743188662,-0.0038439192485062615,-0.003848603743188662
2023-03-22,-0.001446923102271034,-0.0014422386075886333,-0.001446923102271034
2023-03-23,-0.009401979368527486,-0.009397294873845085,-0.009401979368527486
2023-03-24,0.006067495566082666,0.0060721800607650665,0.006067495566082666
2023-03-27,0.006116431983104332,0.006144781354963551,0.0060932845918525765
2023-03-28,-0.0004563354640862953,-0.000451133483478831,-0.0004563354640862953
2023-03-29,-0.004277740177395508,-0.004272538196788044,-0.004277740177395508
2023-03-30,-0.0017798493653744987,-0.0017746473847670345,-0.0017798493653744987
2023-03-31,-0.0038333110275505637,-0.00381095790120482,-0.0038503944882676967
2023-04-03,-0.00302005989923406,-0.002926851486963958,-0.0031083102588398467
2023-04-04,-0.009899173302986647,-0.009894215250322332,-0.009899173302986647
2023-04-05,0.009203594285247658,0.009208552337911973,0.009203594285247658
2023-04-06,0.004225998883945169,0.004370175343721741,0.004085441832417703
2023-04-10,-0.007034825181824372,-0.006779594904923695,-0.0072846121838111445
2023-04-11,-0.005331115305092628,-0.005325672030178723,-0.005331115305092628
2023-04-12,0.004576597661389452,0.004582040936303357,0.004576597661389452
2023-04-13,-0.006447206827241635,-0.006365758413977396,-0.006521889620545496
2023-04-14,-0.01339014185659557,-0.013144140808916864,-0.013626653278861027
2023-04-17,0.004207378661704081,0.00421686828711733,0.004207378661704081
2023-04-18,0.0018807265832927712,0.0019501450113340504,0.0018207977806647413
2023-04-19,0.010182683934276217,0.010192173559689465,0.010182683934276217
2023-04-20,-0.005203797424797416,-0.005194307799384166,-0.005203797424797416
2023-04-21,-0.006636147063061413,-0.006485604240329736,-0.00677720026037984
2023-04-24,0.004349266076816095,0.004358755702229345,0.004349266076816095
2023-04-25,-0.0077478052368693635,-0.007632677493871413,-0.007853443354454063
2023-04-26,-0.0010015571156347935,-0.0009920674902215443,-0.0010015571156347935
2023-04-27,0.002383363567617247,0.0023928531930304964,0.002383363567617247
2023-04-28,0.012551438300291857,0.012560927925705106,0.012551438300291857
2023-05-01,0.0030180360884542175,0.0030686253543223767,0.0029761842385268218
2023-05-02,-0.01880108781838269,-0.018705734246002914,-0.018889338177988477
2023-05-03,-0.008212230054644587,-0.008205126841870598,-0.008212230054644587
2023-05-04,0.004000430065522088,0.004007533278296076,0.004000430065522088
2023-05-05,0.007171964766861266,0.007179067979635254,0.007171964766861266
2023-05-08,0.001541503827287118,0.0016742218132772733,0.0014132890926629377
2023-05-09,-0.0013654554295633409,-0.0013609521781973658,-0.0013654554295633409
2023-05-10,-0.013193992239954893,-0.013189488988588918,-0.013193992239954893
2023-05-11,-0.004237451758625711,-0.004123066451679263,-0.004345344960993201
2023-05-12,0.0013479135511188648,0.001646566843265562,0.0010549556863873224
2023-05-15,0.015148519219867733,0.015188734045521401,0.015114721482025367
2023-05-16,0.006542534369422896,0.0065489514572342,0.006542534369422896
2023-05-17,0.0017419434975012068,0.0018813916647842828,0.0016110503548621632
2023-05-18,-0.005187126841675458,-0.005148883684566627,-0.005217161847743416
2023-05-19,0.0033553901801928257,0.0035276043989413627,0.0031890409751843913
2023-05-22,0.004088302993900805,0.0040941680076409075,0.004088302993900805
2023-05-23,-0.000488449497587265,-0.00020059954061131557,-0.0007699782029503223
2023-05-24,-0.010979812387128009,-0.010973491135515117,-0.010979812387128009
2023-05-25,-0.0050610867381549116,-0.0050547654865420195,-0.0050610867381549116
2023-05-26,0.015934728548245364,0.01594104979985826,0.015934728548245364
2023-05-30,0.004942737726914048,0.00535015567645446,0.00454577994762155
2023-05-31,0.020457642626176838,0.02046810279642475,0.020457642626176838
2023-06-01,0.0012906384964334505,0.0013010986666813652,0.0012906384964334505
2023-06-02,-0.012190040765111024,-0.012179580594863109,-0.012190040765111024
2023-06-05,-0.003620347752879721,-0.003269553470234628,-0.0039611053839137145
2023-06-06,-0.021046059645149936,-0.021036022993538836,-0.021046059645149936
2023-06-07,-0.004686348717676438,-0.004519690451037853,-0.004842794165651263
2023-06-08,-0.031770361681636064,-0.03171556366788897,-0.03181510958687779
2023-06-09,0.008876036495681246,0.008974084774537629,0.00878804365498896
2023-06-12,-0.0008057741844311247,-0.0007345606204820325,-0.0008670434523978174
2023-06-13,-0.011307306690884884,-0.011240561041850897,-0.01136413924789179
2023-06-14,0.017474969499108903,0.017508481484913893,0.017451323956826418
2023-06-15,-0.0019214215133948258,-0.001838484720406118,-0.0019946298420207235
2023-06-16,-0.005983296673864992,-0.005936980829088478,-0.006019791991895617
2023-06-20,0.004337940249036237,0.004546382863814671,0.0041390834289024
2023-06-21,0.012436153634989192,0.012445739429633788,0.012436153634989192
2023-06-22,0.013629075630345702,0.013764215990421,0.013500964484825392
2023-06-23,-0.005523093399783268,-0.0055160641852282765,-0.005523093399783268
2023-06-26,-0.017833559869523584,-0.017546713479941016,-0.01811110003472602
2023-06-27,-0.01032131616081506,-0.010312009936434923,-0.01032131616081506
2023-06-28,-0.014659240585235435,-0.014649934360855299,-0.014659240585235435
2023-06-29,0.004400684502117074,0.004437448368168187,0.004373226860446097
2023-06-30,-0.019530824581233484,-0.01935615207483167,-0.019696734620776753
2023-07-03,-0.004381294560532445,-0.004288438155884704,-0.004464476012448471
2023-07-05,0.0008296924535786018,0.0008393674063103163,0.0008296924535786018
2023-07-06,-0.006974043915149109,-0.006964368962417395,-0.006974043915149109
2023-07-07,-0.0038331255683656928,-0.0037248144930697408,-0.003933045711915813
2023-07-10,0.001588489582863158,0.0016210756211593401,0.0015639042326587693
2023-07-11,-0.0014254085244922651,-0.0012051398570030033,-0.0016379765339094635
2023-07-12,0.006127907295636624,0.006141494603738062,0.006122045234710421
2023-07-13,0.012817995667352491,0.012825720914527727,0.012817995667352491
2023-07-14,-0.002096340951518733,-0.0018522629716403564,-0.002332503295811244
2023-07-17,0.01385938848209866,0.013867304117684526,0.01385938848209866
2023-07-18,0.0011743560963754732,0.0011822717319613391,0.0011743560963754732
2023-07-19,0.0016103528762604065,0.0016182685118462724,0.0016103528762604065
2023-07-20,0.010316983557366325,0.010324899192952191,0.010316983557366325
2023-07-21,0.004652204154459001,0.004660119790044867,0.004652204154459001
2023-07-24,-0.0011124982222289837,-0.0011045825866431178,-0.0011124982222289837
2023-07-25,-0.0028933247685228357,-0.0026076556646085374,-0.0031735426000504123
2023-07-26,-0.0031891357399266543,-0.003145679600291484,-0.0032271406071751035
2023-07-27,0.0010385364584444214,0.0010439877308311427,0.0010385364584444214
2023-07-28,-0.006697542922495907,-0.0066646340084382085,-0.006725000564166883
2023-07-31,-0.009007823859927332,-0.008863886824996933,-0.00914630962247101
2023-08-01,0.00037601665818481125,0.0004599265774521263,0.0002966455254310446
2023-08-02,0.004626133633655395,0.004630672420168943,0.004626133633655395
2023-08-03,-0.0022482526075246994,-0.001994909689391736,-0.002492890072477448
2023-08-04,-0.005583759116764741,-0.005355783884145885,-0.005803401016050264
2023-08-07,0.0030839213911876733,0.0030922547245210066,0.0030839213911876733
2023-08-08,-0.014154706993974451,-0.014146373660641117,-0.014154706993974451
2023-08-09,-0.005648120405110028,-0.005639787071776695,-0.005648120405110028
2023-08-10,-0.020423740658883516,-0.02026930019703829,-0.02056984778739541
2023-08-11,-0.003366843984207895,-0.0031312257495799784,-0.003595011172413898
2023-08-14,-0.004252113594447453,-0.00424466254802554,-0.004252113594447453
2023-08-15,-0.0032354016290306225,-0.0032279505826087094,-0.0032354016290306225
2023-08-16,-0.003680521950135568,-0.0036730709037136548,-0.003680521950135568
2023-08-17,0.005425472008846137,0.005432923055268051,0.005425472008846137
2023-08-18,-0.0011452489112837758,-0.0011377978648618625,-0.0011452489112837758
2023-08-21,-0.0013293036775303046,-0.0013218526311083913,-0.0013293036775303046
2023-08-22,-0.003785522244311512,-0.003778071197889599,-0.003785522244311512
2023-08-23,-0.0034975693770453557,-0.0034901183306234426,-0.0034975693770453557
2023-08-24,0.005493891273363722,0.005501342319785636,0.005493891273363722
2023-08-25,-0.0014799096586213493,-0.001472458612199436,-0.0014799096586213493
2023-08-28,0.001375399568001907,0.0013828506144238203,0.001375399568001907
2023-08-29,-0.0018569057302113528,-0.0018494546837894395,-0.0018569057302113528
2023-08-30,-0.0003173193010395511,-0.0003098682546176378,-0.0003173193010395511
2023-08-31,-0.003778636695280183,-0.0035655815632864804,-0.003985269292984482
2023-09-01,-0.00013782807380865447,6.431131321958682e-05,-0.0003369337764237278
2023-09-05,-0.0005693095940207592,-0.0005662759096075913,-0.0005693095940207592
2023-09-06,-0.0008696958476737555,-0.0008666621632605876,-0.0008696958476737555
2023-09-07,-0.0003255375190544498,-0.00029128304769468906,-0.0003570334995082108
2023-09-08,-0.0033260369421865893,-0.0030403811872512713,-0.0036084212275852095
2023-09-11,0.0030853814152085562,0.003164980642455955,0.0030105531368007183
2023-09-12,-0.011448001653505324,-0.011443230704665762,-0.011448001653505324
2023-09-13,-0.007470951589872628,-0.0073084577293039445,-0.007628674501601749
2023-09-14,-0.007353267138698451,-0.007348496189858889,-0.007353267138698451
2023-09-15,-0.0010290315888432104,-0.0010090886273753505,-0.0010442036014715092
2023-09-18,0.002806385236059842,0.003239950729428883,0.0023836566972732327
2023-09-19,-0.0020541497475565114,-0.001629995690464463,-0.0024676398176141636
2023-09-20,0.008049369037691493,0.00806003302472589,0.008049369037691493
2023-09-21,-0.003796328607496071,-0.003785664620461675,-0.003796328607496071
2023-09-22,0.001005793505372615,0.0010164574924070111,0.001005793505372615
2023-09-25,-0.0003566828885486601,-0.0001348594008092465,-0.000568135138433925
2023-09-26,-0.0037480786584241383,-0.003556929659400283,-0.003928444955828432
2023-09-27,-0.006369557717745292,-0.00635877501612573,-0.006369557717745292
2023-09-28,-0.008226628091263285,-0.008215845389643723,-0.008226628091263285
2023-09-29,-0.0010025733807735018,-0.0008259929829833087,-0.0011687590114010857
2023-10-02,0.0003452163889191428,0.0004981398297818221,0.00020218802258990527
2023-10-03,0.0061163269718681,0.006149295643694411,0.006093271908975102
2023-10-04,0.0018713715786308517,0.0019597609535948798,0.0017930878871030306
2023-10-05,-0.002470572282441069,-0.002460466599004862,-0.002470572282441069
2023-10-06,0.0015233916194898037,0.0015334973029260106,0.0015233916194898037
2023-10-09,0.0037695221424512418,0.003906450940389447,0.0036423929142698915
2023-10-10,-0.003255184134705311,-0.0032453845649484557,-0.003255184134705311
2023-10-11,0.004192919278386411,0.004202718848143267,0.004192919278386411
2023-10-12,-0.0015710091197592337,-0.0015612095500023783,-0.0015710091197592337
2023-10-13,0.005866251560728509,0.005883486447202306,0.005858795972258168
2023-10-16,0.0017965825940038822,0.0021482240520307736,0.0014551991219166672
2023-10-17,0.004234702321940934,0.004388328095691123,0.004091555820537513
2023-10-18,-0.001312755679880452,-0.0013022764075336837,-0.001312755679880452
2023-10-19,-0.004149945303735736,-0.004100549317504223,-0.004188754772283594
2023-10-20,-0.0042647602127204465,-0.004254173695036792,-0.0042647602127204465
2023-10-23,-0.0015679057790585363,-0.0012708158118760185,-0.0018552007305928128
2023-10-24,0.007247906479971757,0.007257701495619998,0.007247906479971757
2023-10-25,0.010285514804546815,0.010295309820195057,0.010285514804546815
2023-10-26,-0.005278771377643988,-0.005268976361995747,-0.005278771377643988
2023-10-27,0.009528685610918228,0.009861971979812688,0.00920422954124836
2023-10-30,-0.007234121368521115,-0.007225291069296523,-0.007234121368521115
2023-10-31,-0.002071447936451175,-0.002020837492220659,-0.0021131966758130374
2023-11-01,0.007408254165166947,0.007513594960921143,0.007311164276620749
2023-11-02,-0.00965204107001289,-0.00923599668783945,-0.010058305432479788
2023-11-03,0.00476735818705251,0.004843361574790448,0.004701764276932495
2023-11-06,0.003986165060852033,0.003996574538469956,0.003986165060852033
2023-11-07,0.0034113309520206565,0.00342174042963858,0.0034113309520206565
2023-11-08,0.0050824276796706085,0.005092837157288531,0.0050824276796706085
2023-11-09,0.0017602617074371958,0.001770671185055119,0.0017602617074371958
2023-11-10,0.003192014832683871,0.0032024243103017944,0.003192014832683871
2023-11-13,-0.0003624559972513916,-0.00021522095776436295,-0.0004985364459614189
2023-11-14,-0.0021610424747727642,-0.0020924098042059474,-0.0022186584402373046
2023-11-15,0.002009092409949005,0.002020109115051282,0.002009092409949005
2023-11-16,-0.0031345850546392476,-0.0029899334541623954,-0.003268396396617034
2023-11-17,-0.0035783902689407,-0.003567550010441634,-0.0035783902689407
2023-11-20,-0.0010986529480399442,-0.0010640012479011989,-0.0011223968500956403
2023-11-21,0.0026992049501769816,0.002710112748260031,0.0026992049501769816
2023-11-22,-0.0028294454778590517,-0.0028185376797760023,-0.0028294454778590517
2023-11-24,0.00046996210219898174,0.0004808699002820312,0.00046996210219898174
2023-11-27,0.0012039451186296147,0.001214852916712664,0.0012039451186296147
2023-11-28,-8.752570486201057e-05,-7.661790677896112e-05,-8.752570486201057e-05
2023-11-29,0.0037846970308975246,0.0038615577240337347,0.0037171337821469237
2023-11-30,0.014626866057621202,0.01553997782840695,0.013723786959269265
2023-12-01,0.008232311337517242,0.008242344009951056,0.008232311337517242
2023-12-04,-6.045172784971021e-05,-5.041905541589616e-05,-6.045172784971021e-05
2023-12-05,-0.003954720733362771,-0.003944688060928956,-0.003954720733362771
2023-12-06,0.007340753075636298,0.007380152513343409,0.007311416113668738
2023-12-07,-0.0009297332518836668,-0.0006888360095022202,-0.001160650309102652
2023-12-08,-0.0026949309095791506,-0.0025551476163088345,-0.0028246174058779586
2023-12-11,0.012275764564730339,0.012285861361701848,0.012275764564730339
2023-12-12,0.0011964854481680747,0.0012706004527360633,0.0011322655932460822
2023-12-13,0.009506520041812327,0.009516415191458323,0.009506520041812327
2023-12-14,-0.002438878731060342,-0.002428983581414346,-0.002438878731060342
2023-12-15,-0.009016331619465287,-0.008943786215856848,-0.009079029154118472
2023-12-18,0.0010629718424924612,0.0010728197114477174,0.0010629718424924612
2023-12-19,-0.0027419030103953586,-0.0026073538190795526,-0.0028668011074818077
2023-12-20,0.00279653627540123,0.0028061873696305873,0.00279653627540123
2023-12-21,0.002206429645346411,0.0022160807395757683,0.002206429645346411
2023-12-22,0.0014542428350283456,0.0015503728785679933,0.001367859974438463
2023-12-26,-0.004041207608936314,-0.00403146042598655,-0.004041207608936314
2023-12-27,0.0004079930402087702,0.00043338360952169686,0.00039232523068291733
2023-12-28,0.002590520179957636,0.0026002429397447096,0.002590520179957636
2023-12-29,-0.006673604156945295,-0.006077712356847145,-0.0072657884902706535
2024-01-02,0.004177715581028021,0.004181423047800813,0.004177715581028021
2024-01-03,0.00242321383378022,0.0024269213005530116,0.00242321383378022
2024-01-04,-0.002601238153615716,-0.0025975306868429244,-0.002601238153615716
2024-01-05,-0.0004529787207553886,-0.00040384657994529916,-0.0004992435832490651
2024-01-08,-0.0006578893406275594,-0.0006004467215215299,-0.0007124646814171759
2024-01-09,-0.002172056539061776,-0.0020565096372937115,-0.002285279735115662
2024-01-10,0.005793348037570288,0.0057956717432844675,0.005793348037570288
2024-01-11,-0.0005760345380407506,-0.0005737108323265718,-0.0005760345380407506
2024-01-12,-0.003606846016770749,-0.0035647214470794645,-0.0036459826429426556
2024-01-16,-0.00591460361724892,-0.005892031602048405,-0.005933818583277647
2024-01-17,0.0011050616407820993,0.0012724997591279778,0.0009409287935119541
2024-01-18,0.004940260763113738,0.005114001377117804,0.004769829358529543
2024-01-19,-0.001048736567591071,-0.000998846699617814,-0.0010961073768624126
2024-01-22,0.007636234617224017,0.007753346312294285,0.0075236957350979395
2024-01-23,-0.005142648762542625,-0.005138075949598435,-0.005142648762542625
2024-01-24,0.001489402694521337,0.0014939755074655267,0.001489402694521337
2024-01-25,7.377374269572363e-05,7.834655563991335e-05,7.377374269572363e-05
2024-01-26,-0.0032636515661155804,-0.003076162978792072,-0.00344731925810238
2024-01-29,0.0017765796181602453,0.0017804005134969534,0.0017765796181602453
2024-01-30,0.009767552963618437,0.009771373858955145,0.009767552963618437
2024-01-31,-0.004171603447727053,-0.0041677825523903445,-0.004171603447727053
2024-02-01,-0.01462106775972352,-0.014617246864386813,-0.01462106775972352
2024-02-02,0.0030782338151752898,0.003082054710511998,0.0030782338151752898
2024-02-05,0.019104043317505634,0.019107864212842343,0.019104043317505634
2024-02-06,0.007646578927383318,0.007679827737243599,0.007617705669814064
2024-02-07,0.006186114159091645,0.0062616492120983296,0.006114265491885941
2024-02-08,-0.0022592756527459977,-0.0021383709723305864,-0.0023742641287012975
2024-02-09,-0.010852771686228667,-0.010620314723884194,-0.011075145777446362
2024-02-12,0.015456750259257248,0.015538079022076037,0.015386363240968384
2024-02-13,0.0007956752192865318,0.0008066169638164581,0.0007956752192865318
2024-02-14,0.014798685004483144,0.01480962674901307,0.014798685004483144
2024-02-15,0.005994145511637228,0.006129145367510906,0.005870087400293474
2024-02-16,0.002030429170418327,0.0020413709149482533,0.002030429170418327
2024-02-20,-0.009448927671679909,-0.009266938051087246,-0.00962202930198492
2024-02-21,0.00022030133524261178,0.00022918932553026364,0.00022030133524261178
2024-02-22,0.004609726336606589,0.004618614326894241,0.004609726336606589
2024-02-23,0.003646865755131627,0.0036557537454192787,0.003646865755131627
2024-02-26,0.008620085853007158,0.00875300627058273,0.008496396633633609
2024-02-27,-0.004678520822504396,-0.00466928962430237,-0.004678520822504396
2024-02-28,0.004506992275008575,0.004516223473210601,0.004506992275008575
2024-02-29,-0.0011248405555489265,-0.0011156093573469015,-0.0011248405555489265
2024-03-01,0.015022476629914563,0.015031707828116588,0.015022476629914563
2024-03-04,0.00653159181211144,0.0065718854033331685,0.0065005294190917376
2024-03-05,0.002831469187604379,0.002840700385806404,0.002831469187604379
2024-03-06,0.005223469102745913,0.005264137208097441,0.005191598119944994
2024-03-07,0.0005752465634275325,0.0005840436859781404,0.0005752465634275325
2024-03-08,-0.007187841349267921,-0.007099006603084371,-0.007266555240803681
2024-03-11,-0.00026642491553813225,-3.809663633931376e-05,-0.0004887990067558268
2024-03-12,-0.0034381646291069723,-0.003210345945914139,-0.0036637456765410592
2024-03-13,-0.0012738340598801236,-0.0012197763035338084,-0.0013255046222981459
2024-03-14,-0.002233993508343053,-0.0021742653295795133,-0.0022898312160494713
2024-03-15,-0.0018066456083342245,-0.0018027551372771032,-0.0018066456083342245
2024-03-18,0.0028307240843784866,0.0028777604799288883,0.002788811672829067
2024-03-19,-0.002756375784624776,-0.0026922472643570398,-0.0028169385328037093
2024-03-20,0.0012074941903918632,0.0013201070689623055,0.001100317861599318
2024-03-21,-0.006744057959011628,-0.006732582976292616,-0.006750177815218811
2024-03-22,-0.001355542311156938,-0.0013501871846451088,-0.001355542311156938
2024-03-25,0.005921963892646127,0.006002242799691951,0.005845532482580495
2024-03-26,-0.00109228679851022,-0.0009535873212814925,-0.0012287094691131202
2024-03-27,0.001198023411186106,0.001200300217811933,0.001198023411186106
2024-03-28,-0.0011272460461928813,-0.0011249692395670543,-0.0011272460461928813
2024-04-01,0.0029754097265293896,0.0030162928599749327,0.0029368033997096733
2024-04-02,0.002296477535122315,0.002329816734767845,0.0022654151421026125
2024-04-03,0.0014487816530717674,0.0014510584596975943,0.0014487816530717674
2024-04-04,-0.00715317133693278,-0.007150894530306953,-0.00715317133693278
2024-04-05,0.0031570203000843037,0.0031831128621056816,0.0031332045446887534
2024-04-08,-0.001664707290265717,-0.0016068222067593637,-0.0017192963921575314
2024-04-09,-0.008357629200178891,-0.008263126494491997,-0.008447164125270907
2024-04-10,0.007601574919438565,0.007606542700033442,0.007601574919438565
2024-04-11,0.003994019157884915,0.004027685436946061,0.003964827373726113
2024-04-12,0.004795866176635351,0.004834556280638606,0.00476165056753444
2024-04-15,-0.005158659371698103,-0.005154184876795758,-0.005158659371698103
2024-04-16,0.002002172202551248,0.0020066466974535927,0.002002172202551248
2024-04-17,0.004581120827885816,0.00458559532278816,0.004581120827885816
2024-04-18,0.0004743687806757968,0.0005060143533382267,0.0004471977029157119
2024-04-19,0.01026083144740271,0.010300317159327737,0.010225621300567922
2024-04-22,0.004040647766723415,0.004044923331813653,0.004040647766723415
2024-04-23,-0.01675225296800365,-0.016747977402913415,-0.01675225296800365
2024-04-24,-0.007954745383308011,-0.00785754415028548,-0.008049255642361492
2024-04-25,0.023523996772996995,0.023526687746966046,0.023523996772996995
2024-04-26,-0.0008622397901006099,-0.0007358893289831215,-0.0009855901544222057
2024-04-29,0.0038651772216804427,0.003906474522469209,0.0038265708948607264
2024-04-30,0.0038673077797679537,0.003918938781556852,0.003818367751948106
2024-05-01,-0.0011184434317157927,-0.0011157524577467427,-0.0011184434317157927
2024-05-02,0.0007653914003693911,0.0008461709716068677,0.0006888003985190051
2024-05-03,-0.0001613712865473716,-0.00013336696176473035,-0.00018518704194292224
2024-05-06,0.002864273847110787,0.0028684624164978774,0.002864273847110787
2024-05-07,0.0002391643944384733,0.00038503807503780093,9.504036745464196e-05
2024-05-08,0.0028176950430336273,0.0028194446966491237,0.0028176950430336273
2024-05-09,0.0008400598460795171,0.0008418094996950133,0.0008400598460795171
2024-05-10,-0.002082932695414934,-0.0020388973374596553,-0.002123864824071625
2024-05-13,0.0009901550159435637,0.0009932582452421516,0.0009901550159435637
2024-05-14,0.003883837148303102,0.003993861804799026,0.003778674013510581
2024-05-15,-0.0013127575770601016,-0.0013078960553566986,-0.0013127575770601016
2024-05-16,0.0011021228331591945,0.0011069843548625975,0.0011021228331591945
2024-05-17,-0.00037843054952233293,-7.485415326909087e-05,-0.0006763426836908677
2024-05-20,0.011466727325410112,0.011472391587494819,0.011466727325410112
2024-05-21,-0.0002222684144740051,-0.00021660415238929792,-0.0002222684144740051
2024-05-22,0.004739608381503315,0.004745272643588022,0.004739608381503315
2024-05-23,-0.004760161445542754,-0.004754497183458047,-0.004760161445542754
2024-05-24,-0.0003893001507653638,-0.00038363588868065663,-0.0003893001507653638
2024-05-28,0.0022440530418459115,0.0022497173039306186,0.0022440530418459115
2024-05-29,-0.0004338356040347743,-0.0004281713419500671,-0.0004338356040347743
2024-05-30,-0.0020366870969428844,-0.0020310228348581773,-0.0020366870969428844
2024-05-31,-0.0014999924194287176,-0.0014186279673232172,-0.0015765834212791037
2024-06-03,-0.00017481966635274883,-0.00017004621609763428,-0.00017481966635274883
2024-06-04,0.003982646931744714,0.004074400055333414,0.0038973063409456278
2024-06-05,0.004041467003605939,0.004047879536395553,0.004041467003605939
2024-06-06,-0.0009870668333043,-0.0009806543005146861,-0.0009870668333043
2024-06-07,-0.002672505761375622,-0.0026660932285860087,-0.002672505761375622
2024-06-10,0.000828374561885357,0.000986594940632136,0.0006786171948813781
2024-06-11,0.013230776087166827,0.013310778061438688,0.013160434887430532
2024-06-12,0.012583670673988972,0.012696736290912246,0.012478507539196453
2024-06-13,-0.006785554844926985,-0.006777652362796233,-0.006785554844926985
2024-06-14,-0.01062029654828876,-0.010580794883823234,-0.010650884233109613
2024-06-17,0.004830020193253154,0.005113046459633022,0.0045524399888137775
2024-06-18,-0.01662233564131478,-0.016616889579374287,-0.01662233564131478
2024-06-20,0.0152120487864756,0.015217494848416092,0.0152120487864756
2024-06-21,0.0014831322511464897,0.0014953304352796075,0.001476596266027892
2024-06-24,0.012861554130403291,0.012867216329417812,0.012861554130403291
2024-06-25,-0.009431265858051947,-0.009425603659037426,-0.009431265858051947
2024-06-26,0.0038301574148261086,0.0038358196138406284,0.0038301574148261086
2024-06-27,0.0018998235240487217,0.0019054857230632414,0.0018998235240487217
2024-06-28,0.00839172685888205,0.00839738905789657,0.00839172685888205
2024-07-01,-0.0013135787498845892,-0.0010849209945102175,-0.0015374501593778754
2024-07-02,-0.0021256549096042472,-0.0021208685637231616,-0.0021256549096042472
2024-07-03,-0.007643318900643771,-0.007638532554762685,-0.007643318900643771
2024-07-05,0.005443824263622061,0.005448610609503146,0.005443824263622061
2024-07-08,-0.003545488338575912,-0.0035407019926948263,-0.003545488338575912
2024-07-09,-0.004223991433229251,-0.004219205087348165,-0.004223991433229251
2024-07-10,-0.002542119937769188,-0.002401220267769687,-0.002678233261887603
2024-07-11,-0.0006724404199064493,-0.0005973128742890695,-0.0007427816196427433
2024-07-12,-0.0073069129462989425,-0.007302126600417857,-0.0073069129462989425
2024-07-15,0.005088473688917475,0.00509326003479856,0.005088473688917475
2024-07-16,0.004786704380563894,0.0048220784112658335,0.004756116695743039
2024-07-17,-0.0035906359390787674,-0.003460123044722294,-0.0037184673952726896
2024-07-18,-0.002313635421973864,-0.0023109539838113125,-0.002313635421973864
2024-07-19,0.007743265934939069,0.00774594737310162,0.007743265934939069
2024-07-22,6.967595182806966e-05,7.88933751092191e-05,6.31399667094717e-05
2024-07-23,0.002630051762958272,0.0026327332011208235,0.002630051762958272
2024-07-24,0.028113635575295885,0.028116317013458438,0.028113635575295885
2024-07-25,0.0117045159886616,0.011707197426824151,0.0117045159886616
2024-07-26,0.002387060894254441,0.0023897423324169926,0.002387060894254441
2024-07-29,0.0031332778107186028,0.003135959248881154,0.0031332778107186028
2024-07-30,-0.00013853081869419974,0.0,-0.0002770616373883995
2024-07-31,-0.0012414851093847895,-0.0010699566858268336,-0.0014096629971167764
2024-08-01,0.00206931900872677,0.002072669544552739,0.00206931900872677
2024-08-02,0.012576316742206547,0.012579667278032515,0.012576316742206547
2024-08-05,-0.010448747082251792,-0.010361972508768812,-0.010530803078892533
2024-08-06,-0.0019637190108409463,-0.0019590004339987057,-0.0019637190108409463
2024-08-07,0.0014538857831208106,0.0017236346432784266,0.0011855049639794665
2024-08-08,0.0025437139702692755,0.0025450820112855473,0.0025437139702692755
2024-08-09,0.0012729745103475525,0.0012743425513638243,0.0012729745103475525
2024-08-12,0.001835626241478641,0.001942994674776022,0.001731719492175276
2024-08-13,-0.002200153235366527,-0.002196691551372511,-0.002200153235366527
2024-08-14,0.004118524477306782,0.004121986161300798,0.004118524477306782
2024-08-15,-0.0016020170791357926,-0.0014726781379774242,-0.0017253009245217314
2024-08-16,-0.0030634385075207753,-0.0030423081345704508,-0.0030785137846986712
2024-08-19,-0.0006209633481649103,-0.000614908252392481,-0.0006209633481649103
2024-08-20,0.0020456327412887634,0.0020516878370611925,0.0020456327412887634
2024-08-21,0.000978536258731022,0.0009845913545034513,0.000978536258731022
2024-08-22,-0.001043640269197269,-0.0010375851734248397,-0.001043640269197269
2024-08-23,-0.0016143292611094367,-0.0016082741653370074,-0.0016143292611094367
2024-08-26,-0.0015355072234186575,-0.0015294521276462282,-0.0015355072234186575
2024-08-27,0.005963896366935556,0.005969951462707986,0.005963896366935556
2024-08-28,-0.006927994126308086,-0.006921939030535657,-0.006927994126308086
2024-08-29,0.00145644705877819,0.0014625021545506193,0.00145644705877819
2024-08-30,-0.005576151732024258,-0.005570096636251828,-0.005576151732024258
2024-09-03,-0.00798189273203949,-0.007895149680642593,-0.008063948728680232
2024-09-04,0.0024777413140429127,0.00248242836879907,0.0024777413140429127
2024-09-05,0.0035528368258333637,0.003557523880589521,0.0035528368258333637
2024-09-06,0.003685197913489828,0.0038357080650944985,0.003541653302529573
2024-09-09,-0.006033012357773097,-0.006026046817128681,-0.006033012357773097
2024-09-10,0.00338634707049231,0.0034951257174623464,0.003282440321188945
2024-09-11,-0.008894302375976427,-0.008836330287108134,-0.008946916814281062
2024-09-12,0.001779404434313813,0.0018972696856253057,0.0016674274061776262
2024-09-13,-0.0031580685857927108,-0.0028346969975009545,-0.0034790768958853674
2024-09-16,-0.001661506963583261,-0.0015712589578387494,-0.0017491009199718348
2024-09-17,0.0008694760484727486,0.0008721300978286865,0.0008694760484727486
2024-09-18,-0.00027846312808627526,6.457324906388069e-05,-0.0006141890188844629
2024-09-19,-0.0019887617427612287,-0.0018823533312981285,-0.002086268951200646
2024-09-20,-0.004479736618454608,-0.004470835415430925,-0.004479736618454608
2024-09-23,-0.004988227254624542,-0.00497932605160086,-0.004988227254624542
2024-09-24,0.003398957630798295,0.003478999181339699,0.0033278172832805733
2024-09-25,-0.000870781279073494,-0.0008618800760498112,-0.000870781279073494
2024-09-26,-0.00276516230193257,-0.002574731918805635,-0.0029466914820358223
2024-09-27,0.007370508248758518,0.0073794094517822,0.007370508248758518
2024-09-30,0.0006684722759601917,0.0006773734789838745,0.0006684722759601917
