ceo_id,ticker,entry,signal,tell,n_videos,publish_ts_utc,near_earnings,sample,event_id,car_1,car_5,car_20
barra,GM,2017-01-10,0.9930741352056296,-0.39582860220815463,1,2017-01-09 23:11:27+00:00,False,IS,0,0.03786076426842369,0.03478586832776915,-0.03682390876405864
barra,GM,2017-01-12,-0.7714160390696786,0.3400771002386346,1,2017-01-11 16:46:50+00:00,False,IS,1,-0.012913798748272084,-0.01619848541509681,-0.09551450151150544
dimon,JPM,2017-01-19,0.6038178106657558,-0.2617264043154537,1,2017-01-18 17:14:37+00:00,False,IS,2,-0.00658114535039934,0.005873929918506918,0.021744884917247145
benioff,CRM,2017-01-20,-0.5277913012016465,0.22713788793427725,1,2017-01-19 19:47:47+00:00,False,IS,3,-0.0010545829540967245,0.014131382854989057,0.015452367205885085
moynihan,BAC,2017-01-26,1.0229909496004093,-0.43331724582945763,1,2017-01-25 16:42:32+00:00,False,IS,4,0.0006931220227537263,-0.01438947686397522,-0.016282168909405773
musk,TSLA,2017-02-15,-0.341143642777061,0.14550962155510744,1,2017-02-15 09:58:57+00:00,False,IS,5,-0.015614980759961412,-0.07137062359513092,-0.08404226240442744
barra,GM,2017-03-09,0.0830407009537788,-0.03428108230999333,1,2017-03-08 20:19:06+00:00,False,IS,6,-0.013224706733680324,-0.01975447941015121,-0.08588861959941832
dimon,JPM,2017-03-10,-0.39287167185077787,0.15916471647517355,2,2017-03-09 14:26:10+00:00,False,IS,7,-0.004927858743252286,-0.005990098846805476,-0.0496401325029368
barra,GM,2017-03-14,-0.8899068860674996,0.3519928898976668,1,2017-03-13 14:53:58+00:00,False,IS,8,0.0065844693546214346,-0.02909798995663572,-0.06522447084442029
barra,GM,2017-03-17,-0.6326921456144855,0.24848730801073754,1,2017-03-16 13:38:11+00:00,False,IS,9,-0.016780070703051396,-0.0564158676296725,-0.07510074816625421
dimon,JPM,2017-03-30,-1.8248094467010862,0.708594885315109,1,2017-03-29 12:45:58+00:00,False,IS,10,0.0031691254433415827,-0.0159782573756072,-0.020746414946730005
benioff,CRM,2017-05-04,0.36332650248066356,-0.1440285988306916,1,2017-05-03 14:09:55+00:00,False,IS,11,-0.00520104385695036,0.004911152672931545,0.020680935492917434
cook,AAPL,2017-05-05,0.21193039682893058,-0.08221103488983796,2,2017-05-04 19:00:32+00:00,False,IS,12,0.013502709867821655,0.05790364992822736,0.03884784724386502
barra,GM,2017-05-09,0.24208421771402497,-0.09213468781333431,1,2017-05-08 21:12:35+00:00,False,IS,13,0.013563290710887608,-0.003804866373656098,0.0005604692327776436
barra,GM,2017-05-11,-0.2835132178512707,0.10687237188678633,1,2017-05-10 12:50:10+00:00,False,IS,14,-0.0023394674029922347,-0.03429227910312276,-0.014688123306999597
dimon,JPM,2017-05-22,-0.03165960667117116,0.01168242296849456,1,2017-05-20 15:04:45+00:00,False,IS,15,-0.011571132196155146,-0.015542491399785028,-0.009562186093899555
dimon,JPM,2017-06-05,0.3323549634239872,-0.121307808103096,1,2017-06-05 07:17:45+00:00,False,IS,16,-0.00040841706919616475,0.05647929420857981,0.10882496962175955
cook,AAPL,2017-06-06,-0.09789144039480144,0.03493399871242965,2,2017-06-05 23:25:54+00:00,False,IS,17,0.00636449376639084,-0.04503096340534035,-0.06744481568161385
moynihan,BAC,2017-06-15,-1.353090594171696,0.48011830655114557,1,2017-06-15 03:44:37+00:00,False,IS,18,-0.009164719009294975,-0.02911411866573334,0.007062324464281813
cook,AAPL,2017-06-15,-0.14790637506393609,0.052655793412153463,1,2017-06-15 04:12:38+00:00,False,IS,19,-0.0013042971873493498,0.012044583677560538,0.022302219459868995
moynihan,BAC,2017-06-19,-0.4579619641179964,0.16140609045585802,1,2017-06-16 13:54:18+00:00,False,IS,20,0.007739511756793916,-0.032064742126710406,0.003467265886348313
dimon,JPM,2017-06-27,-0.32518700666344413,0.11354761064918847,1,2017-06-26 20:52:29+00:00,False,IS,21,0.013233492489512808,0.06870802638995671,0.04002687913442406
moynihan,BAC,2017-08-31,1.8145476991772687,-0.6463034110925255,1,2017-08-30 22:32:53+00:00,False,IS,22,-0.013208514311327644,-0.045402180093914356,0.02570517745233473
cook,AAPL,2017-09-21,0.14354834124328966,-0.052624611627318,1,2017-09-20 17:20:31+00:00,False,IS,23,-0.023741166079853417,-0.011101350910669657,-0.014204208263882565
dimon,JPM,2017-09-22,-0.7017871123753894,0.2552163100075216,1,2017-09-22 10:13:06+00:00,False,IS,24,-0.0025615971999062258,-0.0006989150931745076,0.012199446460233413
dimon,JPM,2017-09-26,-1.1331383247260178,0.40928161711943883,1,2017-09-25 15:08:25+00:00,False,IS,25,0.010122199077737431,0.016064181792132762,0.030288263193820813
nadella,MSFT,2017-09-27,-0.726150586110927,0.26084695496002297,3,2017-09-26 16:50:21+00:00,False,IS,26,0.0005674001343876461,-0.005711401455607838,0.03733479922227984
nadella,MSFT,2017-09-29,0.3068724440818927,-0.1116097115845604,1,2017-09-29 01:46:21+00:00,False,IS,27,0.005055901489558556,0.005698690815005505,0.10615848592078897
nadella,MSFT,2017-10-02,-0.3534461741361197,0.12678935835929842,2,2017-09-29 19:53:07+00:00,False,IS,28,-0.004387770106750334,0.0023931221614504746,0.09314388835471413
pichai,GOOGL,2017-10-05,-0.6201798290572018,0.22140202423970334,1,2017-10-04 22:00:02+00:00,False,IS,29,0.004463030006114576,0.02628570296903741,0.049253683343744074
nadella,MSFT,2017-10-10,-0.9089404521152905,0.32228116897243647,1,2017-10-09 14:00:03+00:00,False,IS,30,0.0008105502585715401,0.012009075758142994,0.08712343407489465
barra,GM,2017-10-11,-1.1110538049985743,0.38939987202670534,1,2017-10-10 18:43:10+00:00,False,IS,31,-0.008024224772459416,-0.007109836462137261,-0.09648219839331369
nadella,MSFT,2017-10-12,-1.1586731341944634,0.4051699521921181,1,2017-10-12 02:35:06+00:00,False,IS,32,0.012153274870718277,0.01332455068277666,0.08317588022128182
nadella,MSFT,2017-10-17,-1.3413163059396063,0.5090994925084571,1,2017-10-16 22:43:29+00:00,False,IS,33,-0.0005120505948206663,0.012010772165374831,0.06721237101656756
nadella,MSFT,2017-10-20,-1.8747553571392181,0.7115571691502722,1,2017-10-20 10:25:48+00:00,False,IS,34,0.004967410449918786,0.07756875598665516,0.05980077655889842
nadella,MSFT,2017-11-07,-0.5757417674887194,0.21648810004616983,4,2017-11-07 11:25:42+00:00,False,IS,35,-0.0050368469194095565,-0.007573210882079772,-0.05333951834733925
benioff,CRM,2017-11-08,-0.8846537666107788,0.3376136134943195,1,2017-11-07 16:44:19+00:00,False,IS,36,0.016776650903604206,0.03677881000683662,-0.016028672811425157
benioff,CRM,2017-11-09,-0.049814615139309126,0.01893091687831916,1,2017-11-09 00:13:23+00:00,False,IS,37,-0.008818025959924054,0.019181144781193045,-0.024797009475628108
dimon,JPM,2017-11-10,0.7716782944133344,-0.29173224565159794,1,2017-11-09 20:12:13+00:00,False,IS,38,-0.009218392036368114,-0.0021159206966802156,0.03505397204428912
cook,AAPL,2017-12-06,-0.16009060834911737,0.06085502034370213,2,2017-12-06 07:55:20+00:00,False,IS,39,0.0053385488705971935,0.01123416485356561,-0.015871018213135496
nadella,MSFT,2017-12-19,1.3187987790705546,-0.4948172744873857,1,2017-12-18 21:00:08+00:00,False,IS,40,-0.0007397500685287081,-0.002871691495116402,-0.009454167409552138
moynihan,BAC,2017-12-22,2.266289141416147,-0.8724072410152532,2,2017-12-21 14:15:30+00:00,False,IS,41,-0.004043504255059429,-0.009397518216606537,-0.04870276853443584
moynihan,BAC,2018-01-03,1.4169225950894437,-0.5691130551897537,1,2018-01-02 21:20:40+00:00,False,IS,42,-0.01385802797772033,-0.018243980953263197,-0.017360163838900995
nadella,MSFT,2018-01-18,0.38942062051370563,-0.15643678371158784,1,2018-01-17 21:33:42+00:00,False,IS,43,0.0022830803630259043,0.007674594490174061,0.05867209301675788
benioff,CRM,2018-01-24,-0.02487857798464151,0.00996249279404689,1,2018-01-23 19:34:16+00:00,False,IS,44,-0.003648508414605444,0.00025247543918018034,0.06288026569223552
pichai,GOOGL,2018-01-25,0.9368508520956321,-0.37182169453740893,1,2018-01-24 15:20:02+00:00,False,IS,45,0.005375061186942748,0.009819106617264204,0.00482142484216452
dimon,JPM,2018-01-25,-0.023586068524857166,0.009376717527855155,1,2018-01-24 19:26:11+00:00,False,IS,46,-0.003366205433526111,0.012618975437089838,0.055300560746671404
moynihan,BAC,2018-01-25,0.22938723351179166,-0.09140662820153032,1,2018-01-24 14:44:10+00:00,False,IS,47,-0.00459690358131614,0.01191683779332593,0.0662786704629881
benioff,CRM,2018-02-08,-0.20278128641550155,0.08023058205411383,1,2018-02-08 12:21:49+00:00,False,IS,48,-0.016393631641747244,0.008427239329739766,0.11862950438953218
nadella,MSFT,2018-02-09,-2.0967025293630908,0.8254859651237438,1,2018-02-08 14:32:08+00:00,False,IS,49,0.013082793984523161,0.01737390542173907,0.027802171013676887
dimon,JPM,2018-02-23,-1.9259863517884783,0.7674654342295248,1,2018-02-22 18:42:34+00:00,False,IS,50,0.006196925606098691,0.0014857872874063215,-0.014408484938780936
nadella,MSFT,2018-02-26,0.40208191743296207,-0.16164214450957254,1,2018-02-25 15:40:47+00:00,False,IS,51,0.003693935039916104,0.018013610575574338,0.022348403400848815
moynihan,BAC,2018-02-28,0.4851548450467896,-0.19449171246908034,1,2018-02-27 13:53:07+00:00,False,IS,52,0.012333775046844797,0.006202236471169088,-0.010073956554866335
moynihan,BAC,2018-03-05,-0.5948911970757491,0.23727470293142047,1,2018-03-03 13:53:04+00:00,False,IS,53,0.0020744990132422897,-0.014865546842700125,-0.018254225197359072
dimon,JPM,2018-03-08,-0.1826156027600038,0.07226919676816213,1,2018-03-08 11:53:49+00:00,False,IS,54,0.0032611778941573147,-0.003321889224202415,0.005238088905904565
barra,GM,2018-03-08,-0.6491551457307947,0.25787896709364533,1,2018-03-07 22:15:34+00:00,False,IS,55,-0.0033615992559499243,-0.0009080386619847811,0.04891190718774681
musk,TSLA,2018-03-12,-1.3483052431608282,0.5311606435257229,1,2018-03-12 02:59:04+00:00,False,IS,56,-0.002665254661033986,-0.016706995559723083,-0.012199185674842204
zuckerberg,META,2018-03-21,1.2629363466467876,-0.4980385782252696,1,2018-03-21 11:12:21+00:00,False,IS,57,0.022033261469954674,-0.034209147045057155,0.018040014821740762
zuckerberg,META,2018-03-22,0.20993183453853645,-0.08324891363749931,1,2018-03-22 03:39:35+00:00,False,IS,58,0.013579539356213408,-0.03482692322518814,0.009489201205168631
zuckerberg,META,2018-04-11,-1.3392747170490433,0.5304177236044436,2,2018-04-10 22:18:04+00:00,False,IS,59,0.001237792287825239,-0.024846968428102502,0.06704867584783547
zuckerberg,META,2018-04-12,-0.4808204851699098,0.19041743617621076,3,2018-04-11 17:12:06+00:00,False,IS,60,-0.02453703878153579,-0.02522477615476985,0.07277367711335049
zuckerberg,META,2018-04-13,0.7441757507978043,-0.2928995310641487,1,2018-04-12 21:00:20+00:00,False,IS,61,0.00882825158590958,0.012858918655361661,0.09840583048040884
musk,TSLA,2018-04-16,-0.0574210597625355,0.022599119397590475,1,2018-04-13 12:11:27+00:00,False,IS,62,-0.0458598536770706,-0.026768467119564744,-0.012745597805434748
huang,NVDA,2018-04-25,-0.6811109659308838,0.2669838468872721,1,2018-04-24 16:40:16+00:00,False,IS,63,0.0003463887180762369,0.017778132980083725,0.030371803405613625
nadella,MSFT,2018-05-08,0.2717202791241882,-0.10576784607183179,2,2018-05-07 15:30:00+00:00,False,IS,64,-0.0047636950999902904,-0.013105323948120487,0.021870189930443533
dimon,JPM,2018-05-08,0.3573736166209371,-0.13857021535871228,2,2018-05-08 02:43:55+00:00,False,IS,65,0.01247336688019814,0.018218017949730672,-0.04595173974505993
benioff,CRM,2018-05-17,-0.4713409488971363,0.1821918498525254,1,2018-05-16 13:08:52+00:00,False,IS,66,-0.02292517788063329,-0.005933619517666355,0.045789866732914436
dimon,JPM,2018-05-18,-4.1924630282354745,1.6144697349059243,1,2018-05-17 14:34:36+00:00,False,IS,67,-0.011839850628316054,-0.022627488792380746,-0.06974106632414172
zuckerberg,META,2018-05-23,-0.4809558543998059,0.1955161092134418,1,2018-05-22 18:54:11+00:00,False,IS,68,0.010167030163935735,0.02452464157586727,0.07801713475661287
barra,GM,2018-05-25,-0.5871703457724854,0.23780781309164623,1,2018-05-24 19:30:55+00:00,False,IS,69,0.0009080728704862588,0.11962937065468003,0.07592397442764028
dimon,JPM,2018-05-29,-1.532434637556833,0.6184982354741174,1,2018-05-25 23:53:25+00:00,False,IS,70,-0.014883554961262162,-0.027809635932665874,-0.051238255057049875
benioff,CRM,2018-06-04,0.19416143016108442,-0.07854747586375921,1,2018-06-01 16:22:38+00:00,False,IS,71,0.01901169668367096,0.011671677326173512,0.06011786326736296
nadella,MSFT,2018-06-05,-1.8482435294175028,0.7454514119656231,1,2018-06-04 16:37:41+00:00,False,IS,72,0.000853924148179351,-0.029388605870128072,-0.00926211414583017
cook,AAPL,2018-06-05,0.5717255969920639,-0.23188709670582752,1,2018-06-05 01:35:27+00:00,False,IS,73,-0.00017410554573930783,-0.025101199305847616,-0.02323991563569018
cook,AAPL,2018-06-06,0.6810526625517541,-0.27593190868883066,1,2018-06-05 12:14:43+00:00,False,IS,74,-0.006311649060326685,-0.02019203793395698,-0.03361277045129596
dimon,JPM,2018-06-08,-2.0420552125863987,0.827035097045346,1,2018-06-07 16:15:40+00:00,False,IS,75,-0.002060178475694124,-0.02966664331459969,-0.05195884783416004
cook,AAPL,2018-06-13,0.5530982795210517,-0.2255408705382242,2,2018-06-13 10:19:40+00:00,False,IS,76,-0.0037914207908221168,-0.02506401064442161,-0.015772589898918523
zuckerberg,META,2018-06-14,-1.2615642806990606,0.5137795701430906,1,2018-06-14 10:22:37+00:00,False,IS,77,0.01916805220139437,0.057287658370442494,0.06853200067303242
moynihan,BAC,2018-06-15,-2.85679356155723,1.1634048076397923,1,2018-06-14 14:59:10+00:00,False,IS,78,-0.005637960475027353,0.011499391405415216,-0.027775995291374547
cook,AAPL,2018-06-26,-0.8211546386290447,0.34112903538848627,1,2018-06-26 03:17:08+00:00,False,IS,79,0.009676624220719791,0.02102871321843792,0.014919511092301007
dimon,JPM,2018-07-31,-0.6318290345385607,0.2606123710585032,4,2018-07-30 20:49:14+00:00,False,IS,80,-0.014437397083772093,-0.012910150260698187,-0.038606684242853365
dimon,JPM,2018-08-07,-1.344080440831144,0.5501168779920229,1,2018-08-06 19:53:42+00:00,False,IS,81,-0.003481760448568096,-0.01980015685959733,-0.03918984701453995
musk,TSLA,2018-08-20,-0.4968481028762315,0.2034114647368283,1,2018-08-18 01:27:54+00:00,False,IS,82,0.06129108589182221,0.07186687147672244,0.006315726811635385
nadella,MSFT,2018-08-21,0.2220523620654518,-0.0906083103570315,1,2018-08-20 23:04:20+00:00,False,IS,83,-0.0081587056305137,0.007950629682922018,0.03327239364418568
dimon,JPM,2018-08-30,-0.5274296452190849,0.21469036644063272,1,2018-08-29 14:06:44+00:00,False,IS,84,-0.0022174758597069784,0.006333727293369393,-0.01746678379669908
dimon,JPM,2018-09-21,-0.4192284460475884,0.170097455818234,1,2018-09-20 14:42:25+00:00,False,IS,85,-0.004709329431012998,-0.03475173676712346,-0.029988197115173768
dimon,JPM,2018-09-25,0.38227524805809077,-0.15449154219561906,2,2018-09-24 15:56:49+00:00,False,IS,86,-5.148979889064986e-05,-0.031912472438416425,-0.024660566493447392
nadella,MSFT,2018-09-25,0.673367584046425,-0.2719854612768227,2,2018-09-24 16:09:33+00:00,False,IS,87,0.00019533464666025412,0.0041938988930793,0.04369103717889784
dimon,JPM,2018-09-26,0.646841306043933,-0.2605923848386764,1,2018-09-25 15:48:22+00:00,False,IS,88,-0.00943243718171639,-0.022536324290362852,-0.029302816054923544
benioff,CRM,2018-09-26,0.25421695647566733,-0.1021595736316897,4,2018-09-25 18:53:45+00:00,False,IS,89,0.0018411819189131503,-0.01009887640308167,-0.044979363722134263
benioff,CRM,2018-09-27,-0.2907791160183735,0.11589085993549404,2,2018-09-26 14:26:24+00:00,False,IS,90,0.007576539435208093,-0.008306469465443573,-0.07605842896819197
cook,AAPL,2018-10-03,-0.14490417883233495,0.0574696690063396,1,2018-10-03 00:04:41+00:00,False,IS,91,0.008999763497934344,0.002525756219615297,0.029261873575597196
dimon,JPM,2018-10-04,-1.2832722727269499,0.5073955552191821,1,2018-10-03 19:00:38+00:00,False,IS,92,0.016994502158961804,0.024672497305872645,0.035446279798848436
nadella,MSFT,2018-10-11,0.8746384041788408,-0.3462321856781547,2,2018-10-11 00:26:33+00:00,False,IS,93,0.03638085875959702,0.032606919954212235,0.044340193419694036
benioff,CRM,2018-10-31,-0.7710059367873564,0.3048876602143827,2,2018-10-30 17:23:02+00:00,False,IS,94,0.021270329329237177,-0.01781075498647465,0.042853635030929704
benioff,CRM,2018-11-01,0.16472860444838008,-0.0651274975287681,1,2018-10-31 20:37:11+00:00,False,IS,95,-0.002503959757084645,-0.004731980801502209,0.014137841708944634
barra,GM,2018-11-05,1.1328115775179732,-0.44678514765402805,1,2018-11-02 14:47:31+00:00,False,IS,96,0.0018360911823105184,-0.02688646620734695,0.04138114601502425
moynihan,BAC,2018-11-05,0.09181474332228663,-0.036315532563753,1,2018-11-02 22:25:04+00:00,False,IS,97,-0.0011156545239881582,-0.0040926900074667065,-0.010092820716849494
moynihan,BAC,2018-11-16,-0.04782294889575764,0.018866402902393775,1,2018-11-15 16:57:15+00:00,False,IS,98,-0.0019848395281179976,0.006367566995376226,-0.04553272727063847
cook,AAPL,2018-11-20,0.6333675616280862,-0.24916422427983573,1,2018-11-19 17:48:31+00:00,False,IS,99,0.005381165097181265,-0.027344852662358504,-0.031247240547312094
zuckerberg,META,2018-11-21,0.684754128300146,-0.26921790998506573,1,2018-11-21 11:44:01+00:00,False,IS,100,0.007190396989252041,-0.02573852490206467,0.0834606113822708
barra,GM,2018-11-26,0.7384307056028345,-0.2902196592602717,1,2018-11-24 12:17:49+00:00,False,IS,101,0.02927879383629508,0.027981143366775055,0.017493223736645983
barra,GM,2018-12-06,-1.3239853193897984,0.51845632462697,1,2018-12-05 22:06:56+00:00,False,IS,102,-0.021539101575360882,0.004451543733252204,-0.012148378613170342
benioff,CRM,2018-12-06,0.5452281586085092,-0.21373794025582432,1,2018-12-04 18:56:46+00:00,False,IS,103,0.03317757907623212,0.04782673833975852,0.11805618066046053
moynihan,BAC,2018-12-06,0.12731987343710444,-0.050035518150518085,1,2018-12-04 18:03:50+00:00,False,IS,104,-0.01812153845725058,-0.0639838748582875,0.027267158165450833
dimon,JPM,2018-12-07,0.8004310460183489,-0.3137400051361183,3,2018-12-06 19:27:33+00:00,False,IS,105,0.0020160683511860032,-0.024754316722261884,0.01873919836425265
musk,TSLA,2018-12-10,-0.8661077474262807,0.33867983555741904,2,2018-12-09 23:24:01+00:00,False,IS,106,0.0066595734503687234,0.025663480884548093,-0.03709270741284626
moynihan,BAC,2018-12-12,-0.5125306687722194,0.20087170927382977,1,2018-12-12 00:54:07+00:00,False,IS,107,-0.00440996295878158,0.036563311678756615,0.06346550022923425
moynihan,BAC,2018-12-17,0.20118659593875324,-0.0786491000097544,1,2018-12-14 12:44:31+00:00,False,IS,108,0.02635910495574629,0.021631811454346644,0.13960022740347422
barra,GM,2018-12-20,-0.862657352170553,0.33648873804915347,1,2018-12-19 16:41:00+00:00,False,IS,109,-0.013563606160157237,-0.03256910697515002,0.03317652683549951
moynihan,BAC,2018-12-21,0.06657525172845373,-0.025925457686924266,1,2018-12-20 16:16:31+00:00,False,IS,110,-0.014309344921498927,0.01592497918591774,0.13158675161406774
dimon,JPM,2019-01-08,0.4487320987295618,-0.17396630343248937,1,2019-01-08 12:06:52+00:00,False,IS,111,-0.010927619373957252,-0.031113751589150227,-0.03894366351164839
cook,AAPL,2019-01-09,-0.3897524836078574,0.1504836617660772,1,2019-01-09 01:59:01+00:00,False,IS,112,0.01462487184633815,-0.004638181813177452,0.06594793210304897
su,AMD,2019-01-09,-0.19867374759397963,0.07691162872485005,1,2019-01-08 16:36:34+00:00,False,IS,113,-0.04468614191216795,-0.045222448875890456,0.014259612977286359
su,AMD,2019-01-22,-2.0192258647953034,0.777623935137248,1,2019-01-18 16:00:02+00:00,False,IS,114,-0.016304828165175984,-0.0028411203741510547,0.08668603889867914
benioff,CRM,2019-01-23,-0.6667267868086193,0.2582303508836875,1,2019-01-22 22:04:07+00:00,False,IS,115,0.006035533980429614,-0.023382153191474127,-0.022424818402527323
dimon,JPM,2019-01-24,-0.012571062265701455,0.004964801231567131,4,2019-01-23 14:25:32+00:00,False,IS,116,0.004512615498430576,-0.0034840605288457525,-0.019878662263771885
nadella,MSFT,2019-01-24,-0.3133965241497356,0.12015878213283998,1,2019-01-24 10:05:48+00:00,False,IS,117,-0.009526135617572519,-0.05232141531243796,-0.044179520765710134
pichai,GOOGL,2019-01-24,0.8387462212961942,-0.320769686231361,1,2019-01-24 11:12:45+00:00,False,IS,118,-0.001538148102177091,0.005561744548366724,-0.048251767760869084
benioff,CRM,2019-01-25,-0.14012969443978135,0.053611827731979485,1,2019-01-24 16:33:33+00:00,False,IS,119,0.01018200032516178,0.00031635097422866906,0.008544399786786611
benioff,CRM,2019-02-07,-0.7775741137205722,0.29615801891606996,1,2019-02-06 23:25:53+00:00,False,IS,120,-0.006803141725814822,0.00693666747111215,-0.03477338336486416
nadella,MSFT,2019-02-11,-0.1171746087544237,0.044550225533724445,1,2019-02-10 21:32:29+00:00,False,IS,121,-0.007125825605538906,-0.013167444662364705,0.02374942314169631
benioff,CRM,2019-02-11,-0.3866424544109082,0.14664390534293342,1,2019-02-10 21:36:40+00:00,False,IS,122,0.01211570333891363,-0.021041718062403365,-0.04480958157836119
solomon,GS,2019-02-14,-0.35770389569024763,0.13526857760179517,3,2019-02-13 21:15:08+00:00,False,IS,123,-0.005618191562044114,0.00479720983329442,-0.0027720065201423684
dimon,JPM,2019-02-20,-0.12118440306297348,0.045610735880159764,1,2019-02-19 14:13:46+00:00,False,IS,124,0.0026580368318548557,-0.002679699979759963,-0.007081256467104414
benioff,CRM,2019-02-25,-0.6569166349786215,0.24665758517731556,1,2019-02-22 15:04:16+00:00,False,IS,125,-0.001385159987187374,0.013795100334638745,-0.008796799306521342
huang,NVDA,2019-03-12,-1.8132344377073955,0.6798288047830918,1,2019-03-11 16:28:15+00:00,False,IS,126,0.0004425870524611582,0.02188131642467777,0.09106788413992244
moynihan,BAC,2019-03-12,0.6663598256830917,-0.2492371082572237,2,2019-03-11 15:28:36+00:00,False,IS,127,-0.0036571791273851606,0.013085556172642504,-0.03442533630956967
solomon,GS,2019-03-14,-1.3066284072218481,0.49179329296309043,3,2019-03-13 13:52:37+00:00,False,IS,128,-0.002438414923431707,-0.023338991932887708,0.001573502980984064
moynihan,BAC,2019-03-15,-1.704007107578454,0.6431481219481125,1,2019-03-14 18:33:08+00:00,False,IS,129,-0.00584609071686705,-0.06223256589177567,-0.028385496655806794
dimon,JPM,2019-03-15,-1.6801049169015911,0.6326355150049772,1,2019-03-14 14:16:24+00:00,False,IS,130,0.0074615327583240345,-0.042766481271563725,0.016207884078410985
dimon,JPM,2019-03-20,0.08050355051661018,-0.03045955427700896,1,2019-03-19 18:13:19+00:00,False,IS,131,-0.02260309532072359,-0.05946752199871333,0.027863450263155738
dimon,JPM,2019-03-21,-0.0347568253643174,0.013124055634902147,1,2019-03-20 19:03:39+00:00,False,IS,132,-0.024752427393274656,-0.03313843137362754,0.07978903600854684
zuckerberg,META,2019-04-02,0.8921401898538589,-0.3361375264586153,1,2019-04-01 18:25:11+00:00,False,IS,133,0.019844583196070246,0.02452800176383515,0.10002012948542398
moynihan,BAC,2019-04-03,-1.2500245479340557,0.4708077262560586,2,2019-04-02 17:27:38+00:00,False,IS,134,-0.005649178230375279,-0.007192171645818405,0.025914078651962442
dimon,JPM,2019-04-05,-1.449446643335374,0.5458827489392488,3,2019-04-04 23:06:43+00:00,False,IS,135,-0.007090327400848597,0.02790912483785684,0.0735212724659452
zuckerberg,META,2019-04-05,-0.7161043969583412,0.2702404264492938,1,2019-04-04 13:42:21+00:00,False,IS,136,-0.010259365146450768,-0.0029741326536573505,0.07509417979778994
huang,NVDA,2019-04-09,1.6643160576318703,-0.6289996018440679,1,2019-04-08 19:03:48+00:00,False,IS,137,-0.00672220282544801,-0.0453663812087501,-0.09655410934401873
moynihan,BAC,2019-04-10,-0.17609084286393717,0.06696080067256059,1,2019-04-09 18:24:43+00:00,False,IS,138,0.008350927213698801,0.01967214191094992,0.028026678307169386
moynihan,BAC,2019-04-11,-0.3489359998294773,0.13239782003759043,1,2019-04-10 15:01:01+00:00,False,IS,139,0.0064743110115431,0.019909823841848102,0.019609691541254443
musk,TSLA,2019-04-15,-0.33953482422145287,0.12853318545656675,1,2019-04-12 15:19:13+00:00,False,IS,140,-0.013830173951952365,-0.03275479341018014,-0.11551011277672601
solomon,GS,2019-04-18,1.3431277769519718,-0.5073481358146716,1,2019-04-17 13:00:05+00:00,False,IS,141,-0.005891463152048027,-0.03377992107495335,-0.03350974544362813
zuckerberg,META,2019-04-29,-0.13877159055053884,0.05280996194409421,1,2019-04-27 05:42:50+00:00,False,IS,142,0.017055659330098727,0.020605637606170804,-0.0026988934216479877
solomon,GS,2019-04-30,1.208891539437124,-0.45907713290793606,1,2019-04-29 16:03:40+00:00,False,IS,143,-0.007361043854865904,-0.004536296646254235,-0.034664847570306905
zuckerberg,META,2019-05-01,-1.7032515035484046,0.6484519611677524,1,2019-04-30 17:41:44+00:00,False,IS,144,0.0038740397849196216,0.0032236058145661984,0.007540745393560325
su,AMD,2019-05-08,-0.6572829381786981,0.25026581246230284,1,2019-05-07 16:11:00+00:00,False,IS,145,0.029381897229138542,0.06542078879088173,0.16214132667396344
cook,AAPL,2019-06-05,-0.03687415013935858,0.014053150825821818,2,2019-06-04 22:38:50+00:00,False,IS,146,-0.011646757002415319,0.018234726284043892,0.014422767865946082
solomon,GS,2019-06-14,-0.15325190833427463,0.05802071899193298,1,2019-06-13 23:24:03+00:00,False,IS,147,0.0027915057630098212,-0.003283709976384096,0.06292436383760697
moynihan,BAC,2019-06-20,-0.18898943866632195,0.07140379441386224,1,2019-06-19 18:57:28+00:00,False,IS,148,-0.012277111728666525,-0.0059950984203469585,0.014149142504151125
dimon,JPM,2019-06-26,1.6034494625181772,-0.6045645343226526,1,2019-06-25 19:31:26+00:00,False,IS,149,0.006321850611933848,0.03652309823338209,0.05683064709535928
khosrowshahi,UBER,2019-07-12,1.3478170393839948,-0.5108112467652149,1,2019-07-11 16:23:37+00:00,False,IS,150,-0.0033631553767543565,-0.0063971477014787,-0.07852218662517418
nadella,MSFT,2019-07-26,0.7926643151908035,-0.30129915382430195,2,2019-07-25 14:46:47+00:00,False,IS,151,0.002720388830549535,0.017030790096280675,0.028426493444137488
nadella,MSFT,2019-07-29,0.5735129887487667,-0.21818079595069417,1,2019-07-28 15:00:05+00:00,False,IS,152,-0.00031306246032365356,0.007383393070305522,0.02731849465771713
moynihan,BAC,2019-08-22,0.6876920016462211,-0.2664634589728945,1,2019-08-21 13:17:30+00:00,False,IS,153,0.0034529985937610114,0.0026826234275680212,0.07794291135890592
moynihan,BAC,2019-08-29,-0.3201181925104284,0.12400467043970644,1,2019-08-28 21:42:51+00:00,False,IS,154,0.009143048917626843,0.02005037050000714,0.06632243346088516
khosrowshahi,UBER,2019-08-30,0.7264199157572282,-0.2809058219947128,2,2019-08-29 19:11:48+00:00,False,IS,155,-0.005657591873354441,-0.056087939289680123,-0.09338757570204476
khosrowshahi,UBER,2019-09-10,0.05744205401498954,-0.022204412509414406,1,2019-09-09 23:11:58+00:00,False,IS,156,0.03637729447471173,0.06861769866929743,-0.026845773578850762
khosrowshahi,UBER,2019-09-13,0.36662574400383835,-0.14146485860850735,1,2019-09-12 19:55:08+00:00,False,IS,157,-0.007362946526461099,-0.006916875462627347,-0.13741271838138405
moynihan,BAC,2019-09-26,-0.09009204742263952,0.03471887635762286,1,2019-09-26 00:48:44+00:00,False,IS,158,0.006095989111271344,-0.012757414422413306,0.06393178728149976
khosrowshahi,UBER,2019-09-27,-0.6886074922975244,0.26486104311531344,1,2019-09-26 18:59:24+00:00,False,IS,159,-0.029814012474418238,-0.014633504202251419,0.039860872095465995
khosrowshahi,UBER,2019-10-01,-0.7887880995768776,0.30292593162631687,1,2019-09-30 17:03:32+00:00,False,IS,160,-0.016976785365824892,0.032260805095491375,0.0361446309747908
nadella,MSFT,2019-10-04,0.3581577102164361,-0.1385692781926638,1,2019-10-03 18:38:19+00:00,False,IS,161,-0.008156375521193238,0.00012130128773412026,-0.009467504255823593
benioff,CRM,2019-10-04,-0.914134052823433,0.35323814590678626,1,2019-10-03 23:50:01+00:00,False,IS,162,-0.019289890483296157,-0.028601312717894276,-0.008320920747171789
benioff,CRM,2019-10-07,-0.9512398060457381,0.3671897545585726,1,2019-10-05 00:29:30+00:00,False,IS,163,0.01469008599447244,0.0010504421190827094,0.01541710075790086
musk,TSLA,2019-10-11,-2.908823645616602,1.1217644025224354,1,2019-10-10 22:10:03+00:00,False,IS,164,0.004479083947761061,0.044077634208407004,0.27493309027396245
nadella,MSFT,2019-10-16,-0.3475642742263274,0.13557042806675632,1,2019-10-15 22:46:40+00:00,False,IS,165,-0.004851015814943086,-0.029668223270529263,-0.0006528550026729746
benioff,CRM,2019-10-17,-0.3629789726453006,0.14141714100091843,4,2019-10-16 13:08:16+00:00,False,IS,166,-0.0035721577715322394,-0.012281788609807155,0.05515470221311532
solomon,GS,2019-10-18,0.9570811267569198,-0.37131697947078957,1,2019-10-17 20:43:33+00:00,False,IS,167,0.015034298231334666,0.02099587388897007,0.023366410844957653
dimon,JPM,2019-10-21,-1.5307364980952192,0.5943952456803121,1,2019-10-18 18:15:58+00:00,False,IS,168,0.007742103800902263,0.025205390365632865,0.0220851182618712
zuckerberg,META,2019-10-21,-0.6521872339463421,0.25354264185843783,1,2019-10-18 19:47:40+00:00,False,IS,169,0.010842610778866921,-0.013145093190503233,-0.008916696936741908
su,AMD,2019-10-23,0.6805637390493672,-0.2641616381491648,1,2019-10-22 15:05:52+00:00,False,IS,170,-0.0014892808935603463,0.021748555171513875,0.18345930965707935
nadella,MSFT,2019-11-01,0.6068603595902923,-0.23525936621672738,1,2019-10-31 14:58:45+00:00,False,IS,171,-0.008977474502795055,-0.014653256029489093,0.012519426597876028
solomon,GS,2019-11-05,0.6604068769630395,-0.25589489182724223,1,2019-11-05 12:15:30+00:00,False,IS,172,-0.010457595743060705,-0.014420550790535646,-0.03931732855107528
dimon,JPM,2019-11-06,-1.855400701827782,0.7195563173018715,2,2019-11-05 22:14:00+00:00,False,IS,173,0.00858243223318239,-0.007038608262246512,0.01442564894211405
khosrowshahi,UBER,2019-11-07,-1.194864882294049,0.46548565677763554,1,2019-11-06 16:36:22+00:00,False,IS,174,0.02985656179757711,-0.000141561097309683,0.03226781568264424
dimon,JPM,2019-11-08,-1.8398926299406713,0.716610063122303,1,2019-11-07 21:34:50+00:00,False,IS,175,-0.0009396114135644664,-0.01516729603328111,0.015333697153526763
pichai,GOOGL,2019-11-13,-0.15428623467544583,0.060251803452978495,1,2019-11-12 18:00:57+00:00,False,IS,176,-0.0020948065338111635,0.000844429253281708,0.012907336930615791
benioff,CRM,2019-11-15,0.6577707393529465,-0.256418961933643,1,2019-11-14 20:37:47+00:00,False,IS,177,-0.0006934415617133728,-0.004716613885928891,-0.05419257520264449
khosrowshahi,UBER,2019-11-18,-1.9169823766306988,0.7470982661688146,1,2019-11-17 12:23:31+00:00,False,IS,178,-0.007783962781121024,0.06883582834294866,0.0830219187470678
musk,TSLA,2019-11-18,-0.13372728794708955,0.05227640038589097,1,2019-11-17 17:53:16+00:00,False,IS,179,-0.008259493339095111,-0.025322633209837155,0.03912450298288417
benioff,CRM,2019-11-25,0.1586923066478141,-0.06192793570526517,1,2019-11-22 15:44:01+00:00,False,IS,180,-0.020084833655049206,-0.026662515642364017,-0.05086066372264472
zuckerberg,META,2019-11-26,-0.30589868748429605,0.1192013864433545,1,2019-11-25 19:28:07+00:00,False,IS,181,-0.005308652858268218,0.011010655515675382,-0.010230795361491268
pichai,GOOGL,2019-12-04,-0.6768867348008818,0.26291746322483217,1,2019-12-04 11:40:51+00:00,False,IS,182,0.009999444707689667,0.01893066222931032,-0.01451517395311261
zuckerberg,META,2019-12-04,0.13445617189178688,-0.05230248913927672,1,2019-12-03 13:02:25+00:00,False,IS,183,-0.006928274458740485,-0.012084544168653566,-0.011486631835674208
khosrowshahi,UBER,2019-12-05,-1.5400806470845918,0.5973331259290426,1,2019-12-04 18:03:35+00:00,False,IS,184,-0.029147715656502537,-0.0344876328445264,0.0185983393614769
barra,GM,2019-12-06,-2.453706604442199,0.9527025333027446,1,2019-12-05 15:20:11+00:00,False,IS,185,-0.006429677937352947,0.005373823508381245,-0.03119249440469704
khosrowshahi,UBER,2019-12-09,-0.6620788254847014,0.25872533070332526,1,2019-12-07 04:19:40+00:00,False,IS,186,-0.004878212211038336,0.014948009721694737,0.10759027960556145
moynihan,BAC,2019-12-12,0.8750190851458757,-0.34146677300418127,2,2019-12-11 17:13:18+00:00,False,IS,187,0.017954447661128373,0.020497150837386104,-0.017183859204633497
nadella,MSFT,2019-12-16,0.39603184394192115,-0.15470966190823332,1,2019-12-13 17:36:44+00:00,False,IS,188,-0.000683138832127343,0.0033260267185230277,0.008492266265345182
nadella,MSFT,2020-01-14,-0.33173524873401,0.1293195260917136,2,2020-01-13 15:02:30+00:00,False,IS,189,-0.0042393974155166434,0.005756950548259331,0.09462431256905196
moynihan,BAC,2020-01-21,-0.2561096638900959,0.09959747205914693,1,2020-01-21 10:57:27+00:00,False,IS,190,-0.006626756964320636,-0.018168007285164007,-0.024386597374832984
moynihan,BAC,2020-01-22,-0.6712648626080441,0.2606057479354085,1,2020-01-21 19:04:04+00:00,False,IS,191,-0.0019181482854403924,-0.015121227761124567,-0.01741039950772431
nadella,MSFT,2020-01-22,-1.9507875766018306,0.7562905019479943,1,2020-01-21 19:32:00+00:00,False,IS,192,-0.0009724566996355032,0.018287580409300952,0.0957585691086282
benioff,CRM,2020-01-23,-0.5002098875867274,0.19370903768302408,1,2020-01-22 17:18:06+00:00,False,IS,193,0.00322279771871098,0.010507336628465364,0.02988914536896798
pichai,GOOGL,2020-01-23,0.546989682784068,-0.21178286892776355,2,2020-01-22 13:30:00+00:00,False,IS,194,-0.0033053300044649557,-0.009509195635580997,-0.006274621085113146
dimon,JPM,2020-01-23,-0.12906922005170532,0.05021036064066785,2,2020-01-22 12:44:43+00:00,False,IS,195,-0.0011465812978558839,-0.0006444576216178485,-0.008786169366571499
benioff,CRM,2020-01-24,-0.6282829041034492,0.24235776335043402,2,2020-01-23 17:37:19+00:00,False,IS,196,0.00017062326400685973,0.019438549672444953,0.002591150738305275
solomon,GS,2020-01-24,-0.6441213592291574,0.24849418379514593,2,2020-01-23 16:08:27+00:00,False,IS,197,0.0016785875051532548,0.009759408232724854,-0.05525454427204631
nadella,MSFT,2020-01-24,-0.9911831627139946,0.38323400990546364,1,2020-01-23 13:20:04+00:00,False,IS,198,-0.001492505263458857,0.05007267742264625,0.04762278958048796
solomon,GS,2020-01-30,0.8870767991825503,-0.34011861099331037,2,2020-01-29 21:25:00+00:00,False,IS,199,0.007385340260407396,-0.006344827936522415,-0.01857938065197838
solomon,GS,2020-02-06,0.20664910826440655,-0.0794434527865944,1,2020-02-05 16:05:09+00:00,False,IS,200,-0.01845690379998382,-0.03867065522971927,-0.0728206912260323
moynihan,BAC,2020-02-07,-0.26111898417421786,0.10025993937299744,1,2020-02-06 17:36:44+00:00,False,IS,201,0.009975728823929077,-0.002836054736630598,-0.16240306658769338
solomon,GS,2020-02-13,0.2296913475247092,-0.08793885868574092,2,2020-02-12 22:12:42+00:00,False,IS,202,-0.006153763742048508,-0.027797475148977256,-0.04740929936193657
solomon,GS,2020-02-18,-0.9751860512971999,0.3727231635045392,1,2020-02-14 22:52:48+00:00,False,IS,203,-0.011603080138389817,-0.0005431579991711645,0.017334138233286403
nadella,MSFT,2020-02-24,-3.230080169734483,1.233589025293878,1,2020-02-24 08:16:24+00:00,False,IS,204,0.03509857783658342,0.09357308580608503,0.2405354833561028
nadella,MSFT,2020-02-27,-1.8330843255340312,0.7085071311380373,1,2020-02-26 15:46:51+00:00,False,IS,205,0.0022402597067154445,0.02254325921010935,0.14848326755691363
cook,AAPL,2020-03-02,-0.24431029149725275,0.09453686391207385,2,2020-02-28 18:30:51+00:00,False,IS,206,0.02030601940511967,0.05043258492450036,0.09618004419118449
nadella,MSFT,2020-03-02,0.17110843324855202,-0.06628175119496871,1,2020-02-28 14:15:13+00:00,False,IS,207,0.002585237505091799,0.012717777882159512,0.10311390443310836
nadella,MSFT,2020-03-03,-1.256191299521026,0.48463675705686854,1,2020-03-02 17:31:10+00:00,False,IS,208,-0.01624636190517925,0.015588376276455297,0.12495569634860804
musk,TSLA,2020-03-10,-1.0247669870086709,0.39532417190067837,1,2020-03-09 21:36:40+00:00,False,IS,209,-0.007405543635457829,-0.1489804653999328,-0.09102071474347403
dimon,JPM,2020-03-11,-2.702842461978443,1.0419526536567294,1,2020-03-10 18:57:28+00:00,False,IS,210,0.02903318424035535,0.11548963711224536,0.012394436585769941
moynihan,BAC,2020-03-16,-0.6739939433476249,0.2617440947746461,1,2020-03-15 17:35:38+00:00,False,IS,211,0.03847592542571521,0.047593003525878266,0.005234401421631157
moynihan,BAC,2020-03-30,-0.747132961345321,0.28976884301502903,1,2020-03-27 15:43:01+00:00,False,IS,212,-0.019684782329712134,-0.03887061378000864,-0.05343100148485776
moynihan,BAC,2020-04-06,-0.8377439962275047,0.32451854546533,1,2020-04-03 14:52:52+00:00,False,IS,213,-0.007455654207501203,0.031086285878330906,-0.03111269396143435
moynihan,BAC,2020-05-04,0.322172053295593,-0.12466676794278547,1,2020-05-01 20:26:18+00:00,False,IS,214,0.004119999601662216,-0.029271591440363037,-0.019694932572138894
benioff,CRM,2020-05-05,-0.9975463979291138,0.3854297046991545,2,2020-05-04 22:49:06+00:00,False,IS,215,0.006583436561724323,0.09425144221911784,-0.006278316515466282
benioff,CRM,2020-05-07,-0.2455917953489883,0.09466008720365336,3,2020-05-06 18:29:54+00:00,False,IS,216,0.026495392278590747,0.04691132942946933,-0.07685864772490629
solomon,GS,2020-05-11,-0.9059815613498088,0.34981233760755526,1,2020-05-08 21:07:00+00:00,False,IS,217,-0.00820179215368715,-0.0385717980452009,0.054035599486841446
musk,TSLA,2020-05-13,-0.46932393206874634,0.18104093300876686,1,2020-05-12 21:00:08+00:00,False,IS,218,-0.020235469038861094,-0.03895456599131972,0.09231116597758823
nadella,MSFT,2020-05-20,-0.9223137627727795,0.35526838088979523,1,2020-05-19 23:20:59+00:00,False,IS,219,-0.0005736938624920618,-0.05570045345962094,-0.00644664628281532
zuckerberg,META,2020-05-28,-1.2838198563151495,0.49406387345408775,1,2020-05-28 11:09:34+00:00,False,IS,220,0.01110115068151394,0.0028141519185540323,0.04521279260172689
zuckerberg,META,2020-05-29,-1.8126079881855683,0.6975087245516576,1,2020-05-28 11:41:09+00:00,False,IS,221,-0.006490644898634284,-0.04009790114529758,0.016932606962307587
khosrowshahi,UBER,2020-06-01,-2.0277816522530925,0.7817342143538337,1,2020-05-29 16:00:25+00:00,False,IS,222,0.003706289025700858,0.0008716521568730793,-0.17117281844004778
dimon,JPM,2020-06-02,-1.903403109027596,0.7358453717041273,1,2020-06-01 16:27:19+00:00,False,IS,223,-0.0032193303578696604,0.04505744812285676,-0.058827876459440376
nadella,MSFT,2020-06-09,-0.8281766834741473,0.32086853872212207,1,2020-06-08 19:42:26+00:00,False,IS,224,0.012678278482500117,0.04152167011072311,0.12542359313602866
barra,GM,2020-06-09,-2.2842918126935228,0.8840652172292696,1,2020-06-09 01:06:29+00:00,False,IS,225,0.008925857976919553,0.022856662601636914,-0.12113076458999826
benioff,CRM,2020-06-11,0.13760754137254674,-0.05347451333562549,1,2020-06-10 21:10:51+00:00,False,IS,226,0.006383000496665479,0.03309240090861119,0.11126177620599678
cook,AAPL,2020-06-22,-0.8246014142922663,0.32007895688026206,1,2020-06-21 14:00:01+00:00,False,IS,227,0.016145166753900462,0.03004417893541007,0.05849549874849934
benioff,CRM,2020-06-24,-1.4868991243353737,0.576529796084079,1,2020-06-23 21:52:30+00:00,False,IS,228,0.013656179750214159,0.004149220627460927,-0.028202856477194567
solomon,GS,2020-06-25,0.17813845605966377,-0.06909382892000733,2,2020-06-24 18:28:00+00:00,False,IS,229,-0.006156936278383308,-0.023006267669172555,-0.0439971103457516
benioff,CRM,2020-06-30,-1.5326816084602632,0.5933310561442908,1,2020-06-29 16:15:03+00:00,False,IS,230,0.0067018855042020355,0.041959482274857914,-0.018293277957929968
dimon,JPM,2020-07-06,-0.22823180933918075,0.0884082560008092,1,2020-07-06 10:13:11+00:00,False,IS,231,-0.0021986847340587246,0.031049763798999208,-0.020663125342987202
khosrowshahi,UBER,2020-07-13,-1.6286211562746058,0.6310231767984856,3,2020-07-10 19:13:26+00:00,False,IS,232,-0.030797639138205466,-0.02579141390529434,-0.05291621803340047
moynihan,BAC,2020-07-31,-1.6351802455451132,0.6346918227167145,1,2020-07-30 23:56:51+00:00,False,IS,233,-0.007074929999733127,-0.017135493044490826,-0.043307449819788076
solomon,GS,2020-08-03,-0.5423068698237236,0.21069071574334117,1,2020-07-31 14:47:31+00:00,False,IS,234,0.0062414935709352165,0.0273076387852739,-0.04540834106750127
khosrowshahi,UBER,2020-08-11,-1.1910842376826962,0.4626873087283129,1,2020-08-11 00:30:11+00:00,False,IS,235,-0.001400733641651485,-0.07515899106329998,0.07896304027391172
dimon,JPM,2020-08-12,-0.0030696187520589946,0.0012681364062617842,4,2020-08-11 15:52:04+00:00,False,IS,236,-0.04393993616047043,-0.0842779333379331,-0.06934615832216127
su,AMD,2020-08-18,-1.4656914806773473,0.5676218050719328,2,2020-08-17 21:35:23+00:00,False,IS,237,-0.014871991411640927,-0.010426514322821285,-0.04057868077547502
barra,GM,2020-08-31,-1.9913322071614463,0.7712281659923165,1,2020-08-28 15:00:26+00:00,False,IS,238,-0.015781719050461072,0.11077191904946361,0.03897565388816027
zuckerberg,META,2020-09-04,-0.30920830543525996,0.12002371294546327,1,2020-09-03 14:10:39+00:00,False,IS,239,-0.0285799269884862,-0.032002833953806056,-0.06307166034513226
su,AMD,2020-09-08,-1.1538611023667595,0.44728084503663623,1,2020-09-07 13:50:39+00:00,False,IS,240,0.039909355377281006,-0.018405520912554624,0.09056111621126212
zuckerberg,META,2020-09-09,-0.7193656191192777,0.27867953800370815,2,2020-09-09 03:31:21+00:00,False,IS,241,-0.013574566279287163,-0.042901511390049975,-0.06617889643608016
huang,NVDA,2020-09-15,-4.204651691311404,1.625978410732214,1,2020-09-14 15:04:10+00:00,False,IS,242,-0.025894353679396735,-0.0030316654213908695,0.032074979217055336
zuckerberg,META,2020-09-17,-1.1792875493769714,0.46434809743128347,1,2020-09-16 18:12:58+00:00,False,IS,243,-0.008958970082643122,-0.012236359977982699,0.003713092596863584
cook,AAPL,2020-09-22,-0.9832137369528804,0.3868274895556164,2,2020-09-22 00:22:31+00:00,False,IS,244,-0.017485963698892187,0.0007719528431804172,-0.013011675036524928
moynihan,BAC,2020-09-24,-0.35616802338851705,0.13994136896382303,1,2020-09-23 22:32:35+00:00,False,IS,245,-0.010431307658430995,-0.035662294168096145,-0.06479468158150728
moynihan,BAC,2020-09-25,0.5442144053947502,-0.21354195924296582,1,2020-09-24 17:29:43+00:00,False,IS,246,-0.022164366672108776,-0.025402288766352497,-0.01746006867165785
pichai,GOOGL,2020-09-28,-1.726686194347373,0.6765837876353527,1,2020-09-26 14:00:02+00:00,False,IS,247,-0.007678589392120482,-0.014685904963041375,0.06875817032742378
dimon,JPM,2020-09-28,-0.6907238408576758,0.27097618983927463,1,2020-09-25 15:17:39+00:00,False,IS,248,0.0072184397202731156,0.03252574777328612,0.05309209107728391
moynihan,BAC,2020-10-02,-0.4060024773775743,0.15925869418531532,1,2020-10-01 21:54:48+00:00,False,IS,249,0.01812527746592747,0.010617021553671746,0.012698568462526889
huang,NVDA,2020-10-02,0.3709562520888672,-0.14531997945994335,1,2020-10-02 10:55:28+00:00,False,IS,250,-0.01743653920102678,-0.015822393374817747,-0.013028437407740873
khosrowshahi,UBER,2020-10-06,-1.5063345536564834,0.5897607130150538,1,2020-10-05 21:10:53+00:00,False,IS,251,-0.009703630251253911,-0.0650290084366652,-0.026939481727375814
saylor,MSTR,2020-10-13,0.6486748085563512,-0.2540577938827421,1,2020-10-13 11:03:31+00:00,False,IS,252,0.008061909642351513,0.013137607994319874,0.11660683486060117
saylor,MSTR,2020-10-15,0.9051612692323495,-0.35477102998995014,2,2020-10-14 13:32:28+00:00,False,IS,253,0.010268389923707228,0.13815268718368234,0.17027176897689872
saylor,MSTR,2020-10-21,1.4552488898672298,-0.5710761923971119,1,2020-10-20 17:41:49+00:00,False,IS,254,0.06142635815758544,0.056908744886311854,0.16596872540002539
pichai,GOOGL,2020-10-26,-1.5009014051138359,0.5907678496399014,1,2020-10-23 13:24:30+00:00,False,IS,255,-0.00938662800323327,0.0450985364852808,0.03884973812913784
benioff,CRM,2020-10-28,-0.434000683211305,0.1708889399430016,1,2020-10-27 17:13:32+00:00,False,IS,256,0.00824952600385749,-0.021108293718917405,-0.01871070789933154
saylor,MSTR,2020-11-02,0.5176227825061813,-0.20355364247983648,1,2020-10-31 04:14:12+00:00,False,IS,257,-0.0031401445835335887,0.010290862614005095,0.6018411754175487
zuckerberg,META,2020-11-18,-2.6756567463145102,1.0510896965030674,1,2020-11-17 16:26:21+00:00,False,IS,258,0.0021980220733310157,0.007465184948761524,-0.019695681175156292
saylor,MSTR,2020-11-19,-0.23525467089335517,0.09341484556635274,1,2020-11-18 21:17:31+00:00,False,IS,259,0.02138004646766574,0.17535883049060355,0.33680659700487825
dimon,JPM,2020-11-19,-2.3060686021381542,0.9124311639716299,2,2020-11-18 16:21:45+00:00,False,IS,260,-0.004849031212605999,0.03671796589552621,-0.01709900349117997
pichai,GOOGL,2020-12-07,-0.08905189383991019,0.03538497466970625,1,2020-12-07 08:49:51+00:00,False,IS,261,-0.0004104612589288809,-0.023811820967200706,-0.07064887737991943
pichai,GOOGL,2020-12-10,-0.025825212766354362,0.010331560765055037,1,2020-12-10 07:50:24+00:00,False,IS,262,-0.00020962728619096501,-0.016815633729493448,-0.028015513659439113
musk,TSLA,2020-12-10,-3.1006197093873196,1.230619762215279,1,2020-12-09 17:00:09+00:00,False,IS,263,0.07241278482102062,0.06992817359810365,0.3567078979830911
solomon,GS,2020-12-16,-0.43929607186362896,0.17555179015308364,1,2020-12-15 14:20:34+00:00,False,IS,264,-0.0016045447769688385,0.03250096575017779,0.18612252173068633
saylor,MSTR,2020-12-24,-1.1932751037755849,0.47626263348572895,1,2020-12-23 20:03:02+00:00,False,IS,265,0.08221725906892009,0.2031724264625204,0.5379840206050354
solomon,GS,2021-01-06,-0.45571346568896803,0.18180573086813748,1,2021-01-05 16:31:42+00:00,False,IS,266,0.01895067611103021,0.05268366559915061,0.00531459789664248
saylor,MSTR,2021-01-14,2.1770071280353696,-0.867435372713537,1,2021-01-13 17:00:12+00:00,False,IS,267,0.1268442972531502,-0.02085585092336949,0.715887499851648
saylor,MSTR,2021-01-22,0.11885519431465366,-0.047659057464683185,1,2021-01-21 22:00:11+00:00,False,IS,268,0.12147999491015264,0.302863874562549,0.6019353549489298
benioff,CRM,2021-01-22,-1.1365153717988068,0.45596744726633176,1,2021-01-21 17:09:15+00:00,False,IS,269,0.01729736077206538,0.018011897787226894,0.06986249340955625
benioff,CRM,2021-01-29,-2.754334097170686,1.1037096448292447,1,2021-01-28 22:12:49+00:00,False,IS,270,0.016805422371560408,0.027388776002932068,-0.04681400956100191
nadella,MSFT,2021-02-11,-1.397760300237309,0.5625946758702656,1,2021-02-11 05:03:16+00:00,False,IS,271,0.0005793084172790947,-0.004340770350150793,-0.04397543741627747
musk,TSLA,2021-02-12,-1.5521511842982065,0.6247574628830831,1,2021-02-11 19:33:16+00:00,False,IS,272,0.00723593267030892,-0.03795685886249634,-0.1269532021678964
saylor,MSTR,2021-02-24,0.5666896327204496,-0.22819819976063577,1,2021-02-23 14:19:49+00:00,False,IS,273,0.13718904831129863,0.10565837415346983,0.012928111427762463
saylor,MSTR,2021-02-26,-0.41857587265805773,0.16862512463203788,1,2021-02-26 01:32:22+00:00,False,IS,274,0.15925741460874698,-0.015285325135325531,-0.05312815955655431
dimon,JPM,2021-03-02,-0.07266187477374424,0.02923672677678328,1,2021-03-01 20:53:16+00:00,False,IS,275,0.02127732015774289,0.022755759078459406,0.009872415736818605
saylor,MSTR,2021-03-04,-0.08490289480754558,0.03413673935457978,1,2021-03-03 20:14:26+00:00,False,IS,276,-0.0758972867689662,0.06884092924691049,-0.03195776745055823
dimon,JPM,2021-03-04,0.7470528920764604,-0.30026233158243165,1,2021-03-03 14:22:53+00:00,False,IS,277,0.0066199028724725105,-0.027707589167183702,-0.06596976636601355
nadella,MSFT,2021-03-05,-1.388630940929116,0.5577133329353681,1,2021-03-04 17:39:55+00:00,False,IS,278,-0.004375944272193542,-0.014388467267477455,-0.012505546126724098
nadella,MSFT,2021-03-08,-1.1030381776297074,0.44301323821590777,1,2021-03-06 01:19:26+00:00,False,IS,279,0.0030288531997331248,-0.01254604571576199,0.005197739187119152
khosrowshahi,UBER,2021-03-09,0.5918191588858638,-0.23755302074007845,1,2021-03-08 15:06:47+00:00,False,IS,280,0.009566947303161273,0.03491558062780321,-0.022621491344026103
benioff,CRM,2021-03-16,-0.5672512894442288,0.22768112901679038,1,2021-03-16 00:36:16+00:00,False,IS,281,0.0012915058805425279,0.011218607217023823,0.033260559602846344
dimon,JPM,2021-04-07,-0.5364750970590522,0.21508007161797313,1,2021-04-06 20:12:00+00:00,False,IS,282,0.0003335401985937172,-0.029454031788054964,-0.011113110697596067
dimon,JPM,2021-04-08,-3.543800106673413,1.4191056342995987,1,2021-04-07 18:35:30+00:00,False,IS,283,0.01045391431294318,-0.034034529855467115,0.005608681816620484
musk,TSLA,2021-04-20,-0.25417209391057316,0.10268130528697333,1,2021-04-20 10:59:07+00:00,False,IS,284,-0.005966254781032231,-0.016192490809425843,-0.23167534035366683
su,AMD,2021-04-21,-0.6069201140473608,0.24490272388699538,1,2021-04-20 12:35:37+00:00,False,IS,285,0.01943825291421036,0.10032946409628038,-0.05551169440160203
saylor,MSTR,2021-04-23,0.35552273577351967,-0.14329862784395653,1,2021-04-22 15:22:45+00:00,False,IS,286,0.09053889813278089,0.10786199938863068,-0.16959083322608495
saylor,MSTR,2021-05-10,1.217288722673927,-0.4898637600499861,1,2021-05-08 13:00:12+00:00,False,IS,287,-0.09971480164260949,-0.20296936730352022,-0.2625610201900967
musk,TSLA,2021-05-12,0.9208743321316002,-0.3712689340716671,1,2021-05-12 07:00:11+00:00,False,IS,288,0.017863724885804285,-0.06604694695108168,-0.04564950699735648
moynihan,BAC,2021-05-13,-1.034340746395308,0.417363938149945,1,2021-05-12 16:00:07+00:00,False,IS,289,0.011091329058417938,0.011430887579459542,-0.02195543197185097
barra,GM,2021-05-19,-0.928713969719807,0.37448905051011566,1,2021-05-18 21:16:29+00:00,False,IS,290,0.0029733224518511438,0.002108365006276993,0.07940440203005147
pichai,GOOGL,2021-05-24,-0.4178965774357232,0.1682297637639362,3,2021-05-22 03:00:51+00:00,False,IS,291,0.016070892829402512,0.010761676315707597,0.037298188839545325
pichai,GOOGL,2021-06-01,-1.1681004835063478,0.4690674420581656,1,2021-05-28 17:24:11+00:00,False,IS,292,0.012532828519639893,0.01438099072227879,0.01392236360349328
saylor,MSTR,2021-06-07,-0.19933955298422315,0.08001080457727262,1,2021-06-05 15:55:16+00:00,False,IS,293,-0.052611314306197934,0.12075080689673007,0.28909480345263
benioff,CRM,2021-06-08,0.9547545803422215,-0.38279806882070505,1,2021-06-07 19:45:44+00:00,False,IS,294,9.013434145154427e-05,0.02014859405679042,0.023995999221999097
karp,PLTR,2021-06-14,-1.8320539765815058,0.7352272759162382,1,2021-06-12 20:35:06+00:00,False,IS,295,0.01043391642793965,0.027570522906055158,-0.08777352963655008
saylor,MSTR,2021-06-16,-0.8499421038230272,0.3411753284584997,2,2021-06-15 20:55:16+00:00,False,IS,296,0.01232501577896005,-0.0523115486509472,-0.13622449105450318
huang,NVDA,2021-06-18,-0.18567607999497135,0.074425224558223,1,2021-06-17 17:00:30+00:00,False,IS,297,-0.01735648329390348,-0.009749207866196215,-0.08024992858856705
moynihan,BAC,2021-06-18,-0.7664469693896875,0.3068845856731131,1,2021-06-17 21:19:12+00:00,False,IS,298,0.0034547909645208565,0.03759837955571703,-0.07457754683324364
su,AMD,2021-06-18,-0.7216114400347887,0.28984311110690564,1,2021-06-17 15:00:05+00:00,False,IS,299,-0.0083584541017597,-0.006061387855179356,-0.017655397766522064
zuckerberg,META,2021-06-18,0.2304047176567916,-0.09219652491559882,2,2021-06-17 16:45:13+00:00,False,IS,300,-0.00929251239689552,-0.005794894103213284,-0.019936072101132945
nadella,MSFT,2021-06-25,-0.04087143326828675,0.01634907140360357,1,2021-06-24 16:01:46+00:00,False,IS,301,-0.004040738226974895,0.0070004868984749336,0.0417693856398399
saylor,MSTR,2021-06-28,0.6800458755529005,-0.2717614104171955,1,2021-06-26 02:01:17+00:00,False,IS,302,0.13714360430635436,0.11948834467871096,0.1397479211583894
huang,NVDA,2021-07-06,-0.4429691389598991,0.17705131674599162,1,2021-07-02 15:59:59+00:00,False,IS,303,0.006076235966834054,-0.02513929039861358,-0.06256191143339802
su,AMD,2021-07-06,-0.6452679033809372,0.25762250569145945,1,2021-07-02 16:00:29+00:00,False,IS,304,0.0018750823426360846,-0.05242933750548057,0.12268199698174198
saylor,MSTR,2021-07-09,0.07254605869446437,-0.02893381399846217,1,2021-07-08 16:00:43+00:00,False,IS,305,0.006041756454650918,-0.14153435797622435,0.14165715732444945
pichai,GOOGL,2021-07-13,-0.2339424704697771,0.09312108505503236,1,2021-07-12 17:45:09+00:00,False,IS,306,0.0037356995215307967,0.020092222050114305,0.05917585400676848
pichai,GOOGL,2021-07-14,0.3797224768814964,-0.15098680172548062,1,2021-07-13 17:04:12+00:00,False,IS,307,0.013173268214976955,0.0005282445083136904,0.050737487293582836
pichai,GOOGL,2021-07-16,0.14507563456096187,-0.0576255432774332,1,2021-07-15 11:41:54+00:00,False,IS,308,0.01752869081004237,0.016705173492352614,0.04390881738425302
cook,AAPL,2021-07-22,-0.9884363112842832,0.39231302251854094,1,2021-07-21 22:15:00+00:00,False,IS,309,0.0009283295884393722,-0.026489943336945487,-0.009200088277023143
saylor,MSTR,2021-08-02,-0.5700095164369438,0.2260779647831652,1,2021-07-30 22:53:58+00:00,False,IS,310,0.0263566424113557,0.25044313903740556,0.10531875968443458
musk,TSLA,2021-08-04,-1.084592589005242,0.4297177937669673,1,2021-08-03 20:59:59+00:00,False,IS,311,0.004947935527080628,-0.01662084205665118,-0.025353571764007612
dimon,JPM,2021-08-04,-0.6695380783597153,0.26511972668962314,1,2021-08-03 22:01:32+00:00,False,IS,312,0.005947406881610982,0.04888356457126962,0.03430381151419723
dimon,JPM,2021-08-05,-0.15656476990963053,0.06193321586649714,1,2021-08-04 12:45:09+00:00,False,IS,313,0.015412987266142635,0.05504914605338313,0.025561563761762784
pichai,GOOGL,2021-08-17,-1.3844462474851316,0.5462494611435466,1,2021-08-17 05:01:20+00:00,False,IS,314,-0.005246337051867058,0.009638635426243772,0.035222329022604894
barra,GM,2021-08-17,-2.3270024695137517,0.918107720931674,1,2021-08-17 05:01:43+00:00,False,IS,315,-0.024762802303972185,-0.07781870531052945,-0.022124186590926347
moynihan,BAC,2021-08-23,-0.5181191400532537,0.20500966789051087,1,2021-08-22 18:32:44+00:00,False,IS,316,0.005756154234564235,0.03652728410389149,-0.012013565016507514
barra,GM,2021-08-27,0.7389932417435764,-0.2920958074116211,1,2021-08-26 18:59:47+00:00,False,IS,317,0.015427647037112547,-0.010111781419822118,0.08131110297914895
benioff,CRM,2021-09-07,-1.5816319697176808,0.6253687039443967,1,2021-09-04 04:13:52+00:00,False,IS,318,-0.006440496251112376,-0.03606726896413517,0.07618420675016753
cook,AAPL,2021-09-14,-0.20329623216042925,0.08041468584698393,1,2021-09-13 17:28:15+00:00,False,IS,319,-0.0005663519506288045,-0.010041166172516965,-0.011779896759679085
cook,AAPL,2021-09-15,-1.3551438227157588,0.5354863095325083,1,2021-09-15 04:29:36+00:00,False,IS,320,-0.009582800706570324,-0.004374299935904315,-0.02203392527406429
musk,TSLA,2021-09-27,0.11850639166582433,-0.046775130570026136,1,2021-09-25 06:37:10+00:00,False,IS,321,0.030435020742185615,0.06886485500338799,0.16627264710016748
saylor,MSTR,2021-09-27,-0.6165378685280517,0.24359816288030672,1,2021-09-24 17:04:27+00:00,False,IS,322,-0.016584839360716856,0.05749849113624969,0.15923755200751283
khosrowshahi,UBER,2021-09-29,0.6144846601995791,-0.2423558819120529,1,2021-09-29 01:00:42+00:00,False,IS,323,-0.030794931127292577,0.00592011114703663,-0.055935049116505244
farley,F,2021-10-01,-3.9542076945093245,1.5596394548210697,1,2021-09-30 21:31:56+00:00,False,IS,324,-0.004919714139312787,0.022696976186088978,0.10524554509573493
farley,F,2021-10-04,-0.4474755713735752,0.17862795787250607,1,2021-10-01 23:07:52+00:00,False,IS,325,0.019490228098941548,0.052817299497168534,0.13711984573569536
benioff,CRM,2021-10-05,0.4169546523176805,-0.16610455090458498,1,2021-10-04 16:40:06+00:00,False,IS,326,-0.006598317986458156,0.002921705930007165,0.03355347865724239
nadella,MSFT,2021-10-05,0.2099264629290672,-0.08360197812707526,1,2021-10-04 16:40:15+00:00,False,IS,327,0.00871518868755038,0.02473623551273156,0.07358853865577641
su,AMD,2021-10-05,0.0815771864484545,-0.03246670868219492,1,2021-10-04 16:40:43+00:00,False,IS,328,-0.0016905130560444905,0.02561289001498424,0.12961598767305732
saylor,MSTR,2021-10-11,-0.2815490229438727,0.11196425851687616,1,2021-10-08 17:29:17+00:00,False,IS,329,0.018473737344403517,0.008498086633009628,0.019608653591111823
karp,PLTR,2021-10-18,-2.828619850910025,1.122786694416901,1,2021-10-16 00:30:22+00:00,False,IS,330,0.010114239520922158,-0.0007760833205134356,-0.08661000919971917
barra,GM,2021-10-18,-0.8624637966771826,0.34262697691376715,1,2021-10-15 20:08:16+00:00,False,IS,331,-0.0203641960629748,-0.015697003314054866,0.04431277462712081
solomon,GS,2021-10-20,-0.5273579640689318,0.21037470926932156,1,2021-10-19 20:50:08+00:00,False,IS,332,-0.011690036701158701,0.0014214680444592006,-0.062124420739060326
saylor,MSTR,2021-10-22,-0.5256608247038547,0.20934548274380346,2,2021-10-21 21:37:59+00:00,False,IS,333,0.0018352198235181685,-0.021551457902282592,-0.055315181656608696
moynihan,BAC,2021-10-26,-0.9836847899885973,0.3912336704892759,1,2021-10-25 18:09:04+00:00,False,IS,334,-0.0021440163378688886,-0.008391166888691234,-0.03757986757413162
dimon,JPM,2021-11-04,0.48003320099078767,-0.19060167607123107,1,2021-11-04 03:02:07+00:00,False,IS,335,-0.014770455955572472,-0.014372808732049163,-0.03684353162701329
zuckerberg,META,2021-11-04,-1.3868804293660337,0.5507066635017276,1,2021-11-04 00:26:54+00:00,False,IS,336,0.007978915054819461,-0.011684690513199198,-0.04204794497330524
cook,AAPL,2021-11-10,-0.6750572720853502,0.2677909313554414,2,2021-11-09 15:32:53+00:00,False,IS,337,-0.0059794463316502665,-0.003403769099573222,0.1495830545849043
zuckerberg,META,2021-11-12,-1.7884104779236931,0.7080264004718634,1,2021-11-11 21:00:14+00:00,False,IS,338,0.033284962050010816,0.024526104593684185,-0.0076467785958537465
saylor,MSTR,2021-11-12,-0.5710602984177605,0.22630530527918938,1,2021-11-11 15:34:21+00:00,False,IS,339,-0.005030366928533873,-0.1162284063970112,-0.31841569028581923
solomon,GS,2021-11-17,-0.4946008366917221,0.19598407122065392,1,2021-11-17 10:02:10+00:00,False,IS,340,-0.024271174599806662,0.015224345694667723,-0.015388059840201406
solomon,GS,2021-11-18,0.2803397198688151,-0.1109721089820509,1,2021-11-17 17:54:38+00:00,False,IS,341,-0.02607720172694171,-0.003081611103071355,0.013728425894148915
gelsinger,INTC,2021-11-22,1.918274748116174,-0.7589569244174119,1,2021-11-19 13:00:27+00:00,False,IS,342,0.02314963630817541,0.025840209868471596,0.04541341422277528
saylor,MSTR,2021-11-22,-0.41588608149706097,0.1652795597576398,1,2021-11-19 23:35:32+00:00,False,IS,343,-0.025510267503051937,0.004112334866225746,-0.1801721202083329
dimon,JPM,2021-11-26,0.051167074376792326,-0.020314160179414634,1,2021-11-24 19:54:54+00:00,False,IS,344,0.003930589578140037,0.002170385805857369,-0.04947696208725097
pichai,GOOGL,2021-11-30,0.20914366330191947,-0.0829681647881145,1,2021-11-29 22:36:49+00:00,False,IS,345,-0.005907226670029279,-0.0032882467089325454,-0.03599204589339193
saylor,MSTR,2021-12-01,-2.9763415187916,1.182373813946582,2,2021-11-30 21:16:40+00:00,False,IS,346,-0.006205024681110977,-0.1838875707485707,-0.34124835310714835
dimon,JPM,2021-12-01,-0.5799842418618564,0.22994099926502398,1,2021-11-30 19:43:36+00:00,False,IS,347,0.01333482435513859,-0.0034580105698376207,-0.04527288719119291
khosrowshahi,UBER,2021-12-02,-1.5379253277957319,0.6158894058552596,1,2021-12-01 18:07:16+00:00,False,IS,348,-0.004858465769325682,-0.0024336103738598937,0.0741680442760749
pichai,GOOGL,2021-12-06,-1.5423324516433363,0.6180356190299666,3,2021-12-03 13:21:42+00:00,False,IS,349,-0.00602692879793915,-0.007336182220015864,-0.052582967398272173
saylor,MSTR,2021-12-10,0.2614806607875679,-0.10535480766644087,1,2021-12-10 02:44:53+00:00,False,IS,350,-0.03484537937416364,-0.0708015370841837,-0.24561619052873568
gelsinger,INTC,2021-12-10,1.983593019999228,-0.7954896037743652,1,2021-12-09 23:03:50+00:00,False,IS,351,-0.002604514695246812,0.012526660711661818,0.07399407015061593
moynihan,BAC,2021-12-10,0.7633612432862483,-0.30600962364731776,1,2021-12-09 21:59:32+00:00,False,IS,352,-0.011777932474677233,0.007473393870626016,0.12177530281282613
moynihan,BAC,2021-12-13,0.5299613505119158,-0.2134112259435487,1,2021-12-10 23:23:31+00:00,False,IS,353,-0.0011269306289740516,0.005992074365930954,0.10992148965940829
dimon,JPM,2021-12-13,0.4413685520690567,-0.17778233027936263,1,2021-12-10 22:11:42+00:00,False,IS,354,0.00016309274030576817,-0.005365062391046916,0.06638541384707361
saylor,MSTR,2021-12-13,0.6982557110440334,-0.2811897319220315,1,2021-12-10 15:49:34+00:00,False,IS,355,-0.017651450224620398,-0.004158784513505466,-0.18250690094099142
farley,F,2021-12-15,-3.149872017756403,1.2682889388553433,1,2021-12-14 18:58:58+00:00,False,IS,356,0.004577762491232318,-0.019753589386869868,0.1878625419050901
saylor,MSTR,2021-12-16,0.19070313284827678,-0.0772691800476411,1,2021-12-16 01:45:11+00:00,False,IS,357,-0.02770489958892995,-0.03519555422316767,-0.14597700292596397
saylor,MSTR,2021-12-21,0.21359550582197404,-0.08643327404290937,1,2021-12-21 01:00:09+00:00,False,IS,358,-0.018830552481150495,-0.08551357299047346,-0.15735934984949246
musk,TSLA,2021-12-21,-0.9680056167772713,0.3919749491534928,1,2021-12-20 16:25:14+00:00,False,IS,359,0.03626061709524911,0.1123575613030165,0.13464518200836592
musk,TSLA,2021-12-22,-0.022580349844064925,0.009131972239155892,1,2021-12-22 05:48:32+00:00,False,IS,360,0.018727259743969094,0.03862666201040701,0.11847428428103345
saylor,MSTR,2021-12-28,-0.5133367132516193,0.20743431537851592,1,2021-12-27 15:51:58+00:00,False,IS,361,-0.035624560933699735,-0.05718831897419223,-0.16162753068462027
saylor,MSTR,2022-01-07,0.704964465757052,-0.28558529345142003,1,2022-01-06 23:00:15+00:00,False,IS,362,-0.0304744396166396,0.02623059427946725,-0.010374108202119453
moynihan,BAC,2022-01-11,-0.3330908947436409,0.13497003797984283,1,2022-01-10 15:25:43+00:00,False,IS,363,-0.008756837722087046,0.0018399118637705148,0.026406985074923287
dimon,JPM,2022-01-11,-2.124630933179086,0.8608356459618458,2,2022-01-10 20:42:31+00:00,False,IS,364,-0.009996346766242734,-0.09028309599305744,-0.050913126858257184
solomon,GS,2022-01-11,0.09137126118521677,-0.036988826379640016,1,2022-01-10 16:34:35+00:00,False,IS,365,-0.006018378361502369,-0.09329984389042724,-0.04620377941925441
gelsinger,INTC,2022-01-14,-0.6056536735734468,0.24630120702724317,1,2022-01-13 21:31:58+00:00,False,IS,366,0.012531187325477287,0.02262026634949596,-0.0642918659645475
barra,GM,2022-01-14,0.13723181855968317,-0.055844864526315555,1,2022-01-13 20:51:35+00:00,False,IS,367,-0.011746266240464376,-0.08411228973174747,-0.1529745147617839
karp,PLTR,2022-01-21,-1.5430402408238044,0.6260047167283956,1,2022-01-21 00:32:09+00:00,False,IS,368,-0.06731112534677636,-0.10491499496967763,-0.12842533163102157
saylor,MSTR,2022-01-21,0.03911992043943242,-0.015901770683311865,2,2022-01-20 16:41:51+00:00,False,IS,369,-0.17189636331382457,-0.12830962630364678,0.0835088905513513
zuckerberg,META,2022-01-24,-0.22478203262898658,0.09145016238935139,1,2022-01-24 09:01:06+00:00,False,IS,370,0.00392093989267326,-0.01815872801028426,-0.340296084220989
cook,AAPL,2022-01-24,0.5421779082184912,-0.22037925269071024,1,2022-01-24 09:01:11+00:00,False,IS,371,-0.00958449237013271,0.03455854490019207,0.03318232890630857
barra,GM,2022-01-27,1.1583698617047715,-0.4708041091989363,1,2022-01-26 15:02:14+00:00,False,IS,372,-0.013959787258564893,-0.0388034818589843,-0.10000829767432448
khosrowshahi,UBER,2022-02-14,-1.2073364875749613,0.49216713399455886,1,2022-02-11 16:47:41+00:00,False,IS,373,-0.007656515651493797,0.003426752526907384,-0.06656244992676442
gelsinger,INTC,2022-02-18,1.23859524340346,-0.5043224601898363,1,2022-02-17 17:18:20+00:00,False,IS,374,-0.017466379787670624,0.03249907746957797,0.004795001896214882
karp,PLTR,2022-02-23,0.6363294363596473,-0.2597302676973682,1,2022-02-22 20:43:06+00:00,False,IS,375,-0.004194883778997918,0.13857595191306984,0.15515493636022187
gelsinger,INTC,2022-02-23,0.9746935521577671,-0.3975035240228013,1,2022-02-22 14:57:28+00:00,False,IS,376,0.032271332666819856,0.051441915238162696,0.027724823075378373
solomon,GS,2022-02-24,0.7306348799931498,-0.29824734019391896,1,2022-02-23 16:15:52+00:00,False,IS,377,-0.00887714341450882,-0.03114521882873449,-0.052712044678025496
nadella,MSFT,2022-02-25,0.42951831837907434,-0.1753774754760211,1,2022-02-25 08:45:35+00:00,False,IS,378,-0.00984611791096248,-0.008860995316054568,-0.030280539664912863
dimon,JPM,2022-03-01,-0.03497319200250417,0.014275949643435287,1,2022-02-28 20:47:55+00:00,False,IS,379,-0.014908710779771548,-0.04857140516723692,-0.020167011372587952
saylor,MSTR,2022-03-02,0.1381442015761844,-0.05634526576368842,1,2022-03-01 16:36:39+00:00,False,IS,380,-0.042927598783587984,0.018981506766964806,-0.022397197687931282
zuckerberg,META,2022-03-02,-0.3466170889808232,0.14128393177839488,1,2022-03-01 21:00:07+00:00,False,IS,381,-0.011475353804947977,-0.013849819064040078,0.002305495750303454
nadella,MSFT,2022-03-08,-1.76627902402509,0.7192932208251668,1,2022-03-07 19:59:23+00:00,False,IS,382,0.003958218129414225,0.00898319546069889,0.015950668270851717
su,AMD,2022-03-11,-0.11395836522366835,0.046444338650541206,1,2022-03-10 19:09:18+00:00,False,IS,383,-0.013142684787215753,-0.02040596339745379,-0.14315522034967118
zuckerberg,META,2022-03-21,-1.857638621522374,0.756458606701697,1,2022-03-18 14:00:12+00:00,False,IS,384,-0.02064435852342137,0.004863605898258827,0.009312527929133752
su,AMD,2022-03-23,-0.5693296457444714,0.2320734837712291,1,2022-03-22 21:31:22+00:00,False,IS,385,0.010195004387746936,0.01607354785721972,-0.18080577884091473
gelsinger,INTC,2022-03-24,2.1481846554548807,-0.8748818247069229,1,2022-03-23 13:36:26+00:00,False,IS,386,0.02961007050225991,0.02450919368056354,-0.0009786625521414835
zuckerberg,META,2022-03-25,-1.6088437949308938,0.6585864639729686,2,2022-03-24 15:56:22+00:00,False,IS,387,0.003812552607974214,0.009753120190518067,-0.07250881096186203
saylor,MSTR,2022-03-28,-2.470763885782405,1.0121126733291426,1,2022-03-25 13:00:04+00:00,False,IS,388,-0.01268113620613192,-0.01383130827699716,-0.0021241582734742304
zuckerberg,META,2022-03-28,-1.3702387985229072,0.562798756333012,3,2022-03-25 16:55:13+00:00,False,IS,389,-0.013611666678414909,0.01298976449959072,-0.06350186353272386
saylor,MSTR,2022-03-30,-0.35895340562896877,0.14745482427189258,1,2022-03-29 17:37:57+00:00,False,IS,390,0.009947167235495501,0.004461170229128973,-0.0373186325173536
khosrowshahi,UBER,2022-03-30,0.7335111729340537,-0.30105089372421523,1,2022-03-29 22:25:39+00:00,False,IS,391,0.004938455959804166,-0.02525737123238459,-0.008189788029829115
moynihan,BAC,2022-04-05,-0.5113213837905082,0.20991685366717472,1,2022-04-04 18:56:10+00:00,False,IS,392,0.0013962449752541704,0.005862865027404136,0.013156345848063099
saylor,MSTR,2022-04-08,-0.45168532625797714,0.18527034033165607,1,2022-04-07 16:10:57+00:00,False,IS,393,-0.018701627460552924,0.03648509871445857,-0.2591841849719883
saylor,MSTR,2022-04-11,-0.4705901028598319,0.1928339509567532,2,2022-04-08 19:05:01+00:00,False,IS,394,0.02080858803002729,0.05449284398898763,-0.3534838103888559
barra,GM,2022-04-18,-0.42508894404402586,0.17403504129218608,1,2022-04-15 13:06:24+00:00,False,IS,395,0.013748859467507183,0.022317342210846854,0.06954828352251392
moynihan,BAC,2022-04-21,-0.397365543107213,0.16244234472708186,1,2022-04-20 18:52:13+00:00,False,IS,396,-0.0030854994730145358,-0.02246709444948791,-0.005746400919017828
armstrong,COIN,2022-04-25,1.2200546070914462,-0.4983185735322784,1,2022-04-23 06:33:05+00:00,False,IS,397,0.030298615972853854,-0.07768551098375082,-0.3295451013747677
dimon,JPM,2022-05-02,1.1951952366396652,-0.4881747453689695,1,2022-04-30 00:43:44+00:00,False,IS,398,0.0073025874280332565,0.033646566848202185,0.07959468194966508
barra,GM,2022-05-03,0.17305204481322814,-0.07077838807637638,1,2022-05-02 19:24:51+00:00,False,IS,399,0.000836942502586157,0.03367075491555456,-0.0005924526298466204
dimon,JPM,2022-05-05,-0.06114193848931046,0.024999865191006013,1,2022-05-04 19:00:06+00:00,False,IS,400,0.01761320779867536,0.0115210374322155,0.07384116363620903
barra,GM,2022-05-09,-0.1783627046053094,0.07282320787802704,1,2022-05-07 15:00:11+00:00,False,IS,401,0.012371314895600376,-0.004753721318002238,-0.046616596710127384
pichai,GOOGL,2022-05-13,0.30322800748598105,-0.12368479457451734,2,2022-05-12 14:54:21+00:00,False,IS,402,-0.006962451078899692,-0.011957734853640229,-0.01303363961008542
khosrowshahi,UBER,2022-05-18,-1.8402543466534989,0.7500832217213985,1,2022-05-17 13:01:07+00:00,False,IS,403,-0.0085631426885611,-0.04464961020571588,0.029000481725873533
solomon,GS,2022-05-19,0.14924789648198267,-0.060889463636164584,1,2022-05-18 13:38:12+00:00,False,IS,404,0.012464397753797173,0.02126648837319224,-0.0078642894806559
moynihan,BAC,2022-05-24,-0.007625298409666391,0.003109067518058617,1,2022-05-23 11:30:37+00:00,False,IS,405,0.001491633115181103,-0.002087976111948676,-0.04624506967295555
gelsinger,INTC,2022-05-24,-0.4778469911024909,0.1946915734237097,1,2022-05-23 13:55:44+00:00,False,IS,406,-0.005540281431155333,0.010328609622515096,-0.06263605528611982
gelsinger,INTC,2022-05-25,-0.6941506461892258,0.2824005141126047,1,2022-05-24 14:44:32+00:00,False,IS,407,-6.299619708043103e-05,0.01802755085033223,-0.06450233512218184
nadella,MSFT,2022-05-25,-1.0100998976716615,0.4102728639954911,1,2022-05-24 16:15:51+00:00,False,IS,408,-0.004099665832716735,-0.028163600097148498,0.04532520516784842
karp,PLTR,2022-05-25,0.10132486201410783,-0.041248279887010963,1,2022-05-24 13:57:19+00:00,False,IS,409,0.00906621066673944,0.0441139717816974,0.30388317682341615
moynihan,BAC,2022-05-25,-0.7677354487713979,0.31180125718573026,2,2022-05-24 14:52:21+00:00,False,IS,410,0.011754644103734627,-0.011916995596083672,-0.09547260161572757
saylor,MSTR,2022-05-31,-0.5210283665958922,0.2116493308950728,1,2022-05-27 23:23:49+00:00,False,IS,411,0.10153072454439205,-0.009310732765012542,0.014256707242787658
armstrong,COIN,2022-06-02,-1.649336616977385,0.6694279979890666,1,2022-06-02 09:38:16+00:00,False,IS,412,0.0052545293772437995,0.020442036890162774,-0.08286365691792552
armstrong,COIN,2022-06-09,0.5078196152783319,-0.20620977749265984,1,2022-06-08 15:12:22+00:00,False,IS,413,-0.04312890098115618,0.022772240247070086,0.027483614247950594
khosrowshahi,UBER,2022-06-09,0.31228114518921374,-0.12678889437910684,1,2022-06-08 17:22:35+00:00,False,IS,414,0.01607148673202701,-0.03538551633701406,-0.06236876556659186
jassy,AMZN,2022-06-09,-0.31977969012323554,0.12977946439288324,1,2022-06-08 23:12:32+00:00,False,IS,415,-0.001358123704413211,0.014833946969268541,0.03953844891059083
barra,GM,2022-06-10,-0.363335255078559,0.14733327195425985,1,2022-06-09 18:10:23+00:00,False,IS,416,-0.0029435362858476963,-0.03084227335827241,-0.10558385893643701
pichai,GOOGL,2022-06-10,0.4941482081535643,-0.2002108156172293,1,2022-06-09 18:21:42+00:00,False,IS,417,-0.0023494667228284027,0.03365452686585857,0.06765783345730227
jassy,AMZN,2022-06-16,-0.370990346642524,0.15055415058184773,1,2022-06-16 01:40:57+00:00,False,IS,418,-0.0018296778297120352,0.023361099834251203,0.022805584975665563
saylor,MSTR,2022-06-16,-2.1712442343906706,0.879558768315053,1,2022-06-15 15:26:40+00:00,False,IS,419,0.0054297269631660705,0.11701861843176997,0.2655002696421983
musk,TSLA,2022-06-21,-0.2955256061757935,0.11982954781857656,1,2022-06-21 09:20:02+00:00,False,IS,420,0.05050171653513562,-0.00428521886656413,0.0005060067025870231
musk,TSLA,2022-06-22,-0.03715048188918087,0.015051374289763428,1,2022-06-22 03:28:44+00:00,False,IS,421,-0.016733996932895963,-0.06983392113721643,-0.027072873100854745
farley,F,2022-07-05,-2.3630241152133182,0.9566802358152642,1,2022-07-04 16:30:05+00:00,False,IS,422,-0.015086762054614927,-0.007763964329965757,0.20268288305212534
gelsinger,INTC,2022-07-13,-1.4429559281535074,0.5857795929957441,2,2022-07-12 21:30:37+00:00,False,IS,423,0.012700637455497047,0.043986281469574805,-0.14732002588572457
saylor,MSTR,2022-07-15,-0.6796369728357119,0.2759525439897779,1,2022-07-14 21:00:11+00:00,False,IS,424,0.0629528122591122,0.2548275658864581,0.27564093708922277
gelsinger,INTC,2022-07-18,-1.7159571063584316,0.6962802396950866,1,2022-07-15 13:23:40+00:00,False,IS,425,0.011966113292946902,-0.015142332058717456,-0.1583111826439609
saylor,MSTR,2022-07-18,0.6645253448328621,-0.26961118369911086,1,2022-07-15 13:00:03+00:00,False,IS,426,0.055262867206288646,0.11978650997067963,0.22455898715976907
armstrong,COIN,2022-07-18,1.4301283833306844,-0.5806423673050574,1,2022-07-18 05:00:08+00:00,False,IS,427,0.08798500215065314,0.16398919023019953,0.4135636361207259
solomon,GS,2022-07-21,-0.5279451144816191,0.2147646788180792,1,2022-07-20 15:37:14+00:00,False,IS,428,0.008428121046179252,-0.0045962680287494565,0.015759334900686962
moynihan,BAC,2022-07-22,-0.5637610737646969,0.22914960330381798,1,2022-07-21 16:45:47+00:00,False,IS,429,0.013043555568270344,-0.0248447700175908,0.007679056506237835
moynihan,BAC,2022-07-25,-0.9457685607776902,0.3841165376580106,1,2022-07-22 23:28:42+00:00,False,IS,430,-0.006282857287043343,-0.03714311227295525,-0.020979601725882584
saylor,MSTR,2022-07-27,0.39347387765496733,-0.15971428803410556,1,2022-07-26 19:00:27+00:00,False,IS,431,0.0037038534361854003,0.04028252909567259,-0.012004607160558733
saylor,MSTR,2022-07-29,-0.968888995774115,0.3931632476196397,1,2022-07-28 21:00:11+00:00,False,IS,432,0.01455451372257277,0.1295998933659031,-0.02727560169745402
dimon,JPM,2022-08-15,0.8674803707943581,-0.35176885347882536,1,2022-08-12 15:53:51+00:00,False,IS,433,0.0034579294853336008,-0.020559433479413067,0.024191526727371425
armstrong,COIN,2022-08-24,1.0169575484108828,-0.412589494375463,1,2022-08-23 19:01:03+00:00,False,IS,434,-0.019543930788862074,0.03197353079129395,0.1783207556588361
su,AMD,2022-08-31,-0.2755024377302784,0.11181003707484391,1,2022-08-30 20:13:45+00:00,False,IS,435,-0.008595852948087485,-0.0505618515877996,-0.07270905235141488
armstrong,COIN,2022-08-31,0.21927998859645786,-0.08903700397517705,1,2022-08-30 16:02:11+00:00,False,IS,436,-0.0018435969421207177,-0.0015803915795076784,0.17532240019429052
karp,PLTR,2022-09-13,-0.5761755173499383,0.23364961224989236,1,2022-09-13 10:45:00+00:00,False,IS,437,0.01692679424087888,0.10508527979159255,0.2952107854385673
farley,F,2022-09-16,-1.940007417546773,0.7860940752113446,1,2022-09-15 16:54:05+00:00,False,IS,438,-0.0011286050191871332,-0.11479668027319671,-0.14847123327214734
karp,PLTR,2022-09-16,-0.9629208691235229,0.3906050340625014,1,2022-09-15 18:29:20+00:00,False,IS,439,-0.003592091397680212,0.006050086171363725,0.15275621577352974
barra,GM,2022-09-16,0.6624886531016893,-0.26858771956922833,1,2022-09-15 19:10:13+00:00,False,IS,440,-0.0073320949311892125,-0.04385055006530901,-0.1315450386365124
pichai,GOOGL,2022-09-19,0.15495359238600756,-0.06293720035758302,1,2022-09-16 12:00:46+00:00,False,IS,441,-0.006488261221667811,0.019590606592198825,0.035108026015839164
cook,AAPL,2022-09-19,-0.1064318364146681,0.04326071325041918,1,2022-09-16 12:00:40+00:00,False,IS,442,0.018213233042322405,0.05602633172103216,0.00775849314773441
jassy,AMZN,2022-09-19,-2.423588067089224,0.9826835236386617,1,2022-09-16 12:00:15+00:00,False,IS,443,-0.002138843202456178,-0.006075028383206567,-0.022099748014412727
dimon,JPM,2022-09-22,-0.5944810559220454,0.24132675488910574,1,2022-09-21 18:25:57+00:00,False,IS,444,-0.01556083536419207,-0.0350333704832316,0.0668101547358572
karp,PLTR,2022-09-23,-0.8869857350930094,0.35953419190438385,1,2022-09-22 22:09:14+00:00,False,IS,445,0.04496805337690221,0.16028117487678611,0.13296831456919778
benioff,CRM,2022-09-23,0.3181377220903814,-0.12904268429324126,2,2022-09-22 21:02:52+00:00,False,IS,446,0.01019915591185806,0.023224615677689457,0.08749569182735675
dimon,JPM,2022-09-26,-0.6713292056362192,0.2718791820013471,2,2022-09-24 08:00:12+00:00,False,IS,447,-0.006091652590125552,-0.009608626321037827,0.11494095112210204
cook,AAPL,2022-09-27,-1.318859104645993,0.5334952800319639,1,2022-09-26 18:08:03+00:00,False,IS,448,-0.02108814394930516,-0.06471915011605349,-0.050777683908796424
armstrong,COIN,2022-10-05,-2.6473454238039302,1.070745049367502,1,2022-10-04 19:30:24+00:00,False,IS,449,0.002757066402905739,0.07615453506896708,-0.16077490326038285
armstrong,COIN,2022-10-06,-0.06161700178484508,0.02500026967280785,1,2022-10-05 17:35:40+00:00,False,IS,450,0.013878805428443108,0.048756548370252506,-0.14567750776489458
dimon,JPM,2022-10-10,0.8277172560744146,-0.3356027415349127,1,2022-10-08 02:59:06+00:00,False,IS,451,-0.008206004918481152,0.08181921437162265,0.176590194272848
dimon,JPM,2022-10-11,0.09192076271370148,-0.03728515740858368,1,2022-10-11 00:09:52+00:00,False,IS,452,-0.024450996205006643,0.09980626059331384,0.17864381167481522
armstrong,COIN,2022-10-17,-0.8188731946889175,0.33195771768120735,1,2022-10-17 09:00:02+00:00,False,IS,453,0.020198559088344004,-0.05589859109392081,-0.33640760115830937
barra,GM,2022-10-18,1.2315090822706773,-0.49890942453595605,1,2022-10-17 14:29:42+00:00,False,IS,454,-0.005444098315745993,0.03460841183576225,0.06589751451595219
karp,PLTR,2022-10-20,0.3632287612533641,-0.1471183911986949,1,2022-10-19 20:50:13+00:00,False,IS,455,0.041713188748016924,0.036410998049006944,-0.09094424224345239
karp,PLTR,2022-10-21,0.6322275384117788,-0.2559886043910887,1,2022-10-20 12:50:32+00:00,False,IS,456,-0.012343457076630357,-0.0034198245607484946,-0.17867678168723386
karp,PLTR,2022-11-01,-1.9112569211789896,0.7728336788162649,1,2022-10-31 14:49:17+00:00,False,IS,457,-0.0009076497923879503,-0.18553727957332455,-0.2422147907650121
armstrong,COIN,2022-11-08,0.6534785456169449,-0.2644082994359137,1,2022-11-07 22:38:05+00:00,False,IS,458,-0.12822288884455868,-0.09070119886815875,-0.2870068239009682
armstrong,COIN,2022-11-10,0.014871871774132584,-0.006017927948491486,1,2022-11-10 00:00:10+00:00,False,IS,459,-0.11793403974349637,-0.08193078725880121,-0.20864610414140572
benioff,CRM,2022-11-11,0.6287676178013296,-0.2542698023134341,1,2022-11-10 15:00:03+00:00,False,IS,460,-0.00836992303679952,-0.03589547508938301,-0.1652925816463611
armstrong,COIN,2022-11-11,0.2907833279777206,-0.11759613317832607,1,2022-11-10 23:57:01+00:00,False,IS,461,0.1658694327059279,0.03503125681614139,-0.12440066517443704
gelsinger,INTC,2022-11-14,-1.5106614302988466,0.6106825451332798,1,2022-11-12 07:15:19+00:00,False,IS,462,0.011727638859739306,-0.014740988135982649,-0.05330364231160386
cook,AAPL,2022-11-16,0.36041925908681705,-0.14572539069787654,1,2022-11-15 16:50:33+00:00,False,IS,463,0.00222068981911281,-0.0060226340104173465,-0.04504147184639698
su,AMD,2022-11-16,-0.1302047724369837,0.052627571264085404,1,2022-11-15 20:06:27+00:00,False,IS,464,-0.009160416820681833,0.013742723453163365,-0.06223340869784415
cook,AAPL,2022-11-21,0.6316388986823305,-0.25512164623958966,1,2022-11-18 15:00:07+00:00,False,IS,465,-0.01994313907009777,-0.04414824342476632,-0.08637259644393819
jassy,AMZN,2022-12-01,-1.243374753233358,0.5022328103163811,2,2022-11-30 18:13:42+00:00,False,IS,466,-0.00036035092714240685,-0.028402053515937137,-0.045010559556131556
zuckerberg,META,2022-12-02,-0.42954932802380613,0.1734372386092095,1,2022-12-02 03:47:19+00:00,False,IS,467,0.026010789056598812,0.011733985391274872,0.11547179835625322
moynihan,BAC,2022-12-05,0.3902218868026694,-0.15731950538989273,1,2022-12-04 17:35:57+00:00,False,IS,468,-0.02393608798219035,-0.07679177347056777,-0.00587460458304441
khosrowshahi,UBER,2022-12-05,-0.43241954373044694,0.1744637347498348,1,2022-12-02 22:47:13+00:00,False,IS,469,-0.007454460890405641,-0.03326146466742925,-0.019647799894133844
solomon,GS,2022-12-06,-0.44512128350362934,0.17939406521214202,1,2022-12-06 08:00:10+00:00,False,IS,470,-0.003366388670554254,-0.011379333278130805,-0.030582099156598385
karp,PLTR,2022-12-06,0.5750756621721123,-0.23177795316037794,1,2022-12-05 19:25:33+00:00,False,IS,471,0.01630869779045302,0.022317124005449742,-0.02058666404629286
moynihan,BAC,2022-12-07,1.4204721809076963,-0.571894665758209,1,2022-12-06 17:06:50+00:00,False,IS,472,0.006243516338108324,-0.014306012437617352,0.06716778200649391
solomon,GS,2022-12-07,0.23022668572554542,-0.09273350328199126,1,2022-12-06 17:00:30+00:00,False,IS,473,-0.0066431150676372645,-0.008261450543159906,-0.020565605913008655
barra,GM,2022-12-07,-1.554369891087632,0.6259283808855831,1,2022-12-06 13:52:13+00:00,False,IS,474,0.0030018739049181963,-0.0020954386792751394,-0.050814095496926476
dimon,JPM,2022-12-07,0.5521977090003127,-0.22238080156961043,1,2022-12-06 13:51:17+00:00,False,IS,475,0.002860676353923135,-0.0005608021265896979,0.06284377586397673
dimon,JPM,2022-12-12,0.32218884551345806,-0.12991859478216658,2,2022-12-11 18:31:14+00:00,False,IS,476,-0.0020248438583136893,-0.00103291280348943,0.05547540627215503
solomon,GS,2022-12-13,-1.3596294031423,0.5479406539638791,1,2022-12-13 08:00:16+00:00,False,IS,477,-0.00022491135962114314,-0.008080865907310325,0.006006393353236342
karp,PLTR,2022-12-19,0.5742436573118542,-0.23141321649596389,1,2022-12-16 16:40:36+00:00,False,IS,478,-0.05333326471869849,-0.09384957247907909,-0.02185927593551547
pichai,GOOGL,2022-12-19,-3.5141006028158834,1.4160710787939668,1,2022-12-19 10:09:55+00:00,False,IS,479,-0.00910397446170237,-0.01354045047813909,-0.012930525957580982
pichai,GOOGL,2022-12-20,-0.13060317282147166,0.053008788181770676,2,2022-12-19 16:30:07+00:00,False,IS,480,-0.0031037377703944397,-0.01985810792034067,0.04191159945008145
benioff,CRM,2022-12-27,0.4459561473799628,-0.18066179729408408,1,2022-12-23 14:00:34+00:00,False,IS,481,0.014654720371680405,0.09392034325150937,0.1375121937917846
nadella,MSFT,2023-01-05,-0.34798139497942127,0.14083645232815217,3,2023-01-04 12:43:25+00:00,False,IS,482,-0.021452385835506016,-0.013933012016090185,0.039748186400093546
nadella,MSFT,2023-01-06,0.4980344115971096,-0.20115527416362242,1,2023-01-05 15:32:59+00:00,False,IS,483,-0.01039079390972399,0.02461734750813052,0.058476202766143945
armstrong,COIN,2023-01-13,0.16353420737477908,-0.06601292600619915,1,2023-01-12 15:06:53+00:00,False,IS,484,0.12203002511373717,0.17213856468069832,0.14976759450861438
karp,PLTR,2023-01-18,-0.007662901132352127,0.0030874695298345467,1,2023-01-17 15:49:55+00:00,False,IS,485,-0.002166579118272144,-0.01709723724903542,0.2139268530007769
dimon,JPM,2023-01-19,0.5479764550846933,-0.22056381293175573,1,2023-01-19 12:25:19+00:00,False,IS,486,-0.002868761884280726,-0.0011257950129811602,0.011553475260051398
moynihan,BAC,2023-01-20,0.07177609289957224,-0.028870512991944368,2,2023-01-19 15:15:04+00:00,False,IS,487,-0.0009503824169846548,0.02968737264667841,0.013788034486289975
khosrowshahi,UBER,2023-01-20,0.5977448311454479,-0.2401613954132709,1,2023-01-19 20:45:02+00:00,False,IS,488,0.01901114849305749,-0.0349318627629108,0.15998287372502518
moynihan,BAC,2023-01-23,1.2733139989833222,-0.5115800089995679,1,2023-01-21 03:30:56+00:00,False,IS,489,0.006891856847537457,0.02614539227558679,0.016925012173887973
huang,NVDA,2023-02-01,0.4509156596325387,-0.1813937232095195,1,2023-02-01 03:06:26+00:00,False,IS,490,0.013841172398069299,0.0883105194111978,0.21534650634021055
nadella,MSFT,2023-02-08,-0.67039969204285,0.26962822462908137,1,2023-02-07 22:00:35+00:00,False,IS,491,-0.0018212926456282067,-0.005540907865445654,-0.018708340951628984
karp,PLTR,2023-02-08,-0.06884038203764521,0.027668627208367075,1,2023-02-07 22:18:26+00:00,False,IS,492,0.00478629473930316,0.13042204616907568,0.06485501738831458
dimon,JPM,2023-02-09,0.6903005276450316,-0.277304735015341,1,2023-02-09 03:18:14+00:00,False,IS,493,-0.005277567189031704,0.010680726628393707,-0.05115647376059679
nadella,MSFT,2023-02-13,1.3263932677977874,-0.5328895401513438,1,2023-02-10 17:56:11+00:00,False,IS,494,0.01082264710865591,-0.02925931533703621,0.020703202830861273
moynihan,BAC,2023-02-15,-0.0506096425685007,0.02035316398852995,1,2023-02-14 17:10:50+00:00,False,IS,495,0.006550049745483725,-0.00512959325456881,-0.148185405461894
iger,DIS,2023-02-15,-1.0768196042385854,0.4332118983124602,1,2023-02-14 16:00:33+00:00,False,IS,496,0.008767926665751088,-0.02813639188818547,-0.07318166175630407
barra,GM,2023-02-17,1.305429539479807,-0.5246563434923915,1,2023-02-16 22:54:37+00:00,False,IS,497,-0.0030693635238545555,-0.06128032507891996,-0.19491472079145059
dimon,JPM,2023-03-07,0.4594850058316019,-0.18456354552854137,1,2023-03-06 17:02:21+00:00,False,IS,498,-0.015167850479870229,-0.01587415886007495,-0.10026498027620671
benioff,CRM,2023-03-08,-0.3123205858537878,0.12542425504474153,1,2023-03-08 04:27:17+00:00,False,IS,499,-0.005985408321579916,0.024541456712984522,0.03901125640514214
dimon,JPM,2023-03-09,0.3127617195303869,-0.1255127657731161,1,2023-03-08 21:35:17+00:00,False,IS,500,-0.03797642062152861,-0.03516586250518428,-0.08180491348462093
moynihan,BAC,2023-03-09,0.634395388568725,-0.25435206645532593,1,2023-03-09 11:11:04+00:00,False,IS,501,-0.03987300250350407,-0.09183928816996549,-0.16379073574749428
karp,PLTR,2023-03-09,-0.8521582771528701,0.34184734663975747,1,2023-03-08 23:31:27+00:00,False,IS,502,-0.015690372882033322,0.06506379897595217,-0.053345424196554074
dimon,JPM,2023-03-10,0.6700024902895794,-0.26863134960848606,1,2023-03-10 00:03:49+00:00,False,IS,503,0.03818658627420361,-0.012212261318067543,-0.0476713837845292
barra,GM,2023-03-16,-0.5243368120018961,0.2102408306136116,1,2023-03-15 21:32:48+00:00,False,IS,504,-0.015150809616843109,-0.018027937302102184,-0.06346366636509919
huang,NVDA,2023-03-20,0.7465007391015036,-0.2991151828828896,1,2023-03-19 16:00:21+00:00,False,IS,505,-0.013151543250846436,0.006866320961262842,-0.056982113932641895
khosrowshahi,UBER,2023-03-27,0.24298620596836268,-0.09737912732955095,1,2023-03-27 10:14:17+00:00,False,IS,506,-0.007527758495265312,-0.023364865882454282,-0.06490610340392296
benioff,CRM,2023-03-31,-0.12481303691667134,0.04999815737091501,1,2023-03-30 16:00:30+00:00,False,IS,507,-0.011069175661524829,-0.04222069567823722,-0.03554601133220005
farley,F,2023-04-03,-0.7756784642861835,0.31052007380395763,1,2023-04-01 14:30:03+00:00,False,IS,508,0.009473555747957654,0.017131017961246487,-0.041926618341810884
dimon,JPM,2023-04-10,-0.9432808494624456,0.3772943016099662,2,2023-04-07 05:41:48+00:00,False,IS,509,0.0060922634751704174,0.09044569816725677,0.07289529552295615
musk,TSLA,2023-04-13,-1.2015123543518278,0.4802590607604464,1,2023-04-12 22:19:15+00:00,False,IS,510,-0.009879055610451437,-0.10117014292887311,-0.08377860181840678
jassy,AMZN,2023-04-14,-1.6615556589379827,0.6635833473668432,2,2023-04-13 13:31:31+00:00,False,IS,511,0.01244616639614428,0.041934822948367215,0.09472519279550691
moynihan,BAC,2023-04-21,1.1940546713639737,-0.47811836924709195,2,2023-04-20 19:28:37+00:00,False,IS,512,0.001815483700300561,-0.03995175629362537,-0.05956068859177837
su,AMD,2023-04-25,1.0832252308548953,-0.43439868666456244,1,2023-04-24 15:42:08+00:00,False,IS,513,0.013494759266366965,0.008998104473785244,0.1898068300158196
musk,TSLA,2023-05-01,-0.6412081804147988,0.2573368059616309,1,2023-04-29 12:00:37+00:00,False,IS,514,-0.004991485617748695,0.07479466245793197,0.18641921888558735
barra,GM,2023-05-11,-0.8278640130843316,0.3317841735553642,1,2023-05-10 14:44:06+00:00,False,IS,515,0.006972901301158788,-0.027349036914868965,0.07667362336599415
dimon,JPM,2023-05-12,0.09670417046415926,-0.038746804926527954,2,2023-05-11 13:15:06+00:00,False,IS,516,-0.016044390967658164,0.007343071486447912,-0.005630807353724765
gelsinger,INTC,2023-05-12,0.7868046456140253,-0.3148686682345777,1,2023-05-12 01:01:50+00:00,False,IS,517,-0.0008547200714944421,-0.000213035432555176,0.036295414139888835
pichai,GOOGL,2023-05-15,0.2531005740963999,-0.10131093128375178,1,2023-05-12 18:00:54+00:00,False,IS,518,0.004470374699380161,0.03647953945753382,0.0009975334254480267
musk,TSLA,2023-05-17,-0.07966439943913821,0.03195594905263864,7,2023-05-16 21:55:54+00:00,False,IS,519,0.023793435997473668,0.07987429956336556,0.30536926968659206
nadella,MSFT,2023-05-17,0.7050960299365898,-0.28211801024101407,1,2023-05-16 13:29:40+00:00,False,IS,520,-0.0006014213150175168,0.007564877489323682,0.008031648230475415
huang,NVDA,2023-05-18,-0.31430270125995324,0.12547113014887093,1,2023-05-17 21:16:42+00:00,False,IS,521,0.011409740914447464,0.27021625629875,0.2561082991293811
khosrowshahi,UBER,2023-05-19,-0.3021719423602115,0.12054770564980427,1,2023-05-18 12:55:33+00:00,False,IS,522,0.001959067906321132,-0.009847075907103542,0.028867747952785166
farley,F,2023-05-23,0.8381702375094762,-0.3338710828959548,2,2023-05-22 12:41:54+00:00,False,IS,523,0.02600274588944864,0.07927638240714624,0.13137231163204927
solomon,GS,2023-05-23,-0.7837949510469153,0.31234173431559126,1,2023-05-22 14:18:09+00:00,False,IS,524,0.0008680351184954908,0.012709152920969637,-0.032589686946614876
farley,F,2023-05-30,-2.41470870228648,0.9631909210490208,1,2023-05-26 13:12:56+00:00,False,IS,525,-0.00032091299011357405,-0.023053430353666214,0.08201099411881342
barra,GM,2023-05-30,-1.2600015186279585,0.5036670488196161,1,2023-05-26 14:00:07+00:00,False,IS,526,-0.009512090032260676,-0.003022891751233738,0.06524732901839897
farley,F,2023-06-05,-0.08898428152501123,0.03560525067106896,1,2023-06-05 04:00:05+00:00,False,IS,527,-0.0031232724016912383,0.07875262576953021,0.1346154912453105
musk,TSLA,2023-06-05,-2.332530808309967,0.9322699412853461,1,2023-06-02 16:30:09+00:00,False,IS,528,-0.0012783683253011257,0.12649613775611288,0.20676578237058163
moynihan,BAC,2023-06-05,0.27548068789859637,-0.11028882574282815,2,2023-06-04 16:17:29+00:00,False,IS,529,-0.008698075299581182,0.010774492797435736,-0.022703135367536084
karp,PLTR,2023-06-07,-1.1572971647230368,0.4627859053385337,1,2023-06-06 16:01:55+00:00,False,IS,530,-0.09062756548240891,-0.0315154985653725,-0.07794388760405523
dimon,JPM,2023-06-07,-0.28655918958600635,0.11456220773762778,1,2023-06-06 18:14:51+00:00,False,IS,531,0.011901780587929178,0.006474337114393039,0.013905417015579262
armstrong,COIN,2023-06-08,-0.5783621920641463,0.23106906472711677,1,2023-06-07 15:06:12+00:00,False,IS,532,0.03386554370459127,-0.04426017101214447,0.35334662961788077
barra,GM,2023-06-09,-1.693591856134989,0.6757839070617369,1,2023-06-08 22:17:15+00:00,False,IS,533,-0.03575828628109377,-0.03067309782576166,0.01611985678370275
moynihan,BAC,2023-06-09,-0.12161814476580068,0.04855860928220587,1,2023-06-08 12:45:25+00:00,False,IS,534,0.0011592826344033816,-0.022500898421936345,-0.04548880988394609
farley,F,2023-06-12,-0.055716067261860874,0.022243055144147907,1,2023-06-10 16:00:08+00:00,False,IS,535,-0.0078013921463268385,0.008379491884203488,0.05177951878466151
moynihan,BAC,2023-06-13,-0.2188761058300844,0.08732831314596991,1,2023-06-12 18:18:43+00:00,False,IS,536,0.011206222830215553,-0.017224705030535872,-0.017261186593681237
khosrowshahi,UBER,2023-06-13,0.06906050413952469,-0.02753644277585106,1,2023-06-13 04:15:02+00:00,False,IS,537,-0.015993773004487455,0.01120177363401183,0.04099968055169899
su,AMD,2023-06-14,-0.2580149284426368,0.10282366409375028,1,2023-06-14 01:13:17+00:00,False,IS,538,-0.006068966499880318,-0.11110777331433011,-0.14497294856819554
musk,TSLA,2023-06-20,-0.062289352514058004,0.024807397590902336,1,2023-06-16 15:33:29+00:00,False,IS,539,0.05708014765776874,-0.04563168958274767,0.06893239803920642
pichai,GOOGL,2023-06-26,1.5969776091410017,-0.635864319095078,1,2023-06-24 05:05:59+00:00,False,IS,540,-0.029593663617788937,-0.045296818963195214,-0.06090846127198388
musk,TSLA,2023-06-26,-1.614984499082335,0.6428040277909326,1,2023-06-23 18:25:51+00:00,False,IS,541,-0.02629876412042445,0.0651452848605503,0.017326896085338356
huang,NVDA,2023-06-29,0.423285230018506,-0.16885329064750054,1,2023-06-29 06:50:17+00:00,False,IS,542,-0.023232858415935587,0.005621462828107302,0.025419261356966216
moynihan,BAC,2023-06-30,0.9598293174461764,-0.3827934472218815,1,2023-06-30 05:09:29+00:00,False,IS,543,-0.011828266103731963,-0.003955632744995535,0.06259132974382499
khosrowshahi,UBER,2023-07-03,-0.599023034151232,0.2390166187253892,1,2023-06-30 17:20:04+00:00,False,IS,544,-0.0036409210982803484,-0.01777040866458654,0.08787635033633702
nadella,MSFT,2023-07-03,0.3465172852905119,-0.13817920820175378,1,2023-07-02 14:30:11+00:00,False,IS,545,-0.009069312039544482,-0.016636456750063117,-0.04899983929208276
jassy,AMZN,2023-07-07,-0.17610997747896695,0.07013699745534438,3,2023-07-06 21:19:34+00:00,False,IS,546,0.0053434924729844,0.0002706469170188578,0.05744725516642581
karp,PLTR,2023-07-14,0.32025147226690115,-0.12830357385806898,1,2023-07-14 03:11:28+00:00,False,IS,547,-0.01514544647110937,0.03252660625008863,-0.06555353458559939
iger,DIS,2023-07-14,-2.125767588223661,0.8481255858450598,4,2023-07-13 13:21:05+00:00,False,IS,548,-0.018094797079915195,-0.055781632200000174,0.03138298128073515
dimon,JPM,2023-07-26,0.1943262091765966,-0.0778275339607798,1,2023-07-25 12:02:47+00:00,False,IS,549,-0.002159444733956576,-0.004962006599501021,-0.037537296701263816
dimon,JPM,2023-08-03,-1.5361955967598178,0.6147342683146055,2,2023-08-02 18:50:21+00:00,False,IS,550,0.003625977522310752,-0.004152540575015254,-0.0514159664929664
moynihan,BAC,2023-08-04,1.385854858759315,-0.554832074786028,1,2023-08-03 14:55:17+00:00,False,IS,551,0.006212073536841895,-0.0023993993930087193,-0.08342987363099015
barra,GM,2023-08-10,1.1029481141316981,-0.4421541435948879,1,2023-08-10 05:15:01+00:00,False,IS,552,-0.050072745008993516,-0.07009948647043425,-0.0927596689178731
karp,PLTR,2023-09-07,-0.5226550842471075,0.20967868419502758,1,2023-09-06 11:35:21+00:00,False,IS,553,0.008862670410999064,0.029243791283625392,0.12294206369067179
solomon,GS,2023-09-08,-0.7735126228939762,0.30994199985027254,2,2023-09-07 21:18:12+00:00,False,IS,554,0.012681106619953402,0.06263816998681433,0.004490361484451541
armstrong,COIN,2023-09-08,-0.06883418364869724,0.02759778702637576,1,2023-09-07 19:21:36+00:00,False,IS,555,-0.014359034175307928,-0.008010673237555,0.012694270085483295
solomon,GS,2023-09-11,-1.3844999517432264,0.5543748066433742,1,2023-09-09 14:09:02+00:00,False,IS,556,-0.010251734494224327,0.050959571472928955,-0.017943684233948123
benioff,CRM,2023-09-13,1.0406428360534319,-0.4166976575048783,1,2023-09-13 04:45:00+00:00,False,IS,557,-0.016235688384134184,-0.025386544136008594,-0.03774389794850421
farley,F,2023-09-15,0.11713863980849094,-0.04693416720600497,1,2023-09-14 21:45:44+00:00,False,IS,558,0.02075372672348793,0.05539319879709646,0.004624453433516005
barra,GM,2023-09-18,-1.5712165673823668,0.6294109386047528,2,2023-09-15 12:44:48+00:00,False,IS,559,-0.007760954756548694,0.0022295301647455718,-0.08935756261881489
cook,AAPL,2023-09-18,0.8719010182530367,-0.34918516502294616,1,2023-09-17 13:08:00+00:00,False,IS,560,0.0069876290718389605,0.028820900078662063,0.029793712279190206
nadella,MSFT,2023-09-18,-0.5861901363162261,0.23490212440232183,1,2023-09-15 19:00:17+00:00,False,IS,561,-0.0038497417545849334,0.008364012526473964,0.039253597311553326
karp,PLTR,2023-09-19,-2.8328629773843375,1.1349093786240225,1,2023-09-18 17:05:02+00:00,False,IS,562,-0.011438054284915395,-0.035574280181754535,0.15800030094360537
cook,AAPL,2023-09-19,-0.42376479211447243,0.17030720075698805,1,2023-09-19 00:59:10+00:00,False,IS,563,0.005868370811418981,0.025587667908625815,0.025257216814565053
benioff,CRM,2023-09-25,-0.4350598220031192,0.1746437247560742,1,2023-09-25 09:18:28+00:00,False,IS,564,0.00253500917650044,-0.012622459788758474,0.005155812362157404
huang,NVDA,2023-09-25,0.0036549716109976053,-0.0014679839960366134,1,2023-09-25 02:14:21+00:00,False,IS,565,0.0102511289514167,0.06974944475510807,0.04086569659832068
dimon,JPM,2023-09-26,-3.7230135331028937,1.493581178606614,1,2023-09-26 10:53:40+00:00,False,IS,566,0.008202890713742986,-0.0010054564842458431,-0.0026436426699717533
zuckerberg,META,2023-09-29,-1.433075168141642,0.578203799874803,1,2023-09-28 17:20:52+00:00,False,IS,567,0.004266425005438976,0.018426257205594206,0.028295247969037058
armstrong,COIN,2023-09-29,-0.32957787980034553,0.13305762970507132,1,2023-09-28 14:35:54+00:00,False,IS,568,0.05269966689980804,0.00110416867833113,0.11286942485065149
huang,NVDA,2023-10-02,-2.107228930809665,0.8502701531048374,1,2023-10-01 08:42:45+00:00,False,IS,569,0.025398112339854714,0.01378543151990369,-2.3132504019814093e-05
khosrowshahi,UBER,2023-10-03,-0.3495355979396138,0.14121310539186763,1,2023-10-02 19:57:24+00:00,False,IS,570,-0.003791868898689413,-0.014005357404065152,-0.028284120638746697
karp,PLTR,2023-10-04,0.1901129537700072,-0.07675845707395562,1,2023-10-03 20:05:41+00:00,False,IS,571,-0.00434332769157951,0.08818826100162702,-0.016069180861006536
dimon,JPM,2023-10-09,-0.8688223639183044,0.3506409562273649,1,2023-10-08 20:42:24+00:00,False,IS,572,0.0016402796312447489,0.027387194319282764,-0.01856887944943477
huang,NVDA,2023-10-16,-0.4714903487931049,0.19019595114642673,1,2023-10-16 03:30:19+00:00,False,IS,573,-0.018609801404054917,-0.01697140619817699,0.047790642258581845
su,AMD,2023-10-17,0.3085156046305963,-0.12437691817801533,1,2023-10-16 18:29:57+00:00,False,IS,574,-0.007817849669886755,0.021348610052082433,0.09006270771942641
nadella,MSFT,2023-10-19,0.1701978206052346,-0.06858344084815612,1,2023-10-18 13:27:47+00:00,False,IS,575,0.014527458946701093,0.07275954341543137,0.05696527468118138
cook,AAPL,2023-10-23,1.050146727026856,-0.4229871044231849,1,2023-10-22 15:30:11+00:00,False,IS,576,0.0027851621307382734,0.008652729369916403,0.01154438954053049
huang,NVDA,2023-10-27,0.4361001832119866,-0.1757663161044459,1,2023-10-26 12:15:00+00:00,False,IS,577,0.0023201552202632625,-0.029763643804273814,-0.05262899690522885
gelsinger,INTC,2023-11-01,-0.8418317054015672,0.3391188900825384,1,2023-11-01 06:00:13+00:00,False,IS,578,0.004928602568238988,0.0058952553007564495,0.09122256078407705
dimon,JPM,2023-11-02,0.9558736685846662,-0.3848760373601914,1,2023-11-01 22:42:31+00:00,False,IS,579,0.002809669771101253,0.015851233974523062,0.054204264714882065
huang,NVDA,2023-11-03,0.16760569197428732,-0.06751641803476333,1,2023-11-02 15:47:24+00:00,False,IS,580,0.016934388376143646,0.06257269953267462,-0.06269659593133037
musk,TSLA,2023-11-03,0.6575009188583054,-0.26474515283592504,1,2023-11-03 11:16:48+00:00,False,IS,581,0.002111640761023964,-0.06318360791799157,-0.026800425988685705
khosrowshahi,UBER,2023-11-13,0.7429750725456767,-0.2989343240462422,1,2023-11-10 21:00:24+00:00,False,IS,582,0.009878119173040635,0.013625351911836637,0.12275784474939833
nadella,MSFT,2023-11-16,-0.39554497432661495,0.15916858531762346,1,2023-11-15 19:16:21+00:00,False,IS,583,0.004301946169278534,0.0009366287863819748,-0.07062215078208066
cook,AAPL,2023-11-20,1.5072622328579843,-0.6061598857721958,1,2023-11-17 13:16:00+00:00,False,IS,584,0.0008596268120769184,-0.010095536737198416,-0.030144951723864923
musk,TSLA,2023-11-29,-0.1314296084768429,0.0529056392221358,1,2023-11-28 19:06:56+00:00,False,IS,585,-0.008624646839172894,-0.03109166401563132,-0.037227096061878094
iger,DIS,2023-11-30,-2.3907434619649734,0.9759529160896123,2,2023-11-29 20:26:00+00:00,False,IS,586,-0.009385139175292654,-0.022378431439744412,-0.08979451271809674
dimon,JPM,2023-11-30,-3.0475069687086562,1.2335266990928544,3,2023-11-29 15:29:43+00:00,False,IS,587,0.005349972954427624,0.009002362728830164,0.052878140812712554
huang,NVDA,2023-11-30,-1.9218418212532329,0.7903303409774995,1,2023-11-30 12:14:42+00:00,False,IS,588,-0.03255716482889329,-0.05433376739169024,-0.06362770724403764
musk,TSLA,2023-11-30,-2.853435943431526,1.1639830384978422,2,2023-11-30 00:41:32+00:00,False,IS,589,-0.0503130478967245,-0.019460610806548977,-0.06074794824531142
moynihan,BAC,2023-12-06,0.31853014712099764,-0.13110016284117348,1,2023-12-05 16:21:34+00:00,False,IS,590,-0.0014911480316181069,-0.014873649172779644,0.07053544998128777
jassy,AMZN,2023-12-07,-2.2650881041664475,0.9319315012677708,1,2023-12-07 01:02:54+00:00,False,IS,591,-0.006481833090411306,-0.027407147200852258,-0.04070692348565525
farley,F,2023-12-07,0.5889997966612842,-0.2423444508893841,1,2023-12-06 23:20:04+00:00,False,IS,592,0.0075714064649823835,0.02010866258790254,0.06193721792977874
jassy,AMZN,2023-12-08,-0.6454022494842004,0.26594647810753774,1,2023-12-08 01:03:07+00:00,False,IS,593,-0.006418590593149994,-0.027394131661973763,-0.03475762072169728
gelsinger,INTC,2023-12-15,-0.7469826275260057,0.3076343631550439,1,2023-12-14 16:27:43+00:00,False,IS,594,0.0001288999875466131,0.015565143537846916,0.007430043351395696
cook,AAPL,2023-12-22,0.6128136263771545,-0.252249527198733,1,2023-12-22 02:00:17+00:00,False,IS,595,-0.008552607476281233,-0.03723942695451424,-0.03047208036057169
cook,AAPL,2023-12-27,0.5086357817682136,-0.2093643444721321,1,2023-12-26 16:07:19+00:00,False,IS,596,0.005138313755878762,-0.03728830525670653,-0.017835973034449944
su,AMD,2024-01-09,-0.6154532214514228,0.25329933762526824,1,2024-01-08 15:30:10+00:00,False,IS,597,0.01864448274020604,0.08419769250900236,0.061951503969234996
armstrong,COIN,2024-01-12,-0.36888674637721897,0.15173646173020267,1,2024-01-11 14:05:25+00:00,False,IS,598,-0.042992806783419046,-0.12892561521755902,-0.06973069439125829
khosrowshahi,UBER,2024-01-12,-0.1311679243881627,0.05392221542835762,1,2024-01-12 05:28:40+00:00,False,IS,599,0.0045012433348015374,0.016649519178268457,0.051750369460489984
nadella,MSFT,2024-01-16,-0.11159091440136865,0.045827466381836324,1,2024-01-16 09:47:53+00:00,False,IS,600,-0.0057617616868287595,-0.016415466857640525,-0.018043803691810127
gelsinger,INTC,2024-01-17,1.026797607741883,-0.42165774065065353,1,2024-01-16 14:07:15+00:00,False,IS,601,0.006513273950390069,0.01092610736768036,-0.11932612954346206
dimon,JPM,2024-01-18,0.38091850436885283,-0.15650168027952163,3,2024-01-17 13:42:32+00:00,False,IS,602,-0.004039844310350147,0.006463687499607858,0.00818835397558295
gelsinger,INTC,2024-01-18,0.15650166657261322,-0.0642071549200108,2,2024-01-17 15:52:12+00:00,False,IS,603,-0.01166327445281378,0.02174305937673262,-0.11198641005194675
khosrowshahi,UBER,2024-01-18,0.12165816944468813,-0.04989184187104488,2,2024-01-17 14:38:13+00:00,False,IS,604,0.003153070374612094,-0.03566767581542958,0.14681244158046963
karp,PLTR,2024-01-19,-0.6052657092758899,0.24814504520969644,1,2024-01-18 13:07:02+00:00,False,IS,605,0.02042324740849799,-0.05956492460349899,0.31419426136773476
jassy,AMZN,2024-01-22,-0.8034509269063465,0.32921616385911034,1,2024-01-21 16:00:37+00:00,False,IS,606,-0.013002603143592844,0.004124060587768576,0.02972293636864656
karp,PLTR,2024-01-26,0.7358149515719375,-0.3013607914563795,1,2024-01-25 19:14:29+00:00,False,IS,607,0.00233095672215744,-0.013043244553268218,0.2655727160305236
moynihan,BAC,2024-02-06,-0.20900599165085967,0.0856102667295898,1,2024-02-05 20:39:33+00:00,False,IS,608,-0.002466545313304854,0.0034837879431263256,0.04650294855849485
nadella,MSFT,2024-02-07,-0.16191336022196434,0.0662834029285865,1,2024-02-07 10:38:17+00:00,False,IS,609,0.012093071619721778,0.003087664093714247,-0.0377449478698476
nadella,MSFT,2024-02-08,-0.6742399735015887,0.27574024412212317,1,2024-02-07 14:30:10+00:00,False,IS,610,0.001208501721805907,-0.014545480722498994,-0.05060167333552714
pichai,GOOGL,2024-02-09,-2.214431726405378,0.9053985006060804,2,2024-02-08 14:37:32+00:00,False,IS,611,0.005540495349938835,-0.03280844238634684,-0.10392364318664386
nadella,MSFT,2024-02-12,-1.1926583988069972,0.48899109937739776,1,2024-02-12 12:00:39+00:00,False,IS,612,-0.022226895926193632,-0.031785692009226416,-0.055355597664685396
zuckerberg,META,2024-02-20,0.746213325953515,-0.30589301508186084,1,2024-02-16 13:59:00+00:00,False,IS,613,0.002289021213490018,-0.008380593176042502,-0.014298439252753566
karp,PLTR,2024-02-26,-0.40934992148896876,0.16776275011899602,1,2024-02-23 19:58:58+00:00,False,IS,614,0.03956685026327533,0.041302593532825116,-0.006747154114760123
gelsinger,INTC,2024-02-26,0.8645860701954133,-0.35412902364670296,1,2024-02-24 20:51:15+00:00,False,IS,615,-0.0018412639490361722,0.009106194458077962,-0.08856266509447255
dimon,JPM,2024-03-04,0.1220594720342483,-0.049981072291495655,1,2024-03-01 22:01:04+00:00,False,IS,616,0.01199815643680479,0.016622892736346748,0.059177702001835183
huang,NVDA,2024-03-06,-0.07400642516783912,0.030291074711655812,1,2024-03-06 00:13:14+00:00,False,IS,617,0.013915268774593273,0.014567300784058702,-0.019391647219303487
huang,NVDA,2024-03-08,-0.8807343894912231,0.36029978574481425,1,2024-03-07 23:32:51+00:00,False,IS,618,-0.07148643095564577,-0.06991758363640929,-0.08103739439276368
su,AMD,2024-03-12,-0.3270608389623283,0.13374172496167575,1,2024-03-11 19:05:18+00:00,False,IS,619,-0.023486411449633773,-0.08811598511567947,-0.18196847401221256
nadella,MSFT,2024-03-13,-0.10379472642227999,0.04240109502855739,1,2024-03-13 05:00:33+00:00,False,IS,620,0.005425809787764643,0.00875927812365485,0.01798989845470278
su,AMD,2024-03-13,0.11059953085883417,-0.04520075195196227,1,2024-03-12 18:00:03+00:00,False,IS,621,-0.02867922182535815,-0.0852437522855613,-0.16220676827448374
karp,PLTR,2024-03-14,0.6588448206297719,-0.26900216032623075,1,2024-03-14 00:06:12+00:00,False,IS,622,-0.014443991458466476,-0.01747932908564065,-0.07440785713217435
musk,TSLA,2024-03-18,0.5080823497269398,-0.20745204801976952,1,2024-03-18 11:00:06+00:00,False,IS,623,0.02135351648678617,-0.029487099619621305,-0.035002794887323364
huang,NVDA,2024-03-20,-0.06259537871996998,0.025553629556935825,1,2024-03-19 23:59:21+00:00,False,IS,624,-0.003945658996110497,0.012862911608354309,0.008573909585629712
armstrong,COIN,2024-03-20,0.610097340980488,-0.2490710729921285,1,2024-03-19 16:05:47+00:00,False,IS,625,0.08807705844856983,0.15887822064263427,0.02646203669398443
huang,NVDA,2024-03-21,-0.12847778085375877,0.05242221973724501,1,2024-03-21 00:28:01+00:00,False,IS,626,-0.007281732178946897,-0.02280504158770916,0.0021520405912175845
musk,TSLA,2024-03-26,-1.1593384259199433,0.4727879156994067,1,2024-03-25 22:38:50+00:00,False,IS,627,0.013912659635851178,-0.06839031867287634,-0.015664746856210582
barra,GM,2024-04-01,0.21813508394929457,-0.08893919325605332,1,2024-03-28 14:00:06+00:00,False,IS,628,0.008177137482845417,-0.0047157836506136145,0.05240801501505652
khosrowshahi,UBER,2024-04-01,0.15488565333980872,-0.06312724839211133,1,2024-03-28 15:30:03+00:00,False,IS,629,-0.001203573251483528,0.009999619606284529,-0.07371370255451318
iger,DIS,2024-04-05,0.25389194250013086,-0.10342263020568972,5,2024-04-04 14:43:08+00:00,False,IS,630,0.004310339178418016,-0.0015812509271838473,-0.020691449263841283
gelsinger,INTC,2024-04-08,-0.687814846636811,0.27978703714095,1,2024-04-05 21:11:54+00:00,False,IS,631,-0.018848266530893845,-0.05851169448281732,-0.19365702472221466
gelsinger,INTC,2024-04-09,-1.8205468107046918,0.7401884551052604,1,2024-04-08 14:48:10+00:00,False,IS,632,0.017769623218760775,-0.0060671654390549515,-0.18598252551396371
zuckerberg,META,2024-04-19,0.2854566047116587,-0.11607533111793017,1,2024-04-18 16:00:26+00:00,False,IS,633,-0.020204502912601653,-0.13692732837065716,-0.14954178041649402
dimon,JPM,2024-04-26,0.7599583210251266,-0.3089220383978348,1,2024-04-25 14:00:39+00:00,False,IS,634,-0.00630124457003222,-0.01577262993129401,-0.010556952596139264
dimon,JPM,2024-04-30,0.4604291644879726,-0.1871899660644111,1,2024-04-29 14:00:48+00:00,False,IS,635,0.008250872712661627,-0.019673246309925424,0.0016660645521569097
barra,GM,2024-05-02,-0.5417073362954432,0.22019373595014902,1,2024-05-01 22:00:07+00:00,False,IS,636,-0.012238486627146038,-0.026541731476134253,-0.07900496587330501
karp,PLTR,2024-05-10,0.5327636986501383,-0.21622158828447735,1,2024-05-10 00:56:10+00:00,False,IS,637,-0.03509238540012494,-0.008484786272428935,0.01865515197021872
solomon,GS,2024-05-14,0.34937130883086803,-0.14177586317000018,1,2024-05-13 15:19:49+00:00,False,IS,638,0.00559294608791739,0.00038540040462046836,-0.03100149216569023
moynihan,BAC,2024-05-14,0.32402112691971363,-0.1314524425602908,1,2024-05-13 17:49:02+00:00,False,IS,639,0.0013128502423503316,-0.005879943828278706,0.004287204522506541
dimon,JPM,2024-05-17,-1.5376644905750108,0.6236324292323445,1,2024-05-16 15:23:07+00:00,False,IS,640,0.0018087896046090725,-0.028174151657089405,-0.0686952925308321
farley,F,2024-06-04,0.7761227270583154,-0.31465034947954584,1,2024-06-03 14:45:34+00:00,False,IS,641,-0.01231080203964042,0.002563016605505928,0.012890518709998319
khosrowshahi,UBER,2024-06-10,1.0689947450620574,-0.43345276879598665,1,2024-06-10 07:56:27+00:00,False,IS,642,-0.012628282658287728,-0.017319268111655135,-0.045608996132510994
cook,AAPL,2024-06-11,0.48549641079492617,-0.19696892967974639,1,2024-06-11 05:07:03+00:00,False,IS,643,0.05618367634351025,0.09452776181263155,0.12727516546352208
armstrong,COIN,2024-06-14,0.5829177109421013,-0.23645557321141475,1,2024-06-13 19:42:43+00:00,False,IS,644,-0.031099053535319388,-0.14690232223081517,-0.10904147972057249
huang,NVDA,2024-06-17,-1.5417646347853702,0.6253624046623979,1,2024-06-16 17:14:03+00:00,False,IS,645,-0.034806910135152906,-0.10083292224568438,-0.15354443480880384
karp,PLTR,2024-06-21,0.07872884825016788,-0.0319406908243348,1,2024-06-20 23:41:32+00:00,False,IS,646,-0.05107556522008844,0.013324867500310533,0.1265757852047723
farley,F,2024-07-01,-1.221209569293727,0.4952318112727846,1,2024-06-28 22:45:59+00:00,False,IS,647,0.025566000200808507,0.009325326867036013,-0.11649833712579137
solomon,GS,2024-07-31,-1.031832452170439,0.41841923435209294,1,2024-07-30 13:19:06+00:00,False,IS,648,0.003801654497902345,-0.010238631359380919,-0.012999712874760505
musk,TSLA,2024-08-05,-1.1139171963971497,0.45157246624466363,1,2024-08-04 00:00:07+00:00,False,IS,649,0.05213376425372294,-0.017670731066394125,-0.03792159592063047
solomon,GS,2024-08-07,0.6814081388104622,-0.2763596953037442,1,2024-08-06 18:05:27+00:00,False,IS,650,0.005677874934183752,0.00022996417133980783,-0.0060614543021182445
moynihan,BAC,2024-08-12,-0.7705918722733379,0.3125435019304035,1,2024-08-11 18:57:39+00:00,False,IS,651,-0.007321289046760913,-0.00883729520613064,0.01796680836527053
dimon,JPM,2024-08-15,-0.9725960044062564,0.3942973067262855,1,2024-08-14 23:11:44+00:00,False,IS,652,-0.008453523176672839,-0.008046021528062199,-0.03909877461028821
solomon,GS,2024-08-16,0.5937320770782851,-0.24062231411465151,1,2024-08-15 12:24:20+00:00,False,IS,653,0.010025307012132905,-0.0029461177407395026,-0.04173155925265105
huang,NVDA,2024-09-06,-1.6830237473350134,0.6815062398912053,1,2024-09-06 09:26:25+00:00,False,IS,654,-0.005200495808194983,0.05625996510742143,0.04654336563715983
moynihan,BAC,2024-09-11,0.2827035981478938,-0.11446165945664391,1,2024-09-10 19:11:46+00:00,False,IS,655,-0.008586013154912718,-0.007770024616726396,-0.018120621853440832
benioff,CRM,2024-09-11,-0.19448998315621657,0.07878671673504832,1,2024-09-10 17:26:26+00:00,False,IS,656,0.01116556956008177,0.009710425995520494,0.11129171920948791
solomon,GS,2024-09-12,-0.20760446787225326,0.08402880258926222,1,2024-09-11 17:54:36+00:00,False,IS,657,0.0012767384028875197,0.019679188007814312,0.03142193544859635
huang,NVDA,2024-09-13,0.6547294741688384,-0.26486574401725754,1,2024-09-12 17:01:36+00:00,False,IS,658,-0.02829792634201289,-0.06057272746271242,0.04574705203685725
benioff,CRM,2024-09-16,-0.782457030375488,0.3165412176075383,1,2024-09-15 19:38:55+00:00,False,IS,659,0.008124892387001342,0.028022741346397192,0.08182551769510035
dimon,JPM,2024-09-18,-2.189008911680471,0.8845597919700197,1,2024-09-18 02:50:36+00:00,False,IS,660,-0.004694243235664431,0.002195085795762176,0.04900902863232156
benioff,CRM,2024-09-18,-0.3554914049366545,0.14372775370825933,1,2024-09-18 00:22:24+00:00,False,IS,661,0.0007533308710742787,0.03313215406124516,0.07462982838735743
karp,PLTR,2024-09-18,-1.199503661534424,0.48504380697078886,1,2024-09-17 23:39:57+00:00,False,IS,662,-0.001599387899170801,-0.011329536468444923,0.09513727791279847
su,AMD,2024-09-19,-1.05126469806386,0.4253378195837486,1,2024-09-19 00:27:02+00:00,False,IS,663,0.0199851964201906,0.06357761235752146,-0.02162804225764321
moynihan,BAC,2024-09-24,0.23748381548829442,-0.09605829401700061,1,2024-09-23 19:26:15+00:00,False,IS,664,-0.01607743904550607,-0.012889735211272832,0.030007449122243096
cook,AAPL,2024-09-24,0.3931105287262485,-0.15895244880172696,1,2024-09-24 03:42:00+00:00,False,IS,665,-0.017426641038174217,-0.0011265100621661106,0.005011961628180232
zuckerberg,META,2024-09-26,1.5561815137386987,-0.629090390587718,1,2024-09-25 17:54:09+00:00,False,IS,666,-0.007049136331043015,0.00988124428784989,-0.02924064966018033
dimon,JPM,2024-10-03,-0.9026462530467726,0.36541352116697345,1,2024-10-02 12:00:17+00:00,False,OOS,667,0.015659449548109744,0.038075316747325685,0.0842065478814376
armstrong,COIN,2024-10-07,0.7129555549987568,-0.28851439874800644,1,2024-10-04 19:23:54+00:00,False,OOS,668,-0.028939694897165746,0.013696924197847737,0.06587438534818191
pichai,GOOGL,2024-10-11,0.9899874202520497,-0.4004533022551813,1,2024-10-10 13:56:32+00:00,False,OOS,669,-0.0021319562422575274,-0.011006043372808643,0.06888632309642616
cook,AAPL,2024-10-21,0.0880902634817123,-0.03563454251214848,1,2024-10-21 01:00:32+00:00,False,OOS,670,0.002585075793334066,-0.002313761664549628,-0.04265321371332357
farley,F,2024-10-21,-1.408593293193278,0.5695668372786928,1,2024-10-21 04:00:19+00:00,False,OOS,671,-0.00836577126655274,0.011201041792703322,0.009040721491279977
karp,PLTR,2024-10-30,-0.19157814143403004,0.07746937824675279,1,2024-10-29 13:21:32+00:00,False,OOS,672,-0.015959105844945018,0.16649260077415445,0.3507995161184312
huang,NVDA,2024-11-07,0.7105419794857492,-0.2868850896978513,1,2024-11-07 11:00:52+00:00,False,OOS,673,0.0032327407196045543,-0.009017497765607618,-0.06830510892179892
armstrong,COIN,2024-11-13,0.6431514072948599,-0.2596940378167155,1,2024-11-12 14:54:57+00:00,False,OOS,674,-0.10501858688338184,0.06233729953159034,-0.031041000706277744
su,AMD,2024-11-25,1.8369000758239433,-0.741707501791638,1,2024-11-22 12:30:25+00:00,False,OOS,675,0.01743958619075635,0.0013328060357640295,-0.08550006303110268
huang,NVDA,2024-11-25,-0.2504808614964309,0.10133997018033913,1,2024-11-23 12:05:13+00:00,False,OOS,676,-0.027210323079981946,-0.04189454981928914,-0.0030356442531563332
iger,DIS,2024-11-29,-0.8667494945037568,0.3504895194205816,1,2024-11-27 13:01:06+00:00,False,OOS,677,0.0013786817733810745,-0.01314183976933218,-0.04593338835237107
su,AMD,2024-12-02,1.4118021914113772,-0.5712690480166936,3,2024-11-30 12:00:19+00:00,False,OOS,678,0.032180632831827066,-0.0326227272417279,-0.06613966805649239
khosrowshahi,UBER,2024-12-04,0.3501010473165555,-0.1419813456747878,1,2024-12-03 21:15:02+00:00,False,OOS,679,0.0028004874588312178,-0.09863939515927131,-0.07190583445164822
cook,AAPL,2024-12-05,-1.2767567200882972,0.5176560633609417,2,2024-12-04 17:00:02+00:00,False,OOS,680,-0.004069189200954247,0.013816133322154124,0.017442496816099343
karp,PLTR,2024-12-09,-0.026698229961084362,0.010823099802301075,1,2024-12-06 23:48:15+00:00,False,OOS,681,-0.09791233018910545,-0.058026149882993316,-0.08350851357038587
nadella,MSFT,2024-12-13,-0.5888903703790583,0.23861697794570474,1,2024-12-12 18:20:19+00:00,False,OOS,682,-0.0018405806643267833,0.009709271896000817,-0.0402309419336358
moynihan,BAC,2024-12-18,0.07516505600294282,-0.030400567083832947,2,2024-12-17 14:49:49+00:00,False,OOS,683,-0.00915507500224209,-0.01727929286669069,0.034990443991754924
barra,GM,2024-12-18,-0.07160296393605974,0.028985415230558642,1,2024-12-17 15:27:44+00:00,False,OOS,684,0.006171001067010139,0.0444248630114259,0.015633018852330666
benioff,CRM,2024-12-19,0.482017688646727,-0.19496188006648224,1,2024-12-18 16:05:31+00:00,False,OOS,685,-0.007500256678881458,-0.023444690923838225,-0.06995583395135818
dimon,JPM,2024-12-23,-1.1888582228194147,0.48077934930613264,1,2024-12-20 15:00:35+00:00,False,OOS,686,0.007259931009744721,0.01818160588855841,0.09154367255170259
benioff,CRM,2024-12-23,0.25948866471709,-0.1049228173853276,1,2024-12-22 12:01:12+00:00,False,OOS,687,-0.010589226069052098,-0.015144682956724345,-0.0627309483818463
benioff,CRM,2025-01-10,0.5656302039876318,-0.22863474394775218,1,2025-01-10 11:00:23+00:00,False,OOS,688,-0.0012253474057744643,-0.0070118220203847954,-0.021681872077550398
armstrong,COIN,2025-01-21,-1.6513588203679508,0.6670969208890802,1,2025-01-21 11:59:19+00:00,False,OOS,689,-0.048850235157546384,-0.06050988931272461,-0.14233498455870996
moynihan,BAC,2025-01-22,-0.7510555854579669,0.3035122589456341,1,2025-01-21 17:09:22+00:00,False,OOS,690,-0.011636644570391708,0.0061279809297573404,-0.02228993257996139
nadella,MSFT,2025-01-23,0.308836415926361,-0.12464914974860847,1,2025-01-22 13:48:10+00:00,False,OOS,691,-0.0007643420321274894,-0.04690114930295499,-0.06066591216392554
dimon,JPM,2025-01-23,0.13207470806481947,-0.053327520433323346,1,2025-01-22 13:13:49+00:00,False,OOS,692,-0.009172031704708143,0.0169924857422952,0.009282401011962572
solomon,GS,2025-01-23,-0.5348790407903066,0.21581917493574893,1,2025-01-22 14:55:29+00:00,False,OOS,693,-0.015822671695317286,0.018419477174343286,0.007941331514827225
benioff,CRM,2025-01-23,-1.0155717927328858,0.40981548675887636,2,2025-01-22 12:36:18+00:00,False,OOS,694,0.0028646937492358797,0.03275916276840924,-0.04601847244301457
iger,DIS,2025-01-27,-0.9968418668921596,0.4019940612183815,1,2025-01-26 11:00:15+00:00,False,OOS,695,0.005490252643325715,-0.0010553223501458871,-0.0023598005160768154
huang,NVDA,2025-01-28,0.6945643951534592,-0.28001279533746704,1,2025-01-27 14:00:22+00:00,False,OOS,696,0.025599954047633267,-0.025830720145823327,0.09233297550912467
dimon,JPM,2025-01-31,-1.6068312731568244,0.64751451273469,1,2025-01-30 15:00:42+00:00,False,OOS,697,-0.007872730519322167,0.031007531075901595,-0.0026275722156869352
dimon,JPM,2025-02-03,-0.38560126401099387,0.15543400510609712,1,2025-02-02 19:08:40+00:00,False,OOS,698,0.023578699162919957,0.03858607878290547,-0.005543903065685477
dimon,JPM,2025-02-04,-0.6382781810629865,0.25715665052173065,1,2025-02-03 15:58:42+00:00,False,OOS,699,-0.007233742877559753,-0.0043483811246186315,-0.040709048458270364
dimon,JPM,2025-02-05,-1.5277588348171707,0.6152349653679178,1,2025-02-04 15:00:37+00:00,False,OOS,700,0.005892512942702823,0.02152398933736293,-0.04383540208912107
dimon,JPM,2025-02-06,-0.6389004244157902,0.25733812226074076,1,2025-02-05 15:00:48+00:00,False,OOS,701,0.016473750614685895,0.013626767092407023,-0.05464139866082255
dimon,JPM,2025-02-13,0.005341787378309199,-0.0021505833515747808,1,2025-02-12 23:08:54+00:00,False,OOS,702,-0.0005848541001299435,-0.03332875092758244,-0.11836224374063087
musk,TSLA,2025-02-13,-0.6131576621551182,0.24674621590568774,1,2025-02-13 05:46:19+00:00,False,OOS,703,0.022693982763414278,0.002263777665074851,-0.0996933896553015
musk,TSLA,2025-02-19,-0.8961362638348928,0.36027278394195755,1,2025-02-19 02:35:07+00:00,False,OOS,704,0.01523178954485871,-0.09022136836882944,-0.19658610933233345
karp,PLTR,2025-02-19,-0.44341914436815655,0.178356437724571,1,2025-02-18 15:00:14+00:00,False,OOS,705,-0.1746993463096459,-0.24917326800796283,-0.13447785963689066
karp,PLTR,2025-02-20,-0.7255239455956564,0.2914763026860989,1,2025-02-19 18:22:20+00:00,False,OOS,706,0.051577912847144455,-0.04735243213704775,0.049407249105476905
nadella,MSFT,2025-02-20,0.19872125935650875,-0.07986341123092311,1,2025-02-19 15:59:42+00:00,False,OOS,707,0.007555714149948678,-0.005798026118789094,0.022527277403991748
dimon,JPM,2025-02-25,0.26409096788429964,-0.10605162063299034,1,2025-02-24 19:20:11+00:00,False,OOS,708,-0.01765412881382041,-0.002195767936913895,-0.02023937293039387
su,AMD,2025-02-27,-0.3425785188428881,0.1375272691220638,1,2025-02-26 20:25:34+00:00,False,OOS,709,-0.01287358845865056,0.02001900882045742,0.11668716642616438
karp,PLTR,2025-02-28,-0.4673988482864176,0.1875186002985167,1,2025-02-28 00:55:47+00:00,False,OOS,710,0.06352101922602556,0.07707263357886703,0.21840042338905172
armstrong,COIN,2025-02-28,0.5142191270752305,-0.20632851256017168,1,2025-02-27 21:43:59+00:00,False,OOS,711,0.08599774213273781,0.12834938381800592,0.00940356749868998
moynihan,BAC,2025-03-07,-1.5897774327417382,0.6374978170506059,1,2025-03-07 00:56:15+00:00,False,OOS,712,-0.016995819951231093,-0.002528079652417182,-0.07915854120296095
musk,TSLA,2025-03-11,-0.08016455656037752,0.03215436453990063,1,2025-03-10 21:01:18+00:00,False,OOS,713,0.08486516124887422,-0.004759309295636838,0.272367709155554
farley,F,2025-03-13,0.8425798474953631,-0.33780642762537144,1,2025-03-13 07:53:11+00:00,False,OOS,714,0.013841669176707013,0.04221360798275381,0.0009496257733793909
moynihan,BAC,2025-03-14,-0.2866071382922138,0.11493079364176156,1,2025-03-13 12:40:06+00:00,False,OOS,715,0.005578950122266413,0.03857536836482336,-0.07726047290535863
moynihan,BAC,2025-03-20,-1.805262611763297,0.7235596064334668,1,2025-03-19 12:58:14+00:00,False,OOS,716,0.013410216979774413,0.016172903663878933,-0.045807047475995094
musk,TSLA,2025-03-24,0.2998076487184305,-0.12023101126498978,1,2025-03-22 11:00:06+00:00,False,OOS,717,0.07917498846031146,0.06786541688923114,0.1367200046113098
zuckerberg,META,2025-03-28,-0.04746119836638856,0.019027795886665047,1,2025-03-27 16:01:17+00:00,False,OOS,718,-0.024955201924824304,-0.06473947306121966,-0.026971690784054612
musk,TSLA,2025-03-28,0.015441660477348162,-0.0061879684263351775,1,2025-03-27 23:30:16+00:00,False,OOS,719,-0.02592253025601604,0.12117127355821256,0.12997014095367265
armstrong,COIN,2025-04-02,-0.3668019346547759,0.14700677660511846,1,2025-04-01 16:46:57+00:00,False,OOS,720,0.03310403211220331,0.16936690137851867,0.18529108063576932
nadella,MSFT,2025-04-04,0.3415768707430732,-0.13682931314110236,1,2025-04-03 14:04:56+00:00,False,OOS,721,0.03168888760825042,0.04210346525635519,0.10054915380053553
jassy,AMZN,2025-04-11,-0.2107200657008575,0.08434767922523374,1,2025-04-10 13:04:18+00:00,False,OOS,722,-0.014262325538309022,-0.05360802397527595,0.02808897433214229
dimon,JPM,2025-04-16,0.9143649526460021,-0.36582764875851703,1,2025-04-15 16:31:53+00:00,False,OOS,723,0.0017429829213723219,0.024086348295928844,0.0531728618466632
barra,GM,2025-04-23,-0.5869069779764036,0.23488442766716291,1,2025-04-22 17:28:19+00:00,False,OOS,724,-0.00017899818591860916,-0.017505542461361948,-0.003160505324860636
benioff,CRM,2025-04-28,-0.0065298174527557195,0.0026111455484459783,1,2025-04-25 18:36:32+00:00,False,OOS,725,-0.0053441779186671045,-0.002401265241367077,-0.04745226891200648
solomon,GS,2025-05-01,-0.25240794891955637,0.1008891546764148,1,2025-04-30 16:00:56+00:00,False,OOS,726,0.014393678570491416,0.008427161433338073,0.03232892543289458
barra,GM,2025-05-02,0.6402807105001908,-0.255799942601399,1,2025-05-01 12:17:03+00:00,False,OOS,727,-0.006068682269599409,0.03760259476107561,0.0384641497367314
huang,NVDA,2025-05-07,-0.3097720845249115,0.12369708850366472,1,2025-05-07 00:09:25+00:00,False,OOS,728,0.027039507844964457,0.06676916234689664,0.09988978725320387
dimon,JPM,2025-05-09,0.7345608081985898,-0.29317472779101805,1,2025-05-09 01:31:42+00:00,False,OOS,729,0.008367061022306072,0.010268682661233127,-0.008277441254068214
zuckerberg,META,2025-05-09,-1.5450845939649036,0.6165372132090138,1,2025-05-08 20:10:23+00:00,False,OOS,730,0.009342839995346172,-0.0012633501272214034,0.07170224003585851
dimon,JPM,2025-05-12,-0.6453916546330709,0.2576076211783002,1,2025-05-10 05:59:50+00:00,False,OOS,731,-0.010219778817872824,-0.0004287499968900245,-0.017875428003994637
zuckerberg,META,2025-05-13,-0.23277723318153065,0.09287154713460097,1,2025-05-13 06:07:23+00:00,False,OOS,732,0.01388888664494677,-0.036861704105672646,0.04016291835746674
dimon,JPM,2025-05-16,0.2901786425164483,-0.11571740702303873,1,2025-05-15 13:06:54+00:00,False,OOS,733,-0.002342485661013214,-0.016323725065337746,-0.01573320752776
musk,TSLA,2025-05-20,1.1588457560753638,-0.4619909805966892,1,2025-05-19 17:09:37+00:00,False,OOS,734,0.008808110412144615,0.05547609448270545,-0.09541322960863005
musk,TSLA,2025-05-21,-1.4884715805775486,0.59408487096896,3,2025-05-20 14:01:41+00:00,False,OOS,735,-0.012959570168299309,0.041859247830950366,-0.07748822211714862
dimon,JPM,2025-05-22,0.44772226088276096,-0.178762990574823,1,2025-05-22 05:22:13+00:00,False,OOS,736,0.0005243871746388323,0.005526575896537506,0.0366155389927063
karp,PLTR,2025-05-27,-0.996709539362717,0.3978877369495775,1,2025-05-23 17:29:30+00:00,False,OOS,737,-0.039959963656567246,0.02809546972055004,0.054185634327605356
iger,DIS,2025-05-28,-1.2305640037522236,0.491104813922689,1,2025-05-27 18:30:22+00:00,False,OOS,738,-0.004133162808205769,0.005925616822789337,0.04116482398699069
khosrowshahi,UBER,2025-05-30,0.3486292863932839,-0.13911913650123386,1,2025-05-29 14:57:54+00:00,False,OOS,739,0.0015687588049399454,-0.007292590604523728,0.03013085897181096
dimon,JPM,2025-06-02,-1.2982319520775063,0.5179260471036575,1,2025-05-30 16:38:33+00:00,False,OOS,740,-0.004512949597181269,-0.007369306681782503,0.0545241795999789
musk,TSLA,2025-06-02,-1.8835945356426123,0.751418388286794,1,2025-06-01 13:29:25+00:00,False,OOS,741,-0.00949808353484146,-0.22529084320386203,-0.23682082634592327
dimon,JPM,2025-06-03,-0.5367373243685707,0.21425869118523136,1,2025-06-02 13:15:03+00:00,False,OOS,742,0.0010900676103707133,-0.00407025750251778,0.06169931025258664
dimon,JPM,2025-06-05,0.590481768876288,-0.23560311145559393,1,2025-06-05 00:43:19+00:00,False,OOS,743,-0.0031438190157242994,0.0043510254339269305,0.07270160948642442
pichai,GOOGL,2025-06-06,-0.5740052769109656,0.2290165302733675,1,2025-06-06 04:54:41+00:00,False,OOS,744,0.02116102939511044,0.011747184735425145,0.004463124702764156
pichai,GOOGL,2025-06-09,-0.5041188645545431,0.20101896620832277,2,2025-06-06 18:00:28+00:00,False,OOS,745,0.008661817587186281,0.0006442489293805448,-0.03384589346477465
pichai,GOOGL,2025-06-10,-0.14459217264100627,0.057561273118331056,3,2025-06-09 12:00:03+00:00,False,OOS,746,0.01352208123018003,-0.0021440257512943843,-0.04270935780461768
pichai,GOOGL,2025-06-11,-0.3220573474693164,0.12827357511700072,1,2025-06-11 00:00:04+00:00,False,OOS,747,-0.01291282054227805,-0.010885616755923585,-0.04728367214977979
iger,DIS,2025-06-11,-1.9001647254212244,0.7563203040532505,1,2025-06-10 13:55:29+00:00,False,OOS,748,0.010833744701347306,0.005175942027569499,-0.008309990462756881
pichai,GOOGL,2025-06-12,-0.0665689710674721,0.026501382562125364,1,2025-06-11 12:00:04+00:00,False,OOS,749,-0.018661526817089196,-0.012589501697924716,-0.011181478009785143
huang,NVDA,2025-06-12,-0.2780636726458806,0.11064980516725864,1,2025-06-12 10:03:19+00:00,False,OOS,750,0.008828306971215389,0.023811405328442135,0.07031769158257525
armstrong,COIN,2025-06-13,0.39874566706708625,-0.15859753584876968,1,2025-06-12 23:15:30+00:00,False,OOS,751,0.0362192813113661,0.26565435970092416,0.41939682063335215
jassy,AMZN,2025-07-01,-0.3457707343988538,0.13749871947012202,1,2025-06-30 23:55:34+00:00,False,OOS,752,-0.0008707986919064018,-0.006686904028370492,0.012291834874213568
iger,DIS,2025-07-18,0.752750317774037,-0.29917887153464295,1,2025-07-17 16:30:05+00:00,False,OOS,753,-0.006557987806667739,-0.006450424344201374,-0.07005060350361286
solomon,GS,2025-07-23,0.40635766694442776,-0.16152291343209962,1,2025-07-23 07:12:14+00:00,False,OOS,754,0.017673371957238015,0.03179309944770508,0.01157071787092606
dimon,JPM,2025-08-01,-1.7753926133454814,0.7059167403753377,2,2025-07-31 15:33:50+00:00,False,OOS,755,0.0004963127734852403,-0.016760506543342858,0.007484846863423665
moynihan,BAC,2025-08-04,-0.5845525859154657,0.23265695383596066,1,2025-08-03 17:05:52+00:00,False,OOS,756,-0.009776780650485926,-0.015920098243866133,0.07146905065600573
moynihan,BAC,2025-08-13,-0.8453514655345001,0.33632273293436665,1,2025-08-13 05:00:36+00:00,False,OOS,757,-0.009143596736587144,0.019146785009407218,0.04268242284099085
armstrong,COIN,2025-08-14,0.5109038561298842,-0.20319003449783843,1,2025-08-13 14:01:08+00:00,False,OOS,758,-0.00417920061501161,-0.03537542406915679,-0.02251230491983232
dimon,JPM,2025-08-15,0.4660503337490003,-0.1853296373350314,1,2025-08-15 04:45:57+00:00,False,OOS,759,-0.011676702043066617,0.007077584533814366,0.021364198594697577
iger,DIS,2025-08-22,-0.9824971401884922,0.39063980488658845,1,2025-08-21 15:05:54+00:00,False,OOS,760,-0.002176635040776727,-0.01675506231748066,-0.09064668644119736
farley,F,2025-08-22,1.0223455521500548,-0.406367721295074,1,2025-08-21 16:00:07+00:00,False,OOS,761,0.020759188405289994,0.018369866930984687,-0.014261290561644036
dimon,JPM,2025-08-22,-0.8392752288106863,0.3337400967350465,1,2025-08-21 22:29:25+00:00,False,OOS,762,0.0006580245442028478,0.014935684114523149,0.016114691450472077
khosrowshahi,UBER,2025-08-25,0.6200189732440401,-0.24646379009042801,1,2025-08-24 06:00:44+00:00,False,OOS,763,-0.005175909380244974,-0.02472859456637035,0.008015614328996473
karp,PLTR,2025-09-05,-0.7252164118607698,0.28796336194879785,1,2025-09-04 20:48:33+00:00,False,OOS,764,-0.009587752740936357,0.029527833305314676,0.10899017872126168
karp,PLTR,2025-09-10,-0.23385005742060086,0.09281802259030873,1,2025-09-09 20:58:10+00:00,False,OOS,765,0.0057382313661862245,-0.0011609386011595425,0.043807421461926066
cook,AAPL,2025-09-15,1.141497478684381,-0.45302332172269405,3,2025-09-12 12:34:30+00:00,False,OOS,766,-0.002714678066881994,0.03871157593949106,0.04651661741306577
jassy,AMZN,2025-09-17,-0.5200148162220624,0.20661252173338818,1,2025-09-16 23:42:38+00:00,False,OOS,767,-0.009182382712491569,-0.05441499689133357,-0.09212631850638517
moynihan,BAC,2025-09-17,-0.8551721710089487,0.33989484549613674,1,2025-09-16 17:47:55+00:00,False,OOS,768,0.00952304492344577,0.009823757288089636,0.0026475010975973642
khosrowshahi,UBER,2025-09-18,-0.8228066357211582,0.3270347214770997,1,2025-09-17 21:22:32+00:00,False,OOS,769,0.007777325849539534,0.03968422465186841,-0.002074058029273195
su,AMD,2025-09-18,-0.1440210029489848,0.057222313658116385,1,2025-09-18 02:53:34+00:00,False,OOS,770,0.035978554656920396,0.04793378171705337,0.4855984442407397
moynihan,BAC,2025-09-18,-2.005639548868798,0.7965221292144999,1,2025-09-17 13:39:19+00:00,False,OOS,771,0.0093590948964614,0.0031068477625346117,0.013094436724190323
su,AMD,2025-09-25,-0.7873201553462517,0.31267862411334013,1,2025-09-24 14:55:38+00:00,False,OOS,772,0.017008179072110885,0.03652696356759336,0.4083560322492245
solomon,GS,2025-09-26,-1.7170418323399743,0.6816554423446683,1,2025-09-26 02:54:13+00:00,False,OOS,773,0.003136172364200501,-0.039689937308746814,-0.08274284344506307
farley,F,2025-10-01,-0.7056125426064642,0.28023596065560413,1,2025-09-30 13:13:32+00:00,False,OOS,774,0.0040486563876958835,-0.019026436000708198,0.053155359768533986
solomon,GS,2025-10-03,-1.2479386757186215,0.495421791599024,1,2025-10-03 10:15:37+00:00,False,OOS,775,0.011954184039764915,-0.003995996627108377,-0.02732776760733634
farley,F,2025-10-06,0.41756226481834946,-0.16575367763765514,1,2025-10-04 14:00:47+00:00,False,OOS,776,-0.011448737808265465,-0.07955413130772877,0.025495138707585872
su,AMD,2025-10-07,-0.13651231163396407,0.05417917589227189,1,2025-10-06 16:38:33+00:00,False,OOS,777,-0.002381275527097545,0.07085769245132653,0.1556543351511967
huang,NVDA,2025-10-08,0.5340100464690957,-0.21184544896543706,1,2025-10-07 23:52:40+00:00,False,OOS,778,0.021326423195306993,0.00043181706171418685,0.05482029682783221
huang,NVDA,2025-10-09,-0.535269101283576,0.21232397143193504,1,2025-10-08 12:42:50+00:00,False,OOS,779,0.010489257396581008,-0.03478638910403882,0.017598901587541883
benioff,CRM,2025-10-15,-0.07415046108622035,0.029400015561066015,1,2025-10-14 23:38:20+00:00,False,OOS,780,0.05114798549004968,0.07943037618370623,-0.002715145951057084
pichai,GOOGL,2025-10-17,-0.7381215275920896,0.29249078049926236,1,2025-10-16 21:26:03+00:00,False,OOS,781,0.003660321029327172,-0.0027259890375333374,0.07635143888733337
cook,AAPL,2025-10-20,-0.5044772805504018,0.1998280199273042,1,2025-10-17 21:00:51+00:00,False,OOS,782,0.015725436012091032,0.006363101333701285,0.046238422772483224
farley,F,2025-10-28,0.5891181123968348,-0.23314467755558738,1,2025-10-27 16:32:37+00:00,False,OOS,783,-0.012616459253176506,-0.011651887157166115,0.016224524997110166
dimon,JPM,2025-10-29,0.1202502383191188,-0.04758678355330838,1,2025-10-28 17:32:53+00:00,False,OOS,784,0.014450549665248846,0.039993697353908696,0.02141942127921473
khosrowshahi,UBER,2025-10-30,-0.32456960603433144,0.12839669692268807,1,2025-10-29 19:00:02+00:00,False,OOS,785,0.019733327951407795,-0.021972689165776594,-0.08753602773959616
dimon,JPM,2025-11-07,-0.08211930512901287,0.032458437796329384,1,2025-11-06 19:33:28+00:00,False,OOS,786,-0.0037126927519673253,-0.009993979623498416,-0.016073982401113615
iger,DIS,2025-11-07,-1.5337960189437805,0.6059915876582304,1,2025-11-07 08:00:08+00:00,False,OOS,787,-0.005688915648565345,-0.02020280598136567,-0.07185825658819088
karp,PLTR,2025-11-10,0.1376578439981801,-0.05435923076812446,2,2025-11-07 17:33:09+00:00,False,OOS,788,0.024806187866996104,-0.050947905107280374,-0.024768718625506708
solomon,GS,2025-11-10,-1.5305026624505975,0.6047986620190514,1,2025-11-07 15:59:37+00:00,False,OOS,789,-0.0024440603845755976,0.008693167759611702,0.0793387017658393
karp,PLTR,2025-11-12,-0.3878397944326827,0.15320328947137374,1,2025-11-11 13:59:38+00:00,False,OOS,790,-0.034164537404862784,-0.052730510055342114,-0.021404820456341477
nadella,MSFT,2025-11-13,1.0718869364201655,-0.42337429742538546,1,2025-11-12 17:02:10+00:00,False,OOS,791,-0.0036394061348475996,-0.022658630414829475,-0.06865251260367496
huang,NVDA,2025-11-13,0.6502203409935667,-0.25676145437092857,2,2025-11-12 17:00:54+00:00,False,OOS,792,-0.0017988257103985494,0.04809291762830668,-0.06741755459129058
khosrowshahi,UBER,2025-11-13,-0.8365299966014111,0.3305666320612884,1,2025-11-12 17:14:12+00:00,False,OOS,793,-0.015724354061219335,-0.025870355313514105,-0.09720288209767908
dimon,JPM,2025-11-14,-0.018103070191400176,0.0071593125330984,1,2025-11-13 17:23:48+00:00,False,OOS,794,-0.017508204436210238,-0.0057712349898753484,0.01270606578380605
musk,TSLA,2025-11-14,-2.3702032546904523,0.9360597858953128,1,2025-11-13 16:50:11+00:00,False,OOS,795,0.017379797077133823,0.07626621558262348,0.1286842206018401
nadella,MSFT,2025-11-18,0.158471756024196,-0.06264652802157188,1,2025-11-18 09:50:00+00:00,False,OOS,796,-0.008839386653662337,-0.050973933237219556,-0.059215569926990896
armstrong,COIN,2025-11-21,-0.2050529914530425,0.0810028772877164,1,2025-11-20 16:22:05+00:00,False,OOS,797,-0.02225736212998814,-0.007885805467655216,-0.06182764445430505
khosrowshahi,UBER,2025-11-25,-0.26869218304559944,0.10609581900206735,1,2025-11-24 17:40:39+00:00,False,OOS,798,-0.010743068094699897,0.05197322699339338,-0.06344448188394834
pichai,GOOGL,2025-11-26,-0.20554013053505898,0.0811233842421306,1,2025-11-25 23:00:42+00:00,False,OOS,799,0.003434382995172406,-0.006533180744298938,-0.03985708127148558
nadella,MSFT,2025-12-01,-0.8049678861254517,0.3175683477289713,1,2025-11-29 11:00:30+00:00,False,OOS,800,-0.007629476862002887,-0.017254775289847056,-0.018404636318855777
musk,TSLA,2025-12-01,0.7929689288644844,-0.3127229610220631,1,2025-11-30 13:25:06+00:00,False,OOS,801,0.0024835533592519835,0.025723472993241486,0.0490908317654576
farley,F,2025-12-03,0.18554048123457165,-0.07318182211138066,1,2025-12-03 11:56:34+00:00,False,OOS,802,0.009608087764023516,0.004599106868914647,0.0067516154204501355
moynihan,BAC,2025-12-05,-0.14612145670213272,0.057615628011321716,1,2025-12-05 12:14:31+00:00,False,OOS,803,-0.0021298704755524085,0.011987985897318414,0.0499184009514286
moynihan,BAC,2025-12-08,-1.0212575330586275,0.40251060177434483,1,2025-12-08 05:01:03+00:00,False,OOS,804,0.0061233996817503045,0.02901887429332009,0.04047238049249374
dimon,JPM,2025-12-08,-1.3548463980012735,0.5339938706322063,2,2025-12-07 15:10:04+00:00,False,OOS,805,0.004414725482354676,0.01747769928826423,0.046450440960519514
dimon,JPM,2025-12-09,-2.8149173635885436,1.1091752756053992,1,2025-12-08 14:01:14+00:00,False,OOS,806,-0.045057906640769675,0.020533381985267697,0.03230289665724584
huang,NVDA,2025-12-10,1.055012827762204,-0.41664588349908843,1,2025-12-09 17:21:57+00:00,False,OOS,807,-0.03227330627901819,-0.04155693800067893,-0.02433947136591564
iger,DIS,2025-12-12,0.7170598880533318,-0.28330609322543104,1,2025-12-11 15:55:22+00:00,False,OOS,808,0.0011472522479126458,0.02664631010323082,0.0035888430244082233
farley,F,2025-12-16,-0.48614792822201824,0.19208672790442083,1,2025-12-16 05:02:38+00:00,False,OOS,809,-0.007373822918387384,-0.02931897844300611,-0.005322547707972574
solomon,GS,2025-12-18,-0.48885059179930224,0.1930702481775203,1,2025-12-18 10:01:18+00:00,False,OOS,810,0.0010934429131842767,0.004897173268223129,0.06407002298489396
armstrong,COIN,2025-12-24,0.8563983193569668,-0.338084764543847,1,2025-12-23 15:43:15+00:00,False,OOS,811,-0.00790565571792158,-0.033769012249087065,-0.12422465781135988
musk,TSLA,2025-12-26,-1.7476753252676178,0.6900807496390985,1,2025-12-26 06:00:07+00:00,False,OOS,812,-0.023303977954085925,-0.06541070170900835,-0.11265474882013438
moynihan,BAC,2025-12-29,-0.2383172821907314,0.09414045177847712,1,2025-12-28 17:38:59+00:00,False,OOS,813,-0.01092487062561942,0.01576941401931567,-0.0885721969946941
huang,NVDA,2026-01-07,0.29057564605911934,-0.11467355378057897,2,2026-01-06 13:30:54+00:00,False,OOS,814,0.011974627424183914,-0.019349792903986095,-0.04206067851357499
jassy,AMZN,2026-01-12,0.48263961679029016,-0.1904273841523988,1,2026-01-09 15:00:25+00:00,False,OOS,815,-0.010043241538325346,-0.03600227103660682,-0.16631555501014905
barra,GM,2026-01-14,0.5448548135845191,-0.21494589112215556,1,2026-01-14 00:29:29+00:00,False,OOS,816,-0.01790126908545002,-0.02006936079498272,-0.03507663197177043
dimon,JPM,2026-01-16,-0.2942044483463704,0.11601926226064957,2,2026-01-15 22:50:06+00:00,False,OOS,817,0.0035598109652813723,-0.03681850319188399,-0.003940423512056982
huang,NVDA,2026-01-16,0.5832900791821527,-0.23011956223786248,1,2026-01-15 20:00:05+00:00,False,OOS,818,-0.005587601157140534,-0.0007960815058968528,0.0008836748188492637
farley,F,2026-01-16,0.7914565882172861,-0.3122035368644661,1,2026-01-15 17:20:55+00:00,False,OOS,819,-0.006456162254522817,-0.01037930972922914,0.05151590705281353
moynihan,BAC,2026-01-20,0.4955520815494053,-0.1952537676257359,1,2026-01-20 12:28:35+00:00,False,OOS,820,0.0008799442319162524,-0.01992279240827239,0.010869558439248422
armstrong,COIN,2026-01-20,0.6035326063775825,-0.2378090174644486,1,2026-01-20 12:21:57+00:00,False,OOS,821,-0.011001753216315864,-0.1233822289383259,-0.3357073237267768
nadella,MSFT,2026-01-20,-0.7308165140425018,0.2880706034661987,1,2026-01-20 09:27:58+00:00,False,OOS,822,0.005407490230641306,0.03315065913734485,-0.12156881287852189
karp,PLTR,2026-01-21,-0.1604435202890273,0.0631407335427558,2,2026-01-20 14:59:17+00:00,False,OOS,823,-0.0275028911353448,-0.07565173254985944,-0.23252379003875323
huang,NVDA,2026-01-21,-2.182210366716954,0.8586807468069101,2,2026-01-21 11:07:47+00:00,False,OOS,824,0.004091798995719712,0.01986156064315351,0.036653763807812684
jassy,AMZN,2026-01-21,-0.4353364071535885,0.1714038358892052,2,2026-01-20 13:22:51+00:00,False,OOS,825,-0.007214149190004834,0.03080493899338539,-0.12489612873792084
nadella,MSFT,2026-01-21,-0.8371241495311277,0.3295272158820864,1,2026-01-20 17:30:01+00:00,False,OOS,826,-0.02400566147158669,0.04431577037618917,-0.11799490472105996
khosrowshahi,UBER,2026-01-22,-0.5526326092702094,0.2177288295216934,1,2026-01-22 12:22:13+00:00,False,OOS,827,-0.007417968632982717,-0.04778847436269526,-0.12353252895664747
dimon,JPM,2026-01-22,-0.2084451642266303,0.08216867262873322,3,2026-01-21 12:34:10+00:00,False,OOS,828,-0.007008410643378645,-0.016976399328461355,0.024265906139001436
solomon,GS,2026-01-23,-0.3696423974289975,0.14557280756247928,1,2026-01-22 12:33:38+00:00,False,OOS,829,-0.02123603730061801,-0.006903232101521956,-0.012720224814072633
musk,TSLA,2026-01-23,-3.281088945447122,1.2962719343256937,3,2026-01-22 16:07:14+00:00,False,OOS,830,-0.012925378885043921,-0.06160113711551955,-0.09016882182715212
dimon,JPM,2026-01-23,-0.3938332897825023,0.1550324280458082,1,2026-01-22 13:12:29+00:00,False,OOS,831,-0.01714377662827616,0.005824244261362884,0.02479567832900412
solomon,GS,2026-01-28,-0.8983954645967261,0.3578827776650637,1,2026-01-27 13:35:11+00:00,False,OOS,832,0.006379994539388384,0.0177492505571532,0.0064790659549319625
solomon,GS,2026-02-03,0.7740943027376406,-0.30824742448208176,1,2026-02-02 18:00:00+00:00,False,OOS,833,-0.001935635942827441,-0.0006535196740576829,-0.04650313190887555
solomon,GS,2026-02-17,-0.358524945878858,0.14274299532137322,1,2026-02-13 14:52:59+00:00,False,OOS,834,0.007574432535765367,-0.027563940024637433,-0.09055418270055865
pichai,GOOGL,2026-02-19,-3.239031900439915,1.2890320101645492,1,2026-02-18 13:26:45+00:00,False,OOS,835,0.010483404108164618,0.023042622448031472,0.050238520775853904
armstrong,COIN,2026-02-19,-0.9121769289140051,0.3641576180220166,1,2026-02-18 16:23:44+00:00,False,OOS,836,0.020033436739942817,0.08883111949346005,0.29142323396618613
armstrong,COIN,2026-03-02,-0.31411437111485746,0.12536298830430853,1,2026-03-01 13:00:52+00:00,False,OOS,837,0.03899128820865679,0.1854917398712248,0.09159973147841455
khosrowshahi,UBER,2026-03-03,-0.8110567194644193,0.32353290820196934,1,2026-03-03 11:01:35+00:00,False,OOS,838,0.013195641554080706,-0.011280111350068877,0.008669693864311196
dimon,JPM,2026-03-03,0.6947181738572951,-0.27710164929552406,2,2026-03-02 19:23:58+00:00,False,OOS,839,0.01661601783581023,-0.013334895601737043,0.04109813686977087
farley,F,2026-03-03,0.3040055604027191,-0.12129816849186362,1,2026-03-03 11:00:18+00:00,False,OOS,840,-0.017632886218066402,-0.07187788453432216,-0.09168014807724735
karp,PLTR,2026-03-06,0.6559760101481563,-0.2615822178683919,1,2026-03-06 11:01:00+00:00,False,OOS,841,0.05566489349466102,0.03172763084220821,0.037548356115070916
cook,AAPL,2026-03-09,0.5180456107600084,-0.20658171559873642,1,2026-03-08 13:21:38+00:00,False,OOS,842,-0.01429134878764278,-0.017875044893072647,0.017385578330715402
moynihan,BAC,2026-03-10,-0.8868830414238578,0.35362703599650974,1,2026-03-10 10:15:01+00:00,False,OOS,843,0.0018590240542233829,-0.0050613076361551435,0.07485733335731679
huang,NVDA,2026-03-18,-0.0037389647502002027,0.0014899074615363217,1,2026-03-17 16:15:21+00:00,False,OOS,844,0.004363849492455631,-0.009774238850348466,-0.003950607349536067
armstrong,COIN,2026-03-18,-0.7100259096137685,0.2828261875359878,1,2026-03-18 06:00:36+00:00,False,OOS,845,-0.018156484987708957,-0.08300627588330384,-0.13080181222418116
cook,AAPL,2026-03-18,0.14799122915269405,-0.05899057296141396,1,2026-03-17 15:00:45+00:00,False,OOS,846,0.009171558935117986,0.02135887301232254,-0.010777090113095536
farley,F,2026-03-26,1.2648787824946879,-0.5036548771731199,1,2026-03-25 21:27:05+00:00,False,OOS,847,0.011098172402176407,-0.00019414559061872337,0.0006034152593326833
khosrowshahi,UBER,2026-04-01,-0.16688527393168606,0.06649672816244,1,2026-03-31 15:02:26+00:00,False,OOS,848,-0.008378709817077478,-0.03730038650274581,-0.06739696219697429
benioff,CRM,2026-04-01,1.0000096790649053,-0.3982980513763991,1,2026-04-01 08:07:07+00:00,False,OOS,849,0.0023240904148812986,-0.10063084987621623,-0.11915452114543379
dimon,JPM,2026-04-02,0.7322313280826516,-0.2917455921310268,1,2026-04-01 13:31:14+00:00,False,OOS,850,-0.0015988903469326687,0.01518825880470658,-0.02554591769495366
khosrowshahi,UBER,2026-04-06,0.1193052406278479,-0.04753866190846026,1,2026-04-02 15:00:40+00:00,False,OOS,851,0.0009077115052243342,-0.055816989290107207,-0.053072242770281663
dimon,JPM,2026-04-07,-0.11078056011579016,0.04412729321500419,1,2026-04-07 09:01:08+00:00,False,OOS,852,0.021509071747113837,0.011414407189974078,-0.04037832089251759
nadella,MSFT,2026-04-08,0.012884407843372156,-0.005130204568073157,1,2026-04-07 17:41:12+00:00,False,OOS,853,-0.03034941207449114,0.00980136147037166,-0.004619035538046105
huang,NVDA,2026-04-16,-0.2847238957361351,0.1132879056198986,1,2026-04-15 16:42:32+00:00,False,OOS,854,-0.00039174150534307395,0.00396233982753821,0.05115376241270447
dimon,JPM,2026-04-29,-0.7225606093394852,0.28737646417888857,1,2026-04-29 05:00:41+00:00,False,OOS,855,-0.016425241845995413,-0.020867065963481035,-0.09546510876134447
farley,F,2026-05-08,-1.3911338283578392,0.5528541179390601,1,2026-05-08 05:00:10+00:00,False,OOS,856,0.0018616551846421222,0.1418881652347231,0.2225321000667609
khosrowshahi,UBER,2026-05-11,-0.440603377595343,0.17510731655733744,1,2026-05-08 13:00:21+00:00,False,OOS,857,0.008590488641767233,-0.013176884969505752,-0.08087580075363189
dimon,JPM,2026-05-13,-0.602471268673479,0.23933793817001298,1,2026-05-12 15:08:55+00:00,False,OOS,858,-0.007074861535771284,-0.014702146318006152,0.03822855404156256
huang,NVDA,2026-05-14,0.5195471499396352,-0.206314174336955,1,2026-05-13 16:58:43+00:00,False,OOS,859,0.004040851885951086,-0.020370534816635866,-0.10296854274991721
musk,TSLA,2026-05-19,-0.9774695457991777,0.38811773807879335,1,2026-05-19 05:00:09+00:00,False,OOS,860,0.008382384824474017,0.0500511939666579,-0.04472961498420612
armstrong,COIN,2026-05-22,-0.5050585048653271,0.20042380922333758,1,2026-05-21 14:00:38+00:00,False,OOS,861,-0.053605144403930494,-0.10544946855301762,-0.16704424936747087
pichai,GOOGL,2026-05-26,0.1717219670442352,-0.06811704473266952,1,2026-05-22 12:00:37+00:00,False,OOS,862,0.004063010230334403,-0.05959333541452011,-0.07045101539327368
huang,NVDA,2026-05-26,-1.0835428450507207,0.42967899796668924,1,2026-05-25 10:00:14+00:00,False,OOS,863,-0.013259908772267895,0.03281776864730147,-0.04263345780950458
dimon,JPM,2026-06-01,-2.0670405898337854,0.8224194917371377,6,2026-05-29 14:30:12+00:00,False,OOS,864,-0.006238706610491391,0.06772257932752714,0.11747101390320941
nadella,MSFT,2026-06-04,-0.6593909581641941,0.26429445993206535,1,2026-06-04 11:00:03+00:00,False,OOS,865,-0.01738095253654567,-0.06965690153715612,-0.11324546643344857
karp,PLTR,2026-06-05,0.2567875286858451,-0.10288567103950916,1,2026-06-04 22:46:06+00:00,False,OOS,866,-0.0108221724436761,-0.039319149654912296,-0.03611541584115472
armstrong,COIN,2026-06-08,-0.7661940017313946,0.306907404862017,1,2026-06-05 14:00:20+00:00,False,OOS,867,0.003178308745509173,0.05561312663600654,0.030277901353856718
karp,PLTR,2026-06-11,0.13358033742867817,-0.05345626817312529,1,2026-06-10 16:12:47+00:00,False,OOS,868,-0.012819348210834452,-0.034345548229727886,-0.06129569521334238
huang,NVDA,2026-06-11,0.16350169148667645,-0.06545926494454662,2,2026-06-10 12:00:18+00:00,False,OOS,869,-0.013553435747678071,-0.023703620025651774,-0.026344407506219657
armstrong,COIN,2026-06-12,0.3992637195939208,-0.15972738650445076,1,2026-06-11 15:33:53+00:00,False,OOS,870,0.022053298927188214,-0.0004329225352831534,-0.021798138039430204
nadella,MSFT,2026-06-15,-0.41110606580061154,0.16443580015547318,1,2026-06-12 16:30:47+00:00,False,OOS,871,-0.0055883276316016015,-0.044605809305964805,-0.02358056961521557
nadella,MSFT,2026-06-23,0.3410582533585322,-0.13636159139276316,1,2026-06-22 13:00:34+00:00,False,OOS,872,-0.003826322840663164,-0.01070731328112736,0.0592891697579268
farley,F,2026-06-26,-1.5474153117008773,0.6185548392672875,1,2026-06-25 13:00:28+00:00,False,OOS,873,-0.005059579011722824,-0.06838517779660844,0.032207122414680614
jassy,AMZN,2026-06-26,-0.7173404330820536,0.2867950193671435,1,2026-06-25 14:07:05+00:00,False,OOS,874,0.015785426785993296,0.032201222708524845,0.009272666716214331
huang,NVDA,2026-07-09,0.12542167398154924,-0.050126001561500017,1,2026-07-08 14:59:32+00:00,False,OOS,875,-0.0235855007401313,0.015015392304082279,0.0307227183494478
khosrowshahi,UBER,2026-07-17,-1.0921967361395624,0.43633827327111163,1,2026-07-16 11:55:06+00:00,False,OOS,876,-0.016564359217944948,-0.04954770699093747,0.012848143991307171
moynihan,BAC,2026-07-20,0.1271438693432265,-0.0507458798973057,2,2026-07-19 14:35:35+00:00,False,OOS,877,-0.006537766898465033,0.021247072918796413,0.019649953986209313
dimon,JPM,2026-07-20,-0.5215441206687076,0.20832008708523841,1,2026-07-17 15:57:19+00:00,False,OOS,878,-0.004067070332882673,0.048706013620191106,0.026666480191866026
su,AMD,2026-07-24,-0.7069219123343383,0.28207963979198475,1,2026-07-23 20:02:35+00:00,False,OOS,879,-0.0571548270841874,-0.07656194722232001,-0.20010542117292723
huang,NVDA,2026-07-27,-1.079962841076286,0.43077719343722204,1,2026-07-26 20:32:05+00:00,False,OOS,880,-0.049085447260137936,-0.06083092926448245,-0.009375503442102478
musk,TSLA,2026-07-29,0.22066484200515005,-0.08800182144885692,1,2026-07-29 10:04:39+00:00,False,OOS,881,-0.0025831395539226837,-0.05415797744980626,0.04707925393551263
dimon,JPM,2026-08-10,0.4427746271910355,-0.1766986279937422,1,2026-08-08 00:30:06+00:00,False,OOS,882,0.0038204977278289845,0.0074540830531660525,0.0016171894702466817
armstrong,COIN,2026-08-21,-2.571767383507757,1.0261691190712634,1,2026-08-20 13:28:06+00:00,False,OOS,883,0.052406270277616795,0.018337929038901912,0.14835551798233337
barra,GM,2026-08-27,0.3813878922837287,-0.15242028234016314,1,2026-08-26 14:30:06+00:00,False,OOS,884,0.01586060455872069,-0.0006399975279985743,-0.05618655566094094
solomon,GS,2026-09-01,-0.15064232430015378,0.060146773516511404,1,2026-08-31 15:33:01+00:00,False,OOS,885,0.004087402523866077,0.018811516058655657,-0.1044028346071703
huang,NVDA,2026-09-01,-1.0699674179949668,0.4273233352110433,2,2026-08-31 13:40:35+00:00,False,OOS,886,0.008298572380807497,0.034679459139761434,0.04459116710387361
huang,NVDA,2026-09-03,-0.44999970082970353,0.17960337642866164,2,2026-09-02 12:43:04+00:00,False,OOS,887,0.012142288476974883,-0.011425700050722664,0.025370242748012976
karp,PLTR,2026-09-03,-0.9403296927779924,0.3750705116361955,1,2026-09-02 18:44:13+00:00,False,OOS,888,0.0331920726985936,-0.016086260947028416,0.10481895587086022
solomon,GS,2026-09-04,-0.47931255994300775,0.19105997784254666,1,2026-09-03 18:25:45+00:00,False,OOS,889,0.01522089135641207,0.006733305177968486,
huang,NVDA,2026-09-04,-0.6163586693522101,0.24578144186798698,1,2026-09-03 12:43:47+00:00,False,OOS,890,0.016069971307629848,-0.05435462236250346,
barra,GM,2026-09-10,0.6988525060990146,-0.27846007988007804,1,2026-09-09 15:00:31+00:00,False,OOS,891,0.03152190430982176,0.022087645071470194,
armstrong,COIN,2026-09-10,0.33227077602240346,-0.1323997298082198,1,2026-09-10 10:00:16+00:00,False,OOS,892,-0.0032740610391840397,-0.020070499983909307,
moynihan,BAC,2026-09-10,0.6254502408419617,-0.24922540108107397,1,2026-09-10 00:06:05+00:00,False,OOS,893,0.003060925697457759,-0.07360540402360083,
musk,TSLA,2026-09-11,0.6424231649548309,-0.2559322179930702,1,2026-09-10 16:15:33+00:00,False,OOS,894,0.004767723740849907,0.017934815723500298,
solomon,GS,2026-09-14,-1.6395042519910725,0.6531564298571828,1,2026-09-11 22:22:52+00:00,False,OOS,895,-0.02741692338244486,-0.07199209563250566,
armstrong,COIN,2026-09-21,0.3607419435186851,-0.1437516184742238,1,2026-09-18 19:05:47+00:00,False,OOS,896,-0.05360124681845746,-0.05190091096964616,
dimon,JPM,2026-09-22,0.6537241250628456,-0.26044517845246723,2,2026-09-22 02:11:28+00:00,False,OOS,897,-0.03964216978220938,-0.03539371091952043,
moynihan,BAC,2026-09-24,0.3896775295168567,-0.15519475216814882,1,2026-09-23 22:17:04+00:00,False,OOS,898,-0.00580806922340297,-0.044886462161684015,
huang,NVDA,2026-09-24,-0.21879124553432638,0.0871711605389385,1,2026-09-23 15:00:29+00:00,False,OOS,899,0.001997004971071111,0.03453204697382155,
musk,TSLA,2026-09-28,-2.925568687349069,1.1649441378167482,1,2026-09-25 16:52:22+00:00,False,OOS,900,-0.0218487984583522,,
